Date,Close,High,Low,Open,Volume,BB_SMA,BB_STD,BB_Upper,BB_Lower,Pct_B,BandWidth,BW_Squeeze,ADX,ATR,Vol_MA,Vol_Ratio,Equity
2018-02-06,7086.94921875,7127.4460714285715,7026.203939732142,7046.4523660714285,6984600,7119.346215820313,55.898613137816845,7231.143442095947,7007.548989544679,0.3551082251788667,3.1406599113610394,False,11.00176812497063,102.8309322385735,8896295.0,0.7851133533678908,10000000.0
2018-02-07,7147.6943359375,7147.6943359375,7086.949058294972,7086.949058294972,3048600,7123.395922851562,54.80705580872091,7233.0100344690045,7013.78181123412,0.6108361538829059,3.0775802104668815,False,10.24954067699586,99.82481405314168,7857190.0,0.3880013083557862,10000000.0
2018-02-08,7248.93505859375,7248.93505859375,7086.947682982716,7147.692948836854,6702000,7132.507666015625,59.805670288262284,7252.119006592149,7012.8963254391,0.9866904426325607,3.3539772034578705,False,10.779930605459661,104.26499702156254,7513150.0,0.8920359636104697,10000000.0
2018-02-09,7228.6875,7248.935924369748,7086.948529411765,7086.948529411765,2997700,7135.544921875,63.14898366545537,7261.842889205911,7009.246954544089,0.8687413981927312,3.5399669881897062,False,11.272444900124405,108.3880254455926,7353415.0,0.40766093032964956,10000000.0
2018-02-12,7208.43896484375,7248.93581296085,7188.1905407852,7228.6873889023,4221100,7137.569750976562,64.86830220529053,7267.306355387143,7007.833146565981,0.7731272881279746,3.6353159110726874,False,11.729779602313094,104.9849716405967,7379010.0,0.5720415069230154,10000000.0
2018-02-13,7208.43896484375,7228.6873889023,7188.1905407852,7208.43896484375,2290900,7139.594580078125,66.47832493639991,7272.551229950925,7006.637930205325,0.7588978619402978,3.724487388787981,False,12.154447540059733,100.37867710320408,6959880.0,0.32915797398805724,10000000.0
2018-02-14,7248.93505859375,7248.93505859375,7167.941370788233,7167.941370788233,1151800,7142.631762695312,70.10412751707834,7282.840017729469,7002.423507661156,0.879090717135524,3.9259550174891884,False,12.175278453838317,98.99403501051214,6588815.0,0.17481140387156113,10000000.0
2018-02-15,7269.1845703125,7289.432995299443,7248.936145325558,7248.936145325558,4885100,7146.681420898438,75.04003232219456,7296.761485542827,6996.601356254048,0.9081259882994117,4.19999313822841,False,12.740883703536545,94.81574227445363,6478210.0,0.7540817602393254,10000000.0
2018-02-16,7269.1845703125,7269.1845703125,7269.1845703125,7269.1845703125,0,7157.818090820312,75.90490346323254,7309.627897746777,7006.008283893847,0.8667960645853809,4.241790025962149,False,13.266088578256328,88.04318925484979,5561745.0,0.0,10000000.0
2018-02-19,7370.4267578125,7370.4267578125,7269.184632018372,7289.433057177198,2251200,7174.016870117188,84.92144315906074,7343.8597564353095,7004.173983799066,1.0782105213621653,4.734945272448104,False,14.907142253020869,88.9859748437891,4970870.0,0.45287846996602205,10000000.0
2018-02-20,7188.19140625,7350.1788182218315,7147.694553257043,7350.1788182218315,4421100,7175.029321289063,84.96590510848918,7344.961131506041,7005.097511072085,0.538727548844831,4.736755840502916,False,14.41589643177811,98.53927696605112,4802500.0,0.9205830296720459,10000000.0
2018-02-21,7147.6943359375,7208.439613580029,7107.197484175815,7208.439613580029,3621700,7174.016918945313,85.17516723116393,7344.36725340764,7003.666584482985,0.42273985521985047,4.749092074552057,False,13.425843117791734,98.73233785449135,4349755.0,0.8326216074238664,10000000.0
2018-02-22,7208.43896484375,7208.43896484375,7127.445268609551,7188.1905407852,3901700,7177.054150390625,85.2701207972766,7347.594391985178,7006.513908796072,0.5920158613582241,4.752374387067173,False,12.506507897661526,97.46529202447047,4170890.0,0.9354598179285476,10000000.0
2018-02-23,7228.6875,7329.92962184874,7086.948529411765,7086.948529411765,5070100,7181.10380859375,85.72443180907294,7352.552672211896,7009.654944975604,0.638769340321291,4.775000283743847,False,13.031024365081047,107.85927776822079,4269105.0,1.1876259778103373,10000000.0
2018-02-26,7228.6875,7269.184348739496,7167.9422268907565,7228.6875,2994500,7183.12861328125,86.37642920978814,7355.881471700826,7010.375754861674,0.6318614555369555,4.809961444938201,False,13.518075370542029,107.38662377397215,4234510.0,0.7071656460841986,10000000.0
2018-02-27,7289.43359375,7289.43359375,7208.439887152778,7269.185167100694,3027600,7195.277734375,83.16909406799427,7361.615922510989,7028.939546239012,0.7830253847000647,4.623537666692634,False,14.177291709804527,105.50141540420427,3871960.0,0.7819295653880722,10000000.0
2018-02-28,7269.1845703125,7329.929845273329,7208.439295351672,7289.432995299443,3183900,7205.401953125,78.90864361122152,7363.219240347443,7047.5846659025565,0.7020774096110235,4.380526950449931,False,15.18800093538389,106.64349644116521,3660785.0,0.8697314920160567,10000000.0
2018-03-01,7289.43359375,7370.427300347223,7228.688313802084,7269.185167100694,3388200,7217.55107421875,71.50592525828422,7360.562924735318,7074.5392237021815,0.7513166540800841,3.9628912645290386,False,16.49601966986164,109.1503171628776,3679210.0,0.9209042158506854,10000000.0
2018-03-02,7370.4267578125,7370.4267578125,7269.184632018372,7309.681482336024,2119300,7229.700122070312,75.89774168086143,7381.4956054320355,7077.904638708589,0.9635402603081449,4.199219353464822,False,17.710608494733833,108.58544635082404,3481390.0,0.6087511022896027,10000000.0
2018-03-05,7289.43359375,7390.675726996528,7289.43359375,7370.427300347223,3145800,7239.8243408203125,69.04961899625268,7377.923578812818,7101.725102827807,0.6796145063898894,3.8149886376071427,False,19.029259878238186,108.06092398623149,3470345.0,0.9064804796064945,10000000.0
2018-03-06,7228.6875,7370.426470588235,7147.693802521008,7370.426470588235,2274900,7246.9112548828125,59.088643064059085,7365.08854101093,7128.733968754695,0.4228965417979905,3.2614525546588577,False,17.992864052266896,116.25176284915972,3234860.0,0.7032452718201097,10000000.0
2018-03-07,7066.7001953125,7248.936016968123,7066.7001953125,7228.68759233972,2871700,7242.861547851562,68.30346893000034,7379.468485711563,7106.254609991562,-0.14477454549050212,3.772181394259068,False,17.31908014848096,120.96490990676425,3226015.0,0.8901694505450223,10000000.0
2018-03-08,7127.44580078125,7208.439503062856,7066.700524070046,7188.1910774924545,3326800,7236.787084960937,72.97722739264215,7382.741539746222,7090.832630175652,0.12542669786770005,4.033681054085414,False,16.693423666394022,122.44879546702079,3057255.0,1.0881656911183397,10000000.0
2018-03-09,7289.43359375,7289.43359375,7107.19775390625,7188.191460503473,1054400,7239.824389648437,73.88090909888398,7387.586207846205,7092.06257145067,0.6678688199246594,4.081917191500912,False,15.872389424992797,126.71929863678716,2960090.0,0.356205385647058,10000000.0
2018-03-12,7370.4267578125,7370.4267578125,7147.69408106542,7289.433057177198,3017500,7247.923779296875,78.96345499913885,7405.850689295153,7089.996869298598,0.8878470696253125,4.357852394899167,False,15.92322887469592,133.57739707323668,2899910.0,1.040549534295892,10000000.0
2018-03-13,7066.7001953125,7410.923413995343,7066.7001953125,7370.426564738538,4525100,7240.836840820312,88.48067293064989,7417.798186681612,7063.875494959013,0.007981122486774692,4.887870000430819,False,15.016752672981504,148.62352718820858,3011620.0,1.5025468020533799,9976246.48863249
2018-03-14,7046.451171875,7127.444863505747,6985.705903151939,7107.19644059806,1899100,7230.712646484375,98.52009709595363,7427.752840676282,7033.672452292468,0.032426682370416134,5.450090574065602,False,14.522810817928471,148.1317724143228,3048985.0,0.6228630183487291,9947897.85581999
2018-03-15,6985.7060546875,7066.699748075182,6965.4576313405805,7046.451324728261,8421300,7216.538720703125,112.14373266951073,7440.826186042147,6992.251255364104,-0.014591097783173482,6.215929104504794,False,14.252610226609804,144.78251129434267,3225795.0,2.61061226767355,9862854.69175749
2018-03-16,7086.94921875,7127.4460714285715,6924.961808035714,6965.4586607142855,6026300,7207.426953125,115.00789129249353,7437.442735709988,6977.411170540013,0.23810985267829293,6.382743358509018,False,13.330269496537039,148.90406501566517,3527110.0,1.7085659364182006,10004595.12144499
2018-03-19,7147.6943359375,7289.4333171033995,7046.452206533287,7107.197484175815,1869400,7196.29033203125,109.02149685933858,7414.333325749927,6978.2473383125725,0.3885632707913349,6.059872063475563,False,13.70110009187586,155.62385398384,3508020.0,0.5328931990125484,10089638.28550749
2018-03-20,6945.21044921875,7147.694718875274,6884.4651683217935,7127.446291909621,2730400,7184.141284179687,122.65732678180309,7429.455937743293,6938.826630616081,0.013011490569220126,6.8293382287405,False,12.874903677444319,163.30997516738574,3423485.0,0.7975498651228208,9806160.84410124
2018-03-21,6965.45849609375,7026.203773675963,6924.961644372274,6985.706921954487,2585200,7175.0294921875,131.92598865204994,7438.8814694916,6911.1775148834,0.10286256287514697,7.354728718297086,False,12.10772129261503,158.8765576056931,3371660.0,0.7667439777439007,9834508.10972624
2018-03-22,7086.94921875,7107.197645089285,6945.210234374999,7026.203939732142,2256000,7168.955004882812,133.0984631450589,7435.15193117293,6902.758078592695,0.3459678192462721,7.426380165834753,False,11.76004605271896,159.09876139916403,3289375.0,0.6858445753372601,10004595.12144499
2018-03-23,7046.451171875,7046.451171875,6803.470096982758,6924.960634428879,2748100,7159.843188476562,135.01803604747207,7429.879260571506,6889.8071163816185,0.2900428344223322,7.543072242966284,False,11.53253289399362,167.98307285402674,3173275.0,0.8660138185313281,9947897.85581999
2018-03-26,6924.9609375,7046.4514802631575,6924.9609375,7005.954632675439,3240700,7144.6568603515625,143.67089081070534,7431.998641972973,6857.315078730152,0.11770975036790049,8.043543230633794,False,11.32126799535803,164.6621778475361,3185585.0,1.0173013747867345,9777811.52769499
2018-03-27,6783.22216796875,7026.203260552706,6762.973743586754,6985.706411788713,4033900,7119.3462890625,160.4348377978545,7440.215964658209,6798.476613466791,-0.023770469225114735,9.01402074200726,False,12.192850243037624,171.70270207028008,3235900.0,1.2466083624339441,9729930.357364675
2018-03-28,6864.21533203125,6884.463754839602,6762.973217989492,6823.7184864145465,1894200,7099.097827148437,165.98790331880366,7431.073633786044,6767.12202051083,0.14623552316029043,9.352619578450154,False,13.002179736869168,168.11611884026797,3171415.0,0.5972728261674993,9729930.357364675
2018-03-29,6702.22900390625,6864.216411855646,6641.483725925226,6864.216411855646,5206500,7069.73759765625,181.73497103032022,7433.20753971689,6706.2676555956095,-0.005555688685648926,10.28241676695716,False,14.43386143367545,172.01730220385022,3262330.0,1.5959452293299574,9707401.953946974
2018-03-30,6702.22900390625,6702.22900390625,6702.22900390625,6702.22900390625,0,7036.327709960938,184.93933254773054,7406.206375056398,6666.449044865477,0.04836715714805926,10.513400749423427,False,15.763280152138426,159.73035204643236,3156365.0,0.0,9707401.953946974
2018-04-02,6762.97412109375,6783.222546606007,6681.980419044723,6722.4772700692365,1382800,7010.004736328125,184.483659961249,7378.972056250623,6641.037416405627,0.16524052145558088,10.52687790666929,False,16.16319863716371,155.55262172606464,3068215.0,0.4506854962901883,9792445.118009474
2018-04-03,6641.484375,6722.4780868902435,6600.987519054878,6722.4780868902435,8654000,6980.644580078125,194.31322044399477,7369.2710209661145,6592.018139190135,0.06364239614890498,11.134399880408761,False,17.0198582046781,156.01219174840801,3387170.0,2.554935240923839,9622359.473478224
2018-04-04,6600.98681640625,6742.725797126629,6540.241538954659,6641.483668040644,3334900,6957.358911132813,210.67372206246017,7378.706355257733,6536.011467007893,0.0771042405790569,12.112281384555313,False,18.150085728654698,159.33162506437677,3410330.0,0.9778819058566179,9565662.891446974
2018-04-05,6641.484375,6722.4780868902435,6600.987519054878,6600.987519054878,1341900,6933.06083984375,217.92371593420117,7368.908271712152,6497.213407975348,0.16550627177747465,12.57301621712654,False,19.199582715204397,156.62874259434938,3311085.0,0.4052750080411708,9622359.473478224
2018-04-06,6621.23486328125,6742.725411231365,6580.738013964545,6742.725411231365,1366300,6899.650903320313,211.5399173637858,7322.730738047884,6476.5710685927415,0.17096512621744317,12.263804086782796,False,20.29211599441749,157.01150364238302,3326680.0,0.4107097767143218,9594010.157071974
2018-04-09,6702.22900390625,6722.477429899925,6519.99316996318,6519.99316996318,3147300,6866.241015625,184.28448908176412,7234.809993788528,6497.6720374614715,0.2775016056207798,10.735684265227597,False,21.65106881483505,160.25955766340886,3333170.0,0.9442362675771113,9707401.953946974
2018-04-10,6823.71923828125,6823.71923828125,6702.228688044788,6702.228688044788,4882800,6854.091967773437,178.2852411401911,7210.662450053819,6497.5214854930555,0.45740992173841194,10.404601629418005,False,21.75149603258201,157.49034284719835,3351055.0,1.4570933631348932,9877488.282071974
2018-04-11,6803.470703125,6884.464401971726,6742.725428989956,6843.9675525483635,2938000,6841.942944335938,172.6778854859729,7187.298715307884,6496.5871733639915,0.44430056706065174,10.095254338764894,False,21.228347382145333,156.3652449996678,3403000.0,0.8633558624742874,9849140.332853224
2018-04-12,6762.97412109375,6823.719397630521,6702.22884455698,6823.719397630521,3597100,6830.80634765625,170.08096493271253,7170.968277521675,6490.644417790825,0.40029421195173726,9.95964202621963,False,21.035555236694613,153.87419557637298,3161790.0,1.1376783404337416,9792445.118009474
2018-04-13,6762.97412109375,6803.4709721182635,6742.725695581494,6783.222546606007,3511600,6814.607592773437,159.5004051091405,7133.608402991718,6495.606782555156,0.41906999915712384,9.362264983726018,False,20.856533958776087,147.22212993068706,3036055.0,1.1566325379480937,9792445.118009474
2018-04-16,6762.97412109375,6762.97412109375,6762.97412109375,6762.97412109375,0,6795.37158203125,139.11108021066906,7073.593742452588,6517.149421609912,0.4417777130181912,8.188578271629202,False,20.6902999149946,136.70626350706655,2942585.0,0.0,9792445.118009474
2018-04-17,6762.97412109375,6762.97412109375,6762.97412109375,6762.97412109375,0,6786.259765625,134.67765912901368,7055.615083883027,6516.904447366973,0.4567752278257531,7.938255462085753,False,20.535939731483218,126.94153039941895,2806065.0,0.0,9792445.118009474
2018-04-18,6742.72509765625,6823.718792522992,6702.228250222879,6823.718792522992,1849400,6775.123095703125,128.1294451296706,7031.381985962466,6518.864205443783,0.4367865871617428,7.564700644977637,False,20.9057765895963,126.55217410661137,2769275.0,0.6678282221881179,9764096.485196974
2018-04-19,6742.72509765625,6742.72509765625,6742.72509765625,6742.72509765625,0,6757.911889648438,105.08531032135448,6968.082510291147,6547.741269005729,0.46387032605759515,6.219987004111189,True,21.249196529272734,117.51273309899628,2656475.0,0.0,9764096.485196974
2018-04-20,6742.72509765625,6742.72509765625,6742.72509765625,6742.72509765625,0,6742.7255859375,80.19015929800575,6903.105904533511,6582.345267341489,0.49999847773949363,4.757136162577861,True,21.568086473257992,109.11896644906798,2519070.0,0.0,9764096.485196974
2018-04-23,6783.22216796875,6783.22216796875,6702.228470440765,6722.476894822761,2153300,6735.638647460937,68.6733408682944,6872.985329197526,6598.291965724348,0.6732241358370463,4.078208138091344,True,21.249967251519465,107.11001866899065,2464700.0,0.873656023045401,9788518.016055943
2018-04-24,6762.97412109375,6783.222546606007,6681.980419044723,6783.222546606007,2618100,6734.626245117188,68.08163238617006,6870.789509889528,6598.462980344848,0.6040951684874726,4.0436769559725025,True,21.164883063733527,106.69088358986876,2393910.0,1.093650137223204,9788518.016055943
2018-04-25,6762.97412109375,6762.97412109375,6762.97412109375,6762.97412109375,0,6729.564184570312,61.372394867855874,6852.308974306024,6606.819394834601,0.6360951311879495,3.6479268603201187,True,21.0858763179323,99.07010619059243,2299200.0,0.0,9788518.016055943
2018-04-26,6762.97412109375,6762.97412109375,6762.97412109375,6762.97412109375,0,6732.6014404296875,61.45146115258311,6855.504362734854,6609.698518124521,0.6235637041593179,3.6509787009558288,True,21.012512911116872,91.99367003412154,2038875.0,0.0,9788518.016055943
2018-04-27,6762.97412109375,6762.97412109375,6762.97412109375,6762.97412109375,0,6735.638696289063,61.37240758602811,6858.383511461119,6612.8938811170065,0.6113506292154579,3.644637745776997,True,20.944389747645406,85.42269360311286,2038875.0,0.0,9788518.016055943
2018-04-30,7026.2041015625,7127.446235590778,6641.483992255044,6641.483992255044,8316100,6748.8001953125,89.37838076249639,6927.556956837493,6570.043433787508,1.2759256318011072,5.297438251295436,True,21.98083794180086,114.03266144115726,2385540.0,3.486045088323818,9788518.016055943
2018-05-01,7026.2041015625,7026.2041015625,7026.2041015625,7026.2041015625,0,6768.036181640625,105.08572503584777,6978.20763171232,6557.8647315689295,1.114184085977917,6.210707047985908,False,22.943254122088067,105.88747133821745,1952840.0,0.0,9788518.016055943
2018-05-02,7046.451171875,7066.699594782686,6884.463788613505,7005.9543260596265,3340300,6790.309399414063,114.5941750798109,7019.497749573685,6561.121049254441,1.0588019030691198,6.750453821129236,False,22.167353619164626,111.34092382614344,1953110.0,1.7102467346949224,9788518.016055943
2018-05-03,6641.484375,7005.956078506098,6621.235947027439,6843.96865472561,3011300,6790.309399414063,114.5941750798109,7019.497749573685,6561.121049254441,0.17532157653211658,6.750453821129236,False,21.775094311969777,133.76051675624473,2036580.0,1.4786062909387305,9788518.016055943
2018-05-04,6641.484375,6722.4780868902435,6519.993807164634,6560.4906631097565,2153900,6791.321875,113.10145917186662,7017.524793343733,6565.118956656266,0.16879848169706294,6.66152841839008,False,21.982594518993512,138.6693569683422,2075960.0,1.037544075993757,9788518.016055943
2018-05-07,6945.21044921875,7046.452584047011,6641.484044733966,6641.484044733966,3357500,6803.470947265625,116.03969731957345,7035.550341904772,6571.391552626478,0.805368561852532,6.82238217633373,False,20.86450376991172,157.69072713582102,2086470.0,1.6091772227733925,9788518.016055943
2018-05-08,6843.9677734375,6985.706750993898,6742.725646611501,6985.706750993898,3361800,6804.483374023437,116.31366738908814,7037.110708801613,6571.856039245261,0.5848662076873158,6.837472354367015,False,19.82627664576434,163.78289693914786,2010420.0,1.6721879010356044,9788518.016055943
2018-05-09,6864.21533203125,7005.954291689713,6580.737412714326,6641.4826811393805,2741600,6807.52060546875,117.0764260096211,7041.673457487992,6573.367753449507,0.6210634977827246,6.879240345776938,False,18.915328977173946,182.45675279887922,2000600.0,1.3703888833349995,9788518.016055943
2018-05-10,6864.21533203125,6864.21533203125,6864.21533203125,6864.21533203125,0,6812.582666015625,117.23757135940028,7047.057808734426,6578.107523296825,0.6101026433269865,6.883590386021233,False,18.06944899919715,169.42412759895927,1820745.0,0.0,9788518.016055943
2018-05-11,6783.22216796875,6843.967441114739,6722.476894822761,6722.476894822761,5241400,6813.595068359375,116.87349133795574,7047.342051035286,6579.848085683463,0.4350303904612612,6.86119384350778,False,18.036721570741907,167.44657828535426,1907235.0,2.7481668488676014,9788518.016055943
2018-05-14,6762.97412109375,6783.222546606007,6661.731993532467,6722.4772700692365,1674500,6813.595068359375,116.87349133795574,7047.342051035286,6579.848085683463,0.39171850116283596,6.86119384350778,False,18.299028264438753,164.164005055939,1990960.0,0.8410515530196488,9788518.016055943
2018-05-15,6641.484375,6783.223370807927,6600.987519054878,6762.974942835366,3056100,6807.520581054688,122.65708920641555,7052.834759467519,6562.206402641857,0.1615845705924285,7.207152016419601,False,18.826902641728616,165.45485124858968,2143765.0,1.4255760309548855,9788518.016055943
2018-05-16,6722.47705078125,6803.470750188253,6459.24752770849,6479.495952560242,7731500,6806.5081787109375,123.30192240820912,7053.112023527356,6559.904333894519,0.32962324048061037,7.246119106643654,False,19.9183549034444,178.2240206222449,2437870.0,3.1714160312075705,9788518.016055943
2018-05-17,6621.23486328125,6783.222260548069,6600.986438622897,6722.476986573012,2961100,6800.433666992188,129.44900305580538,7059.3316731037985,6541.535660880577,0.15392007763535043,7.614161648785574,False,20.931846289323342,178.51057785816826,2585925.0,1.1450834807660701,9788518.016055943
2018-05-18,6479.49658203125,6661.732423400879,6479.49658203125,6519.9934356689455,2644400,6787.272241210938,147.71767424580653,7082.707589702551,6491.836892719325,-0.02088495968928615,8.705569424423242,False,22.34931032299489,178.7766681089869,2718145.0,0.9728693649529366,9788518.016055943
2018-05-21,6479.49658203125,6540.241862487793,6398.502874755859,6499.745008850097,1104300,6772.085961914063,162.97993194510434,7098.045825804272,6446.126098023854,0.051188026048869656,9.626571952080761,False,23.952095798040446,176.13111951062598,2665695.0,0.4142634472435894,9788518.016055943
2018-05-22,6560.490234375,6641.483940972223,6499.744954427084,6600.987087673611,2170800,6761.961767578125,169.72523401545234,7101.412235609029,6422.51129954722,0.20323868696981434,10.039999624324489,False,24.576104375042576,175.12085089850788,2643330.0,0.8212368489745888,9788518.016055943
2018-05-23,6499.744140625,6621.234685309579,6499.744140625,6560.489412967289,3673900,6748.800268554687,179.5636529955195,7107.927574545726,6389.672962563648,0.15324813266092668,10.642700678648154,False,25.155544389076557,171.2901147403701,2827025.0,1.2995640293241129,9788518.016055943
2018-05-24,6681.97998046875,6843.967373934659,6519.992587002841,6519.992587002841,4315900,6744.750561523438,180.1395737123566,7105.029708948151,6384.471414098724,0.4128861863039066,10.683246004084605,False,24.027850296539143,183.64248035246217,3042820.0,1.418388205677628,9788518.016055943
2018-05-25,6722.47705078125,6843.967599891755,6661.731776225998,6681.9802010777485,2592300,6742.7257080078125,180.15155386657625,7103.028815740965,6382.42260027466,0.4719005237646201,10.68716490440204,False,22.980704282036342,183.54200487484033,3172435.0,0.8171325811245935,9788518.016055943
2018-05-28,6985.7060546875,7147.693441462863,6722.476551177537,6722.476551177537,4993000,6740.7008056640625,176.99754823168078,7094.695902127424,6386.705709200701,0.84605740513244,10.503213439347656,False,22.369192156851238,200.80449668987504,3006280.0,1.660856606836356,9788518.016055943
2018-05-29,6985.7060546875,6985.706054687501,6985.706054687501,6985.706054687501,0,6738.6759033203125,173.7614736856289,7086.19885069157,6391.152955949055,0.8554155966329409,10.314279907719698,False,21.801359469179356,186.461318354884,3006280.0,0.0,9788518.016055943
2018-05-30,6884.46435546875,7046.451752068015,6803.470657169118,6965.458053768382,5819600,6730.5765625,162.04038083828058,7054.657324176562,6406.495800823439,0.7374219811331049,9.630104008687931,False,20.288494061121366,190.49844525088494,3130245.0,1.8591515999546362,9788518.016055943
2018-05-31,7046.451171875,7046.451171875,6823.718519890445,6884.463788613505,12836100,6750.82490234375,175.09757596503547,7101.020054273821,6400.629750413679,0.9220878957089077,10.374884758409015,False,18.88369046792466,192.80088858900422,3621485.0,3.544429978310003,9788518.016055943
2018-06-01,7046.451171875,7046.451171875,7046.451171875,7046.451171875,0,6771.0732421875,184.92725398416977,7140.92775015584,6401.21873421916,0.8722787254915286,10.924546072369843,False,17.579229988527718,179.0293965469325,3513790.0,0.0,9788518.016055943
2018-06-04,7026.2041015625,7046.452528368156,6843.9682603116,7046.452528368156,3096000,6775.1229248046875,189.7649080203088,7154.652740845305,6395.59310876407,0.8307792512551132,11.203628930512972,False,17.463092310768232,180.70474451190563,3500715.0,0.8843907601732789,9788518.016055943
2018-06-05,7107.197265625,7107.197265625,6904.713013043091,7046.451989850428,5751800,6788.284399414062,203.42759637525674,7195.139592164575,6381.429206663549,0.8919242913614448,11.986981358224511,False,16.96202416322451,182.26042365976298,3620215.0,1.588800665153865,9788518.016055943
2018-06-06,7167.9423828125,7167.9423828125,6985.706559520657,7107.197108381885,2107000,6803.470751953125,220.05204218601867,7243.574836325162,6363.366667581087,0.9140743562734955,12.93763434628402,False,16.11299645383944,182.25866649062587,3588485.0,0.5871558610388506,9788518.016055943
2018-06-07,7289.43359375,7289.43359375,7127.446180555556,7167.943033854167,3601800,6824.731665039062,245.32090425528438,7315.373473549631,6334.089856528493,0.9735653593419035,14.378347240345619,False,15.311290812126034,180.8107198266129,3768575.0,0.9557458721134646,9788518.016055943
2018-06-08,7167.9423828125,7289.4329316737285,7046.451833951271,7127.44553319209,7813700,6843.96767578125,256.7135052205732,7357.394686222397,6330.540665340104,0.8155022042499132,15.003782447950783,False,14.345994437965265,185.25150839604981,3897190.0,2.0049574180370984,9788518.016055943
2018-06-11,7167.9423828125,7167.9423828125,7167.9423828125,7167.9423828125,0,6864.216088867188,265.7991269376103,7395.814342742408,6332.617834991967,0.7856727723720142,15.48897199601276,False,13.44964780481598,172.01925779633197,3813465.0,0.0,9788518.016055943
2018-06-12,7167.9423828125,7167.9423828125,7167.9423828125,7167.9423828125,0,6890.538989257812,268.6336465687015,7427.806282395215,6353.27169612041,0.7581614376102953,15.594347379065404,False,12.617325931177358,159.73216795373685,3660660.0,0.0,9788518.016055943
2018-06-13,7167.9423828125,7167.9423828125,7167.9423828125,7167.9423828125,0,6912.812255859375,272.40667593606895,7457.625607731513,6367.998903987237,0.7341445249794478,15.76242292448629,False,11.844455619941494,148.32272738561278,3274085.0,0.0,9788518.016055943
2018-06-14,7167.9423828125,7167.9423828125,7167.9423828125,7167.9423828125,0,6940.147631835937,269.016933043363,7478.181497922664,6402.113765749211,0.7116918332979472,15.50496890350431,False,11.126790330936762,137.728246858069,3126030.0,0.0,9788518.016055943
2018-06-15,7167.9423828125,7167.9423828125,7167.9423828125,7167.9423828125,0,6974.569921875,250.3708063603106,7475.311534595621,6473.828309154378,0.6930860707649921,14.359067822952024,False,10.460386848289511,127.89051493963552,2993810.0,0.0,9788518.016055943
2018-06-18,7167.9423828125,7167.9423828125,7167.9423828125,7167.9423828125,0,7008.992211914063,224.73641738326546,7458.465046680594,6559.5193771475315,0.6768184399631184,12.825605199061457,False,9.841583614402778,118.75547815823299,2938595.0,0.0,9788518.016055943
2018-06-19,7167.9423828125,7167.9423828125,7167.9423828125,7167.9423828125,0,7039.364819335938,200.69404785016002,7440.752915036258,6637.976723635617,0.6601661395216856,11.404099830080563,False,9.266980611507954,110.2729440040735,2830055.0,0.0,9788518.016055943
2018-06-20,7095.3388671875,7322.224703056868,6992.208941792333,7054.086897029433,6157600,7069.144555664063,155.51102164902468,7380.166598962112,6758.122512366013,0.5421100563253894,8.799425187842482,True,10.13732660477352,125.96885952267792,2954240.0,2.0843262564991334,9788518.016055943
2018-06-21,6806.57470703125,7260.346354166667,6724.070771188447,7054.086514559659,6583900,7075.374291992188,141.00395740297066,7357.382206798129,6793.366377186247,0.02341836727187687,7.971533467144316,True,12.334033434805104,155.2764826266452,3067640.0,2.1462427142689493,9788518.016055943
2018-06-22,6930.33154296875,7054.087463378906,6765.323649088542,6765.323649088542,6807400,7085.767016601562,119.67081290302265,7325.1086424076075,6846.425390795517,0.17528533093785306,6.755560131889206,True,14.373832634120145,164.81129203119656,3278395.0,2.076442893550045,9788518.016055943
2018-06-25,7219.095703125,7342.851629464286,6847.827924107143,7074.713789062501,3340500,7097.436499023437,120.7742068811275,7338.984912785692,6855.888085261182,0.7518319251338705,6.806638250176405,True,13.891729664321304,188.39789298304987,3195770.0,1.045287990061863,9788518.016055943
2018-06-26,7260.3466796875,7342.850619229403,6971.582891290837,7219.094709916548,4183200,7111.168530273438,122.99474379762249,7357.158017868683,6865.179042678193,0.8032205783922003,6.918398475525548,True,13.444062620936666,201.46002405130096,3404930.0,1.2285715124833696,9788518.016055943
2018-06-27,7074.71337890625,7342.851203762755,7074.71337890625,7322.225217235332,3189100,7120.680981445313,111.34368170961677,7343.368344864546,6897.993618026079,0.3967889290320358,6.25466479960274,True,13.028367533605419,206.22272410881556,3273405.0,0.9742454722223495,9788518.016055943
2018-06-28,7033.46142578125,7157.217345296463,6827.201559922562,6992.2094526095125,2851600,7120.031494140625,111.83626265840827,7343.704019457442,6896.358968823808,0.30648032601063907,6.282908313000765,True,13.973709502911781,215.06508562775016,2774180.0,1.0279073455940133,9788518.016055943
2018-06-29,7301.59814453125,7301.59814453125,7033.460359562589,7033.460359562589,6143100,7132.788842773438,117.41447707053221,7367.617796914502,6897.959888632374,0.8594303402135128,6.5844919656910985,True,13.836964389570673,218.85599272352954,3081335.0,1.993648856745534,9788518.016055943
2018-07-02,7322.22509765625,7384.103056227993,7136.591221941021,7342.851083846831,1545300,7147.589892578125,121.84575996073893,7391.281412499603,6903.898372656647,0.8583120273007362,6.8188444939887,True,13.191742466676391,220.9028385494897,3003800.0,0.5144483654038218,9788518.016055943
2018-07-03,7280.97216796875,7342.8501184047445,6971.582415788775,7322.22413492608,1892800,7156.278637695313,124.96963345460054,7406.217904604514,6906.339370786111,0.7494476594562798,6.985174266207568,True,13.424796495298228,231.64318598280974,2810850.0,0.6733906113808991,9788518.016055943
2018-07-04,7487.2314453125,7487.2314453125,7095.337788395316,7260.345643939394,3172300,7172.243090820312,145.28143632595177,7462.805963472216,6881.680218168409,1.042031319447936,8.102426785388584,False,12.78110899876958,243.08964819240788,2864115.0,1.1076021737953958,9788518.016055943
2018-07-05,7342.85107421875,7487.232977363501,7260.347129564607,7487.232977363501,3362000,7174.91396484375,148.01458280557978,7470.94313045491,6878.884799232591,0.7836496009241004,8.251783005668587,False,12.183390368215019,241.93223387858546,2852125.0,1.1787702151904282,9788518.016055943
2018-07-06,7177.8427734375,7425.354593211207,7177.8427734375,7425.354593211207,1343400,7175.408984375,148.0065951261918,7471.422174627383,6879.395794122616,0.5041109469825062,8.250768448097519,False,12.066229122993063,242.33077572823703,2528610.0,0.5312800313215561,9788518.016055943
2018-07-09,7239.720703125,7260.3466880341875,7074.712823851495,7115.964793669871,1404900,7178.997900390625,148.6847127813295,7476.367325953283,6881.628474827966,0.6020999428900273,8.28442714954627,False,12.46522689903396,238.2809963321267,2598855.0,0.5405842188194416,9788518.016055943
2018-07-10,7342.85107421875,7342.85107421875,7136.591212583392,7322.225088055214,2344400,7187.743334960937,153.07922236380185,7493.901779688541,6881.584890233334,0.7533128547145183,8.518903095453044,False,12.297223264865513,235.99377242521467,2716075.0,0.8631573134026123,9788518.016055943
2018-07-11,7260.3466796875,7342.850619229403,7157.21675526012,7342.850619229403,2448000,7192.363549804688,153.84270133484955,7500.048952474387,6884.678147134989,0.6104750652662456,8.555891273823459,False,12.14121989028053,232.3966686061729,2838475.0,0.8624349342516668,9788518.016055943
2018-07-12,7280.97216796875,7322.22413492608,7157.21626709676,7157.21626709676,1993100,7198.0150390625,154.97033086591486,7507.95570079433,6888.07437733067,0.6338274372305926,8.611837014783397,False,11.99636243707132,227.58318283639773,2938130.0,0.6783566418095863,9788518.016055943
2018-07-13,7322.22509765625,7322.22509765625,7157.217208131602,7157.217208131602,2202100,7205.729174804687,157.2182327919222,7520.165640388532,6891.292709220843,0.6852455672328804,8.727401709275796,False,11.861844599542282,223.1135190284156,3048235.0,0.7224180550384075,9788518.016055943
2018-07-16,7280.97216796875,7322.22413492608,7054.086349703434,7322.22413492608,1890300,7211.3806640625,157.81881041189519,7527.0182848862905,6895.743043238709,0.610239558460461,8.753874896571544,False,12.36138329139187,226.3296068087299,3142750.0,0.6014795958953146,9788518.016055943
2018-07-17,7157.21728515625,7239.721230806466,7157.21728515625,7177.843271568804,799600,7210.844409179687,157.99230451400737,7526.829018207702,6894.859800151673,0.41514282263873986,8.7641499690592,False,12.825240648109347,219.0028408089992,3182730.0,0.2512308615559598,9788518.016055943
2018-07-18,7136.5908203125,7239.7207454615245,7074.712865223085,7157.216805342305,2430100,7212.907006835938,156.6687381025406,7526.244483041019,6899.569530630857,0.3782204614530555,8.688243891349751,False,13.735695066310658,215.1460579111021,2996355.0,0.8110187210794448,9788518.016055943
2018-07-19,7095.3388671875,7219.0947776617,7095.3388671875,7177.842807503634,1262600,7227.34521484375,127.9193555702181,7483.183925984186,6971.506503703314,0.24201256121911044,7.0797423821678445,False,14.58111702606902,208.6181902370377,2730290.0,0.4624417186452721,9788518.016055943
2018-07-20,7095.3388671875,7177.842807503634,7095.3388671875,7177.842807503634,1007600,7235.5955810546875,112.09747937188627,7459.79053979846,7011.400622310915,0.18719922460994298,6.197000819968232,False,15.366151702987496,199.6100295284017,2440300.0,0.4129000532721387,9788518.016055943
2018-07-23,7157.21728515625,7157.21728515625,7095.339325918588,7095.339325918588,516100,7232.50166015625,113.42294326402526,7459.347546684301,7005.655773628199,0.33406272833011935,6.272957745111672,False,16.095112474411795,189.77205727414088,2299080.0,0.2244810967865407,9788518.016055943
2018-07-24,7157.21728515625,7177.843271568804,7074.713339506034,7157.21728515625,2254600,7227.345190429687,114.43019603336151,7456.20558249641,6998.484798362964,0.3467888990310919,6.33318005537567,False,16.77200461930579,183.58333404475727,2202650.0,1.0235852268857966,9788518.016055943
2018-07-25,7054.08740234375,7157.217335126553,7054.08740234375,7157.217335126553,2790600,7226.313891601562,115.96089295840098,7458.235677518364,6994.39210568476,0.1286970441845519,6.418812949333465,False,17.555254270968742,177.83666252604624,2182725.0,1.2784936260866577,9788518.016055943
2018-07-26,7136.5908203125,7136.5908203125,7054.08688019328,7054.08688019328,2187200,7231.470361328125,109.01907548349251,7449.50851229511,7013.43221036114,0.28242445050363724,6.030257750429067,False,18.28256161390889,171.02718235413008,2149505.0,1.017536595634809,9788518.016055943
2018-07-27,7095.3388671875,7198.4687925826665,7074.712882108466,7136.590837345567,1489200,7221.157397460937,111.7574325355186,7444.672262531974,6997.6425323899,0.21854549755907757,6.190555135929543,False,18.119046540358397,167.6506629341351,1916810.0,0.7769158132522264,9788518.016055943
2018-07-30,7239.720703125,7260.3466880341875,7136.59077857906,7177.842748397436,2696700,7217.032177734375,109.32672383616867,7435.6856254067125,6998.378730062038,0.5518823865622843,6.0593729468718704,False,17.22077659572218,167.46188849931744,1974380.0,1.3658464935827956,9788518.016055943
2018-07-31,7198.46875,7260.34670487106,7115.964810171919,7260.34670487106,2065400,7212.907006835938,108.33919836608166,7429.585403568101,6996.228610103774,0.46668274951797567,6.008074040794076,False,16.598033250295533,165.81331751359053,1983010.0,1.0415479498338385,9788518.016055943
2018-08-01,7198.46875,7260.34670487106,7177.84276504298,7260.34670487106,1516400,7198.4688720703125,86.99534989214241,7372.459571854597,7024.478172286028,0.4999996492044901,4.834102998190614,True,16.01977157239936,159.8626476789112,1900215.0,0.7980149614648868,9788518.016055943
2018-08-02,7239.720703125,7260.3466880341875,7157.216763488247,7239.720703125,758400,7193.312353515625,80.82447738620311,7354.9613082880305,7031.663398743219,0.6435467048788411,4.494423342909678,True,15.711943149023668,155.81031031227045,1770035.0,0.4284661037776089,9788518.016055943
2018-08-03,7239.720703125,7239.720703125,7157.216763488247,7239.720703125,1996700,7196.40625,81.38353313554302,7359.173316271086,7033.639183728914,0.6330565639515195,4.523565252339281,True,15.426102470174811,150.5741409783049,1802700.0,1.107616353247906,9788518.016055943
2018-08-06,7425.35498046875,7425.35498046875,7177.843147786459,7239.721105957032,5029200,7205.687963867187,95.8784002167508,7397.444764300689,7013.9311634336855,1.0727750361524728,5.322373141747554,False,15.62548036223841,157.49826181430393,1983915.0,2.534987638079252,9788518.016055943
2018-08-07,7425.35498046875,7466.606952582466,7342.85103624132,7425.35498046875,3082000,7209.813159179687,103.55781999198031,7416.928799163648,7002.697519195726,1.0203417310874112,5.7453816183920665,False,16.162578219510255,155.08809428050697,2020795.0,1.5251423325968245,9788518.016055943
2018-08-08,7384.1015625,7425.3535265363125,7219.093706354749,7425.3535265363125,22165200,7216.000903320312,110.21922337690916,7436.439350074131,6995.562456566494,0.8812870705068508,6.109712282668581,False,15.228077100733184,158.74332141147084,3006655.0,7.372046343860536,9788518.016055943
2018-08-09,7404.72900390625,7425.354989989554,7239.721115239816,7384.103017822946,7343300,7222.188745117188,117.30493547140675,7456.798616060001,6987.5788741743745,0.8890293661888521,6.496918848913483,False,14.360340426952783,160.6640752213471,3274165.0,2.2428008362437444,9788518.016055943
2018-08-10,7404.72900390625,7425.354989989554,7342.851045656337,7404.72900390625,1972700,7226.313940429687,122.35019612725998,7471.014332684207,6981.613548175167,0.8645581885520399,6.772481635082955,False,13.554584944156696,155.08120872933782,3262695.0,0.6046228654532526,9788518.016055943
2018-08-13,7054.08740234375,7425.355160361842,7054.08740234375,7322.225227579039,2544700,7214.969702148437,127.42850691041136,7469.82671596926,6960.112688327615,0.18436752555337627,7.064673154342765,False,14.736984126339493,170.52310510710595,3295415.0,0.7721940939153339,9788518.016055943
2018-08-14,6765.32275390625,7136.590466010861,6724.070785894626,7054.086529987614,7136900,7195.374975585937,162.171195006811,7519.717365599559,6871.032585572315,-0.16296024651854044,9.015301943654721,False,17.251749160675747,187.80857475061515,3612280.0,1.975732778189952,9765777.533723557
2018-08-15,7054.08740234375,7074.713388900311,6744.69760399534,6868.453523334703,5691600,7191.2498046875,164.77363963479254,7520.797083957085,6861.702525417914,0.29189267978822486,9.165229639353521,False,19.58688812113084,197.96623261878344,3775355.0,1.507566838085425,10170048.041536057
2018-08-16,7136.5908203125,7157.216805342305,6847.827029895231,6847.827029895231,3220400,7193.31240234375,163.76496388203168,7520.842330107814,6865.782474579687,0.4134100776401266,9.106511977912884,False,20.940937705408338,205.92505710651847,3873245.0,0.8314475330117254,10285552.826692307
2018-08-17,7136.5908203125,7136.5908203125,7136.5908203125,7136.5908203125,0,7195.375,162.72251851503844,7520.8200370300765,6869.9299629699235,0.40968647083398696,9.045950684434835,False,22.198269462237445,191.21612445605288,3822865.0,0.0,10285552.826692307
2018-08-20,7095.3388671875,7219.0947776617,7095.3388671875,7157.2168224246,1946100,7192.281079101563,164.06890598980382,7520.41889108117,6864.143267121955,0.35228430193822446,9.124721583339376,False,22.563906700235446,186.39753774306342,3894365.0,0.4997220342725964,10227800.092317307
2018-08-21,7260.3466796875,7260.346679687499,7095.338800603693,7095.338800603693,1410000,7197.437548828125,164.52886246197488,7526.495273752074,6868.379823904175,0.5955898100765064,9.143746581796355,False,22.523220813801718,184.8697049816879,3852135.0,0.3660307855254294,10424266.518125754
2018-08-22,7260.3466796875,7260.346679687499,7260.346679687499,7260.346679687499,0,7207.750512695313,161.5071018238861,7530.764716343085,6884.736309047541,0.5814146350194869,8.96296849006728,False,22.485441062113253,171.66472605442453,3712605.0,0.0,10424266.518125754
2018-08-23,7363.47705078125,7363.47705078125,7157.217189414829,7260.347120098039,2496500,7219.09482421875,164.19172355846231,7547.478271335674,6890.711377101825,0.7198378569780519,9.097634955985287,False,21.508268454287894,174.13580714813858,3728070.0,0.6696494432776209,10424266.518125754
2018-08-24,7322.22509765625,7322.22509765625,7239.721152893926,7239.721152893926,1498800,7230.439135742187,163.02501712065873,7556.489169983504,6904.38910150087,0.6407544123214688,9.018816924398292,False,20.60089388987863,170.53724220093756,3728550.0,0.40197932172023976,10424266.518125754
2018-08-27,7260.3466796875,7342.850619229403,7219.094709916548,7322.224634343927,1602900,7231.470434570312,163.15201340482758,7557.774461379968,6905.1664077606565,0.5442474544361544,9.024555372576707,False,19.91769010519548,167.19571842321736,3673860.0,0.43629860691479805,10424266.518125754
2018-08-28,7115.9638671875,7342.849671648551,7115.9638671875,7260.345742753623,3579100,7227.345190429687,165.06223917416852,7557.469668778024,6897.22071208135,0.33130405264183255,9.135428560558632,False,20.02293350272177,171.4592959973483,3749545.0,0.9545424844881178,10424266.518125754
2018-08-29,7280.97216796875,7301.598151447415,7115.96430013943,7115.96430013943,5056700,7231.470361328125,165.33331189669678,7562.136985121519,6900.803737534732,0.5748515318430721,9.145211340744908,False,20.120659514710468,172.47179515896022,3926560.0,1.2878193635141193,10424266.518125754
2018-08-30,7260.3466796875,7342.850619229403,7198.468725031072,7301.598649458451,2882500,7232.50166015625,165.45177044250804,7563.405201041266,6901.598119271234,0.5420742241935174,9.150458760568528,False,19.767194852174384,170.4653736617724,4032765.0,0.7147701390981126,10424266.518125754
2018-08-31,7157.21728515625,7342.851162869236,7074.713339506034,7301.599190044129,6453900,7228.376489257813,166.28870904284386,7560.953907343501,6895.799071172125,0.39301858720421473,9.201994903833127,False,20.29942124902977,177.4419772118745,4255625.0,1.5165574974298723,10424266.518125754
2018-09-03,7177.8427734375,7239.7207283809275,7157.216788456358,7239.7207283809275,2369000,7216.00087890625,159.94682934798098,7535.894537602212,6896.107220210289,0.4403581402265039,8.866231145594009,False,20.793631474681195,170.66068883420988,4122615.0,0.5746352739705259,10424266.518125754
2018-09-04,7136.5908203125,7260.346730491329,7115.964835282695,7239.7207454615245,3434000,7201.562670898437,152.93348342649054,7507.429637751418,6895.695704045456,0.3937906710645761,8.494461017162052,False,21.52308926818484,168.78363214666874,4140215.0,0.8294255250029285,10424266.518125754
2018-09-05,6930.33154296875,7115.965423583984,6868.453582763672,7115.965423583984,3221100,7178.874169921875,158.00314337077415,7494.8804566634235,6862.867883180327,0.10674417348474974,8.803783971184638,False,23.44059647798357,175.88031824682298,3193010.0,1.0087973416932612,10424266.518125754
2018-09-06,7136.5908203125,7219.09476043172,6889.0789999548415,6889.0789999548415,3732200,7165.467260742187,148.946730910733,7463.360722563653,6867.573798920721,0.4515322688636359,8.31469745046636,False,24.1458779704149,186.88999269182693,3012455.0,1.238923071050024,10424266.518125754
2018-09-07,7301.59814453125,7301.59814453125,7054.086343021716,7177.842243776483,4017100,7160.310717773437,141.84333117960315,7443.997380132643,6876.624055414231,0.7490202140326809,7.9238645790896856,False,24.035308417445194,191.22012189309172,3114675.0,1.2897332787529998,10424266.518125754
2018-09-10,7342.85107421875,7384.103046545822,7136.591212583392,7301.599101891678,2134000,7174.7489013671875,145.12053927737696,7464.989979921941,6884.507822812434,0.7895905942891027,8.090626795300015,False,23.234934090032542,195.240958469473,3094140.0,0.6896908349331317,10424266.518125754
2018-09-11,7342.85107421875,7342.85107421875,7342.85107421875,7342.85107421875,0,7203.625317382813,113.34415912273195,7430.313635628277,6976.936999137349,0.8070863066820675,6.293728734015369,True,22.49172935743508,181.2951757216535,2737295.0,0.0,10424266.518125754
2018-09-12,7322.22509765625,7384.103056227993,7198.469180512764,7342.851083846831,3262700,7217.032202148437,110.54898852208119,7438.1301791926,6995.934225104274,0.737887512391851,6.127116267496882,True,22.66829570741801,181.60508286405175,2615850.0,1.2472809985282032,10424266.518125754
2018-09-13,7301.59814453125,7404.72806182689,7219.094210694739,7342.850111449506,1077900,7225.282568359375,110.38681038892693,7446.056189137228,7004.508947581521,0.672836718225194,6.111141500393498,True,22.64512047230481,181.89285202605885,2508725.0,0.4296604849076722,10424266.518125754
2018-09-14,7363.47705078125,7384.1030369178925,7280.973106234682,7322.225078507966,2550700,7236.626879882812,112.4318111405175,7461.490502163847,7011.763257601778,0.7820602319122573,6.214597657539475,True,22.623600611128268,176.26692907299827,2636260.0,0.9675449310766009,10424266.518125754
2018-09-17,7280.97216796875,7384.102085362075,7260.346184490085,7384.102085362075,2265300,7245.908544921875,107.71760030563628,7461.343745533147,7030.473344310602,0.5813785837861836,5.946395797729324,True,22.735295070494697,172.51614134435482,2652220.0,0.854114666204161,10424266.518125754
2018-09-18,7239.720703125,7342.8506276709395,7136.59077857906,7342.8506276709395,1789400,7244.87724609375,107.67082021792804,7460.218886529606,7029.535605657894,0.4880270649041382,5.944659464091335,True,23.55915210274799,174.92640618346377,2671190.0,0.6698887012904361,10424266.518125754
2018-09-19,7198.46875,7322.224659742121,7157.21678008596,7322.224659742121,2291900,7241.783349609375,108.09111805043717,7457.96558571025,7025.601113508501,0.39981924419274667,5.97041434862962,False,24.324162204126047,174.21794000294216,2785785.0,0.8227124490942409,10424266.518125754
2018-09-20,7301.59814453125,7301.59814453125,7239.720194153867,7239.720194153867,1868600,7238.689404296875,105.27335571868385,7449.236115734243,7028.142692859507,0.6493937848872281,5.817260547534684,False,25.034528726834242,169.14018675496416,2754390.0,0.6784079233514498,10424266.518125754
2018-09-21,7384.1015625,7384.1015625,7260.3456703910615,7342.8495984636875,3613300,7241.783227539063,108.7106632799,7459.204554098863,7024.361900979263,0.8272869713675342,6.004635038866944,False,24.738049853413575,165.8984514231052,2860115.0,1.263340809722686,10424266.518125754
2018-09-24,7260.3466796875,7342.850619229403,7157.21675526012,7342.850619229403,1015200,7241.783227539063,108.7106632799,7459.204554098863,7024.361900979263,0.5426900443534259,6.004635038866944,False,25.131396697999037,170.25461969573195,2830730.0,0.35863540500153673,10424266.518125754
2018-09-25,7301.59814453125,7301.59814453125,7177.842243776483,7177.842243776483,707900,7251.06494140625,105.27319509723291,7461.611331600716,7040.518551211784,0.620004914542411,5.807323252400305,False,25.49664733939983,166.93328262852017,2687170.0,0.2634369987756636,10424266.518125754
2018-09-26,7095.3388671875,7280.9727328988,7095.3388671875,7177.842807503634,1980700,7241.783276367188,110.54878617881904,7462.880848724826,7020.685704009549,0.168824022764924,6.106163742269603,False,26.328678839147543,169.7422822510366,2533370.0,0.781843946995504,10424266.518125754
2018-09-27,7280.97216796875,7301.598151447415,7177.842250575425,7198.468234054089,2377000,7242.81455078125,110.82692697943124,7464.468404740112,7021.160696822387,0.5860747884730715,6.120655234364767,False,26.84716007051678,172.35063953738506,2508095.0,0.9477312462247244,10424266.518125754
2018-09-28,7280.97216796875,7301.598151447415,7239.72020101142,7260.346184490085,10593300,7249.002294921875,109.23969190110898,7467.4816787240925,7030.522911119657,0.5731645075395686,6.027847003311577,False,27.328606928216782,164.45973317300007,2715065.0,3.90167454554495,10424266.518125754
2018-10-01,7280.97216796875,7363.47610188341,7260.346184490085,7260.346184490085,2298200,7254.158764648438,108.1323524133042,7470.423469475046,7037.89405982183,0.5619920928424501,5.962502664830745,False,26.985720877042805,160.0790320458804,2711525.0,0.8475673283484386,10424266.518125754
2018-10-02,7384.1015625,7404.727544518157,7280.971652409218,7280.971652409218,2330900,7266.5343017578125,108.13231123646914,7482.79892423075,7050.269679284875,0.7718134371628426,5.95234573985627,False,26.176328286571486,157.48452205038456,2656370.0,0.8774756528646235,10424266.518125754
2018-10-03,7280.97216796875,7384.102085362075,7239.72020101142,7384.102085362075,1461100,7284.066333007812,73.69498036958804,7431.456293746988,7136.676372268636,0.4895034742409023,4.046914292124907,True,25.768003429385015,156.54861935754676,2568370.0,0.5688822093389971,10424266.518125754
2018-10-04,7280.97216796875,7363.47610188341,7219.094217532755,7260.346184490085,8672200,7291.285400390625,65.05313651437453,7421.3916734193745,7161.1791273618755,0.46036612154897366,3.5688158091241116,True,25.557957145509572,155.6795668570545,2815370.0,3.0803056081438673,10424266.518125754
2018-10-05,7260.3466796875,7322.224634343927,7198.468725031072,7280.972664572975,3270600,7289.222827148437,65.36217657920278,7419.947180306843,7158.498473990032,0.3895532975942646,3.5867843872608045,True,25.534122137913084,153.39930560389746,2778045.0,1.1773027434760777,10424266.518125754
2018-10-08,7280.97216796875,7301.598151447415,7239.72020101142,7260.346184490085,6186600,7286.128881835937,64.14322089847312,7414.415323632883,7157.842440038991,0.47990156327139666,3.5213882125187057,True,25.5119896308592,146.86206594904732,2980675.0,2.0755701309267196,10424266.518125754
2018-10-09,7322.22509765625,7342.851083846831,7219.095166703345,7301.599111465669,2333800,7285.097583007812,63.34407341519045,7411.785729838193,7158.409436177431,0.6465311300912256,3.478008232199271,True,24.89032569545143,145.2116267486501,3097365.0,0.7534791669693433,10424266.518125754
2018-10-10,7115.9638671875,7322.223689424819,7115.9638671875,7301.597707201087,4218800,7274.784521484375,73.03118938012615,7420.846900244627,7128.722142724122,-0.04367406461852682,4.01557952208458,False,25.22348364129154,149.57231272865724,3145170.0,1.3413583367512727,10424266.518125754
2018-10-11,7074.71337890625,7239.721271125638,7012.83541932398,7219.095284598215,2258900,7263.440283203125,85.24676091738773,7433.9338050379,7092.946761368349,-0.0534723614888108,4.694566629233416,False,26.245476514545267,155.0947083767287,3204220.0,0.7049765621586532,10424266.518125754
2018-10-12,7198.46875,7260.34670487106,7095.3388252149,7177.84276504298,2614400,7255.189868164062,83.01101797008509,7421.211904104232,7089.167832223892,0.3291759348605293,4.576642071592876,False,26.89945498335354,157.27603820444878,3207405.0,0.8151137757782382,10424266.518125754
2018-10-15,7198.46875,7219.094734957021,7157.21678008596,7198.46875,1846700,7251.064697265625,83.70938781154884,7418.483472888723,7083.645921642527,0.3429210013337098,4.617770840914749,False,27.506720704389792,150.4618893949211,3186475.0,0.5795432256647236,10424266.518125754
2018-10-16,7219.095703125,7239.721690848215,7177.843727678572,7177.843727678572,1266800,7250.033447265625,83.98309084194203,7417.999628949509,7082.067265581741,0.4079048418244976,4.63352846316132,False,27.749587503039322,144.13446609311555,3160345.0,0.40084231310189233,10424266.518125754
2018-10-17,7260.3466796875,7260.346679687499,7198.468725031072,7260.346679687499,3144600,7253.12734375,83.11882181226564,7419.364987374532,7086.889700125469,0.5217139023992827,4.583888735051034,False,27.65243019287917,138.25900099049497,3202980.0,0.981773223685443,10424266.518125754
2018-10-18,7301.59814453125,7301.59814453125,7219.094210694739,7301.59814453125,708700,7253.12734375,83.11882181226564,7419.364987374532,7086.889700125469,0.6457876799875937,4.583888735051034,False,26.93760372857537,134.27649619378184,3144985.0,0.2253428871679833,10424266.518125754
2018-10-19,7239.720703125,7301.5986578525635,7219.094718215812,7219.094718215812,1054400,7245.90830078125,77.20418336691893,7400.316667515088,7091.499934047411,0.47996352857317787,4.261946475839061,False,26.273828506228664,130.57845643970828,3017040.0,0.34948161111553044,10424266.518125754
2018-10-22,7219.095703125,7260.347678571429,7198.469715401786,7239.721690848215,4283800,7243.845751953125,77.34903772815892,7398.543827409443,7089.1476764968065,0.42000531113551753,4.271158739530249,False,25.884363192388193,125.67127834898936,3180470.0,1.3469078469534377,10424266.518125754
2018-10-23,7219.095703125,7260.347678571429,7157.2177399553575,7157.2177399553575,6620300,7239.720629882812,76.29978703790613,7392.320203958625,7087.121055807,0.43242141440196386,4.2156205156850834,False,25.956548238926533,124.06118265378096,3476090.0,1.9045249116104588,10424266.518125754
2018-10-24,7219.095703125,7260.347678571429,7198.469715401786,7260.347678571429,4655500,7245.908471679688,68.60451075443987,7383.117493188568,7108.699450170808,0.40229225360027604,3.7872137647102644,False,26.023577210712133,119.61952411919971,3609830.0,1.2896729208854711,10424266.518125754
2018-10-25,7239.720703125,7260.3466880341875,7012.834869123932,7012.834869123932,2652600,7243.8458984375,68.11319546627453,7380.0722893700495,7107.619507504951,0.48485904499025184,3.76116203581673,False,27.578653583659058,128.7546880328466,3623610.0,0.7320324207075265,10424266.518125754
2018-10-26,7239.720703125,7260.3466880341875,7136.59077857906,7136.59077857906,2886000,7241.7833251953125,67.55205155456534,7376.887428304443,7106.679222086182,0.49236654541629127,3.7312384820761553,False,29.02265307282406,128.3976324201524,3238245.0,0.8912234867960886,10424266.518125754
2018-10-29,7260.3466796875,7301.598649458451,7219.094709916548,7301.598649458451,2504200,7240.75205078125,67.07806760120374,7374.908185983657,7106.595915578842,0.5730291942171973,3.7055856701496186,False,29.63906878988979,125.11951150027748,3248545.0,0.7708681886813943,10424266.518125754
2018-10-30,7136.5908203125,7260.346730491329,7095.338850252891,7136.5908203125,6590800,7228.376513671875,61.86882428806743,7352.11416224801,7104.63886509574,0.12911169552854582,3.4236636218961656,False,31.019624455614494,127.96868069586043,3461540.0,1.904008042663092,10424266.518125754
2018-10-31,7363.47705078125,7466.606981464461,7177.843175551471,7177.843175551471,17387500,7232.5017578125,68.00649212387498,7368.51474206025,7096.48877356475,0.9814808442485773,3.761160074405226,False,29.68727009706036,142.4006435855819,4257860.0,4.0836241680092815,10424266.518125754
2018-11-01,7363.47705078125,7445.980995327819,7322.225078507966,7404.729023054535,4464800,7236.627001953125,73.39065277211989,7383.408307497364,7089.8456964088855,0.9321056021330082,4.056622111506476,False,28.450083906974378,141.06887738802985,4047490.0,1.103103404826201,10424266.518125754
2018-11-02,7363.47705078125,7445.980995327819,7322.225078507966,7445.980995327819,7017900,7241.783520507813,78.58421177840113,7398.9519440646145,7084.615096951011,0.8871437007493315,4.340599884316364,False,27.301268159037395,139.8322373474458,4234855.0,1.6571759835932989,10424266.518125754
2018-11-05,7404.72900390625,7425.354989989554,7363.4770317396415,7384.103017822946,4029700,7247.971362304687,86.32368133456859,7420.618724973824,7075.3239996355505,0.9539821494463679,4.764018896847267,False,26.234510678810196,134.2640745547649,4127010.0,0.9764211862825629,10424266.518125754
2018-11-06,7390.61181640625,7473.652398613061,7328.331379751141,7473.652398613061,3141600,7251.390698242188,90.66497785847054,7432.720653959129,7070.0607425252465,0.8838889101737514,5.001246333641833,False,24.667475329334636,135.0538562909903,4167400.0,0.7538513221672986,10424266.518125754
2018-11-07,7245.291015625,7452.892477390759,7203.770723271848,7432.132331214183,6283800,7257.8570556640625,84.92818327821718,7427.713422220497,7088.000689107628,0.4630098055968733,4.680620333349709,False,24.349263588845222,143.20156327869896,4270650.0,1.471391942678515,10424266.518125754
2018-11-08,7266.0517578125,7328.332201450893,7224.531462053572,7328.332201450893,5848100,7267.423974609375,73.17540499542352,7413.774784600222,7121.073164618529,0.495311892032025,4.027584203210412,False,24.053781258390767,140.38721871574342,4450110.0,1.3141472907411278,10424266.518125754
2018-11-09,7120.73046875,7266.05149872449,7037.689880193148,7266.05149872449,8597400,7263.537060546875,78.87370239834786,7421.284465343571,7105.789655750179,0.0473567632351119,4.343542367355094,False,25.058271452738524,146.671122923144,4749260.0,1.8102609669716967,10424266.518125754
2018-11-12,6996.1689453125,7141.489961980712,6892.36821912092,7079.209526265764,4511300,7253.4220703125,98.24933939195745,7449.920749096415,7056.923391528585,-0.1545925056394275,5.4180958140617195,False,26.690378909632607,153.98902434719028,4882490.0,0.9239752667184162,10424266.518125754
2018-11-13,7099.9697265625,7203.770453559027,6913.12841796875,6975.408854166666,2443500,7247.465771484375,103.88898263142093,7455.243736747217,7039.687806221534,0.14506331377513726,5.7338101845298075,False,27.486923713935653,163.7499537216965,4941325.0,0.49450299261837666,10424266.518125754
2018-11-14,7224.53076171875,7224.530761718751,7099.969886516703,7099.969886516703,1716000,7245.674975585937,103.96392375532467,7453.602823096587,7037.747128075288,0.4491549253254681,5.7393644680793825,False,27.99177482699183,160.95074525273608,4869895.0,0.35236899358199714,10424266.518125754
2018-11-15,7245.291015625,7286.8113079781515,7203.770723271848,7224.530869448424,3112700,7242.859619140625,103.12885995877552,7449.117339058176,7036.601899223074,0.50589407389296,5.695477498210132,False,27.773052050029428,155.38573378513377,4990095.0,0.6237756996610285,10424266.518125754
2018-11-16,7286.810546875,7307.570690883191,7224.530114850428,7286.810546875,3503600,7245.214111328125,103.5899385373527,7452.3939884028305,7038.0342342534195,0.6003872483520106,5.719082249088349,False,27.34655242212456,150.2182225171073,5112555.0,0.6852933611472151,10424266.518125754
2018-11-19,7286.810546875,7307.570690883191,7183.009826834046,7307.570690883191,3051900,7248.599853515625,103.79774339835252,7456.19534031233,7041.00436671892,0.5920316090416604,5.7278782383336955,False,27.2362987337317,148.38555405511,5050960.0,0.604221771702805,10424266.518125754
2018-11-20,7286.810546875,7286.810546875,7286.810546875,7286.810546875,0,7251.985595703125,103.88904920527439,7459.763694113673,7044.207497292577,0.5838032291138415,5.730240240235972,False,27.133920308795474,137.78658590831643,4719945.0,0.0,10424266.518125754
2018-11-21,7349.09130859375,7369.851453533281,7224.530438956568,7266.050728835628,8274600,7258.485375976563,105.7724936686682,7470.030363313899,7046.9403886392265,0.7141528706437843,5.82890166142616,False,26.085561926275865,138.32475938463043,4900900.0,1.6883837662470158,10424266.518125754
2018-11-22,7432.1318359375,7432.1318359375,7349.091256765014,7369.851401558135,7275300,7268.105932617187,112.5116288326895,7493.129190282566,7043.082674951808,0.8644643336472975,6.192074241943521,False,24.47812719516907,134.37588936947728,5132035.0,1.417624782371905,10424266.518125754
2018-11-23,7411.37158203125,7473.652015493698,7369.851293056285,7452.891871006215,2860800,7276.6884765625,116.70128075479028,7510.091038072081,7043.285915052919,0.7885210526346806,6.415076370559147,False,22.870616750224816,132.19194887432985,5130775.0,0.5575765844341255,10424266.518125754
2018-11-26,7390.61181640625,7452.892253061359,7349.091525302844,7452.892253061359,3159600,7283.201733398438,119.34638053960805,7521.894494477654,7044.508972319221,0.7249965238203548,6.554610727989245,False,21.300484138209267,130.1640045089145,5163545.0,0.6119051930408276,10424266.518125754
2018-11-27,7432.1318359375,7452.891980730621,7369.851401558135,7411.371691144378,3747100,7297.978784179688,118.53176421284213,7535.042312605372,7060.915255754004,0.7829474711878067,6.496689985988516,False,19.842503855623402,126.79804555631247,5021360.0,0.7462320964838212,10424266.518125754
2018-11-28,7473.65234375,7473.65234375,7432.132052951389,7452.892198350694,3249300,7303.487548828125,124.16246790014279,7551.812484628411,7055.162613027839,0.8426252671192257,6.800174139822573,False,18.588859075146114,120.70679286032586,4314450.0,0.7531203281994229,10424266.518125754
2018-11-29,8054.935546875,8054.935546875,7494.411681499678,7494.411681499678,24076300,7338.060473632812,209.0177102920749,7756.095894216962,6920.025053048663,1.3574334110736945,11.393621573063845,False,20.825799730628596,153.60510787923116,5295025.0,4.546966256061114,10424266.518125754
2018-11-30,8179.49755859375,8200.257704681551,8034.17653597914,8054.936682066941,18507400,7378.861499023437,281.36467750423583,7941.590854031909,6816.132144014966,1.2113864350992136,15.252470996587927,False,23.317964340558085,154.4962550808869,5869500.0,3.153147627566232,10424266.518125754
2018-12-03,7992.65478515625,8283.29677734375,7992.65478515625,8283.29677734375,3880300,7408.257788085937,313.1290121939928,8034.515812473923,6781.9997636979515,0.9665784503451419,16.907025708396446,False,25.842838727874334,164.22095058850215,5862030.0,0.6619379293521186,10424266.518125754
2018-12-04,8096.4560546875,8096.456054687499,7847.334329927884,7847.334329927884,5133200,7443.55,348.7828804854834,8141.115760970967,6745.984239029033,0.9679888916700099,18.74282461919291,False,26.923177963251877,170.2852916007245,5961610.0,0.8610425707149578,10424266.518125754
2018-12-05,8096.4560546875,8096.456054687499,7847.334329927884,8013.415479767627,2964800,7486.108251953125,374.3131289689054,8234.734509890935,6737.481994015314,0.9076452009682765,20.0004123034821,False,27.92635011038817,175.9164653977882,5795660.0,0.5115551982000325,10424266.518125754
2018-12-06,8054.935546875,8096.4558331990975,7930.374687902706,8096.4558331990975,4119600,7525.55244140625,391.09285484152304,8307.738151089296,6743.366731723204,0.8383998831193584,20.787462867958805,False,28.857867104157584,175.2139583540029,5709235.0,0.7215677757177625,10424266.518125754
2018-12-07,8054.935546875,8117.215976361147,7971.894974226804,7971.894974226804,8743900,7572.2626953125,395.9563697033514,8364.175434719204,6780.349955905797,0.8047512860596961,20.916145444793543,False,29.805131340702886,173.07874719545578,5716560.0,1.5295737296555971,10424266.518125754
2018-12-10,8075.69677734375,8096.456923300932,7930.3757556434775,8013.4163394722045,1197100,7626.239086914063,386.76392477361907,8399.766936461301,6852.711237366824,0.7905245691494909,20.285958536876777,False,30.275281828993464,172.57892008559855,5550850.0,0.21566066458290173,10424266.518125754
2018-12-11,8054.935546875,8096.4558331990975,8013.415260550902,8075.695690037049,2852500,7673.987377929688,377.2032514970879,8428.393880923864,6919.580874935512,0.7524820288752553,19.661395460822412,False,30.711850139549,166.1833238400698,5571300.0,0.5119989948485991,10424266.518125754
2018-12-12,8034.1767578125,8137.977491117571,7930.376024507429,8117.217344456557,6880600,7714.469677734375,369.8016803806424,8454.07303849566,6974.866316973091,0.7161341450294689,19.17444469049998,False,30.28377528518221,169.14176260936065,5829530.0,1.180300984813527,10424266.518125754
2018-12-13,8158.736328125,8262.537044767812,8013.415324825064,8137.976184796438,11804000,7760.141943359375,365.18470425098815,8490.51135186135,7029.772534857399,0.7728717688102259,18.82360951211669,False,30.539191347963808,174.85461670460262,6264095.0,1.8843903229436973,10424266.518125754
2018-12-14,8387.0986328125,8573.939938989015,8221.017471766707,8221.017471766707,14592100,7815.15634765625,372.9214593554477,8560.999266367146,7069.313428945354,0.8834200679580005,19.08708887019446,False,31.94028913853927,192.02240200170348,6818520.0,2.140068519268111,10424266.518125754
2018-12-17,8407.859375,8511.660108024691,8304.058641975309,8470.139814814815,5966000,7871.2087890625,373.5778613816599,8618.36451182582,7124.0530662991805,0.8591290072387614,18.98452303289262,False,33.2413085155022,193.13519229082337,6964225.0,0.8566638786081725,10424266.518125754
2018-12-18,8345.5771484375,8490.898143559547,8324.817006277208,8345.5771484375,8961500,7924.147119140625,361.2188905454254,8646.584900231475,7201.7093380497745,0.791672196781108,18.233830599783182,False,34.44939793696778,191.20275979021736,7412300.0,1.2090039528891168,10424266.518125754
2018-12-19,8470.1396484375,8490.899794634652,8324.818625057445,8387.099063648897,5853500,7980.199536132813,354.19915886267194,8688.597853858157,7271.801218407469,0.8458083538918313,17.75389987475507,False,35.57120106563304,189.40836048928801,7291245.0,0.8028121397648824,10424266.518125754
2018-12-20,8698.5009765625,8719.261122091288,8428.619084688245,8470.139375745823,24269900,8043.517993164062,364.1195620549801,8771.757117274023,7315.278869054102,0.9497032373802665,18.107477964961806,False,37.3089350141894,196.63933741169905,8140975.0,2.981203111420929,10424266.518125754
2018-12-21,8740.0205078125,8740.0205078125,8511.658926848278,8511.658926848278,7629400,8109.950439453125,363.92012739608265,8837.79069424529,7382.11018466096,0.9328354087390314,17.949314492758976,False,38.97633675439742,198.90521195116494,8379405.0,0.9104942415362427,10424266.518125754
2018-12-24,8740.0205078125,8740.0205078125,8740.0205078125,8740.0205078125,0,8177.420874023437,348.29013683912683,8874.00114770169,7480.840600345184,0.9038297200251499,17.036674139911877,False,40.52463837030487,184.69769681179602,8221425.0,0.0,10424266.518125754
2018-12-25,8740.0205078125,8740.0205078125,8740.0205078125,8740.0205078125,0,8242.815307617188,322.8449463031778,8888.505200223542,7597.125415010832,0.8850185715222538,15.666732020785986,False,41.9623470136475,171.50500418238204,8034070.0,0.0,10424266.518125754
2018-12-26,8511.6611328125,8760.782922065548,8407.860387290395,8760.782922065548,3278500,8294.715747070313,272.1398274637498,8838.995401997812,7750.436092142813,0.6992958801400406,13.123527593329248,True,40.165939621976264,184.4633992247228,8035530.0,0.40800046792184214,10424266.518125754
2018-12-27,8885.341796875,8906.101941260222,8636.220064252337,8636.220064252337,6170400,8336.236059570312,295.93807028607154,8928.112200142456,7744.359918998169,0.9638687891472436,14.200081099974307,False,39.17477471205127,199.46178559779418,7140235.0,0.8641732379956683,10424266.518125754
2018-12-28,8677.7412109375,8989.143407502243,8677.7412109375,8885.342675313996,6873000,8361.1482421875,302.9377182224914,8967.023678632484,7755.272805742517,0.7612690247088005,14.492637109050227,False,38.599346834761604,207.4575292382905,6558515.0,1.0479506412655915,10424266.518125754
2018-12-31,8677.7412109375,8677.7412109375,8677.7412109375,8677.7412109375,0,8395.402563476562,297.76628690819365,8990.935137292949,7799.869989660175,0.7370471909299694,14.187111798717014,False,38.06502094870692,192.63913429269834,6364500.0,0.0,10424266.518125754
2019-01-01,8677.7412109375,8677.7412109375,8677.7412109375,8677.7412109375,0,8424.466821289063,295.41068165235237,9015.288184593768,7833.6454579843585,0.7143409204363986,14.026320616793663,False,37.56886119737043,178.87919612893418,6107840.0,0.0,10424266.518125754
2019-01-02,8636.2197265625,8760.780588003305,8470.13857797476,8719.260300856371,1844700,8451.455004882813,288.44072041374886,9028.33644571031,7874.573564055316,0.6601409827075163,13.651647923208612,False,35.517616586483605,186.86225426462067,6051835.0,0.30481663825930483,10424266.518125754
2019-01-03,8781.5419921875,8864.582578402038,8677.741259419327,8740.02169908023,3283000,8487.785327148438,281.5459976398966,9050.877322428232,7924.693331868645,0.7608425155227941,13.26829022121299,False,34.15837208041138,189.82658266282908,6010005.0,0.5462557851449374,10424266.518125754
2019-01-04,8802.30078125,8802.30078125,8719.26020784198,8781.540637897995,3964600,8525.153588867188,270.45070821074603,9066.05500528868,7984.252172445696,0.756190115212093,12.689540681773599,False,32.89621646763004,182.19901057319984,5771040.0,0.686981895810807,10424266.518125754
2019-01-07,8594.7001953125,8947.622667100693,8490.899468315973,8885.342230902777,5581500,8551.103759765625,249.11265719415061,9049.329074153926,8052.878445377324,0.543751726666479,11.65288899270605,True,30.834178823418867,201.80788115973706,5990260.0,0.9317625612243876,10424266.518125754
2019-01-08,8449.3798828125,8594.700912738022,8345.579147151413,8594.700912738022,10049900,8570.8259765625,221.89029276743264,9014.606562097366,8127.045391027636,0.3631687620993737,10.355608356730448,True,29.657720365649705,205.1874443330851,6350130.0,1.5826290170437456,10424266.518125754
2019-01-09,8511.6611328125,8553.181431021341,8470.140834603659,8553.181431021341,2295000,8594.7001953125,183.47225041814187,8961.644696148784,8227.755694476216,0.3868506513781374,8.538855166499305,True,28.565294654864058,197.94559460992483,6120850.0,0.3749479238994584,10424266.518125754
2019-01-10,8428.6181640625,8553.179023629926,8366.337734278786,8511.658737107451,6857000,8608.194287109374,157.85673120353712,8923.90774951645,8292.4808247023,0.21560268339882793,7.3351844040009775,True,28.051944391081314,197.15242994858303,5873500.0,1.1674470077466588,10424266.518125754
2019-01-11,8428.6181640625,8553.179023629926,8345.577591017549,8532.418880368688,5601300,8610.270263671875,155.0440185687299,8920.358300809336,8300.182226534414,0.2070959246182569,7.202748058810006,True,27.672619795382367,197.89878728171118,5423960.0,1.0326956688471154,10424266.518125754
2019-01-14,8304.05859375,8449.379619140625,8241.778154296875,8387.0991796875,6259600,8605.080224609375,163.67345459125406,8932.427133791884,8277.733315426867,0.040210060924166964,7.608224458996673,True,27.79154767754985,198.5918356789997,5438640.0,1.1509495020814027,10424266.518125754
2019-01-15,8387.0986328125,8387.0986328125,8241.77761689743,8304.058052289603,5476000,8607.156298828126,160.4400070128313,8928.036312853788,8286.276284802463,0.15710287896268532,7.456121461843345,True,27.901983113663846,194.78677712443326,5264365.0,1.040201429802075,10424266.518125754
2019-01-16,8324.8193359375,8511.66066766677,8283.299039997662,8428.620075787094,7694600,8599.890283203125,169.97888717566138,8939.848057554449,8259.932508851802,0.09543365673797198,7.906095616482739,True,27.0233647690501,197.18498073476718,5356420.0,1.436519167653022,10424266.518125754
2019-01-17,8304.05859375,8449.379619140625,8283.298447265624,8324.818740234376,4156500,8580.1681640625,180.49299441077258,8941.154152884044,8219.182175240954,0.11756192918474301,8.414426895116403,True,26.207508158652413,194.96328010192673,4350750.0,0.9553525254266506,10424266.518125754
2019-01-18,8428.6181640625,8428.6181640625,8366.337734278786,8407.858020801263,13240200,8564.598046875,179.40585557963476,8923.40975803427,8205.786335715731,0.31051359447944316,8.378950400134428,True,25.44992702042599,189.93444368839627,4631290.0,2.85885789920303,10424266.518125754
2019-01-21,8470.1396484375,8553.180233226103,8470.1396484375,8470.1396484375,6783200,8551.10400390625,175.6267460494003,8902.35749600505,8199.85051180745,0.3847493942551659,8.215395156890693,False,23.779429897646292,185.26498836519676,4970450.0,1.364705408966995,10424266.518125754
2019-01-22,8677.7412109375,8698.50135737515,8490.899892998654,8511.660039436303,7422200,8547.9900390625,172.62736348405468,8893.24476603061,8202.735312094392,0.6879064379717882,8.078032973608256,False,22.868639271696022,188.34332554894337,5341560.0,1.3895191666853879,10424266.518125754
2019-01-23,8698.5009765625,8760.781413148865,8677.74083103371,8760.781413148865,6877100,8557.33203125,175.58806792616807,8908.508167102336,8206.155895397664,0.7009945023312449,8.207608038811571,False,22.37809951738775,180.82170101795845,5521490.0,1.2455152504124793,10424266.518125754
2019-01-24,9009.9033203125,9030.663466211838,8740.02142362111,8740.02142362111,14756500,8563.560107421876,189.49334234175217,8942.54679210538,8184.573422738371,1.0888639771914013,8.85114788544648,False,23.163800305575947,191.63175734877123,5950795.0,2.479752705310803,10424266.518125754
2019-01-25,8926.8623046875,9092.943463844476,8823.06158021439,9092.943463844476,5926300,8576.016162109376,204.95120153671894,8985.918565182814,8166.113759035938,0.9279630223529901,9.559273101290836,False,24.126067493635006,197.22105208315094,5903460.0,1.0038689175500468,10424266.518125754
2019-01-28,8926.8623046875,8968.382594476745,8760.781145530524,8968.382594476745,9435600,8588.472216796876,218.57635898683105,9025.624934770538,8151.3194988232135,0.8870387555396736,10.179987940549013,False,24.531377122886003,197.9625090019417,6375240.0,1.4800383985544074,10424266.518125754
2019-01-29,8906.1015625,8968.381993006993,8864.581275495339,8968.381993006993,3958700,8599.890234375,229.19181748959514,9058.27386935419,8141.50659939581,0.834012064085688,10.660220595536558,False,24.907736064333356,191.23666675263547,6573175.0,0.6022508148649626,10424266.518125754
2019-01-30,8947.623046875,8968.383193155452,8906.102754314095,8906.102754314095,4598500,8615.460400390624,242.0089787776452,9099.478357945914,8131.442442835334,0.8431304988786829,11.236032320068347,False,25.257217830111408,182.02559274569384,6710865.0,0.6852320826003802,10424266.518125754
2019-01-31,8947.623046875,8989.143339435905,8885.342608033643,8989.143339435905,11009300,8623.764453125,250.70094924771414,9125.16635162043,8122.3625546295725,0.8229530988233299,11.62837647574512,False,25.5817366126196,176.43810264973442,7097180.0,1.5512217528652226,10424266.518125754
2019-02-01,8926.8623046875,9051.423174055233,8760.781145530524,9051.423174055233,2471600,8629.992529296875,256.84171468310456,9143.675958663083,8116.309099930666,0.7889617986674287,11.904608900236461,False,24.783385543631674,184.59552592651835,7022530.0,0.35195292864537425,10424266.518125754
2019-02-04,8843.8212890625,8968.382152288732,8781.540857449385,8843.8212890625,4469100,8642.448583984375,261.04645536591596,9164.541494716206,8120.355673252543,0.6928514072292764,12.082059977755385,False,24.04205955100003,184.7559379917204,6966910.0,0.6414752020623203,10424266.518125754
2019-02-05,8843.8212890625,8843.8212890625,8843.8212890625,8843.8212890625,0,8662.170654296875,260.5920412357765,9183.354736768428,8140.986571825322,0.6742672511257477,12.033567641917077,False,23.35368541498493,171.5590852780261,6464415.0,0.0,10424266.518125754
2019-02-06,8802.30078125,8885.34135465802,8781.540637897995,8802.30078125,7406500,8676.70263671875,259.85986034109743,9196.422357400945,8156.982916036555,0.6208325752642091,11.979659611309119,False,22.15093537854106,166.71920181245454,6719990.0,1.1021593782133605,10424266.518125754
2019-02-07,8740.0205078125,8843.821226432601,8615.45964546838,8843.821226432601,3523400,8692.27275390625,253.46342719211407,9199.199608290479,8185.345899522023,0.5470953092081196,11.663850611600251,False,21.361047838380898,171.1222288947236,6553310.0,0.53765196519011,10424266.518125754
2019-02-08,8802.30078125,8906.101498010024,8677.739921137972,8802.30078125,5670000,8710.956884765625,246.68763102262616,9204.332146810877,8217.581622720372,0.5925704058465717,11.327693813020796,False,20.130992086962756,175.21075375024705,6556745.0,0.8647583518956433,10424266.518125754
2019-02-11,8719.2607421875,8802.301320684524,8677.740452938988,8802.301320684524,4834800,8731.7169921875,227.35597549875848,9186.428943185016,8277.005041189983,0.48630314205215674,10.415178398575202,False,18.98879746064591,171.5929047499106,6485505.0,0.745477800109629,10424266.518125754
2019-02-12,8677.7412109375,8802.302089563396,8677.7412109375,8719.261503812799,5405200,8746.24912109375,213.00506149621592,9172.25924408618,8320.238998101318,0.41959356543568943,9.741550168403096,False,17.928181499672235,168.23347431248098,6481965.0,0.8338829351901776,10424266.518125754
2019-02-13,8656.9814453125,8885.343066172061,8656.9814453125,8677.74159266337,3454900,8762.8572265625,190.13859751223214,9143.134421586965,8382.580031538037,0.36079130876729343,8.679296836464367,False,17.05392653805982,172.52834192298673,6269980.0,0.5510224912998127,10424266.518125754
2019-02-14,8719.2607421875,8740.020886811755,8656.980308314733,8656.980308314733,4307200,8783.617333984375,157.22693384343395,9098.071201671244,8469.163466297507,0.3976692634275988,7.160008359431296,True,16.24210785352646,166.13635882113215,6277515.0,0.6861313752336713,10424266.518125754
2019-02-15,8656.9814453125,8802.302476768586,8553.180708558153,8677.74159266337,3255100,8795.035498046875,137.0920962122827,9069.21969047144,8520.85130562231,0.2482457841322188,6.234976367871488,True,15.58421370523598,172.06388806322505,5778260.0,0.5633356754455493,10424266.518125754
2019-02-18,8760.78125,8802.30154028436,8656.9805242891,8740.02110485782,5625800,8809.567578125,114.35932001730784,9038.286218159616,8580.848938090383,0.39334859607941114,5.192505489203503,True,14.973311996109107,170.15368291551326,5720390.0,0.9834644141395954,10424266.518125754
2019-02-19,8698.5009765625,8781.541558677654,8698.5009765625,8760.781413148865,3472600,8810.60556640625,113.18803124492703,9036.981628896103,8584.229503916396,0.2523930122939247,5.13871744192016,True,14.40604612334844,163.9313185726305,5522910.0,0.6287627355868555,10424266.518125754
2019-02-20,8719.2607421875,8740.020886811755,8594.699874441963,8719.2607421875,6394400,8811.6435546875,112.19671807260953,9036.03699083272,8587.25011854228,0.2941499223706945,5.093111966061076,True,14.747079519887507,162.60201098671345,5498775.0,1.1628771862823992,10424266.518125754
2019-02-21,8698.5009765625,8760.781413148865,8573.940103389767,8636.220539976133,15449600,8796.0734375,104.5843162020276,9005.242069904054,8586.904805095945,0.26676124948549446,4.755954662959344,True,14.830705202311995,164.33338947045522,5533430.0,2.792047608806834,10424266.518125754
2019-02-22,8636.2197265625,8636.2197265625,8553.17915226863,8636.2197265625,8520200,8781.54130859375,105.64178061603666,8992.824869825825,8570.257747361677,0.15609822840966478,4.8119926515703755,True,15.080353881480885,162.9754205292705,5663125.0,1.5045050215208033,10424266.518125754
2019-02-25,8511.6611328125,8677.742325647865,8470.140834603659,8677.742325647865,5233500,8760.78125,115.88130205210365,8992.543854104208,8529.018645895792,-0.0374467510631868,5.290911791781301,True,15.952788002485867,166.1629969946231,5453020.0,0.9597434082398377,10424266.518125754
2019-02-26,8636.2197265625,8636.2197265625,8470.13857797476,8511.658865121695,5769300,8747.287158203126,113.76263764801749,8974.81243349916,8519.76188290709,0.2559228716543361,5.2021906033498375,True,16.762922090179956,166.15715067984573,5543550.0,1.0407230024082041,10424266.518125754
2019-02-27,8656.9814453125,8719.261887365108,8594.701003259892,8636.22129796163,4188700,8732.755078125,105.0548336097918,8942.864745344583,8522.645410905416,0.31968075573288834,4.811990381956206,True,16.48800169755386,163.18598878165793,5523060.0,0.7584020452430356,10424266.518125754
2019-02-28,8490.8984375,8656.979580531784,8490.8984375,8636.219437652811,5742300,8709.91884765625,105.52883502428149,8920.976517704814,8498.861177607687,-0.01886389654982604,4.846375121057688,True,17.053827162238427,163.39291871243236,5259710.0,1.091752206870721,10424266.518125754
2019-03-01,8553.1806640625,8615.46110579111,8449.37992784815,8615.46110579111,5823400,8691.234765625,97.90190085532844,8887.038567335658,8495.430963914343,0.14746828111513052,4.505776382547798,True,17.869719500501827,163.58493722889867,5427300.0,1.0729828828330845,10424266.518125754
2019-03-04,8594.7001953125,8677.740776909723,8532.419759114582,8636.220486111111,1743000,8678.7787109375,93.20155628748049,8865.181823512461,8492.37559836254,0.2744712669666694,4.295606992261358,True,17.893542713710463,162.2803715550588,5290995.0,0.32942764073676123,10424266.518125754
2019-03-05,8532.419921875,8615.460505056264,8470.139484489051,8594.700359260949,1656800,8663.208642578125,90.13947489749887,8843.487592373123,8482.929692783127,0.13726014365002076,4.161944084065091,True,18.378897282746887,161.06898934164124,5373835.0,0.30830868458000665,10424266.518125754
2019-03-06,8511.6611328125,8573.941580125762,8449.380685499238,8532.42128191692,2877200,8648.67666015625,89.96310008898395,8828.602860334218,8468.750459978282,0.1192452038440593,4.1607799030543795,True,18.978442245100357,158.4612682905614,5147370.0,0.5589650637121482,10424266.518125754
2019-03-07,8511.6611328125,8511.6611328125,8511.6611328125,8511.6611328125,0,8637.25869140625,92.22283773439513,8821.704366875041,8452.81301593746,0.15952696295391824,4.270930906638407,True,19.53516256728572,147.14260626980703,4971200.0,0.0,10424266.518125754
2019-03-08,8511.6611328125,8636.222027439024,8449.380685499238,8636.222027439024,1951100,8622.726708984375,87.6320865408115,8797.990882065998,8447.462535902752,0.1831480894838944,4.065168223388272,True,18.589931253848512,149.9782302462341,4785255.0,0.407731667382407,10424266.518125754
2019-03-11,8553.1806640625,8594.70095854824,8470.14007509102,8532.42051681963,882300,8614.422705078125,85.85390663910934,8786.130518356344,8442.714891799906,0.3216678675058488,3.986519332908954,True,17.712216462799674,148.1627054755902,4587630.0,0.1923215254935555,10424266.518125754
2019-03-12,8490.8984375,8573.939009015892,8470.138294621027,8553.17886613692,2133600,8605.08056640625,88.71909330367484,8782.518753013599,8427.642379798901,0.1782481519636967,4.12403312759343,False,16.897213500910702,144.993991826967,4424050.0,0.48227303036810165,10424266.518125754
2019-03-13,8594.7001953125,8615.460340711805,8511.659613715277,8511.659613715277,2021700,8601.96650390625,87.89065454889209,8777.747813004033,8426.185194808466,0.47933139583769063,4.087002873539652,False,15.718419376524018,143.534556925884,4352390.0,0.464503410769715,10424266.518125754
2019-03-14,8615.4599609375,8656.980249905873,8594.699816453312,8594.699816453312,3788300,8596.77646484375,83.55772694840194,8763.891918740554,8429.661010946946,0.5558999651381364,3.887863191051144,False,15.075798487221547,137.73069096350378,4326445.0,0.8756149679471252,10424266.518125754
2019-03-15,8656.9814453125,8719.261887365108,8615.461150610761,8677.74159266337,4923600,8596.77646484375,83.55772694840194,8763.891918740554,8429.661010946946,0.6801299014091412,3.887863191051144,False,15.099190651665719,135.30720778236838,4409870.0,1.1164954975997026,10424266.518125754
2019-03-18,8615.4599609375,8656.980249905873,8573.939671969127,8573.939671969127,2640000,8589.510400390625,74.3574477005594,8738.225295791744,8440.795504989506,0.5872460034244806,3.4627094786300265,False,14.604598642671485,131.5739624652973,4260580.0,0.6196339465518779,10424266.518125754
2019-03-19,8553.1806640625,8677.741547519721,8553.1806640625,8656.98140027685,1519700,8582.244384765625,70.126417774738,8722.497220315101,8441.991549216149,0.3963881172553107,3.268441896118441,False,14.359336051658403,131.07302825043473,4162935.0,0.36505494320713633,10424266.518125754
2019-03-20,8615.4599609375,8636.220105421686,8553.17952748494,8636.220105421686,2728000,8577.054345703125,62.923360701850754,8702.901067106826,8451.207624299424,0.6525888589150214,2.934497470375637,True,14.131576942368778,127.64213894231416,3979615.0,0.6854934459740453,10424266.518125754
2019-03-21,8615.4599609375,8677.740394390059,8532.419383000753,8677.740394390059,1341800,8572.902294921874,56.943440886052855,8686.78917669398,8459.01541314977,0.6868418265274239,2.6569037615082918,True,14.366466013135193,128.9049155456707,3274225.0,0.4098069008696715,10424266.518125754
2019-03-22,8573.9404296875,8677.74116128178,8553.180283368643,8677.74116128178,1489800,8569.788330078125,54.96726239661511,8679.722854871356,8459.853805284894,0.5188844206002821,2.5656298745999107,True,14.584585547441549,128.5946271433468,2922705.0,0.5097332779052282,10424266.518125754
2019-03-25,7805.8134765625,8553.17859665891,7681.252623213099,8553.17859665891,23557600,8534.495947265625,179.5864194289301,8893.668786123484,8175.323108407764,-0.5143897197520204,8.41696665104014,False,17.594702714253998,183.17271138127927,3838910.0,6.136533547282952,10399902.739899237
2019-03-26,7951.1357421875,8054.936469892297,7868.095160023661,7888.855305564621,8418700,8500.241748046876,219.9603740790316,8940.162496204939,8060.320999888812,-0.12409650847166015,10.350782041208303,False,20.389811512008414,187.8834458061734,3971380.0,2.1198424728935534,10588821.685211737
2019-03-27,7598.2138671875,7971.896516393443,7432.132689762637,7930.376222037227,19033200,8447.303369140625,294.8957249301113,9037.094819000848,7857.511919280403,-0.21982181341756954,13.964017251110604,False,23.813739338111553,213.01775872221856,4713605.0,4.037928506949564,10188565.069805356
2019-03-28,7702.01318359375,7743.53347029776,7515.171893425708,7618.972610185731,9427300,8407.859106445312,338.3198592856953,9084.498825016703,7731.219387873922,-0.021581798613474583,16.09541049641735,False,26.99310089092161,214.11374573292096,4897855.0,1.9247813583701436,10188565.069805356
2019-03-29,7743.5341796875,7764.294324941354,7681.253743925939,7764.294324941354,6738300,8367.376782226562,367.2213657838672,9101.819513794297,7632.934050658827,0.0752952710094816,17.55490999587327,False,29.769983700500184,204.7513768245277,4943600.0,1.3630350351970224,10188565.069805356
2019-04-01,7681.25390625,7805.814780405405,7681.25390625,7805.814780405405,4725200,8321.704467773438,393.33583875456674,9108.376145282571,7535.032790264304,0.09293655801152088,18.90650360285184,False,31.987632316322482,199.02348377673326,5092710.0,0.9278360637067494,10188565.069805356
2019-04-02,7473.65234375,7722.774088541666,7432.132052951389,7702.01394314236,10437700,8268.766088867187,432.75680068026844,9134.279690227724,7403.25248750665,0.04066941070174136,20.93452861185269,False,34.50714047637359,205.56766604912926,5531755.0,1.8868695377868325,10188565.069805356
2019-04-03,7473.65234375,7473.65234375,7473.65234375,7473.65234375,0,8216.865649414063,463.2621898960242,9143.390029206112,7290.341269622015,0.09892404243541224,22.55177142535166,False,36.846683767849626,190.88426133133433,5387895.0,0.0,10188565.069805356
2019-04-04,7515.17236328125,7577.452797231094,7452.891929331405,7473.652073981353,9460500,8167.0412109375,483.0519680302244,9133.14514699795,7200.937274877051,0.1626300632236205,23.658603185854364,False,38.13958808140488,186.14687608621688,5860920.0,1.6141663766098155,10188565.069805356
2019-04-05,7535.9326171875,7556.692762138429,7473.65218233471,7535.9326171875,4860900,8118.25478515625,495.5261813828419,9109.307147921934,7127.202422390566,0.20621019138499863,24.415404270823444,False,39.34014208684905,178.78214063746702,6006410.0,0.8092854134166665,10188565.069805356
2019-04-08,7494.4130859375,7556.693527094876,7432.132644780125,7535.933380042417,7669000,8065.31640625,503.113790550444,9071.543987350888,7059.088825149112,0.21631501111911014,24.951967918360616,False,40.56121328283761,174.9091936144159,6345745.0,1.208526343242598,10188565.069805356
2019-04-09,7681.25390625,7702.014051942567,7494.412595016892,7494.412595016892,5422000,8024.8341796875,499.629018363831,9024.092216415162,7025.576142959838,0.3280823066669319,24.904141677020284,False,40.45815467858129,177.2443552795058,6510165.0,0.8328513947035137,10188565.069805356
2019-04-10,7722.7744140625,7764.294706611224,7598.213536416331,7722.7744140625,6151300,7981.237890625,485.1171351592691,8951.472160943538,7011.003620306461,0.3668035728743929,24.31287686483333,False,39.879444043630514,176.44698491631917,6716645.0,0.9158292570174544,10188565.069805356
2019-04-11,7515.17236328125,7805.814388380524,7515.17236328125,7785.054243730577,6438100,7926.2235107421875,471.6087731375901,8869.441057017368,6983.005964467007,0.2821016216862155,23.799923002344407,False,39.65729931618121,184.60377350081598,6849135.0,0.9399873122664395,10188565.069805356
2019-04-12,7515.17236328125,7535.9325079311975,7432.131784681457,7515.17236328125,5680700,7869.133056640625,446.95763080770774,8763.04831825604,6975.21779502521,0.302016640414146,22.719536070394835,False,39.7475176635068,178.83212705431058,6886990.0,0.824845106497904,10188565.069805356
2019-04-15,7515.17236328125,7577.452797231094,7494.412218631302,7515.17236328125,7383800,7814.118676757813,416.96926779950337,8648.05721235682,6980.180141158806,0.3207623819291228,21.344404150898303,False,39.48762880126463,171.9898735932736,7124180.0,1.0364420887737256,10188565.069805356
2019-04-16,7535.9326171875,7598.213052040289,7494.4123272856405,7515.17247223657,9366900,7763.256274414062,382.7077501665135,8528.67177474709,6997.840774081035,0.3515031005201386,19.718929100812087,False,39.07079760780375,167.11922010480035,7516540.0,1.2461717758436728,10188565.069805356
2019-04-17,7535.9326171875,7535.9326171875,7535.9326171875,7535.9326171875,0,7709.2799072265625,328.47295620702806,8366.225819640618,7052.333994812507,0.3680657823091787,17.04299027457142,False,38.68374007101865,155.18213295445747,7380140.0,0.0,10188565.069805356
2019-04-18,7556.69287109375,7681.253742595296,7452.892144842463,7639.733452094781,9814000,7656.341552734375,250.9000957136993,8158.141744161773,7154.541361306977,0.40070880467664943,13.108093153137506,True,37.104073987383835,160.4092375829129,7803750.0,1.257600512574083,10188565.069805356
2019-04-19,7556.69287109375,7556.69287109375,7556.69287109375,7556.69287109375,0,7605.479174804687,128.19985088002565,7861.878876564739,7349.079473044636,0.404862791617844,6.742499607636776,True,35.63724119543723,148.95143489841914,7729260.0,0.0,10188565.069805356
2019-04-22,7494.4130859375,7598.213821199793,7473.652938885042,7556.693527094876,4508800,7589.909155273437,121.31346239759219,7832.536080068621,7347.282230478253,0.3032038912899896,6.393407874364556,True,34.7405754270472,147.20925257101425,6776820.0,0.6653268051977181,10188565.069805356
2019-04-23,7639.7333984375,7681.2536886463995,7473.652237601902,7494.412382706352,7391100,7574.339038085937,87.89090251334221,7750.1208431126215,7398.557233059253,0.6860100376760713,4.6415087611685495,True,33.22592412370612,151.5229810334059,6725440.0,1.0989764238473616,10188565.069805356
2019-04-24,7639.7333984375,7702.01383375085,7598.2131082286005,7702.01383375085,4551000,7576.415014648437,88.96824551046201,7754.351505669361,7398.478523627513,0.6779241105232794,4.697115738166327,True,31.65354679780921,148.1142484968947,6001330.0,0.758331903094814,10188565.069805356
2019-04-25,7535.9326171875,7660.493486893079,7535.9326171875,7639.733341942148,8457600,7568.110986328125,84.25413068426575,7736.619247696657,7399.602724959594,0.40451990638533003,4.453112848713338,True,30.58668389143849,146.431864297515,5952845.0,1.4207660370797492,10188565.069805356
2019-04-26,7618.97265625,7681.253086682561,7535.9320823399175,7577.452369294959,9330800,7561.88291015625,74.66213239184565,7711.207174939941,7412.558645372558,0.6911603120110773,3.9493937305783002,True,29.41451897381787,146.35251715788132,6082470.0,1.5340478456942657,10188565.069805356
2019-04-29,7722.7744140625,7743.534560336861,7598.213536416331,7681.254121513777,7772200,7563.958935546875,78.62793461848386,7721.214804783843,7406.703066309908,1.0049588269303549,4.158030750218448,True,27.790116898729412,146.2788390694991,6234820.0,1.2465796927577701,10188565.069805356
2019-04-30,8075.69677734375,8137.977215215296,7868.095317771931,7868.095317771931,23070300,7594.0611572265625,136.31661155847542,7866.694380343513,7321.427934109612,1.3833032427426892,7.180169278924259,True,27.68670442641102,165.48769350402034,6866450.0,3.35985844213531,10188565.069805356
2019-05-01,8075.69677734375,8075.69677734375,8075.69677734375,8075.69677734375,0,7624.16337890625,170.51221076056896,7965.187800427388,7283.138957385112,1.162025019239733,8.945884409157575,True,27.590678559258226,153.6671439680189,6866450.0,0.0,10188565.069805356
2019-05-02,8054.935546875,8137.976119523196,7971.894974226804,8075.695690037049,9553100,7651.151538085937,193.51761389192296,8038.186765869783,7264.116310302092,1.0216372823491031,10.117045149537553,True,26.722630082999196,154.55385834861698,6871080.0,1.3903345616700722,10188565.069805356
2019-05-03,7992.65478515625,8054.935212053571,7847.3337890625,8054.935212053571,7205900,7673.987646484375,205.765781761296,8085.519210006967,7262.456082961782,0.887172172098023,10.725364242959767,False,25.089194630626928,158.34299402460866,6988330.0,1.0311333322839649,10188565.069805356
2019-05-06,7971.89599609375,8013.416287740072,7826.574975331625,7826.574975331625,4011200,7697.861791992187,211.45541366913622,8120.77261933046,7274.9509646539145,0.8239857984084809,10.987747994597974,False,23.44120107828071,160.37858819488284,6805440.0,0.5894108242817511,10188565.069805356
2019-05-07,8054.935546875,8075.695690037049,7992.655117388853,8013.415260550902,5647100,7716.545874023437,225.9248120806662,8168.395498184769,7264.696249862105,0.8744494348973293,11.711188698622637,False,22.28932130319914,156.33723860548398,6816695.0,0.8284219845540984,10188565.069805356
2019-05-08,8054.935546875,8054.935546875,7909.614544740657,7971.894974226804,4525600,7733.1539306640625,238.27788052850894,8209.70969172108,7256.598169607045,0.8376117156754274,12.325003881465342,False,20.72696553870449,155.55036457183107,6735410.0,0.6719115837046297,10188565.069805356
2019-05-09,8034.1767578125,8137.977491117571,7971.896317829457,8137.977491117571,7134000,7759.104150390625,241.52815236396304,8242.160455118552,7276.047845662699,0.7847210612195661,12.451342200468014,False,19.733151511079566,156.3025651944227,6770205.0,1.0537347096579794,10188565.069805356
2019-05-10,8158.736328125,8221.016758110687,7951.134894839377,7971.895038167939,8510000,7791.2823486328125,250.03952857800672,8291.361405788826,7291.203291476799,0.8673958889439654,12.836887043216086,False,19.289276567854145,164.41537219991466,6911670.0,1.2312509133103866,10188565.069805356
2019-05-13,7992.65478515625,8221.016350446429,7992.65478515625,8179.496065848214,5054900,7815.156469726562,245.03385503997663,8305.224179806515,7325.088759646609,0.6810957055309047,12.541468925883184,False,18.877106977716252,168.98295742064784,6795225.0,0.7438900110003716,10188565.069805356
2019-05-14,8013.41650390625,8096.457089438957,7764.2947473081285,7805.815040074482,5829500,7839.0306640625,239.59744204126935,8318.22554814504,7359.835779979961,0.6819571176950551,12.225870891904405,False,18.07662208503665,180.63862775708932,6618355.0,0.8808079953402318,10188565.069805356
2019-05-15,7909.61474609375,8013.415464546424,7888.854602403215,7888.854602403215,6269800,7857.714770507812,229.05567242889717,8315.826115365606,7399.603425650018,0.5566455908247031,11.66016731931307,False,17.333314684691302,176.63314731037119,6931845.0,0.9044922383578975,10188565.069805356
2019-05-16,7888.8544921875,8075.695782791941,7702.0132015830595,7868.094348787007,5387200,7874.3228515625,217.84862580993803,8310.020103182376,7438.625599942624,0.5166763051304235,11.066278582504928,False,17.635442970970892,190.7081068745505,6710505.0,0.8028009814462548,10188565.069805356
2019-05-17,7722.7744140625,7930.375876806116,7681.254121513777,7888.855584257392,3029000,7882.626928710937,208.0487571964372,8298.72444310381,7466.529414318063,0.3079146004012103,10.55733115764542,False,18.015076309530965,194.88051033296398,6861955.0,0.44141939141250564,10188565.069805356
2019-05-20,7785.0546875,7847.335125,7535.9329375,7722.7742499999995,2840200,7897.159008789063,188.7616360379472,8274.682280864958,7519.635736713169,0.3515266083165775,9.560989506624693,False,19.01504987670214,203.20348727346655,6778525.0,0.41899970863867875,10188565.069805356
2019-05-21,7992.65478515625,8013.414927455357,7785.053362165178,7785.053362165178,2987200,7914.805078125,179.70911770408784,8274.223313533175,7555.3868427168245,0.6082996066446651,9.082175286957813,False,18.75095840721663,205.0004928460889,6558330.0,0.45548180710638225,10188565.069805356
2019-05-22,7888.8544921875,8034.175495990954,7743.533488384046,8013.415352590461,2243500,7927.2611328125,167.884344699823,8263.029822212146,7591.492443412854,0.44280788852934594,8.471240792354692,False,18.704917341653072,211.1177439004331,6442955.0,0.348209788831367,10188565.069805356
2019-05-23,8075.69677734375,8096.456923300932,7888.855463729114,7930.3757556434775,3942700,7954.249340820313,143.24174941008621,8240.732839640485,7667.76584200014,0.7119623591299252,7.2032818320132685,True,18.23605733229401,210.86665012993305,6217210.0,0.6341590520506787,10188565.069805356
2019-05-24,8054.935546875,8117.215976361147,7930.374687902706,8096.4558331990975,2087200,7976.0474853515625,120.9762594109622,8218.000004173487,7734.094966529638,0.6630238484549487,6.066977892653805,True,17.658047725732512,209.15055286768364,5855030.0,0.3564798130837929,10188565.069805356
2019-05-27,8117.21728515625,8137.977431665601,8034.176699118846,8137.977431665601,2815700,7995.76962890625,109.08042814681795,8213.930485199886,7777.608772612613,0.7783442875896499,5.456907000045191,True,16.973270255648593,201.62556570190304,5607205.0,0.5021574920125089,10188565.069805356
2019-05-28,8075.69677734375,8158.737361172478,7971.896047557841,8137.977215215296,11469100,7995.76962890625,109.08042814681795,8213.930485199886,7777.608772612613,0.6831839812957129,5.456907000045191,True,16.7137283949888,200.5695476956698,5027145.0,2.281434094302034,10188565.069805356
2019-05-29,8075.69677734375,8075.69677734375,7951.135901600659,8075.69677734375,3939700,7995.76962890625,109.08042814681795,8213.930485199886,7777.608772612613,0.6831839812957129,5.456907000045191,True,16.59750582597512,195.14035684191415,5224130.0,0.754135138290969,10188565.069805356
2019-05-30,8075.69677734375,8075.69677734375,8075.69677734375,8075.69677734375,0,7996.807690429688,109.76972261653408,8216.347135662756,7777.268245196619,0.6796695050183619,5.490677123467802,True,16.489584869033845,181.2017599246346,4746475.0,0.0,10188565.069805356
2019-05-31,8137.97705078125,8137.97705078125,8054.936468630421,8075.696614168128,7160600,8004.073803710938,114.20066865378192,8232.475141018502,7775.672466403374,0.7931314865507966,5.707127218184073,True,15.850604480046234,174.19024722650565,4744210.0,1.509334536203077,10188565.069805356
2019-06-03,8137.97705078125,8137.97705078125,8137.97705078125,8137.97705078125,0,8012.377856445312,117.721702183597,8247.821260812507,7776.934452078119,0.7667290567631586,5.876992038706681,True,15.257265547414882,161.74808671032667,4543650.0,0.0,10188565.069805356
2019-06-04,8137.97705078125,8137.97705078125,8137.97705078125,8137.97705078125,0,8016.529931640625,120.72779084623743,8257.9855133331,7775.0743499481505,0.7514895665060735,6.023942622342576,True,14.706307967114341,150.19465194530335,4261295.0,0.0,10188565.069805356
2019-06-05,8137.97705078125,8137.97705078125,8137.97705078125,8137.97705078125,0,8020.6820068359375,123.51398963320553,8267.709986102349,7773.654027569526,0.7374124669878259,6.1597749182892985,True,14.19470449969241,139.46646252063883,4035015.0,0.0,10188565.069805356
2019-06-06,8137.97705078125,8137.97705078125,8137.97705078125,8137.97705078125,0,8025.872021484375,126.26115397446647,8278.394329433308,7773.349713535442,0.7219705463003017,6.292707067168737,False,13.71964413708633,129.5045723405932,3678315.0,0.0,10188565.069805356
2019-06-07,8137.97705078125,8137.97705078125,8137.97705078125,8137.97705078125,0,8024.834057617188,125.19222426061494,8275.218506138417,7774.449609095957,0.7259385393787137,6.240239903367583,False,13.278516657523543,120.25424574483655,3252815.0,0.0,10188565.069805356
2019-06-10,8137.97705078125,8221.017632932078,8054.936468630421,8221.017632932078,4458100,8032.100170898438,127.42359332325015,8286.947357544937,7777.252984251937,0.7077262089411941,6.3457173397775,False,13.661145845452491,123.52759707032378,3222975.0,1.3832251258542185,10188565.069805356
2019-06-11,8428.6181640625,8428.6181640625,8200.256588188886,8221.016731450123,9200400,8052.86025390625,155.04778365895527,8362.95582122416,7742.76468658834,1.1058743654517027,7.701501268881216,False,13.42300775511003,135.46427679967564,3391520.0,2.7127659574468086,10188565.069805356
2019-06-12,8428.6181640625,8470.138450584975,8345.577591017549,8428.6181640625,4065500,8078.8104248046875,172.28541088567968,8423.381246576047,7734.239603033328,1.0075991888395115,8.530236598037016,False,13.52185430654536,134.68546128308637,3281305.0,1.2389887559979946,10188565.069805356
2019-06-13,8304.05859375,8470.139765625,8262.53830078125,8470.139765625,5328600,8099.570629882813,173.2045873125248,8445.979804507862,7753.161455257763,0.7951537933262353,8.55376637736812,False,12.817022610123521,139.8937472517051,3278375.0,1.625378426812064,10188565.069805356
2019-06-14,8283.296875,8345.57730263158,8262.536732456141,8304.05701754386,3172900,8127.596752929688,153.2228211811535,8434.042395291995,7821.151110567381,0.7540419907264162,7.540867286552951,False,12.162521406185938,135.8328060319718,3285570.0,0.9657076245522086,10188565.069805356
2019-06-17,8377.5986328125,8461.795603996545,8314.450904424466,8398.64787560851,2591800,8157.223950195313,140.2399978013827,8437.703945798077,7876.743954592547,0.8928527632489297,6.876849215254152,False,12.492089782565195,138.88037195801274,3273150.0,0.7918366099934314,10188565.069805356
2019-06-18,8524.943359375,8524.943359375,8398.647902199074,8398.647902199074,16228900,8183.83837890625,156.88512058810159,8497.608620082454,7870.068137730047,1.0435585273958403,7.668045888710183,False,13.236916589309304,139.48496871547613,3935235.0,4.123997677394107,10188565.069805356
2019-06-20,8545.9921875,8567.041429341132,8461.795220135467,8524.942945658866,4722800,8216.695263671874,160.6228453145919,8537.940954301059,7895.449573042691,1.0125312703544322,7.819340509060717,False,14.205634587732558,137.0393430362039,4059200.0,1.1634804887662593,10188565.069805356
2019-06-21,8440.7470703125,8630.190271391832,8377.599336619389,8630.190271391832,12671700,8234.947778320313,164.45281252406502,8563.853403368443,7906.042153272183,0.812854625034266,7.988043977984203,False,14.219400099613306,145.29302816022096,4495650.0,2.818658036101565,10188565.069805356
2019-06-24,8377.5986328125,8440.746361200534,8356.549390016487,8419.697118404521,1975100,8251.080932617188,161.66715528493256,8574.415243187053,7927.7466220473225,0.6956453368223264,7.83738065861647,False,14.022541204730164,140.92907474134893,4490045.0,0.4398842327860857,10188565.069805356
2019-06-25,8419.697265625,8503.894238281251,8314.451049804688,8398.648022460939,24636700,8266.204931640625,162.63074053572478,8591.466412712074,7940.943450569175,0.7359522152434921,7.8696689414617165,False,14.32379311926558,144.39436857957855,5581095.0,4.414312961882928,10188565.069805356
2019-06-26,8461.7939453125,8545.990899992226,8356.547751962842,8377.596990632774,4283700,8285.509790039063,161.73964651426522,8608.989083067594,7962.030497010533,0.7724813598159566,7.808313579387025,False,14.907719870461861,147.61213854027898,5221825.0,0.8203453773345526,10188565.069805356
2019-06-27,8545.9921875,8567.041429341132,8419.696736453201,8461.795220135467,4233600,8309.024560546875,163.80431879896165,8636.633198144798,7981.415922948952,0.8616626666052027,7.8856100426873885,False,15.600981321902267,147.59303527939701,5236520.0,0.8084758580125733,10188565.069805356
2019-06-28,8545.9921875,8588.090671182266,8545.9921875,8588.090671182266,5163200,8332.539331054688,162.29572674195018,8657.130784538589,8007.947877570788,0.8288023362203198,7.7909372062409625,False,16.39842273403492,140.05771016531625,5494680.0,0.9396725559996214,10188565.069805356
2019-07-01,8524.943359375,8567.04184510031,8440.746387924382,8567.04184510031,1810900,8351.887646484374,160.940629534557,8673.768905553488,8030.00638741526,0.7688191810096457,7.70798824633629,False,15.932652072989981,139.0746920946456,5227195.0,0.3464381948635932,10188565.069805356
2019-07-02,8524.943359375,8545.992602237655,8377.59865933642,8419.69714506173,2919400,8371.235961914062,157.08516447678898,8685.40629086764,8057.065632960484,0.7446243061413501,7.505948473628828,False,14.878103849019384,141.1689242951163,5373165.0,0.5433296762708757,10188565.069805356
2019-07-03,8524.943359375,8524.943359375,8419.69714506173,8419.69714506173,3023200,8390.58427734375,150.53734058318784,8691.658958510126,8089.509596177375,0.7231324824637141,7.176489055221991,False,13.898880498189541,138.6030164392702,5524325.0,0.5472523792499536,10188565.069805356
2019-07-04,8503.89453125,8524.943775139232,8482.845287360768,8482.845287360768,1186700,8408.880151367188,140.09439484831353,8689.068941063815,8128.691361670561,0.6695542137601015,6.6641166160769165,False,12.989605944757097,131.70983582064125,5583660.0,0.21253084894137536,10188565.069805356
2019-07-05,8503.89453125,8545.993019028465,8440.746799582303,8440.746799582303,4857300,8427.176025390625,126.04235132897564,8679.260728048575,8175.091322732674,0.6521681106597599,5.982661377866875,False,12.42564677433237,129.81957750817847,5826525.0,0.8336529921351062,10188565.069805356
2019-07-08,8440.7470703125,8524.944048569982,8419.69782574813,8503.894804005611,3219300,8442.314526367187,106.0812633763712,8654.477053119928,8230.151999614445,0.49630600163309346,5.026169685815703,True,12.120657171364515,128.06433788772657,5987490.0,0.5376710441270048,10188565.069805356
2019-07-09,8503.89453125,8524.943775139232,8377.599067914605,8377.599067914605,2957200,8460.610400390626,78.90282904031288,8618.416058471252,8302.80474231,0.6371437861792623,3.730361064098641,True,12.263669213074541,129.4415071260766,5912445.0,0.5001653292335067,10188565.069805356
2019-07-10,8524.943359375,8545.992602237655,8440.746387924382,8461.795630787037,4132100,8465.42666015625,79.78219411047337,8624.991048377196,8305.862271935304,0.6864974380634916,3.769789630851303,True,12.12094079646949,127.71327192516203,5659030.0,0.7301781400699413,10188565.069805356
2019-07-11,8630.1904296875,8630.1904296875,8482.845715034298,8482.845715034298,4959400,8475.5052734375,87.26832092266046,8650.041915282822,8300.968631592179,0.9431308939331072,4.118613255833246,True,11.5229515045636,129.11551783430772,5703725.0,0.8695019482881801,10188565.069805356
2019-07-12,8651.2392578125,8756.485477493918,8588.091526003649,8630.190013876216,4944000,8492.864306640626,85.88890790159712,8664.64212244382,8321.086490837431,0.9609877894632343,4.045226901102848,True,12.138760028700617,131.92112023830492,5684495.0,0.8697342507997632,10188565.069805356
2019-07-15,8735.435546875,8756.484789156626,8651.238577748494,8756.484789156626,3802600,8515.471240234376,87.31733256654762,8690.10590536747,8340.83657510128,1.129784202560763,4.101585460308324,True,12.710582229684988,130.01576960757828,5715980.0,0.6652577510768057,10188565.069805356
2019-07-16,8777.53515625,8777.53515625,8672.288931354917,8735.436666291967,2887800,8535.46806640625,99.08348256457943,8733.63503153541,8337.301101277091,1.1107654968777891,4.643376639392552,True,13.423388683615666,128.24651641382863,5730780.0,0.5039104624501377,10188565.069805356
2019-07-17,8945.927734375,8966.97697610294,8714.386075367647,8777.53380055147,4657700,8556.51728515625,134.95382664502998,8826.42493844631,8286.60963186619,1.2213771904427355,6.30882038322514,False,15.388660951790142,137.12825815107607,5152220.0,0.9040180737623782,10188565.069805356
2019-07-18,9030.125,9114.32196969697,8903.829545454544,8945.92803030303,3141500,8580.72392578125,171.45084182207862,8923.625609425408,8237.822242137094,1.1552914372463552,7.992371893329192,False,17.909934512396987,142.36855572902962,5073155.0,0.6192399010083469,10188565.069805356
2019-07-19,9135.3720703125,9135.3720703125,9030.125848304291,9093.273581509216,4500500,8615.45517578125,208.05215460783432,9031.559484996918,8199.35086656558,1.1247434633773223,9.659485209449457,False,20.338355722296598,139.71702105642035,4664595.0,0.9648211688260181,10188565.069805356
2019-07-22,8966.9775390625,9135.371483458039,8882.780566864729,9135.371483458039,2231900,8644.92412109375,214.23697452261314,9073.398070138977,8216.450172048524,0.8758144674680742,9.912728973519696,False,20.886253975148623,147.779484084374,4677435.0,0.47716323155746687,10188565.069805356
2019-07-23,9030.125,9114.32196969697,8945.92803030303,8966.977272727272,3789800,8675.4455078125,223.73311445142483,9122.911736715349,8227.97927890965,0.8963198441334287,10.315694531189031,False,21.39501663851122,149.25194517791442,3635090.0,1.0425601566948823,10188565.069805356
2019-07-24,8903.8310546875,9072.225022624852,8882.78180869533,9072.225022624852,2573700,8697.54736328125,223.34970822268667,9144.246779726624,8250.847946835876,0.7308976504242605,10.271847862104682,False,21.204317426420047,152.12275008874357,3549590.0,0.7250696559320936,10188565.069805356
2019-07-25,9009.0751953125,9114.321400865216,8903.828989759784,8924.878230870327,4393300,8720.701513671875,230.69404166304673,9182.089596997968,8259.313430345781,0.8125066425228981,10.581444224475584,False,21.314547339044157,156.29201158993558,3557575.0,1.2349142323071194,10188565.069805356
2019-07-26,8903.8310546875,9072.225022624852,8630.190856789302,8988.028038656175,5094200,8738.59345703125,230.30708603896915,9199.207629109187,8277.979284953311,0.6793666018902821,10.542066623028866,False,20.423217925466858,176.70216546462234,3554125.0,1.4333204375197834,10188565.069805356
2019-07-29,8882.78125,8924.879739336493,8545.993335308056,8924.879739336493,4662100,8756.4853515625,226.70721685745264,9209.899785277405,8303.070917847595,0.639272031332059,10.356082732074638,False,20.10713728821302,191.14389679060912,3696685.0,1.2611569554884985,10188565.069805356
2019-07-30,8945.927734375,8945.927734375,8693.336833639705,8714.386075367647,6836000,8777.5345703125,223.6000201710759,9224.734610654652,8330.334529970349,0.6882749875577633,10.189650334267617,False,19.64202123160562,195.5329685009438,3892515.0,1.7561910487178598,10188565.069805356
2019-07-31,9009.0751953125,9030.124436423042,8924.878230870327,9009.0751953125,9353300,8801.741162109374,221.00630746461277,9243.7537770386,8359.728547180148,0.7345340678074577,10.043753997948656,False,18.54545138622184,189.08391400464183,4209020.0,2.2222037433891977,10188565.069805356
2019-08-01,9009.0751953125,9114.321400865216,8903.828989759784,9009.0751953125,5747800,8827.0001953125,213.92895789399256,9254.858111100484,8399.142279524514,0.7127750747168877,9.694299452155786,False,17.51823979123107,190.61309236898396,4437075.0,1.2954029399998872,10188565.069805356
2019-08-02,9135.3720703125,9156.421314714142,8924.879626296084,8924.879626296084,6844300,8858.574072265625,210.30105369399834,9279.176179653621,8437.971964877628,0.8290497042036158,9.495932504641244,False,16.85072489079844,193.5365635153464,4536425.0,1.508743118204313,10188565.069805356
2019-08-05,9156.419921875,9409.010816271551,9030.124474676724,9093.272198275861,10260200,8894.35771484375,195.855410625789,9286.068536095328,8502.646893592173,0.8345097873399556,8.80807437276451,False,17.626386901007113,206.77583337816645,4888470.0,2.098857106620272,10188565.069805356
2019-08-06,9072.2236328125,9156.420603882685,8945.92817620722,9156.420603882685,7514300,8922.774169921875,176.49398143981742,9275.76213280151,8569.78620704224,0.7116920102196027,7.912067618376716,False,17.699378838416592,207.04130439940207,5116325.0,1.468690906070275,10188565.069805356
2019-08-07,9451.1103515625,10019.439927268932,9135.37169839226,9156.420941936944,8654200,8969.08251953125,187.7614508869713,9344.605421305192,8593.559617757308,1.141808834766384,8.373719406777584,False,20.319420572093975,259.91094654633275,5342430.0,1.6198995588149963,10188565.069805356
2019-08-08,9409.01171875,9682.65188059284,9345.86398909396,9345.86398909396,7458300,9008.023583984375,194.42149113610887,9396.866566256593,8619.180601712158,1.0156170395855375,8.633258531062296,False,22.752316467651546,265.40215690008625,5467375.0,1.3641464139555088,10188565.069805356
2019-08-09,9514.2578125,9556.356298396018,9430.060840707965,9493.20856955199,4156500,9051.17451171875,206.46556939014334,9464.105650499036,8638.243372938463,1.060727028420651,9.124365865350526,False,25.011434084955003,256.96947281050996,5428000.0,0.7657516580692705,10188565.069805356
2019-08-12,9493.208984375,9640.553691449555,9451.110496639412,9556.356715978382,2861900,9089.06318359375,214.8346913443218,9518.732566282393,8659.393800905105,0.9702985796338569,9.454646183211059,False,27.274726412210935,252.1461672390552,5380965.0,0.5318562748503289,10188565.069805356
2019-08-13,9472.1591796875,9682.651605902778,9409.011451822917,9682.651605902778,7798500,9123.794384765624,217.9464747424716,9559.687334250568,8687.90143528068,0.8995990246383979,9.55508050932783,False,29.078333270792307,253.6814520133985,5626500.0,1.3860303918954946,10188565.069805356
2019-08-14,9556.3564453125,9598.454931855727,9493.20871549766,9598.454931855727,4994700,9154.3158203125,233.88648636141605,9622.088793035333,8686.542847589668,0.92973904911584,10.219725469486022,False,30.753111068046437,244.58247345302914,5643350.0,0.885059406203762,10188565.069805356
2019-08-15,9682.6513671875,9682.6513671875,9303.765009341032,9345.863493546196,7785500,9186.942138671875,259.73472689967855,9706.411592471231,8667.472684872519,0.9771302960068671,11.308865255887076,False,30.97904413542128,254.1756080525605,5875550.0,1.3250674404949323,10188565.069805356
2019-08-16,9787.8984375,9808.947681451613,9051.17489919355,9051.17489919355,7037500,9219.56845703125,291.9066097007045,9803.381676432658,8635.75523762984,0.9867395612002983,12.664653928702425,False,29.76289948354772,290.14683478152506,6002400.0,1.17244768759163,10188565.069805356
2019-08-19,9703.7001953125,10208.881984222478,9661.601712903335,9787.89716013083,7924300,9256.40458984375,304.5638176588353,9865.532225161422,8647.27695452608,0.867160821094151,13.161214581869373,False,29.879279351573373,308.51350881992636,6287020.0,1.2604222668291178,10188565.069805356
2019-08-20,10019.4404296875,10061.538918887867,9766.849494485294,9935.243451286764,11360000,9305.870361328125,343.70330309783515,9993.276967523796,8618.463755132454,1.0190305576989587,14.773612343715584,False,29.987346371882907,312.036738445315,6665530.0,1.7042905815441534,10188565.069805356
2019-08-21,9935.2421875,10019.43915519068,9872.094461731993,9998.389913268009,7288200,9357.44091796875,357.31381577257997,10072.06854951391,8642.81328642359,0.9042673722830551,15.273997192392343,False,30.08769431931319,300.2731119817573,6901255.0,1.0560687874886525,10188565.069805356
2019-08-22,9956.2919921875,10019.439721524843,9935.242749075052,10019.439721524843,7625300,9404.8017578125,371.2137308354217,10147.229219483343,8662.374296141657,0.8714101800153405,15.788263927075624,False,30.180876312818214,284.83914212769196,7062855.0,1.0796342272353037,10188565.069805356
2019-08-23,9914.193359375,10166.78427298965,9851.045630971337,10166.78427298965,7936400,9455.319873046876,368.186137440983,10191.692147928841,8718.94759816491,0.8115771071104476,15.575830004039354,False,30.714658903144077,287.04624926273624,7204965.0,1.1015181891931467,10188565.069805356
2019-08-26,9893.1435546875,9914.192796293219,9472.158722573138,9829.995829870346,6608200,9505.83798828125,354.55733010249463,10214.952648486238,8796.723328076261,0.7730909316515113,14.919561243925713,False,29.22663501215601,298.11684837267376,7302270.0,0.9049514739937033,10188565.069805356
2019-08-27,9893.1435546875,9977.340521110373,9872.094313081783,9977.340521110373,12491900,9553.198779296876,338.7401057079928,10230.678990712862,8875.71856788089,0.7508890810848284,14.183316542814566,False,28.069844180239755,284.340374062382,7585065.0,1.6469074424543495,10188565.069805356
2019-08-28,9956.2919921875,10061.538207749736,9914.193505962607,10019.439721524843,8964800,9600.559619140626,324.5811070240803,10249.721833188787,8951.397405092464,0.7739934375019574,13.523424462755845,False,27.292501173615058,276.0585368480859,7565640.0,1.184936105868109,10188565.069805356
2019-08-29,10103.63671875,10145.735205078125,9956.292016601563,9956.292016601563,12311400,9655.2876953125,311.62008784256824,10278.527870997636,9032.047519627364,0.8596920103430628,12.909820926158625,False,26.860163267987787,269.8717279939815,7893820.0,1.5596251244644546,10188565.069805356
2019-08-30,10145.734375,10187.832857883817,10061.537409232365,10187.832857883817,7502900,9705.805810546875,304.7189035085741,10315.243617564023,9096.368003529728,0.8609298269550467,12.558211423412127,False,26.603143569144123,259.6162794695151,7926750.0,0.9465291575992683,10188565.069805356
2019-09-02,10082.5869140625,10187.8331240214,10061.53767207072,10187.8331240214,2153200,9752.11416015625,286.6749923352307,10325.464144826712,9178.764175485789,0.7881946130130203,11.758475654704096,False,26.36448337832773,250.09336321816963,7521400.0,0.2862764910787885,10188565.069805356
2019-09-03,10103.63671875,10124.685961914063,9977.341259765626,10082.587475585939,2459000,9803.684814453125,248.1080840145537,10299.900982482231,9307.468646424019,0.8022391486035586,10.12305428868047,False,25.648010284542423,242.75417314176016,7268635.0,0.33830285878985533,10188565.069805356
2019-09-04,10103.63671875,10187.833691406251,10082.587475585939,10187.833691406251,5760400,9836.3111328125,242.13607154580396,10320.583275904108,9352.038989720892,0.7760076020797786,9.846621086967183,False,25.242233773464687,232.93217619022818,7123945.0,0.8085969220705662,10188565.069805356
2019-09-05,10103.63671875,10103.63671875,9851.04580078125,9914.193530273438,4230700,9871.0423828125,226.96169985687186,10324.965782526244,9417.118983098757,0.7562043905251195,9.197071233411313,True,23.611128811248406,234.33637203155115,6962565.0,0.6076352608557335,10188565.069805356
2019-09-06,10019.4404296875,10103.637408088234,9914.19420668658,10103.637408088234,2320000,9896.301513671875,212.8363502422416,10321.974214156358,9470.628813187392,0.644640372609605,8.602662315743123,True,22.096534617862766,231.12971698655855,6870740.0,0.33766377420772725,10188565.069805356
2019-09-09,9977.3408203125,10061.537789260285,9935.242335838608,10019.439304786392,2642700,9920.50810546875,190.98794781784503,10302.484001104442,9538.53220983306,0.5743930644486968,7.700732494238354,True,20.69012572400467,223.64155530335273,6859780.0,0.38524559096647415,10188565.069805356
2019-09-10,10124.6865234375,10124.6865234375,9956.292568785731,9977.341813117204,4550900,9953.13447265625,164.2260954999045,10281.586663656059,9624.68228165644,0.7611522399333763,6.599974950647952,True,19.715245110926347,219.69529811395387,6697400.0,0.6795024935049422,10188565.069805356
2019-09-11,10061.5380859375,10145.73505736794,9977.34111450706,10124.685814510329,5861100,9978.3935546875,136.49602159387348,10251.385597875247,9705.401511499753,0.6522837997018438,5.471663182887893,True,18.92129729164006,216.0309155958771,6740720.0,0.8695065215585279,10188565.069805356
2019-09-12,10040.4873046875,10124.684263217374,9977.339585790094,10103.635023584906,2164800,9996.2853515625,117.87191503394233,10232.029181630383,9760.541521494615,0.5937499681588113,4.716628663087043,True,18.18404986088416,211.12475572669157,6459685.0,0.33512470035303576,10188565.069805356
2019-09-13,9766.8486328125,9956.291817500674,9724.75014732624,9935.242574757543,4968500,9995.232861328124,119.90696524389556,10235.046791815916,9755.418930840333,0.02383035453553222,4.798566152783476,True,17.738247341722587,218.59707012916076,6356235.0,0.7816734277445689,10188565.069805356
2019-09-16,9956.2919921875,9998.390478412395,9661.602588613241,9682.651831725687,6073500,10007.862451171875,99.07755896235585,10206.017569096588,9809.707333247163,0.3698735124167494,3.9599888366073523,True,17.62908948962825,227.03927153416026,6263695.0,0.96963533505383,10188565.069805356
2019-09-17,10061.5380859375,10103.63657165272,9998.39035736467,10019.43960022228,5113400,10009.967333984376,99.78115649991268,10209.529646984201,9810.40502098455,0.62920964679631,3.987272012812689,True,16.86351304866998,221.34679352923595,5951365.0,0.8591978478886776,10188565.069805356
2019-09-18,9998.390625,10103.636842105263,9977.341381578948,10061.538355263157,2632200,10013.124755859375,98.27996826269377,10209.684692384762,9816.564819333988,0.46252000504316415,3.9260458911263756,True,16.265276088269513,214.55741260045588,5718565.0,0.4602903001015115,10188565.069805356
2019-09-19,10019.4404296875,10082.588163488052,9977.341940487131,10082.588163488052,2160600,10016.282177734374,97.36816445138109,10211.018506637136,9821.545848831613,0.5081090466553437,3.888395423516511,True,15.709770339326221,206.74947048620336,5445330.0,0.3967803604189278,10188565.069805356
2019-09-20,10061.5380859375,10061.5380859375,9914.193385934232,10040.48884307989,8730600,10023.6494140625,94.77704488207075,10213.203503826642,9834.095324298358,0.59994158375096,3.782137262267187,True,15.557822919281993,202.50627259456516,5485040.0,1.5917112728439538,10188565.069805356
2019-09-23,9998.390625,10082.587598684211,9977.341381578948,10061.538355263157,2435100,10028.911767578125,89.9483642220456,10208.808496022217,9849.015039134034,0.4151703790221767,3.587562292165515,True,15.257778384190107,195.55912577390075,5276385.0,0.4615091582589216,10188565.069805356
2019-09-24,9935.2421875,10082.586880958686,9872.094461731993,10061.537639036018,2092300,10031.01669921875,87.04984178905143,10205.116382796852,9856.917015640647,0.2249434641396564,3.4712270709640425,True,15.583377540113462,196.62578959195736,4756405.0,0.43989105217070457,10188565.069805356
2019-09-25,9935.2421875,9977.340671345339,9766.848252118645,9935.2421875,4008700,10029.964208984375,88.12152037017374,10206.207249724723,9853.721168244027,0.23127443476215082,3.5143304017471526,True,16.419460482927597,197.61626313729565,4508600.0,0.88912300935989,10188565.069805356
2019-09-26,10103.63671875,10145.735205078125,9998.390502929688,10019.43974609375,4714500,10029.964208984375,88.12152037017376,10206.207249724723,9853.721168244027,0.7090082804295352,3.5143304017471526,True,15.937865774798095,198.53603131164056,4128755.0,1.1418696435123905,10188565.069805356
2019-09-27,10061.5380859375,10103.63657165272,9998.39035736467,10103.63657165272,2938500,10025.75439453125,84.22475330192636,10194.203901135103,9857.304887927397,0.6062148893389266,3.360335790705919,True,15.490671519652944,191.8724834597613,3900535.0,0.7533581931709368,10188565.069805356
2019-09-30,10124.6865234375,10124.6865234375,10019.440301780145,10061.538790443086,3417900,10027.859375,86.22229053130005,10200.3039560626,9855.4147939374,0.7807485971459728,3.4393099187751677,True,14.921370257500625,185.684893331018,3963770.0,0.8622851477255239,10188565.069805356
2019-10-01,10040.4873046875,10082.585783952436,9998.388825422562,10061.536544319968,2714500,10024.701904296875,84.4390937965216,10193.580091889919,9855.823716703831,0.5467360545953516,3.369241084777943,True,14.529728249333633,181.44295080844086,3976545.0,0.6826277585190159,10188565.069805356
2019-10-02,10272.03125,10566.720671106557,10082.588050717213,10082.588050717213,3768000,10033.121630859376,99.73451998808575,10232.590670835547,9833.652590883205,1.0988639118360541,3.976210940424648,False,15.470342892479744,206.0708376377706,3876925.0,0.971904279809385,10188565.069805356
2019-10-03,10272.03125,10440.425204918034,9851.04636270492,10335.178983094263,6457500,10041.541357421875,112.31537075709704,10266.17209893607,9816.91061590768,1.0130417391324875,4.474029106062809,False,14.986759294383809,233.44998082172378,3988265.0,1.6191251082864353,10188565.069805356
2019-10-04,10293.0791015625,10377.27606762845,10229.931377013036,10335.177584595474,1296900,10055.223291015625,125.38760688385575,10305.998504783336,9804.448077247915,0.9742410682723949,4.987959123528946,False,14.537717381866154,227.29960294984457,3937110.0,0.32940405525880656,10188565.069805356
2019-10-07,10335.1787109375,10398.326442368889,10229.932491885183,10293.080223316572,1419100,10073.115185546874,138.53100495511757,10350.177195457109,9796.05317563664,0.9729329825397788,5.501019392844211,False,14.22146823392091,223.09205634512034,3875930.0,0.3661314832827218,10188565.069805356
2019-10-08,10440.423828125,10440.423828125,10335.177620180191,10440.423828125,2937900,10088.90205078125,160.90165042590485,10410.70535163306,9767.098749929439,1.0461749093518862,6.379352267115948,False,14.134497833101308,214.67449574509808,3795280.0,0.7740930840412301,10188565.069805356
2019-10-09,10103.63671875,10524.62158203125,10082.587475585939,10524.62158203125,3141600,10091.006982421875,160.80016859931072,10412.607319620496,9769.406645223255,0.5196357635040733,6.37399890335693,False,13.585922172554147,230.91446793797047,3659305.0,0.858523681409448,10188565.069805356
2019-10-10,9640.5537109375,9998.390857413346,9556.356735296125,9998.390857413346,9475400,10071.010302734376,189.68613385938025,10450.382570453135,9691.638035015616,-0.06732743590523377,7.533946571691155,False,14.938555741770571,253.51200476053504,4024835.0,2.3542331548995175,10165418.582373083
2019-10-11,9787.8984375,9829.996925403226,9703.701461693548,9724.750705645161,6715800,10072.06279296875,187.96018759088466,10447.98316815052,9696.142417786981,0.12204182823111383,7.464615400217667,False,16.194572627471537,248.9356625966201,4112200.0,1.6331404114585866,10312763.308935583
2019-10-14,9766.8486328125,9893.144089271284,9724.75014732624,9808.947118298762,6405900,10062.590625,198.57518477904333,10459.740994558088,9665.440255441914,0.12767000252753663,7.893600850090963,False,17.007466916726084,243.1826825500789,4128820.0,1.5515086634922326,10291713.504248083
2019-10-15,9577.4052734375,9787.897697029533,9535.306788719094,9724.749969951923,3905000,10038.383984375,226.28515600267764,10490.954296380354,9585.813672369644,-0.009289605072509536,9.016796183724237,False,18.319129225253068,243.85469867581895,4068400.0,0.95983679087602,10102270.144873083
2019-10-16,9535.306640625,9766.848302980132,9472.158914528145,9598.454366721855,8774100,10015.22978515625,252.73862834402644,10520.707041844304,9509.752528468198,0.02527721259333776,10.09417192678354,False,19.70883868275439,247.48574794554526,4375495.0,2.005281688129,10060171.512060583
2019-10-17,9724.751953125,9724.751953125,9535.308733258928,9535.308733258928,4469900,10000.495361328125,260.93728298198994,10522.369927292104,9478.620795364146,0.2358144790082015,10.436974311933902,False,20.999283179005616,243.34000255657773,4490960.0,0.9953105794752124,10249616.824560583
2019-10-18,9493.208984375,9766.849154656318,9472.159740507206,9745.799910788524,5140100,9972.07890625,283.8773273774923,10539.833561004985,9404.324251495016,0.07827741449195358,11.386886527725814,False,22.381389640567583,247.00781767033018,4311435.0,1.19220166835404,10018073.855810583
2019-10-21,9598.455078125,9766.849026864034,9472.159616570723,9493.208860163102,4684500,9952.08212890625,295.7635470312168,10543.609222968684,9360.555034843816,0.20108972663226374,11.887504270976992,False,23.664774584499046,250.41364571482882,4423905.0,1.058906102187999,10123319.949560583
2019-10-22,9619.50390625,9703.70087698304,9577.405420883479,9682.651634299782,5062200,9936.29521484375,304.9922860753185,10546.279786994388,9326.310642693114,0.24032842545768654,12.277907589528663,False,24.856489175292552,241.54806074230976,4572400.0,1.1071209867903071,10144368.777685583
2019-10-23,9682.6513671875,9703.700609290081,9514.257430366848,9619.503640879755,5815300,9923.665673828125,310.22314406903735,10544.1119619662,9303.21938569005,0.30577343176321037,12.50437708264175,False,26.172376424245073,237.8262834695186,4662730.0,1.2471878062851591,10207516.238623083
2019-10-24,9766.8486328125,9787.89787555563,9640.553176353718,9682.651661839978,8818700,9906.82626953125,309.0784502531286,10524.983170037507,9288.669369024992,0.38677823008680245,12.479413359804605,False,26.719984046066536,231.3633131646896,4867940.0,1.8115876530935058,10291713.504248083
2019-10-25,9619.50390625,9851.045575765864,9430.060722100656,9745.799362349562,5173500,9884.724560546874,313.20994836252254,10511.14445727192,9258.30466382183,0.288304413953435,12.67450383443741,False,27.940461948103838,244.90770891472664,4979690.0,1.0389200934194698,10144368.777685583
2019-10-28,9851.044921875,9872.094163161059,9556.355543870193,9640.552509014424,2733100,9871.04248046875,308.11118562462934,10487.26485171801,9254.82010921949,0.48377407286170965,12.485456778623789,False,28.909768600633857,249.9670596558794,4945450.0,0.5526494050086443,10375909.793310583
2019-10-29,9766.8486328125,9851.045603785022,9682.651661839978,9829.99636104189,4852400,9857.360546875,306.2608498383869,10469.882246551773,9244.838847198225,0.42611534080322205,12.427702056022632,False,29.809839063697446,244.14040839081972,5052345.0,0.9604253074562407,10291713.504248083
2019-10-30,9829.9970703125,9977.341780145878,9766.849337526766,9977.341780145878,4996400,9835.258837890626,290.2943797840283,10415.847597458682,9254.67007832257,0.49546859331031456,11.806273106536265,False,29.634918255836936,241.73703260100248,5113765.0,0.9770491995623577,10354861.941748083
2019-10-31,9787.8984375,9872.095413306452,9745.799949596774,9808.947681451613,6226300,9811.052197265624,271.53553128826695,10354.123259842157,9267.981134689091,0.47868256904006806,11.07059776377276,False,29.56396879737427,233.49120625162212,5102205.0,1.2203155302462367,10312763.308935583
2019-11-01,9787.8984375,9893.144657258064,9745.799949596774,9893.144657258064,3642500,9785.7931640625,246.69661052502025,10279.18638511254,9292.399943012459,0.502133464088765,10.083867761725962,False,29.326874269630483,227.33788492374126,5219485.0,0.6978657856091166,10279498.646700816
2019-11-04,9556.3564453125,9808.94736457186,9535.307202040885,9787.898121300248,4044400,9746.85205078125,214.8210587013828,10176.494168184016,9317.209933378484,0.27830897187138315,8.816018036681452,False,29.987180911362795,230.64519046711513,5350750.0,0.7558566556090268,10279498.646700816
2019-11-05,9430.060546875,9619.503727504185,9345.863577706472,9514.257516043526,9265000,9696.33388671875,153.0543430468491,10002.442572812448,9390.225200625053,0.06506732422116548,6.313905640419011,True,31.211994337464244,233.71625899072927,5667105.0,1.6348735377234056,10279498.646700816
2019-11-06,9451.1103515625,9535.30732574123,9345.864133839086,9472.159595107183,6111800,9663.707568359376,129.37836368465057,9922.464295728676,9404.950840990075,0.08919480285926097,5.355226770655062,True,32.34932109027273,230.55389705583036,5815615.0,1.0509292654345241,10279498.646700816
2019-11-07,9093.2724609375,9514.257297092014,9093.2724609375,9472.158813476562,6648400,9636.343505859375,181.79235279215447,9999.928211443685,9272.758800275065,-0.2468287809976997,7.546113427011648,True,34.07505927591435,244.1561069914506,5674265.0,1.1716759791796822,10279498.646700816
2019-11-08,9493.208984375,9514.258228242794,9051.17486315133,9072.224107019123,8192000,9621.609033203125,180.80190255566836,9983.212838314463,9260.005228091788,0.3224575529721111,7.516493423573582,True,35.77335647056497,259.7937682843087,5748075.0,1.4251727752334478,10279498.646700816
2019-11-11,9598.455078125,9661.602808902138,9514.258103755483,9514.258103755483,9711300,9613.18935546875,177.57444343522783,9968.338242339207,9258.040468598294,0.47925619664250163,7.388783758189874,True,36.17591023039486,253.26520087308228,5913345.0,1.6422684622662809,10279498.646700816
2019-11-12,9598.455078125,9619.504321717379,9514.258103755483,9598.455078125,6231700,9614.241845703125,177.41349559321083,9969.068836889546,9259.414854516705,0.47775427466025094,7.3812786672305934,True,36.549710150236905,242.69241637942613,6029680.0,1.0335042655663318,10279498.646700816
2019-11-13,9661.6015625,9661.6015625,9535.306117238562,9598.453839869282,3092400,9620.556591796874,176.702258610536,9973.961109017946,9267.152074575803,0.5580708065446855,7.346862187212909,True,36.55982448306431,234.37834701385555,5745595.0,0.5382210197551341,10279498.646700816
2019-11-14,9598.455078125,9682.652052494517,9535.307347347862,9661.602808902138,13000400,9614.241748046876,175.0314760137937,9964.304700074463,9264.178796019289,0.4774516700061541,7.282174948403018,True,36.39689672445324,228.16165830905555,6172120.0,2.1063103115299118,10279498.646700816
2019-11-15,9598.455078125,9619.504321717379,9556.35659094024,9556.35659094024,8348400,9619.504052734375,172.76859887211916,9965.041250478615,9273.966854990136,0.4695416662130896,7.184095892054208,True,36.24560666288582,216.3749491996329,6332535.0,1.3183346005983385,10279498.646700816
2019-11-18,9598.455078125,9640.553565309758,9514.258103755483,9598.455078125,3468700,9619.504052734375,172.76859887211916,9965.041250478615,9273.966854990136,0.4695416662130896,7.184095892054208,False,36.28973044106398,209.94070008210736,6271745.0,0.5530677666263536,10279498.646700816
2019-11-19,9619.50390625,9619.50390625,9472.159207467177,9598.45466356674,7517700,9619.504052734375,172.76859887211916,9965.041250478615,9273.966854990136,0.49999978803385525,7.184095892054208,False,36.51393417948243,205.46955713215846,6394520.0,1.175647272977487,10279498.646700816
2019-11-20,9619.50390625,9619.50390625,9556.35617820022,9598.45466356674,2800200,9616.3466796875,172.12966699780114,9960.606013683102,9272.087345691898,0.5045855351630645,7.159877767775928,False,36.72212336515671,195.30371219770285,6243765.0,0.4484794030524852,10279498.646700816
2019-11-21,9598.455078125,9640.553565309758,9598.455078125,9598.455078125,5055700,9607.927001953125,168.4597835817385,9944.846569116602,9271.007434789648,0.4859433456063875,7.013366506531265,False,36.68619641415785,184.36048183963536,6055615.0,0.8348780429403124,10279498.646700816
2019-11-22,9619.50390625,9619.50390625,9514.257692833698,9514.257692833698,1941500,9607.927001953125,168.4597835817385,9944.846569116602,9271.007434789648,0.5171805163979356,7.013366506531265,False,37.06381362888574,178.70946266654008,5894015.0,0.3294019441755747,10279498.646700816
2019-11-25,9598.455078125,9619.504321717379,9577.405834532621,9577.405834532621,8105000,9595.297509765625,158.44450928011207,9912.18652832585,9278.4084912054,0.5049821359757447,6.605090008677912,False,37.41445332407584,168.95153584641278,6162610.0,1.3151895057451306,10279498.646700816
2019-11-26,9577.4052734375,9619.503758155906,9577.4052734375,9577.4052734375,13063100,9585.825341796875,153.22575241863905,9892.276846634153,9279.373836959598,0.48626198888491945,6.393847037898001,False,37.740050216545704,159.89060362298375,6573145.0,1.9873439578770893,10279498.646700816
2019-11-27,9577.4052734375,9724.749969951923,9514.25754635989,9535.306788719094,2689000,9573.195751953124,142.04251154483714,9857.280775042798,9289.11072886345,0.5074089113156925,5.935009174584463,False,36.79048604699726,163.50501933505873,6457775.0,0.4163972885397834,10279498.646700816
2019-11-28,9535.306640625,9703.700576883279,9535.306640625,9640.552850786424,2859600,9560.566162109375,132.88175143358825,9826.32966497655,9294.8026592422,0.45247744477352236,5.559576668596362,False,35.908747889559415,163.8542276867173,6289440.0,0.454666870182401,10279498.646700816
2019-11-29,9535.306640625,9682.651334850992,9514.257398592716,9535.306640625,3762100,9547.936572265626,121.66857195201466,9791.273716169655,9304.599428361596,0.4740484920674361,5.097167164073188,True,35.24022240822497,164.17849258468587,6295420.0,0.5975931709083746,10279498.646700816
2019-12-02,9598.455078125,9682.652052494517,9556.35659094024,9556.35659094024,2671100,9550.04150390625,122.18497561267158,9794.411455131592,9305.671552680908,0.5990579528620237,5.117673072423568,False,34.61943950807719,162.97612967645955,6226755.0,0.42897143054448106,10279498.646700816
2019-12-03,9598.455078125,9787.898270456415,9577.405834532621,9766.849026864034,2400700,9558.46123046875,119.24870191385999,9796.95863429647,9319.963826641031,0.5838454570456019,4.990288668378552,False,32.78664595939862,166.37015155126915,5883540.0,0.4080366582023748,10279498.646700816
2019-12-04,9345.86328125,9619.503422367681,9345.86328125,9598.454180743243,6445900,9553.198876953125,126.3463566163465,9805.891590185818,9300.506163720433,0.08974757710524121,5.290221976689048,False,32.69566854309328,174.03229366315574,5900245.0,1.0924800580314886,10279498.646700816
2019-12-05,9472.1591796875,9535.306907552083,9387.962209201389,9472.1591796875,6379900,9572.143212890625,69.26759775489836,9710.678408400421,9433.60801738083,0.13913851337490804,2.8945491605941096,True,32.611189513666886,175.13310313736486,5886820.0,1.0837599926615729,10279498.646700816
2019-12-06,9619.50390625,9640.55314893326,9472.159207467177,9514.257692833698,2077700,9578.457958984374,67.4251648927632,9713.3082887699,9443.607629198848,0.6521907559696283,2.8157001964818225,True,31.44770186115488,174.6517364308217,5581105.0,0.372273949334406,10279498.646700816
2019-12-09,9577.4052734375,9619.503758155906,9535.306788719094,9619.503758155906,2446300,9577.40546875,67.26067632513482,9711.92682140027,9442.884116099729,0.49999927404647876,2.8091397631477206,True,30.367320469536587,168.1906922236849,5217855.0,0.4688324991783022,10279498.646700816
2019-12-10,9577.4052734375,9724.749969951923,9556.356031078296,9577.4052734375,3879900,9576.352978515624,67.0784035548602,9710.509785625345,9442.196171405903,0.5039218841911433,2.801835049537109,True,28.382557898004023,168.2052098415379,5100265.0,0.7607251780054566,10279498.646700816
2019-12-11,9640.5537109375,9703.701442668533,9598.455223116813,9598.455223116813,2694800,9575.3005859375,65.82392566748722,9706.948437272475,9443.652734602527,0.747832092731862,2.7497382490177875,True,26.539564081580927,165.21170694078754,5080385.0,0.5304322408636354,10279498.646700816
2019-12-12,9577.4052734375,9703.700727592719,9556.356031078296,9703.700727592719,3944900,9574.248095703126,65.60212572873279,9705.452347160592,9443.04384424566,0.5120315374665957,2.7407740043074456,True,25.189755552790693,163.93549191033293,4627610.0,0.8524702816356607,10279498.646700816
2019-12-13,9640.5537109375,9661.602954847844,9556.356735296125,9556.356735296125,3441700,9576.35302734375,67.07850113343001,9710.51002961061,9442.19602507689,0.7392744415458998,2.8018391110644374,True,23.93636191891405,159.74340102757475,4382275.0,0.7853683303763456,10279498.646700816
2019-12-16,9556.3564453125,9640.553418398953,9535.307202040885,9556.3564453125,4959000,9574.248095703126,67.008926691977,9708.26594908708,9440.230242319172,0.43324900399886584,2.799548372766735,True,22.965441834157765,155.85076587536332,4456790.0,1.112684241348594,10279498.646700816
2019-12-17,9682.6513671875,9682.6513671875,9514.257430366848,9535.306672469429,7056800,9577.40546875,70.64273705019755,9718.690942850395,9436.119994649604,0.8724583121783428,2.9503914094771155,True,21.59680470987662,156.74670665716965,4433745.0,1.59161160598997,10279498.646700816
2019-12-18,9682.6513671875,9682.6513671875,9472.158946161686,9640.552882982338,9347100,9580.562841796875,73.95680470018253,9728.476451197239,9432.64923239651,0.8450951058678375,3.087785380522017,True,20.738130114757496,160.58568625492998,4761090.0,1.96322690812398,10279498.646700816
2019-12-19,9619.50390625,9661.602391616521,9577.405420883479,9661.602391616521,3900600,9581.615283203126,74.3734148842701,9730.362112971667,9432.868453434585,0.6273594304693124,3.104838283985349,True,19.94078941928974,156.63284768700794,4703335.0,0.829326424760303,10279498.646700816
2019-12-20,9703.7001953125,9703.7001953125,9493.207783266676,9598.453989289588,12072700,9585.82509765625,78.87745967244342,9743.580017001137,9428.070178311364,0.8736019711643632,3.291420774690706,False,19.989378784868798,160.47995942692336,5209895.0,2.3172635916846693,10279498.646700816
2019-12-23,9598.455078125,9682.652052494517,9535.307347347862,9682.652052494517,4627300,9585.82509765625,78.87745967244342,9743.580017001137,9428.070178311364,0.5400303854903495,3.291420774690706,False,20.034497481477924,161.04516575104586,5036010.0,0.9188424963413496,10279498.646700816
2019-12-26,9493.208984375,9619.504447581763,9472.159740507206,9535.307472110588,2931200,9581.615283203126,81.55199164628348,9744.719266495693,9418.511299910559,0.2289879221724853,3.4045195610909897,False,20.62096605482631,160.0665615598681,4529415.0,0.6471475896997736,10279498.646700816
2019-12-27,9409.01171875,9493.20869162472,9345.86398909396,9493.20869162472,6856300,9573.19560546875,90.23952521359107,9753.674655895933,9392.716555041568,0.045144197262402395,3.770507944579811,False,22.044078288018632,159.15787825423757,4737780.0,1.4471545745053591,10279498.646700816
2019-12-30,9387.9619140625,9493.208123861406,9387.9619140625,9430.060397982063,5838000,9565.828369140625,99.0775054552521,9763.98338005113,9367.67335823012,0.051193648192784866,4.142976504779304,False,23.365539647411502,155.3070447931425,4886700.0,1.1946712505371724,10279498.646700816
2020-01-02,9387.9619140625,9514.257365821188,9345.863430142937,9493.208123861406,1240200,9558.4611328125,106.65489506017933,9771.770922932858,9345.151342692141,0.10034835097396012,4.4632663596466084,False,24.85653602204313,156.24182271350736,4760605.0,0.26051310705257,10279498.646700816
2020-01-03,9472.1591796875,9493.208422309028,9303.765238715278,9387.962209201389,3044300,9552.146337890625,107.89396474001686,9767.934267370658,9336.358408410591,0.3146625754372285,4.518103509869072,False,26.490873148412675,158.6133484906676,4779265.0,0.6369807909793661,10279498.646700816
2020-01-06,9682.6513671875,9724.749851392664,9409.011219853941,9472.158946161686,3369400,9556.35615234375,111.3821438524456,9779.12044004864,9333.591864638858,0.7834727598057849,4.662117739307088,False,25.14979361095549,169.83658299410013,4827700.0,0.6979306916336973,10279498.646700816
2020-01-07,9682.6513671875,9724.749851392664,9430.060461956522,9724.749851392664,4636500,9573.195556640625,103.02927003216284,9779.25409670495,9367.1370165763,0.765593967890645,4.304906106746949,False,23.904505469030966,178.7546405971031,4737230.0,0.9787365190206091,10279498.646700816
2020-01-08,9724.751953125,9724.751953125,9514.259486607143,9514.259486607143,3602100,9585.8251953125,105.44552486616652,9796.716245044832,9374.934145580168,0.8293804027928853,4.400060410771077,False,22.748144538347624,181.02162816287125,4598340.0,0.7833479038087657,10279498.646700816
2020-01-09,9703.7001953125,9724.749436517082,9598.453989289588,9724.749436517082,4490400,9590.035009765625,108.49744718600556,9807.029904137637,9373.040115393613,0.761907511409024,4.5254244463350535,False,21.674380816998806,177.11279499662413,4718975.0,0.951562574499759,10279498.646700816
2020-01-10,9703.7001953125,9745.798677721665,9661.601712903335,9724.749436517082,4671700,9596.349755859375,111.36118776609685,9819.07213139157,9373.627380327182,0.7409960813245894,4.641814464842805,False,20.430627732208485,170.4759499838888,4830245.0,0.9671766131945688,10279498.646700816
2020-01-13,9724.751953125,9766.85044642857,9703.702706473214,9766.85044642857,3006900,9603.71708984375,114.86093360886622,9833.438957061484,9373.995222626017,0.7634378362564216,4.784019876234624,False,19.027122947887367,162.80982863618752,4786595.0,0.628191856632951,10279498.646700816
2020-01-14,9766.8486328125,9787.89787555563,9724.75014732624,9787.89787555563,4265000,9610.0318359375,120.33398492128842,9850.699805780076,9369.363866094924,0.8257949052746326,5.008682051241046,False,17.861964855598686,155.69110717855918,4865105.0,0.8766511719685393,10279498.646700816
2020-01-15,9661.6015625,9787.897007761438,9619.503080746188,9787.897007761438,4462500,9614.241650390624,120.60496279748511,9855.451575985595,9373.031724795654,0.598171565686108,5.017762905619713,False,17.5471341332779,156.5984514526085,4890985.0,0.9123929024521645,10279498.646700816
2020-01-16,9766.8486328125,9766.8486328125,9619.503933610587,9661.60241909685,4698300,9620.556396484375,125.27120687477552,9871.098810233925,9370.013982734825,0.7919510396239001,5.2084807452738495,False,17.254791319694316,155.93746914898736,4953815.0,0.9484205607193648,10279498.646700816
2020-01-17,9745.798828125,9766.848069654427,9724.749586595572,9766.848069654427,2827400,9630.028515625,127.3069730380076,9884.642461701014,9375.414569548984,0.727344798437391,5.28791676292332,False,16.983330135652416,147.80615322526887,4847235.0,0.5833016142192404,10279498.646700816
2020-01-20,9766.8486328125,9766.8486328125,9724.75014732624,9745.799390069371,3167900,9634.23837890625,130.49104895327577,9895.220476812801,9373.256280999698,0.7540600580843927,5.417804452045959,False,16.731250510619297,140.25560552962537,4652790.0,0.6808603010236869,10279498.646700816
2020-01-21,9851.044921875,9935.24188701923,9766.84795673077,9787.897198016828,3918900,9642.658056640625,138.93841942581457,9920.534895492254,9364.781217788995,0.8749626382961021,5.763490465375639,False,16.62581097160703,142.2654858695422,4381380.0,0.8944442162058529,10279498.646700816
2020-01-22,9893.1435546875,9998.389762716091,9829.995829870346,9851.045071476065,5004000,9656.3400390625,149.60241003018717,9955.544859122874,9357.135219002124,0.8957214251715888,6.1970647025686905,False,17.089143090993584,144.13180351069957,4436550.0,1.1279034384826048,10279498.646700816
2020-01-23,9851.044921875,9914.192645733174,9808.946439302885,9851.044921875,1669200,9663.707275390625,155.56657471772166,9974.840424826069,9352.574125955181,0.8010570343023595,6.439208899213413,False,17.23612138220733,141.3542608620988,3916375.0,0.4262104624812486,10279498.646700816
2020-01-24,9851.044921875,9851.044921875,9766.84795673077,9829.995680588943,1701000,9676.336767578125,160.17518161502556,9996.687130808175,9355.986404348074,0.7726829346084018,6.6213148823721815,False,16.820467658067926,137.2715968822511,3770060.0,0.45118645326599577,10279498.646700816
2020-01-27,9808.9462890625,9872.09401195346,9787.897048098846,9851.044770989807,2236100,9692.1236328125,156.69794699081478,10005.519526794129,9378.72773883087,0.6863819189935658,6.467022210088892,False,16.648078926786624,133.48055166599133,3735305.0,0.5986392008149267,10279498.646700816
2020-01-28,9787.8984375,9808.947681451613,9514.258266129033,9787.8984375,3602200,9711.06796875,142.97099177218786,9997.009952294375,9425.125985205625,0.634346254085625,5.888991498453723,False,17.05231917083697,144.99547049860485,3572600.0,1.0082852824273638,10279498.646700816
2020-01-29,9851.044921875,9935.24188701923,9808.946439302885,9808.946439302885,2873700,9734.222119140624,124.14912859824175,9982.520376337108,9485.92386194414,0.7352469245121025,5.101553142253646,False,16.225899142474674,145.1631832857924,3424385.0,0.8391871825159847,10279498.646700816
2020-01-30,9787.8984375,10019.440120967742,9661.602973790323,9893.144657258064,5091400,9754.2189453125,93.98618960567148,9942.191324523843,9566.246566101156,0.5895862794544771,3.8541759266471236,True,16.45341401904046,160.35418070662288,3616945.0,1.4076520378385626,10279498.646700816
2020-01-31,9577.4052734375,9766.84845467033,9577.4052734375,9766.84845467033,6281100,9759.48125,79.13552634239926,9917.7523026848,9601.210197315202,-0.07520302504435314,3.2434316667148395,True,17.143305325652236,163.9355366606141,3778785.0,1.6622009455420195,10279498.646700816
2020-02-03,9598.455078125,9619.504321717379,9514.258103755483,9577.405834532621,2396500,9755.271435546874,85.42720675997543,9926.125849066826,9584.417022026922,0.04108192410387511,3.502812087778136,True,18.116047972199876,159.74344246784855,3730140.0,0.6424691834622829,10279498.646700816
2020-02-04,9766.8486328125,9851.045603785022,9661.60241909685,9724.75014732624,6060300,9759.481298828125,83.71764689544351,9926.91659261901,9592.046005037239,0.5220005406792447,3.4312334572738212,True,17.160284245563265,166.3753769815752,3801330.0,1.5942577992439488,10279498.646700816
2020-02-05,9682.6513671875,9787.897577700407,9640.552882982338,9766.848335597826,2591600,9757.37626953125,85.15383342998588,9927.683936391222,9587.06860267128,0.2806179142680928,3.4908496332519348,True,16.402852337317118,165.0160425341819,3750805.0,0.6909450104710856,10279498.646700816
2020-02-06,9682.6513671875,9808.94681980299,9661.602125084919,9661.602125084919,2299400,9756.323828125,85.97823134439248,9928.280290813784,9584.367365436216,0.28578164558189373,3.5250257313738884,True,15.546014813463188,163.7538034044597,3641255.0,0.6314855729686605,10279498.646700816
2020-02-07,9682.6513671875,9724.749851392664,9598.454398777174,9682.6513671875,1786400,9755.27138671875,86.78136507126695,9928.834116861284,9581.708656576217,0.29079604396746617,3.558337298105918,True,15.168083506254776,161.07820691953327,3496990.0,0.5108393218167624,10279498.646700816
2020-02-10,9745.798828125,9808.946552713283,9598.454137419007,9808.946552713283,2697700,9756.32373046875,86.51901103562939,9929.36175254001,9583.28570839749,0.4695878910953579,3.5471972200115958,True,14.18123411291566,164.60779323201496,3481530.0,0.774860478008232,10279498.646700816
2020-02-11,9661.6015625,9745.798526007626,9598.453839869282,9745.798526007626,13191900,9751.061376953125,89.01002734345414,9929.081431640034,9573.041322266216,0.248736695395187,3.6512959524111697,False,13.264876127347728,163.374735733708,3927875.0,3.358533558221685,10279498.646700816
2020-02-12,9051.173828125,9303.76472565407,8882.779896438953,9303.76472565407,38781300,9720.539990234374,179.7280600831638,10079.996110400702,9361.083870068047,-0.43108188253916163,7.3958055936697065,False,15.536945126671975,207.33523075708936,5643815.0,6.871469032914793,10255594.089317918
2020-02-13,9093.2724609375,9219.567911783854,8924.878526475693,9009.075493706598,6782100,9686.861181640625,227.38515389332764,10141.63148942728,9232.09087385397,-0.15262475423262745,9.389425516875896,False,17.646723483187344,213.57481322502298,5748005.0,1.179905027918382,10301902.585411668
2020-02-14,9072.2236328125,9135.371361115138,9051.174390044953,9114.322118347593,5096600,9653.182421875,264.9723569574405,10183.127135789882,9123.23770796012,-0.04813150674790294,10.979689199988139,False,19.605803385665904,204.3335387853917,5861465.0,0.8695095850610726,10278748.874474168
2020-02-17,9135.3720703125,9198.519803517425,9030.125848304291,9051.175092705933,3487400,9621.60859375,287.3898937265571,10196.388381203113,9046.828806296886,0.07702364100863313,11.947685916603978,False,20.942378652052263,201.7664256730876,5877440.0,0.5933535689007459,10348212.155724168
2020-02-18,9135.3720703125,9219.569047919067,9114.322825910858,9135.3720703125,5428000,9585.824951171875,301.52608474444526,10188.877120660765,8982.772781682985,0.12652246053508853,12.582165281771948,False,22.02103854532652,194.87212541131055,5952895.0,0.911825254770998,10348212.155724168
2020-02-19,9261.6669921875,9261.6669921875,9093.273046875,9219.568505859375,3665500,9554.251123046875,300.7129372273177,10155.67699750151,8952.82524859224,0.2567579453372481,12.589702043813118,False,22.69029534670182,192.98082683282414,5885970.0,0.6227520697523093,10487136.569786668
2020-02-20,9451.1103515625,9577.405812830595,9261.667159660356,9282.716403205039,5472600,9534.25439453125,293.1400974919969,10120.534589515244,8947.974199547256,0.42909188841777274,12.298396302919677,False,21.280302874852005,201.7492549621292,6076140.0,0.9006704914633303,10695524.265099168
2020-02-21,9219.568359375,9493.208516160103,9198.519116545376,9451.110030500857,4520700,9502.68056640625,291.224650891713,10085.129868189677,8920.231264622824,0.25696407724725834,12.258631608485159,False,20.279812879866956,208.38783672302904,6217125.0,0.7271367392484468,10440828.073692918
2020-02-24,9282.7158203125,9366.912789204223,9051.17415586026,9051.17415586026,2871700,9476.36904296875,285.8195989551597,10048.00824087907,8904.729845058431,0.3306158645486804,12.064519550016097,False,20.01752186148619,216.05575076738145,6248905.0,0.4595525136003828,10510290.280724168
2020-02-25,9240.6181640625,9324.815140500426,9156.421187624574,9261.667408171981,3213600,9449.005029296875,280.5742371181526,10010.15350353318,8887.85655506057,0.3143210978894849,11.877408732378694,False,19.773965915846908,212.6513366322723,6229475.0,0.5158701174657575,10463982.858849168
2020-02-26,9114.322265625,9198.519238055716,9072.223779409642,9177.469994948036,4142700,9412.168896484374,273.2797498243786,9958.728396133132,8865.609396835616,0.22752588597327192,11.613890606083546,False,19.92033606193084,209.49012577659985,6292925.0,0.6583107219615679,10328437.246853068
2020-02-27,8882.78125,9114.32294135071,8714.387292654028,9051.175207345972,5781400,9366.913037109374,282.5700982169555,9932.053233543285,8801.772840675463,0.07167107368729714,12.066733067659891,False,21.298935222677315,223.0933774137486,6327425.0,0.9137050221851701,10328437.246853068
2020-02-28,8651.2392578125,8798.583965366484,8335.500598768247,8503.894550258516,12019600,9320.604736328125,319.7090906395798,9960.022917607284,8681.186555048966,-0.02341761472637193,13.720529930573147,False,23.457749012701584,246.2496112578918,6614350.0,1.817200480772865,10328437.246853068
2020-03-02,8545.9921875,8651.238396705665,8398.647494612069,8651.238396705665,6373100,9267.981591796875,356.1123441653853,9980.206280127646,8555.756903466105,-0.006855081076303347,15.369574945232161,False,25.46236181772412,246.70262211093032,6813180.0,0.9354075483107741,10328437.246853068
2020-03-03,9219.568359375,9366.913059182363,8819.632745612158,8966.977445419521,7187600,9240.617578125,336.2332964545751,9913.08417103415,8568.15098521585,0.4843492457677789,14.554581167844388,False,23.99912202686902,287.7182113660327,6869545.0,1.0462992818301649,10328437.246853068
2020-03-04,9219.568359375,9261.666845034246,9051.174416738015,9240.617602204624,4640300,9217.463427734376,319.7310274672728,9856.925482668921,8578.00137279983,0.5016458612550824,13.875011492000533,False,22.640399363932143,282.202084003904,6971980.0,0.6655641582448601,10328437.246853068
2020-03-05,9219.568359375,9324.814573523117,9093.27290239726,9282.71608786387,6386500,9194.30927734375,300.45693155755106,9795.223140458851,8593.395414228647,0.521017223583684,13.07143027254586,False,21.150202522793364,278.5834830840435,7176335.0,0.8899389451579393,10328437.246853068
2020-03-06,9219.568359375,9261.666845034246,9051.174416738015,9051.174416738015,5805700,9171.155126953125,277.8347405055984,9726.824607964321,8615.485645941928,0.5435629759023061,12.11776430164481,False,19.916674140196104,273.7198363134855,7377300.0,0.7869681319724018,10328437.246853068
2020-03-09,8735.435546875,9009.075696536145,8714.386304593374,9009.075696536145,4459700,9120.636962890625,259.0717426309036,9638.780448152433,8602.493477628817,0.1282869253668312,11.362002179672135,False,19.84053995203422,290.2528519183527,7465400.0,0.5973825916896617,10328437.246853068
2020-03-10,9072.2236328125,9261.666817720417,8672.288020229118,8672.288020229118,4665700,9091.16806640625,225.66603457613343,9542.500135558517,8639.835997253982,0.47901275481118283,9.929022670255833,False,18.821266427774887,311.6189908878489,7039090.0,0.6628271552146655,10328437.246853068
2020-03-11,9219.568359375,9219.568359375,8798.583502782534,9072.223659567637,5798300,9099.58779296875,227.23130857020652,9554.050410109163,8645.125175828338,0.6320026795176202,9.98864184796537,False,17.87479815524836,319.4308384381787,5389940.0,1.075763366568088,10328437.246853068
2020-03-12,8861.73046875,9219.567566062946,8840.681227731591,9072.222878934086,4114900,9088.010693359374,233.3850356965551,9554.780764752484,8621.240621966264,0.25761061122232604,10.272216597064078,False,16.995934759330876,323.67771652426654,5256580.0,0.7828093551320441,10328437.246853068
2020-03-13,9240.6181640625,9345.86438460991,8251.303690916857,8861.731770091828,9473800,9096.430419921875,235.81046088359292,9568.05134168906,8624.80949815469,0.6528640243528072,10.369362486064865,False,17.836699302051418,378.740786322037,5475440.0,1.7302353783440234,10328437.246853068
2020-03-16,8756.4833984375,9198.517416147084,8693.335681621844,9114.320460392879,6384200,9077.485986328125,247.4495791041607,9572.385144536447,8582.586828119804,0.17568889281126718,10.90388151419246,False,18.617409234577636,390.7794789019384,5620280.0,1.1359220537055092,10328437.246853068
2020-03-17,8209.2041015625,8840.68134014423,8167.105618990385,8756.484375,8147300,9031.177587890625,313.8108604971982,9658.799308885022,8403.555866896228,-0.15483193047063346,13.899000764550088,False,20.374136593069757,410.97921049136033,5756245.0,1.4153845084773147,10328437.246853068
2020-03-18,7851.36767578125,8377.59875324648,7640.875244795157,8314.451023950653,6285700,8960.662622070313,404.6081094407677,9769.878840951847,8151.446403188777,-0.18541319390649613,18.06152631811887,False,22.732435797354352,434.2466603456434,5887255.0,1.0676792494974314,10328437.246853068
2020-03-19,7451.431640625,7661.924059851695,7304.086947166314,7661.924059851695,7344600,8860.678686523437,510.3017762957246,9881.282239114886,7840.075133931988,-0.19039885385474598,23.03669027393412,False,25.288351701063725,442.3205223648787,5980855.0,1.2280184020512117,10328437.246853068
2020-03-20,7556.677734375,8167.10574077298,6988.348211176881,7577.726975974931,16501400,8777.534155273437,579.5236964098284,9936.581548093094,7618.48676245378,-0.02666371904276279,26.409407752023732,False,25.953945699145827,494.92316573853736,6579890.0,2.5078534747541372,10328437.246853068
2020-03-23,7030.4462890625,7535.628058336451,7030.4462890625,7535.628058336451,4901900,8664.920678710938,685.3573088393052,10035.635296389548,7294.206061032328,-0.09621250425435797,31.6382496390614,False,26.571997268793492,497.15947142239185,6681400.0,0.7336636034364056,10328437.246853068
2020-03-24,6988.3486328125,7619.8259189100145,6841.00393272308,6988.3486328125,10642400,8552.307202148437,766.0702353119661,10084.447672772369,7020.166731524505,-0.010383544890974549,35.82987454517632,False,27.43343970059817,517.278222477002,7052840.0,1.5089524220030512,10328437.246853068
2020-03-26,7998.7119140625,8335.49978412829,7009.397545744243,7177.791480777138,14307800,8496.526684570312,763.6059190232115,10023.738522616735,6969.314846523888,0.3370184285813926,35.9490858969428,False,26.250074034277155,576.5548602512011,7561095.0,1.8922920555818965,10328437.246853068
2020-03-27,8398.6474609375,8714.386087288534,7998.711867559524,7998.711867559524,6618600,8472.319995117188,758.372720077475,9989.065435272138,6955.574554962238,0.475713612769404,35.80472505828601,False,24.41049589632416,586.491957356759,7602955.0,0.870529945264703,10328437.246853068
2020-03-30,8125.00830078125,8503.894698227008,7830.31888054566,8377.599232411754,4572400,8446.008447265625,760.9627499026484,9967.933947070922,6924.082947460329,0.3945414389451252,36.038929141682694,False,22.967114174900413,592.7122330942296,7230595.0,0.6323684288775682,10328437.246853068
2020-03-31,8609.1396484375,9009.07523112775,8125.007100970354,8125.007100970354,10710300,8449.1658203125,761.5302284646145,9972.22627724173,6926.105363383272,0.5525172285174863,36.052327278692175,False,22.003230216136824,613.5233685987415,7447455.0,1.4381154367498696,10328437.246853068
2020-04-01,8545.9921875,8819.632331434728,8335.49976908867,8588.090671182266,4606400,8415.48701171875,740.2633784021835,9896.013768523117,6934.960254914382,0.5440738997729898,35.185765357196836,False,21.108195111570637,604.2811681521214,7318395.0,0.6294276272324738,10328437.246853068
2020-04-02,8588.091796875,8672.288775275734,8251.303883272058,8503.894818474264,7811800,8383.91318359375,717.272428037216,9818.458039668181,6949.368327519318,0.5711649455981377,34.22136715064401,False,20.083633160528784,591.188576998661,7476970.0,1.0447815090872372,10328437.246853068
2020-04-03,8419.697265625,8672.28818359375,8356.549536132812,8588.0912109375,4190800,8343.91962890625,690.00710232087,9723.93383354799,6963.905424264509,0.5274553828735491,33.07831968709022,False,19.132254205989916,571.5135820316808,7367185.0,0.5688468526309575,10328437.246853068
2020-04-06,8630.1904296875,8672.288919588415,8377.599490282011,8503.894959984756,5343900,8314.450732421876,662.6862470605163,9639.823226542909,6989.078238300843,0.6191135694554375,31.881179810298104,False,18.24883256144259,551.7404282655896,7344095.0,0.7276458161284678,10328437.246853068
2020-04-07,8482.84375,8924.877791563276,8314.449829404466,8714.38539081886,6342100,8301.821142578125,656.6199751036156,9615.061092785356,6988.581192370893,0.5689221369610746,31.637394437996903,False,17.993499341032795,555.9323949722482,7438215.0,0.8526373599042243,10328437.246853068
2020-04-08,8082.90966796875,8588.091522216797,8061.860424041748,8503.894546508789,7488000,8252.355444335937,632.3436429622633,9517.042730260464,6987.66815841141,0.433008824294728,30.650334791203253,False,17.07069755387668,553.8108737724483,7579330.0,0.9879501222403564,10328437.246853068
2020-04-09,8503.89453125,8524.943775139232,8082.909653465347,8082.909653465347,5938100,8216.571752929687,593.804540361068,9404.180833651822,7028.962672207551,0.6209669002133279,28.907654346198193,False,16.213810180088863,545.8268200511224,7586320.0,0.782737875544401,10328437.246853068
2020-04-13,8588.091796875,8672.288775275734,8461.796329273897,8503.894818474264,3225000,8202.889819335938,581.1751379852763,9365.24009530649,7040.539543365386,0.6656996111681661,28.34001922665468,False,15.781559273554937,521.8743647618877,7541825.0,0.42761533183281236,10328437.246853068
2020-04-14,8714.3857421875,8714.3857421875,8503.893332955919,8588.090296648552,4600800,8176.578198242188,542.3355056354875,9261.249209513162,7091.9071869712125,0.7479127488228579,26.53117196394352,False,15.484293326548727,499.632796509723,7298175.0,0.6304041763865624,10328437.246853068
2020-04-15,8567.041015625,8714.38570139742,8335.499366554053,8714.38570139742,3361900,8167.1060791015625,533.2524317071294,9233.610942515821,7100.601215687304,0.6874979431613207,26.11708120562532,False,14.687431150286704,491.0080521614176,7147060.0,0.47038922298119784,10328437.246853068
2020-04-16,8335.4990234375,8567.040662977432,8335.4990234375,8567.040662977432,5543800,8173.420825195312,534.5234661951465,9242.467757585606,7104.373892805019,0.5758049966430357,26.159106578603154,False,13.947486632692655,472.4747621632806,7016885.0,0.7900656772912766,10328437.246853068
2020-04-17,8588.091796875,8672.288775275734,8419.69784007353,8419.69784007353,6244900,8210.25703125,536.542883189681,9283.34279762936,7137.171264870637,0.6760505904853403,26.14012599836929,False,13.569355464251904,462.78297571149164,7014845.0,0.8902406254165274,10328437.246853068
2020-04-20,8482.84375,8672.286910669976,8440.745269851117,8672.286910669976,5211200,8261.82763671875,508.6092514909698,9279.04613970069,7244.609133736811,0.6086374818356869,24.62453945325675,False,13.218233664985492,446.26573750487506,6908175.0,0.7543526329312734,10328437.246853068
2020-04-21,8398.6474609375,8588.09063674812,8398.6474609375,8482.844427964443,2472900,8303.926123046875,481.28236989391576,9266.490862834706,7341.361383259044,0.5492025803435849,23.183364724700777,False,12.73276451442178,427.9212688124283,6206750.0,0.3984210738309099,10328437.246853068
2020-04-22,8440.7470703125,8567.042537698722,8398.64858118376,8419.69782574813,4752000,8374.441162109375,376.86681587234847,9128.174793854072,7620.707530364678,0.5439849738757471,18.000810254778717,True,12.281971731755473,409.3836836659136,6199255.0,0.7665437217859242,10328437.246853068
2020-04-23,8545.9921875,8630.18915486453,8461.795220135467,8567.041429341132,5175900,8452.32333984375,189.93183314249825,8832.187006128746,8072.459673558753,0.6232927178483745,8.988384637259248,True,12.094002715637066,393.6735694434934,5925930.0,0.8734325245151394,10328437.246853068
2020-04-24,8335.4990234375,8588.089902935606,8335.4990234375,8588.089902935606,6779300,8469.1626953125,160.2007360895381,8789.564167491575,8148.761223133423,0.2914122070570682,7.566308115828528,True,11.377667838159129,383.5962344473943,5549505.0,1.221604449405848,10328437.246853068
2020-04-27,8356.55078125,8461.79701275189,8209.206057147356,8335.501534949623,3587100,8467.057861328125,161.44767433522242,8789.95320999857,8144.16251265768,0.3288809663360755,7.6270967780960985,True,10.922895371309714,374.2387145300471,5397930.0,0.6645325152419539,10328437.246853068
2020-04-28,8440.7470703125,8461.79631487687,8335.500847490648,8335.500847490648,3350600,8482.844799804687,140.29132972817692,8763.42745926104,8202.262140348334,0.42498159085498405,6.615296308682048,True,10.5006066520924,356.5284825912025,5336840.0,0.627824705256294,10328437.246853068
2020-04-29,8419.697265625,8503.894238281251,8335.50029296875,8461.795751953125,3956900,8473.372680664062,137.6865792876211,8748.745839239305,8197.99952208882,0.4025405829007183,6.49972965791142,True,9.912691564866535,343.0903013570095,4999170.0,0.7915113908908878,10328437.246853068
2020-04-30,8314.451171875,8545.992850079114,8314.451171875,8461.795876186708,7794500,8461.795629882812,140.95467343299774,8743.704976748808,8179.886283016816,0.23866695154692474,6.663109325647939,True,9.242249376516911,335.1225425603741,5158575.0,1.5109792917617753,10328437.246853068
2020-05-04,8167.10595703125,8335.499894289625,8167.10595703125,8314.45065213233,5036700,8440.746337890625,152.0951929948095,8744.936723880244,8136.555951901006,0.05021527066158953,7.207665621323186,True,9.215357532212943,323.2133564673742,5019820.0,1.003362670374635,10328437.246853068
2020-05-05,8209.2041015625,8293.40106670673,8167.105618990385,8293.40106670673,2481700,8430.2216796875,160.66955006851558,8751.560779824531,8108.882579550469,0.15609915190720666,7.6235029717259515,True,9.190388036591711,309.14779155658647,4934365.0,0.5029421212253249,10328437.246853068
2020-05-06,8146.0576171875,8314.451573098353,8125.008372698643,8230.254595142926,5417100,8406.0150390625,165.35796361675693,8736.730966296014,8075.2991118289865,0.10697777084765549,7.868554260174097,True,9.362676077735495,300.5974636168096,4938025.0,1.0970175323130198,10328437.246853068
2020-05-08,8103.95703125,8230.252465503247,8040.809314123377,8167.104748376623,7505800,8387.070703125,177.36084218564184,8741.792387496283,8032.349018753716,0.10093548780814353,8.458774151960235,True,9.906247427599904,292.6578698855996,4996210.0,1.5022987424467746,10328437.246853068
2020-05-11,8209.2041015625,8272.351825420674,8167.105618990385,8188.154860276442,3409000,8393.385424804688,167.96076874666454,8729.306962298017,8057.463887311359,0.22585663215201626,8.00443493278865,True,10.146334526577633,283.78193590596203,4792260.0,0.7113553939060068,10328437.246853068
2020-05-12,8209.2041015625,8251.302584134615,8103.957895132212,8209.2041015625,10015800,8378.650903320313,170.6603200077587,8719.97154333583,8037.330263304795,0.2517776807313657,8.147388975956936,True,10.670834890484915,274.0364182699936,4996145.0,2.0047056280392184,10328437.246853068
2020-05-13,8125.00830078125,8230.25452229396,8082.909812176165,8209.205277991417,3462800,8355.496728515625,172.15670911761416,8699.810146750853,8011.183310280397,0.16529270204492919,8.241602610175311,True,11.25908057802988,264.98701054483655,5008035.0,0.6914488417113698,10328437.246853068
2020-05-14,8188.1552734375,8398.647696919184,8082.909061696659,8146.0567887411635,7272200,8329.185205078125,153.63604129842287,8636.457287674972,8021.91312248128,0.2705129433680717,7.378202670040491,True,10.710628046861048,268.6121265932429,5141605.0,1.4143832519223083,10328437.246853068
2020-05-15,8167.10595703125,8335.499894289625,8167.10595703125,8251.302925660439,6164400,8309.188452148437,146.92882702592345,8603.046106200283,8015.33079809659,0.2582460535601389,7.073077130074388,True,10.201350696489989,261.4536844978952,5281730.0,1.1671175921525712,10328437.246853068
2020-05-18,8188.1552734375,8272.352242830173,8103.958304044827,8167.106031089332,3533300,8301.821264648437,149.21633873554376,8600.253942119525,8003.38858717735,0.3095617541380842,7.189571250874804,True,10.094013178521635,254.8065598041417,5181205.0,0.6819456091777878,10328437.246853068
2020-05-19,8335.4990234375,8377.59750335385,8251.302063604799,8251.302063604799,6299300,8289.191625976562,133.58183329119487,8556.355292558952,8022.027959394172,0.5866648486549672,6.446072877484356,True,9.427035382708222,250.13767909787092,5183925.0,1.215160327358131,10328437.246853068
2020-05-20,8082.90966796875,8335.500595092773,7872.4172286987305,8251.303619384766,11973600,8269.194921875,133.00014940346227,8535.195220681924,8003.194623068075,0.1498401416431036,6.4335234885625425,True,10.514596073000725,265.34808533331176,5522045.0,2.168327132430105,10328437.246853068
2020-05-26,7535.62890625,8082.909217877094,7535.62890625,8082.909217877094,10324600,8226.043994140626,207.7717425710193,8641.587479282663,7810.500508998587,-0.33073747101898654,10.103118471966061,False,12.571064981205497,285.48613364655733,5914630.0,1.7456036979489842,10304916.778163869
2020-05-27,7009.39794921875,7325.136595579955,7009.39794921875,7325.136595579955,13319000,8154.476538085937,336.5384951463868,8827.55352837871,7481.399547793164,-0.35062972392586467,16.50815934411313,False,15.549507774035968,302.6821924597497,6342980.0,2.099801670508184,9721699.02045349
2020-05-28,7009.39794921875,7219.8903801262195,6525.265358131569,6798.90551831128,204450600,8077.646826171875,409.8632245468215,8897.373275265518,7257.9203770782315,-0.1515886355346154,20.296169583391517,False,18.95646854980337,330.6781088550997,16306715.0,12.53781647621854,9699821.04224546
2020-05-29,6862.05322265625,7156.7426248562115,6862.05322265625,7030.447166770514,61130900,8003.974536132812,486.3612108388383,8976.696957810489,7031.252114455136,-0.08697182671448263,24.30598491503087,False,22.12007498444453,328.10748695116126,19024295.0,3.213306984568942,9508272.89771421
2020-06-02,7135.69287109375,7198.840595616704,6946.24969752489,6946.24969752489,39990400,7942.931640625,515.5209761491807,8973.973592923361,6911.889688326639,0.10853252977156615,25.961244511408943,False,24.831335959772247,328.72747880896793,20844460.0,1.918514559743932,9864004.44068296
2020-06-03,7156.74267578125,7409.333593750001,7072.545703125,7240.9396484375,38866800,7878.731420898437,530.0106842167676,8938.752789331973,6818.710052464902,0.15944613636227034,26.90842755781254,False,26.266772982443605,329.3032225101132,22620270.0,1.718228827507364,9891369.18677671
2020-06-04,7156.74267578125,7325.13662109375,7156.74267578125,7177.791918945312,28171800,7815.58369140625,537.3515055788537,8890.286702563957,6740.880680248543,0.19347763578178026,27.50154188328669,False,27.599678789209868,317.8097027102837,23831015.0,1.1821485572477715,9891369.18677671
2020-06-05,7261.98779296875,7261.98779296875,7072.544633152174,7177.790833050272,13685700,7762.960522460938,537.4600042847726,8837.880531030483,6688.040513891392,0.26697208838876335,27.693558545336643,False,29.002827902439297,308.6406639321618,24125575.0,0.5672693811442836,10028187.83912046
2020-06-08,7388.28369140625,7577.7268629807695,7325.135967548077,7346.185208834135,24469300,7724.0194091796875,534.8449286959351,8793.709266571557,6654.329551787818,0.3430686635694423,27.697751668531183,False,28.778711538709082,309.1476929378659,25097205.0,0.9749810785703029,10192372.50708921
2020-06-09,7493.5302734375,7556.67800046085,7409.333304073033,7451.431788755267,21394700,7688.2357177734375,524.5165424034652,8737.268802580367,6639.202632966507,0.4071976627068098,27.289305981652106,False,28.570603486673882,299.0938798033469,26042855.0,0.8215189924453368,10329193.063729836
2020-06-10,7283.03759765625,7493.530013773482,7261.988356044527,7409.33304732659,15356000,7645.084716796875,520.3530637992786,8685.790844395433,6604.378589198318,0.3260569869151949,27.225496280297357,False,28.76315767291502,294.26873963117737,26539800.0,0.5786027023564608,10055552.58521421
2020-06-11,7240.93994140625,7367.235405500545,7114.644477311955,7219.890697390534,11516100,7601.933862304688,516.0634489110022,8634.060760126693,6569.806964482684,0.32512134813063776,27.154324584168204,False,29.2991354780607,291.291753099564,26740315.0,0.43066433585393443,10000825.63208921
2020-06-12,7240.93994140625,7261.989185421966,6904.152037154797,7240.93994140625,15411500,7553.520654296875,501.30203501963166,8556.12472433614,6550.916584257612,0.3441155775088841,26.54666918714057,False,30.255069440189164,296.0449956115358,27340440.0,0.5636888067638999,10000825.63208921
2020-06-15,7325.13671875,7409.333692528735,7219.89050152658,7240.939744971264,12064600,7509.31728515625,478.92041741442466,8467.158119985099,6551.476450327401,0.4038563821309831,25.510730162440293,False,30.42391054459465,288.43058099658003,27442880.0,0.43962587017106075,10110281.442636086
2020-06-16,7472.48193359375,7493.531178477112,7325.1372194102105,7325.1372194102105,9437600,7476.690966796875,456.46942836014716,8389.629823517169,6563.752110076581,0.49769478910217185,24.420933291868035,False,30.18664434511388,279.8565723344752,27741620.0,0.3401964268849476,10301830.22193296
2020-06-17,7535.62890625,7577.727391759776,7472.481177985334,7472.481177985334,7449300,7444.0646484375,425.18882056965924,8294.442289576818,6593.687007298182,0.5538374090420721,22.847132079053385,False,29.57706352872357,267.38440386590133,27750475.0,0.26843864834746073,10350628.011280948
2020-06-18,7367.2353515625,7556.678546316964,7367.2353515625,7493.530814732143,6346200,7404.071118164063,389.7400947231651,8183.5513076103925,6624.590928717733,0.47637158256213835,21.05544846899343,False,29.316404657846654,261.8171746436558,27759565.0,0.22861309246020245,10350628.011280948
2020-06-19,7514.57958984375,7514.57958984375,7304.087164357931,7325.136406906513,6381100,7370.392333984375,344.947626607994,8060.287587200363,6680.497080768387,0.6044993824694672,18.720719927891178,False,29.254567416301946,258.1511211323817,27901955.0,0.22869723644812703,10350628.011280948
2020-06-22,7661.92431640625,7788.219772171188,7493.530375386333,7514.579618013822,15587900,7336.713598632812,270.6389386732323,7877.991475979276,6795.435721286348,0.8004101325623503,14.755322531530487,True,27.93884284900657,260.7609979647013,28366385.0,0.5495201450590197,10350628.011280948
2020-06-23,7514.57958984375,7704.022772780988,7514.57958984375,7704.022772780988,12104800,7308.297094726562,211.55328437277396,7731.40366347211,6885.190525981015,0.7437713218785363,11.578800458203812,True,26.717098607946575,255.6668683198825,28372945.0,0.426631778971129,10350628.011280948
2020-06-24,7640.875,7640.875,7514.579545454545,7535.628787878787,6518200,7313.559399414063,218.69415365110737,7750.947706716277,6876.171092111848,0.8741704969261763,11.961024267807447,True,25.582621977005246,246.42605305028056,28182625.0,0.23128434629492461,10350628.011280948
2020-06-25,7556.677734375,7640.8747007747215,7535.62849277507,7640.8747007747215,5614100,7340.923388671875,212.7924739999731,7766.508336671821,6915.338440671929,0.753479765575676,11.59486144908381,True,24.52917939113115,236.34179977704122,27797380.0,0.20196507728426205,10350628.011280948
2020-06-26,7767.1708984375,7788.220142064702,7577.727705792683,7640.875436674289,10454900,7378.812036132813,218.05346197157627,7814.9189600759655,6942.70511218966,0.9452564737946129,11.820518582330319,True,22.835676340241633,235.99898605651697,18097595.0,0.5776955446289963,10350628.011280948
2020-06-29,7914.5146484375,7956.61313061004,7682.97299648853,7746.12071974734,12020200,7431.435107421875,213.7328384202702,7858.900784262415,7003.969430581335,1.0650506779703752,11.504256463563129,True,21.8666565906745,238.68763948973074,15642060.0,0.7684537714341972,10350628.011280948
2020-06-30,7872.41650390625,7998.711955840575,7872.41650390625,7956.613471862466,13922700,7468.2712890625,223.34960020280099,7914.970489468102,7021.572088656898,0.9523684108643884,11.962586336674883,True,21.136885755039824,230.65962609291603,14338675.0,0.9709892999178794,10350628.011280948
2020-07-01,7746.12109375,7914.515030570652,7746.12109375,7872.416546365489,7022000,7497.740209960937,218.9205486012848,7935.581307163507,7059.899112758368,0.783642724924641,11.679281621971551,True,19.83607319694749,226.2120768591829,12746435.0,0.5508991337577919,10350628.011280948
2020-07-02,8040.810546875,8040.810546874999,7767.170397374018,7788.219639643324,7749600,7541.943603515625,235.09966507869783,8012.142933673021,7071.744273358229,1.0304845321582903,12.468916631469256,True,19.166380428903796,231.10331802102692,11725325.0,0.6609283751196662,10350628.011280948
2020-07-03,7935.56494140625,8082.909648541115,7914.515697529841,8019.761916911887,3649100,7575.6224609375,241.054961075293,8057.732383088086,7093.512538786915,0.8732991833720471,12.72792894937701,True,18.717899899909067,226.62407752033022,11223495.0,0.325130451788859,10350628.011280948
2020-07-06,7935.56494140625,8019.761916911887,7914.515697529841,7935.56494140625,3042600,7602.9865234375,249.58168447346796,8102.1498923844365,7103.823154490564,0.833135841548606,13.130718235740133,True,18.30145369441396,217.95423051045276,10152160.0,0.2996997683251643,10350628.011280948
2020-07-07,7998.7119140625,7998.711914062499,7914.514946546052,7935.564188425164,6629600,7628.24560546875,263.1176259762015,8154.480857421153,7102.010353516347,0.8519968561772236,13.797019109482806,False,17.914749124255792,208.40014029659525,9413905.0,0.7042348525930525,10350628.011280948
2020-07-08,7956.61474609375,8040.8117275338955,7830.319273933532,7935.565500733714,9140000,7661.924462890625,259.6920475850882,8181.308558060802,7142.540367720449,0.7836920555938174,13.557536300070177,False,17.044292431735304,208.54959124686445,9103105.0,1.004053012680838,10350628.011280948
2020-07-09,7872.41650390625,8019.761197829628,7872.41650390625,7998.711955840575,5609200,7693.498291015625,243.710357807653,8180.919006630931,7206.077575400319,0.6835357086380333,12.670977419583238,False,16.236011217251992,204.17781286661543,8807760.0,0.6368475071981979,10350628.011280948
2020-07-10,7767.1708984375,7914.515603827913,7746.121654810298,7872.41711657351,6827600,7719.809838867188,219.4817668758843,8158.773372618956,7280.846305115419,0.5539464624379192,11.37239240121444,False,15.417536431911996,201.6218225916868,8378565.0,0.8148889457800949,10350628.011280948
2020-07-13,7788.2197265625,7872.416696579392,7767.170484058277,7851.367454075169,4046700,7742.9639892578125,199.13806652057013,8141.240122298953,7344.687856216672,0.5568145233297381,10.28743343230546,True,14.657524131239143,194.73785044378883,7977670.0,0.5072533709717248,10350628.011280948
2020-07-14,7956.61474609375,7956.61474609375,7788.220783213459,7914.516255373677,4863900,7767.170629882812,193.8841617899498,8154.938953462712,7379.402306302913,0.7442748732825555,9.984802499072948,True,13.80328325350494,192.8562196643218,7748985.0,0.6276822061211887,10350628.011280948
2020-07-15,7956.61474609375,7998.713236813823,7935.565500733714,7956.61474609375,5436400,7788.219921875,190.24172230190268,8168.703366478806,7407.736477271194,0.7212906062103411,9.77074218295071,False,13.26718450366206,183.59132797973518,7648340.0,0.71079476069317,10350628.011280948
2020-07-16,8061.8603515625,8125.008082775784,7956.614132873695,7998.712620349217,12667900,7822.951171875,171.85860573993597,8166.668383354872,7479.233960395128,0.847537411145165,8.787405262494827,True,13.483945272174655,182.50580097418901,7964425.0,1.5905605238294038,10350628.011280948
2020-07-17,7809.2685546875,8125.007175496968,7682.973106363713,8125.007175496968,18966400,7837.685620117188,155.92243839051562,8149.530496898219,7525.840743336156,0.45443717767144637,7.957575536855196,True,13.013141560684407,201.0435344141223,8593690.0,2.207014681702505,10350628.011280948
2020-07-20,7851.36767578125,7935.564648175687,7767.170703386813,7872.41691887986,13802800,7847.157788085938,150.33734916473443,8147.8324864154065,7546.483089756469,0.5070007348784288,7.663276474087792,True,12.575966685729174,198.71142086946165,8504435.0,1.6230119931541602,10350628.011280948
2020-07-21,7851.36767578125,7935.564648175687,7851.36767578125,7851.36767578125,7936100,7863.9971923828125,128.38330908704023,8120.763810556893,7607.230574208732,0.47540662277017637,6.530180820074265,True,12.17001858755646,190.53181740695987,8296000.0,0.9566176470588236,10350628.011280948
2020-07-22,7893.466796875,7935.565286458333,7851.3683072916665,7893.466796875,5859000,7876.626782226563,117.21730181554742,8111.061385857657,7642.192178595468,0.5359162307688516,5.952665020515915,True,11.793062345977047,182.93651692625434,8263040.0,0.7090610719541476,10350628.011280948
2020-07-23,7914.5146484375,7977.6623716963095,7893.465407351229,7893.465407351229,9044800,7894.518627929688,89.9484517244956,8074.415531378679,7714.621724480697,0.5555763332343353,4.557514192506716,True,11.1404338014909,175.88369174188477,8434575.0,1.072348043618084,10350628.011280948
2020-07-24,7905.89794921875,8035.149686808158,7905.89794921875,8013.607730543256,9935000,7901.45498046875,84.81358518300739,8071.082150834765,7731.827810102735,0.5130962767946101,4.293567976665278,True,10.558792151516576,172.5528378738507,8408580.0,1.1815312454659408,10350628.011280948
2020-07-27,7755.10498046875,8013.608479817709,7755.10498046875,7927.44064670139,12846800,7893.4844970703125,90.8007465366817,8075.085990143676,7711.883003996949,0.11900226077530164,4.601301063953834,True,10.580960824169422,178.69217083635843,8449910.0,1.5203475539976166,10350628.011280948
2020-07-28,7798.1884765625,7884.356305032804,7755.104562327348,7819.730433680075,9219900,7889.773095703125,93.19270274325197,8076.1585011896295,7703.387690216621,0.2543138667387323,4.724734240786015,True,10.601548579793176,175.16071168415115,8214770.0,1.1223564384638889,10350628.011280948
2020-07-29,7862.814453125,7862.814453125,7798.188580907535,7819.730538313356,6255400,7895.607763671875,87.1848371611949,8069.977437994265,7721.238089349485,0.40596613007877885,4.41687782730734,True,10.620665781443806,167.2653734611761,8176440.0,0.7650517829275333,10350628.011280948
2020-07-30,7927.43994140625,7927.43994140625,7819.730159593665,7862.814072318699,8499300,7889.939233398438,80.69093582625374,8051.321105050945,7728.55736174593,0.6161862470171366,4.090826732083597,True,10.106085848668933,163.01140262913387,8213925.0,1.034742830011231,10350628.011280948
2020-08-03,8013.60888671875,8099.77672421035,7819.7312523626515,7927.441049227151,20483300,7893.8414306640625,84.79617990929253,8063.433790482648,7724.249070845477,0.8531039257393549,4.296827122971956,True,10.335446518024208,171.3709790018885,9055635.0,2.2619396651918944,10350628.011280948
2020-08-04,8638.326171875,8982.997540328864,7927.441474438902,8121.319119194201,45798800,7928.9794921875,187.0041459731451,8302.987784133791,7554.97120024121,1.4483034132694643,9.433957858380253,False,13.469345268997557,234.5270566367509,11193445.0,4.091573237729761,10350628.011280948
2020-08-05,9090.70703125,9155.332910619076,8552.1580365077,8616.783915876777,25765000,7983.579248046875,320.32599013549253,8624.23122831786,7342.92726777589,1.364063342733155,16.04924208468816,False,16.674377614697523,260.85904359922404,12150215.0,2.1205386077530317,10350628.011280948
2020-08-06,8896.828125,9133.789648910411,8896.828125,9112.247692191284,11910700,8030.589916992188,379.6579087717804,8789.905734535749,7271.274099448627,1.0704070611950063,18.910586280514707,False,19.650479078561776,259.152077907166,12288750.0,0.9692360899196419,10350628.011280948
2020-08-07,8767.576171875,8939.911821445025,8681.408347089988,8896.827909052517,11490600,8075.347900390625,411.462526009186,8898.272952408997,7252.422848372253,0.9205901070738824,20.381166537198116,False,21.106229845191656,259.105749082014,12582820.0,0.9131975185212854,10350628.011280948
2020-08-10,8767.576171875,8832.202040463759,8659.866390893734,8789.118128071254,8662600,8125.3681640625,432.3067365972991,8989.981637257099,7260.754690867901,0.8713844554374405,21.281828853458656,False,22.334978411321593,252.9078848311576,12674570.0,0.6834630287260238,10350628.011280948
2020-08-11,8789.119140625,8918.370892693014,8724.493264590992,8767.577181946997,8829900,8175.413134765625,448.8405814614387,9073.094297688502,7277.731971842747,0.8418284972479149,21.960508860537537,False,23.697678920148427,248.6914379219336,12913730.0,0.6837606175752474,10350628.011280948
2020-08-12,8746.0341796875,8875.285916333129,8724.492223579895,8810.660048010313,7687000,8214.884106445312,463.07189243377644,9141.027891312864,7288.740321577759,0.7867535699751784,22.54794523859223,False,24.96303706595339,241.69874183845505,13054885.0,0.5888217322481202,10350628.011280948
2020-08-13,8832.203125,8853.745083841464,8746.035289634146,8746.035289634146,8840200,8258.663525390624,478.5022098277601,9215.667945046145,7301.659105735104,0.7996535793511927,23.1757697044633,False,26.138012487058,232.12818200384856,13225075.0,0.6684423339754217,10350628.011280948
2020-08-14,8767.576171875,8875.285952856266,8724.492259482493,8832.202040463759,6382600,8293.94931640625,489.1282138964938,9272.205744199237,7315.692888613262,0.742077047496271,23.58964084475172,False,27.07281517521833,226.31857567312886,12910810.0,0.494360927006129,10350628.011280948
2020-08-18,8789.119140625,8853.745016659008,8724.493264590992,8789.119140625,6105900,8342.941845703124,487.0941840440047,9317.130213791133,7368.753477615115,0.7289994982169442,23.353593638909196,False,27.94084624279578,219.38523112990651,12267785.0,0.49771821074464545,10350628.011280948
2020-08-19,8702.951171875,8853.744880298576,8702.951171875,8789.119005259901,5372500,8385.521020507813,479.0152160156465,9343.551452539106,7427.490588476519,0.6656680940156285,22.849634022461178,False,28.571621471690136,214.48583665088296,11846270.0,0.45351828043763986,10350628.011280948
2020-08-24,8810.66015625,8853.744068994498,8746.034287133252,8746.034287133252,7070300,8433.48564453125,470.669587548515,9374.82481962828,7492.146469434221,0.7003393259819829,22.323846029368582,False,29.15734132709204,209.93634097006975,11802980.0,0.5990266864808718,10350628.011280948
2020-08-25,8982.9970703125,9026.080989114958,8789.11943570144,8810.661395102668,8463700,8487.962158203125,467.9212705158431,9423.804699234812,7552.119617171439,0.7644862198525625,22.051053564776996,False,30.335898819813515,211.866713287459,11933215.0,0.7092556364734902,10350628.011280948
2020-08-26,8918.3701171875,9047.621858016304,8896.8281603827,8982.995987601902,4974600,8538.154931640625,456.8818036265438,9451.918538893713,7624.391324387538,0.708048986920074,21.40424048448383,False,31.502336779040117,207.50435502646937,11729705.0,0.4241027374516239,10350628.011280948
2020-08-27,8918.3701171875,9004.537944406702,8875.286203577898,9004.537944406702,3609200,8588.778540039062,438.8764583491956,9466.531456737453,7711.025623340671,0.6877473551373514,20.43952845230538,False,32.38010089207408,201.91488258377902,11413415.0,0.3162243728104165,10350628.011280948
2020-08-28,8896.828125,8961.453995157386,8832.202254842616,8961.453995157386,3591500,8645.864697265624,396.98500065126603,9439.834698568156,7851.894695963092,0.6580433941601461,18.36646834303656,False,32.77909708189133,196.72465813599268,10950650.0,0.3279713989580527,10350628.011280948
2020-08-31,8810.66015625,8939.911894483495,8810.66015625,8896.827981738998,6480900,8696.48828125,344.2529935005376,9384.994268251075,8007.9822942489245,0.5829127684839012,15.834115213735728,False,32.93921909612279,191.90516385724288,10813700.0,0.5993230809066277,10350628.011280948
2020-09-01,8810.66015625,8832.20211262225,8724.492330761002,8767.5762435055,5985500,8743.88056640625,283.288484043477,9310.457534493204,8177.303598319295,0.5589324960289437,12.95939403069451,True,32.27571456592567,185.89120800038606,10800205.0,0.5542024433795469,10350628.011280948
2020-09-02,8789.119140625,8918.370892693014,8789.119140625,8896.828934015013,6190400,8786.964526367188,208.14236284079686,9203.249252048781,8370.679800685595,0.5025879093381146,9.475051923390396,True,32.11307643778924,181.84553257664518,10684760.0,0.5793672483050626,10350628.011280948
2020-09-03,8810.66015625,8918.369938111247,8789.11819987775,8789.11819987775,4452600,8826.81708984375,101.01058364467241,9028.838257133095,8624.795922554404,0.46001178042247315,4.577440887991069,True,31.962046240808288,178.08883298070606,9883225.0,0.45052095849279966,10350628.011280948
2020-09-04,8875.287109375,8939.912986385012,8702.951437348302,8832.203191368326,6204400,8838.66513671875,91.1541824250863,9020.973501568922,8656.356771868577,0.6004396388677712,4.125246562239425,True,31.00511132815393,182.29402698470636,7903505.0,0.7850187986216242,10350628.011280948
2020-09-07,8896.828125,8896.828125,8832.202254842616,8853.744211561743,2898700,8828.97119140625,71.02667385922643,8971.024539124703,8686.917843687797,0.7388431342295477,3.217891295346425,True,30.116528909260598,173.88915863989763,6760190.0,0.4287897233657634,10350628.011280948
2020-09-08,8896.828125,8939.912038438257,8853.744211561743,8896.828125,8859000,8828.97119140625,71.02667385922643,8971.024539124703,8686.917843687797,0.7388431342295477,3.217891295346425,True,29.57369140650384,167.62334922822737,6607605.0,1.3407278431443768,10350628.011280948
2020-09-09,8853.7451171875,9004.53882964568,8832.203158264903,8875.287076110097,5255900,8833.279638671875,69.70770712095482,8972.695052913785,8693.864224429964,0.5733974741132791,3.1565946046030975,True,29.471949990371677,167.9599436676952,6295870.0,0.8348171102643479,10350628.011280948
2020-09-10,8595.240234375,8810.65978912124,8272.11090225564,8810.65978912124,14206300,8824.662841796875,86.81042651734148,8998.283694831558,8651.041988762192,-0.16070003519693815,3.9349005428819397,True,29.05615215050201,197.50810590084987,6573055.0,2.1612933407677253,10350628.011280948
2020-09-11,8832.203125,9047.622713414634,8379.821989329268,8530.615701219513,12182000,8826.817041015625,86.4156548264626,8999.64835066855,8653.9857313627,0.5155819104628403,3.9160505729263257,True,27.296409496159548,231.10043577117244,6740660.0,1.8072414273973172,10350628.011280948
2020-09-14,9090.70703125,9133.790950829383,8939.913312722156,8961.455272511848,6768500,8844.05068359375,102.35586274160329,9048.762409076957,8639.338958110544,1.102448020683808,4.629365724078427,True,25.459157647315287,236.13524934675894,6694735.0,1.0110183599500204,10350628.011280948
2020-09-15,8961.453125,9133.78876201923,8939.911170372596,9112.246807391826,3665900,8850.51318359375,105.59740342513935,9061.707990444029,8639.318376743471,0.7626483649403795,4.772487255129384,True,23.753126921054285,233.1168452253215,6436020.0,0.5695911448379589,10350628.011280948
2020-09-16,9004.5380859375,9090.705914511065,8918.370257363937,9047.622000224283,3624200,8862.361279296874,109.0395861930469,9080.440451682967,8644.282106910781,0.8259752068136802,4.921468794000576,True,22.062777528569516,228.77533179116486,6298100.0,0.5754433876883505,10350628.011280948
2020-09-17,8789.119140625,9026.080686083027,8659.867388556986,9004.538727405024,4053600,8862.361279296874,109.0395861930469,9080.440451682967,8644.282106910781,0.33207442996389286,4.921468794000576,True,21.739453908036474,238.59232934365602,6195485.0,0.6542829173180147,10350628.011280948
2020-09-18,8767.576171875,8853.743996660012,8746.034215678746,8789.118128071254,4415000,8865.592529296875,104.94780920843273,9075.48814771374,8655.69691088001,0.26651166384233776,4.735061254467833,True,21.439224831827218,229.24357588919958,6147610.0,0.7181652707312273,10350628.011280948
2020-09-21,8746.0341796875,8853.743960225524,8616.782443041871,8767.576135795105,2745700,8862.36123046875,107.68731978468317,9077.735870038117,8646.986590899383,0.22994255262866217,4.860434684808607,True,21.702082372330793,229.79485741023188,5931380.0,0.4629108234508664,10350628.011280948
2020-09-22,8832.203125,8918.370960365854,8573.69961890244,8659.867454268293,5540400,8854.821533203125,104.01269729657511,9062.846927796276,8646.796138609974,0.44563546376786994,4.698579046751272,True,21.524519859137982,238.00032055688777,5785215.0,0.9576826444652446,10350628.011280948
2020-09-23,8918.3701171875,8939.9120739923,8746.034462749094,8918.3701171875,6495900,8854.821533203125,104.01269729657511,9062.846927796276,8646.796138609974,0.6527423709702875,4.698579046751272,True,21.21783155488448,234.84869846305338,5861280.0,1.1082732781917943,10350628.011280948
2020-09-24,8702.951171875,8810.660963606126,8638.325296836325,8810.660963606126,5972900,8844.0505859375,108.15683077019553,9060.364247477892,8627.73692439711,0.17385459370037507,4.89173279683273,False,21.41957886036426,238.0769928836335,5979465.0,0.9989020756873733,10350628.011280948
2020-09-25,8659.865234375,8832.200860929726,8659.865234375,8789.116954291045,6329100,8832.20244140625,114.84344156212549,9061.889324530503,8602.515558281999,0.12484316760478029,5.20112360757169,False,21.452619025898475,233.38118100299727,6116345.0,1.0347846630626625,10350628.011280948
2020-09-28,8681.408203125,8767.57602648108,8659.866247285981,8767.57602648108,3033500,8825.73984375,119.65538987718611,9065.050623504372,8586.429063995627,0.1984430856538495,5.423019123407357,False,21.483299179608817,224.40472465321747,5943975.0,0.5103487144545528,10350628.011280948
2020-09-29,8746.0341796875,8767.576135795105,8659.866355257082,8767.576135795105,3448900,8822.508544921875,120.94966423068172,9064.40787338324,8580.60921646051,0.3419293560655971,5.483685897943359,False,21.511787001432708,216.0693715021322,5817145.0,0.5928853415206257,10350628.011280948
2020-09-30,8681.408203125,8789.1179823201,8681.408203125,8789.1179823201,3833100,8817.122998046874,124.8497994656849,9066.822596978243,8567.423399115505,0.2282438668250004,5.663969959059919,False,21.35289779736335,208.3294006230585,5699280.0,0.6725586389859772,10350628.011280948
2020-10-01,8746.0341796875,8767.576135795105,8681.408311364685,8681.408311364685,2693500,8813.89169921875,125.85810766496628,9065.607914548682,8562.175483888817,0.36521027371576625,5.711806405614085,False,21.205357822156092,199.6035814835618,5611325.0,0.4800114055058297,10350628.011280948
2020-10-02,8681.408203125,8767.57602648108,8638.324291446961,8746.03407064206,2634300,8804.19775390625,128.32279013029387,9060.843334166837,8547.552173645663,0.26077992331569716,5.830073050022492,False,21.33965350507256,194.57844959431586,5432820.0,0.4848863021414293,10350628.011280948
2020-10-05,8702.951171875,8767.577046913677,8659.86725518255,8681.409213528776,2439600,8794.50390625,128.2799368868175,9051.063780023635,8537.944032476365,0.3215762795865383,5.8345502261089415,False,21.464346086533016,188.37354546123098,5409865.0,0.4509539517159855,10350628.011280948
2020-10-06,8702.951171875,8789.119005259901,8702.951171875,8789.119005259901,2538900,8784.81005859375,127.46337879173772,9039.736816177225,8529.883301010275,0.3394462639098494,5.803808070593224,False,21.346595169410293,181.07313745577886,5093860.0,0.49842359232487743,10350628.011280948
2020-10-07,8616.783203125,8746.034951171876,8616.783203125,8746.034951171876,4764400,8772.961962890626,131.66240324699052,9036.286769384607,8509.637156396644,0.2034484486193001,6.003099240777241,False,21.825329180717368,177.37160964085723,5069285.0,0.9398564097303663,10350628.011280948
2020-10-08,8681.408203125,8681.408203125,8638.324291446961,8638.324291446961,3209400,8777.270361328125,126.86308665258575,9030.996534633296,8523.544188022954,0.3110913096698429,5.781436890062451,False,22.269867905502508,169.31828038079598,4519440.0,0.7101322287717062,10350628.011280948
2020-10-09,8659.865234375,8702.949141013682,8659.865234375,8702.949141013682,2004200,8768.653466796875,128.77396562406247,9026.201398045001,8511.10553554875,0.2888000266694686,5.874286906726308,False,22.418250082514334,160.3015393992164,4010550.0,0.49973195696350875,10350628.011280948
2020-10-12,8573.69921875,8681.409007930277,8573.69921875,8659.86705009422,6518600,8742.803076171875,111.4487743489155,8965.700624869705,8519.905527474044,0.12066909571284926,5.098995064988439,False,23.154447363687257,156.5449858121493,3998055.0,1.6304428028128677,10350628.011280948
2020-10-13,8552.158203125,8573.700163334383,8509.074282706235,8530.616242915617,7526700,8722.338330078124,106.66160555368354,8935.661541185491,8509.015118970758,0.10112140148811151,4.8914225299365555,False,24.23258368585519,149.97933544186344,4191095.0,1.7958791198958746,10350628.011280948
2020-10-14,8573.69921875,8616.78313442211,8509.073345241834,8616.78313442211,9351800,8700.79638671875,88.65457527357988,8878.10553726591,8523.48723617159,0.1415944479556203,4.075699342138661,False,24.68404581626528,146.96008213746438,4477475.0,2.088632544011971,10350628.011280948
2020-10-15,8401.36328125,8573.698938301282,8401.36328125,8552.156981169872,10009200,8681.40859375,108.50044532795243,8898.409484405905,8464.407703094095,-0.14526304858366645,4.999209248419211,False,25.749776526515586,148.77264323478838,4775255.0,2.096055603313331,10350628.011280948
2020-10-16,8401.36328125,8552.156981169872,8401.36328125,8422.90523838141,7227300,8663.09794921875,123.11088659398858,8909.319722406728,8416.876176030773,-0.03150187446853075,5.684381606470971,False,26.739383614605156,148.91700442658004,4915870.0,1.4701975438732107,10350628.011280948
2020-10-19,8465.9892578125,8509.073172610528,8422.905343014472,8422.905343014472,2188500,8649.095703125,128.9679024839962,8907.031508092992,8391.159898157008,0.1450542309641307,5.964457183074008,False,27.6583044821169,145.9736392075763,4888010.0,0.44772821659530154,10350628.011280948
2020-10-20,8379.8212890625,8487.531074268958,8379.8212890625,8465.989117227668,6697000,8626.476611328126,134.70622878576538,8895.889068899656,8357.064153756595,0.042234749482329706,6.246176039421312,False,28.775312859437545,143.24050677892498,4945840.0,1.3540672565226535,10350628.011280948
2020-10-21,8358.279296875,8487.531038579253,8315.195382973583,8379.821253825708,9752700,8598.4720703125,128.9252104224587,8856.322491157418,8340.621649467583,0.0342400980955492,5.997586983742947,False,30.17655895429432,145.31873169512104,5108680.0,1.9090449979251,10350628.011280948
2020-10-22,8315.1962890625,8379.822166956768,8315.1962890625,8358.280207658678,5281200,8579.084326171875,140.97855023282966,8861.041426637534,8297.127225706216,0.03204222083154309,6.573128080942244,False,31.477716042375608,139.55495642363158,5074095.0,1.0408161455392537,10350628.011280948
2020-10-23,8379.8212890625,8422.905203145083,8358.279332021208,8358.279332021208,2466700,8565.08212890625,146.33829824864353,8857.758725403537,8272.405532408962,0.1835058865981676,6.834180737381017,False,31.99724146506199,137.28023911355666,4880975.0,0.5053703409667126,10350628.011280948
2020-10-26,8422.90625,8509.07408887468,8358.28037084399,8379.82233056266,5331300,8552.15703125,146.93788790953863,8846.032807069078,8258.281255430924,0.28009282852634076,6.872553315970236,False,31.262933815212957,138.24548760763767,4995865.0,1.0671425268697212,10350628.011280948
2020-10-27,8315.1962890625,8422.906085552946,8315.1962890625,8401.364126254857,4979000,8530.61513671875,148.5907653528686,8827.796667424487,8233.433606013014,0.13756353373528823,6.967411515883856,False,30.927793305236904,136.06437855977072,5072370.0,0.981592431151513,10350628.011280948
2020-11-02,8401.36328125,8552.156981169872,8293.65349559295,8315.195452724358,9102800,8516.612890625,146.81734638074317,8810.247583386486,8222.978197863513,0.30375341842080217,6.895574485596659,False,29.107751125254055,144.81002906099584,5335855.0,1.7059683968173798,10350628.011280948
2020-11-03,8379.8212890625,8465.989117227668,8379.8212890625,8465.989117227668,4004300,8498.30224609375,139.34499992678232,8776.992245947315,8219.612246240185,0.2874323493962739,6.558721772496727,False,27.417711958127125,140.62130042557953,5401395.0,0.7413455227769863,10350628.011280948
2020-11-04,8422.90625,8465.99016943734,8401.36429028133,8401.36429028133,2680800,8485.3771484375,133.32570976953622,8752.028567976571,8218.725728898427,0.3828603677687425,6.2849632933091995,False,25.84837800625412,136.73184185052673,5403720.0,0.496102684817126,10350628.011280948
2020-11-05,8530.6142578125,8530.6142578125,8444.446437026516,8487.530347419508,5042500,8476.760302734376,123.74891655407687,8724.258135842529,8229.262469626223,0.6087968213737671,5.839443944836254,False,24.323880814713576,134.65871084781054,5533865.0,0.911207627941773,10350628.011280948
2020-11-06,8509.0732421875,8573.699114912974,8444.447369462025,8530.615199762658,10391600,8467.06640625,112.14757120357496,8691.36154865715,8242.77126384285,0.5936418762499263,5.298060311457728,False,23.341174093351064,134.272499033749,5926500.0,1.7534126381506792,10350628.011280948
2020-11-09,8401.36328125,8573.698938301282,8401.36328125,8530.615024038461,9146900,8456.29541015625,107.2493334641475,8670.794077084545,8241.796743227955,0.3719522836833917,5.07311196036686,False,21.9234258560354,136.9912960350014,6145625.0,1.488359605410353,10350628.011280948
2020-11-10,8336.73828125,8487.531996931524,8315.196321866924,8422.906118782299,21280100,8439.0619140625,96.30659397094682,8631.675102004394,8246.448726120607,0.23438051177635674,4.564800919896819,False,21.003206854824178,139.51589453711557,7049160.0,3.0188135891368617,10350628.011280948
2020-11-11,8272.1123046875,8422.906018575031,8272.1123046875,8422.906018575031,20988000,8419.674267578124,88.20570750383148,8596.085682585786,8243.262852570462,0.08176753220811925,4.190457003472794,True,20.54645235161816,140.32145306214525,7998350.0,2.624041208499253,10350628.011280948
2020-11-12,8422.90625,8444.44820971867,8336.73841112532,8336.73841112532,10317600,8412.134619140625,80.45087551269647,8573.036370166017,8251.232868115232,0.533472696197307,3.825467810733397,True,19.86108571441305,142.60819963136132,8188300.0,1.2600417669113246,10350628.011280948
2020-11-13,8358.279296875,8422.905167727125,8336.737339924292,8422.905167727125,7350000,8402.440673828125,74.12253872526604,8550.685751278657,8254.195596377593,0.3510528048802796,3.528619438213596,True,19.224684706534354,138.57682180595754,8179465.0,0.8985917783131293,10350628.011280948
2020-11-16,8401.36328125,8444.44719551282,8358.279366987179,8422.90523838141,7054800,8393.823876953125,62.22859048142663,8518.281057915978,8269.366695990273,0.5302891494028175,2.9654465661252134,True,18.35090549192306,134.83332729394766,8064615.0,0.8747844751423347,10350628.011280948
2020-11-17,8832.203125,9026.080754573171,8444.44786585366,8444.44786585366,24735800,8415.365869140625,116.17000381602197,8647.705876772668,8183.025861508581,1.3970414955815948,5.521804072334886,False,20.432564428909817,169.82505201032077,8800945.0,2.810584545182364,10350628.011280948
2020-11-18,8853.7451171875,9026.080788568279,8832.203158264903,8832.203158264903,10675000,8437.9849609375,151.85896370990724,8741.702888357315,8134.267033517685,1.1844511283578507,7.198825995207041,False,22.36553356204291,171.5430956930321,8973330.0,1.1896364003106985,10350628.011280948
2020-11-19,8918.3701171875,8961.454030797102,8746.034462749094,8853.744246773098,7159300,8460.60400390625,186.08359580509668,8832.771195516443,8088.436812296057,1.1150006282132372,8.797650650907762,False,23.312774757052512,174.6771294326732,9221870.0,0.7763392891029693,10350628.011280948
2020-11-20,8702.951171875,8961.454672029704,8702.951171875,8961.454672029704,10424600,8476.760498046875,192.61369092099648,8861.987879888868,8091.533116204882,0.7935807324320742,9.089023617707557,False,23.790086079704945,180.6647273413897,9408250.0,1.1080275290303723,10350628.011280948
2020-11-23,8789.119140625,8832.203057981005,8724.493264590992,8746.035223268995,5293500,8498.302490234375,202.504012005478,8903.310514245331,8093.294466223419,0.8590257885640776,9.531504073345516,False,24.233303736453635,176.99238153886222,9185290.0,0.5763018913937393,10350628.011280948
2020-11-24,8724.4931640625,8832.20295621142,8702.951205632717,8810.660997781635,8640800,8518.767333984375,203.70357283291273,8926.1744796502,8111.360188318549,0.7524818627590677,9.564931866152385,False,24.426533358364495,173.58233647027947,9353270.0,0.9238266403086834,10350628.011280948
2020-11-25,8616.783203125,8767.576909179688,8616.783203125,8724.492993164064,12555600,8530.6154296875,202.0814486499964,8934.778326987493,8126.452532387507,0.6066003015283483,9.475585920646724,False,23.772046059753794,171.95457715488013,9857715.0,1.2736825927712456,10350628.011280948
2020-11-26,8724.4931640625,8746.035122492283,8552.157496624228,8616.78337191358,13527800,8545.694775390624,204.85436432049045,8955.403504031605,8135.986046749644,0.7182018299499705,9.588658135107634,False,22.5950023694466,173.5205092058212,10267540.0,1.317530781472485,10350628.011280948
2020-11-27,9133.7900390625,9133.7900390625,8681.408928637235,8746.03480155513,28037600,8586.624462890624,235.81466871238425,9058.253800315393,8114.995125465855,1.0800800891220597,10.985209367500353,False,23.547018177990203,193.43912357863866,11420470.0,2.4550303096107253,10350628.011280948
2020-11-30,8530.6142578125,9155.330958510891,8530.6142578125,9133.789003314394,64378700,8593.08701171875,232.21391550414958,9057.514842727049,8128.6591807104505,0.43274223707629905,10.809336164638845,False,23.319139084387057,224.2446648014781,14184265.0,4.53874063971591,10350628.011280948
2020-12-01,8702.951171875,8746.03508856745,8573.699421797648,8616.783338490099,20983400,8609.243505859375,227.79376264392184,9064.831031147218,8153.655980571531,0.602842660097443,10.583683107064513,False,23.107537068898424,223.6143909410119,15033220.0,1.3958020969559415,10350628.011280948
2020-12-02,8767.576171875,8789.118128071254,8638.32443469748,8767.576171875,14997900,8626.477001953124,225.98529995790128,9078.447601868927,8174.506402037322,0.6560933055691681,10.478683240295474,False,23.11903494860083,218.41291254335195,15649075.0,0.9583889143607529,10350628.011280948
2020-12-03,8638.326171875,8810.661856101933,8638.326171875,8789.119895573565,15979900,8631.86259765625,224.86117406504616,9081.584945786342,8182.140249526158,0.5071861830367389,10.420053448306788,False,23.235536766551505,215.12168194932204,16195945.0,0.986660549909252,10350628.011280948
2020-12-04,8573.69921875,8638.325092258165,8573.69921875,8638.325092258165,16025500,8635.093896484375,223.46380036800718,9082.02149722039,8188.166295748361,0.43131473908383694,10.351424225229863,False,22.820531973864377,204.37205846187047,16477640.0,0.9725603909297691,10350628.011280948
2020-12-07,8573.69921875,8638.325092258165,8573.69921875,8595.241176586054,14777600,8643.710693359375,217.21195731503119,9078.134607989437,8209.286778729313,0.41942032626243203,10.05179210738308,False,22.435170380654903,194.39018810803435,16759175.0,0.8817617812332648,10350628.011280948
2020-12-08,8444.447265625,8595.240966796875,8401.363351004464,8573.699009486607,37259300,8649.096142578124,210.42981630117325,9069.955775180471,8228.236509975777,0.25686801358484224,9.73187546223523,False,20.87695588544444,194.35357579977557,17558135.0,2.1220533957621353,10350628.011280948
2020-12-10,8573.69921875,8573.69921875,8379.821598225502,8509.073345241834,27446400,8664.17548828125,191.99144620991032,9048.15838070107,8280.192595861428,0.3821871087002378,8.863691483146386,False,19.573914846527305,194.31957899439857,17881055.0,1.534942988542902,10350628.011280948
2020-12-11,8465.9892578125,8595.241002206583,8444.447300413485,8573.69904480757,15130000,8666.329638671876,189.36566162713584,9045.060961926147,8287.598315417605,0.2355112073409465,8.740293504743999,False,18.207352364636748,191.21058776573426,18121675.0,0.8349117838168933,10350628.011280948
2020-12-14,8465.9892578125,8509.073172610528,8444.447300413485,8465.9892578125,7997300,8671.71513671875,181.51249132071905,9034.740119360189,8308.690154077312,0.21665052166747537,8.372622414781066,False,16.938401488595517,182.16882236797056,18154040.0,0.4405245333821012,10350628.011280948
2020-12-15,8358.279296875,8487.531038579253,8358.279296875,8465.989081628544,17300900,8669.5609375,185.10992382355823,9039.780785147117,8299.341089852884,0.07959892938843002,8.540682747744206,False,16.40124342318228,178.3890308919907,18666345.0,0.9268499001813156,10350628.011280948
2020-12-16,8422.90625,8444.44820971867,8358.28037084399,8379.82233056266,16458300,8649.09609375,188.77135308677086,9026.638799923541,8271.55338757646,0.2004446913536317,8.730223414822742,False,15.902453791012846,171.80187960282495,18252470.0,0.9017026188784313,10350628.011280948
2020-12-17,8379.8212890625,8487.531074268958,8379.8212890625,8444.447160186375,12290800,8625.39990234375,191.45637940469283,9008.312661153135,8242.487143534365,0.1793282443175267,8.878724769742853,False,15.050988048103095,167.22387286022732,18333260.0,0.6704099543670902,10350628.011280948
2020-12-18,8358.279296875,8422.905167727125,8336.737339924292,8401.363210776417,15122100,8597.395361328125,187.2645390056239,8971.924439339373,8222.866283316876,0.18077770393311987,8.71261730490875,False,14.608673519318934,161.4341553561278,18731400.0,0.8073128543515167,10350628.011280948
2020-12-21,8422.90625,8465.99016943734,8315.19645140665,8358.28037084399,10927500,8583.393115234376,189.41395862658138,8962.221032487538,8204.565197981214,0.2881797276213859,8.82699678710493,False,13.794706071231452,160.67412411859658,18756545.0,0.5825966349346321,10350628.011280948
2020-12-22,8272.1123046875,8465.989936828613,8272.1123046875,8465.989936828613,15824100,8557.5427734375,195.05505954131206,8947.652892520126,8167.432654354877,0.13416679703001025,9.117339624489427,False,13.404557399492985,163.04580326306208,19283075.0,0.8206211924187403,10350628.011280948
2020-12-23,8207.4853515625,8336.73708938238,8142.859482652559,8272.111220472441,11933300,8531.6923828125,205.73180811962695,8943.155999051754,8120.2287665732465,0.10603195707408108,9.645533330952412,False,13.997903482510539,165.24807493925925,19447700.0,0.6136098356103806,10350628.011280948
2020-12-28,8164.40185546875,8229.027727675626,8142.859898066458,8207.485770273335,10841700,8509.073315429687,220.24094463263947,8949.555204694965,8068.5914261644075,0.10875637754840924,10.353228205627127,False,14.548867702455409,159.59948598710986,19362005.0,0.5599471748922696,10350628.011280948
2020-12-29,8013.60888671875,8250.570439820649,7992.066927345851,8185.944561701949,18237100,8473.5291015625,240.11256859023413,8953.75423874297,7993.303964382032,0.021141044860680986,11.334713822884403,False,15.98265820002069,166.66405930765904,19597470.0,0.9305844070688717,10350628.011280948
2020-12-30,8250.5703125,8250.5703125,8013.60876305483,8013.60876305483,16093100,8429.368115234374,187.8113734669578,8804.99086216829,8053.745368300459,0.2619981694481475,8.912239726606638,False,17.314035090617022,171.68530860319555,19000245.0,0.8469943413887557,10350628.011280948
2021-01-04,8250.5703125,8272.11227154047,8099.776599216711,8272.11227154047,6040400,8415.36591796875,190.28866857567127,8795.943255120092,8034.788580817407,0.2834926184750515,9.044819699134457,False,18.294572771261045,171.73176315466446,16083330.0,0.37556898975523106,10350628.011280948
2021-01-05,8142.86083984375,8250.570639312584,8142.86083984375,8207.48671952505,10086200,8387.361401367187,186.92166255519487,8761.204726477576,8013.518076256797,0.1729906018099432,8.914444179058522,False,19.205072046144778,167.1587657485337,15538470.0,0.6491115277115443,10350628.011280948
2021-01-06,8121.318359375,8229.028151939654,8078.234442349138,8142.860317887931,10369600,8355.048510742188,173.0816085557746,8701.211727853737,8008.885293630639,0.16239892077864793,8.286324529809315,False,20.467722335504533,165.98983316581817,15307055.0,0.6774392592174001,10350628.011280948
2021-01-07,8185.943359375,8272.111184210527,8099.775534539474,8121.317490748355,8826900,8332.429370117188,163.4022208273023,8659.233811771794,8005.624928462584,0.2758812426163294,7.844157499291439,False,21.079736215754362,166.44310577333496,14949405.0,0.5904515932239444,10350628.011280948
2021-01-08,8207.4853515625,8250.569264169128,8142.859482652559,8229.027307865814,11195000,8314.118676757813,155.25864121080068,8624.635959179413,8003.601394336211,0.32829727807141457,7.469637961499267,False,21.64803481884349,162.24786832642312,14707880.0,0.7611566044868465,10350628.011280948
2021-01-11,8207.4853515625,8272.111220472441,8185.943395259186,8207.4853515625,5309300,8295.807983398438,144.23713044425722,8584.282244286951,8007.333722509923,0.34691418991091394,6.954699565510879,False,21.87922661440524,156.8135795326254,14234465.0,0.37298907967387607,10350628.011280948
2021-01-12,8121.318359375,8229.028151939654,8121.318359375,8207.486193426725,6644300,8279.651538085938,144.80749914162246,8569.266536369183,7990.036539802693,0.22664886202459789,6.995825777233061,False,22.599053920893034,153.3061661777703,12703715.0,0.5230202346321529,10350628.011280948
2021-01-13,8035.150390625,8142.860181384048,8035.150390625,8121.318223232239,11366200,8252.724096679687,137.11886025930707,8526.961817198302,7978.486376161073,0.10331185359324166,6.645992700251504,False,23.84627588748976,150.04928221929012,11899705.0,0.9551665356410096,10350628.011280948
2021-01-14,8056.69189453125,8164.401679217497,8035.149937594001,8056.69189453125,6211400,8232.259228515624,134.12492874067252,8500.50908599697,7964.009371034279,0.1727540964367826,6.51704107062513,False,24.693614545604,148.56374360530484,11453775.0,0.5423015556006644,10350628.011280948
2021-01-15,8078.23486328125,8121.318782552083,8035.150944010416,8056.692903645833,6773600,8212.871508789063,126.36133207902552,8465.594172947114,7960.148844631012,0.23362767847443153,6.154307026174658,True,25.480429013852934,144.10689324361638,11392590.0,0.5945619038339833,10350628.011280948
2021-01-18,8293.65234375,8315.19429788961,8078.232802353896,8078.232802353896,15779400,8209.640161132813,123.23486881781945,8456.10989876845,7963.170423497174,0.6704310302414989,6.004398068565996,True,23.83743010654481,150.73936483590904,11316515.0,1.3943692028862242,10350628.011280948
2021-01-19,8401.36328125,8530.615024038461,8293.65349559295,8358.279366987179,34368300,8208.563012695313,121.35245538035758,8451.267923456027,7965.8581019345975,0.8971907036210964,5.913456725259928,True,23.61647833295749,156.89817308251992,12212015.0,2.814302144240733,10350628.011280948
2021-01-20,8336.73828125,8465.99003754845,8272.112403100775,8401.364159399225,14452800,8206.408862304688,118.50130913704768,8443.411480578783,7969.4062440305925,0.7749535424848878,5.776037295990526,True,23.205857298496166,159.53956318003102,12320115.0,1.1731059328585813,10350628.011280948
2021-01-21,8250.5703125,8401.36402578329,8250.5703125,8358.28010770235,7065100,8201.023413085937,113.58145433256455,8428.186321751065,7973.860504420808,0.60905587471391,5.539867336621841,True,22.61397429446103,158.91485961597812,11917265.0,0.5928457578143979,10350628.011280948
2021-01-22,8164.40185546875,8272.111642480211,8099.775983261873,8250.569685077919,5631500,8188.098193359375,101.01644151308886,8390.131076385553,7986.065310333197,0.44135524490942785,4.934793849688526,True,21.2352795299134,159.87348815900384,11652465.0,0.48328829994340256,10350628.011280948
2021-01-25,8185.943359375,8250.569228001645,8035.149665912829,8142.859446957237,8009500,8183.78974609375,99.0632774155272,8381.916300924804,7985.663191262695,0.5054349435467818,4.841926808435499,True,20.42625428860396,163.84106486827613,11261735.0,0.7112136806628818,10350628.011280948
2021-01-26,8185.943359375,8358.279009046053,8099.775534539474,8250.569228001645,13587300,8182.712646484375,98.90907019609685,8380.530786876569,7984.8945060921815,0.5081658660935235,4.835025961156884,True,19.115940011758635,170.60266555672632,11344435.0,1.1977061881001565,10350628.011280948
2021-01-27,8185.943359375,8315.19509662829,8099.775534539474,8185.943359375,9466000,8183.789721679687,98.81642463965005,8381.422570958988,7986.156872400387,0.5054485823160618,4.829861372311437,True,17.899219611830834,173.8038724518755,11275650.0,0.8395081436546895,10350628.011280948
2021-01-28,8056.69189453125,8185.943636154746,8056.69189453125,8185.943636154746,8804700,8185.943872070313,95.3190110800939,8376.581894230501,7995.305849910125,0.16100157755923333,4.657691895753828,True,16.823252889766007,170.62157739270552,10804030.0,0.8149459044449154,10350628.011280948
2021-01-29,7841.2724609375,8099.775948660714,7755.104631696428,8056.692034040178,14066800,8165.478979492187,121.15108702890707,8407.78115355,7923.176805434373,-0.16901281388694922,5.9347938967539315,False,17.673069438362667,183.05370164781834,10702715.0,1.314320712081,10326153.557231335
2021-02-01,7948.982421875,8013.608295223577,7755.104801829268,7755.104801829268,6846000,8150.399584960937,128.54583323425427,8407.491251429446,7893.307918492429,0.10827753413273422,6.308688642527234,False,18.46218480491671,188.44297248685345,10742995.0,0.6372524607895657,10466176.506450085
2021-02-02,8185.943359375,8250.569228001645,7948.981841077303,7970.523797286184,12534000,8152.5537109375,128.77363158559012,8410.10097410868,7895.00644776632,0.5648223709046122,6.318198500812169,False,17.39892772752394,196.52471637524548,10865385.0,1.1535716405815348,10738059.28605488
2021-02-03,8121.318359375,8229.028151939654,8099.776400862069,8207.486193426725,8510200,8152.5537109375,128.77363158559012,8410.10097410868,7895.00644776632,0.43935996217179896,6.318198500812169,False,16.411617584230655,191.71950456826974,10772415.0,0.7899992712868934,10738059.28605488
2021-02-04,8035.150390625,8164.402139535858,7948.982558017761,8121.318223232239,6585300,8145.0140625,131.10904675307052,8407.232156006141,7882.79596899386,0.29051088655629403,6.438738877404868,False,16.36264878758337,193.4123672075431,10660335.0,0.6177385607487945,10738059.28605488
2021-02-05,7948.982421875,8056.692210789295,7905.898506309281,8035.150253006436,7215800,8132.088916015625,137.2256333668285,8406.540182749282,7857.637649281968,0.16641346509374638,6.749834380023638,False,16.541844311215247,190.3681770127196,10461375.0,0.6897563656785078,10738059.28605488
2021-02-08,7841.2724609375,7992.066162109375,7841.2724609375,7948.982247488839,11335300,8113.778271484375,150.43281567279251,8414.643902829961,7812.91264013879,0.047130376227875956,7.4161659655642405,False,17.037751218257895,187.54142873837355,10762675.0,1.0532047097956596,10713584.832005266
2021-02-09,7582.76904296875,7927.440363103693,7582.76904296875,7884.356448086825,35900200,8086.850805664062,191.58381265085288,8470.018430965767,7703.683180362356,-0.1577822986720222,9.476312461046845,False,18.57355836609412,198.76499240955707,12225470.0,2.936508780439525,10377530.388645891
2021-02-10,7755.10498046875,7819.73085530599,7625.853230794271,7625.853230794271,19472200,8072.84853515625,205.30386672579849,8483.456268607848,7662.240801704654,0.11308138059587138,10.172561312489677,False,19.99966500337061,201.49333669010588,12630770.0,1.5416478963673632,10601567.107395891
2021-02-11,7733.5625,7798.188370473537,7712.020543175488,7755.104456824512,4249400,8056.692065429687,218.90603878256098,8494.504142994809,7618.879987864565,0.13097230297213155,10.868283757392732,False,21.323906880841637,193.25580030495902,12532670.0,0.3390658175791751,10573561.882786516
2021-02-15,7733.5625,7776.646413649025,7712.020543175488,7755.104456824512,4050100,8039.458447265625,230.38707640437713,8500.23260007438,7578.684294456871,0.16806303543616075,11.462815706584632,False,22.55356005277902,184.0679481741432,12396495.0,0.32671331694967004,10573561.882786516
2021-02-16,7604.3115234375,7776.647195356764,7582.7695644475925,7755.105236366856,14656600,8004.99140625,241.64618159273832,8488.283769435477,7521.699043064524,0.08546843139467478,12.074775316014447,False,24.208391032366624,184.76863979807382,12340355.0,1.187696788301471,10405535.613255266
2021-02-17,7604.3115234375,7668.937400407224,7582.7695644475925,7604.311523437501,5044600,7965.138818359375,238.54093706450828,8442.220692488392,7488.056944230359,0.12183923296119904,11.97924819663806,False,25.745019799126542,177.72572523818508,10874170.0,0.46390667057807633,10405535.613255266
2021-02-18,7539.685546875,7690.4792578125,7539.685546875,7668.937299107142,10242500,7925.286181640625,239.76890922456954,8404.824000089764,7445.748363191486,0.09794554263448312,12.10146378209069,False,27.339468276488223,175.80200993099328,10663655.0,0.9605055677438927,10319557.777163697
2021-02-19,7410.43359375,7582.769258720929,7367.349677507267,7539.6853424781975,16657400,7883.279345703125,253.009819129527,8389.298983962179,7377.259707444071,0.03277924787668603,12.83779544194044,False,29.402290480237244,178.63183645118391,11143270.0,1.494839486075452,10319557.777163697
2021-02-22,7431.97412109375,7539.683890964674,7431.97412109375,7518.141936990489,6220800,7846.657958984375,262.9878348098863,8372.633628604148,7320.682289364602,0.10579560819761924,13.406361596723709,False,31.317768240861334,175.10458364857607,11172735.0,0.5567839924602168,10319557.777163697
2021-02-23,7367.349609375,7431.9754831414475,7367.349609375001,7431.9754831414475,11933200,7805.728271484375,270.9832533776818,8347.694778239738,7263.761764729012,0.09556664789688427,13.88637902590735,False,33.29626325745181,167.21324722842397,11368920.0,1.0496335623788364,10319557.777163697
2021-02-24,7453.51708984375,7518.142960564939,7324.265348401373,7367.349262215499,17672400,7769.106958007813,266.34695813127877,8301.80087427037,7236.413041745255,0.2037793575921818,13.71313122967103,False,34.17880312351225,169.1178447237913,11573175.0,1.5270139784458456,10319557.777163697
2021-02-25,7388.89208984375,7539.685805963009,7388.89208984375,7496.601887071793,7989700,7729.25439453125,260.25489167404334,8249.764177879337,7208.744611183163,0.17304908036677055,13.468563894503664,False,34.768087974812524,167.80897839489617,11499360.0,0.6947951886018005,10319557.777163697
2021-02-26,7388.89208984375,7453.517968180576,7324.266211506923,7367.350130398141,11519000,7695.864404296875,258.86929411272354,8213.602992522323,7178.125816071428,0.20354506942849768,13.454982079371764,False,35.58964454591889,165.05489112909305,11635075.0,0.9900236998902027,10319557.777163697
2021-03-01,7410.43359375,7453.517509992732,7388.891635628634,7410.43359375,4982200,7674.3224609375,264.0074814982008,8202.337423933901,7146.3074979410985,0.25011232097479563,13.760562334564675,False,36.35251850480337,157.88138993159342,11180845.0,0.44560138343747724,10319557.777163697
2021-03-02,7496.6015625,7668.937230603448,7410.433728448275,7410.433728448275,13965700,7651.70341796875,258.5601077379982,8168.8236334447465,7134.583202492753,0.3500330766164476,13.516473057793277,False,34.91865866550989,165.0686932831545,11536830.0,1.2105318358682584,10319557.777163697
2021-03-03,7518.1435546875,7539.685513296919,7453.517678859241,7496.60159607808,9225100,7618.313427734375,227.14953920792914,8072.6125061502335,7164.014349318517,0.38975338295185663,11.926500077090243,False,33.58721738616594,159.4329176513348,11371385.0,0.8112556210171409,10319557.777163697
2021-03-04,7410.43359375,7561.227300599564,7410.43359375,7561.227300599564,7279700,7582.769189453125,198.05283142952536,7978.874852312176,7186.663526594075,0.2824625953852508,10.447519974892387,False,32.62238086570037,158.81583116549405,11309860.0,0.6436596032134793,10319557.777163697
2021-03-05,7324.265625,7410.433455882352,7324.265625,7410.433455882352,12683100,7547.224951171875,175.04601513363653,7897.316981439148,7197.132920904602,0.1815704059277508,9.277371021329195,False,32.2349597748578,153.6266981358159,11614750.0,1.0919821778342194,10319557.777163697
2021-03-08,7216.5556640625,7367.349364505597,7173.471749650187,7324.265450093284,12971400,7510.60361328125,162.75453025674486,7836.11267379474,7185.0945527677595,0.04832601471232569,8.66798668319765,True,32.62269009563596,156.5017636157869,11902530.0,1.0898019160632235,10319557.777163697
2021-03-09,7173.47216796875,7259.640001818224,7151.930209506381,7216.556084893487,8629600,7477.213598632812,159.82055205209352,7796.854702737,7157.572494528625,0.024871133962393613,8.549738479120963,True,33.07905978473948,153.0166228083623,11767245.0,0.7333577230694185,10319557.777163697
2021-03-10,7216.5556640625,7324.265450093284,7173.471749650187,7173.471749650187,7208800,7458.9029296875,167.86657662176043,7794.636082931021,7123.169776443979,0.13907754821994708,9.002212695576317,False,32.854112086330574,152.8578426394148,10332675.0,0.6976702547984912,10319557.777163697
2021-03-12,7216.5556640625,7302.723492887127,7216.5556640625,7238.097621268657,6857000,7431.9754638671875,160.90195402075966,7753.779371908707,7110.171555825668,0.16529337521765897,8.659983058503542,True,32.64523208066516,148.0942702240728,9701915.0,0.7067676845241377,10319557.777163697
2021-03-15,7324.265625,7475.0593290441175,7281.181709558823,7302.7236672794115,9366100,7411.5106201171875,145.8495637684406,7703.209747654068,7119.811492580307,0.3504537948846681,7.871516145308275,True,30.891252376134716,155.98065556389741,9957750.0,0.9405839672616806,10319557.777163697
2021-03-16,7410.43359375,7431.9755518713655,7345.807719385901,7388.891635628634,4733700,7395.354174804687,124.65382421234023,7644.661823229368,7146.046526380007,0.5302425919152425,6.742277449646679,True,29.26255693621359,152.53274637157372,9991930.0,0.47375231812072344,10319557.777163697
2021-03-17,7431.97412109375,7453.516075067935,7367.348259171195,7453.516075067935,6268400,7386.7373046875,115.03449821928321,7616.8063011260665,7156.6683082489335,0.598311413329282,6.229245388016399,True,27.566543297773276,147.7923941947999,9572520.0,0.6548327922010088,10319557.777163697
2021-03-18,7496.6015625,7518.143521012931,7453.517645474138,7475.059603987069,8262600,7381.351806640625,106.51842502502865,7594.388656690682,7168.314956590568,0.7704925364609334,5.772299048485911,True,25.741271818022962,143.39075174654144,9733420.0,0.8488897016670399,10319557.777163697
2021-03-19,7604.3115234375,7647.395441417317,7431.975851518237,7496.601728487961,15236900,7384.58310546875,112.39262916028039,7609.36836378931,7159.797847148189,0.9887518416697091,6.087960690809823,True,24.978935196422245,148.53566875743707,9983140.0,1.5262632798898943,10319557.777163697
2021-03-22,7604.3115234375,7668.937400407224,7582.7695644475925,7625.853482427408,7289500,7394.277001953125,122.6339989003066,7639.544999753739,7149.009004152512,0.9281735150280768,6.633995392269681,True,24.412742734664494,144.08082355759382,9514745.0,0.7661266802210674,10319557.777163697
2021-03-23,7927.43994140625,7992.065810493801,7841.2721159561825,7841.2721159561825,30860800,7419.05029296875,171.1124875167519,7761.275268002254,7076.825317935246,1.2427711089579718,9.22557366561703,False,25.510030137367494,161.48607095035862,10746745.0,2.871641599386605,10319557.777163697
2021-03-24,7970.5244140625,7992.066371938345,7798.1887510557435,7927.440498310811,12586500,7449.209033203125,210.20916120063717,7869.627355604399,7028.790710801851,1.119996029052462,11.287596321363965,False,26.151092336200264,163.79975308837595,10779410.0,1.1676427559578864,10319557.777163697
2021-03-25,7712.02099609375,7948.98253507987,7647.395121824808,7927.440576990223,11930600,7462.134228515625,218.28039579860544,7898.695020112836,7025.573436918415,0.7861992789868781,11.70069522279423,False,25.547124908493664,175.18043445618426,10492320.0,1.1370793113439164,10319557.777163697
2021-03-26,7841.2724609375,7841.2724609375,7733.56267438616,7798.188546316964,7860900,7484.753247070313,233.21881311325404,7951.19087329682,7018.315620843805,0.882172442595848,12.463674107334963,False,24.98629801133754,171.8997937695818,10485880.0,0.7496652641456892,10319557.777163697
2021-03-29,7948.982421875,7948.982421875,7798.188717394986,7841.272632960704,5927500,7512.757763671875,253.81961967242583,8020.397003016727,7005.118524327024,0.9296601054383693,13.51405849392758,False,25.01653738264365,170.3922159631841,10206305.0,0.5807684563610435,10319557.777163697
2021-03-30,7819.73046875,7948.982212035124,7776.6465543216245,7927.440254820936,6974500,7533.222607421875,261.5187823184326,8056.260172058741,7010.1850427850095,0.7738884171035032,13.886157143997286,False,24.867359927846266,170.53104821962634,10305920.0,0.6767469570887412,10319557.777163697
2021-03-31,7927.43994140625,7927.43994140625,7582.768639605978,7819.730159593665,11218500,7554.7645263671875,275.7033604826088,8106.171247332405,7003.35780540197,0.8379315130460394,14.597588555956465,False,23.3158208286221,182.969637761101,10168560.0,1.103253558025915,10319557.777163697
2021-04-01,7712.02099609375,7884.356660810929,7690.479038004102,7819.730786541986,8292600,7564.4583984375,277.7488069268473,8119.956012291195,7008.960784583805,0.6328201903807945,14.687042603563988,False,21.87510595077109,186.8261567354615,10121935.0,0.8192702284691613,10319557.777163697
2021-04-05,7690.478515625,7798.1882987570025,7690.478515625,7755.104385504202,1842800,7578.46064453125,276.6319773348884,8131.724599201027,7025.196689861474,0.6012336608487437,14.600958707069921,False,20.53729557359663,181.1749871923573,9850090.0,0.18708458501394404,10319557.777163697
2021-04-06,7604.3115234375,7712.02131838704,7582.7695644475925,7690.479359397133,4493200,7592.462939453125,270.098582541162,8132.660104535449,7052.2657743708005,0.5109669068538795,14.229826853029962,False,19.585684474051085,177.46618481714947,9440595.0,0.47594457764579456,10319557.777163697
2021-04-07,7668.9365234375,7733.5623930170295,7625.852610384481,7625.852610384481,3186900,7615.081982421875,255.50992861371577,8126.101839649306,7104.062125194444,0.5526931979784659,13.42125687962477,False,18.539879188316416,174.02223372874806,8951370.0,0.35602371480566664,10319557.777163697
2021-04-08,7582.76904296875,7712.020788019354,7582.76904296875,7668.936873002485,7579300,7635.546826171875,233.74185603872013,8103.030538249315,7168.063114094435,0.4435512063419416,12.244930788062906,False,17.864945708091525,170.8243416803092,8898855.0,0.8517163163126042,10319557.777163697
2021-04-09,7647.3955078125,7668.937466989437,7582.76963028169,7582.76963028169,2731400,7657.088818359375,211.93041295954143,8080.949644278458,7233.227992440292,0.48856545597737583,11.071069853670592,False,17.23822176216841,164.7774904189076,8674985.0,0.3148593340507217,10319557.777163697
2021-04-12,7453.51708984375,7690.478615821442,7453.51708984375,7668.936658914379,5958000,7668.9368896484375,191.66032886573498,8052.257547379908,7285.616231916967,0.2190083609378592,9.996709146188913,False,17.511928760140037,169.93349295882075,8630035.0,0.6903795871048032,10319557.777163697
2021-04-13,7431.97412109375,7518.141936990489,7367.348259171195,7453.516075067935,2735700,7674.322314453125,182.77293484967768,8039.86818415248,7308.776444753769,0.16851192497579726,9.526466434982005,False,18.253361542369955,168.56636330599736,8298515.0,0.3296613912248155,10319557.777163697
2021-04-14,7539.685546875,7539.685546875,7475.059670758928,7496.601629464285,2798800,7680.784912109375,175.0740395943735,8030.932991298122,7330.636832920628,0.298514723311797,9.117507733791905,False,18.734085589114645,164.21958205422968,8201770.0,0.3412434145312536,10319557.777163697
2021-04-15,7539.685546875,7561.227505580357,7475.059670758928,7539.685546875,2319600,7686.170483398438,168.55260010476934,8023.275683607976,7349.065283188899,0.2827311230553766,8.771733620472272,False,18.96707300036553,158.6444572518867,8004330.0,0.28979314945785595,10319557.777163697
2021-04-16,7712.02099609375,7712.020996093749,7539.6853313765705,7539.6853313765705,4801000,7696.941455078125,162.57811040219448,8022.097675882514,7371.785234273736,0.523188147805262,8.448972171663437,True,17.852925561324714,159.6224006422647,7831250.0,0.6130566640063847,10319557.777163697
2021-04-19,7712.02099609375,7755.104912273045,7668.937079914454,7733.562954183397,4496300,7702.326928710938,161.12568148621045,8024.578291683359,7380.075565738517,0.5150411580782698,8.367636584502986,True,16.66838462333935,154.37564576485937,7294220.0,0.6164195760478844,10319557.777163697
2021-04-20,7668.9365234375,7755.104349543539,7625.852610384481,7755.104349543539,2117200,7705.558178710938,159.69828450709625,8024.95474772513,7386.1616096967455,0.44267055625163837,8.290030692302787,True,15.720558596525347,152.58108100730215,7035605.0,0.3009265017009909,10319557.777163697
2021-04-21,7582.76904296875,7668.936873002485,7582.76904296875,7625.852957985618,2711600,7688.324633789062,152.94874498267234,7994.222123754407,7382.427143823717,0.32746574541642903,7.957455090305896,True,15.166765097561605,147.8372773663331,5628145.0,0.48179284648849663,10319557.777163697
2021-04-22,7539.685546875,7647.395340401786,7539.685546875,7604.311422991072,1843600,7666.782690429687,140.9831660242121,7948.749022478111,7384.816358381263,0.27462354701826636,7.355532129543672,True,14.971114084570067,144.97102852065115,5091000.0,0.3621292476920055,10319557.777163697
2021-04-23,7647.3955078125,7690.479426166374,7539.6857119278175,7582.76963028169,3492000,7663.551416015625,140.63190938454147,7944.815234784708,7382.287597246543,0.4712797965379448,7.340299647009226,True,14.391098297852533,145.3869464328456,4669070.0,0.7479005455047794,10319557.777163697
2021-04-26,7496.6015625,7668.937230603448,7496.6015625,7647.395272090517,4114300,7646.31787109375,138.81394726963515,7923.9457656330205,7368.6899765544795,0.23036515505366015,7.261740859317895,True,14.189911044782699,147.31185512360295,4481740.0,0.9180139856395061,10319557.777163697
2021-04-27,7410.43359375,7518.143384356831,7367.349677507267,7496.601426235465,7502700,7619.3904296875,128.8921922341491,7877.174814155798,7361.606045219201,0.09470617980121147,6.766535639488712,True,14.89220641142561,147.56055881831446,4560500.0,1.6451485582721193,10319557.777163697
2021-04-28,7388.89208984375,7475.059927626184,7324.266211506923,7410.434049289358,5144400,7597.8485107421875,129.64790682577456,7857.1443243937365,7338.5526970906385,0.09706942824144353,6.825506280756839,True,15.80538300251825,147.79149862552487,4468995.0,1.1511312946199312,10319557.777163697
2021-04-29,7431.97412109375,7475.058029042119,7388.890213145381,7410.432167119565,2352400,7573.075219726563,109.056358718285,7791.187937163133,7354.962502289993,0.1765408723270646,5.760215265482216,True,16.65333269424713,143.38980700204016,4025690.0,0.5843470311921684,10319557.777163697
2021-04-30,7496.6015625,7496.6015625,7388.891769935344,7453.517645474138,3825600,7562.304248046875,105.18017449314479,7772.664597033165,7351.943899060585,0.34383300877876716,5.56339290476497,True,17.1932195517609,140.841234542227,3802340.0,1.0061172856714549,10319557.777163697
2021-05-03,7367.349609375,7496.601356907895,7367.349609375001,7496.601356907895,3563800,7546.147802734375,109.19624217303382,7764.540287080442,7327.755318388307,0.0906493900310943,5.788184648780188,True,17.848253667592964,140.0134287267107,3888390.0,0.9165232911307765,10319557.777163697
2021-05-04,7345.8076171875,7388.8915328308285,7281.181743722507,7367.349575009164,6310100,7533.222607421875,116.9715495888494,7767.165706599574,7299.279508244176,0.0994432174038651,6.21097002887486,True,19.029719049054943,137.70602589682576,3979235.0,1.5857570613447056,10319557.777163697
2021-05-05,7345.8076171875,7410.433490652493,7324.265659365836,7345.8076171875,2506600,7517.066162109375,119.52758367239024,7756.121329454156,7278.010994764594,0.141801206758951,6.360331602501132,False,19.853168303124455,134.0247262818137,3945220.0,0.6353511337770771,10319557.777163697
2021-05-06,7324.265625,7410.433455882352,7238.097794117647,7367.349540441176,6187000,7504.1409912109375,125.85789806762273,7755.856787346183,7252.425195075692,0.14270147330306762,6.708717131782641,False,21.160252649667456,136.7612216734488,3875605.0,1.5963959175406162,10319557.777163697
2021-05-07,7281.181640625,7345.8075131749265,7259.639683108358,7324.265555658284,2904100,7485.830297851562,130.4743139220018,7746.778925695566,7224.881670007559,0.10787558279689029,6.971801856606233,False,22.373973828600242,133.14740798724304,3884240.0,0.7476623483615843,10319557.777163697
2021-05-10,7410.43359375,7410.43359375,7259.639886900436,7281.181845021802,3839900,7483.676123046875,131.38835474127484,7746.452832529424,7220.899413564325,0.36063732695127126,7.022663866312899,False,22.643832822541835,134.40785790598025,3778335.0,1.016294214250457,10319557.777163697
2021-05-11,7345.8076171875,7410.433490652493,7324.265659365836,7410.433490652493,2161700,7479.3677978515625,134.54768085640904,7748.4631595643805,7210.2724361387445,0.2518348517530383,7.195671318373065,False,22.894416174059028,130.9621490829934,3749635.0,0.5765094469195001,10319557.777163697
2021-05-17,7108.84619140625,7388.891647431345,7065.762275094697,7367.3496892755675,9477500,7457.825830078125,156.99906009397407,7771.823950266074,7143.827709890177,-0.0557033883881032,8.42063430662496,False,24.642155699045475,144.6883793153973,4083570.0,2.320885891511594,10319557.777163697
2021-05-18,7151.9296875,7238.097515060241,7108.84577371988,7108.84577371988,3770500,7438.438037109375,169.77990381102728,7777.99784473143,7098.87822948732,0.07811798808610575,9.129868553802192,False,26.26505668653289,143.58576231718044,4156115.0,0.9072174374385694,10319557.777163697
2021-05-19,7130.3876953125,7195.013565662764,7108.8457385290785,7151.9296520959215,4186400,7409.356372070312,170.264749238104,7749.88587054652,7068.826873594105,0.09038985167785181,9.191877981732368,False,27.772036345410363,139.48448123264512,4125385.0,1.0147901347389394,10319557.777163697
2021-05-20,7216.5556640625,7281.18153568097,7130.387835237873,7151.92979244403,4715400,7384.58310546875,159.62184843197738,7703.826802332705,7065.339408604795,0.23683514654033375,8.6462212505276,False,28.04714055363356,140.29229259948977,4136340.0,1.1399933274343985,10319557.777163697
2021-05-21,7173.47216796875,7259.640001818224,7151.930209506381,7238.098043355856,2032000,7359.809887695313,151.40400305571103,7662.617893806735,7057.00188158389,0.19231705244610153,8.228690977947126,False,28.302594461269386,137.96497115037212,4132080.0,0.49176201816034537,10319557.777163697
2021-05-24,7065.76220703125,7195.0139547208455,7065.76220703125,7195.0139547208455,3906400,7333.959545898438,155.41603264310467,7644.791611184647,7023.127480612228,0.06858160913959169,8.476514312382434,False,29.078107707777388,137.34259804603093,4191820.0,0.9319102442375865,10319557.777163697
2021-05-25,7044.2197265625,7087.3036392631875,6979.593857511468,7065.761682912844,8978000,7309.186254882812,160.3089742577766,7629.804203398366,6988.568306367259,0.08678774917765039,8.773013502053491,False,30.25931895839275,135.225968310723,4548540.0,1.9738201708680148,10319557.777163697
2021-05-27,7130.3876953125,7130.3876953125,7022.677911395393,7065.761824962236,11260600,7283.335864257812,143.72835297914787,7570.792570216108,6995.879158299516,0.23396312248930115,7.893545246731208,False,30.79404025314529,133.2605265683219,4936970.0,2.280872681016899,10319557.777163697
2021-05-28,7001.13623046875,7151.929933894231,6936.510357572116,7130.387976262019,7763900,7258.56259765625,147.68013622149147,7553.922870099233,6963.202325213267,0.06421632967379888,8.138257911789674,False,31.75420996170429,139.12903012216427,5119450.0,1.5165496293547158,10319557.777163697
2021-05-31,7065.76220703125,7087.304164979516,6958.0524172899195,7022.678291134717,4574100,7241.329028320312,149.12839804803139,7539.5858244163755,6943.072232224249,0.2056784227768018,8.237625853751501,False,32.64579611965193,138.42350994840942,4973020.0,0.9197831498767348,10319557.777163697
2021-06-02,7087.3037109375,7216.555450346695,7065.761754369301,7108.8456675057,5611200,7226.249609375,148.66908975750943,7523.587788890019,6928.911429859981,0.26635039155729867,8.229391332656604,False,31.891880575000904,139.30709466476543,4996360.0,1.1230575859225516,10319557.777163697
2021-06-03,7496.6015625,7496.6015625,7108.846309267241,7108.846309267241,10251900,7229.480981445313,153.9832928846933,7537.447567214699,6921.514395675927,0.9336843563520789,8.519742608350226,False,30.336152908774448,158.59214872888933,5391335.0,1.9015512855350298,10319557.777163697
2021-06-04,7281.181640625,7475.059258274779,7259.639683108358,7475.059258274779,9862700,7218.709985351563,141.3293096327703,7501.368604617103,6936.051366086022,0.6105072533004006,7.8312778831431205,False,28.891548647278448,164.18998663337163,5693190.0,1.7323679694512215,10319557.777163697
2021-06-07,7195.01318359375,7345.806873070265,7173.471227954247,7324.2649174307635,3596700,7210.0931640625,136.97643090873157,7484.046025879963,6936.140302245038,0.47247705249599053,7.5991490146877645,False,26.873524700792903,164.7718193821321,5694835.0,0.6315722931393095,10319557.777163697
2021-06-08,7044.2197265625,7216.555377365252,7001.135813861812,7195.013421014908,8321100,7195.01376953125,137.84738539754628,7470.708540326342,6919.3189987361575,0.2265199435341738,7.66349529343718,False,26.03204735430396,168.38951539079696,5795385.0,1.4358148768373455,10319557.777163697
2021-06-09,7022.67822265625,7108.846053609087,7001.13626491804,7044.220180394459,4260000,7178.8572998046875,138.17918525235083,7455.215670309389,6902.498929299986,0.2174337855893157,7.699230085329041,False,25.250675532564227,164.0552491979577,5883055.0,0.7241135770445797,10319557.777163697
2021-06-10,7022.67822265625,7087.304095870878,7022.67822265625,7044.220180394459,2264700,7163.7779296875,137.9314918705863,7439.640913428672,6887.914945946327,0.2442576290633544,7.701606232040374,False,24.525115983805904,156.95315091343417,5686940.0,0.3982282211523244,10319557.777163697
2021-06-11,7044.2197265625,7087.3036392631875,7022.677770212155,7044.2197265625,2528900,7151.929833984375,137.49254864021083,7426.914931264797,6876.944736703954,0.30415282775845154,7.689815299186904,False,23.851385225801067,150.35834506611974,5668180.0,0.4461573203391565,10319557.777163697
2021-06-14,7022.67822265625,7108.846053609087,7022.67822265625,7044.220180394459,2865900,7132.542065429688,125.97909006267508,7384.5002455550375,6880.583885304338,0.28198000414437796,7.065031732418421,False,23.015240406114035,145.7733083437424,5619480.0,0.5099938072561874,10319557.777163697
2021-06-15,7022.67822265625,7065.762138132669,7001.13626491804,7044.220180394459,4067700,7116.385595703125,117.63259699259841,7351.650789688321,6881.120401717928,0.3008473513239471,6.611929351530637,False,22.407245067265578,139.97706297737716,5714780.0,0.7117859305170102,10319557.777163697
2021-06-16,7044.2197265625,7173.471464664563,7022.677770212155,7044.2197265625,4552800,7113.154272460937,118.73308648148952,7350.620445423916,6875.688099497958,0.3548539671181207,6.676817734218006,False,20.8099412177532,140.74967951130796,5468545.0,0.8325432084768435,10319557.777163697
2021-06-17,7001.13623046875,7108.846018629808,7001.13623046875,7044.220145733173,4122100,7105.614599609375,120.90904503824181,7347.432689685858,6863.796509532891,0.2839732149328043,6.806394765338876,False,19.515760569063392,138.3896872720044,5486125.0,0.7513682243842421,10319557.777163697
2021-06-18,6678.0068359375,7022.6781565020165,6678.0068359375,7001.136198966734,22478200,7082.995556640625,153.85625852423036,7390.708073689086,6775.283039592165,-0.15806344926707183,8.688767756178141,False,20.396234097238775,153.124089650041,6400715.0,3.5118264131429067,10319557.777163697
2021-06-21,6828.80126953125,6893.427149053628,6570.297751441739,6656.46559080491,8643800,7063.607836914062,160.4306666502444,7384.469170214551,6742.746503613574,0.13409962028220698,9.084913565662108,False,21.686521593850465,165.26732593303018,6597135.0,1.3102354279547106,10319557.777163697
2021-06-22,6936.51025390625,7022.678083147322,6850.342424665178,6871.884381975447,4253300,7051.759741210937,160.63984793835738,7373.039437087652,6730.480045334222,0.3206399458419059,9.11204316843456,False,21.782015966625398,167.31086076753314,6708200.0,0.6340449002713098,10319557.777163697
2021-06-23,6871.884765625,7022.678475215517,6850.342807112069,7022.678475215517,3698700,7042.065869140625,165.52588744047637,7373.117644021578,6711.014094259673,0.24296905132615138,9.402120941005974,False,21.87068611236896,167.66977557724138,6697815.0,0.5522248673634611,10319557.777163697
2021-06-24,6914.96826171875,7001.136090525214,6785.7165185090535,6893.426304517134,5529100,7035.603295898438,167.94288416610132,7371.489064230641,6699.717527566235,0.3204225282025413,9.548172465267198,False,22.286910541841635,171.08047532287847,6525370.0,0.8473236000410704,10319557.777163697
2021-06-25,6914.96826171875,6979.594133323598,6893.426304517134,6914.96826171875,3121500,7024.83232421875,168.45113097045655,7361.734586159663,6687.930062277836,0.33694965141066935,9.59175241178105,False,22.673404654923406,165.01528628599172,6118415.0,0.5101811498566213,10319557.777163697
2021-06-28,6871.884765625,6979.594558189655,6807.2588900862065,6914.968682650861,3796900,7018.3697509765625,171.85306464686244,7362.075880270288,6674.663621682837,0.28690373422701015,9.794471978222594,False,23.475612923695316,165.53817070152434,5920065.0,0.6413612012705942,10319557.777163697
2021-06-29,7108.84619140625,7151.9301077178025,6893.426609848484,6936.510526160037,9487400,7020.523950195313,172.74611285721969,7366.016175909752,6675.031724480874,0.6278208808147516,9.8423487524696,False,22.72806915243081,173.7172543723299,6165730.0,1.5387310180627436,10319557.777163697
2021-06-30,7022.67822265625,7195.013884561925,7022.67822265625,7108.846053609087,5574700,7017.29267578125,172.03418454612856,7361.361044873507,6673.224306688993,0.5078262743088071,9.806299522884046,False,21.708479061400105,173.61856919614027,6163905.0,0.9044104346189631,10319557.777163697
2021-07-01,7324.265625,7496.601286764705,7195.01387867647,7259.639751838235,17723600,7008.67587890625,149.61878774745838,7307.913454401167,6709.4383034113325,1.0273230568918157,8.53906160493229,False,21.359676658179623,195.06889026130563,6537490.0,2.711071068559952,10319557.777163697
2021-07-02,7259.6396484375,7388.891392920067,7195.013776196217,7324.265520678784,10481800,7007.598779296875,147.61794069211027,7302.834660681096,6712.362897912655,0.9268466081407944,8.426163959513772,False,21.035788000567557,194.98379929434452,6568445.0,1.595781041022647,10319557.777163697
2021-07-05,7087.3037109375,7259.639363483093,7065.761754369301,7259.639363483093,3802800,7002.213305664062,142.28931286093325,7286.791931385929,6717.634679942195,0.6495024530700363,8.128247835342933,False,19.868649305776337,194.90480606390554,6578750.0,0.5780429412882386,10319557.777163697
2021-07-06,7238.09814453125,7238.09814453125,7087.304433186849,7130.388350713821,2930700,7011.9072265625,151.60134673358561,7315.109920029671,6708.704533095329,0.873002817656764,8.648223191504277,False,18.784877660613063,191.75406517318015,6309230.0,0.4645099322738274,10319557.777163697
2021-07-07,7281.181640625,7324.265555658284,7173.47185304179,7195.013810558432,4513900,7024.8323974609375,163.14796209093592,7351.128321642809,6698.536473279066,0.8928171088971033,9.289785313591494,False,18.28437441120055,188.8283249905597,6321925.0,0.7140072050838946,10319557.777163697
2021-07-08,7302.72314453125,7367.349013066925,7259.639232174134,7302.72314453125,3402100,7038.834643554687,174.57094200818884,7387.976527571065,6689.6927595383095,0.877910117716189,9.92044569014218,False,18.06206266666021,183.03414326929052,6378795.0,0.5333452478093433,10319557.777163697
2021-07-09,7367.349609375,7410.433525219299,7216.555903919957,7238.097861842106,6327200,7054.991137695312,189.41706971230286,7433.825277119918,6676.156998270707,0.9122628337484516,10.739464643703604,False,18.096693998048096,183.80867741429418,6568710.0,0.9632332680237063,10319557.777163697
2021-07-12,7604.3115234375,7668.937400407224,7324.266056568697,7367.349974548513,12916200,7084.072802734375,225.42259688652993,7534.9179965074345,6633.227608961315,1.0769593730714093,12.72841785587066,False,19.318644458436008,195.29886787316795,7071225.0,1.8265859168673038,10319557.777163697
2021-07-13,7712.02099609375,7776.6468703626915,7518.143373286924,7604.311205645513,16894100,7118.53994140625,264.8019679794601,7648.143877365171,6588.93600544733,1.0603064992454418,14.879566324503854,False,20.84231795857861,199.81348424478225,7712545.0,2.1904702014704616,10319557.777163697
2021-07-14,7496.6015625,7712.02114762931,7410.433728448275,7712.02114762931,7941000,7141.159033203125,277.1524558039856,7695.463944811096,6586.854121595154,0.8206200430966595,15.52422818286798,False,21.423282682166185,207.08305102594312,7881955.0,1.0074911617739508,10319557.777163697
2021-07-15,7475.05908203125,7582.768867074928,7410.433211005043,7475.05908203125,2707700,7164.85517578125,284.7075050556844,7734.270185892619,6595.440165669881,0.7723882412138455,15.894669079596033,False,21.962745969446406,204.60109424336753,7811235.0,0.34664172822863476,10319557.777163697
2021-07-16,7388.89208984375,7518.1438465174015,7281.1822926157065,7475.059927626184,5375000,7200.399438476563,264.3773465401507,7729.154131556865,6671.644745396261,0.6782420599135569,14.68681557455857,False,21.509690121271614,206.91255564753376,6956075.0,0.7727058722052307,10319557.777163697
2021-07-19,7324.265625,7388.8914981617645,7259.639751838235,7388.8914981617645,3177400,7225.17265625,250.57781988330922,7726.328296016618,6724.017016483382,0.5988644653347077,13.872488966283814,False,20.93829425882718,201.36539724453246,6682755.0,0.47546258990491197,10319557.777163697
2021-07-21,7324.265625,7431.9754136029405,7259.639751838235,7259.639751838235,4519000,7244.5604248046875,241.9190115753405,7728.398447955368,6760.722401654007,0.5823676482433978,13.357277592552483,False,20.64133239724208,199.29184471025914,6696040.0,0.6748764941667015,10319557.777163697
2021-07-22,7604.3115234375,7625.853482427408,7345.808015558605,7388.891933538421,4700400,7281.1817626953125,237.9388038655876,7757.0593704264875,6805.3041549641375,0.839509314467182,13.071438764770429,False,21.28621345226873,206.59870276148408,6746125.0,0.6967555448498212,10319557.777163697
2021-07-23,7453.51708984375,7604.31078819319,7367.349262215499,7604.31078819319,4113700,7308.109204101563,224.40189604073632,7756.912996183035,6859.30541202009,0.6619949388883407,12.282350456109443,False,21.885031574793473,208.76752836580673,6675355.0,0.6162518697507473,10319557.777163697
2021-07-26,7518.1435546875,7582.769430515759,7410.433761640401,7496.60159607808,3926200,7338.26796875,208.7723028278599,7755.81257440572,6920.723363094281,0.7153968504215494,11.379922549403544,False,22.441076974280737,206.16525268791756,6715590.0,0.5846396221329772,10319557.777163697
2021-07-27,7324.265625,7561.22715992647,7281.181709558823,7539.685202205882,3332900,7360.88701171875,177.79082409420522,7716.46865990716,7005.3053635303395,0.4485049539180022,9.66138041848255,False,21.899405906574195,211.4424096650411,6692390.0,0.49801341523730686,10319557.777163697
2021-07-28,7324.265625,7367.349540441176,7238.097794117647,7324.265625,2409400,7371.657983398438,167.97215304184655,7707.602289482131,7035.713677314745,0.4294639653951582,9.114484335552907,False,21.073266483851253,205.57164799779025,6338490.0,0.38012207954891464,10319557.777163697
2021-07-29,7195.01318359375,7324.2649174307635,7195.01318359375,7324.2649174307635,4082900,7380.274731445313,152.8690159486494,7686.012763342612,7074.5366995480135,0.19702567472241378,8.285275088598906,True,19.98542713197522,200.12027609839453,6263900.0,0.6518143648525679,10319557.777163697
2021-07-30,7001.13623046875,7195.013849158654,7001.13623046875,7173.471891526443,7765100,7364.11826171875,174.62714224169082,7713.372546202131,7014.863977235368,-0.0196529396724857,9.485298091936597,False,19.38584546540758,199.67437199778809,5765975.0,1.346710660382676,10296024.647918135
2021-08-02,7001.13623046875,7108.846018629808,6958.052315204327,7001.13623046875,5251600,7351.193090820312,191.5170888162824,7734.227268452877,6968.158913187747,0.043047486630079665,10.421007118174407,False,19.068589103189566,196.18289567119473,5504465.0,0.9540618388889747,10296024.647918135
2021-08-03,7087.3037109375,7151.929580642098,7001.135884664704,7022.677841232903,3370400,7351.193090820312,191.5170888162824,7734.227268452877,6968.158913187747,0.1555276326595135,10.421007118174407,False,18.451820184943625,192.9408099787804,5482845.0,0.6147173593271377,10416659.120574385
2021-08-04,7044.2197265625,7130.387551963876,7022.677770212155,7108.845595613531,2039900,7341.499169921875,202.15416840990906,7745.807506741694,6937.190833102057,0.13236048296988373,11.014326296630802,False,17.87910618942954,186.85287939113329,5438305.0,0.37509849116590555,10356341.542449385
2021-08-05,7022.67822265625,7065.762138132669,7001.13626491804,7044.220180394459,4600500,7328.573999023438,214.1233338060741,7756.820666635586,6900.327331411289,0.14285095541685633,11.6870394614072,False,17.489634563067288,178.1223789499544,5442635.0,0.8452707190542816,10326183.436980635
2021-08-06,7130.3876953125,7173.471608879343,7022.677911395393,7044.219868178814,2308400,7319.9572265625,218.6383469606555,7757.233920483811,6882.6805326411895,0.2832384690457413,11.947520467319961,False,16.268857682257522,176.17033027381126,5387950.0,0.4284375318998877,10476976.698699385
2021-08-09,7022.67822265625,7195.013884561925,6979.594307179831,7173.471926823715,2627400,7302.723657226563,228.08593238027098,7758.895521987105,6846.551792466021,0.19304832651470422,12.493198049720194,False,15.448700179054363,178.97384792440286,5202960.0,0.5049817796023802,10326183.436980635
2021-08-10,6936.51025390625,7065.761997767857,6850.342424665178,7065.761997767857,6585900,7269.33359375,230.48001938655992,7730.293632523119,6808.37355497688,0.1389889449749437,12.682319027687553,False,15.53450612204494,181.5771140085654,4886445.0,1.3477896507583733,10205548.280730635
2021-08-12,6958.05224609375,7087.303990603232,6936.510288675503,7001.136160930244,3115600,7231.63515625,215.4310544000136,7662.497265050028,6800.773047449973,0.18251686030341288,11.91603557122627,False,15.431922073530727,179.37830134345228,4197520.0,0.742247803464903,10235707.069793135
2021-08-13,7065.76220703125,7108.846122927782,6958.0524172899195,6958.0524172899195,2441900,7210.093188476562,208.98574065289782,7628.064669782358,6792.121707170767,0.3273435055970754,11.594065995535614,False,15.149095318363036,177.33655673563655,3922565.0,0.6225263316222931,10386501.015105635
2021-08-16,7108.84619140625,7108.84619140625,7022.678358783143,7065.762275094697,1827100,7191.782543945313,200.4159085678,7592.614361080912,6790.950726809713,0.3965446990564054,11.146939293181374,False,14.886469846940807,170.824505013313,3878535.0,0.47107993095331097,10446818.593230635
2021-08-18,7195.01318359375,7216.555139233252,7108.845361035741,7108.845361035741,4277300,7182.088598632812,194.99568202613142,7572.079962685075,6792.097234580549,0.5165703476439107,10.860110083479109,False,13.941213378738999,166.31631024075568,3823650.0,1.1186431812535143,10533218.725415992
2021-08-19,7022.67822265625,7216.555842300134,7022.67822265625,7195.013884561925,4775800,7167.009228515625,195.08333135080443,7557.175891217234,6776.842565814017,0.31503929005621295,10.887851550385589,False,13.496069675890327,168.284975198122,3903570.0,1.2234441805834146,10533218.725415992
2021-08-20,7022.67822265625,7065.762138132669,6979.594307179831,7022.67822265625,2045300,7151.929858398437,193.94067652413213,7539.811211446701,6764.048505350173,0.3333876651630317,10.846900367535872,False,13.394195213902634,162.41946489488743,3779885.0,0.541101118155711,10533218.725415992
2021-08-23,7087.3037109375,7108.8456675057,7044.219797801102,7108.8456675057,1949700,7126.0794677734375,162.35264547549318,7450.784758724424,6801.374176822451,0.4402908453964943,9.113153801312903,False,12.912003032552755,156.972892034499,3642350.0,0.5352862849533955,10533218.725415992
2021-08-24,7065.76220703125,7130.388080876048,7001.136333186451,7087.304164979516,5218600,7106.691723632813,143.2175987980403,7393.1269212288935,6820.256526036732,0.4285536188550406,8.06099965314551,False,12.794731049931345,154.99281029557739,3697595.0,1.4113498098088082,10533218.725415992
2021-08-25,7087.3037109375,7151.929580642098,6958.051971528305,7151.929580642098,7193700,7085.149731445313,105.51040575121382,7296.170542947741,6874.128919942885,0.5051037134130312,5.956707183360581,True,13.006964286135739,157.77029592544991,3860970.0,1.863184640129294,10533218.725415992
2021-08-26,7087.3037109375,7108.8456675057,7001.135884664704,7087.3037109375,3990200,7073.3016357421875,89.30643589565484,7251.914507533497,6894.688763950878,0.5391967136939393,5.050339459263518,True,13.20403800546839,154.19454499084608,3893835.0,1.0247480953866817,10533218.725415992
2021-08-27,7151.9296875,7151.9296875,7001.135989269578,7087.303816829819,7356500,7064.684838867188,70.05697425991639,7204.798787387021,6924.570890347355,0.811335343677303,3.966601531861111,True,12.928093105294309,153.9516273651015,4141190.0,1.7764217531675677,10533218.725415992
2021-08-30,7410.43359375,7453.517509992732,7173.47205441497,7195.014012536337,11729900,7075.455859375,100.91373064337265,7277.283320661745,6873.6283980882545,1.3298616358729356,5.705002343257456,True,13.64125268396474,164.49706987421794,4523540.0,2.593079756120207,10533218.725415992
2021-08-31,7259.6396484375,7431.97530774759,7259.6396484375,7410.4333503338285,5271700,7088.381030273437,107.24961039617374,7302.880251065785,6873.8818094810895,0.8992056883270791,6.0521357380832965,True,14.303472292730142,165.05696911963736,4398870.0,1.1984214127719164,10533218.725415992
2021-09-01,7238.09814453125,7324.265979585193,7173.472268240793,7324.265979585193,3241900,7100.2291259765625,110.15374696673484,7320.536619910032,6879.921632043093,0.8129013364300777,6.205644635536131,True,14.13666435793473,164.0381649928347,4298385.0,0.7542135011172801,10533218.725415992
2021-09-02,7281.181640625,7281.181640625,7173.47185304179,7259.639683108358,1920100,7109.923022460937,117.25824515237835,7344.439512765694,6875.40653215618,0.86513129192218,6.596878463069059,True,13.981767580308254,160.01470946357577,4225870.0,0.4543679762983717,10533218.725415992
2021-09-03,7302.72314453125,7324.265100709808,7259.639232174134,7281.1811883526925,3556700,7122.848193359375,123.70469679876919,7370.257586956914,6875.438799761836,0.8635168183316394,6.946923109443731,False,14.146660022337738,153.20122082586852,4301710.0,0.8268107334060176,10533218.725415992
2021-09-06,7345.8076171875,7367.349575009164,7324.265659365836,7324.265659365836,4167800,7139.004663085938,130.8294268270598,7400.663516740057,6877.345809431818,0.8951766798897048,7.330401533622577,False,14.600054047068285,146.87445008672893,4280075.0,0.9737679830376804,10533218.725415992
2021-09-07,7447.4638671875,7447.4638671875,7359.066669950853,7359.066669950853,2986500,7154.858471679688,147.83639660767085,7450.531264895029,6859.185678464346,0.9948128509319839,8.264951553847549,False,15.539990114220588,143.64457865196258,4313980.0,0.6922841552348411,10533218.725415992
2021-09-08,7447.4638671875,7469.563166496662,7381.165969260015,7469.563166496662,6423000,7176.09775390625,158.01075248810398,7492.119258882458,6860.076248930041,0.9293475428225687,8.80761427209334,False,16.549155697139376,139.69833712229718,4503760.0,1.4261417127022755,10533218.725415992
2021-09-09,7535.861328125,7535.861328124999,7403.265527630131,7447.464127795088,3731500,7206.0653076171875,166.7723209719962,7539.60994956118,6872.520665673195,0.9943806301094634,9.257330532139866,False,17.881427434061557,139.19101307748082,4361040.0,0.8556445251591364,10533218.725415992
2021-09-10,7513.76171875,7535.861017922794,7469.563120404412,7535.861017922794,1793900,7233.85078125,169.54631189133983,7572.94340503268,6894.75815746732,0.9127352202143318,9.375162248621473,False,19.118536904060726,133.98438412341704,4294955.0,0.4176760874095305,10533218.725415992
2021-09-13,7447.4638671875,7491.662465805824,7403.265268569176,7425.364567878339,2351900,7252.935864257813,171.10554752391494,7595.146959305643,6910.724769209983,0.7842222326288086,9.43648479601848,False,19.4598901361389,132.30667455608895,4290455.0,0.5481702989543067,10533218.725415992
2021-09-14,7469.5634765625,7491.662776789016,7425.364876109467,7447.464176335983,1167000,7270.971728515625,174.10294898732272,7619.17762649027,6922.76583054098,0.7851642508096398,9.5779741959121,False,19.776863290250745,127.59176213633607,4257450.0,0.2741077405489201,10533218.725415992
2021-09-15,7403.26513671875,7469.563033465485,7381.165837803172,7469.563033465485,5544500,7281.384326171875,175.54251270724654,7632.469351586368,6930.299300757381,0.6735773412764926,9.643359275861032,False,19.533859654122594,124.79218189512125,4320810.0,1.283208472485483,10533218.725415992
2021-09-16,7270.66943359375,7425.364527925532,7226.470835213241,7403.265228735278,6857300,7293.78388671875,164.7325233084039,7623.248933335558,6964.318840101942,0.46492123616396247,9.03413239914417,False,18.517022069433317,130.0851469534905,4424885.0,1.5497125914006804,10533218.725415992
2021-09-17,7204.3720703125,7270.669972800038,7204.3720703125,7270.669972800038,4816000,7302.868579101562,153.63059584053167,7610.129770782625,6995.607387420499,0.33971859861283477,8.414808190862002,False,17.761223128062632,125.52891520592244,4563420.0,1.0553488392477572,10533218.725415992
2021-09-20,7182.2724609375,7292.768960336539,7138.073861177885,7292.768960336539,4134700,7307.617016601563,147.98099055441392,7603.5789977103905,7011.655035492735,0.28824213300225815,8.100095569772103,False,17.60231833957514,127.61221405968897,4672670.0,0.8848688223221413,10533218.725415992
2021-09-21,7336.96728515625,7403.2651823112765,7160.172892742847,7160.172892742847,3757800,7321.177270507813,136.64382771042239,7594.464925928658,7047.889615086968,0.5288890009029525,7.465675131832706,False,16.38970118536738,135.86079088174188,4599630.0,0.8169787569869751,10533218.725415992
2021-09-22,7248.5703125,7359.066811166158,7248.5703125,7336.967511432927,1639100,7329.2406005859375,126.49812980141274,7582.236860188763,7076.244340983112,0.34057019615115963,6.903750972033844,False,15.263699542174454,134.04905572348588,4321900.0,0.3792544945510077,10533218.725415992
2021-09-23,7292.76904296875,7336.967643229166,7248.570442708333,7314.868343098958,1829100,7339.5138671875,113.49001250533986,7566.49389219818,7112.53384217682,0.3970287711076102,6.1851514723728895,False,14.218126587781025,130.78821822389162,4213845.0,0.4340691221437903,10533218.725415992
2021-09-24,7336.96728515625,7336.96728515625,7226.470789897873,7292.7686870529,2634400,7348.7657470703125,104.58599856337776,7557.937744197068,7139.593749943557,0.4717972241119045,5.69271097558512,True,13.468925282735096,129.33880944064057,3977740.0,0.6622856194723638,10533218.725415992
2021-09-27,7381.166015625,7381.166015625,7248.570218937126,7336.967416729042,5104700,7347.3023681640625,103.88009670726869,7555.0625615786,7139.542174749525,0.5814969578733746,5.655414273264833,True,12.707467252428328,129.57145138687156,3646480.0,1.3998979838090433,10533218.725415992
2021-09-28,7270.66943359375,7381.165929545023,7226.470835213241,7381.165929545023,4369400,7347.853857421875,103.41846184804344,7554.690781117962,7141.016933725788,0.31341720218790703,5.629859485764445,True,11.840225190132537,131.3660034600778,3601365.0,1.2132621936404668,10533218.725415992
2021-09-29,7270.66943359375,7270.66943359375,7204.371536022986,7270.66943359375,2750800,7349.482421875,101.84360070723535,7553.169623289471,7145.795220460529,0.30653426495639724,5.542899206295574,True,11.277419614202364,126.71828161084107,3576810.0,0.7690651725979294,10533218.725415992
2021-09-30,7381.166015625,7425.364614520959,7270.669518385105,7270.669518385105,5656600,7354.481640625,100.7626890864273,7556.0070187978545,7152.956262452146,0.5662059916272972,5.480342137497762,True,11.708979337604468,128.71663156201018,3763635.0,1.5029618972084169,10533218.725415992
2021-10-01,7359.06689453125,7425.364794481982,7270.669694596941,7381.166194514827,4065700,7357.298828125,100.02437136016539,7557.347570845331,7157.250085404669,0.5044190890235231,5.438102961255222,True,12.109714880973813,130.5722364422267,3789085.0,1.0730031128887316,10533218.725415992
2021-10-04,7646.35693359375,7646.35693359375,7381.165363642522,7403.264661138457,11058600,7372.3262939453125,118.98665743039382,7610.2996088061,7134.352979084525,1.0757591766302521,6.455854105541377,False,13.977463248111361,141.76636520081766,4133625.0,2.675278962170008,10533218.725415992
2021-10-05,7801.05322265625,7823.15252357029,7602.159514429886,7646.358116257968,13184600,7390.00576171875,152.3342103397486,7694.6741823982475,7085.337341039253,1.174581664914183,8.245417676335832,False,16.501690776888026,147.4254111965024,4643530.0,2.839348512877057,10533218.725415992
2021-10-06,7823.15283203125,7867.351435602048,7690.557021318856,7801.053530245851,9047000,7408.790209960937,180.37480887801803,7769.539827716973,7048.040592204901,1.0743077770224188,9.738421726964736,False,19.012158528383274,149.52319713126596,4774730.0,1.894766824511543,10533218.725415992
2021-10-07,7823.15283203125,7955.748642743644,7778.954228460452,7823.15283203125,9890400,7423.15478515625,201.2577366887574,7825.670258533764,7020.639311778736,0.9968728823250066,10.844862730935006,False,21.65465971581576,151.4711412135464,5082675.0,1.9459044695952428,10533218.725415992
2021-10-08,7867.35107421875,7889.450374989027,7756.8545703673635,7823.152472678195,5016500,7440.834252929688,223.89357318426616,7888.62139929822,6993.0471065611555,0.9762495135780822,12.035939281733755,False,23.844351650652122,150.1229028855548,5243805.0,0.9566526596622109,10533218.725415992
2021-10-11,7823.15283203125,7889.450737387447,7778.954228460452,7867.351435602048,4998400,7459.618701171875,239.6823275193672,7938.98335621061,6980.25404613314,0.8791832867089461,12.852256241017482,False,25.877638444210724,147.29244617422907,5376130.0,0.9297394222237929,10533218.725415992
2021-10-12,7845.251953125,7867.351254401408,7778.954049295775,7845.251953125,7922600,7478.403125,254.7508338150928,7987.9047926301855,6968.901457369814,0.8600074851877345,13.625948190114068,False,27.765688042859733,143.08564324075795,5713910.0,1.3865461654103757,10533218.725415992
2021-10-13,7911.548828125,7955.747424930168,7778.953037709498,7845.250932917249,9413800,7503.817309570312,271.65318704141976,8047.123683653152,6960.510935487473,0.8752316722245189,14.480799616214282,False,29.879449283185238,145.4934106678945,5907375.0,1.5935673628303604,10533218.725415992
2021-10-14,8243.0390625,8243.0390625,7933.648856400804,7955.748156836461,19813500,7552.435791015625,311.7800641593177,8175.99591933426,6928.87566269699,1.053758362763279,16.512821706089102,False,32.665611067478196,158.77889807554487,6555185.0,3.0225691570870996,10533218.725415992
2021-10-15,8198.8388671875,8331.43464401533,8044.143794221698,8265.136755601414,10441700,7602.159130859375,331.993161981501,8266.145454822377,6938.172806896373,0.9493162846840293,17.468361620258342,False,35.43547155675097,167.95832319826533,6836470.0,1.5273525664560803,10533218.725415992
2021-10-18,8220.939453125,8265.13805233535,8132.542254704301,8220.939453125,7172800,7654.09248046875,343.87976387556245,8341.852008219876,6966.332952717626,0.9120967793130818,17.97102738191649,False,38.00748486821854,165.4324285148927,6988375.0,1.0263902552453181,10533218.725415992
2021-10-19,8220.939453125,8265.13805233535,8154.641554309475,8220.939453125,5926900,7698.291088867188,357.51255475044167,8413.316198368071,6983.265979366304,0.8654755317772281,18.57620350404547,False,40.39578294315271,161.50843347996278,7096830.0,0.8351475236126552,10533218.725415992
2021-10-21,8154.64111328125,8265.13760533113,8044.144621231369,8265.13760533113,8833800,7743.59462890625,354.9238363489585,8453.442301604167,7033.746956208333,0.7895314728670841,18.333802496533316,False,41.22048101067544,165.75732995280558,7456565.0,1.1847009983819627,10533218.725415992
2021-10-22,8044.14501953125,8154.641517052284,7977.84712101863,8154.641517052284,8038500,7781.163427734375,344.2999150087636,8469.763257751902,7092.563597716848,0.6909538605246109,17.69914837061905,False,41.24318825355816,166.54569181572333,7767035.0,1.0349509175637808,10533218.725415992
2021-10-25,8044.14501953125,8088.343618539664,7977.84712101863,8044.14501953125,5603700,7816.522314453125,332.3877163137209,8481.297747080567,7151.746881825683,0.6712027053846398,17.009493631157184,False,41.264273550520684,162.54217793753125,7915500.0,0.7079401174909987,10533218.725415992
2021-10-26,8044.14501953125,8132.542217548077,8022.045720027044,8066.244319035457,6724600,7849.6712646484375,319.4938609183294,8488.658986485096,7210.683542811778,0.6521733111896361,16.28062374317218,False,41.49379984376938,158.8246293363528,7996495.0,0.8409434383439244,10533218.725415992
2021-10-27,7823.15283203125,8110.443755241437,7778.954228460452,8088.3444534560385,7857600,7877.295434570313,289.2502493063449,8455.795933183002,7298.794935957623,0.4532043596601014,14.687794901632895,False,39.33893780195017,171.15783629668368,8170905.0,0.9616560221909324,10533218.725415992
2021-10-28,7778.9541015625,7823.152704412287,7668.457594438033,7801.053402987393,7670900,7902.70966796875,253.23243694325976,8409.17454185527,7396.24479408223,0.37782413669029796,12.817499191177983,False,36.5350081132744,169.98193638929322,8416910.0,0.911367710953307,10533218.725415992
2021-10-29,7778.9541015625,7889.450608686968,7734.755498712713,7778.9541015625,7541300,7922.599072265625,224.0538664244327,8370.70680511449,7474.49133941676,0.3397204955715719,11.312139583524832,False,34.36851080001105,168.89002021679048,8511145.0,0.8860499967983156,10533218.725415992
2021-11-01,7778.9541015625,7845.252005837181,7690.5568958629265,7778.9541015625,6520400,7943.593432617187,184.68360783696153,8312.960648291111,7574.226216943264,0.27713326458291987,9.299751272698948,True,32.03721195551624,167.87609805660935,8633880.0,0.7552108669566869,10533218.725415992
2021-11-02,7823.15283203125,7845.252133816649,7756.854926675053,7778.954228460452,3320900,7952.4332275390625,173.60666787801426,8299.646563295091,7605.219891783034,0.31383146585324123,8.732254036503905,True,29.87243537906645,162.19903441982265,8246995.0,0.4026800064750858,10533218.725415992
2021-11-03,7756.85400390625,7823.151901375534,7690.556106436966,7823.151901375534,6778900,7950.2232666015625,175.90126952565754,8302.025805652878,7598.420727550248,0.22517358286162434,8.850129795202553,True,28.111232884557364,160.08458378942706,7926710.0,0.8551971751205734,10533218.725415992
2021-11-04,7778.9541015625,7845.252005837181,7756.854800137607,7756.854800137607,2796400,7948.013330078125,177.84860962369655,8303.710549325519,7592.316110830732,0.26235514453369685,8.95059443097076,True,26.29603068170302,154.96411365667734,7614180.0,0.3672621345962402,10533218.725415992
2021-11-05,7778.9541015625,7823.152704412287,7734.755498712713,7778.9541015625,5357200,7945.803393554687,179.74625877690517,8305.295911108498,7586.310876000877,0.26793774022401873,9.048613456643446,True,24.785048247680432,150.2093345168842,7387520.0,0.7251689335528025,10533218.725415992
2021-11-08,7867.35107421875,7867.35107421875,7778.953871137641,7801.053171907918,2606200,7945.803393554687,179.74625877690517,8305.295911108498,7586.310876000877,0.3908846283230434,9.048613456643446,True,23.03280745715955,145.79418227147173,7267005.0,0.35863467824777884,10533218.725415992
2021-11-09,7889.44970703125,7933.648304829745,7845.251109232756,7889.44970703125,2936800,7949.118237304688,177.9678337735014,8305.053904851691,7593.182569757685,0.4161807375407824,8.955349685871331,True,21.95116346976009,141.6943975090087,7163925.0,0.4099428734946276,10533218.725415992
2021-11-10,7867.35107421875,7911.5496757593055,7801.053171907918,7889.450374989027,2206900,7950.223193359375,177.35656809982234,8304.93632955902,7595.51005715973,0.38318431052694135,8.92335039086519,True,20.545282946517943,139.46597653346433,6878140.0,0.3208570921789903,10533218.725415992
2021-11-11,7823.15283203125,7889.450737387447,7778.954228460452,7867.351435602048,1269200,7945.803393554687,179.46003371375463,8304.723460982197,7586.883326127178,0.32913944823075497,9.034204589523338,True,19.11503804322593,137.39672884728793,6470910.0,0.19613933743476575,10533218.725415992
2021-11-12,7911.548828125,7911.548828125001,7823.151634514666,7867.350231319833,1767300,7929.2288818359375,165.31345248781764,8259.855786811573,7598.601976860302,0.4732628327506493,8.339446619658736,True,17.917373014633398,133.89676204464845,5568600.0,0.3173688180153001,10533218.725415992
2021-11-15,7889.44970703125,7933.648304829745,7867.350408132003,7911.5490059304975,2870000,7913.759423828125,152.75521695305974,8219.269857734245,7608.248989922005,0.46021458827762085,7.720993715988786,True,17.01330814878486,129.06827166272654,5190015.0,0.5529849143017891,10533218.725415992
2021-11-16,7801.05322265625,7933.649028140492,7778.95392174221,7911.549727226452,6167400,7892.765112304687,136.28083714348293,8165.326786591653,7620.203438017721,0.33175938090276325,6.90662069398333,True,16.27837139785833,130.89875985812338,5139745.0,1.1999427987186135,10533218.725415992
2021-11-17,7823.15283203125,7845.252133816649,7801.053530245851,7801.053530245851,6965500,7872.87578125,112.88387761300079,8098.643536476002,7647.108026023998,0.3898803126935127,5.735331319813005,True,15.595930129140836,124.70591352257163,5191675.0,1.3416671883351712,10533218.725415992
2021-11-18,8022.044921875,8110.442111096763,7845.2505434314735,7845.2505434314735,9739300,7866.2459716796875,98.43332484354342,8063.112621366774,7669.379321992601,0.8956966567037895,5.005351991174751,True,16.164637132996795,136.3190110613532,5236950.0,1.859727513151739,10533218.725415992
2021-11-19,7977.84765625,8132.542763157894,7955.7483552631575,8088.34416118421,4570900,7862.931103515625,93.09880634343364,8049.128716202493,7676.733490828758,0.8085876104320209,4.7360865874461515,True,16.828315597683023,139.21011083516632,5063570.0,0.9027030336304228,10533218.725415992
2021-11-22,8022.044921875,8044.144219180441,7955.747029958678,7977.846327264118,3401900,7861.826098632812,90.94089180058594,8043.7078822339845,7679.94431503164,0.9404476909944793,4.6269602333941675,True,17.44457408658393,135.58061643420896,4953480.0,0.6867697053384691,10533218.725415992
2021-11-23,7911.548828125,7999.946021735335,7867.350231319833,7999.946021735335,5458400,7855.1962890625,81.2688014327627,8017.7338919280255,7692.6586861969745,0.6733523137692726,4.138346054874308,True,17.091165800198947,136.9459074428488,4890170.0,1.1161984143700525,10533218.725415992
2021-11-24,7955.748046875,7955.748046875,7911.549446614583,7933.648746744791,1648300,7861.8260498046875,83.88354770963551,8029.593145223958,7694.058954385417,0.7799178135485678,4.267891310656478,True,16.763000962841463,130.32114396478818,4579705.0,0.3599140119287159,10533218.725415992
2021-11-25,7911.548828125,7977.846723332752,7911.548828125001,7955.747424930168,1599300,7868.455786132812,82.21219936160352,8032.880184856019,7704.0313874096055,0.6310421151812482,4.179330816422314,True,16.640021204752873,125.74805476785696,4276125.0,0.37400684030518283,10533218.725415992
2021-11-26,7845.251953125,7933.6491582306335,7823.152651848592,7911.549856954225,5372700,7871.770678710937,79.71203594743268,8031.194750605802,7712.346606816072,0.4168296064993699,4.0505263276031265,True,15.611101256650507,124.65865845458445,4167695.0,1.2891298427548081,10533218.725415992
2021-11-29,7845.251953125,7867.351254401408,7778.954049295775,7845.251953125,7196000,7875.0855712890625,76.9807632771342,8029.047097843331,7721.124044734794,0.4031133984192257,3.910091519908833,True,14.749336082779093,122.06855464394509,4201475.0,1.712731838223481,10533218.725415992
2021-11-30,7469.5634765625,7999.94668199889,7469.5634765625,7977.847381772374,12610000,7857.406103515625,118.78654200518065,8094.979187525986,7619.833019505263,-0.31625961242353795,6.047112262762252,False,16.00834337467755,151.23388684340546,4665930.0,2.7025694770388755,10508111.05761532
2021-12-01,7889.44970703125,7911.5490059304975,7690.556016938025,7712.655315837273,15597800,7864.035888671875,116.55845505141421,8097.152798774703,7630.918978569047,0.554508740588928,5.928683780261798,False,17.177421574297547,172.00186130944775,5106875.0,3.054274874556358,11058414.015249006
2021-12-02,7823.15283203125,7933.649340958245,7778.954228460452,7867.351435602048,2949200,7866.245825195312,115.27231668150053,8096.790458558313,7635.701191832311,0.40654088855711795,5.861617815821983,False,18.034523943227413,170.76566496575813,5114515.0,0.5766333660180878,11058414.015249006
2021-12-03,7690.556640625,7823.1524447737065,7668.457339933549,7801.053144082255,5921800,7861.825952148438,120.3771642696545,8102.580280687747,7621.071623609128,0.14430689042528747,6.124641527418128,False,19.412796750640453,169.61779547518265,5142745.0,1.1514862199078508,11058414.015249006
2021-12-06,7734.755859375,7823.153069196428,7690.5572544642855,7712.656556919643,4168800,7855.19619140625,123.66333303901438,8102.5228574842795,7607.869525328221,0.2565156763297561,6.297148029188874,False,20.692614627801966,166.97341212491446,5220875.0,0.7984868436804176,11058414.015249006
2021-12-07,7734.755859375,7778.954464285714,7690.5572544642855,7778.954464285714,4921400,7847.461499023438,126.21949131114327,8099.9004816457245,7595.022516401151,0.276766570523947,6.433646922732941,False,21.881016942309085,161.360826246094,5320105.0,0.9250569302673537,11058414.015249006
2021-12-08,7756.85400390625,7867.35049968839,7734.754704749822,7734.754704749822,2751100,7841.9366455078125,127.71256431464145,8097.361774137095,7586.51151687853,0.3334489600570014,6.514337979907069,False,21.972588143271526,159.3061811526993,5347315.0,0.5144825019659399,11058414.015249006
2021-12-09,7911.548828125,7911.548828125001,7778.953037709498,7845.250932917249,2668700,7846.3564453125,128.55509044484145,8103.466626202183,7589.246264422817,0.6267790769445878,6.553619700600864,False,21.594651113446954,158.97679851456016,5417290.0,0.4926263869942351,11058414.015249006
2021-12-10,7823.15283203125,7933.649340958245,7712.656323104255,7911.5500391728465,4209200,7841.9366455078125,127.71256431464145,8097.361774137095,7586.51151687853,0.46323029457327825,6.514337979907069,False,21.709991870991193,163.40652846737663,5539385.0,0.7598677470513423,11058414.015249006
2021-12-13,7734.755859375,7911.550279017857,7734.755859375,7911.550279017857,2949100,7834.201953125,129.35735959942932,8092.916672323859,7575.487233926141,0.3078074296314748,6.604749807238747,False,21.81709400299656,164.36280640848238,5543340.0,0.532007778703814,11058414.015249006
2021-12-14,7690.556640625,7756.854542699353,7690.556640625,7734.755242007902,4739900,7828.6771240234375,133.15164799416632,8094.980420011771,7562.373828035104,0.24067072116807622,6.803277022912148,False,22.229848500999363,157.35817038461605,5471965.0,0.8662153358071552,11058414.015249006
2021-12-15,7778.9541015625,7778.9541015625,7690.5568958629265,7690.5568958629265,2295800,7826.4671875,133.61414412198624,8093.695475743973,7559.238899256028,0.4111001940518322,6.828835586783637,False,22.341170305133442,152.43240542410777,5238480.0,0.43825689894778636,11058414.015249006
2021-12-16,7734.755859375,7801.053766741071,7668.457952008928,7801.053766741071,3678900,7812.102734375,126.74790934248912,8065.598553059978,7558.606915690022,0.3474395447600657,6.489822965833252,False,22.169254693214818,151.0155060889674,4935460.0,0.7454016444262541,11058414.015249006
2021-12-17,7778.9541015625,7778.9541015625,7690.5568958629265,7712.65619728782,5451900,7802.158056640625,120.7182754132672,8043.594607467159,7560.72150581409,0.4519460599509723,6.188968464206939,False,22.00961876786181,146.54277034686785,4979510.0,1.0948667639988674,11058414.015249006
2021-12-20,7801.05322265625,7801.05322265625,7690.556718086048,7778.95392174221,2285700,7791.108471679688,109.0857361884296,8009.279944056547,7572.936999302829,0.5227911350375457,5.60052457669925,False,21.562845913572165,143.968037077106,4923700.0,0.4642240591425148,11058414.015249006
2021-12-21,7734.755859375,7801.053766741071,7690.5572544642855,7756.855161830357,2317600,7782.268823242188,105.92977035916738,7994.128363960523,7570.409282523853,0.3878668298201498,5.444672897590076,False,21.14797776637393,141.57721387708312,4766660.0,0.48621047022443387,11058414.015249006
2021-12-22,7668.45703125,7756.854230457493,7513.761932636888,7734.754930655619,6189900,7767.904272460937,100.50726218847949,7968.9187968378965,7566.889748083978,0.2526366775754838,5.175514973571533,False,22.233020472485688,148.82829130162045,4993740.0,1.239531893931202,11058414.015249006
2021-12-23,7756.85400390625,7756.85400390625,7646.35750812411,7690.556106436966,2797800,7760.16953125,94.65291469114325,7949.4753606322865,7570.863701867713,0.4912429338426388,4.878909632578445,False,23.24056012816089,146.09030590737189,5053665.0,0.5536180178147938,11058414.015249006
2021-12-24,7712.65576171875,7778.953662249283,7646.357861188216,7756.854362072439,2906000,7753.539721679687,93.00927039681956,7939.558262473326,7567.521180886049,0.3901078360616421,4.79828691077733,False,23.842983035966807,145.12641270406442,4930330.0,0.5894128790567771,11058414.015249006
2021-12-27,7646.35693359375,7712.654826081557,7624.257636097815,7712.654826081557,1290200,7743.594970703125,93.31971598550724,7930.234402674139,7556.955538732111,0.23950296547067193,4.820485386364863,False,24.57579075916086,141.07439219812662,4635040.0,0.27835789982394976,11058414.015249006
2021-12-28,7690.556640625,7734.755242007902,7646.358039242097,7646.358039242097,3719600,7754.64462890625,69.10736276910787,7892.859354444466,7616.429903368034,0.2681578861019065,3.564695280116543,True,24.903218652216747,137.3118147849856,4190520.0,0.8876225384916431,11058414.015249006
2021-12-29,7668.45703125,7712.6556308537465,7646.357731448126,7690.556331051873,2009000,7743.594995117188,63.889184058325895,7871.37336323384,7615.816627000536,0.20598323888988562,3.3002337595709514,True,25.207261635721398,132.23939225788806,3511080.0,0.5721886143294941,11058414.015249006
2021-12-30,7690.556640625,7712.6559413164505,7602.159437859195,7668.457339933549,4302200,7736.965185546875,62.05229504519913,7861.069775637273,7612.860595456476,0.31302647674807804,3.2080948308319446,True,25.88807381422867,130.68632877212858,3578730.0,1.2021583075560325,11058414.015249006
2022-01-03,7624.25732421875,7712.654510586503,7602.158027626811,7668.455917402626,2449700,7733.650219726563,66.28836052579109,7866.226940778145,7601.07349867498,0.08743550662544072,3.4285678117019844,True,26.52026916558971,129.2441969283831,3405125.0,0.7194155867993098,11058414.015249006
2022-01-04,7756.85400390625,7823.151901375534,7624.258208967682,7646.35750812411,4450000,7734.755126953125,66.49161595126019,7867.738358855645,7601.771895050605,0.5830889603033713,3.4385893210533918,True,25.31825222526458,134.2192240875546,3419185.0,1.3014797385926764,11058414.015249006
2022-01-05,7801.05322265625,7801.05322265625,7668.457417172008,7734.755319914128,3133400,7738.069995117187,68.12420364336539,7874.318402403918,7601.821587830456,0.7311338121058407,3.521508783784725,True,24.202093637819814,134.10326561588946,3329785.0,0.9410217176184048,11058414.015249006
2022-01-06,7823.15283203125,7823.15283203125,7712.656323104255,7801.053530245851,1984800,7741.384936523437,70.65248859156141,7882.68991370656,7600.079959340314,0.789331264679539,3.6506381827482475,True,22.841787781432572,132.41706870953988,3291470.0,0.6030132433228922,11058414.015249006
2022-01-07,7845.251953125,7911.549856954225,7756.8547480193665,7778.954049295775,6266500,7738.070092773438,63.435235140970576,7864.940563055379,7611.1996224914965,0.9224066487393572,3.2791243491171103,True,21.977118737260813,134.00835729706264,3471360.0,1.8052002673303835,11058414.015249006
2022-01-10,7823.15283203125,7933.649340958245,7801.053530245851,7867.351435602048,3461300,7738.070092773438,63.435235140970576,7864.940563055379,7611.1996224914965,0.8353134069288728,3.2791243491171103,True,21.423527986423444,133.90746111244349,3433965.0,1.0079601859657858,11058414.015249006
2022-01-11,7690.556640625,7823.1524447737065,7646.358039242097,7823.1524447737065,3692600,7735.860131835938,64.32050403031026,7864.501139896558,7607.219123775318,0.32391504896483214,3.325835934680738,True,20.734584999960436,136.97084194649415,3471140.0,1.063800365297856,11058414.015249006
2022-01-12,7734.755859375,7801.053766741071,7690.5572544642855,7712.656556919643,2584900,7738.070092773438,63.435235140970576,7864.940563055379,7611.1996224914965,0.48693851535714844,3.2791243491171103,True,20.094852226816215,135.07986224432105,3363390.0,0.768540074151377,11058414.015249006
2022-01-13,7756.85400390625,7801.052602219106,7690.556106436966,7712.655405593394,2367700,7736.965087890625,62.87559333920065,7862.716274569027,7611.213901212223,0.5790804307337841,3.2506592765997837,False,19.5008269993357,133.32390749702242,3366985.0,0.703210736014565,11058414.015249006
2022-01-14,7734.755859375,7801.053766741071,7712.656556919643,7756.855161830357,1865900,7736.965087890625,62.87559333920065,7862.716274569027,7611.213901212223,0.4912158740844533,3.2506592765997837,False,18.94921505516595,130.1148576630514,3276335.0,0.5695083073006881,11058414.015249006
2022-01-17,7756.85400390625,7778.953303062678,7712.655405593394,7734.754704749822,3363800,7735.860083007812,62.29029472122839,7860.440672450269,7611.279493565356,0.5842583944753885,3.220859428833358,False,18.43701832552132,125.55650336349659,3171930.0,1.060489985592368,11058414.015249006
2022-01-18,7756.85400390625,7756.85400390625,7690.556106436966,7756.85400390625,3038300,7733.650122070312,60.61720106027518,7854.884524190862,7612.415719949762,0.5956984215291671,3.135244036307535,False,18.2449164082688,121.32374579962428,3209560.0,0.9466406610251873,11058414.015249006
2022-01-19,7734.755859375,7756.855161830357,7646.358649553571,7756.855161830357,2877200,7733.650122070312,60.61720106027518,7854.884524190862,7612.415719949762,0.5045603281137493,3.135244036307535,False,18.598168455086334,120.55037197656442,3237540.0,0.8886994446400662,11058414.015249006
2022-01-20,7535.861328125,7734.755028867302,7535.861328124999,7712.655728784824,9525700,7727.020336914063,73.91518721463837,7874.85071134334,7579.189962484786,-0.14654848344618882,3.8263229028413823,False,19.980373163658367,126.14638335323845,3404330.0,2.798112991396251,11033083.49849094
2022-01-21,7668.45703125,7712.6556308537465,7557.960532240634,7557.960532240634,8287900,7722.60048828125,74.67633845077712,7871.953165182805,7573.247811379696,0.3187395828635232,3.867937416371371,False,21.263848964475255,129.76409188006045,3678835.0,2.2528599407149272,11218717.48286594
2022-01-24,7602.15966796875,7712.656174770622,7580.060366608376,7668.457572049873,2233500,7717.07568359375,79.38950588158647,7875.854695356923,7558.296671830577,0.13812592625150263,4.1150046539191525,False,22.455637113765285,129.96635732878798,3645210.0,0.6127219007958389,11125901.17427219
2022-01-25,7734.755859375,7756.855161830357,7602.1600446428565,7602.1600446428565,5194200,7721.495629882813,77.68760239387203,7876.870834670557,7566.120425095069,0.5426716396297007,4.024484691448367,False,22.69926783012777,131.73272422398935,3840410.0,1.3525118411836237,11274734.10590471
2022-01-26,7734.755859375,7801.053766741071,7712.656556919643,7756.855161830357,3207700,7723.705590820313,77.38925596293778,7878.484102746188,7568.927078894438,0.5356970370666801,4.007882229737774,False,22.15058308897649,128.6373303380921,3814815.0,0.8408533572401283,11274734.10590471
2022-01-27,7690.556640625,7778.953843390805,7646.358039242097,7734.755242007902,1600000,7724.810571289063,76.7137096644593,7878.237990617981,7571.3831519601445,0.3883708961087681,3.9723283286496303,False,22.382977403660547,128.92007846742177,3794365.0,0.4216779355702469,11274734.10590471
2022-01-28,7668.45703125,7778.953530259366,7580.059832042507,7690.556331051873,3084800,7723.705590820313,77.38925596293778,7878.484102746188,7568.927078894438,0.3215238055888148,4.007882229737774,False,23.218507863687694,133.91819416381014,3733495.0,0.8262499347126486,11274734.10590471
2022-01-31,7712.65576171875,7734.755061895595,7580.0599606576825,7668.4571613650605,11996000,7728.125512695313,73.854148098926,7875.833808893165,7580.417216497461,0.447634116110034,3.822616388804908,False,23.994357576570046,135.40225895481743,4210810.0,2.8488580581883296,11274734.10590471
2022-02-02,7668.45703125,7712.6556308537465,7602.159131844381,7712.6556308537465,2102100,7723.7056640625,74.68480042253873,7873.075264907577,7574.336063217423,0.3150606532389333,3.8678221916217317,False,24.714789452817946,133.62328544907115,4093415.0,0.5135320997260234,11274734.10590471
2022-02-03,7513.76171875,7602.158915441177,7513.76171875,7602.158915441177,4600200,7709.341088867188,85.82281742086714,7880.986723708922,7537.695454025454,-0.06971845015902044,4.452926206355095,False,26.147783649262287,135.12843023842322,4166755.0,1.1040245946785927,11274734.10590471
2022-02-04,7624.25732421875,7690.555213994565,7491.661544667119,7535.860137850997,4939500,7699.396313476563,83.43094427330053,7866.258202023164,7532.5344249299615,0.2748467612578056,4.334414848980722,False,25.940172897758675,139.68309017335338,4314490.0,1.1448630081423297,11274734.10590471
2022-02-07,7646.35693359375,7734.7541235774925,7602.158338601878,7624.257636097815,5159100,7689.4515625,76.71377888507405,7842.879120270149,7536.024004729852,0.35956033735865445,3.9905981986643995,False,25.094587145078748,139.17685408780056,4259120.0,1.2113065609797329,11274734.10590471
2022-02-08,7624.25732421875,7734.753807178442,7602.158027626811,7646.356620810689,4900000,7679.506787109375,71.1600721964707,7821.826931502316,7537.186642716434,0.3058972497312703,3.7064917927238774,False,24.309403822267786,138.706777335217,4331055.0,1.1313640671845544,11274734.10590471
2022-02-09,7668.45703125,7712.6556308537465,7624.2584316462535,7624.2584316462535,6006500,7678.401806640625,71.15104017075944,7820.7038869821445,7536.099726299106,0.4650575193041517,3.7065546691878013,False,23.580305022514747,135.1133151423441,4446750.0,1.350761792320234,11274734.10590471
2022-02-10,7624.25732421875,7712.654510586503,7624.25732421875,7668.455917402626,5007100,7672.876879882812,70.83423541651244,7814.545350715837,7531.208409049787,0.32840375357278007,3.6927080429104606,False,22.90329894703228,131.7764488013019,4567860.0,1.0961588139741585,11274734.10590471
2022-02-11,7646.35693359375,7668.456231089685,7557.9597436100075,7624.257636097815,6545700,7667.352026367187,68.19976821165173,7803.75156279049,7530.952489943884,0.42303825465989553,3.5579307159561777,False,23.07315917544762,130.25645156404306,4776760.0,1.3703221430425645,11274734.10590471
2022-02-14,7557.96044921875,7646.3576474552265,7535.86114965963,7580.059748777869,3905100,7658.512255859375,70.42478962941267,7799.3618351182,7517.662676600549,0.14305251329203275,3.678249105133033,False,23.469090528782676,128.8450262948683,4878720.0,0.800435360094451,11274734.10590471
2022-02-15,7557.96044921875,7624.258347896107,7381.166052745796,7557.96044921875,11049400,7648.567578125,69.84757954498019,7788.262737214961,7508.8724190350395,0.17569696224082787,3.652844997787315,False,25.120423133462808,137.00554549882847,5263000.0,2.0994489834695043,11274734.10590471
2022-02-16,7513.76171875,7602.158915441177,7491.662419577206,7557.960317095588,7178700,7636.4129638671875,71.15105493754159,7778.715073742271,7494.110853992104,0.06904628742028433,3.72693594619376,False,26.653803409237216,135.11204195348154,5470020.0,1.3123718011999956,11274734.10590471
2022-02-17,7535.861328125,7580.059928289956,7513.762028042522,7535.861328124999,5767000,7626.468237304687,70.57968038483385,7767.627598074355,7485.308876535019,0.17906163400834585,3.7018278022634403,False,28.077656522456312,130.19676820965827,5614510.0,1.0271599836851302,11274734.10590471
2022-02-18,7535.861328125,7646.35782853739,7535.861328124999,7535.861328124999,9210400,7626.468237304687,70.57968038483385,7767.627598074355,7485.308876535019,0.17906163400834585,3.7018278022634403,False,28.15635541943479,128.78960622413916,5598745.0,1.645082960556339,11274734.10590471
2022-02-21,7513.76171875,7580.059616268382,7513.76171875,7535.861017922794,7714500,7618.733471679688,74.1234755425163,7766.98042276472,7470.486520594655,0.14595645252266487,3.8916429255884877,False,28.436270291407613,124.32591274515653,5570075.0,1.3849903277783513,11274734.10590471
2022-02-22,7535.861328125,7535.861328124999,7425.364827712609,7535.861328124999,7311200,7615.4185546875,76.3526550112714,7768.123864710043,7462.713244664957,0.23950733425460105,4.010424612276857,False,29.42276500752002,123.33809757853032,5823960.0,1.2553657648747587,11274734.10590471
2022-02-23,7690.556640625,7712.6559413164505,7491.662934401939,7535.861535784842,7812000,7613.20859375,73.29518248673119,7759.798958723462,7466.618228776537,0.7638237748060818,3.8509483398052415,False,27.860804760634956,130.3134482453861,5954850.0,1.3118718355626087,11274734.10590471
2022-02-24,7535.861328125,7690.556428702345,7469.563427877565,7668.457128619868,10974000,7603.2638671875,69.32091722378385,7741.905701635068,7464.622032739932,0.25691846789581113,3.6469031423698937,False,26.62031045490525,136.79057428124673,6343165.0,1.7300511653094315,11274734.10590471
2022-02-25,7513.76171875,7646.357513786765,7491.662419577206,7535.861017922794,10382300,7594.42412109375,68.8744799543495,7732.173081002449,7456.6751611850505,0.20721229983437542,3.6276341092433153,False,25.4684228852991,138.06946856184047,6782280.0,1.53079790277016,11274734.10590471
2022-03-01,7292.76904296875,7535.861344401042,7204.371842447917,7513.762044270833,21470900,7575.639721679688,94.19688980676914,7764.0335012932255,7387.24594206615,-0.250743148980835,4.973673155928982,False,26.470120746215166,151.8851852326465,7701585.0,2.7878547078296223,11274734.10590471
2022-03-02,7005.478515625,7270.670131358438,6983.37921431388,7160.173624802839,28428600,7540.280859375,153.8785320220898,7848.03792341918,7232.52379533082,-0.36887094762709693,8.163013282496998,False,28.3147877559473,163.13551690566248,8523215.0,3.335431524371965,11274734.10590471
2022-03-04,6917.0810546875,7027.577557158546,6850.783153204872,6983.378956170128,24282500,7502.712060546875,204.37504512749075,7911.462150801857,7093.9619702918935,-0.21636804470679588,10.896062302707852,False,30.4375412663434,164.11115169480618,9632235.0,2.520962165063456,11274734.10590471
2022-03-07,6541.392578125,6894.981366131757,6519.2932788745775,6894.981366131757,25237400,7454.093603515625,296.50170740627107,8047.097018328167,6861.090188703082,-0.2695579844840722,15.910812135035712,False,33.1419335619024,180.80233913181448,10664095.0,2.3665768168794443,11274734.10590471
2022-03-08,6718.1875,6718.1875,6541.393092105263,6541.393092105263,21825800,7408.790112304688,335.75570398664956,8080.301520277987,6737.278704331388,-0.014215100521529361,18.127424256709283,False,35.65315497920719,180.51609504204202,11508410.0,1.8965087270960976,11274734.10590471
2022-03-09,6740.287109375,6850.7836193647545,6673.9892033811475,6762.386411372951,11438800,7363.48662109375,362.10758116908903,8087.701783431928,6639.271458755572,0.06974146349911546,19.67044145265535,False,36.75986373433524,180.25026082358238,11822395.0,0.9675535287054781,11274734.10590471
2022-03-10,6850.783203125,6894.981804435483,6762.386000504032,6872.882503780242,8712200,7324.812915039062,373.90305743677914,8072.619029912621,6577.006800165504,0.18305306516902936,20.418435898565765,False,37.40649325809449,178.4248632690753,12013005.0,0.7252306978978199,11274734.10590471
2022-03-11,6673.98828125,6872.881971750828,6673.98828125,6850.782672806292,8055000,7275.0894775390625,391.5085165071368,8058.106510553336,6492.072444524789,0.11616339687076452,21.525976702602538,False,38.28037237941965,179.88692235705764,12115430.0,0.6648546522905089,11274734.10590471
2022-03-14,6651.88916015625,6718.187058762459,6629.789860620847,6696.087759227056,6353200,7226.4710693359375,405.97413124494835,8038.419331825834,6414.522806846041,0.14617086104865126,22.471501088137863,False,39.22364977653198,173.35194205595434,12182735.0,0.5214920951658227,11274734.10590471
2022-03-15,6563.49267578125,6718.187789351851,6519.294071903935,6651.88988353588,15064300,7172.327856445312,419.02715468069067,8010.382165806694,6334.273547083931,0.13675672694290544,23.369102086103766,False,40.41073696806002,175.1763545839516,12608665.0,1.1947577320834522,11274734.10590471
2022-03-16,6740.287109375,6762.386411372951,6563.492693391394,6563.492693391394,7742600,7131.444189453125,419.3107500361335,7970.0656895253915,6292.822689380858,0.2667856833837331,23.518980946735184,False,41.0984530589782,176.8704532273623,12800540.0,0.6048651072532878,11274734.10590471
2022-03-17,6696.087890625,6806.584390470297,6607.690690748762,6762.385790532178,6832200,7088.350561523437,417.45383410330345,7923.258229730044,6253.44289331683,0.26508619705157177,23.557177680759843,False,41.323785892051276,178.44354226266037,12589680.0,0.5426825781115961,11274734.10590471
2022-03-18,6696.087890625,6718.187190594059,6585.591390779703,6718.187190594059,8157900,7047.466870117188,413.6202297283986,7874.707329573985,6220.226410660391,0.2876198054173276,23.47624968524446,False,41.61402197332091,175.1687035163529,12638640.0,0.6454729306317768,11274734.10590471
2022-03-21,6585.59130859375,6718.187106753356,6585.59130859375,6718.187106753356,4030800,6999.953369140625,409.1198142990508,7818.192997738726,6181.713740542524,0.2467966314117504,23.37843083942016,False,41.883527223729324,172.12778170515668,12551830.0,0.32113245638285415,11274734.10590471
2022-03-22,6607.69091796875,6718.187421613712,6607.69091796875,6607.69091796875,4588300,6953.544848632812,397.6112158994512,7748.767280431714,6158.32241683391,0.28254264666447265,22.87243266879214,False,42.1337786085848,169.30409108478565,12320725.0,0.3724050329830428,11274734.10590471
2022-03-23,6629.7900390625,6673.988639322916,6607.690738932291,6607.690738932291,3310700,6909.346264648438,380.83722450489626,7671.02071365823,6147.671815638645,0.31648575323133654,22.04765602519845,False,42.366155697435026,161.94650603520276,12100535.0,0.2735994730811489,11274734.10590471
2022-03-24,6673.98828125,6673.98828125,6629.7896833609275,6651.888982305464,3315100,6866.252612304687,354.03195201794455,7574.3165163405765,6158.188708268798,0.3642323595661345,20.62446414415343,False,42.58193442279595,153.53594116762204,11900730.0,0.2785627436300126,11274734.10590471
2022-03-25,6408.796875,6673.9884698275855,6364.5982758620685,6673.9884698275855,28613700,6802.164624023438,310.26958173007563,7422.703787483589,6181.625460563287,0.18304357550134026,18.245343879757677,False,43.80129450140187,164.66838779604313,12940815.0,2.211120396976543,11274734.10590471
2022-03-28,6430.89599609375,6541.392490871993,6364.598099226804,6408.796697138101,13828500,6746.916357421875,268.284920699291,7283.486198820457,6210.346516023293,0.20551796155332724,15.90563193534581,False,44.93355797153148,165.53453092812498,13083540.0,1.0569387184202441,11274734.10590471
2022-03-29,6452.9951171875,6541.39231057363,6408.796520494435,6452.9951171875,9243600,6693.87802734375,206.42773336458436,7106.733494072918,6281.022560614581,0.20827210783396508,12.33531489646807,True,45.98494547950897,163.18176372463003,13026605.0,0.7095939425506492,11274734.10590471
2022-03-30,6519.29345703125,6607.6906564486235,6475.094857322564,6497.194157176907,9768800,6655.204248046875,154.15847492477494,6963.521197896425,6346.887298197325,0.27959241118280065,9.265439146816048,True,46.10123493624024,162.57560483437956,12441500.0,0.7851786360165575,11274734.10590471
2022-03-31,6497.1943359375,6585.59153778699,6452.995735012755,6541.392936862245,6875300,6629.7900390625,133.94604213380057,6897.682123330102,6361.897954794898,0.25252030404797615,8.081465104903488,True,46.30784616355535,160.43419040151207,11363835.0,0.6050158243233908,11274734.10590471
2022-04-01,6651.88916015625,6673.988459691653,6497.19406340843,6497.19406340843,14229300,6616.530444335937,115.92311615233703,6848.376676640612,6384.684212031263,0.5762546698922565,7.008090849280246,True,45.414558382157985,161.60277653591993,10861175.0,1.3101068714941062,11274734.10590471
2022-04-04,6673.98828125,6762.385477028146,6673.98828125,6673.98828125,9542200,6623.160229492188,115.18905087099458,6853.538331234176,6392.782127750199,0.6103144165471444,6.956742514431132,True,43.63945477506251,157.95231513134678,10076415.0,0.9469836246323717,11274734.10590471
2022-04-05,6696.087890625,6718.187190594059,6629.789990717822,6673.98859065594,6290300,6622.055249023438,114.33231190195237,6850.719872827342,6393.390625219533,0.6618804001467457,6.906152703501717,True,42.278148295580436,152.98409261312466,9299640.0,0.6764025274096632,11274734.10590471
2022-04-06,6541.392578125,6718.186972128378,6475.094680373733,6696.087672877956,14545900,6612.110522460937,112.13605817048509,6836.382638801908,6387.838406119967,0.3423389730972579,6.783677180807303,True,41.87669032204364,159.42039255180467,9454995.0,1.538435504196459,11274734.10590471
2022-04-07,6696.087890625,6718.187190594059,6519.293490872525,6541.3927908415835,11142300,6604.375756835938,99.42106977295774,6803.217896381853,6405.533617290022,0.7306154369453577,6.021527147061597,True,41.503905540872616,162.23991449249962,9576500.0,1.163504411841487,11274734.10590471
2022-04-08,6585.59130859375,6718.187106753356,6563.492008900483,6696.087807060088,4565300,6599.955908203125,98.11987402176919,6796.195656246663,6403.716160159586,0.46340038205158196,5.946698758991127,True,41.15774824407095,161.7009990182406,9402015.0,0.48556612598469584,11274734.10590471
2022-04-11,6651.88916015625,6651.88916015625,6519.293362943833,6585.591261550042,4994400,6599.955908203125,98.11987402176919,6796.195656246663,6403.716160159586,0.6323209300635753,5.946698758991127,True,41.08087475835367,159.62205603211032,9334075.0,0.5350717666185455,11274734.10590471
2022-04-12,6541.392578125,6629.789775126689,6475.094680373733,6629.789775126689,4546800,6598.850903320313,98.67500069427156,6796.200904708856,6401.5009019317695,0.3544253235595662,5.981344457691673,True,41.24492252362393,160.84865772856793,8808200.0,0.5162008128789083,11274734.10590471
2022-04-13,6475.0947265625,6563.491924194752,6452.995427154437,6541.392624786689,8990800,6585.591284179687,96.4619915291819,6778.515267238051,6392.667301121323,0.2136266941374534,5.858972254224693,True,41.51360257008883,157.25207482226418,8870610.0,1.0135492373128794,11274734.10590471
2022-04-14,6342.49853515625,6475.09432334767,6320.399237124347,6452.995025315767,10581800,6567.91181640625,106.974348465447,6781.860513337144,6353.9631194753565,-0.02679283511319916,6.514968620512311,True,42.37881373006986,157.06946158054197,9058090.0,1.168215374322843,11274734.10590471
2022-04-18,6276.201171875,6386.697671379842,6232.002572073064,6342.499071577905,7820300,6546.91748046875,120.80376969198505,6788.52501985272,6305.30994108478,-0.060239778286718414,7.380802953596151,True,43.51728062158752,156.89986427527313,9041210.0,0.8649616588930021,11274734.10590471
2022-04-19,6342.49853515625,6408.79642925196,6276.20064106054,6298.299939092443,8334300,6534.762841796875,128.68038742723357,6792.123616651343,6277.402066942408,0.12646928859040926,7.8766676338540345,False,44.27463300450658,155.1638588407122,9256385.0,0.9003838971693593,11274734.10590471
2022-04-20,6475.0947265625,6541.392624786689,6364.598229522184,6364.598229522184,7752700,6528.133032226562,128.13990960598093,6784.412851438524,6271.8532130146,0.39652266450953816,7.851550142952643,False,43.36785994559485,158.28744675426415,9414605.0,0.8234758654239875,11274734.10590471
2022-04-21,6563.49267578125,6607.691279658565,6475.09546802662,6475.09546802662,8557700,6524.8181640625,126.21478822716168,6777.247740516823,6272.388587608177,0.5766045569262925,7.73752065136953,False,41.83973633099809,156.45238292153562,9676955.0,0.8843381001565058,11274734.10590471
2022-04-22,6452.9951171875,6585.5909072666955,6408.796520494435,6563.491608920162,6678100,6513.768505859375,122.07379343958259,6757.91609273854,6269.62091898021,0.3755396490935757,7.496354427073825,False,40.826990823823834,157.9053831965874,9845105.0,0.6783167878859596,11274734.10590471
2022-04-25,6563.49267578125,6585.591977719907,6430.896864149306,6452.996166087963,7140000,6521.5032958984375,119.95506178303187,6761.413419464501,6281.593172332374,0.5875106461925729,7.357509846447526,False,39.88657272474371,157.67607822330268,8771420.0,0.8140073101048633,11274734.10590471
2022-04-26,6696.087890625,6718.187190594059,6497.194190903465,6585.591390779703,11541600,6534.762890625,124.0010358597963,6782.764962344593,6286.760818905407,0.8252492990913483,7.590239336009742,False,37.69464405587204,162.19871547096633,8657075.0,1.3331985688006631,11274734.10590471
2022-04-27,6718.1875,6718.1875,6585.5916940789475,6696.0881990131575,7890200,6548.022509765625,128.88002367524734,6805.782557116119,6290.26246241513,0.8300841072607926,7.872912683671289,False,35.65927888591552,160.08422193168678,8589405.0,0.918596806181569,11274734.10590471
2022-04-28,6740.287109375,6762.386411372951,6651.889901383197,6718.1878073770495,7891500,6559.072192382812,135.58635966583878,6830.24491171449,6287.899473051135,0.8341319094317516,8.268630421436615,False,33.356315992797285,156.54224250726307,8495540.0,0.9288991635611156,11274734.10590471
2022-05-09,6541.392578125,6696.087672877956,6541.392578125,6673.988373627533,9648400,6561.2821044921875,134.8831039773381,6831.048312446864,6291.515896537511,0.4631356230307964,8.222972390410726,False,32.078560016642975,159.56740598888715,8634195.0,1.1174637589259913,11274734.10590471
2022-05-10,7049.67724609375,7071.776547805643,6364.598893025078,6452.996099872648,24691800,6581.1715087890625,172.91372822594,6926.998965240942,6235.344052337183,1.17736920328921,10.509601702068757,False,31.268669280753926,198.68242375972127,9157320.0,2.6964002568437055,11274734.10590471
2022-05-11,7336.96728515625,7381.165883259601,6872.882005071066,7027.577098432794,21331500,6614.320458984375,241.56498908861852,7097.450437161612,6131.190480807139,1.247880341536963,14.60860510684785,False,31.74849432139092,220.79681336177947,9746785.0,2.1885678200555363,11274734.10590471
2022-05-12,7093.87548828125,7359.067095319801,7027.577586521612,7336.967794733256,16279900,6634.2098388671875,263.9871009327503,7162.184040732688,6106.235637001687,0.9353107100592394,15.916716977274687,False,32.194046144839554,228.7034344643802,10246265.0,1.5888618926018407,11274734.10590471
2022-05-13,7226.47119140625,7314.868392524369,6961.279588051892,7071.776089449541,11232900,6668.46376953125,294.0449688326114,7256.553707196474,6080.373831866027,0.9744235414827414,17.637943550124806,False,32.10213637168694,237.62381803638712,10080615.0,1.1143070140065858,11274734.10590471
2022-05-17,6917.0810546875,7027.577557158546,6850.783153204872,7027.577557158546,11289000,6679.513427734375,299.2439590652459,7278.001345864866,6081.025509603884,0.6984732020115124,17.920105247351607,False,31.22839484243999,247.48554804817218,10087950.0,1.119057885893566,11274734.10590471
2022-05-18,7160.1728515625,7292.7686451099535,6917.080563392168,6961.279161241319,13474300,6708.242504882813,316.8178053109365,7341.878115504685,6074.60689426094,0.8566169097063111,18.891255352222597,False,31.441187753356026,256.64287188171596,10533400.0,1.2791976000151897,11274734.10590471
2022-05-19,7049.67724609375,7270.670263212676,6961.2800392461795,7071.776547805643,10620900,6728.131909179688,325.46219187463254,7379.056292928953,6077.207525430423,0.746991313385735,19.349334779276866,False,31.638781170635205,260.41053988777173,10814725.0,0.9820776765012518,11274734.10590471
2022-05-20,7115.974609375,7160.17320943323,7071.77600931677,7071.77600931677,5593000,6756.861010742187,333.3743182462788,7423.609647234745,6090.112374249629,0.7693020870068333,19.73545513020168,False,31.822260772394444,249.70235584860805,10867035.0,0.5146758062341752,11274734.10590471
2022-05-23,7049.67724609375,7160.173754653213,7005.478642669965,7138.0744529413205,5300800,6785.59013671875,332.57149136094046,7450.733119440631,6120.447153996869,0.6985190524707258,19.604572905828892,False,31.48539398252457,242.9161241439395,10682535.0,0.49621180740339255,11274734.10590471
2022-05-24,7204.3720703125,7226.471371141679,7049.676964508243,7115.974866995782,6395400,6828.683813476562,327.94246779242707,7484.568749061416,6172.798877891708,0.7863979918222513,19.209702879798023,False,31.453291640445382,238.19314432176066,10473215.0,0.6106434366142584,11274734.10590471
2022-05-25,7292.76904296875,7292.76904296875,7204.371842447917,7204.371842447917,6948800,6879.51220703125,316.3813904791395,7512.274987989529,6246.749426072971,0.8265495762184754,18.395571136905893,False,31.693786783056645,227.49343405026588,10429640.0,0.6662550193487023,11274734.10590471
2022-05-27,7624.25732421875,7646.356620810689,7314.867171931613,7336.96646852355,14411000,6943.600146484375,331.3419943133816,7606.284135111138,6280.916157857611,1.0135609049079761,19.087619524355475,False,33.03279898736322,236.50015860681393,10733475.0,1.3426220306098444,11274734.10590471
2022-05-30,7557.96044921875,7646.3576474552265,7513.761850100512,7624.258347896107,5869400,6997.743432617188,339.13777445087476,7676.018981518937,6319.467883715439,0.9129715552246096,19.385550654522092,False,34.276170115391345,229.07841851737828,10639310.0,0.5516711140102131,11274734.10590471
2022-05-31,7580.06005859375,7580.06005859375,7469.563556281887,7557.960758131378,8505500,7048.571801757813,346.72320539411476,7742.018212546042,6355.125390969583,0.8832222999263943,19.676224639303353,False,35.06994934302466,220.60828164555576,10636700.0,0.7996371054932451,11274734.10590471
2022-06-02,7557.96044921875,7778.953444809941,7469.563250982273,7734.754845691703,8258900,7103.820068359375,334.65146281541377,7773.122993990202,6434.517142728548,0.8392637051685837,18.84346504247545,False,36.3528978550897,226.94984680142096,10715740.0,0.7707260534503451,11274734.10590471
2022-06-03,7580.06005859375,7646.357959980867,7535.861457669005,7557.960758131378,4816900,7154.6484375,325.3355194955793,7805.319476491159,6503.977398508841,0.8269022252422168,18.188763422134496,False,37.544207187721526,218.63175076645248,10599585.0,0.45444232014743974,11274734.10590471
2022-06-06,7646.35693359375,7668.456231089685,7557.9597436100075,7580.059041105943,4912400,7202.161889648438,324.22942753736845,7850.6207447231745,6553.703034573701,0.8425005614998637,18.007339046537044,False,38.709847160836375,210.90780338882573,10268125.0,0.4784125631505265,11274734.10590471
2022-06-07,7580.06005859375,7690.556560905612,7580.06005859375,7668.45726044324,5391500,7245.255517578125,313.6209841962954,7872.497485970716,6618.013549185534,0.7668862718749635,17.314557557585196,False,39.85391785893225,203.73556759761405,10143190.0,0.5315388945686712,11274734.10590471
2022-06-08,7580.06005859375,7668.45726044324,7580.06005859375,7602.159359056122,4854600,7287.244165039063,298.29730576675036,7883.838776572564,6690.649553505562,0.7454060830368767,16.37366878402936,False,40.916269221449845,195.49711290131947,9991345.0,0.48588052959836736,11274734.10590471
2022-06-09,7624.25732421875,7646.356620810689,7557.959434442934,7580.058731034873,6835000,7341.38740234375,250.18917545348407,7841.765753250718,6841.009051436782,0.7826560355401866,13.631710832947503,False,41.66789140423257,187.84711814892196,9850675.0,0.6938610805858482,11274734.10590471
2022-06-10,7513.76171875,7602.158915441177,7513.76171875,7557.960317095588,6748700,7364.591625976563,243.1316750215488,7850.85497601966,6878.328275933465,0.6533840590291417,13.205439615360012,True,41.892453738566736,182.32201010033828,8953520.0,0.7537482464997006,11274734.10590471
2022-06-13,7602.15966796875,7624.258969329125,7248.5708462027615,7403.265955725382,9404100,7377.851245117187,248.71314452725414,7875.277534171695,6880.4249560626795,0.7254690069536947,13.484313319103979,False,39.82082758717295,196.13387531648294,8357150.0,1.125275961302597,11274734.10590471
2022-06-14,7646.35693359375,7646.35693359375,7469.562553626264,7602.158338601878,5273000,7405.475317382812,246.1811083280676,7897.8375340389475,6913.113100726677,0.744618299355786,13.297248199596792,False,38.01787269757244,194.7524827915546,7806805.0,0.6754363660934275,11274734.10590471
2022-06-15,7602.15966796875,7624.258969329125,7491.663161166879,7602.15966796875,2774400,7424.259741210937,246.13676011655096,7916.533261444039,6931.986220977835,0.6806921553220793,13.261214919531083,False,36.343700300086255,191.89114633693436,7383880.0,0.3757374171844613,11274734.10590471
2022-06-16,7668.45703125,7690.556331051873,7646.357731448126,7668.45703125,6615900,7461.828540039062,220.67558857002638,7903.179717179115,7020.47736289901,0.7340862581922705,11.829571659864008,True,35.17489206487645,184.4986832473764,7150225.0,0.9252715823627928,11274734.10590471
2022-06-17,7557.96044921875,7646.3576474552265,7557.96044921875,7624.258347896107,15529900,7481.717919921875,209.71033071378835,7901.138581349452,7062.297258494299,0.5908902878524975,11.211881172658696,True,33.376266042042815,179.21281887479594,7253005.0,2.141167695320767,11274734.10590471
2022-06-20,7933.64794921875,7933.64794921875,7602.15848058844,7646.357076405815,18639200,7525.916455078125,206.9962408370744,7939.908936752274,7111.923973403977,0.9924382835308929,11.001782550876085,True,33.156456106412726,193.24672466945336,7653920.0,2.43524886594059,11274734.10590471
2022-06-21,8088.34423828125,8132.542840676229,7955.748431096312,7955.748431096312,18588800,7574.534936523438,219.46094130274946,8013.456819128936,7135.613053917939,1.08530836820868,11.589408096570347,True,33.669168310776946,193.65016515431236,8303710.0,2.238613824423059,11274734.10590471
2022-06-22,8154.64111328125,8154.64111328125,7911.54883077151,8088.343218051321,12168500,7629.783129882812,219.46098012033792,8068.705090123488,7190.861169642137,1.0978944219499072,11.505489809313024,True,33.81136880316512,197.1817449654143,8647095.0,1.407235609184356,11274734.10590471
2022-06-23,8243.0390625,8265.138362935657,8110.4432598860585,8154.641860757372,14035700,7681.716479492187,235.7815812819692,8153.279642056125,7210.153316928249,1.095172213999757,12.277546660902317,False,34.32162769094171,194.1469848285703,9029110.0,1.5544942967800812,11274734.10590471
2022-06-24,8331.4365234375,8353.535824560677,8220.940017821618,8265.138620067972,14596100,7733.649853515625,258.8619473307717,8251.373748177168,7215.925958854082,1.0773218853580948,13.388863071585583,False,35.07467113191099,189.7504721078909,9411475.0,1.5508833631285213,11274734.10590471
2022-06-27,8397.734375,8397.734375,8287.23787006579,8331.436472039473,12022100,7772.323706054687,296.6753352658186,8365.674376586325,7178.9730355230495,1.0270160631865046,15.2682953765658,False,35.909492953804246,184.08947445262797,9292030.0,1.2938077040216185,11274734.10590471
2022-06-28,8397.734375,8419.833675986842,8353.535773026315,8397.734375,14198000,7814.31240234375,322.99867387497613,8460.309750093702,7168.315054593798,0.9515668482915172,16.533696491483955,False,36.753886946421,175.67579077462076,9708460.0,1.4624358549141676,11274734.10590471
2022-06-29,8353.5361328125,8508.231246383102,8309.337528935184,8486.131944444443,7580700,7852.9862060546875,339.3654707688982,8531.717147592484,7174.255264516891,0.8687395815665332,17.28593235053672,False,37.80936965502414,177.33421410842772,9662220.0,0.7845712476014829,11274734.10590471
2022-06-30,8441.93359375,8464.03289635144,8353.53638334424,8353.53638334424,14236800,7897.18486328125,356.0719866985537,8609.328836678356,7185.040889884142,0.8824709263986055,18.035388197844817,False,38.7894607415842,172.5601104963215,9961115.0,1.4292375903701544,11274734.10590471
2022-07-01,8265.1376953125,8441.932084517044,8198.839799360794,8441.932084517044,6160300,7931.438745117188,356.9101693669087,8645.259083851006,7217.618406383371,0.7337415537831484,17.99976931482362,False,38.30795141742814,177.5982307743847,10028285.0,0.614292473738032,11274734.10590471
2022-07-04,8154.64111328125,8265.13760533113,7933.648129181487,8265.13760533113,8105800,7956.852954101562,353.6235381900795,8664.10003048172,7249.605877721403,0.6398296053707355,17.77705533732631,False,36.05152380280655,188.59046901414385,10187955.0,0.7956258149942751,11274734.10590471
2022-07-05,8110.4423828125,8265.137469133175,8088.34308476669,8176.740276949932,4827900,7983.3720703125,343.6257208446243,8670.623512001748,7296.120628623252,0.5924481963891295,17.217071574176213,False,33.95626958922936,187.7478915393111,10159775.0,0.4751975314413951,11274734.10590471
2022-07-06,8353.5361328125,8353.5361328125,8110.443811487268,8110.443811487268,8890700,8022.045874023437,339.3446995386245,8700.735273100687,7343.356474946188,0.744213523328756,16.920606282617882,False,32.4706841358077,191.70116714364602,10361580.0,0.858044815559017,11274734.10590471
2022-07-07,8375.634765625,8397.734065798153,8287.237564932388,8375.634765625,8219500,8059.61474609375,334.5462479184422,8728.707241930635,7390.522250256866,0.7361557045532093,16.603585082306157,False,31.31353575984203,185.90083383808312,10430805.0,0.7880024600210627,11274734.10590471
2022-07-08,8331.4365234375,8397.73442680703,8176.741415575266,8397.73442680703,4717000,8100.498486328125,313.637789311242,8727.774064950609,7473.222907705641,0.6840802073121691,15.487332777882454,False,29.508156143829538,188.40741793763178,10329220.0,0.45666565336007947,11274734.10590471
2022-07-11,8353.5361328125,8353.5361328125,8220.940321180555,8309.337528935184,2464400,8138.067309570312,295.2664040503193,8728.60011767095,7547.534501469674,0.6824359462222018,14.51285140898689,False,27.831732214675082,184.42087463008275,9982235.0,0.2468785797970094,11274734.10590471
2022-07-12,8243.0390625,8397.734165549597,8243.0390625,8353.535564678285,4425700,8167.901416015625,272.2132711465364,8712.327958308697,7623.474873722552,0.5690062300856081,13.330879367019802,False,26.538308303338393,182.29760523147658,9939870.0,0.44524727184560764,11274734.10590471
2022-07-13,8220.939453125,8309.336651545698,8154.641554309475,8220.939453125,6786200,8198.840405273437,237.47643889215166,8673.79328305774,7723.887527489133,0.5232644635765318,11.585854933310241,False,24.726715853047768,180.32599751752988,10140460.0,0.669220133997866,11274734.10590471
2022-07-14,8176.7412109375,8220.939812077702,8088.3440086570945,8154.641910367399,5480200,8224.254614257812,202.32469112436948,8628.903996506551,7819.605232009073,0.4412906513581361,9.840390436045766,True,23.30432342882841,176.91669793917833,10083675.0,0.5434724939072313,11274734.10590471
2022-07-15,8265.1376953125,8331.435591264204,8132.54190340909,8132.54190340909,5190200,8259.6134765625,127.83395093361682,8515.281378429732,8003.945574695265,0.5108035046825508,6.190795794324211,True,22.014981711405305,178.48648293317376,9566690.0,0.5425282934849984,11274734.10590471
2022-07-18,8397.734375,8397.734375,8132.542763157894,8265.138569078947,4903100,8282.817797851563,105.76635328418284,8494.350504419928,8071.285091283197,0.771628390268096,5.107747429219893,True,21.21319694336914,184.67970642666893,8879885.0,0.5521580515963889,11274734.10590471
2022-07-19,8353.5361328125,8397.734736689814,8265.13892505787,8397.734736689814,4373500,8296.077392578125,96.30234427247504,8488.682081123075,8103.4727040331745,0.649162361177322,4.643271257745483,True,20.468684703515493,180.95942822704566,8169120.0,0.5353697827917817,11274734.10590471
2022-07-20,8353.5361328125,8397.734736689814,8309.337528935184,8309.337528935184,7280900,8306.022143554688,91.05464323065608,8488.131430016001,8123.912857093376,0.6304546027857434,4.384994003480371,True,19.777351909365677,174.34784105044452,7924740.0,0.9187556941931218,11274734.10590471
2022-07-21,8397.734375,8397.734375,8243.039268092105,8353.535773026315,5238400,8313.756909179687,91.98848495884455,8497.733879097375,8129.779939261997,0.7282282012196555,4.425844342755554,True,18.59713117653659,172.9440743259767,7484875.0,0.699864727199853,11274734.10590471
2022-07-22,8309.3369140625,8486.131316489362,8309.3369140625,8397.73411527593,4172000,8312.651928710937,91.89762435943587,8496.447177429809,8128.856679992065,0.49098177272931637,4.422060499948621,True,18.116076874219267,173.2190977617542,6963670.0,0.5991093776701079,11274734.10590471
2022-07-25,8353.5361328125,8397.734736689814,8309.337528935184,8309.337528935184,2168900,8310.442016601562,90.26076700407486,8490.963550609713,8129.920482593413,0.6193600432427953,4.3444508402206905,True,17.669383593496036,167.16043525215133,6471010.0,0.33517178925700936,11274734.10590471
2022-07-26,8287.23828125,8353.5361875,8198.841072916666,8353.5361875,3983700,8304.917211914062,87.98956376690478,8480.896339447872,8128.938084380253,0.44976980818175144,4.237950193684141,True,16.472870550939554,166.27005520437865,5960295.0,0.6683729580498952,11274734.10590471
2022-07-27,8198.8388671875,8287.236051739386,8132.540978773584,8287.236051739386,6584100,8297.182348632812,90.26083747640999,8477.704023585633,8116.660673679992,0.22761309280169592,4.351397073551511,True,15.848395911265976,165.44343000952415,5910465.0,1.1139732660628225,11274734.10590471
2022-07-28,7933.64794921875,8176.7402262143105,7845.250757584001,8176.7402262143105,36869300,8271.76806640625,115.41229949720947,8502.592665400669,8040.943467411831,-0.23241785897281114,5.581022029180344,True,16.86940561910403,178.8823356948081,7042090.0,5.235562169753582,11274734.10590471
2022-07-29,7801.05322265625,7933.649028140492,7756.85462082817,7911.549727226452,15100400,8248.563842773438,156.24538073965869,8561.054604252755,7936.07308129412,-0.21603816061424044,7.576852587571118,False,18.189183516989765,178.733197953202,7489095.0,2.016318393610977,11248512.191675797
2022-08-01,7867.35107421875,7933.648976529583,7801.053171907918,7823.152472678195,5969300,8234.199340820312,177.14321867285034,8588.485778166014,7879.912903474612,-0.017728351881001556,8.60524314949135,False,19.414691565026516,175.4376698580922,7382270.0,0.8085995229109746,11341329.183863297
2022-08-02,8130.04833984375,8130.04833984375,7880.938223581128,7926.230971992513,8753500,8235.179638671874,176.4753009683144,8588.130240608503,7882.229036735245,0.3510679706292154,8.571776632028662,False,18.99582900547629,181.67049812715706,7578550.0,1.1550362536369094,11709105.355738297
2022-08-03,7971.52392578125,8107.402174516157,7903.5848014137955,8107.402174516157,8092700,8216.079028320313,183.52348395603136,8583.125996232377,7849.032060408251,0.16686129580335587,8.934845116432664,False,18.60688520017965,184.87000100592832,7538650.0,1.0734945912066485,11487171.176050797
2022-08-04,8084.7548828125,8084.7548828125,7880.93753282563,8016.81576615021,7101900,8201.535034179688,181.73056352730575,8564.9961612343,7838.073907125076,0.33934987447826676,8.863246344492746,False,18.37590459897315,186.22338307599557,7482770.0,0.9491003999855668,11645694.515894547
2022-08-05,7971.52392578125,8107.402174516157,7926.231176202947,8084.755799727006,5847300,8183.539404296875,185.96092060554525,8555.461245507966,7811.617563085784,0.21497307360971585,9.089510609939959,False,17.978474737747156,185.86249845008234,7539285.0,0.7755775249244458,11487171.176050797
2022-08-08,7971.52392578125,8084.755799727006,7926.231176202947,7971.52392578125,5381600,8164.438793945313,187.1957636954475,8538.830321336207,7790.047266554418,0.24236213422286706,9.171274029723651,False,17.60943272375159,183.90979309822356,7685145.0,0.7002600471428971,11487171.176050797
2022-08-09,7903.58544921875,7971.524579154728,7812.999942637446,7926.231825864075,9512100,8147.46611328125,194.9234468390341,8537.313006959317,7757.619219603182,0.18720968665214768,9.569770239180873,False,17.976999238763735,182.09656762815627,7939465.0,1.1980782080404662,11392057.308863297
2022-08-10,7903.58544921875,7903.58544921875,7699.768059410816,7880.939072573424,9132000,8131.598413085938,201.4358485931727,8534.470110272283,7728.726715899593,0.21701541029113008,9.908794722031912,False,18.92184041569045,183.6480549267118,8056755.0,1.1334588180973606,11392057.308863297
2022-08-11,8039.4638671875,8039.4638671875,7880.939227552817,7971.524735915493,8299700,8124.734545898437,202.15422327432506,8529.042992447088,7720.426099349787,0.39454749283765317,9.952533076979238,False,18.638482790357607,181.85352526299545,8197730.0,1.01243880928013,11582287.094019547
2022-08-12,7858.2919921875,8062.109363742796,7835.645617570245,8062.109363742796,12405000,8104.392260742187,207.67670833600832,8519.745677414205,7689.038844070171,0.20374594420512446,10.250081765760424,False,18.633949760466837,185.03996961367795,8558470.0,1.449441313692751,11328646.469019547
2022-08-15,8039.4638671875,8039.4638671875,7858.292850462148,7880.939227552817,7725900,8086.478735351562,196.1753915806005,8478.829518512763,7694.127952190362,0.44008567055064896,9.703872253963034,False,18.629740518425407,184.7636771412724,8699610.0,0.8880742929855476,11582287.094019547
2022-08-16,7926.232421875,8062.110691964285,7858.293286830357,8039.464313616071,6877200,8065.113549804688,188.685299869413,8442.484149543514,7687.742950065862,0.3159884102977207,9.358097624005921,False,18.42180093138915,186.12465771217643,8824795.0,0.7793042217977868,11423763.070582047
2022-08-18,7948.8779296875,8016.817057291666,7858.292426215277,7926.231553819444,4612700,8044.880639648438,177.49372491156956,8399.868089471576,7689.893189825299,0.36478013517271146,8.82517630090412,False,18.228720106997468,184.1532272381916,8691385.0,0.5307209380323159,11455466.781519547
2022-08-19,7880.93896484375,7971.524470186782,7880.93896484375,7948.8780938510245,2671500,8019.040869140625,160.19620612252604,8339.433281385676,7698.648456895573,0.284480064104565,7.99079135456226,False,18.049430770062337,177.4698185313945,8563040.0,0.3119803247444833,11360352.230738297
2022-08-22,7903.58544921875,7926.231825864075,7790.35356599212,7880.939072573424,6545700,7998.7532958984375,146.6144446814707,8291.982185261379,7705.524406535496,0.33772429980135,7.33186481731601,False,18.5296231054102,174.49899291286314,8681725.0,0.7539630660957356,11392057.308863297
2022-08-23,7971.52392578125,8016.816675359552,7926.231176202947,7948.877550992098,4274600,7979.652685546875,120.52386164879007,8220.700408844456,7738.604962249295,0.48313869209295557,6.041559270723085,True,18.051426227389925,170.12272385771595,8787010.0,0.48646809324218365,11487171.176050797
2022-08-24,7948.8779296875,7994.17068142361,7880.938802083333,7971.524305555555,4350700,7962.73466796875,96.41135111338781,8155.557370195525,7769.911965741974,0.46406870632651664,4.843127650665865,True,17.940393046282185,166.05909210647033,8805360.0,0.4940967774173912,11455466.781519547
2022-08-25,7948.8779296875,7994.17068142361,7903.585177951389,7994.17068142361,3658400,7950.23662109375,78.78372014570435,8107.804061385158,7792.6691808023415,0.49568854008246555,3.9638427835807235,True,17.837290806682145,160.6681214897383,8659075.0,0.4224931646856044,11455466.781519547
2022-08-26,7903.58544921875,7971.524579154728,7880.939072573424,7948.8782025094015,3573500,7948.73349609375,79.40123847216462,8107.535973038079,7789.9310191494205,0.35784841727995514,3.99566741097483,True,17.919004392653484,155.66222042485015,6994285.0,0.5109171273403929,11392057.308863297
2022-08-29,8016.8173828125,8016.8173828125,7835.646368511652,7858.292745299258,2426600,7959.521704101562,72.65086683118331,8104.823437763929,7814.219970439195,0.6971610292141248,3.6510167083907237,True,17.4830796853677,157.48427713027854,6360595.0,0.38150518937300676,11512438.239291647
2022-08-30,7903.58544921875,8039.463709090705,7903.58544921875,8016.817332445379,5118700,7961.333422851562,70.6558053173656,8102.645033486294,7820.021812216831,0.29567151852057716,3.5499483096417546,True,16.827438388819125,155.94099018325545,6318065.0,0.8101689362170221,11512438.239291647
2022-08-31,7518.59619140625,7631.828061758753,7360.071572912744,7360.071572912744,40179900,7930.760815429688,113.25575623260909,8157.272327894906,7704.249302964469,-0.40980943868521236,5.712226550182399,False,19.153283855372152,183.6247677634519,7889385.0,5.092906481303676,11485360.579003014
2022-09-01,7880.93896484375,7903.585341179508,7518.5969434716235,7518.5969434716235,22198800,7926.2315673828125,113.35105319536059,8152.933673773534,7699.529460992091,0.40010546602288594,5.720299854059824,False,19.238952982557546,198.00793790700948,8594690.0,2.582850574017213,12028874.739159264
2022-09-02,7903.58544921875,7903.58544921875,7767.707189346794,7880.939072573424,8052700,7917.173095703125,107.08158495649175,8131.336265616109,7703.009925790141,0.4682773501860853,5.410091893259637,False,19.318502170988413,193.57010376164854,8642230.0,0.9317849675373139,12062844.465721764
2022-09-05,7880.93896484375,7903.585341179508,7790.353459500719,7880.93896484375,7694000,7912.64384765625,106.57625603310392,8125.796359722458,7699.491335590042,0.42562864376974396,5.387643274993215,False,19.39236927453136,187.83166704424733,8734565.0,0.8808681371081445,12028874.739159264
2022-09-06,7835.64599609375,7948.877874650018,7790.353244671243,7880.9387475162575,8195400,7905.849951171875,106.9555081151093,8119.760967402093,7691.938934941656,0.3359038344183063,5.4114615772213295,False,19.126666353743587,185.73830725385648,8875255.0,0.9233988206536038,11960935.286034264
2022-09-07,7745.06005859375,7835.645556355081,7699.7673097130855,7790.352807474415,7229800,7897.923681640625,112.84406572546469,8123.611813091554,7672.2355501896955,0.16133880841644657,5.715125659559357,False,19.345452005646287,182.1769057629142,8761140.0,0.8252122440686943,11825056.379784264
2022-09-08,7722.41357421875,7790.3526965725805,7699.767200100807,7745.059948336694,2567400,7888.865087890625,119.44442883180793,8127.75394555424,7649.976230227009,0.15161306538152022,6.056355508736202,False,19.548610670716457,175.63466224211848,8432910.0,0.3044500652799567,11791086.653221764
2022-09-09,7654.47509765625,7745.060601770525,7631.828721627681,7722.414225741956,4783500,7869.615649414062,124.79885238239004,8119.213354178843,7620.017944649282,0.06902538034041658,6.343326431281665,False,20.087337385413065,171.17732066359883,8257100.0,0.579319615845757,11689178.938378014
2022-09-12,7790.353515625,7790.353515625,7654.475256631541,7654.475256631541,3479000,7866.218725585937,126.0417216583037,8118.3021689025445,7614.13528226933,0.349523616143141,6.4092660555362375,False,20.194817830526254,168.65597047110964,7810800.0,0.4454089209812055,11892996.565331139
2022-09-13,7722.41357421875,7790.3526965725805,7699.767200100807,7790.3526965725805,5413000,7850.3662109375,123.0070161522253,8096.380243241951,7604.352178633049,0.2399484990343878,6.267581045115891,False,20.294621100988504,163.07956654632991,7695155.0,0.7034296255241123,11791086.653221764
2022-09-14,7722.41357421875,7790.3526965725805,7677.120825982863,7677.120825982863,5287300,7840.175268554687,124.8204781569087,8089.816224868505,7590.534312240869,0.26413787209679307,6.36824937613514,False,20.52436978401687,159.51901683514333,7615660.0,0.6942668133818999,11791086.653221764
2022-09-15,7790.353515625,7835.64626862282,7722.414386128271,7790.353515625,6959000,7832.249047851563,122.56734402682277,8077.383735905209,7587.114359797917,0.4145458919763441,6.259624446464398,False,20.29592087026581,156.21285094720952,7732975.0,0.89991238818178,11892996.565331139
2022-09-16,7835.64599609375,7835.64599609375,7722.4141175374825,7790.353244671243,13190200,7829.984399414063,122.03765191287312,8074.059703239809,7585.909095588317,0.5115980531232467,6.234375226699328,False,20.083791624557577,153.14278149071367,8258910.0,1.5970872669638003,11920990.533984229
2022-09-19,7880.93896484375,7948.8780938510245,7767.707083164961,7812.999835836476,4445400,7828.852075195313,121.4223146158616,8071.696704427036,7586.00744596359,0.6072432398715635,6.20383746938186,False,18.824321188058185,155.1447978618101,8153895.0,0.5451873000572119,11920990.533984229
2022-09-20,8039.4638671875,8062.110244278169,7880.939227552817,7880.939227552817,6978300,7832.249072265625,126.46935752052325,8085.187787306671,7579.310357224578,0.9096146271800436,6.458903763331912,False,18.183765659321466,157.00383225985362,8289080.0,0.8418666486509963,11920990.533984229
2022-09-21,7880.93896484375,8062.109975529814,7880.93896484375,8062.109975529814,4979500,7828.852124023438,124.06133872317858,8076.974801469795,7580.72944657708,0.6049618707898498,6.338673243935059,False,17.588961741606315,158.73005929029722,8320520.0,0.5984601923918217,11920990.533984229
2022-09-22,7994.17041015625,7994.170410156249,7858.292159558693,7880.938534658286,3474200,7831.116748046875,126.75182357562721,8084.62039519813,7577.61310089562,0.821600229309695,6.474265556428593,False,16.82391347496357,157.0977872408157,8311310.0,0.4180087134278471,11920990.533984229
2022-09-23,8152.69482421875,8152.69482421875,7948.877453613281,8016.816577148437,7310000,7843.572216796875,145.15190649153527,8133.876029779945,7553.268403813805,1.0324122412403554,7.40233671493174,False,17.242190733422518,160.43490033829093,8498135.0,0.8601887355284424,11920990.533984229
2022-09-26,8220.6337890625,8243.280163137053,8016.816422391529,8130.048292764291,11479900,7853.763037109375,163.89934789428042,8181.561732897935,7525.964341320814,1.0595976382251493,8.34755757818761,False,18.15277528847824,165.1512460816647,8950800.0,1.2825557492067747,11920990.533984229
2022-09-27,8016.8173828125,8220.634773900952,8016.8173828125,8220.634773900952,8523700,7859.424633789063,167.62431395177308,8194.67326169261,7524.176005885516,0.7347403328802293,8.531123931445391,False,18.998318089601412,167.91311358214955,9121050.0,0.9345086366153019,11920990.533984229
2022-09-28,7971.52392578125,8107.402174516157,7971.52392578125,8016.816675359552,3243300,7882.071020507812,148.6793351704857,8179.429690848783,7584.712350166841,0.65041247186582,7.545191347992024,False,19.300843034602128,165.62490895020366,7274220.0,0.44586223677590175,11920990.533984229
2022-09-29,8016.8173828125,8039.463759600106,7926.231875662076,7971.524629237288,4652900,7888.86494140625,151.69871505004392,8192.262371506338,7585.467511306162,0.7108660600125049,7.69178918269084,False,19.115161193038528,161.88255002076266,6396925.0,0.7273651012009676,11920990.533984229
2022-09-30,7835.64599609375,8039.463377495033,7790.353244671243,8016.817001783779,8292000,7885.46796875,152.11184893364398,8189.691666617288,7581.244270882712,0.4181162200618834,7.716059441821904,False,17.775691177307127,168.11309164955026,6408890.0,1.2938277923322135,11920990.533984229
2022-10-03,7903.58544921875,7926.231825864075,7812.999942637446,7835.646319282771,3692900,7886.60029296875,152.16064315709735,8190.921579282945,7582.279006654556,0.5279066187839119,7.717426394374523,False,16.531897591270827,164.19300533362733,6208835.0,0.5947814686652165,11920990.533984229
2022-10-04,7722.41357421875,7948.877315398186,7677.120825982863,7903.584567162298,7330500,7880.938671875,156.2090745341215,8193.356820943243,7568.520522806757,0.24629339215881674,7.9284502031003345,False,16.408846656010862,171.8761113394627,6165590.0,1.1889373117576745,11920990.533984229
2022-10-05,7835.64599609375,7903.585123227511,7722.4141175374825,7745.060493248736,3838300,7885.46796875,153.34899356110668,8192.165955872213,7578.769981627787,0.4187768183225847,7.778815115035728,False,16.294585073269467,172.540071172984,5996015.0,0.6401418275304515,11920990.533984229
2022-10-06,7994.17041015625,8039.463160355435,7835.6457844591005,7835.6457844591005,4286500,7899.055810546875,150.14716622729966,8199.350143001475,7598.761478092276,0.6583689556041733,7.603296891601763,False,15.25336391981486,174.77416436750906,6081970.0,0.704788086754785,11920990.533984229
2022-10-07,8062.10986328125,8062.10986328125,7926.231607158532,7994.170735219891,3913000,7919.437548828125,142.68069852192806,8204.79894587198,7634.076151784268,0.7499853097354983,7.206607673447269,False,14.463330616051614,171.99588520716685,6038445.0,0.648014513670324,11920990.533984229
2022-10-10,8107.4013671875,8107.4013671875,8016.815877051327,8062.108622119414,5712500,7935.28994140625,145.17495710868124,8225.639855623613,7644.940027188888,0.796386217721427,7.317940903515568,False,14.0818516384362,166.18085698781013,6150120.0,0.92884366483906,11920990.533984229
2022-10-11,8152.69482421875,8152.69482421875,8016.816577148437,8084.755700683594,3055500,7956.80400390625,143.8440370528086,8244.492078011866,7669.115929800632,0.840456970490519,7.231246967108445,False,14.06844738763818,164.01638485084604,6032245.0,0.5065278349934395,11920990.533984229
2022-10-12,8107.4013671875,8152.694112255586,8039.46224958537,8152.694112255586,4142100,7976.053393554687,136.39357624532252,8248.840546045332,7703.266241064042,0.7407517590794844,6.840153620613414,False,14.056000583325734,160.38896983531276,5974985.0,0.6932402340759014,11920990.533984229
2022-10-13,8016.8173828125,8107.402889962924,7971.524629237288,8084.756513175318,3106000,7987.3765869140625,129.38598093318842,8246.148548780438,7728.604625047686,0.5568855985905469,6.479523258996692,False,13.363573257129064,158.6382048989073,5782335.0,0.537153243456147,11920990.533984229
2022-10-14,7880.93896484375,8016.817222858298,7880.93896484375,8016.817222858298,2742200,7989.6412353515625,126.96417475004057,8243.569584851644,7735.712885851482,0.28595877395765507,6.356439344899019,False,12.897204881899569,157.0125058324675,5259935.0,0.5213372408594403,11920990.533984229
2022-10-17,7994.17041015625,7994.170410156249,7767.706659160322,7880.938534658286,3735500,7995.302807617188,124.35970610114522,8244.022219819479,7746.5833954148975,0.49772354427241666,6.221638334081199,False,13.303945229796918,161.97330905842892,5224440.0,0.7150048617650887,11920990.533984229
2022-10-18,8107.4013671875,8107.4013671875,7948.876759449197,7994.169504517284,4606600,7998.699682617187,126.5382210221911,8251.77612466157,7745.623240572805,0.7147605752874643,6.327939592340726,False,12.668162284977809,161.72697324984847,5105855.0,0.9022191190309948,11920990.533984229
2022-10-19,8265.9267578125,8288.573132491438,7994.170261665239,8107.402135059931,5120900,8017.949072265625,136.5666309785788,8291.082334222781,7744.815810308467,0.9539499945374152,6.81304556802275,False,12.723403224974897,171.20382307673063,5112925.0,1.0015597725372463,11920990.533984229
2022-10-20,8605.6220703125,8605.6220703125,8243.280088404606,8243.280088404606,11282000,8048.521655273437,189.2448873628063,8427.01142999905,7670.031880547825,1.23595173798676,9.405199884816701,False,14.28104297938887,184.85654870752796,5503315.0,2.05003711399402,11920990.533984229
2022-10-21,8537.68359375,8582.976344910478,8424.451715848805,8424.451715848805,12299200,8067.77109375,217.82120332717298,8503.413500404346,7632.128687095654,1.039332825296833,10.799572808698862,False,15.727422751344701,184.59324911868273,5752775.0,2.1379595064990373,11920990.533984229
2022-10-24,8537.68359375,8628.269096070955,8469.744467009283,8605.622720490715,7596200,8083.623583984375,239.9451890113868,8563.513962007148,7603.733205961601,0.9730872200818309,11.873150030725155,False,17.251932759550108,182.73120482889627,5558590.0,1.3665695796955704,11920990.533984229
2022-10-25,8628.2685546875,8628.2685546875,8515.036683891076,8537.683058050361,10549000,8114.196142578125,268.2675049159086,8650.731152409942,7577.661132746307,0.979066978565403,13.22460045096579,False,18.667549195740843,177.7669666837197,5659855.0,1.8638286669888187,11920990.533984229
2022-10-26,8877.3798828125,8877.3798828125,8582.976978535555,8628.2697330397,21378000,8159.488940429687,315.2648793475352,8790.018699124757,7528.959181734617,1.069276019476498,15.455128704711885,False,20.873815081460386,186.0981050832358,6566590.0,3.2555710041284747,11920990.533984229
2022-10-27,8900.0263671875,8967.96549976145,8786.794479564249,8854.7336121382,9880700,8203.649389648437,353.7382722937857,8911.125934236008,7496.172845060866,0.9921555229403551,17.247849365193055,False,23.18224811263189,185.7461704485191,6827980.0,1.4470897688628261,11920990.533984229
2022-10-28,8877.3798828125,8967.965391820791,8854.733505560427,8967.965391820791,10192100,8255.736083984375,372.87717362754785,9001.49043123947,7509.981736729279,0.9167885853540212,18.066332054916668,False,25.325793070148283,180.56657872079376,6922985.0,1.4722117699229451,11920990.533984229
2022-10-31,8809.4404296875,8967.965064669024,8718.854923983772,8900.025935391228,12513900,8301.028833007813,382.73669087105714,9066.502214749928,7535.555451265698,0.832089664256261,18.442855630095465,False,26.096852178308193,185.4625474325408,7364035.0,1.6993265241134785,11920990.533984229
2022-11-01,8605.6220703125,8809.439435135691,8469.74382709704,8809.439435135691,10660500,8345.1892578125,362.9004993665437,9070.990256545589,7619.388259079413,0.67941061871959,17.394476657401533,False,25.059413577860028,196.47926565810647,7530535.0,1.4156364720434869,11920990.533984229
2022-11-02,8696.2080078125,8764.147132873535,8605.62250773112,8628.268882751465,5675700,8388.217358398437,350.096990685753,9088.411339769942,7688.023377026931,0.719932374176358,16.69470285412809,False,24.096077734586732,193.76825115117282,7622405.0,0.7446075090473414,11920990.533984229
2022-11-03,8650.916015625,8741.501523642015,8582.976884612239,8696.208769633507,4470100,8421.054638671874,341.895798409532,9104.846235490939,7737.263041852811,0.6680785330080242,16.24004655376297,False,23.052854881498153,191.25085028535878,7631585.0,0.5857367768294529,11920990.533984229
2022-11-04,8741.5009765625,8741.5009765625,8492.390845106056,8628.269098627752,7272400,8455.024194335938,338.08500113672494,9131.194196609387,7778.854192062488,0.7118378375729157,15.994513717096611,False,21.50230216787609,195.38365608329343,7799555.0,0.9324121696686541,11920990.533984229
2022-11-07,8832.0869140625,8854.733290765224,8741.501407251602,8809.440537359775,8038600,8491.258471679688,337.70152653359094,9166.66152474687,7815.855418612507,0.7523148517281792,15.908196772476249,False,20.703993475796103,189.51570309182415,7915860.0,1.0155055799369872,11920990.533984229
2022-11-08,8832.0869140625,8832.0869140625,8741.501407251602,8832.0869140625,1953700,8525.228076171876,336.01880450255396,9197.265685176984,7853.190467166768,0.7283048104591208,15.765856420509431,False,19.962706833150403,182.44926050032942,7860770.0,0.24853799309736832,11920990.533984229
2022-11-09,8832.0869140625,8854.733290765224,8786.794160657051,8832.0869140625,7885600,8561.462353515624,327.5578561322859,9216.578065780195,7906.3466412510525,0.7065471453977151,15.303827435404393,False,19.40682200554955,174.2699654723182,8047945.0,0.9798277696977303,11920990.533984229
2022-11-10,8809.4404296875,8854.733182539365,8786.794053261568,8832.086806113432,3773300,8601.093505859375,305.39286609679294,9211.879238052961,7990.307773665789,0.6705564757381155,14.202513477559497,False,18.890642390843595,166.67490574413807,8081310.0,0.4669168736256869,11920990.533984229
2022-11-11,8922.6708984375,8967.963644114849,8696.207170050762,8877.378152760153,8391000,8653.180102539063,261.8316490049093,9176.843400548882,8129.516804529245,0.7573130453505489,12.103372212399977,False,19.08297339279675,174.18073205270582,8363750.0,1.0032581079061427,11920990.533984229
2022-11-14,8832.0869140625,8922.672420873398,8809.440537359775,8922.672420873398,2114500,8695.075927734375,213.3898218323343,9121.855571399043,8268.296284069707,0.6605172462674652,9.816582332613883,True,19.26156646603896,169.82724287134278,8282700.0,0.25529114902145433,11920990.533984229
2022-11-15,8877.3798828125,8900.026260064573,8809.440751056281,8832.087128308354,5912100,8733.574853515625,165.97385690905165,9065.522567333728,8401.627139697523,0.7166079525639923,7.601645818252307,True,19.427402891192443,164.16711902398197,8347975.0,0.7082076791078076,11920990.533984229
2022-11-16,8854.732421875,8877.378796355499,8696.207800511509,8877.378796355499,3665800,8763.01513671875,126.08453968885846,9015.184216096466,8510.846057341034,0.6818567236367421,5.75530397798991,True,18.55698828601375,165.38175925805405,8275220.0,0.4429852016018909,11920990.533984229
2022-11-17,8764.1474609375,8877.379340277777,8696.208333333332,8832.086588541666,3762600,8770.94140625,120.52977392683269,9012.000954103665,8529.881858396335,0.48590815967881873,5.496777066185642,True,17.74875019559672,166.50956266422486,7899250.0,0.47632370161724213,11920990.533984229
2022-11-18,8741.5009765625,8854.732854497248,8605.622723040804,8764.14735214945,3350000,8781.132275390624,107.70367661839946,8996.539628627423,8565.724922153826,0.4080084819932832,4.90614072266019,True,16.71935739615378,172.40960329224052,7451790.0,0.44955641530424234,11920990.533984229
2022-11-21,8877.3798828125,8900.026260064573,8718.855242047992,8741.501619300065,2648000,8798.11708984375,93.08406502982088,8984.285219903391,8611.94895978411,0.7128795969088719,4.23199937346929,True,15.659039677664776,173.03541862969342,7204380.0,0.36755418231686837,11920990.533984229
2022-11-22,8741.5009765625,8922.671981258096,8741.5009765625,8877.379230084198,2625200,8803.7787109375,85.3303180547633,8974.439347047028,8633.118074827973,0.3175392527687771,3.876986046855191,True,14.859774349958197,173.61653192011502,6808190.0,0.38559440908670295,11920990.533984229
2022-11-23,8967.9638671875,8967.9638671875,8741.500133167614,8741.500133167614,2818100,8808.30791015625,91.61514484298418,8991.53819984222,8625.077620470282,0.9356702085252308,4.16039701506572,True,14.485253681809684,177.39133207009868,5880195.0,0.4792528138947773,11920990.533984229
2022-11-24,8877.3798828125,8967.965391820791,8854.733505560427,8967.965391820791,2652000,8807.1755859375,90.55570527846463,8988.28699649443,8626.064175380572,0.6938152230693715,4.112814801742136,True,14.137497099950185,172.8085145122605,5518760.0,0.48054273061339864,11920990.533984229
2022-11-25,8967.9638671875,8967.9638671875,8786.792879971592,8877.378373579546,4931600,8811.70478515625,96.3328480315377,9004.370481219325,8619.039089093174,0.9055186917656953,4.372949406739775,True,13.143555064215082,173.40583399109246,5255735.0,0.9383273700062884,11920990.533984229
2022-11-28,9035.9033203125,9058.549694548872,8900.025074894267,8967.964197603384,7923400,8823.0279296875,108.58320079588133,9040.194331279263,8605.861528095737,0.9901204538655359,4.922718216975086,True,13.001533990397897,172.3428901099148,5026210.0,1.5764164250996278,11920990.533984229
2022-11-29,9035.9033203125,9058.549694548872,8967.964197603384,9058.549694548872,4824800,8844.5419921875,105.83240100435741,9056.206794196214,8632.877190178786,0.9520386155585797,4.786337205378874,True,12.869657278996225,166.5030763124558,4734425.0,1.01908890731187,11920990.533984229
2022-11-30,9149.1357421875,9149.1357421875,8967.964737391709,9035.90386419013,21565300,8867.18837890625,119.94003983017294,9107.068458566597,8627.308299245904,1.0876839870998618,5.4105105115616166,True,13.462723416758726,167.5507854898369,5528905.0,3.9004649202690227,11920990.533984229
2022-12-01,9194.427734375,9217.074108104987,9035.903118265087,9149.134986915025,11562700,8894.36396484375,129.54744328303272,9153.458851409814,8635.269078277684,1.0790615428736752,5.826046417488076,True,14.483382919280572,168.52365722912714,5883535.0,1.9652640801830872,11920990.533984229
2022-12-02,9239.720703125,9239.720703125,9081.196083218443,9194.42795458027,7169200,8919.274951171876,145.52288658045438,9210.320724332785,8628.229178010966,1.0505074828486867,6.526220455232627,False,15.581264313488283,167.809440277515,5878375.0,1.2195887468900843,11920990.533984229
2022-12-05,9375.599609375,9375.599609375,9149.135850694443,9217.074978298611,6783100,8946.4505859375,175.9517633100479,9298.354112557596,8594.547059317405,1.1097537975241667,7.866885827844078,False,17.393523780829753,171.99903444916083,5815600.0,1.166362886030676,11920990.533984229
2022-12-06,9375.599609375,9375.599609375,9194.428602430555,9307.660481770832,4223600,8973.626220703125,197.9554667623292,9369.537154227783,8577.715287178467,1.0076563371125489,8.823878414085229,False,19.076336143361114,172.65417534168117,5929095.0,0.7123515477488555,11920990.533984229
2022-12-07,9352.9521484375,9375.59852167827,9126.488416029813,9375.59852167827,5592100,8999.669482421876,212.1110339953518,9423.89155041258,8575.447414431172,0.9163888357917365,9.427503283743768,False,19.792790810731773,178.11539091336013,5814420.0,0.9617640280543889,11920990.533984229
2022-12-08,9239.720703125,9262.367077397366,9103.84245749081,9239.720703125,4883200,9021.18349609375,213.61686860264004,9448.417233299031,8593.94975888847,0.7557583683123849,9.471789092645695,False,20.1880065581183,183.18641234431232,5869915.0,0.831903017335004,11920990.533984229
2022-12-09,9194.427734375,9262.366855564964,9081.195865725062,9239.720481834975,3475600,9034.771337890625,215.6541346189961,9466.079607128617,8603.463068652633,0.685083857499934,9.547740681142484,False,20.28129618569874,183.04245359399732,5624145.0,0.6179783771577724,11920990.533984229
2022-12-12,9420.8916015625,9420.8916015625,8990.610494760367,9149.135113055889,7138500,9064.211572265625,226.44863994681873,9517.108852159263,8611.314292371988,0.8937758572767766,9.993087126946541,False,21.418274636699042,200.70235739457843,5875345.0,1.2149924812925879,11920990.533984229
2022-12-13,9330.306640625,9420.89214199029,9239.72113925971,9420.89214199029,5890400,9086.85791015625,229.40932355733835,9545.676557270926,8628.039263041574,0.7652995164861977,10.098510434544409,False,22.47404347509853,199.3072606328644,5874260.0,1.0027475801207302,11920990.533984229
2022-12-14,9352.9521484375,9352.9521484375,9194.427535752118,9330.305775196732,2376400,9111.768896484375,229.92640395816855,9571.621704400712,8651.916088568038,0.7622396208103668,10.093601212685797,False,22.885857662472183,196.39421435090136,5809790.0,0.4090337172255796,11920990.533984229
2022-12-15,9330.306640625,9375.599391307645,9239.72113925971,9330.306640625,3197500,9140.07685546875,219.49081575687688,9579.058486982503,8701.095223954995,0.7166716913647109,9.605644207490439,False,23.424636771448895,192.07164561497527,5781535.0,0.5530538170226419,11920990.533984229
2022-12-16,9443.5390625,9466.185439148681,9285.014425959233,9330.307179256595,9094300,9175.178759765626,208.24224911030396,9591.663257986234,8758.694261545017,0.8221732187883568,9.078504280416821,False,24.502140956096735,191.29302901315197,6068750.0,1.4985458290422244,11920990.533984229
2022-12-19,9194.427734375,9420.891471674877,9194.427734375,9420.891471674877,3943600,9191.03115234375,196.09238382319495,9583.21591999014,8798.846384697361,0.5043303339541123,8.53407547305246,False,24.402700935094003,195.42290752114113,6133530.0,0.6429576442929276,11920990.533984229
2022-12-20,9330.306640625,9330.306640625,9103.842887211773,9194.428388577064,1999800,9220.471435546875,167.10820857224513,9554.687852691366,8886.255018402384,0.6643174892731858,7.249443143568903,False,23.37007839647006,197.6401107991473,6102260.0,0.3277146499821378,11920990.533984229
2022-12-21,9262.3671875,9330.306311124694,9239.720812958436,9307.65993658313,1492500,9235.1916015625,156.31268094746346,9547.816963457426,8922.566239667573,0.5434635017657883,6.7703059207138425,False,22.41121461060497,189.9933762896771,6035980.0,0.2472672208986776,11920990.533984229
2022-12-22,9171.78125,9375.59861111111,9081.19575617284,9262.36674382716,1609900,9249.911669921876,132.961701774184,9515.835073470244,8983.988266373508,0.35309600644520767,5.7497501173568235,True,21.50040719242901,197.4511961931481,5983875.0,0.2690397108896827,11920990.533984229
2022-12-23,9081.1962890625,9217.074537776653,9058.549914276808,9171.781788205268,1559600,9255.573291015626,122.30821847814501,9500.189727971916,9010.956854059335,0.1435705545325137,5.285819241337307,True,20.826955861278638,194.670726715055,5815275.0,0.2681902403583665,11920990.533984229
2022-12-26,9194.427734375,9194.427734375,9058.549491995074,9103.842239455049,1028000,9263.49951171875,112.02774313679424,9487.554997992338,9039.444025445162,0.3458601070374855,4.837383237083299,True,20.201611564280082,190.47126354826005,5470505.0,0.1879168376594117,11920990.533984229
2022-12-27,9126.4892578125,9239.721134460298,9103.84288248294,9194.42838380118,1260200,9268.02880859375,103.87633896618487,9475.781486526119,9060.276130661381,0.1593556526204531,4.483211742711264,True,19.154043629074298,186.57176272176702,5292275.0,0.23812065699533755,11920990.533984229
2022-12-28,9217.0751953125,9217.0751953125,9058.550560503685,9171.78244250998,1017400,9271.42578125,100.85046333576393,9473.126707921529,9069.724854578471,0.3652693697684138,4.351022840077887,True,18.58005596633204,184.56839644227043,4264880.0,0.23855301907673837,11920990.533984229
2022-12-29,9217.0751953125,9217.0751953125,8809.440420089833,9194.428818911241,3858600,9272.558154296876,100.06449097840186,9472.68713625368,9072.429172340071,0.36138199864437665,4.316586181000449,True,19.693162950180003,200.50170921229875,3879675.0,0.9945678439560015,11920990.533984229
2022-12-30,9058.5498046875,9217.074426269532,9058.5498046875,9217.074426269532,1958000,9263.499609375,110.81641421301791,9485.132437801036,9041.866780948963,0.037636625984097095,4.785077730272384,True,20.72676229232454,197.50340074177743,3619115.0,0.5410162429212667,11920990.533984229
2023-01-02,9194.427734375,9239.720481834975,9035.903118265087,9035.903118265087,1201400,9254.441015625,108.55234658256654,9471.545708790132,9037.336322459867,0.36178723183023787,4.691902899344816,True,21.811667965346516,197.95439808664244,3340030.0,0.3596973679877127,11920990.533984229
2023-01-03,9217.0751953125,9330.307077318796,9149.136066108722,9149.136066108722,3169800,9246.514794921875,104.96839805602195,9456.45159103392,9036.577998809831,0.42988461252484933,4.540884879724415,True,21.820701410054493,196.75558473831612,3287340.0,0.9642446476482506,11920990.533984229
2023-01-04,9149.1357421875,9285.013995784344,9081.196615389079,9262.36762018487,3973100,9236.323974609375,103.98017030935738,9444.28431522809,9028.36363399066,0.2903729332177557,4.503097578439141,True,22.256707015931433,197.25999871381248,3206390.0,1.2391193834811112,11920990.533984229
2023-01-05,9262.3671875,9262.3671875,8945.317943918093,9149.135314792176,3774400,9237.456298828125,104.14228842866537,9445.740875685457,9029.171721970793,0.5598001279013044,4.509565623249656,True,23.391401901204244,205.8163733472478,3150950.0,1.1978609625668448,11920990.533984229
2023-01-06,9217.0751953125,9330.307077318796,9149.136066108722,9262.367948115017,6288100,9238.588671875,103.77226969396422,9446.13321126293,9031.044132487072,0.448171422322297,4.492992312121354,True,23.745245226681245,204.05599033744966,3291575.0,1.9103620607156149,11920990.533984229
2023-01-09,9239.720703125,9307.659825942095,9194.42795458027,9194.42795458027,5829300,9229.530126953125,94.51559987958727,9418.561326712299,9040.49892719395,0.5269547465837866,4.096225856766942,True,24.07381402890989,197.56855326776227,3226115.0,1.806910169042331,11920990.533984229
2023-01-10,9239.720703125,9307.659825942095,9194.42795458027,9262.367077397366,12903700,9225.000830078125,91.55625975971581,9408.113349597555,9041.888310558694,0.5401935189508257,3.969918765153761,True,24.378913630979344,191.5445045601954,3576780.0,3.607630326718445,11920990.533984229
2023-01-11,9534.1240234375,9602.063149495249,9239.721143853918,9239.721143853918,10176300,9234.059423828125,111.64154850772088,9457.342520843566,9010.776326812684,1.171937561822301,4.836076675860841,False,23.155717476859063,203.74435754662778,3966775.0,2.5653837185118893,11920990.533984229
2023-01-12,9466.185546875,9534.124677594198,9330.307285436602,9534.124677594198,5439200,9240.853369140625,121.50562649139958,9483.864622123423,8997.842116157826,0.9636249864328825,5.259498084761793,False,22.019892476604518,203.7495743045541,4078860.0,1.3335098532433083,11920990.533984229
2023-01-13,9466.185546875,9488.8319237814,9330.307285436602,9466.185546875,6858700,9241.985693359375,123.58167658837944,9489.149046536133,8994.822340182616,0.9535459052363828,5.348706682252326,False,20.96519783351101,200.51922173600008,3967080.0,1.7289038789235407,11920990.533984229
2023-01-16,9420.8916015625,9488.830723689152,9239.72060922476,9466.184349646936,4400700,9253.30888671875,129.24017937844084,9511.789245475633,8994.828527961869,0.8241691470286372,5.586766029779431,False,19.687493736358118,203.98999978802811,3989935.0,1.1029502986890765,11920990.533984229
2023-01-17,9375.599609375,9511.477864583332,9330.306857638889,9352.953233506943,3597900,9255.57353515625,131.04463872644243,9517.662812609136,8993.484257703365,0.7289793679947966,5.663382748942983,False,18.314931803687955,202.36007172777207,4069840.0,0.8840396674070725,11920990.533984229
2023-01-18,9488.8310546875,9488.8310546875,9352.952805694362,9375.599180526551,1468700,9266.896728515625,141.06360491273904,9549.023938341103,8984.769518690147,0.8933231507679859,6.088925302411758,False,17.04041000906566,197.61137010386963,4068650.0,0.36097968613667925,11920990.533984229
2023-01-19,9511.4775390625,9511.4775390625,9398.24566359747,9488.831163969495,3508100,9283.88154296875,149.22307782979618,9582.327698628342,8985.435387309157,0.8813016046240291,6.429340018574968,False,15.993952892416642,191.5842633439525,4163560.0,0.8425722218486104,11920990.533984229
2023-01-20,9511.4775390625,9534.123914155505,9352.952913411458,9511.4775390625,2174100,9305.39560546875,149.48059894616034,9604.35680336107,9006.43440757643,0.8446633460238824,6.42554514751897,False,15.103536178297203,190.84045887253066,4194285.0,0.5183481809176057,11920990.533984229
2023-01-24,9420.8916015625,9488.830723689152,9307.659731351412,9488.830723689152,1978500,9316.718798828126,149.20944345489917,9615.137685737924,9018.299911918328,0.6745412360006929,6.406094105734598,False,14.680517616467874,191.76741236099903,4241810.0,0.46642824643253705,11920990.533984229
2023-01-25,9443.5390625,9466.185439148681,9330.307179256595,9420.892685851319,1422900,9332.5712890625,144.70946835069498,9621.99022576389,9043.15235236111,0.6917078659438098,6.202340764127463,False,14.287714666197784,187.77533004179097,4249945.0,0.33480433276195337,11920990.533984229
2023-01-26,9126.4892578125,9443.538512426334,9058.550131823822,9443.538512426334,11211000,9328.0419921875,149.84130898798992,9627.72461016348,9028.35937421152,0.16372301514137982,6.42541314087076,False,15.801963670800994,201.86201580139004,4759625.0,2.3554376657824934,11920990.533984229
2023-01-27,9058.5498046875,9171.781677246094,8990.610681152344,9126.488928222656,6769700,9320.11572265625,159.87689900055548,9639.869520657361,9000.361924655139,0.0909885674480072,6.861584287495965,False,17.541409134750776,200.38408582227288,4905180.0,1.3801124525501614,11920990.533984229
2023-01-30,9149.1357421875,9217.074868985923,9013.257488590656,9058.550239789605,3962300,9324.64501953125,153.22136849759968,9631.087756526449,9018.202282536051,0.2136344638729362,6.5727485894278885,False,18.662325955972875,200.62932114891532,5005395.0,0.7916058572799949,11920990.533984229
2023-01-31,9149.1357421875,9398.245873781714,9081.196615389079,9149.1357421875,19385600,9322.380419921876,155.56406099192895,9633.508541905734,9011.252297938017,0.2215862766925263,6.67486431510517,False,18.03409663458318,208.94503095203817,5914605.0,3.2775815122058023,11920990.533984229
2023-02-01,9398.2451171875,9398.2451171875,9171.781379423946,9171.781379423946,6394700,9331.438916015624,154.37965834527662,9640.198232706178,9022.67959932507,0.6081849154997817,6.617614270841497,False,17.45074083614989,211.81391266974973,6075850.0,1.0524782540714468,11920990.533984229
2023-02-02,9285.013671875,9420.891920731707,9262.367297065548,9398.245545922256,3471900,9338.2328125,148.82455492470402,9635.881922349408,9040.583702650592,0.41060087387473465,6.374848771193195,False,16.714466916201225,208.00753488377893,6050790.0,0.5737928435791029,11920990.533984229
2023-02-03,9488.8310546875,9511.47742951969,9262.367306365602,9285.013681197792,6290200,9349.556005859375,151.34244163458635,9652.240889128547,9046.871122590203,0.7300660794881365,6.474850422404642,False,15.748905151488797,210.9434340459438,6176580.0,1.0183952931881397,11920990.533984229
2023-02-06,9307.66015625,9488.831156858272,9307.66015625,9466.184781782238,3375400,9354.08525390625,148.49773584174707,9651.080725589745,9057.089782222756,0.4218420782763221,6.350069806333436,False,14.852312084255828,208.8168316575387,6030945.0,0.5596801164659934,11920990.533984229
2023-02-07,9307.66015625,9420.89203163017,9307.66015625,9330.306531326034,1421900,9357.4822265625,146.50762944114837,9650.497485444797,9064.466967680204,0.41498382967742625,6.262694425441333,False,14.019761378968072,201.98933478058382,5810575.0,0.24470900040013252,11920990.533984229
2023-02-08,9352.9521484375,9443.537641400575,9285.013028715193,9285.013028715193,1465900,9363.143798828125,143.881695079482,9650.907188987088,9075.380408669162,0.48229161398016085,6.146725850669502,False,13.03105865365941,198.88471177378366,5238685.0,0.2798221309355306,11920990.533984229
2023-02-09,9330.306640625,9420.89214199029,9285.013889942355,9352.953015966323,3348000,9352.9529296875,138.24156334294096,9629.436056373383,9076.469803001619,0.45904580266080824,5.912210373865737,False,12.112977551587083,194.38425036479455,4897270.0,0.6836461947166482,11920990.533984229
2023-02-10,9330.306640625,9398.245766648968,9285.013889942355,9285.013889942355,2206800,9346.158984375,135.69934682181716,9617.557678018635,9074.760290731367,0.47079509938464187,5.8077054776697254,False,11.260473671091349,188.58765224635306,4735650.0,0.4659972759811219,11920990.533984229
2023-02-13,9307.66015625,9579.41665716241,9307.66015625,9330.306531326034,9716000,9338.23271484375,132.92087296331692,9604.074460770385,9072.390968917116,0.4424985746930282,5.693620068046952,False,12.08146398227172,194.52828429392855,4878515.0,1.9915896538188362,11920990.533984229
2023-02-14,9330.306640625,9511.477643355583,9307.660265283677,9375.599391307645,8167300,9333.703466796875,131.4916968078627,9596.6868604126,9070.72007318115,0.4935417477788766,5.635134961191882,False,12.843812128367778,195.19179878047535,5066845.0,1.6119103702599942,11920990.533984229
2023-02-15,9330.306640625,9420.89214199029,9285.013889942355,9352.953015966323,2018800,9331.438818359375,131.1216669383241,9593.682152236022,9069.195484482727,0.4978413603166989,5.620640910396165,False,13.273347447747318,190.95511687100827,4987890.0,0.4047402809604863,11920990.533984229
2023-02-16,9239.720703125,9352.952574486826,9171.781580307905,9352.952574486826,3145300,9318.98330078125,127.15552795814965,9573.29435669755,9064.67224486495,0.3441621081500725,5.457914188878945,False,12.432791097811963,190.25625096443062,5071720.0,0.6201643623859361,11920990.533984229
2023-02-17,9375.599609375,9420.892361111111,9194.428602430555,9239.721354166666,2249400,9312.189404296874,119.74320584055356,9551.675815977982,9072.702992615767,0.6323878975700732,5.143503880421563,False,12.258718492429136,192.84250151558248,5008785.0,0.4490909472057595,11920990.533984229
2023-02-20,9375.599609375,9375.599609375,9217.074978298611,9375.599609375,1671600,9305.3955078125,111.40542942815604,9528.206366668812,9082.584648956188,0.6575419212574685,4.7888530620594745,False,12.097079644573654,190.3912250556401,4983660.0,0.33541613994534136,11920990.533984229
2023-02-21,9330.306640625,9466.184892672938,9285.013889942355,9375.599391307645,2415800,9300.866259765626,108.25971684223393,9517.385693450093,9084.346826081159,0.5679855391231939,4.655898227912442,False,12.703126436267226,189.73263774670747,5005525.0,0.4826266974992633,11920990.533984229
2023-02-22,9262.3671875,9330.306311124694,9149.135314792176,9330.306311124694,1786400,9291.807666015626,103.15258167933547,9498.112829374297,9085.502502656955,0.4286482266455879,4.440581871129835,False,11.890724210835414,189.12111546714434,5023700.0,0.3555944821545873,11920990.533984229
2023-02-23,9262.3671875,9330.306311124694,9194.428063875306,9262.3671875,2221800,9298.6015625,95.9117116307158,9490.424985761432,9106.778139238568,0.4055527881216651,4.125855312158554,True,11.136350715791588,185.3180534515903,4574240.0,0.48572003218020915,11920990.533984229
2023-02-24,9217.0751953125,9285.014324516278,9194.428818911241,9239.721571713759,1169200,9306.52783203125,80.31099396295001,9467.14981995715,9145.90584410535,0.22154299086368864,3.4518134115082346,True,10.43586104182232,178.55144289112218,4294215.0,0.2722732792838738,11920990.533984229
2023-02-27,9103.841796875,9194.427287391169,9058.549051616916,9171.780914762126,3355700,9304.263134765624,85.4566806550178,9475.176496075659,9133.34977345559,-0.0863243702961945,3.6738720484250393,True,10.798839619971043,177.1210643771552,4263885.0,0.7870052780504164,11920990.533984229
2023-02-28,9171.78125,9171.78125,8967.96388888889,9058.54938271605,6041600,9305.39541015625,83.4188360701464,9472.233082296543,9138.557738015958,0.09956837552883448,3.585826604599738,True,11.77938144114059,179.02794271529487,3596685.0,1.6797690095184872,11920990.533984229
2023-03-01,8967.9638671875,9171.781227805399,8832.085626775568,9171.781227805399,11688400,9283.88134765625,109.59187983846705,9503.065107333185,9064.697587979315,-0.22066808447486205,4.7218130320519105,False,13.482065891780382,190.50420560880465,3861370.0,3.0270085487793192,11892999.411283229
2023-03-02,8922.6708984375,8945.317271276173,8786.792661405458,8945.317271276173,9145000,9265.764208984376,136.13157617339334,9538.027361331162,8993.50105663759,-0.13007665119125617,5.876755466813872,False,15.29356123714456,189.8375627640359,4145025.0,2.20625931086061,11834118.551908229
2023-03-03,8809.4404296875,8967.965064669024,8809.4404296875,8922.67231181716,4486000,9231.794677734375,160.18054081016805,9552.155759354711,8911.433596114039,-0.15918470169764873,6.940385760376505,False,16.715102261451385,187.60092506528508,4054815.0,1.1063390068350838,11686918.942533229
2023-03-06,8832.0869140625,8922.672420873398,8786.794160657051,8786.794160657051,4757200,9208.016015625,182.12207263918162,9572.260160903363,8843.771870346638,-0.01604000563304615,7.911457683398458,False,18.1624646755912,183.90644900464662,4123905.0,1.1535668256179519,11716359.372220729
2023-03-07,9035.9033203125,9217.074314203477,8741.500455239662,8832.08595218515,10589900,9194.428173828124,184.41968352222673,9563.267540872577,8825.588806783671,0.28510312661864173,8.023106169763807,False,16.94463236853145,204.7398354303015,4582305.0,2.3110421501842415,11981320.700345729
2023-03-08,8877.3798828125,9035.90452357701,8877.3798828125,9035.90452357701,4646700,9170.649560546875,193.3476679124804,9557.344896371837,8783.954224721914,0.12080008398766309,8.433324886572183,False,15.813788083404543,201.4387500970307,4741345.0,0.9800383646412568,11775240.231595729
2023-03-09,8877.3798828125,8990.611769072864,8832.087128308354,8877.3798828125,1450100,9148.00322265625,200.0713926944068,9548.146008045065,8747.860437267436,0.16184153541492827,8.748199484622118,False,14.9461548212832,198.3734565732792,4646450.0,0.31208772288521347,11775240.231595729
2023-03-10,8832.0869140625,9035.904304387019,8718.855030548877,8877.379667467949,3436700,9123.092236328124,207.0723385367524,9537.23691340163,8708.947559254619,0.14866707412253616,9.079041762274041,False,14.9173556024761,206.85030066362654,4707945.0,0.7299787911710948,11716359.372220729
2023-03-13,8741.5009765625,8945.318356845046,8741.5009765625,8809.440103323348,1858700,9094.78427734375,218.87509968526967,9532.534476714289,8657.03407797321,0.09647842389420755,9.626400935336749,False,14.89061347072665,206.63366349354936,4315080.0,0.43074520055248106,11598597.653470729
2023-03-14,8741.5009765625,8809.440103323348,8696.208225388602,8741.5009765625,2627200,9065.343994140625,225.0407656036644,9515.425525347953,8615.262462933297,0.14023960646704695,9.929717647741507,False,15.169571348206631,199.96210738220628,4038075.0,0.6506070342923299,11598597.653470729
2023-03-15,8447.09765625,8809.439646866622,8447.09765625,8741.500523626006,4882400,9021.183544921874,254.97616011009487,9531.135865142063,8511.231224701685,-0.06288192631812467,11.305663335211639,False,16.749151322662723,211.56067047037882,4181255.0,1.1676876918532832,11543513.207465636
2023-03-16,8515.037109375,8696.208111702128,8401.805232920546,8424.451608211437,5112400,8984.949365234375,273.1311051505111,9531.211575535397,8438.687154933354,0.06988397970964634,12.159494463367459,False,18.407080604270927,217.4779710640362,4279610.0,1.1945948345760478,11543513.207465636
2023-03-17,8650.916015625,8877.37978566754,8605.623261616493,8605.623261616493,8527800,8948.715185546875,266.5692130193776,9481.85361158563,8415.57675950812,0.22071121178177183,11.915418358600352,False,18.3941418465801,227.8254500089293,4593530.0,1.856480745744558,11543513.207465636
2023-03-20,8718.8544921875,8718.8544921875,8560.329865056818,8650.91536627435,2151300,8915.8779296875,251.22475582661616,9418.327441340733,8413.428418034267,0.30393707931795494,11.27089257200818,False,18.616533126782954,222.87539123191166,4617515.0,0.4658999483488413,11543513.207465636
2023-03-21,8786.7939453125,8809.440321460213,8650.915688426225,8718.854816869363,3073600,8888.702294921875,232.75296334110078,9354.208221604076,8423.196368239674,0.3905402232623476,10.474103220852495,False,18.13254107421918,218.2789085034886,4650405.0,0.6609316822943379,11543513.207465636
2023-03-24,9035.9033203125,9171.781565730733,8718.85408100329,8741.500455239662,7244800,8877.3791015625,218.70230820994033,9314.78371798238,8439.974485142619,0.6812100430575103,9.85436380300338,False,18.030603123209104,235.0395210909139,4923325.0,1.4715258488927707,11543513.207465636
2023-03-27,9035.9033203125,9081.196068785244,8945.317823367011,9058.549694548872,2852200,8866.055908203125,203.0210126757888,9272.097933554702,8460.013882851548,0.7091500405189715,9.1594736048505,False,17.935946454414033,227.95657282857954,4954845.0,0.5756385921254853,11543513.207465636
2023-03-28,9149.1357421875,9239.721244585397,9035.90386419013,9058.550239789605,5237500,8862.658935546875,197.32713476696406,9257.313205080804,8468.004666012946,0.8629465442993218,8.906001514986116,False,18.530225899674463,226.23238364603077,5158260.0,1.0153617692787877,11543513.207465636
2023-03-29,9035.9033203125,9171.781565730733,9035.9033203125,9149.13519149436,5013700,8859.26201171875,193.50447113234563,9246.270953983441,8472.25306945406,0.7282134717095727,8.736821233027479,False,19.082052992650432,219.77851662975948,5241160.0,0.9566012104190675,11543513.207465636
2023-03-30,8945.3173828125,9035.902875296677,8900.024636570412,9035.902875296677,5282600,8847.938818359375,180.43931551064816,9208.817449380671,8487.060187338078,0.6349187179323161,8.15734915057227,False,18.671732835278057,213.78567142349726,5203210.0,1.0152578888801336,11543513.207465636
2023-03-31,9035.9033203125,9058.549694548872,8922.67144913064,8945.317823367011,4672700,8851.335791015625,183.43254005087798,9218.20087111738,8484.470710913869,0.7515468755512009,8.289485084819285,False,18.40235403106846,208.2208552802641,4852425.0,0.9629618180600421,11543513.207465636
2023-04-03,9035.9033203125,9035.9033203125,8922.67144913064,9035.9033203125,3949200,8856.997412109375,187.45354996463087,9231.904512038636,8482.090312180113,0.7386003202351752,8.465783210384254,False,18.152216570016687,201.43592784466387,4592635.0,0.8598985114210034,11543513.207465636
2023-04-04,9239.720703125,9239.720703125,8922.671463311888,9035.903334673714,6696500,8878.51142578125,205.52836015291797,9289.568146087086,8467.454705475413,0.9393667096295155,9.259586446264354,False,18.882866791538504,209.69402155669587,4703160.0,1.4238299356177548,11543513.207465636
2023-04-05,9171.78125,9239.72037037037,9081.19575617284,9239.72037037037,4243900,8895.496142578126,215.2939938697519,9326.08413031763,8464.908154838622,0.8208230550883606,9.68103365653777,False,19.56132771152305,206.03908765637195,4677495.0,0.9073018784627241,11543513.207465636
2023-04-06,9126.4892578125,9171.782008471619,9035.903756494263,9171.782008471619,2480300,8900.025439453126,219.31855289727014,9338.662545247666,8461.388333658586,0.7581448484039689,9.856985438493139,False,19.831630521111048,201.0275993935851,4272015.0,0.5805925306910205,11543513.207465636
2023-04-10,9126.4892578125,9126.4892578125,9058.550131823822,9103.84288248294,2263100,8912.480908203124,224.96575072766885,9362.412409658462,8462.549406747787,0.737823256336964,10.096661212283031,False,20.082625987157048,191.52127986466314,4152835.0,0.5449530260653265,11543513.207465636
2023-04-11,9239.720703125,9239.720703125,9103.84245749081,9149.13520603554,1579100,8930.59794921875,236.29502621918962,9403.18800165713,8458.007896780371,0.8270516934405379,10.58361500821391,False,20.87481516189164,187.5467774196294,4159285.0,0.3796565996319079,11543513.207465636
2023-04-12,9103.841796875,9217.07366002021,9081.195424245958,9217.07366002021,3379700,8944.185693359375,238.13838522006665,9420.46246379951,8467.908922919241,0.6676085350205976,10.649975006528463,False,21.408771004440712,185.47381323815887,4156435.0,0.8131247090355076,11543513.207465636
2023-04-13,9285.013671875,9398.245545922256,9126.489048208841,9126.489048208841,3551000,8971.361328125,244.71253100718852,9460.786390139378,8481.936266110622,0.820429385511102,10.910831569787337,False,22.70508221908088,193.25452293880872,4241050.0,0.8372926515839237,11543513.207465636
2023-04-14,9285.013671875,9375.599171112804,9239.720922256098,9330.306421493902,4102000,8998.536962890625,247.99956948478095,9494.536101860187,8502.537823921062,0.7887875063447997,11.02399514532263,False,23.90879977553246,189.15621764723002,4314790.0,0.9506835790386091,11543513.207465636
2023-04-17,9262.3671875,9262.3671875,9081.196191167483,9171.78168933374,4558000,9039.300439453125,217.74681107194627,9474.794061597018,8603.806817309232,0.7561079390195643,9.63556029719132,False,23.66104088703114,190.20345072296485,4298570.0,1.0603526288975171,11543513.207465636
2023-04-18,9239.720703125,9352.952574486826,9194.42795458027,9262.367077397366,4165200,9075.534619140624,183.5207901862662,9442.576199513156,8708.493038768092,0.7236614225256628,8.088594133031638,False,23.872783367686335,187.94067709322144,4251210.0,0.9797681130783942,11543513.207465636
2023-04-26,9239.720703125,9375.598948759192,9058.549708946079,9149.13520603554,11287900,9104.974853515625,157.1521709585508,9419.279195432726,8790.670511598524,0.7143556923004818,6.9040133986914025,True,23.060253224358714,197.16271728749945,4389215.0,2.571735492565299,11543513.207465636
2023-04-27,9285.013671875,9330.306421493902,9149.135423018293,9149.135423018293,4748200,9133.2828125,133.08832123811297,9399.459454976226,8867.106170023773,0.7850191097976454,5.828717843094303,True,22.30576094841164,196.0204516580787,4519060.0,1.0507052351595243,11543513.207465636
2023-04-28,9579.4169921875,9579.4169921875,9239.721354166666,9285.014105902777,9935000,9172.91396484375,142.18337496796264,9457.280714779676,8888.547214907825,1.2147513333315947,6.200139912481326,True,22.803598818709563,206.28296496970407,4862130.0,2.043343143848478,11543513.207465636
2023-05-02,9420.8916015625,9556.769845815805,9352.952479435848,9556.769845815805,5413700,9192.16337890625,148.575042706778,9489.313464319806,8895.013293492695,0.8848698585058777,6.465291643867903,True,23.265876841129064,207.7245040969861,4770575.0,1.1348107932481935,11543513.207465636
2023-05-03,9737.94140625,9828.526907703488,9579.416778706394,9624.70952943314,19269600,9227.265283203125,187.53664884009666,9602.338580883319,8852.191985522932,1.1807684340705888,8.129674094511172,False,24.681398648098487,222.00384710012912,5591445.0,3.446264784863305,11543513.207465636
2023-05-04,9783.2333984375,9828.52614565249,9624.70878318504,9692.647904007523,8644600,9258.970166015624,223.73883113555593,9706.447828286737,8811.492503744512,1.0857982158942288,9.66581929194559,False,25.995811754570095,220.70481248350913,5761800.0,1.5003297580617168,11543513.207465636
2023-05-05,9851.173828125,9851.173828125,9692.649191810344,9783.234698275863,15775700,9299.73369140625,253.27697407327722,9806.287639552806,8793.179743259696,1.0443054374923242,10.893945245220388,False,27.291631691040465,216.26337132859106,6299900.0,2.5041191130017935,11543513.207465636
2023-05-08,9987.0517578125,10009.698133680555,9828.527126736111,9851.173502604166,16280400,9351.82041015625,282.03862795602384,9915.897666068297,8787.743154244203,1.0630712291609379,12.063474942257201,False,28.983704218739447,213.7567738725805,6849790.0,2.376773594518956,11543513.207465636
2023-05-09,9964.4052734375,10077.637151544744,9896.466146573153,9987.051649058949,12832600,9398.2455078125,302.94352250657704,10004.132552825655,8792.358462799346,0.9672156058500209,12.893620293479188,False,30.74228822374424,211.42921895108128,7257785.0,1.7681152031921585,11543513.207465636
2023-05-10,9873.818359375,10009.696593678325,9828.525614607224,9896.464731758888,4090800,9440.141259765625,308.09203806072776,10056.32533588708,8823.95718364417,0.8519054746912131,13.0545520276834,False,31.77739390834,209.26791610251126,7264865.0,0.5630937395257861,11543513.207465636
2023-05-11,9941.7587890625,9941.7587890625,9760.58778607275,9873.819662941345,4074000,9475.2431640625,323.6552947748654,10122.55375361223,8827.93257451277,0.8603491372854789,13.663197415446518,False,32.163559275878676,207.260993737314,7133740.0,0.5710889379203615,11543513.207465636
2023-05-12,9851.173828125,9941.759334590517,9828.52745150862,9873.82020474138,3636400,9509.21279296875,325.775048640344,10160.762890249438,8857.662695688063,0.7624211373641564,13.70355488863291,False,32.52214355350825,200.5446286904985,7103365.0,0.5119263898166573,11543513.207465636
2023-05-15,9964.4052734375,10077.637151544744,9873.819770951704,9873.819770951704,11802100,9551.10859375,327.83789250389685,10206.784378757793,8895.432808742205,0.8151684789477074,13.729836250356344,False,33.366270466484615,202.3959640283018,7569455.0,1.5591743395000037,11543513.207465636
2023-05-16,9964.4052734375,9987.051649058949,9919.112522194602,9964.4052734375,6701500,9593.00439453125,324.23865430730535,10241.48170314586,8944.52708591664,0.7863638202697492,13.519795925128367,False,34.150102599962665,192.7919042308764,7791375.0,0.8601177584187644,11543513.207465636
2023-05-17,9964.4052734375,10032.344400301847,9896.466146573153,10032.344400301847,9627800,9629.238623046875,323.17131304338454,10275.581249133644,8982.895996960106,0.7592793952178782,13.42458425611752,False,35.04565593692796,188.7266434807205,8193810.0,1.175008939675194,11543513.207465636
2023-05-19,9919.111328125,10009.69681970605,9896.464955229738,10009.69681970605,13878600,9670.002099609375,304.27700275261253,10278.5561051146,9061.448094104151,0.7046730662045458,12.586429645755858,False,35.87722865853004,183.33415926611997,8718755.0,1.5918098398223142,11543513.207465636
2023-05-22,9964.4052734375,10032.344400301847,9919.112522194602,9919.112522194602,18449000,9703.9716796875,296.86820445719917,10297.708088601898,9110.235270773102,0.7193175202327438,12.236977363757472,False,36.74033319814224,178.3269387597433,9463655.0,1.9494582167249335,11543513.207465636
2023-05-23,10122.9296875,10281.454313478747,9941.758686381432,9964.405061521253,16962200,9745.86748046875,293.73983503784757,10333.347150544447,9158.387810393055,0.8209151109711297,12.05597492994928,False,38.36135999364456,189.85327364099845,10106665.0,1.678318218720023,11543513.207465636
2023-05-24,10145.5751953125,10190.867941720146,10100.282448904854,10122.928822108677,10976800,9790.027880859376,283.4347254126136,10356.897331684602,9223.15843003415,0.8136059933513196,11.580548242023317,False,39.866599160896726,182.76271786773367,10427605.0,1.052667415000856,11543513.207465636
2023-05-25,10145.5751953125,10213.514314923968,10122.928822108677,10145.5751953125,16498000,9835.32060546875,262.46973887958444,10360.26008322792,9310.381127709581,0.7955146288179216,10.674577857020475,False,41.33014871777303,176.1786303639878,11044245.0,1.4938096719151015,11543513.207465636
2023-05-26,10145.5751953125,10190.867941720146,10122.928822108677,10145.5751953125,9079400,9880.613330078126,230.49226057554543,10341.597851229217,9419.628808927035,0.7873869436795374,9.331091213695862,False,42.689159020586736,168.44723673880782,10933820.0,0.8303959640820866,11543513.207465636
2023-05-29,10122.9296875,10190.868812919463,10100.28331236018,10145.57606263982,7607500,9922.509130859375,188.94165951143876,10300.392449882253,9544.625811836497,0.7651884147186866,7.6166887636847145,True,43.65706345054716,162.88568415455612,11076785.0,0.6867967555567793,11543513.207465636
2023-05-30,10145.5751953125,10258.807061331612,10122.928822108677,10145.5751953125,11956500,9950.817041015625,176.85848657876494,10304.534014173156,9597.100067858095,0.7753022459712976,7.109305129409322,True,44.795220383519606,160.9565809451546,11177860.0,1.0696591297439761,11543513.207465636
2023-05-31,10598.50390625,10598.50390625,10190.869140625,10236.161892361111,55219100,10009.69765625,186.8912332479302,10383.480122745861,9635.91518975414,1.2876322497413346,7.468406725801014,True,46.69484253559943,181.811733087465,13668130.0,4.039989376747221,11543513.207465636
2023-06-05,10462.6259765625,10485.272353135146,10258.808587408685,10485.272353135146,19610600,10045.931884765625,201.1378874826043,10448.207659730833,9643.656109800417,1.0179209359958523,8.00872989344569,True,48.45877739110212,193.08913206988288,13685180.0,1.4329807865150477,11543513.207465636
2023-06-06,10236.1611328125,10462.624874688883,10190.868384437223,10326.746629563053,16325200,10068.578271484375,195.42020060741945,10459.418672699214,9677.737870269537,0.7143878432311903,7.763566824955878,True,49.32018473695715,198.70830778812532,14069210.0,1.1603494439275552,11543513.207465636
2023-06-07,10236.1611328125,10394.685752125968,10190.868384437223,10190.868384437223,14861700,10087.82763671875,191.80590566115845,10471.439448041066,9704.215825396434,0.6933380199927133,7.605439449143746,True,50.120062986679685,199.0732406381696,14023510.0,1.0597703428029075,11543513.207465636
2023-06-08,10236.1611328125,10439.978500501244,10190.868384437223,10258.807507000138,10950100,10100.28310546875,193.0018922380487,10486.286889944848,9714.279320992653,0.6760060818162311,7.643425049483957,True,50.99464674010645,202.64730316858757,13756995.0,0.79596597948898,11543513.207465636
2023-06-09,10304.1005859375,10326.746960851648,10122.929586624314,10236.161461195055,14068100,10117.26787109375,195.34773483286372,10507.963340759477,9726.572401428024,0.7391027403051289,7.72333943597541,True,50.99243380352963,202.73087967278374,13818770.0,1.0180428504128805,11543513.207465636
2023-06-12,10236.1611328125,10326.746629563053,10168.222010249585,10281.453881187776,5427500,10135.385009765625,188.2547743485165,10511.894558462658,9758.875461068592,0.6338294385834644,7.42960525592781,True,50.990378933851154,199.57328964711834,13885605.0,0.39087241787448224,11543513.207465636
2023-06-13,10190.869140625,10258.808268229166,10168.222764756943,10236.161892361111,5166300,10147.84052734375,182.93540969796464,10513.71134673968,9781.96970794782,0.5588030132497216,7.210811372332408,True,50.98847084057829,191.78844777748296,13940220.0,0.37060390725540915,11543513.207465636
2023-06-14,10236.1611328125,10236.1611328125,10168.222010249585,10236.1611328125,4387300,10167.089892578126,169.86380860349132,10506.817509785109,9827.362275371142,0.6016567931718836,6.682888039673596,True,50.986688537492896,182.94206740501383,13977765.0,0.31387707548381305,11543513.207465636
2023-06-15,10258.8076171875,10281.453991618377,10190.868493894868,10258.8076171875,8669700,10181.810009765624,164.03112752790884,10509.872264821443,9853.747754709806,0.6173521278892248,6.444085182127061,True,51.19250551414026,176.34516957062058,13821145.0,0.6272779860134599,11543513.207465636
2023-06-16,10145.5751953125,10326.74618094308,10145.5751953125,10236.160688127791,14121200,10190.868505859375,156.20920866015632,10503.286923179687,9878.450088539063,0.42751177901839743,6.131340368893642,True,50.724566475126004,176.6898707177606,14192130.0,0.9950021596476357,11543513.207465636
2023-06-19,10190.869140625,10213.515516493055,10145.576388888889,10145.576388888889,4302900,10202.19169921875,146.85745518749323,10495.906609593738,9908.476788843764,0.48072525739450006,5.757878680077709,True,50.29005165318419,168.92204575081735,13925885.0,0.3089857484820534,11543513.207465636
2023-06-20,10145.5751953125,10190.867941720146,9941.757836478097,10190.867941720146,8294300,10213.514892578125,131.84555729650828,10477.206007171142,9949.823777985108,0.37117560375425684,5.163572332667456,True,47.42396671354843,174.64984992196634,13646670.0,0.6077892995140939,11543513.207465636
2023-06-21,10258.8076171875,10304.100366049255,10122.929370602234,10145.575745033113,9926300,10228.235009765625,118.30913123801903,10464.853272241664,9991.616747289587,0.5646032286391475,4.626766245596083,True,45.56347490895462,175.1156460308988,13220535.0,0.7508243804051803,11543513.207465636
2023-06-22,10122.9296875,10236.161563199104,10077.636937220357,10236.161563199104,6988400,10228.235009765625,118.30913123801903,10464.853272241664,9991.616747289587,0.27747845588146597,4.626766245596083,True,43.3935411909609,175.54814845491623,12721845.0,0.5493228380003058,11543513.207465636
2023-06-23,10122.9296875,10190.868812919463,10032.344186940716,10100.28331236018,5224200,10227.102734375,119.24651273118796,10465.595759837375,9988.609708912623,0.28160148148350495,4.6639411308690795,True,40.95008843752907,174.3321825637613,12434215.0,0.42014715042324746,11543513.207465636
2023-06-26,10258.8076171875,10304.100366049255,10122.929370602234,10213.514868325745,7496000,10232.76435546875,117.85188430997572,10468.4681240887,9997.060586848798,0.5552457473871428,4.6068444543821165,True,39.478908161396944,174.82066919827986,11984115.0,0.6254946652297646,11543513.207465636
2023-06-27,10258.8076171875,10372.039489341887,10190.868493894868,10281.453991618377,11473200,10238.4259765625,116.1504217172593,10470.726819997019,10006.12513312798,0.5438690629006387,4.537823371801397,True,38.531605942153,175.27426393033264,12103805.0,0.9479002677257276,11543513.207465636
2023-07-03,10485.271484375,10507.917859071275,10281.454112108531,10507.917859071275,7246700,10256.54306640625,125.1012688497928,10506.745604105836,10006.340528706663,0.9570865269228016,4.878886308566999,False,38.373226568425835,180.5482623555785,12085765.0,0.5996062309667614,11543513.207465636
2023-07-04,10394.685546875,10507.917415577342,10372.039173134532,10507.917415577342,3933600,10268.998583984376,125.87021302682467,10520.739010038025,10017.258157930726,0.7496360335543377,4.902920649853166,False,38.22616000710775,177.3575466475236,11684620.0,0.33664766162699344,11543513.207465636
2023-07-05,10372.0400390625,10462.625541587064,10281.454536537936,10417.332790324783,8144000,10257.675390625,102.7266146847272,10463.128619994453,10052.222161255546,0.7783228299416154,4.005843849518336,True,37.1579189512665,177.62993653335246,9330865.0,0.8728022535959956,11543513.207465636
2023-07-06,10326.7470703125,10372.039820620888,10281.454320004112,10372.039820620888,3790500,10250.8814453125,92.43643344358638,10435.754312199673,10066.008578425326,0.7051832328816011,3.6069652716881597,True,36.16597865907819,171.41249242799788,8539860.0,0.44385973540549845,11543513.207465636
2023-07-07,10384.7724609375,10499.902976025498,10338.7202549023,10407.798563955099,3881200,10258.31201171875,97.04888633822114,10452.409784395193,10064.214239042307,0.8257648129470215,3.78420489559515,True,35.98713482038485,171.53702194835503,7917660.0,0.49019533549053634,11543513.207465636
2023-07-10,10430.8251953125,10545.955716232065,10361.746882760763,10430.8251953125,3372200,10268.04521484375,104.20795824397452,10476.4611313317,10059.629298355801,0.8905171524607653,4.059505234485291,True,36.05755240977214,172.44215134285128,7343185.0,0.45922852277315634,11543513.207465636
2023-07-11,10615.033203125,10684.111510303688,10476.876588767624,10545.954895946312,7366100,10286.988818359376,129.47943134916258,10545.947681057702,10028.02995566105,1.1333909203713555,5.03468735644307,False,36.748039342801036,178.21673446058963,7163985.0,1.0282126498031472,11543513.207465636
2023-07-12,10730.1640625,10937.398990745709,10638.059649946352,10776.216268776825,11957300,10308.2919921875,163.12225312613597,10634.536498439771,9982.047485935229,1.1465581216351337,6.329749031159128,False,38.22334331364076,188.51309540059816,7058445.0,1.694041676318226,11543513.207465636
2023-07-13,10776.216796875,10983.451735276443,10730.164588341348,10730.164588341348,9467200,10335.294775390625,192.5912327604193,10720.477240911463,9950.112309869786,1.0723547421715662,7.453729649549939,False,39.716273704016125,193.13985092744423,7260430.0,1.3039448076766804,11543513.207465636
2023-07-14,10845.294921875,10868.3210257431,10730.164402534501,10868.3210257431,4077400,10368.016064453124,220.35426095098114,10808.724586355087,9927.307542551162,1.041490388434159,8.501308623796168,False,41.102564212884374,189.21247751895527,7205985.0,0.565835205041365,11543513.207465636
2023-07-17,10730.1640625,10937.398990745709,10730.1640625,10868.320681330473,8656700,10392.7162109375,232.16685366010788,10857.049918257717,9928.382503617284,0.8633678174151881,8.935752653989388,False,42.581674048206025,190.49979542800912,7419455.0,1.1667568574780762,11543513.207465636
2023-07-18,10822.2685546875,10868.320761303192,10592.007521609043,10753.190244763962,8160500,10420.8892578125,248.6634593145045,10918.216176441509,9923.56233918349,0.9035366695829482,9.544807670922422,False,42.522242345709664,196.62932716130484,7393995.0,1.103665880217663,11543513.207465636
2023-07-20,10568.982421875,10822.269582312092,10453.851894403595,10822.269582312092,17637200,10442.059619140626,241.92287507683645,10925.905369294298,9958.213868986953,0.6311603984266296,9.267247416721654,False,41.27448145857343,208.89992435753285,7569795.0,2.3299442058866853,11543513.207465636
2023-07-21,10592.0078125,10684.112228260869,10522.929500679347,10592.0078125,5102000,10462.116552734375,236.5707933117182,10935.258139357811,9988.974966110938,0.6372646829594828,9.044854054885795,False,40.115846349089786,205.4915531592463,7609750.0,0.6704556654292191,11543513.207465636
2023-07-24,10615.033203125,10707.137612696582,10568.980998339208,10592.007100732104,4574500,10485.589453125,226.5896586421601,10938.76877040932,10032.410135840679,0.6428173628660865,8.643850101326649,False,39.15913499822619,200.68191467339835,7423760.0,0.6161971830985915,11543513.207465636
2023-07-25,10338.7216796875,10638.06106016843,10315.69557349666,10568.982741595906,9932300,10489.58515625,223.05715854224792,10935.699473334495,10043.470839165504,0.33091388150413775,8.505852432470839,False,36.38194196430725,209.37359838756774,7424060.0,1.3378528729563068,11543513.207465636
2023-07-26,10292.66796875,10338.720174426733,10200.563557396532,10338.720174426733,5003000,10498.0720703125,211.29114551956624,10920.654361351633,10075.489779273368,0.2569655592317762,8.050664697457224,False,34.42720312067964,204.28677866638205,7324790.0,0.6830229945158838,11543513.207465636
2023-07-27,10292.66796875,10407.798482941835,10269.641865911633,10292.66796875,4539400,10506.558984375,198.4483889784658,10903.455762331932,10109.662206418068,0.23054578985747015,7.555219145434458,False,32.1721132799259,199.56319569236913,7290550.0,0.6226416388338328,11543513.207465636
2023-07-28,10315.6943359375,10315.6943359375,10085.43330165318,10292.668232509068,7477300,10509.4033203125,195.08975907409922,10899.582838460698,10119.223802164302,0.25176940950879734,7.425341025671008,False,31.0468341874569,201.75589844893707,7289615.0,1.0257469015853375,11543513.207465636
2023-07-31,10315.6943359375,10384.772646222795,10223.589922223771,10315.6943359375,4635800,10512.24765625,191.62785028341122,10895.503356816822,10128.991955683177,0.24357417251484598,7.291603339252756,False,29.558114353726786,198.85781455965753,6947745.0,0.6672380750876723,11543513.207465636
2023-08-01,10200.564453125,10315.694977426638,9993.329509382054,10315.694977426638,7197300,10498.0123046875,203.9180985823843,10905.848501852268,10090.176107522731,0.1353341689257551,7.769779370189232,False,29.207001604869276,207.6797898085808,6945275.0,1.0362872600436988,11543513.207465636
2023-08-02,10292.66796875,10338.720174426733,10085.433043204699,10200.563557396532,6184000,10492.91142578125,207.8763202342967,10908.664066249845,10077.158785312657,0.2591795727315686,7.924447726625868,False,28.72943829977948,210.9374570523989,7057795.0,0.876194335482966,11543513.207465636
2023-08-03,10315.6943359375,10407.798749651227,10223.589922223771,10223.589922223771,5683300,10490.094140625,209.97192652718633,10910.037993679372,10070.150287570628,0.29235342603655157,8.00648397287599,False,27.829824055744655,209.02826922204582,6934760.0,0.8195380950458271,11543513.207465636
2023-08-04,10361.74609375,10407.798298611111,10246.615581597223,10315.693888888889,6014000,10491.844091796875,208.68078087634962,10909.205653549574,10074.482530044175,0.3441423336872095,7.955923822372019,False,26.99446797199803,205.61072977860596,7045935.0,0.8535417939563734,11543513.207465636
2023-08-07,10246.6162109375,10407.798937851123,10177.537899403089,10407.798937851123,5146000,10484.936279296875,214.61393977648154,10914.164158849839,10055.708399743911,0.22238514817865182,8.187515271799972,False,26.560258894610914,207.37146611213655,7109175.0,0.723853330379404,11543513.207465636
2023-08-08,10269.642578125,10361.746995866031,10223.590369254483,10246.61647368974,3765300,10476.8771484375,219.71849170334008,10916.31413184418,10037.44016503082,0.26420445008299115,8.388701655668777,False,26.157064751322878,202.42754900495163,7128830.0,0.528179238388347,11543513.207465636
2023-08-09,10223.58984375,10338.720360008447,10154.511533994933,10338.720360008447,2993400,10457.30498046875,224.15385510620635,10905.612690681164,10008.997270256337,0.23933625120119642,8.574058250184418,False,26.132975392805367,201.1262116484203,6910195.0,0.43318603888891705,11543513.207465636
2023-08-10,10545.9560546875,10545.9560546875,10246.61669068982,10315.695005458516,7467000,10448.094580078125,215.98786140680147,10880.070302891727,10016.118857264522,0.6132719611787103,8.268985689261864,False,24.610572742790445,209.7862115976403,6685680.0,1.116864701870266,11543513.207465636
2023-08-11,10568.982421875,10615.034632863562,10407.799683415033,10545.95631638072,5047600,10437.732861328124,204.05968503255286,10845.85223139323,10029.613491263019,0.6607980044244629,7.820076936001895,False,22.931675052217606,209.60397858698954,6464700.0,0.7807941590483704,11543513.207465636
2023-08-14,10499.9033203125,10592.00773540296,10407.798905222038,10592.00773540296,4849400,10420.46328125,181.0728714761444,10782.60902420229,10058.317538297712,0.6096796533004746,6.950664921086832,False,21.372693672473705,207.79003941512758,6503300.0,0.7456829609582827,11543513.207465636
2023-08-15,10568.982421875,10592.008527369282,10453.851894403595,10499.904105392157,4388600,10412.40419921875,169.79937016638232,10752.002939551516,10072.805458885985,0.7305341629106487,6.52296499127926,False,19.92507341497989,202.81622466873898,6289895.0,0.6977222990208899,11543513.207465636
2023-08-16,10753.1904296875,10776.216533391329,10545.955496353052,10638.059911168362,5716100,10408.95029296875,161.52441101069877,10731.999114990147,10085.901470947352,1.0327989351032973,6.207135454179602,False,19.700075649433742,204.7765684094203,6167675.0,0.9267835934934964,11543513.207465636
2023-08-18,10776.216796875,10776.216796875,10592.007962740385,10730.164588341348,6270900,10419.31201171875,178.12468577920805,10775.561383277167,10063.062640160333,1.0009198803565127,6.838251338624625,False,19.49115060372687,203.3074445326485,5599360.0,1.1199315636072693,11543513.207465636
2023-08-21,10753.1904296875,10845.29484450281,10684.112118576018,10799.242637095156,4556600,10427.371142578126,189.62450937639966,10806.620161330926,10048.122123825326,0.9295585103698685,7.274106072703428,False,19.680378575883033,200.29853606080164,5572090.0,0.8177541999501085,11543513.207465636
2023-08-22,10615.033203125,10776.21591987527,10568.980998339208,10776.21591987527,2811800,10427.371142578126,189.62450937639966,10806.620161330926,10048.122123825326,0.7474127173275498,7.274106072703428,False,18.95129311643123,200.79399216617745,5483955.0,0.5127321431339243,11543513.207465636
2023-08-23,10592.0078125,10615.033916440218,10499.90339673913,10615.033916440218,5173500,10440.03544921875,191.83743791458178,10823.710325047914,10056.360573389587,0.6980483644554786,7.350068449391606,False,17.783196495081924,194.67517270438535,5246015.0,0.9861771268286499,11543513.207465636
2023-08-24,10453.8515625,10592.008191079296,10453.8515625,10592.008191079296,2938500,10448.09462890625,188.68034124423542,10825.45531139472,10070.73394641778,0.507627892704383,7.223531100961587,False,16.643579078401803,190.63813383830754,5142790.0,0.5713824597154463,11543513.207465636
2023-08-25,10522.9287109375,10522.9287109375,10338.719893240563,10453.850404301149,2972100,10459.607666015625,185.69880040216918,10831.005266819964,10088.210065211286,0.5852469762657864,7.101558923879131,False,16.31513071900862,190.17889697106682,5064425.0,0.5868583304126332,11543513.207465636
2023-08-28,10407.798828125,10522.929346135232,10338.720517318861,10522.929346135232,2836900,10464.212890625,183.0653884014123,10830.343667427824,10098.082113822176,0.42295913636020105,6.997770030669849,False,16.010138008008255,189.75246353144564,4832405.0,0.5870575831288976,11543513.207465636
2023-08-29,10476.876953125,10522.929159512363,10384.772540350275,10430.824746737637,3082600,10472.272021484376,179.69995720484155,10831.671935894059,10112.872107074692,0.5064064172750123,6.863838404356895,False,15.726930490650773,186.06704607649152,4754745.0,0.6483207827128479,11543513.207465636
2023-08-30,10361.74609375,10476.876605902778,10361.74609375,10476.876605902778,3638000,10480.331103515626,170.23844264088356,10820.807988797393,10139.854218233859,0.32585453683957305,6.497445203187407,False,15.623135913693865,181.00017559781355,4576780.0,0.7948819912689707,11543513.207465636
2023-08-31,10315.6943359375,10361.746542794363,10246.616025652203,10338.720439365932,10231100,10481.482421875,168.9756634785481,10819.433748832096,10143.531094917904,0.2547160305150285,6.448540642529476,False,16.261872179745026,176.29519999383825,4779135.0,2.1407848909896874,11543513.207465636
2023-09-01,10315.6943359375,10384.772646222795,10177.537715366909,10315.6943359375,4602100,10481.482421875,168.9756634785481,10819.433748832096,10143.531094917904,0.2547160305150285,6.448540642529476,False,17.242870606653067,178.50518076969882,4725075.0,0.9739739580853214,11543513.207465636
2023-09-04,10315.6943359375,10499.903163364956,10292.668232509068,10315.6943359375,4055000,10479.179833984375,170.9948575801676,10821.16954914471,10137.19011882404,0.2609789259740915,6.52703208797408,False,17.091314078799304,180.55730577585518,4627125.0,0.8763541075721966,11543513.207465636
2023-09-05,10292.66796875,10384.772380103468,10246.615763073267,10315.694071588367,2295000,10481.482421875,167.98188873976733,10817.446199354534,10145.518644395466,0.21899581773141866,6.410615673568705,False,17.235385518657786,177.52868515116563,4484575.0,0.5117541796045333,11543513.207465636
2023-09-06,10177.5380859375,10361.746920072115,10085.433668870193,10269.642503004809,4817600,10476.877197265625,175.2024786566757,10827.282154578976,10126.472239952274,0.07286690002441931,6.689110709530954,False,18.2383222315342,184.5847255833625,4537190.0,1.0618025694317408,11543513.207465636
2023-09-07,10315.6943359375,10315.6943359375,10200.56381879534,10200.56381879534,4889200,10481.482421875,169.30563013026813,10820.093682135535,10142.871161614465,0.25519407445290093,6.461133008320444,False,19.169620607776586,181.26840589883665,4631980.0,1.0555313278554743,11543513.207465636
2023-09-08,10246.6162109375,10453.85114554073,10154.511795558286,10315.69452247191,5514100,10466.5154296875,176.38901417211554,10819.293458031732,10113.737401343269,0.18833203731238504,6.741078837826059,False,18.8146133801964,189.7020447619514,4534335.0,1.2160768888932998,11543513.207465636
2023-09-11,10292.66796875,10338.720174426733,10177.537454558165,10246.615763073267,3452600,10452.69970703125,178.74630263791323,10810.192312307077,10095.207101755423,0.2761747572963422,6.840196605578399,False,18.48496381172908,187.66495012670975,4454585.0,0.7750665886945698,11543513.207465636
2023-09-12,10315.6943359375,10315.6943359375,10223.589922223771,10292.668232509068,3767200,10443.4892578125,180.91873961493295,10805.326737042365,10081.651778582635,0.32340839574303004,6.929436518722598,False,18.178860641009425,180.83919752578254,4400475.0,0.8560893994398332,11543513.207465636
2023-09-13,10315.6943359375,10315.6943359375,10223.589922223771,10315.6943359375,3169500,10430.824853515625,180.53655142963143,10791.897956374889,10069.751750656362,0.34057173372035954,6.923193667422511,False,17.894621982484033,174.50099868206442,4339520.0,0.7303803185605782,11543513.207465636
2023-09-14,10131.4853515625,10338.720279208095,10131.4853515625,10315.694176136363,4753700,10399.739599609375,175.5643822768135,10750.868364163001,10048.610835055748,0.11801157420427594,6.752645317519596,False,18.270889049772748,176.83913646517377,4291400.0,1.107727082071119,11543513.207465636
2023-09-15,10108.4599609375,10177.538275021356,9855.172809296697,10131.486065632118,8271100,10366.3517578125,163.26407127351797,10692.879900359536,10039.823615265463,0.10510019923037757,6.299769681285452,False,20.00517134729711,187.2338742694227,4391410.0,1.883472506552565,11543513.207465636
2023-09-18,9993.3291015625,10108.459621165755,9855.172478038596,9993.3291015625,4752900,10328.35869140625,156.7902159484449,10641.93912330314,10014.778259509361,-0.0342004088346848,6.0722219525122645,False,21.61557767468441,191.95198917152854,4401225.0,1.0799038903941516,11543513.207465636
2023-09-19,9970.3037109375,10016.35592207347,9855.173183097575,9855.173183097575,3828900,10296.122216796875,160.97033920807317,10618.062895213021,9974.18153838073,-0.006022580716279074,6.2536296993627065,False,23.1109549786869,189.7541855861261,4452080.0,0.8600249770893604,11543513.207465636
2023-09-20,9993.3291015625,10177.537932927708,9947.276893721199,9970.30299764185,4337500,10266.18828125,158.70066609031838,10583.589613430637,9948.786949069365,0.07016692744658352,6.183430957726202,False,22.918313482595973,192.6475322732963,4410280.0,0.9834976464079378,11543513.207465636
2023-09-21,10315.6943359375,10315.6943359375,9901.224474225724,9970.302784511021,5964300,10259.280419921875,153.00689669549465,10565.294213312865,9953.266626530885,0.5921754463916358,5.96559955212376,False,21.661088993079307,208.4919843760448,4561570.0,1.3075103527952,11543513.207465636
2023-09-22,10453.8515625,10545.955981552865,10315.694933920706,10315.694933920706,8580400,10255.8265625,147.41992007049123,10550.666402640984,9960.986722359017,0.835817913727857,5.749704099307854,False,21.11594067366003,210.04696017885337,4841985.0,1.7720831435867728,11543513.207465636
2023-09-25,10361.74609375,10545.954913194444,10315.693888888889,10522.92881076389,2726800,10253.52392578125,145.26515840860438,10544.054242598459,9962.993608964041,0.6862493545498722,5.666935951389456,False,20.609724207249176,211.49082190218923,4836480.0,0.5637984649993384,11543513.207465636
2023-09-26,10292.66796875,10384.772380103468,10154.511351719799,10384.772380103468,3475600,10244.3134765625,135.89593396228432,10516.105344487069,9972.521608637931,0.5889550017753291,5.306199747721287,False,19.19254752710076,212.83155093658067,4856130.0,0.7157139532920247,11543513.207465636
2023-09-27,10131.4853515625,10338.720279208095,10108.459248490766,10338.720279208095,2605000,10232.800439453125,135.17535555208306,10503.15115055729,9962.44972834896,0.3126228566648953,5.28400241368557,False,18.14875674815862,214.0765137780627,4804480.0,0.5422022778739842,11543513.207465636
2023-09-29,10200.564453125,10292.66887256631,10039.38171910271,10292.66887256631,3978700,10227.0439453125,133.90494949155206,10494.853844295603,9959.234046329397,0.45056289500865193,5.237288514944774,False,17.577588302947074,216.87727375560107,4491860.0,0.8857577929855338,11543513.207465636
2023-10-02,10223.58984375,10315.694256756757,10177.537637246622,10223.58984375,3048800,10222.438720703125,132.26947208235342,10486.977664867833,9957.899776538417,0.5021757156597675,5.175652334876739,False,16.88565122890178,211.25436988092494,4414195.0,0.6906808602701059,11543513.207465636
2023-10-03,10085.43359375,10292.668530607878,10085.43359375,10246.616322417238,4392200,10210.92568359375,133.73812711158908,10478.401937816929,9943.449429370572,0.2654145221073689,5.239020682580066,False,16.7778331427336,210.9672675221359,4431055.0,0.9912312079177532,11543513.207465636
2023-10-04,10315.6943359375,10315.6943359375,9993.328887939453,10085.43330165318,9283000,10212.077001953125,134.57535648242506,10481.227714917975,9942.926288988274,0.6924894287720261,5.271223726835863,False,17.164172570169047,218.9242804132724,4780455.0,1.9418653663720293,11543513.207465636
2023-10-05,10707.138671875,10753.190881216398,10361.747101814515,10384.773206485215,12755300,10238.55703125,173.8071051406558,10586.171241531312,9890.942820968688,1.1739966703976128,6.790296898680703,False,16.898574567375494,234.5365850465314,5177340.0,2.463678259492326,11543513.207465636
2023-10-06,10592.0078125,10776.216644021739,10545.955604619565,10707.138332201086,4721300,10252.372705078125,190.44672141758247,10633.266147913291,9871.47926224296,0.9458400555465246,7.43034717507889,False,16.752475564904675,234.23118892907732,5168945.0,0.9133972212898377,11543513.207465636
2023-10-09,10223.58984375,10499.90308277027,10200.563740498312,10499.90308277027,4360800,10251.22138671875,190.5529247490007,10632.32723621675,9870.115537220749,0.46374820406831063,7.43532570649099,False,16.20153715456055,245.46068057712097,5111280.0,0.8531718082359018,11543513.207465636
2023-10-10,9993.3291015625,10223.590140769009,9993.3291015625,10223.590140769009,5032600,10236.254443359376,198.7074481675773,10633.66933969453,9838.839547024221,0.19436809737498123,7.764849897668805,False,16.459802752278247,244.37499190779153,5190280.0,0.9696201361005572,11543513.207465636
2023-10-11,9855.1728515625,10108.460004289574,9855.1728515625,9993.329480322722,6408300,10213.228369140625,215.02959776482962,10643.287564670283,9783.169173610966,0.08371368255811229,8.42161126699344,False,17.148644676060734,245.0115748234546,5322335.0,1.2040392045972304,11543513.207465636
2023-10-12,10108.4599609375,10269.64269379983,9924.251123380553,9947.27722807517,6821900,10202.866650390624,214.82510280150788,10632.51685599364,9773.21644478761,0.3901354075687869,8.422146840203295,False,16.98058879896233,257.1157367815885,5504955.0,1.239229021853948,11543513.207465636
2023-10-13,10016.3544921875,10223.589412715517,10016.3544921875,10108.458901311064,2727400,10197.110107421875,218.35213118602002,10633.814369793916,9760.405845049834,0.29304573963559793,8.565255406121182,False,16.824536913085243,253.55282133490485,5403640.0,0.5047338460741279,11543513.207465636
2023-10-16,10039.3818359375,10131.48625645069,9901.225205167719,10131.48625645069,2385800,10193.656201171874,220.36526859573394,10634.386738363342,9752.925663980406,0.3249788110695943,8.647153258725778,False,17.100454075373175,251.8891234740524,5109375.0,0.46694556574923546,11543513.207465636
2023-10-17,10039.3818359375,10108.460151322392,9947.277415424312,10062.407941065798,4515200,10195.958837890625,218.39362949494438,10632.746096880514,9759.171578900736,0.32076285568033336,8.567850575596339,False,17.356662868926254,245.4100957900543,5097490.0,0.885769270758746,11543513.207465636
2023-10-18,9786.09375,10039.380882352942,9786.09375,10039.380882352942,5680900,10186.74833984375,231.87930834600883,10650.506956535768,9722.989723151733,0.06803542249887085,9.105135441073058,False,18.166410596011445,245.97280937201472,5190090.0,1.094566760884686,11543513.207465636
2023-10-19,9601.8857421875,9855.172896058153,9417.676903008844,9786.094581366156,11233800,10167.176171875,263.43721117098767,10694.050594216977,9640.301749533024,-0.03645651194715768,10.36422332878317,False,19.931974857732396,259.65303677753576,5534905.0,2.0296283314709105,11518154.19513566
2023-10-20,9763.0673828125,9924.250099038178,9624.910768904776,9647.93687122273,3439700,10139.54482421875,275.73447956860593,10691.013783355962,9588.075865081539,0.15865944477159724,10.877588071212106,False,21.17714001781837,264.1324167827602,5408675.0,0.635959823801578,11695453.99982316
2023-10-23,9670.9638671875,9878.19880719866,9624.91165829613,9809.120493861607,4213500,10100.400439453126,284.20658642930186,10668.81361231173,9531.987266594522,0.12224963040005858,11.255260150643682,False,22.333364809326778,263.35775479131513,5190330.0,0.8117980937628243,11594140.13263566
2023-10-24,9947.27734375,9970.303448712384,9693.990189163773,9763.068504050925,5166900,10079.677001953125,279.2141420984435,10638.105286150012,9521.248717756238,0.3814533021070577,11.080281324266267,False,22.85388313756993,265.92788527228436,5312335.0,0.972623149707238,11898084.95685441
2023-10-25,9624.9111328125,9924.250474263607,9624.9111328125,9878.198267886513,3907400,10046.28916015625,292.0347933496507,10630.35874685555,9462.219573456949,0.13927412337539716,11.627568695030813,False,23.55615000441715,269.9591942483712,5333925.0,0.7325562320430077,11543482.12482316
2023-10-26,9463.728515625,9763.06786040146,9417.676308736314,9624.911239735402,6579200,10012.901318359374,318.7331538531327,10650.36762606564,9375.43501065311,0.06925346791235838,12.732899035715548,False,24.801310232552588,275.34721977814075,5532635.0,1.1891621261839973,11423608.214000791
2023-10-27,9693.9892578125,9717.015360562647,9371.623819310422,9463.728230311015,5503300,9987.57255859375,323.13286925977184,10633.838297113294,9341.306820074207,0.27286177861309246,12.941397616450208,False,26.078385765404047,280.35038559771823,5608865.0,0.9811789016137846,11423608.214000791
2023-10-30,9693.9892578125,9693.9892578125,9555.832641311608,9693.9892578125,3187000,9961.092529296875,324.47085095735383,10610.034231211583,9312.150827382167,0.29420087297804665,13.029528638672621,False,27.264241617337543,270.1936878050878,5615775.0,0.5675084917041726,11423608.214000791
2023-10-31,9532.806640625,9670.963258605072,9325.571713654892,9670.963258605072,4549800,9933.461181640625,336.62751583744387,10606.716213315513,9260.206149965737,0.20244964971231016,13.555295971140882,False,28.949069874241225,277.20967754455353,5623655.0,0.8090467854091333,11423608.214000791
2023-11-01,9555.8330078125,9717.015733245482,9279.519764213102,9509.780800545934,13173300,9895.468115234375,334.0875236320155,10563.643162498405,9227.293067970344,0.24584870475740228,13.50466778292893,False,30.192555342537027,288.6586983651125,5818170.0,2.2641655365862463,11423608.214000791
2023-11-02,9532.806640625,9740.041567595108,9440.702228638285,9555.832743621679,4731600,9836.751513671876,283.25518178494093,10403.261877241757,9270.241150101994,0.23173935324716896,11.518240809122844,False,31.18217495228337,289.4216012645204,5416985.0,0.8734748204028625,11423608.214000791
2023-11-03,9624.9111328125,9717.015545566686,9394.650100927034,9509.780616869766,4688400,9788.3966796875,223.85814737795246,10236.112974443404,9340.680384931595,0.3174228313890923,9.14789846400459,False,32.23254085374864,291.7747329341727,5415340.0,0.8657628145231878,11423608.214000791
2023-11-06,9647.9375,9670.963603818615,9463.728669451073,9624.911396181384,4923200,9759.6140625,200.77531863290935,10161.164699765819,9358.063425234182,0.360943362883928,8.228822055755716,False,33.20788061939496,285.736175893699,5443460.0,0.9044247592523873,11423608.214000791
2023-11-07,9647.9375,9693.98970763723,9509.780877088306,9670.963603818615,5949700,9742.344482421875,194.36644854461733,10131.077379511109,9353.611585332641,0.37857088616788226,7.98027410733885,False,33.9185518590476,278.48422265478655,5489315.0,1.0838692988105074,11423608.214000791
2023-11-08,9647.9375,9670.963603818615,9440.702565632459,9670.963603818615,5589900,9731.98271484375,193.55716182446508,10119.09703849268,9344.868391194821,0.3914465188842114,7.9555078341535035,False,34.80993771333157,275.0397094784558,5448395.0,1.0259718687797048,11423608.214000791
2023-11-09,9624.9111328125,9809.119958320873,9624.9111328125,9647.937236001047,2166300,9707.8052734375,173.18401475561222,10054.173302948724,9361.437243926275,0.3803380601524117,7.135866856723153,True,34.49403317759792,268.55178919487844,5215615.0,0.41534890899730903,11423608.214000791
2023-11-10,9740.04296875,9740.04296875,9578.860224586288,9670.964649822696,2215700,9693.989697265624,157.5938487443639,10009.177394754352,9378.801999776897,0.5730568988753484,6.502744635217263,True,34.388522862276815,260.8825716926523,5190030.0,0.426914680647318,11423608.214000791
2023-11-13,9555.8330078125,9832.146251411898,9555.8330078125,9740.041836878765,2206900,9669.812255859375,137.64584036088152,9945.103936581138,9394.520575137612,0.29298457594497035,5.693837138460489,True,33.57567017031205,261.9847625431341,5181085.0,0.42595325110473964,11423608.214000791
2023-11-14,9624.9111328125,9670.963339189593,9440.702307304127,9532.806720058314,6893000,9649.088720703125,106.8265461165656,9862.741812936256,9435.435628469993,0.44341858655562344,4.428461555643411,True,33.326665887500944,259.71878178187205,5299975.0,1.3005721725102477,11423608.214000791
2023-11-15,9740.04296875,9809.121287677304,9647.938543513594,9647.938543513594,3453900,9646.786181640626,104.1816661341206,9855.149513908867,9438.422849372384,0.7237840653011774,4.319849706315465,True,32.10834252291291,254.32530843065294,5188625.0,0.6656676865258137,11423608.214000791
2023-11-16,9740.04296875,9740.04296875,9578.860224586288,9740.04296875,5186400,9653.69404296875,105.61822498420253,9864.930492937154,9442.457593000345,0.7043892656645344,4.37628226103267,True,31.30063173059908,247.67226812587145,4886255.0,1.061426388921577,11423608.214000791
2023-11-17,9647.9375,9786.094122911694,9532.80698090692,9786.094122911694,4270900,9647.937548828126,102.43273668479853,9852.803022197722,9443.072075458529,0.49999988082880703,4.246824201188582,True,30.76215289463727,248.07333054579306,4927815.0,0.8666924387380613,11423608.214000791
2023-11-20,9693.9892578125,9717.015360562647,9624.910949562054,9647.937052312203,972500,9649.088818359374,102.83376608122951,9854.756350521833,9443.421286196915,0.6091578213173152,4.262942046323258,True,30.262136832672734,236.93269343542167,4765765.0,0.2040595791022008,11423608.214000791
2023-11-21,9670.9638671875,9693.989971633184,9578.859449404761,9693.989971633184,2778800,9635.27314453125,75.6256534387135,9786.524451408677,9484.021837653821,0.6179848405712423,3.139533350194114,True,30.02417253930301,228.23253834920746,4646360.0,0.5980595562978331,11423608.214000791
2023-11-22,9670.9638671875,9717.01607607887,9578.859449404761,9670.9638671875,2170800,9637.57578125,75.99375437713444,9789.56329000427,9485.58827249573,0.6098382564829112,3.1540609838827476,True,29.604734445664857,221.79854465812898,4559530.0,0.47610170346505015,11423608.214000791
2023-11-23,9717.015625,9809.12003850711,9647.937314869669,9693.989521623223,3034500,9650.24013671875,65.9369964049737,9782.114129528698,9518.366143908803,0.7531791403991394,2.7330717358664,True,28.451082682860793,217.46884315665127,4382295.0,0.692445396761286,11423608.214000791
2023-11-24,9601.8857421875,9717.01626667416,9578.859637290168,9717.01626667416,1244800,9645.6349609375,65.93699999471623,9777.508960926933,9513.760960948066,0.3341249270003762,2.7343767522509665,True,27.782097284624342,211.8036850300327,4169370.0,0.2985582953779588,11423608.214000791
2023-11-27,9809.1201171875,9878.19842787192,9601.885185134242,9601.885185134242,3045400,9651.39150390625,74.80943296366473,9801.01036983358,9501.77263797892,1.0271013528396153,3.100462060144889,True,25.965501364286308,216.4115105805787,4162290.0,0.7316645404332711,11423608.214000791
2023-11-28,9809.1201171875,9901.224531433392,9717.015702941608,9832.146220748973,4504400,9665.207177734375,77.23207089785616,9819.671319530087,9510.743035938664,0.9658457871842456,3.196292411642227,True,24.123945064590497,214.1113190028077,4160020.0,1.0827832558497315,11423608.214000791
2023-11-29,9670.9638671875,9855.172702752976,9578.859449404761,9809.120493861607,4096900,9670.963720703125,72.81510016061314,9816.59392102435,9525.333520381899,0.5000005029326852,3.0116998579876353,True,23.27160719986449,218.5543143131939,3706200.0,1.105417948302844,11423608.214000791
2023-11-30,10638.060546875,10638.060546875,9463.729187804383,9532.80750304383,14781100,9726.226416015625,224.29401756207685,10174.814451139779,9277.63838089147,1.5163379977433087,9.224297603960556,False,24.131030080067266,286.8241032244384,4208675.0,3.5120554568836986,11423608.214000791
2023-12-01,9693.9892578125,9901.224182563836,9647.937052312203,9832.14587431339,7478900,9729.680322265625,223.18085401275835,10176.042030291143,9283.318614240108,0.46002001985003943,9.175259479061253,False,24.92906561168413,337.0597740343211,4348200.0,1.7199990800791132,11423608.214000791
2023-12-04,9670.9638671875,9763.068284970237,9532.807240513392,9740.042180524553,10072200,9730.831640625,222.79603615309807,10176.423712931195,9285.239568318804,0.43282221884284267,9.158355395769144,False,25.019296273512662,329.4312933502157,4605650.0,2.1869225842172115,11423608.214000791
2023-12-05,9832.146484375,9832.146484375,9624.911546765223,9693.989859301815,2323900,9740.04208984375,222.99634317311293,10186.034776189976,9294.049403497524,0.6032577409349593,9.157921130777796,False,25.322909510854018,320.70298222589867,4424360.0,0.5252511097650282,11423608.214000791
2023-12-06,9809.1201171875,10085.433359925177,9717.015702941608,9832.146220748973,4963900,9748.101220703125,222.4042714104075,10192.90976352394,9303.292677882311,0.5685900680969558,9.12605506959909,False,26.31907814825744,324.111173280018,4393060.0,1.129941316531074,11423608.214000791
2023-12-07,9809.1201171875,9878.19842787192,9693.989599380135,9809.1201171875,3033800,9757.311669921875,220.8429305337245,10198.997530989325,9315.625808854425,0.5586485235687825,9.053433486787172,False,27.108285864248348,314.11814865228706,4436435.0,0.6838373604031165,11423608.214000791
2023-12-08,10108.4599609375,10108.4599609375,9832.146704602079,9832.146704602079,5209000,9775.73251953125,234.28286542510617,10244.298250381462,9307.166788681037,0.8550488432034035,9.586304247053604,False,28.414543931288723,313.06255544498083,4586100.0,1.1358234665620026,11423608.214000791
2023-12-11,9693.9892578125,10062.406901814875,9647.937052312203,10039.380799064727,6701100,9782.64033203125,229.44470354540633,10241.529739122061,9323.750924940437,0.4034069289365774,9.381708649520162,False,28.5946998680848,323.5954378150034,4810810.0,1.3929255156616038,11423608.214000791
2023-12-12,9786.09375,9878.198161764705,9670.963235294117,9693.989338235295,2993100,9790.699462890625,226.4237993954867,10243.547061681598,9337.851864099652,0.4949147208653403,9.250566836565396,False,28.761987523681157,315.28397271897376,4615815.0,0.6484445325473399,11423608.214000791
2023-12-13,9717.015625,9832.146141883886,9670.963418246445,9786.093935130331,3286000,9789.548095703125,226.75325290543498,10243.054601513995,9336.041589892255,0.4200314992467012,9.265116252095957,False,28.91732606102063,304.27674064172146,4607420.0,0.7131974076598183,11423608.214000791
2023-12-14,9740.04296875,9832.147393986406,9578.860224586288,9578.860224586288,2834700,9789.548095703125,226.75325290543498,10243.054601513995,9336.041589892255,0.4454196066442203,9.265116252095957,False,28.514710803394745,300.63462841017844,4489835.0,0.6313595043024967,11423608.214000791
2023-12-15,9601.8857421875,9832.146791160822,9601.8857421875,9740.042371571493,8340900,9787.2455078125,228.49407181673956,10244.23365144598,9330.25736417902,0.29719411957691266,9.338442430379354,False,28.14085377845642,295.60794416468866,4693335.0,1.7771797666265032,11423608.214000791
2023-12-18,9763.0673828125,9763.0673828125,9555.832461950913,9624.910768904776,6538900,9790.6994140625,227.5302802808839,10245.759974624267,9335.638853500732,0.46963917152489787,9.295772269510358,False,27.50491098840942,289.2955853573242,4971655.0,1.315236073299535,11423608.214000791
2023-12-19,9740.04296875,9832.147393986406,9693.990756131796,9809.121287677304,1511400,9794.153369140626,226.13705888265685,10246.427486905939,9341.879251375312,0.44017964076964516,9.23559394506393,False,27.204629915150033,278.49994624998754,4908285.0,0.3079283293451786,11423608.214000791
2023-12-20,9740.04296875,9832.147393986406,9740.04296875,9740.04296875,1858400,9797.60732421875,224.6793158595519,10246.965955937854,9348.248692499646,0.43594831454719435,9.172823871157446,False,26.925797489980603,265.18598046330317,4892665.0,0.3798338942069404,11423608.214000791
2023-12-21,9717.015625,9809.12003850711,9717.015625,9740.041728376778,1724900,9797.60732421875,224.6793158595519,10246.965955937854,9348.248692499646,0.4103258583122883,9.172823871157446,False,26.498844503731355,252.82301139500365,4827185.0,0.35733041099522805,11423608.214000791
2023-12-22,9693.9892578125,9786.093668813093,9647.937052312203,9740.041463312797,1311300,9802.2125,221.37616446371428,10244.964828927428,9359.460171072571,0.37778354272051895,9.03372231376189,False,25.600800610712092,244.63255461685267,4830510.0,0.2714620195383096,11423608.214000791
2023-12-27,9740.04296875,9832.147393986406,9693.990756131796,9693.990756131796,1530000,9798.758642578125,221.80117584039613,10242.360994258917,9355.156290897332,0.4338194741240064,9.054256112671792,False,25.012932047765506,237.02723901378508,4754740.0,0.3217841564417823,11423608.214000791
2023-12-28,9809.1201171875,9970.302842117811,9763.067910064554,9786.094013626027,3160100,9798.758642578125,221.80117584039613,10242.360994258917,9355.156290897332,0.5116787868347813,9.054256112671792,False,25.142727267894916,236.5438557533584,4687525.0,0.674151071194287,11423608.214000791
2023-12-29,9740.04296875,9947.277925531915,9740.04296875,9832.147393986406,4680900,9802.21259765625,220.2387341167693,10242.690065889788,9361.73512942271,0.42942927460561137,8.987306974730567,False,25.08085899472426,234.45036296968388,4716725.0,0.9924046875745353,11423608.214000791
2024-01-02,9809.1201171875,9809.1201171875,9717.015702941608,9740.04180650308,3555400,9760.765576171874,99.6429699942198,9960.051516160314,9561.479636183434,0.6213194995553389,4.083407975188747,True,24.835007801902062,224.28279520369878,4155440.0,0.8556013322295594,11423608.214000791
2024-01-03,9786.09375,9832.145955882354,9763.067647058824,9809.119852941176,803100,9765.37080078125,98.51635871048695,9962.403518202223,9568.338083360275,0.5525875841586113,4.0353350925540115,True,24.73178373570243,213.1967604622581,3821650.0,0.2101448327293185,11423608.214000791
2024-01-04,10177.5380859375,10269.642503004809,9809.12041766827,9832.146521935098,6276400,9790.69951171875,132.2959830764859,10055.291477871722,9526.10754556578,1.2310096747138233,5.404965515207045,True,26.352849344966202,232.50761707244027,3631860.0,1.7281503141640921,11423608.214000791
2024-01-05,9878.1982421875,10154.511479731207,9878.1982421875,10154.511479731207,3438400,9793.002099609375,133.451046355997,10059.90419232137,9526.10000689738,0.6596018632009324,5.450873797374981,True,27.858124553568274,237.28134754940882,3687585.0,0.9324259644184473,11423608.214000791
2024-01-08,9901.224609375,10062.40733557413,9832.146298146803,9878.198505632268,3206700,9797.60732421875,135.60830066038858,10068.823925539527,9526.390722897973,0.6910231244172587,5.536384391531094,True,28.86740991268413,236.77989682640293,3599725.0,0.8908180486009348,11423608.214000791
2024-01-09,10154.51171875,10200.56392609127,9947.276785714286,9947.276785714286,4437300,9814.876904296874,157.3942497886761,10129.665403874227,9500.088404719521,1.0394650930849323,6.414517525727521,False,30.2458743991996,241.24842681853633,3669900.0,1.2091065151639009,11423608.214000791
2024-01-10,10453.8515625,10476.877667263216,10108.459991051763,10200.564410104625,7536000,9832.146484375,203.4982066676611,10239.142897710322,9425.150071039678,1.2637721829415487,8.27889238595277,False,32.2166537925897,250.3319446323161,3786250.0,1.9903598547375372,11423608.214000791
2024-01-11,10246.6162109375,10453.85114554073,10223.590107092696,10453.85114554073,3633700,9859.77783203125,220.55513569429974,10300.88810341985,9418.66756064265,0.9384826244110079,8.947671619041433,False,34.04666322930908,248.89833825910097,3632880.0,1.0002257162361543,11423608.214000791
2024-01-12,10292.66796875,10292.66796875,10154.511351719799,10154.511351719799,1897600,9885.10654296875,239.88818056379912,10364.882904096348,9405.330181841151,0.9247410447894676,9.707054932429884,False,35.1673798215759,240.98821531417957,3578105.0,0.5303365887809329,11423608.214000791
2024-01-15,10246.6162109375,10453.85114554073,10223.590107092696,10315.69452247191,3546600,9911.586572265625,249.39835906796085,10410.383290401547,9412.789854129704,0.835837853869539,10.06492178621823,False,36.61814310031001,240.2219883951692,3591135.0,0.9875986282888279,11423608.214000791
2024-01-16,10200.564453125,10361.747187147292,10177.538348264674,10246.616662845656,3301700,9934.612646484375,253.9444919092978,10442.50163030297,9426.72366266578,0.7618208064300294,10.224635864355013,False,37.58821631845405,236.22104914427268,3614485.0,0.9134634671329387,11423608.214000791
2024-01-17,10246.6162109375,10246.6162109375,10131.485691713482,10200.564003247893,2865600,9966.849169921876,250.38112600931137,10467.611421940499,9466.086917903252,0.7793411842524621,10.048556840407135,False,38.11054716522584,227.57172557854022,3340720.0,0.8577791613783855,11423608.214000791
2024-01-18,10384.7724609375,10453.850769990298,10200.563636796702,10292.6680488671,5651900,9997.934423828125,262.06974334683696,10522.073910521798,9473.794937134451,0.8690220322357223,10.484955481294003,False,39.170137778077084,229.40854040818712,3296370.0,1.7145830110090796,11423608.214000791
2024-01-19,10638.060546875,10707.138862114449,10407.79949607684,10476.877811316288,9591900,10042.835302734375,290.90259985570225,10624.64050244578,9461.03010302297,1.0115331080195544,11.586472986428374,False,40.69580420002409,236.0483876059558,3700395.0,2.5921286781546296,11423608.214000791
2024-01-22,10499.9033203125,10707.138254266036,10315.694490131578,10684.11215049342,6162800,10080.8283203125,298.7888461361981,10678.406012584896,9483.250628040103,0.850644782610938,11.855726003552686,False,41.431686036442606,247.14805735799163,3915615.0,1.5739034608867317,11423608.214000791
2024-01-23,10476.876953125,10499.90305631868,10338.720333962912,10499.90305631868,3755700,10118.82138671875,298.40330332901976,10715.62799337679,9522.01478006071,0.7999762087179862,11.795970772670534,False,42.11500488454551,241.00769514310565,4017155.0,0.9349153816569189,11423608.214000791
2024-01-24,10499.9033203125,10615.033839175576,10430.825008994654,10499.9033203125,3733500,10159.11708984375,292.3689383268976,10743.854966497545,9574.379213189955,0.7914008516251108,11.511588487120948,False,43.026911437249524,236.95063336009252,4138265.0,0.9021896857741106,11423608.214000791
2024-01-25,10499.9033203125,10592.00773540296,10499.9033203125,10499.9033203125,4040000,10197.110107421875,284.3047914217876,10765.71969026545,9628.5005245783,0.7662575711232108,11.152367226665879,False,43.87368180761753,226.60447491226165,4263765.0,0.9475193872082537,11423608.214000791
2024-01-26,10545.9560546875,10707.13878914779,10384.77332022721,10684.11268422489,5350200,10233.951904296875,279.07421919289584,10792.100342682666,9675.803465911084,0.77949925945593,10.907779196254472,False,44.93125142582764,233.4445459128558,4373270.0,1.2233866191659788,11423608.214000791
2024-01-29,10499.9033203125,10592.00773540296,10476.877216539884,10545.95552785773,2404000,10271.944921875,259.31901790714744,10790.582957689294,9753.306886060705,0.7197663714343583,10.098146743559916,False,45.91328035702274,224.99354398072867,4259425.0,0.5643954289604818,11423608.214000791
2024-01-30,10338.7216796875,10522.930529214225,10315.69557349666,10499.904423023385,3672600,10298.425,235.51837035491263,10769.461740709825,9827.388259290174,0.5427744549467372,9.147743285207701,False,45.46231811865121,223.72507339050276,4265285.0,0.8610444554115375,11423608.214000791
2024-01-31,10845.294921875,10891.347129611198,10338.720636776805,10338.720636776805,16694400,10351.38505859375,233.32800476198963,10818.04106811773,9884.72904906977,1.0292012244576791,9.016300850224116,False,46.02888002096152,247.21803192220924,5059850.0,3.299386345445023,11423608.214000791
2024-02-01,10661.0859375,10845.294765793737,10476.877109206263,10707.138144573435,7741600,10375.562451171874,239.34099617755777,10854.24444352699,9896.880458816759,0.7982392181951007,9.227104450632469,False,46.554973215963955,255.87515911838977,5133110.0,1.508169511270945,11423608.214000791
2024-02-02,10661.0859375,10799.242558720303,10522.929316279698,10638.059833963283,6564300,10414.7068359375,216.66187387953005,10848.03058369656,9981.383088178442,0.7842898673758971,8.321381572908244,False,47.04348832560907,257.33502221283374,5289405.0,1.2410280551404176,11423608.214000791
2024-02-05,10568.982421875,10661.086843852125,10522.930210886438,10661.086843852125,2374000,10448.0947265625,182.05651506575376,10812.207756694008,10083.981696430992,0.666002978894821,6.9699412124549855,True,47.49710949885096,248.82228012375185,5247770.0,0.4523826310985428,11423608.214000791
2024-02-06,10615.033203125,10638.059305517896,10545.954895946312,10592.007100732104,2815200,10471.12080078125,171.8047222992448,10814.730245379738,10127.51135618276,0.7094127571375602,6.562992656389799,True,47.91832915971843,237.62814651288275,5166665.0,0.5448775951218049,11423608.214000791
2024-02-07,10522.9287109375,10661.085324210202,10522.9287109375,10661.085324210202,2784200,10474.574658203124,172.13330816614874,10818.841274535422,10130.308041870827,0.5702276236504192,6.5733765344387765,True,48.087507770200716,230.52303699572698,4929075.0,0.5648524317442928,11423608.214000791
2024-02-12,10730.1640625,10730.1640625,10522.929134254293,10592.007443669529,6509900,10498.75205078125,172.388423639875,10843.528898061,10153.975203501499,0.8355967976744441,6.567958660459928,True,48.462724805044964,228.85963089335362,5072885.0,1.2832737189981638,11423608.214000791
2024-02-13,10476.876953125,10730.164088255495,10476.876953125,10730.164088255495,5869200,10507.9625,165.58490063223707,10839.132301264473,10176.792698735526,0.45306705690508514,6.303216275552445,True,48.348510143997395,230.60445262457802,5271465.0,1.1133906798205053,11423608.214000791
2024-02-15,10730.1640625,10822.268475053648,10707.13795936159,10707.13795936159,6995500,10532.139892578125,160.64500784478167,10853.429908267688,10210.849876888562,0.8081704383139158,6.1011346025886395,True,48.5589499084823,238.80352900344016,5443910.0,1.2850138962620616,11423608.214000791
2024-02-16,10545.9560546875,10753.190998993587,10522.9299497646,10730.164894070687,6008600,10549.40947265625,140.4154360102387,10830.240344676728,10268.578600635774,0.493851427473225,5.324106012727668,True,47.10893623129449,238.1933518766934,5579255.0,1.0769538226877962,11423608.214000791
2024-02-19,10661.0859375,10730.164248110152,10499.90321274298,10545.955419816415,3107400,10570.132958984375,122.8632133019766,10815.859385588328,10324.406532380423,0.685069590952497,4.649448167917149,True,45.5784865964883,237.626757840299,5591345.0,0.5557517913847205,11423608.214000791
2024-02-20,10638.060546875,10730.164967194263,10545.956126555737,10661.086651954816,4743300,10582.79736328125,115.59000018473172,10813.977363650714,10351.617362911786,0.6195241446176792,4.368977169903701,True,44.15735837842753,233.81119232588668,5545915.0,0.8552781641983334,11423608.214000791
2024-02-21,10568.982421875,10638.060738357843,10430.825788909315,10638.060738357843,4232000,10579.34345703125,114.88166875182642,10809.106794534902,10349.580119527596,0.47745281020718866,4.343621859652313,True,41.90124242567646,231.9128892632182,5277920.0,0.801831024342923,11423608.214000791
2024-02-22,10684.1123046875,10707.138408792429,10568.98178416285,10615.03399237271,4281600,10588.55390625,115.55980158615301,10819.673509422306,10357.434303077693,0.706729323531806,4.365461142637918,True,40.20063149632561,225.21601321795825,5183860.0,0.8259482316266257,11423608.214000791
2024-02-23,10638.060546875,10730.164967194263,10545.956126555737,10730.164967194263,4537500,10596.6130859375,112.95258557465051,10822.518257086802,10370.7079147882,0.5917364147235624,4.263724065741236,True,38.75118016252505,222.28692946228455,5222950.0,0.8687619065853589,11423608.214000791
2024-02-26,10638.060546875,10730.164967194263,10568.982231635551,10661.086651954816,2626300,10603.520947265624,110.93340521524176,10825.387757696108,10381.65413683514,0.5778385905092323,4.184776199035984,True,37.40526106685311,217.92234418345794,5167590.0,0.5082253042520788,11423608.214000791
2024-02-27,10684.1123046875,10730.16451289736,10592.00788826778,10638.06009647764,3928400,10612.731396484374,109.51565479054078,10831.762706065456,10393.700086903293,0.6629468141784126,4.1277085304097865,True,36.15547904944344,212.2247927867523,5162010.0,0.7610213850806178,11423608.214000791
2024-02-28,10684.1123046875,10707.138408792429,10638.06009647764,10684.1123046875,1213000,10619.639208984376,109.43919834485642,10838.51760567409,10400.760812294662,0.6472806286006441,4.122143744856023,True,34.994967176134466,202.00004418161203,4955150.0,0.2447958184918721,11423608.214000791
2024-02-29,10638.060546875,10707.138862114449,10545.956126555737,10684.112757034633,5965900,10626.5470703125,105.7828252511026,10838.112720814705,10414.981419810294,0.5272101745608764,3.9818324635903326,True,33.004746159274475,199.08452213711917,5133245.0,1.1622083107274248,11423608.214000791
2024-03-01,10707.138671875,10707.138671875,10568.982043850807,10568.982043850807,9250500,10644.967919921875,82.5498614845862,10810.067642891048,10479.868196952702,0.6882824236014407,3.101929929919124,True,31.156683786475917,194.73252970048162,5412140.0,1.7092129915338479,11423608.214000791
2024-03-04,10545.9560546875,10707.13878914779,10545.9560546875,10707.13878914779,3310000,10630.0009765625,70.58677633223449,10771.17452922697,10488.82742389803,0.20233474936076948,2.6561343310454157,True,29.211303376003215,192.33611575475362,4742920.0,0.6978823172223019,11423608.214000791
2024-03-05,10476.876953125,10568.981365899725,10453.85084993132,10545.955262706044,3559500,10620.79052734375,77.95120306540423,10776.692933474558,10464.888121212942,0.03844979756758574,2.935796647705833,True,27.693382693695558,186.82143005572874,4533815.0,0.7851004066112093,11423608.214000791
2024-03-06,10269.642578125,10453.851413607063,10223.590369254483,10453.851413607063,4603700,10601.218359375,109.89736314744215,10821.013085669883,10381.423633080116,-0.2542851160249105,4.146593699780029,False,27.831258162326023,191.56894104249932,4435785.0,1.037854630014755,11423608.214000791
2024-03-07,9855.1728515625,10269.642737843165,9855.1728515625,10269.642737843165,14189000,10565.527880859376,199.93942727942348,10965.406735418223,10165.649026300529,-0.3882127939479965,7.569500720986627,False,29.409738544543877,207.49043713093974,5026535.0,2.8228192979855904,11423608.214000791
2024-03-08,9924.25,10039.380510440835,9763.067285382831,9763.067285382831,10088700,10530.988720703124,245.42843194112592,11021.845584585377,10040.131856820872,-0.11804037525761236,9.322142049535486,False,31.13327645115885,212.40635055430147,5390210.0,1.8716710480667729,11423608.214000791
2024-03-13,9878.1982421875,9993.328757830712,9763.06772654429,9901.224345316143,13549200,10498.752197265625,285.5975973945275,11069.94739205468,9927.55700247657,-0.04320656120653963,10.881201576275362,False,32.73370450730132,213.68168489231005,5928460.0,2.285450184364911,11423608.214000791
2024-03-14,10039.3818359375,10039.3818359375,9809.120784654531,9878.199100039421,9405800,10464.2130859375,297.65437731684824,11059.521840571197,9868.904331303802,0.14318410682419372,11.377993734353758,False,33.779776040888635,214.86592534878568,6073255.0,1.5487246954063347,11423608.214000791
2024-03-15,9878.1982421875,9947.276551573426,9763.06772654429,9901.224345316143,15472200,10434.279150390625,325.1474687291435,11084.574087848912,9783.984212932337,0.07243946079559191,12.464587693802361,False,34.90681331317004,219.25508135195884,6553405.0,2.360940610262909,11423608.214000791
2024-03-18,9993.3291015625,10085.433517245105,9901.224685879897,9901.224685879897,9332700,10397.43740234375,331.5386322145308,11060.514666772811,9734.36013791469,0.1952781203189001,12.754628641084054,False,34.69253107156958,218.396523759505,6670265.0,1.3991498088906513,11423608.214000791
2024-03-19,10131.4853515625,10338.720279208095,9901.22432084517,10039.380939275568,12233400,10376.7138671875,334.70512028824834,11046.124107763997,9707.303626611003,0.31683241399637924,12.902162459991462,False,32.71296846825544,234.0464833740351,6981505.0,1.7522582881484723,11423608.214000791
2024-03-20,10338.7216796875,10338.7216796875,10108.460617779092,10131.486723969932,4770900,10360.595654296874,327.9845013666365,11016.564657030147,9704.626651563602,0.4833269754224434,12.662766208064902,False,30.874794594883383,233.7760961264903,7064680.0,0.6753172118199268,11423608.214000791
2024-03-21,10085.43359375,10338.720738798516,10085.43359375,10338.720738798516,8369200,10332.964306640624,326.65452497793797,10986.2733565965,9679.655256684748,0.31055618860067674,12.645142876106103,False,29.297727729521778,235.1698096844196,7245975.0,1.1550136455066433,11423608.214000791
2024-03-22,10246.6162109375,10246.6162109375,10039.381276334268,10131.485691713482,4113600,10316.84599609375,322.3201938002948,10961.48638369434,9672.205608493161,0.44552793580181005,12.496850061436776,False,28.096356009390743,233.17446146433474,7240055.0,0.5681724793527121,11423608.214000791
2024-03-25,10315.6943359375,10407.798749651227,10154.511611938477,10407.798749651227,4031700,10298.42509765625,310.5382453101526,10919.501588276557,9677.348607035945,0.5139026662110503,12.061581935701069,False,26.259392851213267,234.6110811963644,7227560.0,0.5578231104273088,11423608.214000791
2024-03-26,9993.3291015625,10131.485725086406,9532.807023149482,10131.485725086406,17108300,10266.188525390626,306.8681725229151,10879.924870436456,9652.452180344795,0.2777063180055354,11.956459664225347,False,26.804655592813624,273.7736691671968,7856100.0,2.1777090413818563,11423608.214000791
2024-03-27,10131.4853515625,10269.641969992897,10016.354836203835,10016.354836203835,5181700,10240.859765625,295.2446491421808,10831.349063909362,9650.37046734064,0.40738662463461867,11.532025861079129,False,26.563460964603934,273.95504054313966,7983870.0,0.649021088770233,11423608.214000791
2024-03-28,10684.1123046875,10684.1123046875,9993.3291815396,10154.51191027411,8583800,10240.859765625,295.2446491421808,10831.349063909362,9650.37046734064,0.8753264795402296,11.532025861079129,False,24.770089761409977,303.7284750149082,8216640.0,1.0446849320403473,11423608.214000791
2024-04-01,10338.7216796875,10476.878316832544,10131.486723969932,10476.878316832544,5789500,10223.590234375,277.52269331025843,10778.635620995517,9668.544847754483,0.6037135413497408,10.858130537240742,False,23.104816501301304,321.50683970795535,8445465.0,0.685515836013766,11423608.214000791
2024-04-02,10315.6943359375,10361.746542794363,10154.511611938477,10361.746542794363,4363900,10207.471923828125,261.0565161259431,10729.58495608001,9685.35889157624,0.6036388726427774,10.230016524132193,False,21.55849133120039,313.34456050423614,8365365.0,0.5216628324048024,11423608.214000791
2024-04-03,10131.4853515625,10315.694176136363,10062.4070423473,10315.694176136363,2469800,10178.6892578125,233.32807830967826,10645.345414431857,9712.033101193145,0.4494232470948581,9.169277984612428,False,20.298602710859797,309.05475572466213,8026330.0,0.30771224208324355,11423608.214000791
2024-04-04,10154.51171875,10223.590029761905,10085.433407738095,10131.485615079366,2527700,10159.117041015625,216.7263700866122,10592.56978118885,9725.6643008424,0.4946876304625688,8.53327584323001,False,19.128706134829244,296.8477461746012,7987215.0,0.31646825583135046,11423608.214000791
2024-04-05,9993.3291015625,10177.537932927708,9993.3291015625,10177.537932927708,2242100,10134.9396484375,206.12456928738226,10547.188787012265,9722.690509862734,0.3282464005084672,8.135206579909367,False,18.439726255724928,288.8021094025016,7921345.0,0.2830453666643733,11423608.214000791
2024-04-16,9302.5458984375,9786.094076326577,9279.519794728496,9486.754728109529,18880100,10086.584814453125,274.8425481878834,10636.26991082889,9536.899718077359,-0.21317097842475768,10.899330278532316,False,19.906406369327847,319.1597663618947,8635165.0,2.1864202942271516,11396806.276910966
2024-04-17,9348.5986328125,9486.755262854063,9256.49421278479,9256.49421278479,14369100,10061.256103515625,317.3468412488854,10695.949786013396,9426.562421017854,-0.06141843723616054,12.616589339694775,False,21.317106343158358,312.8098580552789,8644170.0,1.662287992947848,11452069.558160966
2024-04-18,9302.5458984375,9371.62420956451,9026.232653929455,9348.598105855506,11022600,10030.1708984375,359.16687506655506,10748.50464857061,9311.83714830439,-0.006467223533050278,14.323459837459238,False,23.090652477787366,315.13712216812,8690865.0,1.2682972293321781,11396806.276910966
2024-04-19,8957.154296875,9210.441436375322,8842.02377892031,9187.415332784383,11496400,9984.118701171876,431.45219167228794,10847.023084516451,9121.2143178273,-0.09506268835743495,17.285539348471353,False,25.06374283670358,325.5217648359108,8588225.0,1.3386235223227152,10982336.355035966
2024-04-22,9026.232421875,9187.415143694196,8888.075803172831,9072.284628109055,8329600,9933.46123046875,481.2285485864542,10895.918327641659,8971.004133295843,0.028691298937575115,19.3780813120965,False,26.895898169982917,323.65159167058613,8534415.0,0.9760012842122161,11065230.105035966
2024-04-23,9141.3642578125,9233.468683583911,9049.259832041089,9049.259832041089,5539400,9896.61953125,512.8483311092224,10922.316193468445,8870.922869031556,0.13183302566083022,20.72822258104719,False,28.33882131422321,315.3362109590379,8037775.0,0.6891708215271017,11203388.308160966
2024-04-24,9371.625,9417.677211302213,9141.363943488945,9141.363943488945,8075100,9865.534326171875,525.3668152657046,10916.267956703285,8814.800695640466,0.26496929772673194,21.301099277389582,False,28.694241353443672,312.5488578771972,7974895.0,1.012565055715467,11479701.198785966
2024-04-25,9855.1728515625,10062.407794702833,9302.546336521613,9463.729070075206,16918500,9851.718701171874,521.6247644787685,10894.96823012941,8808.469172214338,0.5016554766116584,21.17903607689165,False,26.75027077739522,344.49975789891306,8209150.0,2.060932008795064,12019766.663427353
2024-04-26,9763.0673828125,9924.250099038178,9717.01517817659,9855.171792084315,4076200,9822.935986328124,509.0690039629769,10841.073994254079,8804.79797840217,0.47059897427973324,20.729810503560874,False,24.945155242493083,334.6951266819612,8174415.0,0.49865342045883404,12019766.663427353
2024-04-29,9832.146484375,9947.277005269321,9740.042067659542,9901.224796911592,4497500,9810.271630859375,505.331880862498,10820.935392584372,8799.60786913438,0.5108220232801702,20.604195271124464,False,23.344238837376906,325.59082746251966,7980830.0,0.5635378776392932,12019766.663427353
2024-04-30,10016.3544921875,10108.458901311064,9855.171776221265,9855.171776221265,6660300,9798.758544921875,497.4285675624879,10793.61568004685,8803.9014097969,0.6093603993895517,20.305779156902524,False,22.377071636785665,322.0709409963442,8108165.0,0.8214312362908254,12019766.663427353
2024-05-02,9647.9375,10016.355161097852,9486.75477326969,10016.355161097852,5930000,9765.370703125,483.1093279710084,10731.589359067017,8799.152047182983,0.4392305238556443,19.788673370747084,False,21.295302068552097,336.89447291290264,8203080.0,0.7228992037137271,12019766.663427353
2024-05-03,9993.3291015625,9993.3291015625,9509.780919228831,9647.937542752737,3524800,9765.370703125,483.1093279710084,10731.589359067017,8799.152047182983,0.6179641880415008,19.788673370747084,False,20.290801755192355,347.36973787152874,7523905.0,0.46848013099580604,12019766.663427353
2024-05-06,9993.3291015625,10269.642348610312,9901.224685879897,10269.642348610312,2850400,9758.462890625,478.56521146280545,10715.593313550611,8801.332467699389,0.6226928981212386,19.61641774228871,False,19.235629390323034,348.8731610757349,7407340.0,0.3848075017482659,12019766.663427353
2024-05-07,9924.25,10062.406612529003,9809.119489559165,10039.380510440835,2877500,9720.469775390626,428.78393298911953,10578.037641368865,8862.901909412387,0.6188128850752351,17.644576564588448,False,17.94727896147189,342.04558692531367,7122025.0,0.40402834867892207,12019766.663427353
2024-05-08,9924.25,9993.3283062645,9740.041183294663,9970.302204176334,4333600,9699.74619140625,406.7819270111188,10513.310045428487,8886.182337384012,0.6379755304293632,16.774951384666867,False,16.81106490854913,335.7056966427796,7049230.0,0.6147621796990593,12019766.663427353
2024-05-13,9486.7548828125,9763.068131826456,9233.46773788304,9763.068131826456,7265800,9658.29921875,382.2079439982692,10422.715106746538,8893.883330753462,0.3877938445346146,15.829202858253764,False,17.16780168863433,361.0683084623639,7194325.0,1.0099349139773364,12019766.663427353
2024-05-14,9486.7548828125,9578.859299150487,9394.650466474515,9486.7548828125,8204800,9626.0626953125,367.0876713504,10360.2380380133,8891.887352611699,0.40512633399840864,15.253907354214807,False,17.499057270142018,348.43548876333585,7481075.0,1.0967407758911654,12019766.663427353
2024-05-15,9763.0673828125,9763.0673828125,9371.623643407282,9486.754154997052,5442200,9606.490478515625,347.3330186699909,10301.156515855608,8911.824441175642,0.6126994094143711,14.462431184282423,False,17.124377344274023,351.50750666632746,7626800.0,0.713562699952798,12019766.663427353
2024-05-16,9740.04296875,10039.382350768321,9670.964649822696,9855.173500295508,4835200,9593.826171875,336.9482816337648,10267.72273514253,8919.92960860747,0.6084860829131084,14.04854645465866,False,15.927470414076668,352.71537768627735,7756455.0,0.6233775610120861,12019766.663427353
2024-05-17,9717.015625,9901.224452014218,9624.91121149289,9740.041728376778,4102700,9614.549658203125,330.77985455257107,10276.109367308267,8952.989949097982,0.5774427201253503,13.76163694865729,False,14.905349346497935,347.2580821744952,7017585.0,0.5846313225988713,12019766.663427353
2024-05-20,9670.9638671875,9878.19880719866,9624.91165829613,9763.068284970237,2328300,9630.667919921874,324.9410941945698,10280.550108311014,8980.785731532735,0.5310025016730395,13.496097961072914,False,13.956236926603397,340.54587265506905,6415545.0,0.362915387546966,12019766.663427353
2024-05-21,9578.859375,9740.042104867789,9532.807166466348,9717.016000600963,3604100,9644.48359375,316.007177359226,10276.497948468452,9012.469239031547,0.44808328461207714,13.10623526028957,True,13.383208532345524,331.02366306552426,6044620.0,0.5962492265849632,12019766.663427353
2024-05-22,9647.9375,9763.068019093078,9555.833084725537,9670.963603818615,3951100,9679.02275390625,271.55318197247175,10222.129117851195,9135.916389961307,0.4713819833738848,11.222338819810245,True,12.76278257326113,322.18161101566835,5667355.0,0.6971682557383471,12019766.663427353
2024-05-27,9601.8857421875,9647.937951982163,9348.598588316847,9578.859637290168,4798800,9707.805419921875,225.2866648554596,10158.378749632795,9257.232090210955,0.3824612213484415,9.282702118983059,True,12.878582389281304,320.55002191921466,5490815.0,0.8739686185019893,12019766.663427353
2024-05-28,9763.0673828125,9924.250099038178,9624.910768904776,9647.93687122273,4378100,9738.890576171874,181.68800636794666,10102.266588907767,9375.514563435981,0.5332669270855226,7.462369761602296,True,11.971816877304654,320.67961727146206,5432750.0,0.8058717960517233,12019766.663427353
2024-05-29,9601.8857421875,9763.068476468825,9555.833532392835,9763.068476468825,2905300,9750.40361328125,163.5841039320561,10077.571821145362,9423.23540541714,0.27302520916788275,6.710864920883237,True,11.34078833619893,312.57642632892833,5174260.0,0.5614909185081538,12019766.663427353
2024-05-30,9348.5986328125,9601.885787888701,9325.572527805572,9601.885787888701,6573700,9725.07490234375,184.4016210697884,10093.878144483326,9356.271660204173,-0.010402602953214938,7.584584095094109,True,11.490655256343684,309.9862001685141,4657020.0,1.4115679125277538,12019766.663427353
2024-05-31,8980.1806640625,9601.885479266828,8980.1806640625,9463.728853665865,13874400,9685.93056640625,248.02945666984138,10181.989479745933,9189.871653066568,-0.211356941045911,10.242875683213454,True,12.53630642683039,332.25181552821505,5146930.0,2.695665182934293,12019766.663427353
2024-06-03,9394.650390625,9601.885325712316,9095.31103994332,9095.31103994332,7155200,9664.05576171875,253.68323811151893,10171.422237941788,9156.689285495711,0.23450613735926154,10.5000734418942,False,13.507268227996617,352.9270188226151,5279815.0,1.3551989984497563,12019766.663427353
2024-06-04,9509.78125,9647.937878329298,9440.70293583535,9463.7290405569,2538200,9638.727099609376,241.66134717685256,10122.04979396308,9155.404405255671,0.3666048055308047,10.028766026030391,False,14.20915064230384,345.809909457021,5073710.0,0.5002650920135364,12019766.663427353
2024-06-05,9624.9111328125,9693.98944237814,9532.806720058314,9624.9111328125,3586600,9637.57578125,241.67000842287936,10120.915798095759,9154.23576440424,0.48689882070995466,10.030323554728401,False,14.65548686083492,334.26692966567236,4956540.0,0.7236096147715947,12019766.663427353
2024-06-06,9763.0673828125,9763.0673828125,9555.832461950913,9670.962973540683,3304700,9626.0626953125,228.98174607142298,10084.026187455345,9168.099203169653,0.6495803594069752,9.515073953670706,False,14.757621108365306,325.19321475109484,4945535.0,0.6682189085710646,12019766.663427353
2024-06-07,9740.04296875,9809.121287677304,9624.912437204492,9763.069075059102,2828600,9613.398388671874,214.12236503602145,10041.643118743918,9185.153658599831,0.6478647268546894,8.909330764377211,False,14.641848844081373,315.12290301693184,4944445.0,0.5720763402161415,12019766.663427353
2024-06-10,9670.9638671875,9809.120493861607,9578.859449404761,9740.042180524553,3375400,9600.73408203125,201.91148709031668,10004.557056211883,9196.911107850616,0.5869561536199726,8.412335363739098,True,14.699540700876318,309.0613416912114,4969340.0,0.6792451311441761,12019766.663427353
2024-06-11,9717.015625,9763.067831753555,9578.859004739337,9578.859004739337,2464400,9590.37236328125,189.36295801677267,9969.098279314796,9211.646447247706,0.6671964557444386,7.898044031816257,True,14.753113382757736,300.143304928569,4875880.0,0.5054267127164738,12019766.663427353
2024-06-12,9740.04296875,9809.121287677304,9670.964649822696,9763.069075059102,4456800,9603.036767578125,190.53459869082295,9984.105964959772,9221.967570196479,0.6797655151784163,7.936431081222481,False,14.555847164393061,288.5728287090004,4735430.0,0.9411605704233829,12019766.663427353
2024-06-13,9832.146484375,9901.224796911592,9740.042067659542,9763.068171838408,4244200,9620.30634765625,195.03984078182654,10010.386029219902,9230.226666092596,0.7715344412064471,8.109506443288813,False,13.88787630333837,279.4735358906469,4537400.0,0.9353814960109313,12019766.663427353
2024-06-14,9670.9638671875,9878.19880719866,9578.859449404761,9832.14659830729,7605600,9615.701171875,192.56325940740277,10000.827690689806,9230.574653060194,0.5717461569285934,8.010367875018085,False,13.961713758378961,280.8925231694506,4645570.0,1.6371726182147723,12019766.663427353
2024-06-19,9394.650390625,9670.963637408087,9348.598182827818,9670.963637408087,6183700,9598.43154296875,196.27710438217525,9990.9857517331,9205.8773342044,0.24044202330017542,8.179549065011816,False,14.858103828311643,283.8548918258957,4712995.0,1.3120531636464712,12019766.663427353
2024-06-20,9371.625,9417.677211302213,9210.442260442262,9394.651105651106,7627200,9581.16201171875,200.44471893355765,9982.051449585866,9180.272573851635,0.23865984991576858,8.368284293215927,False,16.115122606747114,278.3820388997568,4889220.0,1.5600034361309165,12019766.663427353
2024-06-21,9486.7548828125,9509.780986896996,9233.46773788304,9371.624362390019,8739800,9571.9515625,200.33331526091635,9972.618193021834,9171.284931978167,0.3936813385525279,8.371681112376777,False,16.76300101788415,278.2342681936282,5209795.0,1.6775708065288557,12019766.663427353
2024-06-24,9486.7548828125,9555.833195065989,9371.624362390019,9509.780986896996,1715900,9567.346337890625,201.2228276978094,9969.791993286244,9164.900682495007,0.39987287227774765,8.412900321205443,False,17.107887728899478,271.5181656566526,5115385.0,0.335439072523378,12019766.663427353
2024-06-25,9325.5712890625,9509.78010464892,9325.5712890625,9486.754002700618,3239400,9551.22802734375,207.24840694903222,9965.724841241814,9136.731213445686,0.22779436329184288,8.679445464215094,False,17.59610865296672,265.2817835087789,5079800.0,0.637702271742982,12019766.663427353
2024-06-26,9555.8330078125,9624.91131871235,9348.598075112952,9394.650282379518,4923000,9548.925390625,206.91151179214089,9962.748414209282,9135.102367040718,0.5083461006201042,8.667426053837799,False,17.388027188669422,267.71451537599825,5086010.0,0.9679493355302093,12019766.663427353
2024-06-27,9670.9638671875,9763.068284970237,9509.781136067708,9601.885553850447,5913800,9544.32021484375,202.880253065462,9950.080720974674,9138.559708712826,0.6560571450772076,8.50265911028147,False,16.473541257642147,266.6839891993219,5162795.0,1.1454648112117565,12019766.663427353
2024-06-28,9486.7548828125,9578.859299150487,9463.728778728004,9532.807090981492,6499600,9538.563671875,202.7942652527549,9944.152202380508,9132.97514136949,0.43613134350973026,8.504184580775195,False,15.833191056618462,262.4376391464772,5342510.0,1.2165817190796087,12019766.663427353
2024-07-01,9486.7548828125,9578.859299150487,9371.624362390019,9486.7548828125,2453800,9545.471484375,198.28579101575082,9942.043066406502,9148.899902343499,0.42596973128821347,8.309104116662033,False,15.647565172944164,258.4945889760479,5136515.0,0.47771689559944824,12019766.663427353
2024-07-02,9440.703125,9486.755335365853,9302.546493902439,9486.755335365853,3564300,9568.497607421876,150.06077614389775,9868.619159709671,9268.37605513408,0.28709545941017633,6.273117569784499,True,15.77032406996534,253.18846415371698,4621010.0,0.771324883521135,12019766.663427353
2024-07-03,9463.728515625,9463.728515625,9348.597998403284,9463.728515625,5316900,9571.951513671875,146.6039441993866,9865.159402070647,9278.743625273102,0.31545005723091635,6.126397276040852,True,15.884314474342148,243.32718223000265,4529095.0,1.1739431387506776,12019766.663427353
2024-07-04,9417.67578125,9532.806292023228,9371.62357694071,9463.727985559291,3803000,9567.346240234376,150.06547723579112,9867.477194705958,9267.215285762793,0.2506580764921614,6.2740690455921,False,15.551404390156284,237.45972029089657,4592335.0,0.8281190287729445,12019766.663427353
2024-07-05,9463.728515625,9463.728515625,9371.624101847628,9440.702412180657,2943200,9559.287109375,151.1355658260464,9861.558241027093,9257.015977722907,0.34193231879651376,6.324135433815956,False,15.242273597697983,227.07719839707337,4560165.0,0.6454152426502111,12019766.663427353
2024-07-08,9578.859375,9578.859375,9463.728853665865,9463.728853665865,6163500,9550.076708984376,143.48248932699207,9837.04168763836,9263.11173033039,0.5501501370491793,6.009689500902508,False,14.225347210318873,219.08103132406814,4703105.0,1.3105172008704888,12019766.663427353
2024-07-09,9696.2470703125,9790.157453560078,9602.33668706492,9672.769474500605,10883600,9547.8869140625,140.73864556826268,9829.364205199025,9266.409622925974,0.7635384113065828,5.896116987350459,False,14.246163441633517,218.52510612664022,5105855.0,2.1315920644044923,12019766.663427353
2024-07-10,9672.7705078125,9696.248106132432,9578.860114532767,9696.248106132432,3171100,9547.97724609375,140.82235415610026,9829.62195440595,9266.332537781549,0.7215437713468749,5.8995680666798025,False,14.117800648968878,211.30102651757062,5095640.0,0.622316333178953,12019766.663427353
2024-07-11,9672.7705078125,9719.725704452367,9625.815311172633,9696.248106132432,3371100,9545.764990234375,138.35295752809742,9822.47090529057,9269.05907517818,0.7294954872076598,5.797459194507168,False,14.117892394438766,202.91598128629656,5140975.0,0.6557316462344205,12019766.663427353
2024-07-12,9743.203125,9907.546310240963,9672.7703313253,9743.203125,1985800,9545.922998046875,138.58811771669892,9823.099233480274,9268.746762613477,0.8558748942611426,5.807217080844038,False,14.983784154808422,205.19169540267984,5017425.0,0.3957807042457037,12019766.663427353
2024-07-15,9931.0234375,9931.0234375,9672.769872931442,9743.202663268321,3988500,9550.866845703125,150.58068178696166,9852.028209277049,9249.705482129202,1.1311510003897982,6.306471830028994,False,15.886059048973552,208.9818289145283,5004640.0,0.796960420729563,12019766.663427353
2024-07-16,9837.1123046875,9954.50027968377,9719.72432969123,9954.50027968377,1382300,9559.174267578124,161.72575810802257,9882.62578379417,9235.722751362078,0.9296440473689571,6.767352642855301,False,16.82565744219573,210.8242661343864,4693475.0,0.2945152578846164,12019766.663427353
2024-07-17,10095.3662109375,10212.754190134447,9884.067848382994,9907.545444222384,9906800,9594.21005859375,196.39283362296774,9986.995725839684,9201.424391347815,1.1379511704916179,8.187973055564022,False,18.656563231527315,222.5969532281407,4879630.0,2.0302358990333285,12019766.663427353
2024-07-18,10095.3662109375,10142.321402616279,10001.45582757994,10095.3662109375,3682500,9630.397119140625,218.6388599558513,10067.674839052328,9193.119399228923,1.0316633693236916,9.081198096028743,False,20.356690035906645,216.75899764301192,4682395.0,0.7864565035628135,12019766.663427353
2024-07-19,10142.322265625,10142.322265625,9954.50148292824,10048.41187427662,4951000,9663.17548828125,243.67816398386978,10150.53181624899,9175.81916031351,0.9915774658572477,10.086877311889204,False,21.545211139332626,214.69198228970816,4492955.0,1.101947382068149,12019766.663427353
2024-07-22,10236.2314453125,10283.186635428612,10048.41068484805,10236.2314453125,2848600,9700.64931640625,271.194729844838,10243.038776095926,9158.259856716575,0.9937246837472464,11.182539271311613,False,23.144884055418796,216.12655145334062,4549590.0,0.6261223538824378,12019766.663427353
2024-07-23,10071.8896484375,10330.143229166666,10071.8896484375,10165.800041429924,4947600,9737.965234375,268.19782087013533,10274.360876115272,9201.569592634729,0.8112668971163914,11.016585679455822,False,24.7827099356053,219.13562497304244,4635000.0,1.067443365695793,12019766.663427353
2024-07-24,10142.322265625,10189.277461299189,10001.45667860243,10071.889472113715,2054400,9767.289697265625,279.0779300296025,10325.44555732483,9209.13383720642,0.835956849328424,11.429083755250184,False,25.69917574241101,216.89885052473647,4491570.0,0.4573901775993695,12019766.663427353
2024-07-25,10189.27734375,10212.754941316245,10001.456563220047,10142.322148617512,3684200,9793.20537109375,293.3623406039952,10379.930052301741,9206.48068988576,0.8375279627241761,11.982280754364739,False,26.64095034518836,216.4988167798409,4380090.0,0.8411242691360223,12019766.663427353
2024-07-26,10189.27734375,10330.142929147465,10118.844551051268,10212.754941316245,6806800,9828.331494140624,296.7767200898398,10421.884934320304,9234.778053960945,0.8040550565254165,12.078417186753201,False,27.946940390661553,216.12735687386632,4395450.0,1.5486013946239863,12019766.663427353
2024-07-29,10165.798828125,10283.18680535508,10095.366041786952,10236.23161446305,5727200,9862.28369140625,294.4760374734517,10451.235766353153,9273.331616459347,0.7576738835210942,11.94352329288806,False,28.94385295877346,214.10545735202788,4559120.0,1.2562073382582604,12019766.663427353
2024-07-30,10236.2314453125,10283.186635428612,10142.321065080274,10283.186635428612,2399400,9902.060107421876,288.19493398652395,10478.449975394924,9325.670239448827,0.7898830778078927,11.641817191980639,False,29.869557486305943,208.87403685176434,4500875.0,0.533096342377871,12019766.663427353
2024-07-31,10259.7099609375,10283.187558102116,10212.754766608266,10283.187558102116,2971700,9941.8591796875,279.3007801280828,10500.460739943666,9383.257619431335,0.7845058122503614,11.237366173873406,False,30.729144204523305,198.98537646905615,4383615.0,0.6779108110543467,12019766.663427353
2024-08-01,10330.142578125,10447.530561967329,10306.664981356535,10330.142578125,6655400,9987.48251953125,263.2324937306746,10513.9475069926,9461.0175320699,0.8254348026504865,10.542496298377674,False,32.16702000999069,198.18789250911135,4526235.0,1.4704053147925373,12019766.663427353
2024-08-02,10494.4853515625,10564.91813915688,10330.142180508949,10330.142180508949,7335300,10039.020361328125,256.098891435573,10551.21814419927,9526.822578456979,0.9446182758555175,10.204138739357715,False,33.87428220687588,200.80132580474137,4745840.0,1.5456273283549382,12019766.663427353
2024-08-05,10236.2314453125,10588.395371183342,10024.933089789994,10330.141825544724,10163800,10071.88896484375,235.2695406127509,10542.428046069252,9601.34988361825,0.6746321262420175,9.34361136958385,False,32.90804320095171,226.7056797753561,4945855.0,2.0550137438319562,12019766.663427353
2024-08-06,10330.142578125,10424.052965198864,10236.232191051136,10330.142578125,7517800,10103.583740234375,224.45024043170372,10552.484221097782,9654.683259370968,0.7523486246382113,8.8859654634385,False,32.01082126687926,223.9282397832852,4777565.0,1.573563101705576,12019766.663427353
2024-08-07,10377.09765625,10471.00804227941,10283.187270220587,10330.142463235294,5618600,10138.80009765625,207.94562581171482,10554.691349279681,9722.90884603282,0.7864902275096619,8.203954069862181,False,31.400921719229093,221.34913494582364,4899940.0,1.1466671020461474,12019766.663427353
2024-08-08,10306.6650390625,10447.530620461988,10118.844263863184,10377.097829762244,5063700,10170.49482421875,179.54477944546244,10529.584383109674,9811.405265327825,0.6896048095415569,7.0613979967982115,True,29.698315126581623,229.01607934960796,4984570.0,1.0158749902198183,12019766.663427353
2024-08-09,10517.962890625,10564.918082101005,10330.142124720982,10330.142124720982,4031800,10209.2328125,165.5347721343098,10540.30235676862,9878.163268231381,0.966261671406576,6.485688990523629,True,28.712667081449336,231.10443389881488,5086870.0,0.792589549172674,12019766.663427353
2024-08-12,10330.142578125,10517.963352272727,10283.187384588067,10517.963352272727,3494700,10229.18876953125,153.8774915297982,10536.943752590847,9921.433786471654,0.6640165296270762,6.017192369668217,True,27.487892784338772,231.36668631208954,5062180.0,0.6903547483495253,12019766.663427353
2024-08-13,10494.4853515625,10517.962947427293,10353.619776373742,10517.962947427293,5104600,10262.057421875,134.7392650944774,10531.535952063956,9992.578891686046,0.9312550048505229,5.251939627905886,True,26.350602365593247,228.2562350971041,5248295.0,0.972620632033832,12019766.663427353
2024-08-14,10658.8291015625,10846.649878682545,10424.053130162445,10424.053130162445,9082000,10290.23056640625,155.37831694363243,10600.987200293515,9979.473932518984,1.0930662373083373,6.039838114060724,True,26.765464723296027,242.13770034160382,5207055.0,1.744172089597671,12019766.663427353
2024-08-15,10588.396484375,10682.306874480322,10517.963691796009,10682.306874480322,3778300,10314.882080078125,161.8125720878635,10638.507224253852,9991.256935902398,0.9225790381546468,6.2749169920375,True,27.15069405544861,236.5809490803688,5211845.0,0.7249448132091418,12019766.663427353
2024-08-16,10682.3056640625,10729.260853794642,10424.052120535714,10729.260853794642,5379900,10341.88125,175.93763222151648,10693.756514443034,9990.005985556967,0.9837288216341966,6.804859888388938,True,26.832185405404463,241.48293366455158,5233290.0,1.0280148816518864,12019766.663427353
2024-08-19,10705.7841796875,10705.7841796875,10588.396195261103,10611.873792146382,5734300,10365.35888671875,191.71887734653086,10748.796641411811,9981.921132025689,0.9439120676069809,7.398446284081181,False,26.53642737322061,232.61900871896916,5377575.0,1.0663356624500822,12019766.663427353
2024-08-20,10729.26171875,10799.694509026258,10588.396138197484,10705.784121991248,9564900,10398.227490234374,195.0790131541769,10788.385516542729,10008.06946392602,0.9242309605262342,7.504317955628034,False,26.685363913577774,231.09610601252666,5608440.0,1.7054475041187924,12019766.663427353
2024-08-21,10752.7392578125,10799.694451078056,10658.828871281386,10799.694451078056,2674000,10428.74833984375,200.60714032556342,10829.962620494878,10027.534059192623,0.9037629436356889,7.694389922484957,False,26.823662129623713,224.65106842567974,5639420.0,0.47416223654205575,12019766.663427353
2024-08-22,10658.8291015625,10776.217087262528,10564.918713002478,10658.8291015625,4855400,10452.225927734375,198.57228917318974,10849.370506080753,10055.081349387996,0.7601107821846327,7.599234480620604,False,26.201552435901434,223.6973045567062,5697980.0,0.8521265430907093,12019766.663427353
2024-08-23,10776.216796875,10799.694393382353,10658.828814338234,10658.828814338234,4846300,10481.572900390625,201.02256431444442,10883.618029019513,10079.527771761737,0.8664313723800254,7.671465579634612,False,25.749752877719803,217.78075273437855,5599955.0,0.8654176685348365,12019766.663427353
2024-08-26,10705.7841796875,10729.26177657278,10471.008210834703,10611.873792146382,6606600,10508.57216796875,192.45909749472455,10893.490362958199,10123.653972979302,0.7561739277148951,7.325794386467079,False,23.990947075887195,224.02559797051558,5643925.0,1.1705683544696288,12019766.663427353
2024-08-27,10729.26171875,10799.694509026258,10635.35133171499,10729.26171875,4355700,10533.223681640626,187.24456931792216,10907.71282027647,10158.73454300478,0.7617406179301807,7.110627286660176,False,22.777367046099233,219.76256792342647,5741740.0,0.7586027928816004,12019766.663427353
2024-08-28,10705.7841796875,10870.127357884458,10682.30658280222,10776.21697034334,4722500,10555.527392578126,179.35092118726638,10914.229234952658,10196.825550203594,0.7094452402512145,6.796474094259752,False,22.04993918292615,217.48101129191292,5829280.0,0.8101343562155189,12019766.663427353
2024-08-29,10705.7841796875,10846.649760999178,10705.7841796875,10799.694567228618,3988700,10574.30947265625,174.09794015058552,10922.505352957422,10226.11359235508,0.6887941737241849,6.585694908997304,False,21.374470452836857,212.00848057903903,5695945.0,0.7002701044339438,12019766.663427353
2024-08-30,10776.216796875,10776.216796875,10517.963235294117,10517.963235294117,7521300,10588.396044921876,178.63780018293534,10945.671645287746,10231.120444556005,0.7628513558731482,6.748436663118916,False,20.209372408942578,215.3117006505993,5705245.0,1.318313236329027,12019766.663427353
2024-09-02,10799.6943359375,10846.649528702446,10682.306354025135,10705.78395040761,7506100,10616.569189453125,164.00743733815028,10944.584064129425,10288.554314776824,0.7791415277509766,6.179300842350507,False,18.851147707666538,211.67109165250733,5572360.0,1.3470235232468828,12019766.663427353
2024-09-03,10682.3056640625,10752.738448660713,10588.395284598213,10729.260853794642,4461700,10634.17734375,149.93866974351513,10934.05468323703,10334.30000426297,0.5802466775162617,5.639878474723308,False,17.988785074259084,211.64451734442017,5419555.0,0.8232594742557277,12019766.663427353
2024-09-04,10705.7841796875,10729.26177657278,10400.575420178866,10400.575420178866,6155200,10650.611669921875,137.7996869406863,10926.211043803247,10375.012296040502,0.600095491852194,5.1752778605135985,False,18.153979938151505,220.00464870509825,5446385.0,1.130144123120198,12019766.663427353
2024-09-05,10940.560546875,11010.993340095225,10752.739764954398,10752.739764954398,7236600,10682.3064453125,127.00315191358689,10936.312749139675,10428.300141485326,1.0083615990456183,4.755645330482633,True,17.038541570120987,226.09068525528588,5555030.0,1.3027112364829714,12019766.663427353
2024-09-06,10752.7392578125,10987.515224140283,10752.7392578125,10823.172047710834,4077500,10694.045263671875,121.75518821834103,10937.555640108556,10450.534887235193,0.6205164128927525,4.554130274048799,True,16.002774675685373,226.71106247474995,5557315.0,0.7337176316260641,12019766.663427353
2024-09-09,10893.6044921875,10893.6044921875,10517.962957974138,10752.738916857488,8829500,10722.218359375,95.4729077060738,10913.164174787147,10531.272543962852,0.9487821124609918,3.561684886694992,True,15.813965277386599,237.34895331322227,5824055.0,1.5160399412436867,12019766.663427353
2024-09-10,10870.1279296875,10964.038322168602,10846.650331567225,10964.038322168602,4439800,10741.00048828125,84.64974176256185,10910.299971806373,10571.701004756127,0.8813580488185256,3.1523969058531125,True,15.252406148514874,228.78031311951906,5790815.0,0.7666969157191172,12019766.663427353
2024-09-11,10870.1279296875,10893.605527807775,10823.172733446949,10870.1279296875,3358600,10751.5654296875,87.00737912426683,10925.580187936033,10577.550671438967,0.8406679444701619,3.2370124962089575,True,14.841644323258281,217.4697760653267,5504645.0,0.6101392551199941,12019766.663427353
2024-09-12,10776.216796875,10917.082375919117,10776.216796875,10776.216796875,2736700,10760.9564453125,78.15475812024792,10917.265961552996,10604.646929072005,0.5488145313527178,2.905123109360489,True,14.686411763236492,211.99804770666887,5452565.0,0.5019105686956505,12019766.663427353
2024-09-13,10635.3505859375,10752.738561499724,10635.3505859375,10682.30577616239,4657400,10758.60869140625,81.28436299089064,10921.177417388031,10596.03996542447,0.1209046213397632,3.022114302040504,True,15.17583101992874,206.9172022231568,5416440.0,0.8598636742952935,12019766.663427353
2024-09-17,10705.7841796875,10752.73937345806,10635.35138903166,10729.26177657278,3279400,10758.60869140625,81.28436299089064,10921.177417388031,10596.03996542447,0.3375317534177179,3.022114302040504,True,15.630286285061139,200.5223154586856,5293695.0,0.6194916783078738,12019766.663427353
2024-09-18,10799.6943359375,10823.171932319972,10682.306354025135,10682.306354025135,1922500,10762.130322265624,81.47151693888397,10925.073356143392,10599.187288387857,0.6152673200501918,3.028081411366239,True,15.569428189941394,196.26111994698215,4911575.0,0.39142230343627044,12019766.663427353
2024-09-19,10987.515625,11081.426014957266,10752.739650106838,10823.172442574787,7514700,10773.869140625,95.71583459214979,10965.3008098093,10582.4374714407,1.05802283207726,3.553629001534253,True,14.878094794860974,205.72006601151398,5153610.0,1.4581429328179665,12019766.663427353
2024-09-20,11269.2470703125,11597.933443196614,11010.993491617839,11010.993491617839,11064700,10804.3900390625,142.8292091325436,11090.048457327588,10518.731620797413,1.3136589043537616,5.287821288056245,False,16.114737688341386,234.62704831044974,5464075.0,2.024990506169846,12019766.663427353
2024-09-23,11457.0673828125,11550.977771196209,11269.246606045082,11386.634591524718,5239500,10838.432568359374,203.86006347205821,11246.15269530349,10430.712441415259,1.2586513070740792,7.523599457256812,False,17.263048946573196,237.99162808478377,5483735.0,0.9554619251294966,12019766.663427353
2024-09-24,11668.3662109375,11950.097387056716,11504.023024867958,11574.455818897763,12381000,10886.561669921875,272.8490648710711,11432.259799664018,10340.863540179733,1.2163342683481881,10.025169494053095,False,19.29943789990059,256.20865495331464,5772455.0,2.1448413196811407,12019766.663427353
2024-09-25,11691.8427734375,11738.797965298694,11386.634026339734,11738.797965298694,7539700,10934.69072265625,323.784520493906,11582.259763644062,10287.12168166844,1.0846110629580732,11.844304652276518,False,20.569213864272438,263.06260381086076,5931655.0,1.2710955037000635,12019766.663427353
2024-09-26,11997.0517578125,12090.962143392246,11691.843004678327,11879.663775837818,12978300,10999.2541015625,396.3475391627175,11791.949179887933,10206.559023237065,1.1293704121122117,14.413615159828483,False,22.47456307589801,272.7809442497097,6344445.0,2.045616283220991,12019766.663427353
2024-09-27,11879.6630859375,12020.528656126482,11715.319920717022,12020.528656126482,7139400,11057.948046875,435.5777690307639,11929.103584936529,10186.792508813473,0.9716236097694778,15.756187935929372,False,24.24381591526462,275.0972150468348,6501980.0,1.0980347524907796,12019766.663427353
2024-09-30,11574.455078125,11879.663832720587,11574.455078125,11879.663832720587,7362100,11097.8599609375,444.87607162728966,11987.61210419208,10208.10781768292,0.767824652517378,16.034661572345478,False,25.15326723810775,277.2480393003171,6494020.0,1.1336737490799227,12019766.663427353
2024-10-01,11691.8427734375,11809.230753090487,11363.156430409137,11574.454793784513,6887000,11142.4673828125,457.94139264821786,12058.350168108935,10226.584597516065,0.7999157749466758,16.439496815744857,False,25.007189774154135,289.3070595418195,6463065.0,1.0655934916328398,12019766.663427353
2024-10-02,11457.0673828125,11644.88815957992,11292.72420314101,11527.500174100282,8171200,11181.20546875,449.66113729447574,12080.527743338951,10281.88319416105,0.6533721124546741,16.086320515304692,False,24.563169430244464,297.1507388814388,6648540.0,1.2290217100295704,12019766.663427353
2024-10-03,11269.2470703125,11504.02305094401,11222.291874186198,11504.02305094401,10296200,11209.37861328125,435.7425017939021,12080.863616869054,10337.893609693445,0.5343485296848363,15.54921166736646,False,23.842074396068448,296.0493415868941,6855590.0,1.5018692774801294,12019766.663427353
2024-10-04,11386.634765625,11504.022752899484,11198.813985985824,11269.246778350514,5569800,11231.68232421875,432.6641160973814,12097.010556413512,10366.354092023987,0.5895339107411527,15.40870204864796,False,23.067047739137735,296.70358625309166,6772250.0,0.8224445346819742,12019766.663427353
2024-10-07,11269.2470703125,11410.112658691407,11010.993491617839,11316.202266438802,4128800,11257.50771484375,417.72895663903876,12092.965628121829,10422.049801565672,0.5070257012843938,14.84267982648545,False,21.540372570084575,304.0189848831257,6774815.0,0.6094336155304609,12019766.663427353
2024-10-08,11550.9775390625,11597.93273231072,11198.813589700838,11269.246379573171,5779300,11290.3763671875,413.4288049961019,12117.233977179705,10463.518757195296,0.6575852775168003,14.6471221702626,False,20.8053695600959,310.8118532921798,6622305.0,0.8727021784710912,12019766.663427353
2024-10-09,11339.6796875,11527.5004690735,11316.202089803313,11457.067675983437,4270800,11313.853955078124,401.4671963212611,12116.788347720647,10510.919562435602,0.5160820937915495,14.19382636245066,False,20.12286676510642,305.38068157553744,6613855.0,0.6457353540408732,12019766.663427353
2024-10-10,11316.201171875,11480.544342420902,11292.723576082728,11339.678767667272,1908600,11336.1576171875,387.6722667454125,12111.502150678325,10560.813083696676,0.4871305952060752,13.679141728150876,False,19.378675574372718,296.9835447728687,6541355.0,0.2917744106534502,12019766.663427353
2024-10-11,11504.0224609375,11738.79842952806,11339.679282924106,11738.79842952806,4363700,11372.547900390626,365.8922598791493,12104.332420148925,10640.763380632327,0.5898314715582526,12.869315234683052,False,19.59935881161329,305.95595283573954,6622705.0,0.6588999510018942,12019766.663427353
2024-10-14,11597.9326171875,11738.798195533907,11410.111846058959,11504.022231623228,3228200,11420.677001953125,324.82189068816456,12070.320783329455,10771.033220576795,0.636425238196572,11.3766247178732,False,19.804278960479536,307.5795525956831,6551245.0,0.49276129956977643,12019766.663427353
2024-10-15,11809.23046875,11856.185659480616,11574.454515096919,11597.932110462227,4111700,11475.84931640625,288.70840473474846,12053.266125875747,10898.432506936751,0.7886832759943765,10.063164713116333,False,20.378624952168185,305.73323772339836,6592860.0,0.6236595347087607,12019766.663427353
2024-10-16,11738.798828125,11973.5748046875,11480.54525390625,11973.5748046875,3719000,11522.804541015625,246.18770567269655,12015.179952361017,11030.429129670232,0.7193390268201871,8.54610367801994,True,21.270123196210285,319.1115457989592,6682685.0,0.5565128387766295,12019766.663427353
2024-10-17,11738.798828125,11879.6644140625,11597.933242187499,11738.798828125,5359100,11560.368701171876,215.63337891615984,11991.635459004196,11129.101943339556,0.7068674709012692,7.461124622930103,True,22.09794299424938,316.441519090105,6574905.0,0.8150840202253873,12019766.663427353
2024-10-18,12020.529296875,12067.484489440918,11644.887756347656,11856.186122894287,5069700,11597.9328125,227.36847541513427,12052.669763330268,11143.19586166973,0.9646603751942903,7.84168969042765,True,23.41443288482441,324.02403437604477,6275155.0,0.8079003626205249,12019766.663427353
2024-10-21,11738.798828125,12020.529999999999,11738.798828125,12020.529999999999,3698000,11612.019384765625,226.90869753836546,12065.836779842355,11158.201989688894,0.639681119250552,7.816338916418202,True,24.63688778321551,321.00311562597005,6198080.0,0.5966363777169704,12019766.663427353
2024-10-22,11762.275390625,11903.140964165419,11668.36500826472,11832.70817739521,2545600,11616.71484375,229.09714546319321,12074.909134676387,11158.520552823613,0.6588415108585296,7.888534703473484,True,25.296956770485203,314.8440327884507,5706310.0,0.44610264777062586,12019766.663427353
2024-10-23,11832.7080078125,11879.663198319693,11738.797626798116,11738.797626798116,3484200,11623.75810546875,233.64854730737875,12091.055200083509,11156.461010853993,0.7235728669744979,8.040378858106207,True,25.909877972949914,302.4169998408169,5503535.0,0.6330840087325692,12019766.663427353
2024-10-24,11762.275390625,11903.140964165419,11738.79779503493,11832.70817739521,1918300,11612.019287109375,219.36800608680838,12050.755299282991,11173.283274935759,0.6712374860354131,7.55658428264345,True,26.563880029251955,292.55458336150775,4950535.0,0.3874934729276735,12019766.663427353
2024-10-25,11879.6630859375,12067.483846189476,11762.275110780016,11785.752705811512,3657800,11612.019287109375,219.36800608680838,12050.755299282991,11173.283274935759,0.8050169024217382,7.55658428264345,True,27.72444873198949,293.4584513649329,4776455.0,0.7657980657202884,12019766.663427353
2024-10-28,11879.6630859375,11879.6630859375,11738.797515748518,11809.23030084301,2159300,11627.2796875,227.09708759035905,12081.47386268072,11173.085512319281,0.7778364543502556,7.812561276374972,True,28.618285331007524,282.558959852365,4516315.0,0.4781110263566647,12019766.663427353
2024-10-29,11809.23046875,11903.140850211234,11785.752873384692,11879.663254845924,1739200,11633.149072265625,230.34726162557507,12093.843595516775,11172.454549014476,0.6911042866775985,7.920375134699908,True,29.529545698005002,270.76103249337757,4258925.0,0.40836596089388755,12019766.663427353
2024-10-30,11691.8427734375,11832.708349021084,11597.93238971511,11832.708349021084,3915400,11644.887841796875,226.85742947174955,12098.602700740374,11191.172982853377,0.5517449789389332,7.792515739223941,True,28.95277285144931,268.1906701228488,4046135.0,0.9676889179426786,12019766.663427353
2024-10-31,11574.455078125,11691.843060661764,11550.977481617647,11691.843060661764,2305900,11660.1482421875,209.8895400492368,12079.927322285974,11240.369162089028,0.39793064003761386,7.20023573250421,True,28.100111211117408,259.0960207600823,3646620.0,0.6323389878846712,12019766.663427353
2024-11-01,11363.15625,11691.842587809917,11363.15625,11668.364992252065,4011200,11658.97431640625,211.55885344482863,12082.092023295907,11235.856609516592,0.1504305284446606,7.258232077829624,False,26.171371647975047,264.06675769221334,3568690.0,1.1239978815755922,12019766.663427353
2024-11-04,11574.455078125,11738.79825367647,11222.291130514706,11433.589499080883,3534000,11674.234716796875,192.0778898803842,12058.390496557644,11290.078937036105,0.3701312801619023,6.581258456420212,True,24.938439849233042,282.09821236860984,3538950.0,0.99860128004069,12019766.663427353
2024-11-05,11832.7080078125,11832.7080078125,11550.976864769345,11738.797626798116,3941300,11688.321240234374,192.89174071542547,12074.104721665226,11302.537758803523,0.6871344608154325,6.601178620979037,True,23.277368067125355,282.0719931310773,3447050.0,1.143383472824589,12019766.663427353
2024-11-06,11410.111328125,11738.797662680041,11316.20094682356,11738.797662680041,4396900,11691.842822265626,186.7363806336749,12065.315583532976,11318.370060998275,0.12282189846377015,6.388603865869959,False,22.79938809687453,298.81735512092473,3453355.0,1.27322560234902,12019766.663427353
2024-11-07,11339.6796875,11504.022871376812,11081.42611283644,11457.067675983437,7684900,11693.016748046875,184.30862320062548,12061.633994448126,11324.399501645625,0.020726357764799717,6.304912655886207,False,23.191639421213633,307.6587410794567,3742170.0,2.053594572133281,12019766.663427353
2024-11-08,11363.15625,11433.589036673553,11269.245867768594,11339.678654442148,2920900,11685.9734375,194.3302460786304,12074.633929657262,11297.31294534274,0.0847054254110025,6.6517435494087245,False,23.555872793814228,297.42191449556407,3670030.0,0.7958790527597867,12019766.663427353
2024-11-11,11222.291015625,11269.246208158997,10940.559860421024,11269.246208158997,3367300,11667.191357421874,219.77446788540664,12106.740293192688,11227.64242165106,-0.006087383668300723,7.5347857475775895,False,24.84456724541699,306.36294843009347,3676985.0,0.9157774644171788,12019766.663427353
2024-11-12,11128.380859375,11339.679230122627,11104.903262625265,11222.291246373945,3318200,11633.148876953124,247.58617341732534,12128.321223787774,11137.976530118474,-0.009689223161202251,8.513126618978543,False,25.625882523940135,301.24959264918414,3637310.0,0.9122675823616904,12019766.663427353
2024-11-13,11128.380859375,11269.246439873417,11081.425665875528,11128.380859375,4027500,11602.627978515626,270.4458002553803,12143.519579026386,11061.736378004865,0.0616061344890572,9.32360498866842,False,26.41802326467672,293.1475341740917,3652735.0,1.1025984638907558,12019766.663427353
2024-11-14,10752.7392578125,11128.380803936954,10752.7392578125,11128.380803936954,5482800,11553.325,328.05891240225276,12209.442824804506,10897.207175195495,-0.11009296800162427,11.35807786597374,False,27.9657404907472,299.039967558978,3658920.0,1.4984749598242104,12019766.663427353
2024-11-15,10964.037109375,11010.992300421574,10752.738749665417,10752.738749665417,3792500,11500.500390625,333.87690183743564,12168.254194299872,10832.746586950128,0.09830758110424534,11.612604338837514,False,29.402907595614508,296.12665207306225,3595060.0,1.0549198066235335,12019766.663427353
2024-11-18,11245.7685546875,11292.723746982645,11034.470189359343,11034.470189359343,2830700,11475.848876953125,333.55739239688256,12142.96366174689,10808.73409215936,0.3275556714450923,11.626412859680071,False,29.134492240647738,298.45236532553247,3551695.0,0.7969997423765273,12019766.663427353
2024-11-19,11175.3359375,11292.723920036764,11057.947954963234,11245.76872702206,5336100,11446.501904296874,332.84998433720773,12112.201872971289,10780.80193562246,0.2963301941136954,11.631500597130366,False,28.885248511379753,293.904051021818,3691220.0,1.445619605442103,12019766.663427353
2024-11-20,11081.4248046875,11198.812779313428,10940.559235136388,11198.812779313428,2082200,11408.937744140625,329.34527883233676,12067.628301805298,10750.247186475952,0.25139089543480625,11.546921763210811,False,29.016198588685903,291.35758624719097,3621120.0,0.5750154648285614,12019766.663427353
2024-11-21,11081.4248046875,11175.335184388243,10964.036830061574,11081.4248046875,4577300,11374.89521484375,326.0721019846713,12027.039418813092,10722.751010874406,0.2749957690568962,11.466377345055852,False,29.137795089041617,285.6390696814394,3754070.0,1.2192899972563112,12019766.663427353
2024-11-22,11269.2470703125,11480.54545288086,11198.814276123047,11339.679864501953,7267400,11344.3744140625,304.1708175999569,11952.716049262413,10736.032778862587,0.43825234095204413,10.72499219429521,False,27.657434558644788,293.74489671800524,3934550.0,1.8470727275037806,12019766.663427353
2024-11-25,11222.291015625,11316.201400692991,11081.425438023012,11269.246208158997,9711300,11311.505810546874,277.6443513888013,11866.794513324478,10756.217107769271,0.4196680983463071,9.818121690922013,False,26.714671607209123,289.5328300002891,4312150.0,2.252078429553703,12019766.663427353
2024-11-26,11245.7685546875,11433.589323868084,11175.33576624478,11433.589323868084,4931800,11283.33271484375,251.8728183970896,11787.078351637929,10779.58707804957,0.46271515084943826,8.929022116514897,False,25.296611864998653,287.2985962590759,4471780.0,1.1028717870736038,12019766.663427353
2024-11-28,11175.3359375,11245.76872702206,10940.55997242647,11245.76872702206,3166900,11257.507373046876,233.59910402950874,11724.705581105893,10790.309164987859,0.412059342127768,8.300207009903444,False,24.811937390462532,288.5778932831126,4434355.0,0.7141737637153543,12019766.663427353
2024-11-29,11175.3359375,11292.723920036764,11104.90314797794,11245.76872702206,4519900,11237.551416015625,221.85032641865962,11681.252068852944,10793.850763178307,0.4298902558315184,7.89674968169599,False,24.139820220803507,281.38095605280625,4545055.0,0.9944654135098475,12019766.663427353
2024-12-02,11128.380859375,11269.246439873417,10987.515278876583,10987.515278876583,4943400,11225.812646484375,221.06434419632333,11667.941334877021,10783.68395809173,0.389815126605347,7.877001021054967,False,23.91433262287183,281.4059706916654,4591665.0,1.076602931616309,12019766.663427353
2024-12-03,11198.8134765625,11245.768669336347,11010.992705467112,11198.8134765625,6398300,11207.03056640625,205.2779272133264,11617.586420832904,10796.474711979597,0.4899927260138258,7.3267553254886115,False,23.70495128193527,278.07525591863464,4734880.0,1.3513119656675565,12019766.663427353
2024-12-04,11081.4248046875,11198.812779313428,11057.947209762315,11081.4248046875,4248900,11169.46640625,144.49999904322192,11458.466404336443,10880.466408163556,0.34767888902171307,5.1748219221059655,True,23.510525751065607,268.2746138387454,4750260.0,0.894456303444443,12019766.663427353
2024-12-05,11175.3359375,11222.291130514706,11057.947954963234,11104.90314797794,4593600,11157.72763671875,133.00044390844576,11423.728524535642,10891.726748901858,0.5330981992687398,4.768011847529147,True,23.189891605786542,260.85093967536875,4760095.0,0.9650227568987594,12019766.663427353
2024-12-06,11104.9033203125,11175.33611092759,11057.948126569107,11175.33611092759,1582600,11145.988818359376,126.28728860645047,11398.563395572277,10893.414241146475,0.4186666003755323,4.532116106143352,True,22.89215989945598,250.60358572416268,4454980.0,0.355242896713341,12019766.663427353
2024-12-09,11057.9482421875,11081.425839304671,10987.515450835986,11081.425839304671,4161700,11130.72841796875,116.74374981431365,11364.215917597377,10897.240918340123,0.34414545554470655,4.195367829686681,True,22.92452294609756,241.0881774207592,4517020.0,0.9213375189837548,12019766.663427353
2024-12-10,11010.9921875,11081.424973347548,10893.60421108742,11057.947378065033,3743300,11120.1634765625,117.57945916930397,11355.322394901108,10885.004558223893,0.2678776339128599,4.2294147713609105,True,23.34445717577521,237.28336205214268,4535820.0,0.8252752534271642,12019766.663427353
2024-12-11,11010.9921875,11081.424973347548,10940.559401652452,10940.559401652452,3453500,11114.29404296875,120.0516325572192,11354.397308083187,10874.190777854312,0.284880360915721,4.320621070239448,True,23.734396103333026,230.39637702663939,4542585.0,0.7602499457907778,12019766.663427353
2024-12-12,10893.6044921875,10940.55968396417,10705.783725080819,10917.082088075835,3262700,11102.555224609376,129.69294454118176,11361.941113691739,10843.169335527013,0.09722031687790196,4.672544001536171,True,24.966736897807515,235.74009741182095,4504345.0,0.7243450490581872,12019766.663427353
2024-12-13,11128.380859375,11198.81364962421,10917.082488627373,10917.082488627373,4752600,11121.3373046875,100.21696451496999,11321.77123371744,10920.90337565756,0.517570764395003,3.604493300377809,True,24.41366099558192,240.70217312788444,4467835.0,1.0637366867845388,12019766.663427353
2024-12-16,11081.4248046875,11175.335184388243,11010.992019911944,11128.37999453787,3537900,11127.206689453125,93.74826937789852,11314.703228208922,10939.710150697329,0.3779127202309223,3.3700558278209134,True,23.90009051494387,235.24795822419975,4455105.0,0.7941226974448413,12019766.663427353
2024-12-17,10823.171875,11010.992645065075,10729.26148996746,10893.604663774404,3251800,11106.07685546875,111.55288503740108,11329.182625543552,10882.971085393947,-0.13401538286951856,4.01772422392238,True,24.462441943574582,243.5990551167597,4476160.0,0.7264709036316843,12019766.663427353
2024-12-18,10635.3505859375,10846.648941949503,10471.007420150387,10799.693751724613,7023500,11079.077587890624,151.94252175550793,11382.96263140164,10775.192544379608,-0.230090228901046,5.485746283484123,False,25.70519314690037,253.0306598797852,4560530.0,1.5400622296092779,12019766.663427353
2024-12-19,10517.962890625,10682.306060791016,10259.709337506976,10682.306060791016,7376500,11050.9044921875,197.03243068108694,11444.969353549674,10656.839630825325,-0.1762105097626139,7.13181190988956,False,27.337843161948584,265.14252155151763,4825245.0,1.5287306654895243,12019766.663427353
2024-12-20,10564.91796875,10705.783541666666,10377.097204861111,10588.39556423611,3806300,11025.079150390626,224.7251235540259,11474.529397498678,10575.628903282573,-0.011915595331732493,8.153233931062127,False,28.709509072315353,269.6813654982346,4786695.0,0.7951833154190939,12019766.663427353
2024-12-23,10729.26171875,10776.216912267506,10564.918541438732,10564.918541438732,2328700,10998.0798828125,226.27847453494914,11450.636831882399,10545.522933742603,0.20300073326132778,8.229744717114515,False,29.54249475847773,265.5111924996111,4539760.0,0.5129566320686556,12019766.663427353
2024-12-24,10870.1279296875,10917.083125928051,10447.531163522543,10729.262340965848,1809000,10980.471728515626,221.5658558385566,11423.603440192739,10537.340016838512,0.3754954837123828,8.071269115448418,False,29.482338532389402,280.0855332071753,4144645.0,0.43646681440750656,12019766.663427353
2024-12-27,10729.26171875,10846.649702543764,10635.35133171499,10823.172105785012,5274600,10954.64638671875,219.10370513177904,11392.853796982308,10516.438976455192,0.24283334479305843,8.000393527897605,False,29.426479179593098,276.8491806904135,4161785.0,1.2673888728033764,12019766.663427353
2024-12-30,10682.3056640625,10705.783258928572,10471.007310267856,10705.783258928572,2852100,10929.994873046875,220.69673015410572,11371.388333355086,10488.601412738664,0.21942356281012673,8.076736822570286,False,29.88960884074985,275.5209826755371,4146045.0,0.6879085972294078,12019766.663427353
2025-01-02,10541.44140625,10682.30699297049,10447.531015103006,10682.30699297049,846100,10898.300146484375,228.9707326883515,11356.241611861078,10440.358681107671,0.1103664253892995,8.40390628302577,False,30.38978127782089,272.6106251892476,3962355.0,0.21353462776555862,12019766.663427353
2025-01-03,10682.3056640625,10682.3056640625,10541.440094866071,10541.440094866071,1377300,10875.99638671875,227.09743563034783,11330.191257979446,10421.801515458055,0.28677574878968903,8.352243879288828,False,30.854227112244,263.20026404690344,3784050.0,0.36397510603718236,12019766.663427353
2025-01-06,10494.4853515625,10682.306118480845,10471.007755697707,10682.306118480845,1981900,10840.77998046875,229.00557924658042,11298.79113896191,10382.76882197559,0.121958305507724,8.449782383155718,False,31.513595365944575,259.49298538520594,3563230.0,0.556208832997028,12019766.663427353
2025-01-07,10259.7099609375,10494.485932583666,10259.7099609375,10424.053141089817,3994000,10799.69423828125,255.71357569996135,11311.121389681173,10288.267086881327,-0.027919055397878697,9.471141314114009,False,32.72720027200748,257.72748440384595,3550485.0,1.1249167367275175,12019766.663427353
2025-01-08,10424.052734375,10541.440715617962,10259.709560634854,10259.709560634854,5788600,10762.130078125,252.79258752540463,11267.71525317581,10256.54490307419,0.16565738036521405,9.395633975442417,False,33.50903295832076,259.4420323023647,3610235.0,1.6033859291708157,12019766.663427353
2025-01-09,10353.6201171875,10424.05290710034,10353.6201171875,10424.05290710034,1495000,10724.56591796875,254.98641077397454,11234.5387395167,10214.5930964208,0.13630826476664304,9.510367607391975,False,34.23502045275452,245.94137213168437,3605855.0,0.4146034712987627,12019766.663427353
2025-01-10,10400.5751953125,10447.530388067862,10283.187213424097,10353.62000255714,2469200,10691.697265625,252.10300443275182,11195.903274490503,10187.491256759497,0.21130642515789952,9.431729992703442,False,35.12465962724319,240.11292945397588,3521230.0,0.701232239870727,12019766.663427353
2025-01-13,10424.052734375,10447.530330623593,10306.664753132038,10377.097541877814,3913400,10662.35029296875,247.0906528645412,11156.531598697831,10168.168987239667,0.2588966277850383,9.269650539524445,False,35.95075314641124,233.02383288523154,3529735.0,1.1086951286711326,12019766.663427353
2025-01-14,10095.3662109375,10424.052552688952,10095.3662109375,10424.052552688952,3999700,10616.568994140625,263.3811782563236,11143.331350653272,10089.806637627978,0.0052771171295609015,9.923400993359936,False,37.31601256593484,239.85688221039356,3557045.0,1.124444588134252,12019766.663427353
2025-01-15,10118.84375,10236.231728538283,9954.500580046404,10095.366154292344,4810100,10577.83095703125,277.10840527709365,11132.047767585438,10023.614146477063,0.08591367287083261,10.47883659335265,False,38.90905901702057,242.8479012304997,3634415.0,1.3234867234479277,12019766.663427353
2025-01-16,10259.7099609375,10353.620349595967,10095.366780785183,10142.321975114415,3687800,10534.397412109374,253.33134262051752,11041.06009735041,10027.734726868339,0.22892472726583685,9.619205834376869,False,39.437749702716715,243.94830605766285,3581175.0,1.0297737474432274,12019766.663427353
2025-01-17,10165.798828125,10377.097187139145,10048.41085089492,10236.23161446305,2690000,10488.61611328125,231.02358222768999,10950.66327773663,10026.56894882587,0.15066630639670886,8.810450482029006,False,40.06163384263069,250.00102249956018,3538780.0,0.7601489778963372,12019766.663427353
2025-01-20,9884.0673828125,10142.320924881236,9884.0673828125,10142.320924881236,2593900,10441.660888671875,253.76343758153317,10949.187763834942,9934.134013508808,-0.04932411774275231,9.721190538062404,False,41.06880874016569,252.26748127191303,3505885.0,0.7398702467422633,12019766.663427353
2025-01-21,10330.142578125,10682.306529651989,9860.590642755682,9884.068239524147,5679300,10426.40048828125,250.6606850084763,10927.721858298202,9925.079118264297,0.4039958039760059,9.616384304063759,False,38.80789176703327,292.9423673879412,3438675.0,1.6515954546445941,12019766.663427353
2025-01-22,10682.3056640625,10776.216043526785,10424.052120535714,10517.9625,5640100,10434.617626953124,256.4471997855433,10947.512026524211,9921.723227382037,0.7414610466759896,9.830631421438115,False,36.30551710894159,303.8803029603587,3351855.0,1.6826801875379453,12019766.663427353
2025-01-23,10588.396484375,10799.694862111974,10588.396484375,10705.784472006651,2962600,10435.791552734376,257.127897231778,10950.047347197931,9921.53575827082,0.6483745378112984,9.85561644969443,False,33.88039250114508,297.2673083015455,3309670.0,0.8951345602431663,12019766.663427353
2025-01-24,10729.26171875,10940.560089578776,10330.142573851204,10330.142573851204,4293800,10435.791552734376,257.127897231778,10950.047347197931,9921.53575827082,0.7853348170065413,9.85561644969443,False,32.60184449620705,319.6351802605474,3407925.0,1.2599455680509402,12019766.663427353
2025-01-30,10870.1279296875,10940.560724048326,10682.307144725297,10729.262340965848,2052100,10435.791552734376,257.127897231778,10950.047347197931,9921.53575827082,0.922296045692787,9.85561644969443,False,31.414618289977195,315.25078019358176,3420080.0,0.6000152043227059,12019766.663427353
2025-01-31,10799.6943359375,11128.380685292119,10752.739143172554,10964.03751061481,2701400,10439.31318359375,261.7987188627566,10962.910621319263,9915.715745868236,0.8441395300836767,10.031262182044513,False,29.43975250259341,319.56440604543775,3291420.0,0.820739984565932,12019766.663427353
2025-02-03,10541.44140625,10870.127775264476,10353.620623956014,10752.739786330736,3242900,10432.269970703124,256.7638179654335,10945.79760663399,9918.742334772258,0.6062955797393277,9.84498363966812,False,28.940848531303082,333.63174499279665,3310960.0,0.9794440283180709,12019766.663427353
2025-02-04,10424.052734375,10729.2614856067,10353.619945629223,10729.2614856067,2543100,10426.400537109375,255.47536926563194,10937.35127564064,9915.44979857811,0.49770251556820905,9.801095530767341,False,28.4775825267426,336.6324446345595,3395810.0,0.7488934893294973,12019766.663427353
2025-02-05,10236.2314453125,10517.962586009175,10165.79866013833,10424.052205776949,4420400,10404.096826171875,251.3975003821072,10906.89182693609,9901.301825407661,0.33306777055834735,9.665327210323827,False,28.578214015568914,337.7418361514369,3547965.0,1.2458972960556263,12019766.663427353
2025-02-06,10283.1865234375,10400.574497449343,10212.753739030393,10400.574497449343,3635900,10393.531884765625,251.8385256276354,10897.208936020896,9889.854833510355,0.390460205549249,9.69212500311925,False,28.671657540907635,327.03318774197356,3630665.0,1.0014418846134248,12019766.663427353
2025-02-07,10682.3056640625,10705.783258928572,10142.320982142857,10400.574525669643,4344400,10414.661669921876,257.6802229521889,10930.022115826254,9899.301224017498,0.7596667985170557,9.896825499243397,False,27.33916064437535,343.9209798165265,3648185.0,1.1908387321366651,12019766.663427353
2025-02-10,10588.396484375,11128.381227480599,10517.963691796009,10752.739667059312,6793800,10422.878857421874,260.59930918097365,10944.07747578382,9901.680239059928,0.6587855580597318,10.00104914374619,False,26.130494271607258,362.9564480928167,3698445.0,1.8369341709826696,12019766.663427353
2025-02-11,10541.44140625,10682.30699297049,10330.143026169266,10541.44140625,4041900,10432.269921875,261.3552192566299,10954.980360388261,9909.55948336174,0.6044282611664642,10.021029793663804,False,24.36424477040595,362.1855565719887,3825790.0,1.0564876796687743,12019766.663427353
2025-02-12,10471.0087890625,10541.441583607762,10353.620798153726,10517.963985426008,2337100,10435.7916015625,261.38019914571487,10958.55199985393,9913.03120327107,0.5336838708661777,10.018605550021896,False,22.724155947861878,349.7309300635635,3819185.0,0.6119368399278904,12019766.663427353
2025-02-13,10541.44140625,10705.78459075724,10330.143026169266,10471.008612889755,3580600,10441.66103515625,262.4186727968815,10966.498380750014,9916.823689562487,0.5950583756390899,10.052755856116715,False,21.74005986965529,351.58168967244995,3802545.0,0.9416325119097867,12019766.663427353
2025-02-14,10823.171875,10987.515048806941,10541.440719902386,10541.440719902386,6318600,10478.051318359376,262.3329541895609,11002.717226738498,9953.385409980254,0.828895542028663,10.014570313466887,False,21.631226735552907,358.33116390331463,3918490.0,1.612508900112033,12019766.663427353
2025-02-17,10799.6943359375,10940.559914232337,10752.739143172554,10823.171932319972,1815500,10512.09384765625,257.3957914629779,11026.885430582206,9997.302264730293,0.779336820783467,9.794272965718111,False,21.53016739674355,346.1518501287767,3768760.0,0.4817234315796177,12019766.663427353
2025-02-18,10823.171875,11010.992645065075,10729.26148996746,10799.694278741865,4037000,10540.266943359375,259.1480700685784,11058.563083496532,10021.970803222217,0.7729182312314343,9.834592291112642,False,21.633749054840294,341.550371912265,3786220.0,1.066234925598618,12019766.663427353
2025-02-19,10940.560546875,11057.948535575375,10823.172558174625,10917.082949134925,4837300,10579.005029296875,258.130172774113,11095.265374845101,10062.74468374865,0.8501678181327122,9.760092638552013,False,21.86344248439507,333.92367824534426,3893585.0,1.2423768840284726,12019766.663427353
2025-02-20,10846.6494140625,10987.514990868507,10729.261433390828,10964.037394734172,2565800,10627.134130859375,206.2649690494698,11039.664068958315,10214.604192760435,0.7660598212759016,7.7637100090987605,False,21.63374873769406,328.5186696190825,3892180.0,0.6592192550190382,12019766.663427353
2025-02-21,10799.6943359375,10964.03751061481,10635.35116126019,10823.171932319972,4313200,10650.61171875,197.2052912443241,11045.022301238649,10256.201136261352,0.688994190073222,7.406346093610818,False,20.990127373487756,328.5306467430494,3823875.0,1.1279657415579745,12019766.663427353
2025-02-24,11151.8583984375,11269.246381578947,10729.26165912829,10776.216852384869,3749400,10674.08935546875,226.89301330093247,11127.875382070615,10220.303328866885,1.0264254681291967,8.502571254368842,False,21.334301448716936,343.6345092935928,3729340.0,1.005378967860265,12019766.663427353
2025-02-25,10635.3505859375,11151.857678411287,10635.3505859375,11151.857678411287,4676200,10676.437060546876,226.2015333300672,11128.84012720701,10224.033993886742,0.4545908531161198,8.474794804568642,False,21.225938962935047,355.9826023797648,3815020.0,1.2257340721673806,12019766.663427353
2025-02-26,9860.5908203125,10635.351527622768,9649.292445591518,10635.351527622768,10117200,10633.003515625,289.9419839097774,11212.887483444554,10053.119547805445,-0.16600625140308695,10.907246799409515,False,21.28984635992533,400.98806521201374,4106190.0,2.463889883322496,12019766.663427353
2025-02-27,9766.6796875,9954.500450721154,9602.33651968149,9860.590069110576,10113900,10577.831103515626,342.6421958307369,11263.115495177099,9892.546711854153,-0.0918356129846968,12.956992505461978,False,21.44727959653204,397.5006270568459,4509280.0,2.242907958698506,12019766.663427353
2025-02-28,9813.634765625,9931.022741290371,9578.858814294259,9649.29159969348,9319700,10528.528125,378.14136092798594,11284.810846855973,9772.245403144028,0.027363683768550955,14.366352312061137,False,21.644865709385527,394.26229133822204,4840195.0,1.9254802750715623,12019766.663427353
2025-03-03,9931.0234375,10071.889018173759,9719.725066489362,9813.6354536052,3313000,10498.0072265625,400.9883501371173,11299.983926836736,9696.030526288265,0.14650856510630514,15.278646374809885,False,21.320023171716702,391.2552670772345,4843700.0,0.6839812540000413,12019766.663427353
2025-03-04,9931.0234375,10001.45622783688,9766.680260047282,9931.0234375,3491200,10473.35576171875,420.4564523250849,11314.26866636892,9632.442857068581,0.17753359401449073,16.05813692921226,False,21.018383672452792,380.0781742709747,4891105.0,0.7137855351704778,12019766.663427353
2025-03-05,9766.6796875,10001.455641526441,9766.6796875,9954.500450721154,5465900,10449.878173828125,446.68534359758445,11343.248861023294,9556.507486632956,0.11762877598262245,17.09820291364983,False,20.738291450926702,369.69944425350803,4943380.0,1.1057009576443648,12019766.663427353
2025-03-06,9719.724609375,9884.067779098732,9696.247013700182,9696.247013700182,3741000,10421.705078125,474.6462273967075,11370.997532918414,9472.412623331586,0.13026121970875382,18.21760350493826,False,20.682750746909655,356.7081100495825,4948635.0,0.7559660391198785,12019766.663427353
2025-03-07,9907.5458984375,10071.889076847601,9649.292332364485,9719.725123111672,3290700,10382.96708984375,483.7858456405635,11350.538781124878,9415.395398562623,0.25432249843070426,18.637672312908933,False,19.857895959088314,361.41444108054924,4895950.0,0.6721269620809036,12019766.663427353
2025-03-10,9954.5009765625,10071.888959776681,9837.112993348319,9907.545783276828,3750000,10351.272314453125,490.3391384248104,11331.950591302746,9370.594037603503,0.29770565574000873,18.9479756122411,False,19.09195937039707,352.36883574825015,4743760.0,0.7905121675632831,12019766.663427353
2025-03-11,9790.158203125,9931.023788781475,9696.24781268735,9766.680605515588,1234500,10313.708154296875,503.60178413234206,11320.91172256156,9306.504586032192,0.24009725160430961,19.531356776758603,False,18.853127458924114,345.6462877573144,4603390.0,0.26817193416156354,12019766.663427353
2025-03-12,10259.7099609375,10306.665155266734,9860.590809139016,9860.590809139016,4504800,10303.143212890625,502.34294943501476,11307.829111760655,9298.457314020596,0.47838466131455876,19.50251254613314,False,17.81095989093304,357.8506209276301,4711775.0,0.9560728175687506,12019766.663427353
2025-03-13,10330.142578125,10400.575368430398,10118.844207208806,10330.142578125,3685600,10292.578271484375,499.2800561609042,11291.138383806185,9294.018159162566,0.5188092365081967,19.40349805428876,False,17.14737374839867,352.41351666291314,4717025.0,0.7813399335386181,12019766.663427353
2025-03-14,10095.3662109375,10353.619765170784,10071.88861509811,10353.619765170784,2173400,10256.18798828125,484.8878809972466,11225.963750275743,9286.412226286757,0.41708300844053103,18.911037182675706,False,16.349890792995765,347.3647761921818,4509765.0,0.4819319853695259,12019766.663427353
2025-03-17,10283.1865234375,10330.141713042238,10024.932980611444,10071.888170216182,1895300,10230.36259765625,467.873106985286,11166.108811626822,9294.61638368568,0.528225562119619,18.29351022582422,False,15.42338016910332,344.35363020922557,4513755.0,0.41989430086480106,12019766.663427353
2025-03-18,10165.798828125,10283.18680535508,9884.067682772806,10283.18680535508,3133000,10197.4939453125,446.6447025176524,11090.783350347805,9304.204540277196,0.48225932323341053,17.519782994250743,False,14.62339218840783,348.2654510930148,4468555.0,0.7011215034837884,12019766.663427353
2025-03-19,10071.8896484375,10118.844844933712,9813.636067708334,10118.844844933712,3129100,10154.060400390625,411.4312198066842,10976.922840003994,9331.197960777256,0.4500701769838143,16.207554557814404,False,14.141117907641611,348.5438303304185,4383145.0,0.7138937908739045,12019766.663427353
2025-03-20,9954.5009765625,10071.888959776681,9884.068186633991,10071.888959776681,2096000,10109.452978515625,379.51390682886006,10868.480792173345,9350.425164857905,0.39792732284313925,15.016199497060587,False,13.693291789787267,337.063661149925,4359655.0,0.4807719876916866,12019766.663427353
2025-03-21,9931.0234375,10071.889018173759,9837.113050384161,9954.50103427896,4579600,10066.01943359375,344.4492031280457,10754.917839849842,9377.121027337658,0.4020203887338021,13.687603343124941,False,13.465706266047395,329.757397338473,4372975.0,1.0472504416329844,12019766.663427353
2025-03-24,9790.158203125,9884.06859356265,9320.606250936751,9860.590995953238,8524900,9997.934423828125,236.04210228622938,10470.018628400583,9525.850219255666,0.27993733036323837,9.44363474613992,True,14.872347951288464,349.80452514024273,4611750.0,1.8485173740987695,12019766.663427353
2025-03-25,9743.203125,10024.934299698796,9743.203125,9813.6359186747,2272600,9953.32705078125,188.81819761540154,10330.963446012054,9575.690655550447,0.221790684855962,7.5881440106233145,True,15.520366982863061,344.9421429658537,4491570.0,0.505970072825315,12019766.663427353
2025-03-26,9907.5458984375,9931.023495353229,9672.769929280214,9813.635510774586,3818000,9955.6748046875,187.89408967541897,10331.462984038339,9579.886625336661,0.4359627192995519,7.549225677277118,True,16.317242173320018,338.7501017592224,4176610.0,0.9141384998838771,12019766.663427353
2025-03-27,9555.3818359375,9813.635399070947,9484.949045992014,9719.725012476965,6715200,9945.109912109376,204.30402489406055,10353.717961897497,9536.501862321255,0.0231027920595733,8.21726563907738,True,17.546953371841948,344.73915537966974,4006675.0,1.6760031697105455,12019766.663427353
2025-04-08,9109.3076171875,9391.03878060567,8921.486841575386,9391.03878060567,13575500,9909.8935546875,276.20915822144445,10462.311871130389,9357.475238244611,-0.22461929091625976,11.148824422671789,True,19.790363324186895,365.39314387841574,4219465.0,3.2173510148798483,12019766.663427353
2025-04-09,8991.919921875,9461.471876019908,8874.531933338772,9109.307910411228,6675700,9862.93837890625,343.94551515892783,10550.829409224107,9175.047348588394,-0.13310787511560926,13.949007970870847,False,21.551283701018907,381.2179152214672,4387600.0,1.5214923876378885,12019766.663427353
2025-04-10,9391.0390625,9484.949453125,9179.740683593749,9226.69587890625,6369200,9835.93916015625,359.17640175088826,10554.291963658026,9117.586356654472,0.19033315142122317,14.606694730518557,False,23.075456633713898,389.2044592235053,4531500.0,1.4055390047445657,12019766.663427353
2025-04-11,9320.60546875,9344.08306438917,8968.441534162468,9062.351916719144,5910000,9813.63544921875,377.1059387963228,10567.847326811396,9059.423571626103,0.1731488888490847,15.37069277731706,False,24.875862567000084,391.58967844593576,4553705.0,1.2978442828422132,12019766.663427353
2025-04-14,9696.2470703125,9719.724666124393,9320.605537322184,9320.605537322184,3364000,9812.461572265625,377.45003979988206,10567.361651865389,9057.561492665862,0.4230265666320101,15.386558694577648,False,24.926400299139477,392.1275012265399,4534855.0,0.7418098263340284,12019766.663427353
2025-04-15,9837.1123046875,9837.1123046875,9437.993189700179,9696.246734691975,5346100,9808.939892578124,376.84428609752155,10562.628464773168,9055.25132038308,0.5186896903765744,15.367380786282887,False,24.533868443361783,392.62690220945285,4637625.0,1.152766771785127,12019766.663427353
2025-04-16,9625.814453125,9837.112819169208,9578.859260670732,9837.112819169208,3047800,9792.50556640625,377.32896851925994,10547.16350344477,9037.847629367729,0.3895584972342637,15.412969273715154,False,24.169372604696452,383.0288062300974,4602515.0,0.6622031650086964,12019766.663427353
2025-04-17,9954.5009765625,10095.366556419516,9484.949043705778,9625.814623562796,7789900,9800.722705078126,379.06064190801675,10558.84398889416,9042.601421262092,0.6014206267302807,15.470722040186327,False,22.883050717751857,399.2708566932147,4930285.0,1.5800100805531525,12019766.663427353
2025-04-21,9907.5458984375,9954.501092268958,9766.680316943128,9954.501092268958,1425200,9783.114501953125,364.51794785665857,10512.150397666443,9054.078606239807,0.585339691238815,14.90396326380052,False,21.68860896558902,384.16727945268724,4776305.0,0.2983896547645094,12019766.663427353
2025-04-22,9837.1123046875,9907.545089685262,9813.634709688245,9907.545089685262,1806100,9758.46298828125,341.5225550027465,10441.508098286742,9075.417878275757,0.5575725638425388,13.999030601965663,False,20.57948448143781,363.4347015452992,4682330.0,0.3857267642391715,12019766.663427353
2025-04-23,10048.4111328125,10095.366325021905,9766.679979556075,9837.112767870181,7661100,9756.115234375,339.238416553542,10434.592067482085,9077.638401267915,0.7154059535820338,13.908749882668832,False,19.36462146651448,360.95267611105146,4956715.0,1.5456002614634894,12019766.663427353
2025-04-24,10330.142578125,10330.142578125,10048.41141690341,10048.41141690341,4147600,9758.463037109375,343.21731385863677,10444.897664826649,9072.028409392102,0.9164122248004409,14.068498801643406,False,18.993165216765366,355.29401676829775,5069330.0,0.8181751829137184,12019766.663427353
2025-04-25,10330.142578125,10471.008158735794,10236.232191051136,10424.052965198864,4395500,9766.680224609376,355.23965029405,10477.159525197476,9056.200924021276,0.8965367837241828,14.549043979097128,False,19.054591444237143,346.6855846908949,5132455.0,0.8564127693277389,12019766.663427353
2025-04-28,10330.142578125,10400.575368430398,10189.276997514204,10353.620174893465,1094100,9779.59287109375,371.2504670442583,10522.093805182267,9037.091937005232,0.8707400770526281,15.184700301444673,False,18.912685042047745,337.01506942127344,5030705.0,0.21748442812687288,12019766.663427353
2025-04-29,10564.91796875,10588.39556423611,10236.231631944444,10330.142013888888,2295500,9810.113720703124,409.5069882292754,10629.127697161675,8991.099744244573,0.9608005905532158,16.697339088539117,False,19.319948171570484,338.097131054873,5040680.0,0.4553949070363522,12019766.663427353
2025-04-30,10658.8291015625,10658.8291015625,10377.097935882433,10564.918713002478,2335600,9846.50400390625,451.0477322519539,10748.599468410157,8944.408539402342,0.9502434219104379,18.323162497999963,False,19.888987673360948,334.0709906709583,4928480.0,0.4738986462357563,12019766.663427353
2025-05-02,10330.142578125,10658.828932883522,9907.545836292613,10658.828932883522,10223300,9873.50322265625,463.48731564812965,10800.47785395251,8946.528591359991,0.7463062850113791,18.777015824923737,False,18.573011809314362,363.8718674280246,5013400.0,2.039194957513863,12019766.663427353
2025-05-05,10517.962890625,10635.35086931501,10377.097316196987,10377.097316196987,3839600,9912.2412109375,483.94904348088033,10880.13929789926,8944.34312397574,0.8129057117928938,19.529348940656316,False,17.351034221271103,359.6816119824522,5091750.0,0.7540825845730839,12019766.663427353
2025-05-06,10588.396484375,10893.605252217294,10564.918886848669,10564.918886848669,4443700,9946.283740234376,506.99905994174566,10960.281860117868,8932.285620350884,0.8166242281664204,20.3894870962046,False,17.02272316514255,360.82166552601234,5123035.0,0.8673959869491424,12019766.663427353
2025-05-07,10400.5751953125,10705.783948222348,10400.5751953125,10658.828755466986,4410500,9988.543408203124,507.9251771198307,11004.393762442785,8972.693053963463,0.7028014192197488,20.34031014783178,False,16.1315234637076,356.84931462485775,5007800.0,0.8807260673349575,12019766.663427353
2025-05-08,10705.7841796875,10705.7841796875,10424.053017064145,10517.963404605263,3008000,10068.367236328126,487.5132172479863,11043.393670824098,9093.340801832153,0.8268716215314095,19.36811424553399,False,15.303981636684492,353.1607196070108,4479425.0,0.6715147591487747,12019766.663427353
2025-05-09,10517.962890625,10705.783656529018,10447.530103410994,10705.783656529018,2031000,10144.669384765624,425.6679381175691,10996.005261000762,9293.333508530486,0.7192398536698531,16.783905792210437,False,14.535549940163031,346.38167365483184,4247190.0,0.47819852655520473,12019766.663427353
2025-05-14,10494.4853515625,10729.261310210431,10377.097372238535,10729.261310210431,5245800,10199.84169921875,393.1119794683937,10986.065658155538,9413.617740281963,0.6873789579893985,15.4163953151745,False,13.541918132151526,346.7946925346222,4191020.0,1.25167620292912,12019766.663427353
2025-05-15,10377.09765625,10776.216796875,10377.09765625,10494.485638786764,3943900,10252.66630859375,335.5088890383673,10923.684086670486,9581.648530517015,0.5927183688134859,13.089624842550283,False,12.805392523765766,350.5321531125063,4092715.0,0.9636390513387812,12019766.663427353
2025-05-16,10400.5751953125,10517.963177200903,10236.232020668736,10517.963177200903,7428000,10287.88271484375,310.0279140665843,10907.938542976919,9667.826886710582,0.5908728499561388,12.054099863298957,True,12.23585618762956,345.61779621391065,4295915.0,1.729084490731311,12019766.663427353
2025-05-19,10283.1865234375,10424.052092251712,10259.708928635131,10424.052092251712,5847100,10310.18642578125,291.37675228028456,10892.93993034182,9727.432921220681,0.47683419993835136,11.304422257649161,True,11.707001018360227,332.66960817124425,4320965.0,1.3531930945980817,12019766.663427353
2025-05-20,10095.3662109375,10400.574956849563,10095.3662109375,10377.097361010174,6391600,10333.664013671874,249.19518968741832,10832.05439304671,9835.273634297038,0.26093258157060834,9.645956723877308,True,11.86561547952036,330.70811800987417,4488155.0,1.4241041140513195,12019766.663427353
2025-05-21,10165.798828125,10259.709209909064,10048.41085089492,10165.798828125,4312500,10344.22890625,236.4260629288361,10817.081032107673,9871.376780392327,0.3113257101241126,9.142336855519021,True,12.18853624918068,322.17884951017925,4314285.0,0.9995862582096454,12019766.663427353
2025-05-22,10142.322265625,10330.14304832176,10071.889472113715,10165.799863462094,3175000,10355.967724609374,218.7724877458194,10793.512700101013,9918.422749117735,0.25585885914434775,8.450103112080589,True,12.121667062628255,317.61275856002675,4401775.0,0.7212999301418178,12019766.663427353
2025-05-23,10165.798828125,10236.23161446305,10142.321232678984,10189.276423571016,1811100,10372.40205078125,187.91349456720647,10748.229039915663,9996.575061646836,0.2251351970063568,7.246672222970882,True,12.05957424654386,301.6340173617438,4402025.0,0.411424287685781,12019766.663427353
2025-05-26,10353.6201171875,10377.097713825113,10165.799344086594,10165.799344086594,4661200,10387.6625,171.93070318634628,10731.523906372693,10043.801093627308,0.45049984938466214,6.620573326726638,True,11.26429593018602,295.18150795734164,4252030.0,1.0962293304609798,12019766.663427353
2025-05-27,10447.5302734375,10541.440657917838,10283.187100596911,10400.575081197332,4928700,10393.531884765625,171.86741869950768,10737.26672216464,10049.79704736661,0.5785465754365655,6.614399055297968,True,11.146502974651801,292.54379719759766,4291085.0,1.1485906245157111,12019766.663427353
2025-05-28,10236.2314453125,10541.44018106723,10236.2314453125,10517.962586009175,7578200,10388.836328125,174.9457121224602,10738.727752369921,10038.94490388008,0.2819253742188344,6.735911765164368,True,10.793341563096732,293.44843566596427,4450220.0,1.7028821047049358,12019766.663427353
2025-06-02,10142.322265625,10236.23265697338,9907.54628725405,10165.799863462094,10667100,10379.4453125,183.1126263780756,10745.67056525615,10013.22005974385,0.17626065503341,7.056740350375066,True,11.021406948758043,295.9654309554904,4928870.0,2.164208023340035,12019766.663427353
2025-06-03,9977.978515625,10189.276884191177,9954.500919117647,10142.32169117647,2685000,10350.09833984375,198.23232403278237,10746.562987909314,9953.633691778185,0.03070238918602073,7.661079828378711,True,11.233181949729262,291.59475482106467,4948345.0,0.542605659063788,12019766.663427353
2025-06-04,10165.798828125,10165.798828125,9954.500469110855,10165.798828125,3186300,10325.446826171876,188.22197363182426,10701.890773435523,9949.002878908228,0.28795249703528364,7.291576889621405,True,11.429832019380742,285.8592979777133,4990880.0,0.6384244862629436,12019766.663427353
2025-06-05,10048.4111328125,10142.321517231308,9954.500748393692,10142.321517231308,1482700,10311.36025390625,198.13350240685196,10707.627258719955,9915.093249092546,0.16821724001804061,7.686027741365869,True,11.612435655485687,280.5334966743987,4553850.0,0.3255926304116297,12019766.663427353
2025-06-10,10001.4560546875,10095.366440177524,9860.590476452464,10048.411247432512,4733600,10285.534912109375,203.37906122621115,10692.293034561797,9878.776789656953,0.15080124803764258,7.909323645842417,True,12.200269542697349,277.26510146373164,4598550.0,1.0293679529416881,12019766.663427353
2025-06-11,10048.4111328125,10095.366325021905,9907.545556184288,10048.4111328125,5451900,10258.53564453125,196.7928585190032,10652.121361569256,9864.949927493244,0.2330638503601241,7.673331373524515,True,12.74611529510818,270.8762205618663,4648960.0,1.1727138973017621,12019766.663427353
2025-06-12,10024.93359375,10165.799171179742,9954.50080503513,10048.41118998829,4172700,10239.753564453125,200.41542482124805,10640.584414095621,9838.92271481063,0.23203164016102448,7.828915942546969,False,12.774399064462688,266.62065953206246,4637070.0,0.8998570217831519,12019766.663427353
2025-06-13,9954.5009765625,10071.888959776681,9907.545783276828,10024.933766491009,4299100,10202.189404296874,177.57484554213843,10557.33909538115,9847.039713212598,0.1512900982988629,6.962225008971057,False,13.04007602354515,259.3151250297618,4701625.0,0.9143859835695105,12019766.663427353
2025-06-16,9931.0234375,10095.366614952718,9907.54584072104,9954.50103427896,3557500,10172.842431640625,171.02121758429223,10514.88486680921,9830.79999647204,0.146507320032618,6.724618757580073,False,13.117393803956665,254.2083856870415,4777950.0,0.7445661842421959,12019766.663427353
2025-06-17,9977.978515625,10071.88890165441,9931.023322610294,9931.023322610294,2443900,10147.01708984375,158.42907971156149,10463.875249266874,9830.158930420626,0.23325829051316846,6.245345930091517,False,13.189188885767356,246.1124709268326,4637855.0,0.5269461852515872,12019766.663427353
2025-06-18,10001.4560546875,10024.933651060006,9907.545669197476,9954.500861942488,2999200,10128.235009765625,151.84675619006995,10431.928522145765,9824.541497385486,0.2912715453080975,5.996968121046141,False,13.397330736465852,236.9178645650967,4590620.0,0.65333222963347,12019766.663427353
2025-06-19,9813.634765625,10024.933121822667,9766.679575358852,10024.933121822667,4446100,10098.88798828125,153.15463350088032,10405.197255283012,9792.57872127949,0.03437056369794637,6.066197929063132,False,14.367839991061672,238.44184184357655,4441525.0,1.0010300516151547,11991492.20775872
2025-06-20,9790.158203125,10001.456581609713,9578.859824640287,9813.635800734413,14686100,10074.236572265625,161.38622804403298,10397.00902835369,9751.46411617756,0.05994019349792795,6.407879222861568,False,16.087815786082516,251.59576435256577,4883475.0,3.0073052488238394,11963320.33275872
2025-06-23,9344.083984375,9672.770355684674,9344.083984375,9672.770355684674,8896600,10036.6724609375,229.33770413482458,10495.34786920715,9577.99705266785,-0.25498758389433335,9.13998957432962,False,18.45200267369917,265.48708252381107,5008725.0,1.7762204952358136,11529601.149642214
2025-06-24,9602.3369140625,9743.202492263905,9555.381721328698,9578.859317695598,3624700,10008.499365234375,246.59994774885135,10501.699260732077,9515.299469736672,0.08823749266815623,9.855621257486147,False,20.07872232123732,275.03218433560346,4974335.0,0.7286803160623481,11529601.149642214
2025-06-25,9602.3369140625,9813.635281364608,9555.381721328698,9813.635281364608,2262900,9981.50009765625,260.35394020679166,10502.207978069833,9460.792217242666,0.13591564689534655,10.433459406284044,False,21.041080215100372,273.8337111713396,4928730.0,0.4591243586075926,11529601.149642214
2025-06-26,9531.904296875,9672.769877616995,9344.083522552339,9484.949103294335,10959700,9949.80537109375,274.9142026574733,10499.633776408697,9399.976965778802,0.11997136726741929,11.052043428152132,False,22.643527901203527,277.75175716371933,5386160.0,2.0347891633371455,11529601.149642214
2025-06-30,9860.5908203125,9907.54601469494,9578.859654017857,9719.725237165178,12168800,9925.15390625,258.4078325115006,10441.969571273,9408.338241226998,0.43753760740338027,10.414259968252091,False,22.577789275598512,284.7438972105923,5761540.0,2.1120742023833907,11529601.149642214
2025-07-01,9977.978515625,9977.978515625,9766.680147058823,9860.590533088234,4235400,9901.676318359376,227.98972482143046,10357.655768002236,9445.696868716515,0.5836684606349989,9.210146544527973,False,22.11076447692386,279.4977880217055,5726875.0,0.739565644439594,11529601.149642214
2025-07-02,10098.1953125,10218.411923363095,9953.935379464285,10026.065345982142,3473000,9894.77451171875,219.25074101155465,10333.27599374186,9456.27302969564,0.7319499581195597,8.863294085252297,False,20.600099686204306,278.42484201292734,5521615.0,0.6289826436649423,11529601.149642214
2025-07-03,10338.6279296875,10434.80121275436,10146.281363553779,10194.368005087208,3199900,9904.589794921874,234.7614726460138,10374.112740213903,9435.066849629846,0.9622118462130405,9.480916524836896,False,20.07697261552282,282.58063188731546,5148255.0,0.6215504088278455,11529601.149642214
2025-07-04,10242.455078125,10386.715008802817,10146.281791006455,10338.628365243545,1376400,9917.813623046875,246.27922582662694,10410.37207470013,9425.255171393621,0.8295461218749546,9.93280314339955,False,19.591211764175725,279.5701023093903,5082825.0,0.2707942925440085,11529601.149642214
2025-07-07,10098.1953125,10314.585212053571,9881.805412946429,10314.585212053571,5720900,9914.433447265625,243.14042559237328,10400.714298450372,9428.152596080878,0.6889462280764999,9.809553995621647,False,18.4559556574902,290.5136520806583,5209555.0,1.098155216712368,11529601.149642214
2025-07-08,10098.1953125,10146.281956845238,9929.892057291667,10050.108668154762,7659400,9916.92265625,244.8331917911429,10406.589039832286,9427.256272667715,0.6850981222397284,9.875369619297782,False,17.401789272710786,285.2190983287235,5518390.0,1.3879772904778387,11529601.149642214
2025-07-09,10122.23828125,10146.281602583136,9689.458497253563,10122.23828125,6547300,9922.961767578125,248.4903617060449,10419.942490990214,9425.981044166036,0.7004871660853517,10.016781986118364,False,17.361403800316708,297.4765274002127,5609075.0,1.1672691129999153,11529601.149642214
2025-07-10,10050.1083984375,10098.195041492225,9953.93511232805,10098.195041492225,3168500,9923.046630859375,248.5357451598284,10420.118121179032,9425.975140539718,0.6278103553036346,10.01852573732405,False,17.323903004522204,288.24985893747964,5494905.0,0.5766250735908992,11529601.149642214
2025-07-11,9929.8916015625,10098.194849046611,9905.848280493341,10074.151527977452,2731600,9918.29453125,247.39107834228017,10413.07668793456,9423.51237456544,0.511719369985177,9.977162003520425,False,17.47129941460583,281.39962391003615,5422850.0,0.5037203684409489,11529601.149642214
2025-07-14,10002.021484375,10026.0648052509,9809.674917367789,9929.891521747295,4153500,9920.670556640625,247.98460831779377,10416.639773276213,9424.701340005038,0.5820120735377687,9.998703490936888,False,17.965020878794533,276.75607133668444,5415570.0,0.7669552789457066,11529601.149642214
2025-07-15,10002.021484375,10026.0648052509,9761.588275615984,10002.021484375,12047900,9924.220458984375,248.6478918657359,10421.516242715847,9426.924675252903,0.5782240951319183,10.021860876362753,False,18.59789896197805,275.87896121512955,5840090.0,2.062964783076973,11529601.149642214
2025-07-16,9953.935546875,10026.065514605978,9881.805579144022,10002.022192028986,2396100,9923.018310546875,248.43233358438425,10419.882977715644,9426.153643378106,0.5311123313560384,10.014385776970036,False,19.18556682034003,266.47760223276003,5837700.0,0.4104527468009661,11529601.149642214
2025-07-17,9953.935546875,10002.022192028986,9761.588966259058,9953.935546875,13247400,9920.64228515625,247.86927251621447,10416.380830188678,9424.90374012382,0.5335794564013303,9.994081648809724,False,20.178749700447053,264.61728962827203,6350110.0,2.0861685860559898,11529601.149642214
2025-07-18,10002.021484375,10122.238088754508,9905.848200871395,9953.934842623197,12730500,9930.06162109375,247.1673028043351,10424.39622670242,9435.72701548508,0.5727845698690736,9.956325035457768,False,20.29848383618244,261.1724752179035,6764330.0,1.8820045739932854,11529601.149642214
2025-07-21,10098.1953125,10098.1953125,9857.76209077381,10026.065345982142,11341700,9945.4634765625,247.58767343740513,10440.63882343731,9450.28812968769,0.6542199514792423,9.957813389828267,False,20.605520296163355,259.69109996849545,6597110.0,1.7191921917324404,11529601.149642214
2025-07-22,9953.935546875,10122.23880491395,9953.935546875,10122.23880491395,2916000,9975.9560546875,203.19966854800157,10382.355391783503,9569.556717591497,0.4729077956058549,8.147576730854674,False,20.72559126852186,253.16339697352794,6298080.0,0.46299824708482584,11529601.149642214
2025-07-23,10050.1083984375,10074.151719964862,9905.848469273325,10074.151719964862,3234000,9998.34462890625,183.58912125115438,10365.522871408559,9631.166386403942,0.5704886122588326,7.34478068380956,False,21.05027740839008,247.10195795338572,6278545.0,0.5150874924046893,11529601.149642214
2025-07-24,9953.935546875,10074.152159759964,9953.935546875,10050.108837182972,2976000,10015.924560546875,158.8384349309537,10333.601430408782,9698.247690684968,0.4024338572417605,6.3434357545632665,True,21.351768296336004,238.03871901992702,6314200.0,0.4713186151848215,11529601.149642214
2025-07-25,10146.28125,10146.28125,9881.804724526066,9953.934686018958,6635900,10046.643408203125,113.13885707596368,10272.921122355052,9820.365694051197,0.7201671564747568,4.504543556650386,True,21.96602334674209,239.92713376664182,6098010.0,1.0882074644023214,11529601.149642214
2025-07-28,9833.71875,10170.325259779951,9833.71875,10146.281937652811,5895900,10045.2998046875,115.59749993440809,10276.494804556316,9814.104804818684,0.04241861889843054,4.60304827857765,True,22.751695154046864,246.8328034818782,5784365.0,1.0192821511090673,11529601.149642214
2025-07-29,9617.3291015625,9857.762329101562,9569.242456054688,9833.719006347656,23316400,10027.267333984375,149.73946226163844,10326.746258507652,9727.788409461098,-0.1844191675164319,5.9732909186191545,True,24.453733435647937,249.81045130794936,6738415.0,3.460220244671781,11529601.149642214
2025-07-30,9545.1982421875,9713.501485752518,9424.981639641057,9665.414844733941,11795400,9999.61748046875,183.2579096807343,10366.133299830219,9633.101661107283,-0.11991763284996168,7.330596796874412,False,26.440907068481117,252.5754080796288,7154535.0,1.6486606047772496,11529601.149642214
2025-07-31,9424.982421875,9593.285679408482,9424.982421875,9545.199034398916,4990600,9953.935205078125,206.68126082380994,10367.297726725745,9540.572683430506,-0.13981705585544552,8.305509592562693,False,28.286139727540494,246.55596875490403,7244070.0,0.6889221114649637,11529601.149642214
2025-08-01,9521.1552734375,9569.241916232639,9424.981987847223,9521.1552734375,9390400,9917.87021484375,216.38985402988126,10350.649922903513,9485.090506783987,0.04166642518337883,8.72727105083581,False,29.99957132167842,239.24910872851203,7644770.0,1.2283430371351918,11529601.149642214
2025-08-04,9184.548828125,9545.198651218912,9160.505506585405,9521.155329679319,12748700,9872.187890625,266.8700087730635,10405.927908171127,9338.447873078874,-0.1441704199559799,10.813003631200854,False,32.2593986803602,249.6379684360117,7996160.0,1.5943527893388827,11529601.149642214
2025-08-05,9208.591796875,9256.678438111945,9112.41851440111,9232.635117493473,8541600,9827.70771484375,299.3750622648137,10426.457839373377,9228.957590314121,-0.017006922090513486,12.184939599399707,False,34.45917712416247,242.11096524135624,8040270.0,1.0623523836886075,11529601.149642214
2025-08-06,9184.548828125,9256.678792743782,9136.462185045812,9208.592149664593,5467100,9780.8232421875,323.29106599632144,10427.405374180144,9134.241110194856,0.038902805568648106,13.22142555861247,False,36.50182511442685,233.40422541682867,7986260.0,0.6845632373601661,11529601.149642214
2025-08-07,9136.4619140625,9208.591876541941,9136.4619140625,9184.54855571546,6473400,9735.14091796875,346.92443319407255,10428.989784356896,9041.292051580605,0.06858111837618519,14.254521269588723,False,38.39857031480279,221.88463520701526,8151505.0,0.7941355614699371,11529601.149642214
2025-08-08,8992.2021484375,9088.375433447527,8992.2021484375,9088.375433447527,7653700,9688.2564453125,380.91591803114954,10450.0882813748,8926.4246092502,0.04317064217694434,15.726913100672501,False,40.48107063529275,216.34000166544274,8397610.0,0.9114140809111164,11529601.149642214
2025-08-11,9184.548828125,9232.635471204188,8992.202255808246,8992.202255808246,7665100,9647.3828125,389.24363783258104,10425.870088165162,8868.895536834838,0.202735035727115,16.138828339152983,False,41.02767133789408,218.06095317267457,8573190.0,0.8940779336513013,11529601.149642214
2025-08-12,9184.548828125,9328.808757362565,9136.462185045812,9232.635471204188,6203500,9606.5091796875,392.9467095640444,10392.40259881559,8820.61576055941,0.2315409817080255,16.36168569514977,False,40.72239469299957,216.22421168296594,8280970.0,0.7491272157730314,11529601.149642214
2025-08-13,9112.4189453125,9280.722197600593,9016.245658290733,9232.63555408971,9967500,9564.433349609375,398.79738848187384,10362.028126573123,8766.838572645627,0.21663906450241216,16.678348790967792,False,40.86231292654085,219.67080651345844,8659540.0,1.1510426650838266,11529601.149642214
2025-08-14,9352.8525390625,9449.025829952603,9064.33266639219,9088.375989114717,25589500,9534.37919921875,390.46107850659405,10315.30135623194,8753.457042205562,0.3837741646039728,16.381185197189925,False,39.7304502845059,231.458117731098,9276645.0,2.758486500237963,11529601.149642214
2025-08-15,9521.1552734375,9569.241916232639,9184.548773871527,9376.895345052084,18332000,9510.335888671874,374.6339386969296,10259.603766065733,8761.068011278016,0.5072199710491114,15.756917235412063,False,37.9029526781287,242.4034766332418,9556720.0,1.9182313597133744,11529601.149642214
2025-08-19,9400.9384765625,9545.198402034046,9256.678551090952,9521.155081122122,6045500,9475.473046875,348.5867640448155,10172.64657496463,8778.29951878537,0.44654518042535457,14.715329242998735,False,36.20599061506415,245.69750336965984,9291910.0,0.650619732649154,11529601.149642214
2025-08-20,9280.7216796875,9449.024922583387,9232.635038860104,9400.93828175599,5730000,9441.812353515625,332.06552895189253,10105.94341141941,8777.68129561184,0.37872071941901087,14.067872417661395,False,34.75148422004246,243.6041019663472,9432610.0,0.6074670743304346,11529601.149642214
2025-08-21,9184.548828125,9328.808757362565,9184.548828125,9232.635471204188,3901000,9398.534375,303.8163892866766,10006.167153573353,8790.901596426645,0.323918693641404,12.930373063052267,False,33.64639009454886,236.5080896285771,9465960.0,0.4121082277972863,11529601.149642214
2025-08-22,9208.591796875,9304.76507934889,9184.548476256528,9232.635117493473,3331700,9361.2671875,276.59722051787463,9914.46162853575,8808.07274646425,0.3620056716955214,11.818793972132848,False,32.62023311948084,228.2015548759903,9483745.0,0.3513063668413691,11529601.149642214
2025-08-25,9136.4619140625,9256.678518194902,9136.4619140625,9208.591876541941,5199200,9310.776220703125,209.8769067368165,9730.530034176758,8891.022407229491,0.2923612590936304,9.016515992303264,True,31.928136722333488,220.48834410859112,9411910.0,0.552406472225085,11529601.149642214
2025-08-26,9016.2451171875,9208.591679687499,9016.2451171875,9136.461718749999,9031900,9269.9025390625,180.1730934729074,9630.248726008314,8909.556352116684,0.14803648399207084,7.774541003583374,True,31.883022255290022,218.47821685083454,9568710.0,0.9438994389003325,11529601.149642214
2025-08-27,8968.1591796875,9064.332468477714,8968.1591796875,9016.245824082607,3413900,9237.44404296875,172.60500813666076,9582.654059242072,8892.234026695427,0.10996951046165293,7.4741457629956685,True,32.06034069193502,209.74215056079024,8573585.0,0.39818815582979583,11529601.149642214
2025-08-28,8944.115234375,9088.375157510081,8920.071913852487,8968.158554897514,4029300,9207.389892578125,168.4794836086078,9544.34885979534,8870.43092536091,0.10933721340407408,7.3193157050692585,True,32.44017555850826,206.7822286391334,8185280.0,0.49226171859728685,11529601.149642214
2025-08-29,8631.552734375,8920.072602933496,8631.552734375,8896.029280553621,12958600,9167.718408203125,204.1782995395911,9576.075007282308,8759.361809123942,-0.15649199135895348,8.908576395928398,True,33.816014212824314,214.33796230776673,8583680.0,1.5096788323889054,11529601.149642214
2025-09-01,8847.9423828125,8920.072347889776,8318.989305579144,8463.249235733696,5969700,9134.057763671875,198.2509163657577,9530.559596403391,8737.55593094036,0.1392004308172852,8.681833266009969,True,35.82027977225497,241.96261087940002,8412645.0,0.7096103544129105,11529601.149642214
2025-09-02,8847.9423828125,8968.158991274626,8847.9423828125,8871.985704504925,3319500,9117.22744140625,207.7970365500615,9532.821514506373,8701.633368306128,0.17602394256369056,9.116676660114583,True,37.29145922755649,233.2664678495947,7941185.0,0.41801066213669624,11529601.149642214
2025-09-03,8944.115234375,8944.115234375,8847.941952284948,8871.98527280746,2439300,9104.00361328125,210.07962873110307,9524.162870743456,8683.844355819043,0.30972883964048875,9.230208495288004,False,38.6575554482797,223.47409743819884,7636070.0,0.31944442625591435,11529601.149642214
2025-09-04,8896.029296875,8944.115941722972,8847.942652027026,8944.115941722972,2740200,9089.57763671875,214.12479961620613,9517.827235951163,8661.328037486337,0.27402391013247573,9.422871256469225,False,39.92606693976389,214.38118259946646,7499725.0,0.36537339702455757,11529601.149642214
2025-09-08,9016.2451171875,9112.4183984375,8920.0718359375,8944.11515625,8124700,9083.566796875,214.426540660031,9512.419878195062,8654.713715554939,0.4215096234352845,9.442393960654284,False,39.6685463422336,214.52460538254024,7582290.0,1.0715364355623433,11529601.149642214
2025-09-09,8871.9853515625,8968.158634506266,8751.768747882792,8968.158634506266,4218400,9077.55595703125,218.76359392985174,9515.083144890954,8640.028769171548,0.265076764172803,9.639757439794252,False,39.98226254630492,218.09258851983793,7410525.0,0.569244419255046,11529601.149642214
2025-09-10,8871.9853515625,8871.9853515625,8799.855389354674,8871.9853515625,2211300,9061.927783203126,221.860517297745,9505.648817798616,8618.206748607636,0.2859663878524677,9.793082558392395,False,40.273570450085444,207.6666866404085,7137835.0,0.3097998202536203,11529601.149642214
2025-09-11,8944.115234375,9040.288516465054,8847.941952284948,8871.98527280746,4876500,9049.906103515625,221.38002024742906,9492.666144010484,8607.146063020766,0.380532501281749,9.784853796944027,False,39.2727728982023,206.57239217895838,7071485.0,0.6896005577329232,11529601.149642214
2025-09-12,8896.029296875,9040.289231418918,8823.89932960304,8944.115941722972,4228300,9039.08662109375,223.44222686308171,9485.971074819912,8592.202167367586,0.33993924712985163,9.887823238319381,False,38.441700885874454,207.27364286730975,6784525.0,0.6232271234905907,11529601.149642214
2025-09-15,8871.9853515625,8968.158634506266,8799.855389354674,8896.028672298442,3520100,9015.04326171875,213.55564621361336,9442.154554145978,8587.931969291523,0.33252853214993683,9.47552396649946,False,37.77177579370579,204.49004303047275,5681055.0,0.6196208274695457,11529601.149642214
2025-09-16,8944.115234375,8968.158554897514,8847.941952284948,8896.028593329973,2267100,8986.191259765625,177.51900163486388,9341.229263035353,8631.153256495896,0.44074433581317385,7.9018572609145314,False,37.149702493834894,198.47051157205092,4877810.0,0.46477825089538133,11529601.149642214
2025-09-17,9136.4619140625,9136.4619140625,8896.028705797697,8920.072026624177,3034300,8972.967431640625,153.1795551123246,9279.326541865275,8666.608321415975,0.7668346998102745,6.828490408743969,True,35.30143028982787,201.46784705010467,4727250.0,0.6418742397799989,11529601.149642214
2025-09-18,9064.33203125,9160.505315401195,9064.33203125,9136.461994363395,2855900,8962.14794921875,137.09565136815334,9236.339251955056,8687.956646482444,0.6863372051036971,6.118874722665296,True,33.420138242627154,193.94680684303967,4583545.0,0.6230766797315178,11529601.149642214
2025-09-19,9328.80859375,9328.80859375,9064.332061452964,9064.332061452964,6110200,8969.3609375,152.3580388717396,9274.077015243478,8664.644859756521,1.0898075003324852,6.79459952312747,False,31.446158505114497,198.98464653282255,4694005.0,1.301702916805585,11529601.149642214
2025-09-22,9256.6787109375,9449.025281554383,9136.462104301949,9328.808674918831,4473300,8971.765283203125,156.65096123457178,9285.067205672269,8658.463360733982,0.9546946687862015,6.984175634993594,False,30.247753838305762,207.0973987270805,4751085.0,0.9415323026214012,11529601.149642214
2025-09-23,9328.80859375,9328.80859375,9232.63530927835,9328.80859375,1955400,8981.3826171875,172.40650137166008,9326.19561993082,8636.56961444418,1.003788972281194,7.67839468465485,False,29.13494950484051,199.17424770883545,4588895.0,0.42611565529392154,11529601.149642214
2025-09-24,9184.548828125,9352.852078902159,9184.548828125,9328.808757362565,5779000,8989.797802734374,178.20757278991815,9346.21294831421,8633.382657154538,0.7732081223341304,7.9293250727269475,False,27.758358653332756,196.96917649942998,4426250.0,1.305619881389438,11529601.149642214
2025-09-25,9424.982421875,9424.982421875,9232.635841836734,9256.679164341518,6445600,9012.63896484375,202.85902416170075,9418.357013167151,8606.92091652035,1.0081650406424212,9.0033130120049,False,26.888348513268387,200.07377773161355,4577835.0,1.40800181745301,11529601.149642214
2025-09-26,9617.3291015625,9665.415747070312,9304.765905761718,9424.98251953125,8532100,9046.299658203125,242.81005184385265,9531.91976189083,8560.67955451542,1.0879384307024038,10.736325835665802,False,27.19856943072238,211.5434965585407,4802975.0,1.7764198231304555,11529601.149642214
2025-09-29,9280.7216796875,9665.414806306671,9280.7216796875,9641.371485892972,6132900,9078.75810546875,227.34686709796603,9533.451839664684,8624.064371272818,0.7220874833209389,10.016650491481649,False,27.30311605029897,223.9113272771572,4461690.0,1.3745688293001082,11529601.149642214
2025-09-30,9112.4189453125,9376.89548462236,9112.4189453125,9280.722197600593,6069800,9091.98193359375,220.81250957531617,9533.606952744381,8650.356914443119,0.523138421548281,9.714603974714944,False,26.21832900268862,226.80884242235032,4466695.0,1.3589018278615397,11529601.149642214
2025-10-01,8968.1591796875,9256.679046058143,8944.115857489945,9184.549079465482,3535600,9097.9927734375,215.38940151818926,9528.771576473879,8667.21397040112,0.3493036416429301,9.469754785782659,False,24.454337566025316,232.9341528613394,4477500.0,0.7896370742601898,11529601.149642214
2025-10-02,9136.4619140625,9256.678518194902,9040.288630756579,9064.331951583059,2820900,9107.610107421875,212.430918422422,9532.47194426672,8682.74827057703,0.5339543401390054,9.329820487124726,False,22.816345517695105,236.9045232646296,4496580.0,0.6273434476869088,11529601.149642214
2025-10-03,9184.548828125,9208.592149664593,9040.288898887435,9160.505506585405,2598800,9122.036083984374,207.03444390401208,9536.104971792398,8707.96719617635,0.5754859227308196,9.078431262402205,False,21.29535290138848,232.0044323726674,4489510.0,0.5788604992527024,11529601.149642214
2025-10-06,9136.4619140625,9184.54855571546,9040.288630756579,9184.54855571546,2234600,9128.046923828126,205.5410997823879,9539.129123392902,8716.96472426335,0.5102351673744125,9.00701328543076,False,19.88300431743898,225.73698701522127,4195005.0,0.5326811291047329,11529601.149642214
2025-10-07,8847.9423828125,9112.418921429178,8847.9423828125,9112.418921429178,4053100,9126.844775390626,207.18131547847418,9541.207406347574,8712.482144433678,0.16345614717473955,9.080084983459436,False,19.679667291771647,230.2214544605626,4186740.0,0.9680801769395759,11529601.149642214
2025-10-08,8847.9423828125,9016.245634659477,8799.855739427649,8847.9423828125,3003600,9125.642626953126,208.80136211984006,9543.245351192805,8708.039902713446,0.1675066659990919,9.152291872711848,False,19.731970801378306,229.23348594422447,4226355.0,0.7106833193141607,11529601.149642214
2025-10-09,8751.76953125,8968.159437242446,8727.72620836195,8847.942822802197,7056400,9116.025341796874,221.63759200405818,9559.30052580499,8672.750157788758,0.08913128493540402,9.725185426497328,False,20.13114028760771,230.0334675825296,4335350.0,1.6276425202117477,11529601.149642214
2025-10-10,8511.3359375,8823.89912164548,8511.3359375,8799.855799788136,11183000,9096.790673828125,255.79522941603537,9608.381132660195,8585.200214996055,-0.07219082785934186,11.24771311499865,False,21.38807018285966,235.92844733702603,4683085.0,2.387955802638645,11529601.149642214
2025-10-13,8463.2490234375,8583.465628884054,8463.2490234375,8511.335665616121,4920500,9076.353857421875,288.88871550826406,9654.131288438402,8498.576426405347,-0.03057180937795777,12.731487557507915,False,22.725316368824487,227.6633157734209,4753105.0,1.0352180311606833,11529601.149642214
2025-10-14,8150.68603515625,8559.422502995943,8150.68603515625,8559.422502995943,10863600,9036.682397460938,354.9332389453294,9746.548875351597,8326.81591957028,-0.12405846021733023,15.710776293081006,False,24.870373718390724,240.59711234958323,5182930.0,2.0960344824259636,11529601.149642214
2025-10-15,8343.0322265625,8415.162188175433,8102.599021186059,8174.728982798992,9029700,8997.010913085938,386.16144375800246,9769.333800601944,8224.688025569933,0.07661575417840696,17.168432826788738,False,26.976283399417248,245.73754482385397,5482700.0,1.6469440239298156,11529601.149642214
2025-10-16,8896.029296875,8944.115941722972,8318.989558699324,8367.076203547296,10168600,8988.595776367187,386.45088307788245,9761.497542522951,8215.694010211422,0.44011756503508126,17.19738622995769,False,25.779265610974438,272.83674755241066,5848335.0,1.7387170878549194,11529601.149642214
2025-10-17,9040.2890625,9040.2890625,8679.63923287899,8944.115774601063,8398300,8974.169799804688,378.38345033951083,9730.93670048371,8217.402899125665,0.5436853558447032,16.86544644375889,False,24.250346518193766,279.1091105573106,5962740.0,1.4084632232832557,11529601.149642214
2025-10-20,9016.2451171875,9184.548359375,8920.0718359375,9064.3317578125,7951500,8962.148120117188,372.712341889549,9707.572803896286,8216.72343633809,0.5362860247637997,16.63495567777674,False,22.793865166227583,278.06392576303836,6136650.0,1.2957395321551661,11529601.149642214
2025-10-21,8920.072265625,9136.462158861186,8871.985622683625,9136.462158861186,3346700,8941.711303710938,362.6185839759088,9666.948471662756,8216.47413575912,0.4850814057509977,16.22144002011862,False,21.237117709980733,277.09339793550424,6206215.0,0.5392497681759333,11529601.149642214
2025-10-22,8559.4228515625,8968.159336047225,8559.4228515625,8944.116013430477,7695400,8910.455004882813,367.49420221011724,9645.443409303047,8175.466600462579,0.261198849390549,16.497213756592004,False,20.814756218887247,286.49647554616286,6302035.0,1.2210976295752087,11529601.149642214
2025-10-23,8487.29296875,8607.509583038243,8391.119677319404,8559.422937322946,14457700,8863.570532226562,358.09087019073604,9579.752272608035,8147.38879184509,0.23730301803272782,16.160118267859374,False,20.940836762560235,281.48886341563974,6702640.0,2.1570157430504997,11529601.149642214
2025-10-24,8463.2490234375,8607.508949973366,8463.2490234375,8511.335665616121,7447900,8805.866528320312,321.33460533913285,9448.535738998577,8163.197317642046,0.233441793079509,14.596387728825869,False,21.057911553113723,271.6867964956559,6648430.0,1.1202494423495473,11529601.149642214
2025-10-27,8511.3359375,8631.552546786723,8415.16265007062,8463.249293785311,8921900,8767.397241210938,307.23947254591496,9381.876186302768,8152.918296119108,0.29164354958275135,14.017362922795076,False,21.31930740058276,267.7370179399735,6787880.0,1.3143868188594967,11529601.149642214
2025-10-28,8439.2060546875,8583.465987246262,8367.07608840812,8535.379343060007,12338900,8733.736596679688,304.3141101525501,9342.364816984787,8125.108376374587,0.2580373928072693,13.937407284219741,False,21.717304440765925,264.069366575557,7101335.0,1.7375465317436791,11529601.149642214
2025-10-29,8367.076171875,8487.292783539871,8318.98952720905,8463.249461206897,16526500,8703.682446289062,309.5799663466476,9322.842378982357,8084.522513595766,0.22817501856923159,14.227539584863488,False,22.244363618427442,257.2289301295044,7750880.0,2.1322095039530997,11529601.149642214
2025-10-30,8463.2490234375,8535.378986705433,8367.075739080256,8367.075739080256,13885200,8670.021801757812,296.36435070376876,9262.750503165349,8077.2931003502745,0.3255755307366643,13.673061382322334,False,22.443708392929075,250.87709566490963,8304095.0,1.6720906974209713,11529601.149642214
2025-10-31,8367.076171875,8511.336105872844,8367.076171875,8463.249461206897,9693500,8629.148168945312,277.43464432947394,9184.01745760426,8074.278880286364,0.2638434831168001,12.860349081866923,False,22.628814254966308,243.26158411726212,8658830.0,1.1194930492918789,11529601.149642214
2025-11-03,8174.7294921875,8367.076068474265,8174.7294921875,8367.076068474265,14837200,8581.061547851563,268.064435581345,9117.190419014252,8044.932676688873,0.12105001472606781,12.49563048051835,False,23.482594302374856,239.62480522942198,9288960.0,1.5972939920077167,11529601.149642214
2025-11-04,8150.68603515625,8270.902643344396,8150.68603515625,8174.729356793879,14071000,8546.19873046875,276.7291733225886,9099.657077113927,7992.740383823573,0.14268973653579756,12.952152508974482,False,24.354144428635475,231.09564829790227,9789855.0,1.4373042297357825,11529601.149642214
2025-11-05,8367.076171875,8367.076171875,8150.686270878233,8174.7295932112065,7693000,8522.155419921875,269.9391467110379,9062.033713343952,7982.277126499799,0.3563757332565744,12.669994075912438,False,24.507431605932467,230.04525461367712,10024325.0,0.7674332186955232,11529601.149642214
2025-11-06,8246.859375,8343.03266217201,8222.816053206996,8318.989340379008,15202700,8496.909912109375,270.94321356376537,9038.796339236906,7955.023484981844,0.2692777262987926,12.754905788874163,False,24.64976969913682,223.9177449032719,10431640.0,1.4573643262229141,11529601.149642214
2025-11-07,8270.90234375,8318.98898528343,8222.815702216569,8222.815702216569,5446000,8484.888232421876,275.5640311153121,9036.0162946525,7933.760170191252,0.3058655480127488,12.990814896646278,False,24.781942289780506,214.7931404863854,10144790.0,0.5368272778440953,11529601.149642214
2025-11-10,8318.9892578125,8391.119222475614,8270.902614703758,8367.075900921243,6371300,8477.675244140624,278.0371841903947,9033.749612521413,7921.600875759835,0.3573158597561373,13.11855791515774,False,24.36592232950917,208.03769321775889,10217330.0,0.6235777840198956,11529601.149642214
2025-11-11,8222.81640625,8391.119666027047,8198.773083424709,8391.119666027047,9738300,8481.281762695313,274.0111201157795,9029.304002926872,7933.2595224637535,0.2641835153112565,12.923099492862514,False,24.328888904913565,206.91689960237173,10161065.0,0.9583936329508767,11529601.149642214
2025-11-12,8198.7724609375,8343.0323869364,8198.7724609375,8222.815781937317,7459700,8474.068774414063,279.6819445779161,9033.432663569896,7914.704885258231,0.2539201950522505,13.201778367547167,False,24.29450377518968,202.44140148783805,10082565.0,0.7398613348884931,11529601.149642214
2025-11-13,8150.68603515625,8270.902643344396,8150.68603515625,8198.772678431507,9366500,8436.801611328125,269.9870071902729,8976.775625708671,7896.827596947579,0.23506542115725274,12.800443562771962,False,24.505018666011157,196.5682019664315,10042460.0,0.9326897991129663,11529601.149642214
2025-11-14,8102.599609375,8222.816220790059,8102.599609375,8174.729576224036,9077300,8389.917138671875,239.35192058227278,8868.620979836422,7911.21329750733,0.19990053913300895,11.411408080731643,False,24.938527539586495,191.11451692704773,10076410.0,0.9008466308933439,11529601.149642214
2025-11-17,8054.5126953125,8367.075874533582,8006.42605235541,8174.729302705224,21504300,8341.830517578124,200.32348014246938,8742.477477863064,7941.183557293186,0.14143266922419026,9.605732445431132,True,24.13885473478525,203.22418158784234,10754050.0,1.9996466447524421,11529601.149642214
2025-11-18,8006.42626953125,8150.686202315596,8006.42626953125,8054.512913792699,14213100,8296.148217773438,162.0356486680141,8620.219515109466,7972.07692043741,0.052996592688403475,7.812572505436835,True,23.39630141604124,199.01244953044977,11297370.0,1.2580892721049235,11529601.149642214
2025-11-19,8078.55615234375,8198.772761753627,8006.426186697824,8006.426186697824,20237100,8272.1048828125,156.49560484265388,8585.096092497808,7959.113673127193,0.19080804112142474,7.56738977852252,True,22.32115001748099,198.5363156394036,11924455.0,1.6971090083362301,11529601.149642214
2025-11-20,8006.42626953125,8198.772846577045,8006.42626953125,8174.729524446321,15336300,8248.061547851563,158.61973502870904,8565.301017908982,7930.822077794145,0.11915949759249855,7.692461270249663,True,21.3227944495803,198.09419145414586,11968385.0,1.2814009576062266,11529601.149642214
2025-11-21,8030.46923828125,8078.555880426647,8006.425917208552,8030.46923828125,9262700,8226.42255859375,157.23265244184185,8540.887863477434,7911.957253710066,0.18843411773998417,7.645250475376497,True,20.395752634259257,189.09674658014217,12059125.0,0.768107138784945,11529601.149642214
2025-11-24,8030.46923828125,8126.642522572043,7886.20931184506,8030.46923828125,176275900,8202.379223632812,147.85847857163324,8498.096180776078,7906.662266489545,0.2093335684698733,7.2105165850230994,True,20.379988072352887,192.76363687634506,20426825.0,8.629627952459572,11529601.149642214
2025-11-25,8246.859375,8270.902696793002,8126.642766034985,8126.642766034985,36155100,8192.761889648438,137.5389203717932,8467.839730392025,7917.684048904852,0.5983312309078155,6.715143060392065,True,19.138169096637412,196.168624136017,21617635.0,1.6724817492755335,11529601.149642214
2025-11-26,8270.90234375,8318.98898528343,8198.772381449855,8294.945664516714,19741000,8187.953198242188,132.72054714243302,8453.394292527053,7922.512103957321,0.6562477462867778,6.483698376337848,True,17.916377156050885,190.7434798286997,21778360.0,0.9064502561258057,11529601.149642214
2025-11-27,8222.81640625,8294.946374725878,8174.729760599415,8270.903051900585,17082500,8175.931567382812,116.35186850198832,8408.63530438679,7943.227830378835,0.6007393337786974,5.692409117814266,True,16.67806991688584,185.7058465642542,21938225.0,0.7786637250734734,11529601.149642214
2025-11-28,8126.642578125,8270.902505547338,8102.599256887945,8246.859184310282,8785500,8163.909887695312,107.65933546915987,8379.228558633631,7948.591216756992,0.41346010680841666,5.274890926046327,True,16.070920049800527,184.4628038567641,21892825.0,0.4012958583462847,11529601.149642214
2025-12-01,8078.55615234375,8150.686117989676,8078.55615234375,8102.599474225725,5346900,8159.101220703125,109.28616431230233,8377.67354932773,7940.528892078521,0.3157473343807612,5.357755044636373,True,15.682260324058591,176.4390296988471,21418310.0,0.24964154501452263,11529601.149642214
2025-12-02,7790.0361328125,8102.599310980903,7741.949490017361,8078.555989583333,43427600,8141.0687255859375,136.99032901722143,8415.04938362038,7867.0880675514945,-0.14061564654193234,6.7308277885769545,True,17.153595069760687,189.596943360611,22886140.0,1.8975502203517063,11529601.149642214
2025-12-03,7814.07958984375,7886.209555288461,7790.036268028846,7790.036268028846,10525100,8113.418896484375,144.5706752620993,8402.560247008574,7824.277545960176,-0.017634897426358806,7.127484830087765,False,18.51983447648406,182.92383472599315,23027745.0,0.45706168797682967,11529601.149642214
2025-12-04,7886.20947265625,7934.296115782203,7790.036186404344,7910.252794219226,13673600,8095.386401367187,149.4599517096242,8394.306304786436,7796.4664979479385,0.15011207631504367,7.384944673394857,False,19.346592912706466,180.1621272011264,22951290.0,0.595766076765184,11529601.149642214
2025-12-05,7741.94970703125,7886.209639460404,7741.94970703125,7886.209639460404,16859700,8068.93876953125,162.95775565170587,8394.854280834661,7743.023258227838,-0.0016469777585827485,8.078274494635808,False,20.34702500407294,177.5976847174141,23521975.0,0.7167637921560583,11529601.149642214
2025-12-08,7765.99267578125,7886.209280669505,7765.99267578125,7790.035996758901,11661200,8041.2889404296875,165.1968842027304,8371.682708835147,7710.895172024227,0.08338157227197984,8.217433072061846,False,21.275997660341805,175.2163910689027,23786470.0,0.49024508470571715,11529601.149642214
2025-12-09,7693.86279296875,7814.079399108887,7693.86279296875,7790.03607788086,16634200,8014.841259765625,176.55673179458472,8367.954723354795,7661.727796176456,0.04550236695262601,8.811489888434682,False,22.495659710549525,171.28783500256228,24131265.0,0.6893215088392589,11529601.149642214
2025-12-10,7717.90625,7765.992893302181,7693.86292834891,7693.86292834891,8871000,7990.79794921875,182.82165726201862,8356.441263742787,7625.1546346947125,0.1268334625863781,9.15160956008869,False,23.628203042885264,164.20513966905293,24201830.0,0.3665425300483476,11529601.149642214
2025-12-11,7717.90625,7838.122858255452,7645.776285046729,7741.949571651091,10206100,7969.158959960938,188.42730990913907,8346.013579779215,7592.304340142659,0.16664504460354865,9.457826646743793,False,23.889045219398916,166.21524206474368,24243810.0,0.42097756087017674,11529601.149642214
2025-12-12,7765.99267578125,7790.035996758901,7669.8193918706465,7790.035996758901,8185400,7952.32861328125,190.897753287824,8334.124119856899,7570.533106705602,0.2559741611795525,9.60210587721459,False,24.13125581187588,162.92962512356587,24199215.0,0.3382506416013908,11529601.149642214
2025-12-15,7982.3828125,8054.512777673192,7765.992916980422,7910.252847326807,15671200,7948.722119140625,189.5421942008272,8327.80650754228,7569.637730738971,0.5443973616287643,9.538247348937116,False,22.767297460742874,171.9003734641642,23907560.0,0.6554914010463636,11529601.149642214
2025-12-16,8030.46923828125,8078.555880426647,7910.252632917758,8006.425917208552,17355800,7949.924267578125,190.00312235176716,8329.930512281659,7569.918022874591,0.6059784830193559,9.559996596528572,False,21.665281947705772,171.64343589593022,24064695.0,0.7212142102777533,11529601.149642214
2025-12-17,8006.42626953125,8078.556235923423,7982.382947400525,8030.469591661974,5997500,7946.3177734375,188.1081326778791,8322.53403879326,7570.101508081742,0.5798855626788348,9.468945896257832,False,20.641984384557734,166.25271108357074,23352715.0,0.25682238660472667,11529601.149642214
2025-12-18,7934.2958984375,8078.555823863637,7886.209256628788,8006.425861150568,6171700,7942.711254882813,187.58578061162257,8317.882816106057,7567.539693659568,0.4887846557214059,9.446939443822952,False,19.41875678480143,168.11655795151916,22894485.0,0.2695714710333078,11529601.149642214
2025-12-19,8102.599609375,8102.599609375,7910.253031110905,7934.296353393917,11114100,7946.3177734375,190.03915931586346,8326.396092069228,7566.239454805774,0.7055916218795512,9.566149491333743,False,18.086903095858325,169.84727368813174,22987055.0,0.48349386208890177,11529601.149642214
2025-12-22,8030.46923828125,8078.555880426647,7958.339275063155,8078.555880426647,6241200,7946.3177734375,190.03915931586346,8326.396092069228,7566.239454805774,0.6107027956063009,9.566149491333743,False,16.8501818132683,168.01963516125414,14485320.0,0.4308637986596085,11529601.149642214
2025-12-23,7934.2958984375,8030.469182054924,7910.252577533144,8030.469182054924,4615400,7930.689599609375,176.38433428779442,8283.458268184964,7577.9209310337865,0.5051114216615186,8.896292413032139,False,16.112335193739096,164.60513698888641,12908335.0,0.3575519228467498,11529601.149642214
2025-12-24,7934.2958984375,7958.339219341856,7886.209256628788,7886.209256628788,1899500,7913.85927734375,157.2327027429226,8228.324682829596,7599.393871857905,0.5324942278820388,7.947207410829636,False,15.629147106980756,157.9997673977565,12016260.0,0.15807747169252329,11529601.149642214
2025-12-29,7982.3828125,8006.426134224397,7814.079560429217,7934.296169051205,6435900,7901.83759765625,140.68832389796623,8183.214245452183,7620.460949860318,0.6431270424796677,7.1218028545509755,False,15.7568812813635,160.4531107118582,11483930.0,0.5604266135373518,11529601.149642214
2025-12-30,7886.20947265625,8006.426080471132,7862.166151093274,7934.296115782203,3807000,7889.815942382813,130.36132787076173,8150.538598124336,7629.0932866412895,0.49308370475840374,6.609093485716529,False,15.875491586147476,159.29645490228677,11235005.0,0.3388516516014012,11529601.149642214
2026-01-02,7765.99267578125,7910.252601647156,7765.99267578125,7886.209280669505,4906200,7874.187768554688,125.17608196626009,8124.539932487208,7623.835604622168,0.2839142049465152,6.358806045552868,False,16.699370334664675,158.22241711397385,11212970.0,0.4375468765188884,11529601.149642214
2026-01-05,7790.0361328125,7838.122775607639,7693.862847222223,7790.0361328125,6465500,7874.187768554688,125.17608196626009,8124.539932487208,7623.835604622168,0.3319334763871461,6.358806045552868,False,17.926014714339107,157.22509649050542,9364865.0,0.6903997014372337,11529601.149642214
2026-01-06,7790.0361328125,7862.166097005208,7765.992811414931,7790.0361328125,6207700,7872.985595703125,125.89711310826094,8124.779821919647,7621.191369486603,0.3352832308011393,6.396410184058878,False,18.76890382196452,152.86425285477483,9148995.0,0.6785116835237094,11529601.149642214
2026-01-07,7741.94970703125,7814.0796732458275,7693.863062888199,7790.036351174302,9501900,7865.772607421875,129.18908375961493,8124.150774941105,7607.394439902646,0.2603843591362842,6.569683117343937,False,20.008133259774528,150.53227839069294,8940410.0,1.062803607440822,11529601.149642214
2026-01-08,7717.90625,7814.079536604361,7717.90625,7741.949571651091,10684500,7864.5704345703125,130.50711061392136,8125.584655798155,7603.55621334247,0.21904943745902722,6.637723532375056,False,21.158846309169533,146.6494932630978,8631650.0,1.2378282251944877,11529601.149642214
2026-01-09,7693.86279296875,7765.992756652832,7693.86279296875,7741.949435424805,5016300,7860.963940429688,134.31569271264033,8129.595325854968,7592.332555004407,0.18897687216184056,6.8345660267867006,False,22.382359485261738,141.32666972173956,8299405.0,0.6044168226517443,11529601.149642214
2026-01-12,7597.689453125,7717.9060583959645,7597.689453125,7693.862737341772,10239900,7856.1552734375,142.10848292887738,8140.372239295255,7571.938307579745,0.04530191480219891,7.235523127164324,False,24.081134224320778,139.81880797525562,7979690.0,1.2832453391046519,11529601.149642214
2026-01-13,7669.81982421875,7693.863146551724,7621.733179552802,7621.733179552802,3957300,7853.750952148437,144.9490090784197,8143.648970305277,7563.852933991598,0.18276580657723326,7.382409244274197,False,25.658567910589888,136.70129979321763,7734005.0,0.5116753868144642,11529601.149642214
2026-01-14,7645.7763671875,7741.949654825079,7645.7763671875,7669.819689096895,5323700,7850.144458007812,149.33776592741634,8148.819989862645,7551.468926152979,0.15787607449604793,7.609427659644115,False,26.40380705688751,133.8064417821006,7489885.0,0.7107852790797189,11529601.149642214
2026-01-15,7741.94970703125,7790.036351174302,7669.819740816673,7693.863062888199,5660000,7848.942309570312,150.14541666792303,8149.233142906159,7548.651476234466,0.321851700648815,7.65175284750655,False,26.424192284612836,134.5531233681507,7363615.0,0.7686442053257809,11529601.149642214
2026-01-19,7790.0361328125,7838.122775607639,7717.906168619792,7741.949490017361,9458500,7839.324975585938,147.2811461761127,8133.887267938163,7544.762683233713,0.4163354508483721,7.51499123380093,False,25.816440222327536,133.52908648384326,7052980.0,1.3410643444331332,11529601.149642214
2026-01-20,7814.07958984375,7886.209555288461,7790.036268028846,7790.036268028846,4869500,7828.5054931640625,140.28222693863958,8109.069947041342,7547.941039286783,0.47429128472806736,7.1677653958925225,False,24.66754094211284,130.86082476899455,6428665.0,0.7574667524283814,11529601.149642214
2026-01-21,7790.0361328125,7838.122775607639,7717.906168619792,7814.079454210069,9619600,7817.685986328125,134.04355442241362,8085.773095172953,7549.598877483298,0.4484312139536159,6.858477286339429,False,24.250711250311767,130.10052349891257,6609770.0,1.4553607765474441,11529601.149642214
2026-01-22,8006.42626953125,8078.556235923423,7765.993048224005,7838.123014616178,13969100,7821.292504882813,138.25047797413058,8097.793460831074,7544.791548934551,0.8347796104601518,7.070467081384376,False,23.428851746613113,143.13357094180577,6999640.0,1.9956883496865554,11529601.149642214
2026-01-23,7958.33935546875,8030.469319415597,7862.166070206288,8006.425998099981,11745000,7814.0794921875,126.02386986020917,8066.127231907919,7562.031752467082,0.7861756733888359,6.451117882084905,False,22.665696493178647,144.9314051037703,7031185.0,1.6704154420627533,11529601.149642214
2026-01-26,8078.55615234375,8126.642796107701,7862.166255405971,7958.3395429338725,11911100,7816.483837890625,130.74001193690995,8077.963861764445,7555.003814016805,1.0011325732851983,6.690476927906844,False,22.641028975442477,153.47034336076737,7314680.0,1.628382923108051,11529601.149642214
2026-01-27,7910.2529296875,8078.556183510638,7814.079641788563,8078.556183510638,8344200,7815.281689453125,129.70617025715762,8074.694029967441,7555.86934893881,0.6830507369967118,6.6385922049207124,False,22.13063106074626,161.39935752943222,7501120.0,1.1123938825135447,11529601.149642214
2026-01-28,7477.47314453125,7838.122974653336,7381.299856498694,7838.122974653336,21932000,7792.4405517578125,146.74826298810507,8085.937077734023,7498.944025781602,-0.036577743431437756,7.532852487658786,False,22.33852568933753,187.65319436224465,8502745.0,2.5794022989046477,11529601.149642214
2026-01-29,7381.2998046875,7477.473092044992,6948.520011578787,7405.343126526873,29324800,7762.386401367187,166.07855045161523,8094.543502270418,7430.229300463957,-0.07365414685310584,8.55811817986097,False,24.000225245829604,212.03176140440314,9647190.0,3.0397245208190156,11529601.149642214
2026-01-30,7645.7763671875,7814.079620553262,7381.299826184159,7381.299826184159,18174200,7750.36474609375,165.3441318265014,8081.053009746753,7419.676482440747,0.34186257814097004,8.5334890546841,False,23.60016999320054,227.79947958021452,10365550.0,1.753327126877011,11529601.149642214
2026-02-02,8054.5126953125,8054.5126953125,7717.906194612873,7765.992837569963,19372900,7764.790747070312,178.81694688966596,8122.424640849644,7407.1568532909805,0.9050538179987955,9.211681432993371,False,22.16600031609808,240.72354019055632,11088885.0,1.7470557229153336,11529601.149642214
2026-02-03,8246.859375,8270.902696793002,7910.252869897959,8030.469478862973,17576700,7787.631909179688,208.86320985736737,8205.358328894423,7369.905489464953,1.0496749117926492,10.727944632882283,False,21.133952746253712,249.28970352659113,11644445.0,1.5094493554652024,11529601.149642214
2026-02-04,7982.3828125,8246.859351468373,7982.3828125,8246.859351468373,9948300,7797.249243164062,213.35974562375145,8223.968734411565,7370.52975191656,0.7169265444082541,10.945385428626956,False,20.175622859969653,250.3744791675489,11831475.0,0.8408334548312869,11529601.149642214
2026-02-05,7982.3828125,8174.729386295181,7982.3828125,7982.3828125,7338300,7809.2708984375,216.82532818259588,8242.921554802691,7375.620242072308,0.6995983535612555,11.106047209911939,False,19.285745108420173,246.22962878380835,11723295.0,0.6259588281280988,11529601.149642214
2026-02-06,7765.99267578125,7958.339243602457,7693.862712848297,7934.295922624807,10290000,7811.675219726562,216.0240150201723,8243.723249766907,7379.627189686218,0.44713256308442545,11.061597362606877,False,18.535036258302394,249.2503767029437,11703570.0,0.8792189050007818,11529601.149642214
2026-02-09,7765.99267578125,7862.1659596918535,7573.646107960042,7765.99267578125,13201700,7815.281713867187,214.55070768153544,8244.383129230258,7386.180298504116,0.4425671457594323,10.98108631456464,False,18.256854065720542,252.05533920500568,12112840.0,1.0898930391221215,11529601.149642214
2026-02-10,7814.07958984375,7886.209555288461,7790.036268028846,7814.07958984375,4255800,7826.101220703125,208.36732946386275,8242.835879630851,7409.3665617753995,0.4855763966329229,10.649866317223147,False,17.88670376026964,242.6383063694489,11813635.0,0.3602447510863506,11529601.149642214
2026-02-11,7862.166015625,7934.295979071101,7814.0793733276,7838.122694476299,4709900,7835.718530273438,205.18911398337642,8246.09675824019,7425.340302306685,0.5322233046848007,10.474552560336337,False,17.312193317450365,233.89389918188124,11851265.0,0.39741749087544664,11529601.149642214
2026-02-12,7886.20947265625,7934.296115782203,7814.079507967321,7886.20947265625,2880200,7847.740185546875,200.4639071704836,8248.667999887843,7446.812371205908,0.5479753283924806,10.217662788565637,False,16.77871864838128,225.774092655667,11729090.0,0.24556039726867132,11529601.149642214
2026-02-13,7886.20947265625,7910.252794219226,7765.992864841368,7886.20947265625,7720000,7854.953173828125,199.04740247254912,8253.047978773224,7456.858368883027,0.5392573558356725,10.13614711979464,False,16.48992421614863,219.95165242153783,11832090.0,0.6524629207519551,11529601.149642214
2026-02-18,7886.20947265625,7934.296115782203,7838.122829530297,7910.252794219226,4370200,7859.7618408203125,198.55766345635445,8256.87716773302,7462.646513907604,0.5332996865690751,10.105021881204026,False,16.08502945549375,211.1103405522784,11577675.0,0.3774678422049332,11529601.149642214
2026-02-19,7814.07958984375,7958.339520733172,7790.036268028846,7886.209555288461,7449100,7859.7618408203125,198.55766345635445,8256.87716773302,7462.646513907604,0.44248238750728996,10.105021881204026,False,15.933792153265038,208.0526914202818,11706655.0,0.6363132765081059,11529601.149642214
2026-02-20,7717.90625,7910.252823208723,7693.86292834891,7886.209501557632,12383500,7856.155346679688,200.53598796563958,8257.227322610966,7455.083370748409,0.32765051539854306,10.21038811562674,False,16.22734947557911,208.64820595167694,11844850.0,1.0454754597989844,11529601.149642214
2026-02-23,7838.123046875,7862.166369104678,7741.949757956288,7741.949757956288,6422300,7847.740185546875,197.4050713582949,8242.550328263465,7452.930042830285,0.48782055267665864,10.061753661103847,False,16.499938417727893,204.04905689117703,11467510.0,0.5600431131082511,11529601.149642214
2026-02-24,7645.7763671875,7862.166264372052,7645.7763671875,7838.122942462657,13392800,7832.112036132812,200.53598026265797,8233.183996658128,7431.040075607496,0.26770294699577935,10.241731953654474,False,17.18542453498017,204.93054548356096,11549900.0,1.159559823028771,11529601.149642214
2026-02-25,7717.90625,7765.992893302181,7669.81960669782,7693.86292834891,4880000,7814.079541015625,193.29330723109646,8200.666155477818,7427.492926553432,0.37561223356191686,9.894616824234351,False,17.821947358143,198.87954410006955,11198345.0,0.4357786797959877,11529601.149642214
2026-02-26,7597.689453125,7790.036021558544,7573.646132070807,7717.9060583959645,11033700,7798.4513671875,197.69384928948526,8193.839065766471,7403.06366860853,0.24612018180631065,10.140159371707838,False,18.839077337917093,200.13028305633156,11332820.0,0.9736058633243976,11529601.149642214
2026-02-27,7549.60302734375,7717.90627954568,7549.60302734375,7645.776314316282,7916500,7802.057861328125,192.10915807572093,8186.276177479567,7417.839545176683,0.17146954820749846,9.849153210100333,False,19.886764362921642,197.8569237095886,10632045.0,0.7445886468689702,11529601.149642214
2026-03-02,7309.169921875,7525.559820877878,7261.083277652138,7501.5164987664475,13451700,7798.4513671875,200.89977683900833,8200.250920865517,7396.651813509484,-0.10886260429321898,10.304598560904411,False,21.883596203450956,204.33283985116168,9838390.0,1.3672663921637584,11529601.149642214
2026-03-03,7405.34326171875,7501.516550831981,7309.169972605519,7333.213294883827,5983700,7786.429711914063,217.06021592312106,8220.550143760305,7352.3092800678205,0.06108210736060584,11.150692882567014,False,23.737797198228176,203.47668193014874,9228865.0,0.648367919565407,11529601.149642214
2026-03-04,7188.953125,7501.516304347826,6924.476588628762,7405.343018394648,14354800,7743.1517333984375,245.2536524573638,8233.659038313164,7252.64442848371,-0.06492390923187404,12.669448353931342,False,26.39105535366525,230.15975577221408,8977960.0,1.5988932897896626,11529601.149642214
2026-03-05,7188.953125,7357.25637541806,7116.823160535117,7237.039767976588,6618400,7690.256420898438,244.9805743623562,8180.21756962315,7200.295272173726,-0.011574537290606961,12.742387819299031,False,28.85479506942825,230.89357428012335,8430045.0,0.7850966394604062,11529601.149642214
2026-03-06,7164.90966796875,7237.039631069107,7116.8230259018455,7188.952989002202,3343800,7649.382763671875,261.32581191879694,8172.0343875094695,7126.731139834281,0.03652387785016481,13.665197310291473,False,31.142553660474885,222.98807648634747,8099820.0,0.41282398868122994,11529601.149642214
2026-03-09,6852.3466796875,7068.736574835527,6828.303358004386,7068.736574835527,11547600,7592.88095703125,304.1866483025965,8201.254253636442,6984.507660426057,-0.10861832815150933,16.024834316461117,False,33.79711524423331,231.1036645919201,8310285.0,1.389555231860279,11529601.149642214
2026-03-10,6972.5634765625,7020.650121228448,6924.476831896552,6996.606798895474,2522500,7553.209497070313,330.98023774711464,8215.169972564541,6891.249021576084,0.06141941852774966,17.52792573146516,False,36.26206528629471,226.61793437399356,7921910.0,0.318420683900726,11529601.149642214
2026-03-11,6972.5634765625,7044.693443561422,6948.520154229525,6972.5634765625,3376700,7513.538037109375,351.0740709881841,8215.686179085744,6811.389895133007,0.11477177805799696,18.690213279242293,False,38.33443312223799,217.3004597281295,7430660.0,0.4544280050493496,11529601.149642214
2026-03-12,7285.12646484375,7285.12646484375,6948.519961517636,6972.5632831837875,9775100,7487.090380859375,347.1435403165438,8181.377461492462,6792.803300226287,0.3545530216178994,18.546245478965265,False,38.34103117263249,225.8223199851284,7706625.0,1.2684021864305062,11529601.149642214
2026-03-13,6972.5634765625,7237.040022225216,6972.5634765625,7212.996699892241,4264700,7442.61025390625,353.4901683782561,8149.590590662762,6735.6299171497385,0.16756729083850233,18.998182428952358,False,38.3471579337131,232.01808200627994,7684365.0,0.5549840487795673,11529601.149642214
2026-03-16,6804.26025390625,7068.736800877871,6804.26025390625,7044.693478425906,3602000,7388.51279296875,364.64333213128214,8117.799457231314,6659.226128706186,0.099435607633604,19.741094986167905,False,38.86528565403765,234.3365437895186,7720455.0,0.46655281327331094,11529601.149642214
2026-03-17,6828.30322265625,7044.693113515075,6828.30322265625,6828.30322265625,5574000,7335.61748046875,365.37687318399156,8066.371226836733,6604.863734100767,0.15288288952744308,19.923441981908994,False,39.34640425148187,234.77199491946908,7613155.0,0.7321537522879805,11529601.149642214
2026-03-25,6972.5634765625,7020.650121228448,6852.3468648976295,6852.3468648976295,2837600,7289.9351806640625,349.69341062669537,7989.322001917453,6590.548359410672,0.27310717441544596,19.187737721137914,False,39.79315723482293,231.74163089466404,7536525.0,0.376513048122311,11529601.149642214
2026-03-26,6996.6064453125,7092.77972978415,6948.519803076676,7020.6497664304125,2518000,7249.0615234375,332.5598810729587,7914.181285583418,6583.941761291582,0.31021833022184736,18.35050675168,False,39.59745799333084,225.49293773843618,7289970.0,0.34540608534740197,11529601.149642214
2026-03-27,6828.30322265625,7020.649792308539,6828.30322265625,6996.606471102003,2839300,7204.581372070313,325.97851949119683,7856.538411052707,6552.624333087919,0.21142412236136307,18.098401706164562,False,39.84433651407596,223.1253400179971,6812760.0,0.416762075869398,11529601.149642214
2026-03-30,6948.52001953125,6948.52001953125,6804.260088329909,6804.260088329909,2735600,7160.101220703125,294.11782399688195,7748.33686869689,6571.865572709361,0.32015608719609745,16.430931068206306,False,40.155413955334176,217.4920965310931,6628425.0,0.4127073927818449,11529601.149642214
2026-03-31,7068.736328125,7164.909611500851,6876.389761373299,7044.693007281037,10698900,7131.24921875,271.3920284298053,7674.03327560961,6588.46516189039,0.44241458473680906,15.222692131765156,False,38.76356624337485,222.56550750226873,6493730.0,1.6475738905066888,11529601.149642214
2026-04-01,7116.8232421875,7164.909885715794,6996.606633366766,7068.736598659207,2712700,7101.195068359375,233.66593632568993,7568.526941010755,6633.863195707995,0.5167206376696067,13.162062671215985,False,37.47113430572872,218.68963213418016,6385365.0,0.42483084365576596,11529601.149642214
2026-04-02,7092.77978515625,7188.953070378708,7068.736463850636,7092.77978515625,3685000,7075.9495849609375,202.38226992597362,7480.714124812885,6671.18504510899,0.5207901119518382,11.440571614931358,True,36.093512853577025,211.65584459088672,6017930.0,0.612336800195416,11529601.149642214
2026-04-06,7140.86669921875,7164.910021438342,6972.563443681608,7092.780054779567,2031700,7055.512768554688,170.09694749162273,7395.706663537933,6715.318873571442,0.6254489453261146,9.643349991497043,True,35.29048695478384,210.27661124559006,5723690.0,0.3549633191175623,11529601.149642214
2026-04-07,7044.693359375,7140.866647557594,7020.650037329351,7140.866647557594,1337800,7042.2889404296875,159.27536151884408,7360.839663467375,6723.738217392,0.5037739969986319,9.046795033043658,True,34.54482004876159,203.84375772014783,5117995.0,0.26139142378998026,11529601.149642214
2026-04-08,7237.0400390625,7261.083361451412,7092.780104729029,7164.910071895764,2420400,7033.873779296875,142.66401944251652,7319.201818181908,6748.545740411842,0.8560222482156528,8.112970116832399,True,32.91024446059288,204.7399180313096,4939830.0,0.48997637570523683,11529601.149642214
2026-04-09,7164.90966796875,7237.039631069107,7116.8230259018455,7237.039631069107,3881800,7032.671606445312,141.38400912546766,7315.439624696248,6749.903588194376,0.7338278252636166,8.041553312166151,True,31.392424271579074,198.70256768340568,4416180.0,0.8789949685021897,11529601.149642214
2026-04-10,7092.77978515625,7188.953070378708,7068.736463850636,7188.953070378708,3243900,7027.862939453125,137.36734026014074,7302.597619973407,6753.128258932844,0.6181446142514438,7.818441619798009,True,30.277827539426486,193.09642760088184,4247455.0,0.7637279264877438,11529601.149642214
2026-04-13,6948.52001953125,7092.779950732591,6924.47669766436,7092.779950732591,5113800,7017.04345703125,134.49676309548406,7286.036983222218,6748.049930840282,0.3726299504855874,7.666862200245592,True,30.031723783134023,191.32548656283535,4335955.0,1.179394158841593,11529601.149642214
2026-04-14,6948.52001953125,7020.64998513192,6924.47669766436,6996.60666326503,4643000,7021.852124023438,129.9405074062062,7281.73313883585,6761.971109211026,0.35891215534709137,7.40206458986218,True,29.803198866576736,184.5289009131729,3990725.0,1.1634477444574607,11529601.149642214
2026-04-15,6924.4765625,7020.649848090278,6924.4765625,6972.563205295139,6618700,7019.447778320313,131.33788996784995,7282.123558256013,6756.771998384613,0.3192235008428248,7.4842291938399725,True,29.590997903148903,178.21778553296613,4195535.0,1.5775580468283543,11529601.149642214
2026-04-16,6996.6064453125,7044.693087548325,6948.519803076676,6972.5631241945875,3765900,7020.649926757813,130.99575545712528,7282.641437672063,6758.658415843563,0.4541140066687461,7.463454627347867,True,29.153201406058596,174.07483835549178,4214995.0,0.8934530171447416,11529601.149642214
2026-04-17,7020.64990234375,7020.64990234375,6948.519937593643,6996.606580760381,2626700,7007.426098632813,115.30112502403256,7238.028348680878,6776.823848584748,0.5286723215150352,6.581653428869029,True,28.746676087331878,166.79306166939287,3857575.0,0.6809200080361367,11529601.149642214
2026-04-20,6900.43310546875,7020.649710093641,6900.43310546875,6996.606389168663,3932800,7003.819580078125,117.55504821397739,7238.92967650608,6768.70948365017,0.2801317846827223,6.713767930193665,True,28.686615258486025,163.46618561265052,3840980.0,1.0239053574868913,11529601.149642214
2026-04-21,6876.39013671875,6924.476781031468,6852.34681456239,6900.433458875109,3851300,7007.42607421875,112.08990757522,7231.60588936919,6783.24625906831,0.2077436757362259,6.398349772828206,True,28.933888345135134,156.94216995953818,3853445.0,0.9994433552314876,11529601.149642214
2026-04-22,6828.30322265625,6900.433186275858,6780.216580243178,6900.433186275858,7957300,7007.42607421875,112.08990757522,7231.60588936919,6783.24625906831,0.10049290913569499,6.398349772828206,True,29.584232061350782,154.318915393334,3972610.0,2.0030408220288427,11529601.149642214
2026-04-23,6804.26025390625,6876.390221262147,6756.17360900232,6828.303576358216,6103600,6999.010913085937,120.8224994980738,7240.655912082085,6757.36591408979,0.09703147181044659,6.905118508798086,True,30.321873233717955,151.88303659808355,4135910.0,1.4757574512017912,11529601.149642214
2026-04-24,6563.82666015625,6828.303192250458,6563.82666015625,6804.2598711509845,8562900,6977.371923828125,155.1532496606516,7287.6784231494275,6667.065424506822,-0.16634966488999392,8.89465267750995,False,31.893478637741904,159.92542913352102,4438155.0,1.9293828178601242,11529601.149642214
2026-04-27,6635.95654296875,6659.9998637766075,6491.696618121603,6563.8265805451765,4100900,6967.75458984375,170.11934032256008,7307.993270488871,6627.51590919863,0.012403989096883582,9.766092541234297,False,33.615050809174164,160.5238445993413,4501235.0,0.9110610754604014,11529601.149642214
2026-04-28,6515.740234375,6684.043487661439,6491.6969124769375,6635.956843865313,5589600,6946.1156005859375,197.94381191276614,7342.00322441147,6550.227976760405,-0.043557489941392726,11.398820480100778,False,34.91393416012793,162.79689678399558,4643935.0,1.203634417794392,11529601.149642214
2026-04-29,6467.6533203125,6563.82660388592,6443.609999419145,6515.73996209921,6155900,6916.061450195312,222.4597624793175,7360.980975153947,6471.141925236678,-0.003920489805995873,12.866268704019971,False,36.30858193383255,159.75544733276553,4416785.0,1.3937513372283232,11529601.149642214
2026-04-30,6515.740234375,6515.740234375,6395.523624884686,6467.653590578874,6568000,6886.007299804687,234.20248910118033,7354.4122780070475,6417.602321602327,0.10475754671663166,13.604544921572941,False,37.78484738401765,156.9312446297333,4609550.0,1.4248679372172988,11529601.149642214
2026-05-04,6539.78369140625,6611.913658590877,6419.56707943187,6515.740369011374,6688000,6858.357495117188,241.0493511876087,7340.456197492405,6376.25879274197,0.16959690812132544,14.058721865066037,False,37.95477472980984,159.46091138182427,4759700.0,1.4051305754564363,11529601.149642214
2026-05-05,6467.6533203125,6539.783282992566,6443.609999419145,6515.73996209921,7234600,6824.696826171875,246.4664484032921,7317.629722978459,6331.763929365291,0.1378376162633441,14.445561740303148,False,38.11256440804544,154.94039571077286,5019845.0,1.4411998776854664,11529601.149642214
2026-05-06,6539.78369140625,6587.8703361960015,6467.653724221622,6467.653724221622,6494900,6799.451342773437,248.59593347673857,7296.643209726914,6302.25947581996,0.23886574919427958,14.624470178226964,False,37.67364725197912,152.4601542945392,5277700.0,1.2306307671902534,11529601.149642214
2026-05-07,6900.43310546875,6972.563068243685,6611.913254369011,6635.95657529399,13524700,6782.62099609375,227.94817769467582,7238.517351483102,6326.724640704399,0.629209312579812,13.443073279545231,False,35.8571543128258,172.48295590474604,5832915.0,2.318686282930576,11529601.149642214
2026-05-08,6780.216796875,6972.563372672872,6756.173474900265,6900.43340674867,7207100,6763.3863525390625,209.47412650787817,7182.334605554819,6344.438099523306,0.5200865431646812,12.388712729932335,False,34.17041265898106,175.61916603816468,5999180.0,1.2013475174940575,11529601.149642214
2026-05-11,6828.30322265625,6900.433186275858,6635.956653003961,6780.216580243178,5072900,6750.162524414062,195.46510764374025,7141.092739701543,6359.232309126582,0.5999420039516834,11.58283860199099,False,31.73610944473905,181.96612084057412,6090630.0,0.8329023434357365,11529601.149642214
2026-05-12,6684.04345703125,6852.346709546425,6587.870169879721,6828.303387758543,5044900,6736.938696289062,190.21514141045634,7117.368979109975,6356.508413468149,0.43047972040292004,11.293862092895903,False,29.781384801401742,187.85972218529764,6087185.0,0.8287738913800057,11529601.149642214
2026-05-13,6563.82666015625,6659.999944554144,6539.783339056777,6659.999944554144,4991500,6717.704028320312,187.118857820081,7091.941743960474,6343.466312680151,0.2944122656092485,11.141833997522385,False,28.279073861553318,184.74546474166735,6104610.0,0.8176607514648765,11529601.149642214
2026-05-14,6563.82666015625,6563.82666015625,6563.82666015625,6563.82666015625,0,6699.671533203125,183.48609843009854,7066.643730063322,6332.699336342928,0.31491121914799003,10.954931000467928,False,26.88407084597978,171.54936011726255,5773675.0,0.0,11529601.149642214
2026-05-15,6563.82666015625,6563.82666015625,6563.82666015625,6563.82666015625,0,6678.032543945313,171.77010162095485,7021.572747187222,6334.492340703403,0.33378090437257696,10.288665141453464,False,25.588710902947213,159.29583439460094,5585380.0,0.0,11529601.149642214
2026-05-18,6539.78369140625,6587.8703361960015,6467.653724221622,6563.827013801126,5351100,6653.989233398437,154.02646110975968,6962.042155617956,6345.936311178918,0.31463324358467853,9.259195090767683,False,25.054901681983125,156.50446136458515,5721600.0,0.9352453859060402,11529601.149642214
2026-05-19,6467.6533203125,6587.869924779276,6443.609999419145,6563.82660388592,4197400,6632.350244140625,147.8584737654053,6928.067191671436,6336.633296609814,0.2215294469875362,8.917410469752053,False,24.716511897714586,155.62985164998122,5734830.0,0.7319135876739153,11529601.149642214
2026-05-20,6491.69677734375,6563.826741536458,6443.610134548611,6467.653455946181,7512200,6613.115576171875,139.20997327693118,6891.535522725737,6334.695629618012,0.2819502511745592,8.420235314109869,False,24.402292812322372,153.10033417411447,5917875.0,1.269408360264453,11529601.149642214
2026-05-21,6419.56689453125,6539.783503043071,6371.480251126522,6491.696859638342,6240200,6592.678759765625,135.92006478352,6864.518889332665,6320.838630198585,0.1815925126468815,8.246727604143244,True,24.597486735320643,154.18625687000267,5832020.0,1.0699894719153913,11529601.149642214
2026-05-22,6563.82666015625,6684.043265653618,6323.3934491615155,6419.56673355941,5072300,6580.657080078125,126.52986240893678,6833.716804895998,6327.597355260251,0.46674615066860714,7.691016922427736,True,23.36567066517377,168.93365398586693,5780455.0,0.877491477746994,11529601.149642214
2026-05-25,6828.30322265625,6876.389865069323,6587.870010590889,6659.999974210497,6552500,6593.880908203125,137.98059967309123,6869.842107549307,6317.919708856943,0.9247378164186261,8.370220912023823,False,22.57194499579934,179.19290762352446,5679935.0,1.1536223565938695,11529601.149642214
2026-05-26,6611.91357421875,6828.303473011363,6611.91357421875,6828.303473011363,3354100,6592.678759765625,137.69917375858734,6868.077107282799,6317.28041224845,0.5349218044090218,8.354672131088792,False,21.834914017094512,181.84983556417367,5642595.0,0.5944250827854914,11529601.149642214
2026-05-27,6611.91357421875,6611.91357421875,6611.91357421875,6611.91357421875,0,6597.4874267578125,136.5453775461301,6870.578181850073,6324.396671665552,0.5264127349460508,8.278629042464566,False,21.15052810829717,168.86056159530412,5363115.0,0.0,11529601.149642214
2026-05-28,6611.91357421875,6611.91357421875,6611.91357421875,6611.91357421875,0,6604.700439453125,133.09253408345486,6870.885507620034,6338.515371286216,0.5135490972790068,8.06047361593737,False,20.515026907271068,156.79909290992526,5055320.0,0.0,11529601.149642214
2026-05-29,6828.30322265625,6828.30322265625,6515.740046971281,6611.913331797426,5777900,6620.328588867187,140.2550938061478,6900.8387764794825,6339.818401254892,0.8707078084388742,8.474207400641841,False,21.281955678031675,167.92509882242837,5015815.0,1.1519364250874484,11529601.149642214
2026-06-02,6539.78369140625,6828.303560144761,6491.697046616498,6828.303560144761,9456000,6620.328588867187,140.2550938061478,6900.8387764794825,6339.818401254892,0.35643142206966555,8.474207400641841,False,21.757350214464918,179.97377130141658,5154215.0,1.8346149704659196,11529601.149642214
2026-06-03,6275.30712890625,6563.826996901939,6179.133839574353,6539.783674568966,9366000,6610.711279296875,156.88389148981076,6924.479062276496,6296.943496317253,-0.03447831260038686,9.492708718417786,False,20.594692554205007,194.59658458900012,5260785.0,1.7803426674916385,11529601.149642214
2026-06-04,6371.48046875,6371.48046875,6131.047243514151,6299.350501179246,8176900,6602.296118164062,165.18297860950318,6932.662075383068,6271.930160945056,0.15066671615161342,10.00760799898424,False,19.7951375336878,197.87063034948932,5344885.0,1.52985517929759,11529601.149642214
2026-06-05,6203.1767578125,6371.480003179506,6155.09011627907,6371.480003179506,7736900,6567.43330078125,172.37126270362086,6912.175826188492,6222.690775374009,-0.028302306973091104,10.498546680823736,False,19.052693586064677,199.19346764387797,5055495.0,1.530394155270651,11502792.81861621
2026-06-08,5770.39697265625,6179.133424886068,5770.39697265625,6179.133424886068,3951800,6516.942309570312,240.9988512952037,6998.94001216072,6034.944606979905,-0.27442831459765565,14.792142685767837,False,20.161726613388552,215.8782046090474,4892730.0,0.8076881413852798,10934414.906158106
2026-06-09,6082.96044921875,6082.96044921875,5698.267298280015,5770.397264081028,4113300,6479.6751708984375,247.8482477781424,6975.371666454722,5983.978675342153,0.09984110717336905,15.300041513888226,False,21.43983471277309,227.93641506116796,4844750.0,0.8490221373651892,10934414.906158106
2026-06-10,6010.83056640625,6082.960533203125,5866.5706328125,5890.613955078125,10357600,6446.0145263671875,263.8315263459416,6973.677579059071,5918.351473675304,0.08763082070950583,16.371761203251932,False,22.626648719483086,227.11166401327208,5110385.0,2.0267748907371947,10934414.906158106
2026-06-11,6010.83056640625,6203.17714453125,5938.700599609375,6010.83056640625,12389600,6418.364721679687,279.35541950606023,6977.075560691807,5859.653882667567,0.13529063084402018,17.40975663551589,False,22.810232432959758,229.78058407817227,5480290.0,2.260756273846822,10934414.906158106
2026-06-12,6107.00390625,6203.177196112205,5938.700648991142,6034.873938853347,13984100,6395.523583984375,285.4453204303443,6966.414224845064,5824.632943123686,0.24730740260569356,17.852819503013304,False,22.980702639179516,232.25886715266446,6179495.0,2.2629842729867087,10934414.906158106
2026-06-15,6347.43701171875,6443.610299775095,6251.263723662405,6251.263723662405,9935600,6384.7041015625,282.8191496849493,6950.342400932399,5819.065802192601,0.4670574907274983,17.718543894038028,False,21.55026297573618,239.71226189355235,6676275.0,1.4881951387562675,10934414.906158106
2026-06-17,6371.48046875,6515.740403891509,6251.2638561320755,6347.437146226415,5517400,6376.2889404296875,280.4559861971643,6937.200912824016,5815.376968035359,0.49571370204565085,17.593681140695914,False,20.199102343374904,241.48113945540103,6684590.0,0.8253909364673077,10934414.906158106
2026-06-18,6371.48046875,6395.523791273585,6251.2638561320755,6371.48046875,4188900,6371.480297851563,279.63028733464716,6930.740872520857,5812.219723182268,0.5000001527896343,17.555122154513285,False,18.944453184753716,234.53676771869448,6684165.0,0.6266900951726955,10934414.906158106
2026-06-19,6443.6103515625,6539.783640391791,6251.263773903918,6299.350418318563,13041800,6369.0759765625,278.7475732055714,6926.571122973643,5811.580830151357,0.5668475550682485,17.506311699300294,False,18.557152386478187,238.39270334506435,6960645.0,1.873648203578835,10934414.906158106
2026-06-22,6323.3935546875,6611.913412696055,6275.306911686074,6611.913412696055,2886500,6364.267309570312,278.66024087994487,6921.587791330202,5806.946827810422,0.4633301159561351,17.51405007523223,False,18.54833743380751,245.4079746068441,6792960.0,0.4249252166949312,10934414.906158106
2026-06-23,6347.43701171875,6395.5236557469225,6227.220401648319,6323.393689704664,3657800,6353.447827148438,274.67657225985465,6902.800971668147,5804.094682628728,0.49452918811000635,17.293071713670493,False,18.208720908125223,239.9004945705412,6722235.0,0.5441345028848292,10934414.906158106
2026-06-24,6251.263671875,6443.610246394231,6203.177028245192,6347.436959134615,3799500,6324.595849609375,251.5010087253782,6827.597867060132,5821.593832158619,0.4271054834868982,15.906218497165256,False,18.142646788817437,239.93854625471963,6584585.0,0.5770295318535641,10934414.906158106
2026-06-25,6467.6533203125,6563.82660388592,6227.22011137895,6251.263432272305,5717300,6317.382836914063,244.8066696303082,6806.996176174679,5827.769497653447,0.6534583224645863,15.500511901849032,False,18.661978186554204,246.84339955845184,6702745.0,0.8529788914840114,10934414.906158106
2026-06-26,6347.43701171875,6467.653621789181,6299.3503676905775,6467.653621789181,1870300,6304.159008789063,235.00652958616328,6774.172067961389,5834.145949616736,0.5460391494290585,14.91120571410235,False,19.144214484452633,241.23338916846265,6796260.0,0.27519547515839593,10934414.906158106
2026-06-29,6395.5234375,6611.913328242481,6371.48011630639,6539.783364661654,3793300,6293.339501953125,224.85394812281098,6743.047398198747,5843.631605707504,0.613611453567922,14.29155049099308,False,20.233045501708425,242.89359826526754,6985925.0,0.5429918013720445,10934414.906158106
2026-06-30,6539.78369140625,6611.913658590877,6299.350467457491,6395.5237570369945,8402500,6278.913525390625,196.14884812478502,6671.211221640196,5886.615829141055,0.8324900560334484,12.49571903365765,False,20.660021399340643,247.8699977558475,7117155.0,1.1805981463098667,10934414.906158106
