Date,Equity,BuyHold,phase
2018-02-06,10000000.0,10000000.0,IS
2018-02-07,10000000.0,10054346.876385583,IS
2018-02-08,10000000.0,10108696.082705202,IS
2018-02-09,10000000.0,10081522.062028902,IS
2018-02-12,10000000.0,10326088.248115608,IS
2018-02-13,10000000.0,10543478.083591975,IS
2018-02-14,10000000.0,10489131.207206393,IS
2018-02-15,10000000.0,10434782.000886774,IS
2018-02-16,10000000.0,10434782.000886774,IS
2018-02-19,10000000.0,10489131.207206393,IS
2018-02-20,10000000.0,10326088.248115608,IS
2018-02-21,10000000.0,10326088.248115608,IS
2018-02-22,10000000.0,10244565.021119688,IS
2018-02-23,10000000.0,10298911.89750527,IS
2018-02-26,10000000.0,10163042.959090784,IS
2018-02-27,10000000.0,10244565.021119688,IS
2018-02-28,10000000.0,10271739.04179599,IS
2018-03-01,10000000.0,10298911.89750527,IS
2018-03-02,10000000.0,10298911.89750527,IS
2018-03-05,10000000.0,10244565.021119688,IS
2018-03-06,10000000.0,10135870.103381503,IS
2018-03-07,10000000.0,9945653.123614417,IS
2018-03-08,10000000.0,10244565.021119688,IS
2018-03-09,10000000.0,10027174.020676302,IS
2018-03-12,10000000.0,10217391.000443386,IS
2018-03-13,10000000.0,10217391.000443386,IS
2018-03-14,10000000.0,10190218.144734105,IS
2018-03-15,9976110.65066582,9891303.917294797,IS
2018-03-16,10085451.27566582,10000000.0,IS
2018-03-19,10112786.43191582,10027174.020676302,IS
2018-03-20,10249461.04129082,10163042.959090784,IS
2018-03-21,10405410.078550644,10353258.773890853,IS
2018-03-22,10405410.078550644,9972825.9793237,IS
2018-03-23,10380798.796494186,9782608.999556614,IS
2018-03-26,10380798.796494186,9782608.999556614,IS
2018-03-27,10380798.796494186,9782608.999556614,IS
2018-03-28,10238428.801376998,9646739.47865862,IS
2018-03-29,10380798.796494186,9782608.999556614,IS
2018-03-30,10380798.796494186,9782608.999556614,IS
2018-04-02,10658133.008162277,10081543.031435236,IS
2018-04-03,10658133.008162277,10081543.031435236,IS
2018-04-04,10658133.008162277,9773498.957471015,IS
2018-04-05,10658133.008162277,9717489.090666356,IS
2018-04-06,10658133.008162277,9745495.480277458,IS
2018-04-09,10658133.008162277,9885516.3611463,IS
2018-04-10,10658133.008162277,10025538.40698216,IS
2018-04-11,10658133.008162277,10221566.242238116,IS
2018-04-12,10658133.008162277,10053540.719208699,IS
2018-04-13,10658133.008162277,9941524.480500432,IS
2018-04-16,10658133.008162277,9941524.480500432,IS
2018-04-17,10658133.008162277,9941524.480500432,IS
2018-04-18,10658133.008162277,10249573.21433273,IS
2018-04-19,10658133.008162277,10249573.21433273,IS
2018-04-20,10658133.008162277,10249573.21433273,IS
2018-04-23,10658133.008162277,10025538.40698216,IS
2018-04-24,10658133.008162277,9773498.957471015,IS
2018-04-25,10658133.008162277,9773498.957471015,IS
2018-04-26,10658133.008162277,9773498.957471015,IS
2018-04-27,10658133.008162277,9773498.957471015,IS
2018-04-30,10632724.565336306,9017382.356388109,IS
2018-05-01,10632724.565336306,9017382.356388109,IS
2018-05-02,10665591.069242556,9045387.581032194,IS
2018-05-03,10402668.608305056,8821353.938648643,IS
2018-05-04,10294959.104819106,8485300.562655771,IS
2018-05-07,10294959.104819106,8541309.846976923,IS
2018-05-08,10294959.104819106,8597317.966331055,IS
2018-05-09,10294959.104819106,8989376.549260514,IS
2018-05-10,10294959.104819106,8989376.549260514,IS
2018-05-11,10294959.104819106,8849356.25087518,IS
2018-05-14,10294959.104819106,8933369.594873399,IS
2018-05-15,10294959.104819106,8597317.966331055,IS
2018-05-16,10294959.104819106,8597317.966331055,IS
2018-05-17,10294959.104819106,8373281.994013467,IS
2018-05-18,10294959.104819106,8233261.6956281345,IS
2018-05-21,10294959.104819106,7729186.291506901,IS
2018-05-22,10294959.104819106,7617167.140381089,IS
2018-05-23,10294959.104819106,8065235.0076317,IS
2018-05-24,10294959.104819106,8569313.90665399,IS
2018-05-25,10294959.104819106,8737339.429683406,IS
2018-05-28,10294959.104819106,9101395.117902817,IS
2018-05-29,10294959.104819106,9101395.117902817,IS
2018-05-30,10294959.104819106,8793348.131521048,IS
2018-05-31,10294959.104819106,8625322.026008122,IS
2018-06-01,10294959.104819106,8625322.026008122,IS
2018-06-04,10294959.104819106,8765344.654327491,IS
2018-06-05,10294959.104819106,8709335.95248985,IS
2018-06-06,10294959.104819106,8821353.938648643,IS
2018-06-07,10294959.104819106,9157403.81974046,IS
2018-06-08,10294959.104819106,8793348.131521048,IS
2018-06-11,10294959.104819106,8793348.131521048,IS
2018-06-12,10294959.104819106,8793348.131521048,IS
2018-06-13,10294959.104819106,8793348.131521048,IS
2018-06-14,10294959.104819106,8793348.131521048,IS
2018-06-15,10294959.104819106,8793348.131521048,IS
2018-06-18,10294959.104819106,8793348.131521048,IS
2018-06-19,10294959.104819106,8793348.131521048,IS
2018-06-20,10294959.104819106,8289270.979949287,IS
2018-06-21,10294959.104819106,8149250.099080445,IS
2018-06-22,10294959.104819106,8345279.681786929,IS
2018-06-25,10294959.104819106,8093241.397242803,IS
2018-06-26,10294959.104819106,7897210.06708579,IS
2018-06-27,10294959.104819106,7953218.7689234335,IS
2018-06-28,10270546.88027507,7701179.901895797,IS
2018-06-29,10603309.46572429,7953218.7689234335,IS
2018-07-02,10640284.28261882,7981223.993567518,IS
2018-07-03,10566335.417872727,7925214.126762858,IS
2018-07-04,10936072.051173508,8205257.635951068,IS
2018-07-05,10862126.26259929,8149250.099080445,IS
2018-07-06,10603309.46572429,7953218.7689234335,IS
2018-07-09,11194037.95859027,8429291.860818129,IS
2018-07-10,11194037.95859027,8541309.846976923,IS
2018-07-11,11194037.95859027,8373281.994013467,IS
2018-07-12,11194037.95859027,8317274.457142844,IS
2018-07-13,11194037.95859027,8317274.457142844,IS
2018-07-16,11194037.95859027,8317274.457142844,IS
2018-07-17,11194037.95859027,8037232.69540516,IS
2018-07-18,11194037.95859027,7981223.993567518,IS
2018-07-19,11194037.95859027,8093241.397242803,IS
2018-07-20,11194037.95859027,8345279.681786929,IS
2018-07-23,11194037.95859027,8513305.787299855,IS
2018-07-24,11194037.95859027,8429291.860818129,IS
2018-07-25,11194037.95859027,8373281.994013467,IS
2018-07-26,11194037.95859027,8513305.787299855,IS
2018-07-27,11194037.95859027,8653327.250652207,IS
2018-07-30,11194037.95859027,8625322.026008122,IS
2018-07-31,11194037.95859027,8597317.966331055,IS
2018-08-01,11194037.95859027,8933369.594873399,IS
2018-08-02,11194037.95859027,9101395.117902817,IS
2018-08-03,11194037.95859027,9325429.342769876,IS
2018-08-06,11194037.95859027,9549464.150120446,IS
2018-08-07,11194037.95859027,9381437.462124009,IS
2018-08-08,11194037.95859027,9325429.342769876,IS
2018-08-09,11194037.95859027,9325429.342769876,IS
2018-08-10,11194037.95859027,9493456.030766312,IS
2018-08-13,11194037.95859027,8793348.131521048,IS
2018-08-14,11194037.95859027,8765344.654327491,IS
2018-08-15,11194037.95859027,8989376.549260514,IS
2018-08-16,11194037.95859027,8541309.846976923,IS
2018-08-17,11194037.95859027,8541309.846976923,IS
2018-08-20,11194037.95859027,8905366.117679842,IS
2018-08-21,11194037.95859027,8821353.938648643,IS
2018-08-22,11194037.95859027,8821353.938648643,IS
2018-08-23,11194037.95859027,9157403.81974046,IS
2018-08-24,11194037.95859027,9157403.81974046,IS
2018-08-27,11194037.95859027,9465450.806122227,IS
2018-08-28,11194037.95859027,9325429.342769876,IS
2018-08-29,11194037.95859027,9213412.521578101,IS
2018-08-30,11194037.95859027,8933369.594873399,IS
2018-08-31,11194037.95859027,8905366.117679842,IS
2018-09-03,11194037.95859027,8877360.893035756,IS
2018-09-04,11194037.95859027,8709335.95248985,IS
2018-09-05,11167614.982383942,8205257.635951068,IS
2018-09-06,11280297.013633942,8289270.979949287,IS
2018-09-07,11543219.669883942,8485300.562655771,IS
2018-09-10,11317856.388633942,8317274.457142844,IS
2018-09-11,11317856.388633942,8317274.457142844,IS
2018-09-12,11092495.451133942,8149250.099080445,IS
2018-09-13,11430538.419883942,8401287.801141063,IS
2018-09-14,11693461.857383942,8597317.966331055,IS
2018-09-17,11317856.388633942,8317274.457142844,IS
2018-09-18,11205175.138633942,8233261.6956281345,IS
2018-09-19,11430538.419883942,8401287.801141063,IS
2018-09-20,11768583.732383942,8653327.250652207,IS
2018-09-21,11841437.04770898,8737339.429683406,IS
2018-09-24,11841437.04770898,8429291.860818129,IS
2018-09-25,11841437.04770898,8485300.562655771,IS
2018-09-26,11841437.04770898,8373281.994013467,IS
2018-09-27,11841437.04770898,8597317.966331055,IS
2018-09-28,11841437.04770898,8821353.938648643,IS
2018-10-01,11841437.04770898,8905366.117679842,IS
2018-10-02,11841437.04770898,8709335.95248985,IS
2018-10-03,11841437.04770898,8681328.980395237,IS
2018-10-04,11841437.04770898,8401287.801141063,IS
2018-10-05,11841437.04770898,8345279.681786929,IS
2018-10-08,11841437.04770898,8317274.457142844,IS
2018-10-09,11841437.04770898,8457297.085462213,IS
2018-10-10,11841437.04770898,8429291.860818129,IS
2018-10-11,11841437.04770898,8149250.099080445,IS
2018-10-12,11841437.04770898,8261265.755305202,IS
2018-10-15,11841437.04770898,8401287.801141063,IS
2018-10-16,11841437.04770898,8401287.801141063,IS
2018-10-17,11841437.04770898,8597317.966331055,IS
2018-10-18,11841437.04770898,8653327.250652207,IS
2018-10-19,11841437.04770898,8457297.085462213,IS
2018-10-22,11841437.04770898,8541309.846976923,IS
2018-10-23,11841437.04770898,8457297.085462213,IS
2018-10-24,11841437.04770898,8261265.755305202,IS
2018-10-25,11841437.04770898,8401287.801141063,IS
2018-10-26,11841437.04770898,8373281.994013467,IS
2018-10-29,11841437.04770898,8261265.755305202,IS
2018-10-30,11841437.04770898,8485300.562655771,IS
2018-10-31,11841437.04770898,8821353.938648643,IS
2018-11-01,11841437.04770898,8961373.654550467,IS
2018-11-02,11841437.04770898,9185406.714450506,IS
2018-11-05,11841437.04770898,9157403.81974046,IS
2018-11-06,11841437.04770898,9325429.342769876,IS
2018-11-07,11841437.04770898,9437445.581478143,IS
2018-11-08,11841437.04770898,9661481.55379573,IS
2018-11-09,11841437.04770898,9353434.567413962,IS
2018-11-12,11841437.04770898,9185406.714450506,IS
2018-11-13,11841437.04770898,9381437.462124009,IS
2018-11-14,11841437.04770898,9381437.462124009,IS
2018-11-15,11841437.04770898,9549464.150120446,IS
2018-11-16,11841437.04770898,9773498.957471015,IS
2018-11-19,11841437.04770898,9857510.554018704,IS
2018-11-20,11841437.04770898,9857510.554018704,IS
2018-11-21,11841437.04770898,9605472.851958089,IS
2018-11-22,11841437.04770898,9941524.480500432,IS
2018-11-23,11841437.04770898,9745495.480277458,IS
2018-11-26,11841437.04770898,9913519.838339858,IS
2018-11-27,11841437.04770898,10081543.031435236,IS
2018-11-28,11841437.04770898,10221566.242238116,IS
2018-11-29,11841437.04770898,10389592.930234553,IS
2018-11-30,11841437.04770898,10137555.810657443,IS
2018-12-03,11841437.04770898,10333583.6459134,IS
2018-12-04,11841437.04770898,10389592.930234553,IS
2018-12-05,11841437.04770898,10221566.242238116,IS
2018-12-06,11841437.04770898,10221566.242238116,IS
2018-12-07,11841437.04770898,10137555.810657443,IS
2018-12-10,11841437.04770898,10109548.838562831,IS
2018-12-11,11841437.04770898,10137555.810657443,IS
2018-12-12,11841437.04770898,10137555.810657443,IS
2018-12-13,11841437.04770898,10305579.003752826,IS
2018-12-14,11841437.04770898,10305579.003752826,IS
2018-12-17,11841437.04770898,10081543.031435236,IS
2018-12-18,11841437.04770898,10165558.122883981,IS
2018-12-19,11841437.04770898,10277574.36159225,IS
2018-12-20,11841437.04770898,10221566.242238116,IS
2018-12-21,11841437.04770898,10137555.810657443,IS
2018-12-24,11841437.04770898,10137555.810657443,IS
2018-12-25,11841437.04770898,10137555.810657443,IS
2018-12-26,11841437.04770898,10081543.031435236,IS
2018-12-27,11841437.04770898,10249573.21433273,IS
2018-12-28,11841437.04770898,10249573.21433273,IS
2018-12-31,11841437.04770898,10249573.21433273,IS
2019-01-01,11841437.04770898,10249573.21433273,IS
2019-01-02,11841437.04770898,10109548.838562831,IS
2019-01-03,11841437.04770898,10137555.810657443,IS
2019-01-04,11841437.04770898,10249573.21433273,IS
2019-01-07,11841437.04770898,10249573.21433273,IS
2019-01-08,11841437.04770898,10305579.003752826,IS
2019-01-09,11841437.04770898,10417597.572395127,IS
2019-01-10,11841437.04770898,10501611.498876855,IS
2019-01-11,11841437.04770898,10445602.214555705,IS
2019-01-14,11841437.04770898,10613626.572618103,IS
2019-01-15,11841437.04770898,10585621.930457527,IS
2019-01-16,11841437.04770898,10585621.930457527,IS
2019-01-17,11841437.04770898,10669634.691972237,IS
2019-01-18,11841437.04770898,10697639.334132811,IS
2019-01-21,11841437.04770898,10641632.379745698,IS
2019-01-22,11841437.04770898,10557619.61823099,IS
2019-01-23,11841437.04770898,10557619.61823099,IS
2019-01-24,11841437.04770898,10613626.572618103,IS
2019-01-25,11841437.04770898,10585621.930457527,IS
2019-01-28,11841437.04770898,10585621.930457527,IS
2019-01-29,11841437.04770898,10333583.6459134,IS
2019-01-30,11841437.04770898,10501611.498876855,IS
2019-01-31,11841437.04770898,10781654.425581558,IS
2019-02-01,11841437.04770898,10977683.425804531,IS
2019-02-04,11841437.04770898,10921674.14148338,IS
2019-02-05,11841437.04770898,10921674.14148338,IS
2019-02-06,11841437.04770898,10977683.425804531,IS
2019-02-07,11841437.04770898,11005686.902998088,IS
2019-02-08,11841437.04770898,10893670.664289823,IS
2019-02-11,11841437.04770898,10837661.379968673,IS
2019-02-12,11841437.04770898,10781654.425581558,IS
2019-02-13,11841437.04770898,10613626.572618103,IS
2019-02-14,11841437.04770898,10641632.379745698,IS
2019-02-15,11841437.04770898,10557619.61823099,IS
2019-02-18,11841437.04770898,10753647.453486945,IS
2019-02-19,11841437.04770898,10949677.618676938,IS
2019-02-20,11841437.04770898,10893670.664289823,IS
2019-02-21,11841437.04770898,10949677.618676938,IS
2019-02-22,11841437.04770898,10921674.14148338,IS
2019-02-25,11841437.04770898,11089699.664512798,IS
2019-02-26,11841437.04770898,11033692.710125685,IS
2019-02-27,11841437.04770898,10837661.379968673,IS
2019-02-28,11841437.04770898,10781654.425581558,IS
2019-03-01,11841437.04770898,10837661.379968673,IS
2019-03-04,11841437.04770898,10865664.85716223,IS
2019-03-05,11841437.04770898,10809656.737808095,IS
2019-03-06,11841437.04770898,10921674.14148338,IS
2019-03-07,11841437.04770898,10921674.14148338,IS
2019-03-08,11841437.04770898,10781654.425581558,IS
2019-03-11,11841437.04770898,10809656.737808095,IS
2019-03-12,11841437.04770898,10753647.453486945,IS
2019-03-13,11841437.04770898,10613626.572618103,IS
2019-03-14,11841437.04770898,10753647.453486945,IS
2019-03-15,11841437.04770898,11061695.022352222,IS
2019-03-18,11841437.04770898,11201717.068188082,IS
2019-03-19,11841437.04770898,11145707.78386693,IS
2019-03-20,11841437.04770898,11173713.590994526,IS
2019-03-21,11841437.04770898,11173713.590994526,IS
2019-03-22,11841437.04770898,11341737.949056925,IS
2019-03-25,11841437.04770898,11229720.545381641,IS
2019-03-26,11841437.04770898,11369744.921151537,IS
2019-03-27,11841437.04770898,11341737.949056925,IS
2019-03-28,11841437.04770898,11397748.398345094,IS
2019-03-29,11841437.04770898,11509764.637053361,IS
2019-04-01,11841437.04770898,11621780.875761626,IS
2019-04-02,11841437.04770898,11621780.875761626,IS
2019-04-03,11841437.04770898,11621780.875761626,IS
2019-04-04,11841437.04770898,11817811.04095162,IS
2019-04-05,11841437.04770898,11957830.756853443,IS
2019-04-08,11841437.04770898,11901824.967433348,IS
2019-04-09,11841437.04770898,12041845.84830219,IS
2019-04-10,11841437.04770898,12069850.490462763,IS
2019-04-11,11841437.04770898,12041845.84830219,IS
2019-04-12,11841437.04770898,12069850.490462763,IS
2019-04-15,11841437.04770898,12181867.89413805,IS
2019-04-16,11841437.04770898,12153863.251977472,IS
2019-04-17,11841437.04770898,12153863.251977472,IS
2019-04-18,11841437.04770898,12489914.298036309,IS
2019-04-19,11841437.04770898,12489914.298036309,IS
2019-04-22,11841437.04770898,12433905.013715155,IS
2019-04-23,11841437.04770898,12405902.701488618,IS
2019-04-24,11841437.04770898,12321889.93997391,IS
2019-04-25,11841437.04770898,12125859.774783917,IS
2019-04-26,11841437.04770898,12125859.774783917,IS
2019-04-29,11841437.04770898,12153863.251977472,IS
2019-04-30,11841437.04770898,12237876.013492182,IS
2019-05-01,11841437.04770898,12237876.013492182,IS
2019-05-02,11841437.04770898,12237876.013492182,IS
2019-05-03,11841437.04770898,12265881.820619777,IS
2019-05-06,11841437.04770898,11845816.848079214,IS
2019-05-07,11841437.04770898,11901824.967433348,IS
2019-05-08,11841437.04770898,11817811.04095162,IS
2019-05-09,11841437.04770898,11537768.114246918,IS
2019-05-10,11841437.04770898,11537768.114246918,IS
2019-05-13,11841437.04770898,11481759.994892783,IS
2019-05-14,11841437.04770898,11341737.949056925,IS
2019-05-15,11841437.04770898,10893670.664289823,IS
2019-05-16,11841437.04770898,10809656.737808095,IS
2019-05-17,11841437.04770898,10613626.572618103,IS
2019-05-20,11841437.04770898,10501611.498876855,IS
2019-05-21,11841437.04770898,10501611.498876855,IS
2019-05-22,11841437.04770898,10557619.61823099,IS
2019-05-23,11841437.04770898,10781654.425581558,IS
2019-05-24,11841437.04770898,11164957.698882587,IS
2019-05-27,11841437.04770898,11367956.696777957,IS
2019-05-28,11841437.04770898,11048956.108003628,IS
2019-05-29,11841437.04770898,11425955.74476691,IS
2019-05-30,11841437.04770898,11425955.74476691,IS
2019-05-31,11841437.04770898,11889953.95351362,IS
2019-06-03,11841437.04770898,11889953.95351362,IS
2019-06-04,11841437.04770898,11889953.95351362,IS
2019-06-05,11841437.04770898,11889953.95351362,IS
2019-06-06,11841437.04770898,11889953.95351362,IS
2019-06-07,11841437.04770898,11889953.95351362,IS
2019-06-10,11841437.04770898,12266952.425309887,IS
2019-06-11,11841437.04770898,12266952.425309887,IS
2019-06-12,11841437.04770898,12208953.377320934,IS
2019-06-13,11841437.04770898,12179952.68835944,IS
2019-06-14,11841437.04770898,12266952.425309887,IS
2019-06-17,11841437.04770898,12179952.68835944,IS
2019-06-18,11841437.04770898,12353950.997293314,IS
2019-06-19,11841437.04770898,12440953.0641778,IS
2019-06-20,11841437.04770898,12498950.947199734,IS
2019-06-21,11841437.04770898,12643952.062073171,IS
2019-06-24,11841437.04770898,12498950.947199734,IS
2019-06-25,11841437.04770898,12556952.325122723,IS
2019-06-26,11841437.04770898,12643952.062073171,IS
2019-06-27,11841437.04770898,12701952.275029143,IS
2019-06-28,11841437.04770898,12643952.062073171,IS
2019-07-01,11841437.04770898,12817949.206040027,IS
2019-07-02,11841437.04770898,12788948.517078534,IS
2019-07-03,11841437.04770898,12759951.323018095,IS
2019-07-04,11841437.04770898,12730950.6340566,IS
2019-07-05,11841437.04770898,12759951.323018095,IS
2019-07-08,11841437.04770898,12759951.323018095,IS
2019-07-09,11841437.04770898,12788948.517078534,IS
2019-07-10,11841437.04770898,12962950.320913464,IS
2019-07-11,11841437.04770898,13078949.581858387,IS
2019-07-12,11841437.04770898,13078949.581858387,IS
2019-07-15,11841437.04770898,13136949.79481436,IS
2019-07-16,11841437.04770898,13194947.677836293,IS
2019-07-17,11841437.04770898,13107949.105852865,IS
2019-07-18,11841437.04770898,12904950.107957494,IS
2019-07-19,11841437.04770898,12991949.844907941,IS
2019-07-22,11841437.04770898,13049950.057863913,IS
2019-07-23,11841437.04770898,13020947.03896838,IS
2019-07-24,11841437.04770898,12904950.107957494,IS
2019-07-25,11841437.04770898,12933948.46698495,IS
2019-07-26,11841437.04770898,12875948.25402898,IS
2019-07-29,11841437.04770898,12933948.46698495,IS
2019-07-30,11841437.04770898,13049950.057863913,IS
2019-07-31,11841437.04770898,12991949.844907941,IS
2019-08-01,11841437.04770898,12904950.107957494,IS
2019-08-02,11841437.04770898,12904950.107957494,IS
2019-08-05,11841437.04770898,12382949.356320774,IS
2019-08-06,11813318.844295414,11889953.95351362,IS
2019-08-07,12241780.758357914,12324952.638265857,IS
2019-08-08,12356038.03374854,12440953.0641778,IS
2019-08-09,12470294.161678227,12556952.325122723,IS
2019-08-12,12384600.63140479,12469951.423205256,IS
2019-08-13,12327471.993709477,12411951.210249286,IS
2019-08-14,12470294.161678227,12556952.325122723,IS
2019-08-15,12241780.758357914,12324952.638265857,IS
2019-08-16,12127524.630428227,12208953.377320934,IS
2019-08-19,12065582.629022667,12121951.31043645,IS
2019-08-20,12065582.629022667,11889953.95351362,IS
2019-08-21,12065582.629022667,11744954.003607204,IS
2019-08-22,12065582.629022667,11802955.381530194,IS
2019-08-23,12065582.629022667,11831954.90552467,IS
2019-08-26,12065582.629022667,11802955.381530194,IS
2019-08-27,12065582.629022667,12179952.68835944,IS
2019-08-28,12065582.629022667,12150951.999397945,IS
2019-08-29,12065582.629022667,12179952.68835944,IS
2019-08-30,12065582.629022667,12382949.356320774,IS
2019-09-02,12065582.629022667,12237952.90131541,IS
2019-09-03,12065582.629022667,12034952.738453021,IS
2019-09-04,12065582.629022667,12063954.592381537,IS
2019-09-05,12065582.629022667,12237952.90131541,IS
2019-09-06,12065582.629022667,12382949.356320774,IS
2019-09-09,12065582.629022667,12092951.786441974,IS
2019-09-10,12065582.629022667,12150951.999397945,IS
2019-09-11,12065582.629022667,12324952.638265857,IS
2019-09-12,12065582.629022667,12411951.210249286,IS
2019-09-13,12065582.629022667,12498950.947199734,IS
2019-09-16,12065582.629022667,12150951.999397945,IS
2019-09-17,12065582.629022667,12324952.638265857,IS
2019-09-18,12065582.629022667,12295951.949304363,IS
2019-09-19,12065582.629022667,12237952.90131541,IS
2019-09-20,12065582.629022667,12063954.592381537,IS
2019-09-23,12065582.629022667,12121951.31043645,IS
2019-09-24,12065582.629022667,11918953.477508098,IS
2019-09-25,12065582.629022667,11831954.90552467,IS
2019-09-26,12065582.629022667,12208953.377320934,IS
2019-09-27,12065582.629022667,12121951.31043645,IS
2019-09-30,12065582.629022667,11947951.836535554,IS
2019-10-01,12065582.629022667,11802955.381530194,IS
2019-10-02,12036909.94308828,11396955.055805415,IS
2019-10-03,11672261.50558828,11048956.108003628,IS
2019-10-04,12097685.089572655,11454955.268761387,IS
2019-10-07,11945749.054416405,11309956.483821986,IS
2019-10-08,12036909.94308828,11396955.055805415,IS
2019-10-09,12128073.273166405,11483955.95772288,IS
2019-10-10,11915360.870822655,11280955.794860492,IS
2019-10-11,12006524.20090078,11367956.696777957,IS
2019-10-14,12006524.20090078,11367956.696777957,IS
2019-10-15,12067298.12668203,11425955.74476691,IS
2019-10-16,12219236.60324453,11570956.859640347,IS
2019-10-17,12401558.38058828,11744954.003607204,IS
2019-10-18,12723140.799703883,12092951.786441974,IS
2019-10-21,12723140.799703883,11947951.836535554,IS
2019-10-22,12723140.799703883,12005950.884524507,IS
2019-10-23,12723140.799703883,12121951.31043645,IS
2019-10-24,12723140.799703883,12469951.423205256,IS
2019-10-25,12723140.799703883,12266952.425309887,IS
2019-10-28,12723140.799703883,12266952.425309887,IS
2019-10-29,12723140.799703883,12266952.425309887,IS
2019-10-30,12723140.799703883,12324952.638265857,IS
2019-10-31,12723140.799703883,12208953.377320934,IS
2019-11-01,12723140.799703883,12121951.31043645,IS
2019-11-04,12723140.799703883,12063954.592381537,IS
2019-11-05,12723140.799703883,12469951.423205256,IS
2019-11-06,12723140.799703883,12063954.592381537,IS
2019-11-07,12723140.799703883,11599954.053700784,IS
2019-11-08,12723140.799703883,11570956.859640347,IS
2019-11-11,12723140.799703883,11599954.053700784,IS
2019-11-12,12723140.799703883,11599954.053700784,IS
2019-11-13,12723140.799703883,11483955.95772288,IS
2019-11-14,12723140.799703883,11425955.74476691,IS
2019-11-15,12723140.799703883,11860953.264552128,IS
2019-11-18,12723140.799703883,11947951.836535554,IS
2019-11-19,12723140.799703883,12150951.999397945,IS
2019-11-20,12723140.799703883,12237952.90131541,IS
2019-11-21,12723140.799703883,12237952.90131541,IS
2019-11-22,12723140.799703883,12208953.377320934,IS
2019-11-25,12723140.799703883,11976953.69046407,IS
2019-11-26,12723140.799703883,12034952.738453021,IS
2019-11-27,12723140.799703883,12092951.786441974,IS
2019-11-28,12723140.799703883,11744954.003607204,IS
2019-11-29,12723140.799703883,11860953.264552128,IS
2019-12-02,12723140.799703883,12208953.377320934,IS
2019-12-03,12723140.799703883,12092951.786441974,IS
2019-12-04,12723140.799703883,11976953.69046407,IS
2019-12-05,12723140.799703883,12237952.90131541,IS
2019-12-06,12723140.799703883,12092951.786441974,IS
2019-12-09,12723140.799703883,12121951.31043645,IS
2019-12-10,12723140.799703883,12092951.786441974,IS
2019-12-11,12723140.799703883,12208953.377320934,IS
2019-12-12,12723140.799703883,12324952.638265857,IS
2019-12-13,12723140.799703883,12411951.210249286,IS
2019-12-16,12723140.799703883,12556952.325122723,IS
2019-12-17,12723140.799703883,12614951.373111676,IS
2019-12-18,12723140.799703883,12759951.323018095,IS
2019-12-19,12723140.799703883,12614951.373111676,IS
2019-12-20,12723140.799703883,12643952.062073171,IS
2019-12-23,12723140.799703883,12904950.107957494,IS
2019-12-26,12723140.799703883,12788948.517078534,IS
2019-12-27,12723140.799703883,12846949.895001523,IS
2019-12-30,12723140.799703883,12759951.323018095,IS
2020-01-02,12723140.799703883,12788948.517078534,IS
2020-01-03,12723140.799703883,12817949.206040027,IS
2020-01-06,12723140.799703883,12672950.421100628,IS
2020-01-07,12723140.799703883,12759951.323018095,IS
2020-01-08,12723140.799703883,12701952.275029143,IS
2020-01-09,12723140.799703883,12759951.323018095,IS
2020-01-10,12723140.799703883,12788948.517078534,IS
2020-01-13,12723140.799703883,13078949.581858387,IS
2020-01-14,12723140.799703883,13252949.055759283,IS
2020-01-15,12723140.799703883,13281948.57975376,IS
2020-01-16,12723140.799703883,13252949.055759283,IS
2020-01-17,12723140.799703883,13426947.364693157,IS
2020-01-20,12723140.799703883,13513948.266610624,IS
2020-01-21,12723140.799703883,13542947.7906051,IS
2020-01-22,12723140.799703883,13658947.051550023,IS
2020-01-23,12723140.799703883,13745945.623533454,IS
2020-01-24,12723140.799703883,13745945.623533454,IS
2020-01-27,12723140.799703883,13484948.742616147,IS
2020-01-28,12723140.799703883,13397947.840698684,IS
2020-01-29,12723140.799703883,13397947.840698684,IS
2020-01-30,12723140.799703883,13281948.57975376,IS
2020-01-31,12723140.799703883,12933948.46698495,IS
2020-02-03,12723140.799703883,12933948.46698495,IS
2020-02-04,12723140.799703883,13223947.201830767,IS
2020-02-05,12723140.799703883,13223947.201830767,IS
2020-02-06,12723140.799703883,13194947.677836293,IS
2020-02-07,12723140.799703883,13194947.677836293,IS
2020-02-10,12723140.799703883,13049950.057863913,IS
2020-02-11,12723140.799703883,13078949.581858387,IS
2020-02-12,12723140.799703883,13136949.79481436,IS
2020-02-13,12723140.799703883,13252949.055759283,IS
2020-02-14,12723140.799703883,13194947.677836293,IS
2020-02-17,12723140.799703883,12962950.320913464,IS
2020-02-18,12723140.799703883,12759951.323018095,IS
2020-02-19,12723140.799703883,12991949.844907941,IS
2020-02-20,12723140.799703883,13223947.201830767,IS
2020-02-21,12723140.799703883,13078949.581858387,IS
2020-02-24,12723140.799703883,13020947.03896838,IS
2020-02-25,12723140.799703883,13049950.057863913,IS
2020-02-26,12723140.799703883,12991949.844907941,IS
2020-02-27,12693085.796701638,12444171.868050244,IS
2020-02-28,12874945.562326638,12624959.604768628,IS
2020-03-02,12377778.638617624,11992203.10873779,IS
2020-03-03,12377778.638617624,12353778.58217456,IS
2020-03-04,12377778.638617624,12715352.890644314,IS
2020-03-05,12377778.638617624,12504433.281989353,IS
2020-03-06,12377778.638617624,12082597.55958049,IS
2020-03-09,12377778.638617624,11299189.858635912,IS
2020-03-10,12377778.638617624,11781284.665049847,IS
2020-03-11,12377778.638617624,11781284.665049847,IS
2020-03-12,12377778.638617624,10877350.641325993,IS
2020-03-13,12377778.638617624,11208795.40779321,IS
2020-03-16,12377778.638617624,10545907.039825795,IS
2020-03-17,12377778.638617624,9822759.587853309,IS
2020-03-18,12377778.638617624,9461185.279383555,IS
2020-03-19,12377778.638617624,8828431.113286752,IS
2020-03-20,12377778.638617624,8466856.804816999,IS
2020-03-23,12377778.638617624,7894366.382593342,IS
2020-03-24,12377778.638617624,7352003.754921694,IS
2020-03-26,12377778.638617624,8858562.402739815,IS
2020-03-27,12377778.638617624,9732366.884461135,IS
2020-03-30,12377778.638617624,9069480.846427757,IS
2020-03-31,12377778.638617624,9099612.71836433,IS
2020-04-01,12377778.638617624,8828431.113286752,IS
2020-04-02,12377778.638617624,8647644.541535385,IS
2020-04-03,12377778.638617624,8707907.120441513,IS
2020-04-06,12377778.638617624,9099612.71836433,IS
2020-04-07,12377778.638617624,9129743.425333885,IS
2020-04-08,12377778.638617624,8496988.094270062,IS
2020-04-09,12377778.638617624,8406595.973361399,IS
2020-04-13,12377778.638617624,8346332.229488252,IS
2020-04-14,12377778.638617624,8738038.992378086,IS
2020-04-15,12377778.638617624,8316203.269969223,IS
2020-04-16,12377778.638617624,7864234.510656769,IS
2020-04-17,12377778.638617624,8527119.966206636,IS
2020-04-20,12377778.638617624,8376465.266391843,IS
2020-04-21,12377778.638617624,8195676.9471899485,IS
2020-04-22,12377778.638617624,8406595.973361399,IS
2020-04-23,12377778.638617624,8436726.680330953,IS
2020-04-24,12377778.638617624,7924497.089562898,IS
2020-04-27,12377778.638617624,8014890.375438581,IS
2020-04-28,12377778.638617624,7803972.51423415,IS
2020-04-29,12377778.638617624,7773840.642297576,IS
2020-04-30,12377778.638617624,8225808.236643012,IS
2020-05-04,12377778.638617624,7924497.089562898,IS
2020-05-05,12377778.638617624,7924497.089562898,IS
2020-05-06,12377778.638617624,7894366.382593342,IS
2020-05-08,12377778.638617624,7803972.51423415,IS
2020-05-11,12377778.638617624,7894366.382593342,IS
2020-05-12,12377778.638617624,7502659.619703507,IS
2020-05-13,12377778.638617624,7442398.205764397,IS
2020-05-14,12377778.638617624,7080825.0622616615,IS
2020-05-15,12377778.638617624,6749381.460761464,IS
2020-05-18,12348169.369989904,6538462.434590015,IS
2020-05-19,13484788.510614904,7141085.893717263,IS
2020-05-20,14109931.454950841,7472530.077700971,IS
2020-05-26,14337253.964716466,7593054.070546209,IS
2020-05-27,14911598.151455918,7924497.089562898,IS
2020-05-28,14911598.151455918,8225808.236643012,IS
2020-05-29,14911598.151455918,8888693.69219288,IS
2020-06-02,14911598.151455918,9581711.019679323,IS
2020-06-03,14911598.151455918,9340660.121571299,IS
2020-06-04,14911598.151455918,9220137.293693079,IS
2020-06-05,14911598.151455918,9370792.575991381,IS
2020-06-08,14911598.151455918,9943283.580698546,IS
2020-06-09,14911598.151455918,9672103.140587987,IS
2020-06-10,14911598.151455918,9129743.425333885,IS
2020-06-11,14911598.151455918,8948956.271099009,IS
2020-06-12,14911598.151455918,9129743.425333885,IS
2020-06-15,14911598.151455918,8738038.992378086,IS
2020-06-16,14911598.151455918,9431056.319864528,IS
2020-06-17,14911598.151455918,9340660.121571299,IS
2020-06-18,14911598.151455918,9190006.586723523,IS
2020-06-19,14911598.151455918,9340660.121571299,IS
2020-06-22,14911598.151455918,9220137.293693079,IS
2020-06-23,14911598.151455918,9069480.846427757,IS
2020-06-24,14911598.151455918,9400925.030411465,IS
2020-06-25,14911598.151455918,9220137.293693079,IS
2020-06-26,14911598.151455918,9129743.425333885,IS
2020-06-29,14911598.151455918,9159875.297270458,IS
2020-06-30,14911598.151455918,9129743.425333885,IS
2020-07-01,14911598.151455918,9220137.293693079,IS
2020-07-02,14911598.151455918,9220137.293693079,IS
2020-07-03,14911598.151455918,9190006.586723523,IS
2020-07-06,14911598.151455918,9159875.297270458,IS
2020-07-07,14911598.151455918,9129743.425333885,IS
2020-07-08,14911598.151455918,9611842.309132386,IS
2020-07-09,14911598.151455918,9461185.279383555,IS
2020-07-10,14911598.151455918,9370792.575991381,IS
2020-07-13,14911598.151455918,9521447.858289685,IS
2020-07-14,14911598.151455918,9551580.312709767,IS
2020-07-15,14911598.151455918,9431056.319864528,IS
2020-07-16,14911598.151455918,9461185.279383555,IS
2020-07-17,14911598.151455918,9340660.121571299,IS
2020-07-20,14911598.151455918,9190006.586723523,IS
2020-07-21,14911598.151455918,9491318.316287147,IS
2020-07-22,14911598.151455918,9340660.121571299,IS
2020-07-23,14911598.151455918,9461185.279383555,IS
2020-07-24,14911598.151455918,9310531.162052272,IS
2020-07-27,14911598.151455918,9491318.316287147,IS
2020-07-28,14911598.151455918,9461185.279383555,IS
2020-07-29,14911598.151455918,9400925.030411465,IS
2020-07-30,14911598.151455918,9521447.858289685,IS
2020-08-03,14911598.151455918,9009217.68503812,IS
2020-08-04,14911598.151455918,9280399.290115697,IS
2020-08-05,14911598.151455918,9280399.290115697,IS
2020-08-06,14911598.151455918,9370792.575991381,IS
2020-08-07,14911598.151455918,9370792.575991381,IS
2020-08-10,14911598.151455918,9431056.319864528,IS
2020-08-11,14911598.151455918,9611842.309132386,IS
2020-08-12,14911598.151455918,10093939.44548036,IS
2020-08-13,14911598.151455918,10033679.196508268,IS
2020-08-14,14911598.151455918,10063811.06844484,IS
2020-08-18,14911598.151455918,10606170.783698943,IS
2020-08-19,14911598.151455918,10726695.941511199,IS
2020-08-24,14911598.151455918,10967743.927201677,IS
2020-08-25,14911598.151455918,11449843.393483687,IS
2020-08-26,14911598.151455918,11269055.6567653,IS
2020-08-27,14911598.151455918,11148531.663920064,IS
2020-08-28,14911598.151455918,11118399.791983489,IS
2020-08-31,14911598.151455918,10576037.74679535,IS
2020-09-01,14911598.151455918,10877350.641325993,IS
2020-09-02,14911598.151455918,11028008.836041844,IS
2020-09-03,14911598.151455918,10786957.35545031,IS
2020-09-04,14911598.151455918,10696564.069574626,IS
2020-09-07,14911598.151455918,10576037.74679535,IS
2020-09-08,14911598.151455918,10606170.783698943,IS
2020-09-09,14911598.151455918,10274729.512132782,IS
2020-09-10,14911598.151455918,9581711.019679323,IS
2020-09-11,14911598.151455918,9792627.715916736,IS
2020-09-14,14911598.151455918,10365121.633041447,IS
2020-09-15,14911598.151455918,10033679.196508268,IS
2020-09-16,14911598.151455918,9822759.587853309,IS
2020-09-17,14911598.151455918,9641973.016101941,IS
2020-09-18,14911598.151455918,9702236.17749158,IS
2020-09-21,14911598.151455918,9611842.309132386,IS
2020-09-22,14911598.151455918,9431056.319864528,IS
2020-09-23,14911598.151455918,9280399.290115697,IS
2020-09-24,14911598.151455918,9129743.425333885,IS
2020-09-25,14911598.151455918,9521447.858289685,IS
2020-09-28,14911598.151455918,9310531.162052272,IS
2020-09-29,14911598.151455918,9159875.297270458,IS
2020-09-30,14911598.151455918,9159875.297270458,IS
2020-10-01,14911598.151455918,9521447.858289685,IS
2020-10-02,14911598.151455918,9340660.121571299,IS
2020-10-05,14911598.151455918,9521447.858289685,IS
2020-10-06,14911598.151455918,9611842.309132386,IS
2020-10-07,14911598.151455918,9400925.030411465,IS
2020-10-08,14911598.151455918,9491318.316287147,IS
2020-10-09,14911598.151455918,9491318.316287147,IS
2020-10-12,14911598.151455918,9611842.309132386,IS
2020-10-13,14911598.151455918,9883021.001792418,IS
2020-10-14,14911598.151455918,10124072.482383952,IS
2020-10-15,14911598.151455918,9973416.61760214,IS
2020-10-16,14911598.151455918,9792627.715916736,IS
2020-10-19,14911598.151455918,9883021.001792418,IS
2020-10-20,14911598.151455918,9792627.715916736,IS
2020-10-21,14911598.151455918,9762498.173914198,IS
2020-10-22,14911598.151455918,9943283.580698546,IS
2020-10-23,14911598.151455918,9913152.873728992,IS
2020-10-26,14911598.151455918,10063811.06844484,IS
2020-10-27,14911598.151455918,10124072.482383952,IS
2020-11-02,14911598.151455918,10184333.89632306,IS
2020-11-03,14911598.151455918,10184333.89632306,IS
2020-11-04,14911598.151455918,9913152.873728992,IS
2020-11-05,14911598.151455918,10515777.49782326,IS
2020-11-06,14911598.151455918,10726695.941511199,IS
2020-11-09,14911598.151455918,11118399.791983489,IS
2020-11-10,14911598.151455918,12052466.852610935,IS
2020-11-11,14911598.151455918,12414037.666179633,IS
2020-11-12,14911598.151455918,11901809.822862104,IS
2020-11-13,14911598.151455918,12052466.852610935,IS
2020-11-16,14911598.151455918,11931941.694798678,IS
2020-11-17,14911598.151455918,11931941.694798678,IS
2020-11-18,14911598.151455918,12172990.845456176,IS
2020-11-19,14911598.151455918,12172990.845456176,IS
2020-11-20,14911598.151455918,12112729.431517065,IS
2020-11-23,14911598.151455918,12293516.003268432,IS
2020-11-24,14911598.151455918,12655090.311738184,IS
2020-11-25,14911598.151455918,13016663.455240918,IS
2020-11-26,14911598.151455918,12926271.334332254,IS
2020-11-27,14911598.151455918,12866006.425492087,IS
2020-11-30,14911598.151455918,12323647.875205006,IS
2020-12-01,14911598.151455918,12775614.304583423,IS
2020-12-02,14911598.151455918,12956400.87633479,IS
2020-12-03,14911598.151455918,13257714.935832452,IS
2020-12-04,14911598.151455918,12956400.87633479,IS
2020-12-07,14911598.151455918,13257714.935832452,IS
2020-12-08,14911598.151455918,13257714.935832452,IS
2020-12-10,14911598.151455918,13046795.327177491,IS
2020-12-11,14911598.151455918,12896138.29742866,IS
2020-12-14,14911598.151455918,12896138.29742866,IS
2020-12-15,14911598.151455918,12896138.29742866,IS
2020-12-16,14911598.151455918,13016663.455240918,IS
2020-12-17,14911598.151455918,13046795.327177491,IS
2020-12-18,14911598.151455918,12896138.29742866,IS
2020-12-21,14911598.151455918,12685219.853740722,IS
2020-12-22,14911598.151455918,12444171.868050244,IS
2020-12-23,14911598.151455918,12534566.318892946,IS
2020-12-28,14911598.151455918,12805743.84658596,IS
2020-12-29,14911598.151455918,12594826.567865036,IS
2020-12-30,14911598.151455918,12564694.695928464,IS
2021-01-04,14911598.151455918,12986532.748271365,IS
2021-01-05,14911598.151455918,12866006.425492087,IS
2021-01-06,14911598.151455918,12655090.311738184,IS
2021-01-07,14911598.151455918,12896138.29742866,IS
2021-01-08,14911598.151455918,13227583.063895877,IS
2021-01-11,14911598.151455918,14010993.094774494,IS
2021-01-12,14911598.151455918,14221909.208528398,IS
2021-01-13,14911598.151455918,14432826.48724932,IS
2021-01-14,14911598.151455918,14372565.073310211,IS
2021-01-15,14911598.151455918,13800074.651086554,IS
2021-01-18,14911598.151455918,13920598.643931791,IS
2021-01-19,14911598.151455918,13920598.643931791,IS
2021-01-20,14911598.151455918,14734141.711714,IS
2021-01-21,14911598.151455918,14432826.48724932,IS
2021-01-22,14911598.151455918,14221909.208528398,IS
2021-01-25,14911598.151455918,14402696.945246782,IS
2021-01-26,14911598.151455918,14010993.094774494,IS
2021-01-27,14911598.151455918,13920598.643931791,IS
2021-01-28,14911598.151455918,13468629.884619337,IS
2021-01-29,14911598.151455918,12594826.567865036,IS
2021-02-01,14911598.151455918,13257714.935832452,IS
2021-02-02,14911598.151455918,13137189.778020196,IS
2021-02-03,14911598.151455918,13197451.191959305,IS
2021-02-04,14911598.151455918,13528892.463525467,IS
2021-02-05,14911598.151455918,13468629.884619337,IS
2021-02-08,14911598.151455918,13438499.177649781,IS
2021-02-09,14911598.151455918,13920598.643931791,IS
2021-02-10,14911598.151455918,14010993.094774494,IS
2021-02-11,14911598.151455918,14101386.380650178,IS
2021-02-15,14911598.151455918,14191779.666525861,IS
2021-02-16,14911598.151455918,14071255.673680622,IS
2021-02-17,14911598.151455918,13950728.18593433,IS
2021-02-18,14911598.151455918,14071255.673680622,IS
2021-02-19,14911598.151455918,14432826.48724932,IS
2021-02-22,14911598.151455918,14432826.48724932,IS
2021-02-23,14911598.151455918,14432826.48724932,IS
2021-02-24,14911598.151455918,14252042.245431991,IS
2021-02-25,14911598.151455918,14252042.245431991,IS
2021-02-26,14911598.151455918,14191779.666525861,IS
2021-03-01,14911598.151455918,14553353.974995613,IS
2021-03-02,14911598.151455918,14462960.68911993,IS
2021-03-03,14911598.151455918,14613614.223967705,IS
2021-03-04,14911598.151455918,14342434.366340656,IS
2021-03-05,14911598.151455918,14372565.073310211,IS
2021-03-08,14911598.151455918,14252042.245431991,IS
2021-03-09,14911598.151455918,13800074.651086554,IS
2021-03-10,14911598.151455918,13950728.18593433,IS
2021-03-12,14911598.151455918,13800074.651086554,IS
2021-03-15,14911598.151455918,13769943.944116998,IS
2021-03-16,14911598.151455918,14221909.208528398,IS
2021-03-17,14911598.151455918,14071255.673680622,IS
2021-03-18,14911598.151455918,14342434.366340656,IS
2021-03-19,14911598.151455918,14071255.673680622,IS
2021-03-22,14911598.151455918,13950728.18593433,IS
2021-03-23,14911598.151455918,14071255.673680622,IS
2021-03-24,14911598.151455918,14071255.673680622,IS
2021-03-25,14911598.151455918,13920598.643931791,IS
2021-03-26,14911598.151455918,14221909.208528398,IS
2021-03-29,14911598.151455918,14221909.208528398,IS
2021-03-30,14911598.151455918,13559025.500429058,IS
2021-03-31,14876242.887494316,13257714.935832452,IS
2021-04-01,14508103.800580254,12926271.334332254,IS
2021-04-05,14189106.639556423,12655090.311738184,IS
2021-04-06,14189106.639556423,12960291.866176976,IS
2021-04-07,14189106.639556423,12960291.866176976,IS
2021-04-08,14189106.639556423,13423160.056915628,IS
2021-04-09,14189106.639556423,13423160.056915628,IS
2021-04-12,14189106.639556423,12991148.34759913,IS
2021-04-13,14189106.639556423,12836861.280620284,IS
2021-04-14,14189106.639556423,13423160.056915628,IS
2021-04-15,14189106.639556423,13608304.770283649,IS
2021-04-16,14189106.639556423,13392300.080592418,IS
2021-04-19,14189106.639556423,13515732.996083148,IS
2021-04-20,14189106.639556423,13299727.1414249,IS
2021-04-21,14189106.639556423,13052865.970311513,IS
2021-04-22,14189106.639556423,12960291.866176976,IS
2021-04-23,14189106.639556423,13114578.933155823,IS
2021-04-26,14189106.639556423,12775142.492940882,IS
2021-04-27,14189106.639556423,12867716.59707542,IS
2021-04-28,14189106.639556423,12744286.011518728,IS
2021-04-29,14189106.639556423,12836861.280620284,IS
2021-04-30,14189106.639556423,12497423.675438324,IS
2021-05-03,14189106.639556423,12373991.924914613,IS
2021-05-04,14189106.639556423,12528283.651761536,IS
2021-05-05,14189106.639556423,12620855.425962036,IS
2021-05-06,14189106.639556423,12682569.553773364,IS
2021-05-07,14189106.639556423,12497423.675438324,IS
2021-05-10,14189106.639556423,12497423.675438324,IS
2021-05-11,14189106.639556423,12312276.632136267,IS
2021-05-17,14189106.639556423,12034555.484699672,IS
2021-05-18,14189106.639556423,12034555.484699672,IS
2021-05-19,14189106.639556423,11941983.710499171,IS
2021-05-20,14189106.639556423,11972841.356888345,IS
2021-05-21,14189106.639556423,12003697.838310499,IS
2021-05-24,14189106.639556423,12466566.02904915,IS
2021-05-25,14189106.639556423,12528283.651761536,IS
2021-05-27,14189106.639556423,12188844.881612558,IS
2021-05-28,14189106.639556423,12559140.13318369,IS
2021-05-31,14189106.639556423,13145438.909479035,IS
2021-06-02,14189106.639556423,13145438.909479035,IS
2021-06-03,14189106.639556423,13454017.703304801,IS
2021-06-04,14189106.639556423,13392300.080592418,IS
2021-06-07,14189106.639556423,13114578.933155823,IS
2021-06-08,14189106.639556423,12960291.866176976,IS
2021-06-09,14189106.639556423,13022007.158955323,IS
2021-06-10,14189106.639556423,13268869.495035727,IS
2021-06-11,14189106.639556423,13207153.037290363,IS
2021-06-14,14189106.639556423,13423160.056915628,IS
2021-06-15,14189106.639556423,13052865.970311513,IS
2021-06-16,14189106.639556423,12373991.924914613,IS
2021-06-17,14189106.639556423,12435708.382659977,IS
2021-06-18,14189106.639556423,12065413.131088847,IS
2021-06-21,14189106.639556423,12157988.400190402,IS
2021-06-22,14189106.639556423,12466566.02904915,IS
2021-06-23,14189106.639556423,12157988.400190402,IS
2021-06-24,14189106.639556423,12312276.632136267,IS
2021-06-25,14189106.639556423,12312276.632136267,IS
2021-06-28,14189106.639556423,12127128.423867192,IS
2021-06-29,14189106.639556423,12034555.484699672,IS
2021-06-30,14189106.639556423,12157988.400190402,IS
2021-07-01,14189106.639556423,12157988.400190402,IS
2021-07-02,14189106.639556423,12312276.632136267,IS
2021-07-05,14189106.639556423,12034555.484699672,IS
2021-07-06,14189106.639556423,12003697.838310499,IS
2021-07-07,14189106.639556423,11787693.14861927,IS
2021-07-08,14189106.639556423,11941983.710499171,IS
2021-07-09,14189106.639556423,11725977.855840923,IS
2021-07-12,14189106.639556423,11602547.270284232,IS
2021-07-13,14189106.639556423,11664261.39809556,IS
2021-07-14,14189106.639556423,11448256.708404327,IS
2021-07-15,14189106.639556423,11756834.337263077,IS
2021-07-16,14189106.639556423,11849408.441397615,IS
2021-07-19,14189106.639556423,11664261.39809556,IS
2021-07-21,14189106.639556423,11787693.14861927,IS
2021-07-22,14189106.639556423,12034555.484699672,IS
2021-07-23,14189106.639556423,11941983.710499171,IS
2021-07-26,14189106.639556423,11818550.795008441,IS
2021-07-27,14189106.639556423,11725977.855840923,IS
2021-07-28,14189106.639556423,11509974.331116712,IS
2021-07-29,14189106.639556423,11633404.916673405,IS
2021-07-30,14189106.639556423,11448256.708404327,IS
2021-08-02,14189106.639556423,11540829.647571849,IS
2021-08-03,14189106.639556423,11571690.788862078,IS
2021-08-04,14189106.639556423,11880267.252753807,IS
2021-08-05,14189106.639556423,12497423.675438324,IS
2021-08-06,14189106.639556423,12127128.423867192,IS
2021-08-09,14189106.639556423,11880267.252753807,IS
2021-08-10,14189106.639556423,11787693.14861927,IS
2021-08-12,14189106.639556423,11756834.337263077,IS
2021-08-13,14189106.639556423,11941983.710499171,IS
2021-08-16,14189106.639556423,12127128.423867192,IS
2021-08-18,14189106.639556423,12559140.13318369,IS
2021-08-19,14189106.639556423,11972841.356888345,IS
2021-08-20,14189106.639556423,12127128.423867192,IS
2021-08-23,14189106.639556423,12219702.52800173,IS
2021-08-24,14189106.639556423,12003697.838310499,IS
2021-08-25,14189106.639556423,12003697.838310499,IS
2021-08-26,14189106.639556423,11941983.710499171,IS
2021-08-27,14189106.639556423,11849408.441397615,IS
2021-08-30,14189106.639556423,12157988.400190402,IS
2021-08-31,14189106.639556423,12127128.423867192,IS
2021-09-01,14189106.639556423,12003697.838310499,IS
2021-09-02,14189106.639556423,11941983.710499171,IS
2021-09-03,14189106.639556423,12127128.423867192,IS
2021-09-06,14189106.639556423,11880267.252753807,IS
2021-09-07,14189106.639556423,12065413.131088847,IS
2021-09-08,14189106.639556423,12661190.079047672,IS
2021-09-09,14189106.639556423,12661190.079047672,IS
2021-09-10,14189106.639556423,12830907.134188123,IS
2021-09-13,14189106.639556423,12559356.817049151,IS
2021-09-14,14189106.639556423,12559356.817049151,IS
2021-09-15,14189106.639556423,12423579.91102914,IS
2021-09-16,14189106.639556423,12355691.458019132,IS
2021-09-17,14189106.639556423,12253857.031053595,IS
2021-09-20,14189106.639556423,12185968.578043588,IS
2021-09-21,14189106.639556423,12118080.125033582,IS
2021-09-22,14189106.639556423,12253857.031053595,IS
2021-09-23,14189106.639556423,12796965.820100667,IS
2021-09-24,14189106.639556423,12966685.205175158,IS
2021-09-27,14189106.639556423,12729076.202123642,IS
2021-09-28,14189106.639556423,12627244.105092142,IS
2021-09-29,14189106.639556423,12695133.723069165,IS
2021-09-30,14189106.639556423,13068518.467173675,IS
2021-10-01,14189106.639556423,13238240.182182202,IS
2021-10-04,14189106.639556423,13475850.350200735,IS
2021-10-05,14189106.639556423,13340072.279213704,IS
2021-10-06,14189106.639556423,13985012.000325259,IS
2021-10-07,14189106.639556423,13985012.000325259,IS
2021-10-08,14189106.639556423,14120790.07131229,IS
2021-10-11,14189106.639556423,14188678.524322297,IS
2021-10-12,14189106.639556423,14324455.430342311,IS
2021-10-13,14189106.639556423,14528120.789372332,IS
2021-10-14,14189106.639556423,14426288.692340832,IS
2021-10-15,14189106.639556423,14663896.530425327,IS
2021-10-18,14189106.639556423,14969395.151453868,IS
2021-10-19,14189106.639556423,14935451.507432373,IS
2021-10-21,14189106.639556423,14799672.271478321,IS
2021-10-22,14189106.639556423,14935451.507432373,IS
2021-10-25,14189106.639556423,14596006.912448302,IS
2021-10-26,14189106.639556423,14765729.792423848,IS
2021-10-27,14189106.639556423,14562064.433393827,IS
2021-10-28,14189106.639556423,14392343.883352319,IS
2021-10-29,14189106.639556423,14426288.692340832,IS
2021-11-01,14189106.639556423,14358400.239330824,IS
2021-11-02,14189106.639556423,14290511.786320817,IS
2021-11-03,14189106.639556423,14562064.433393827,IS
2021-11-04,14189106.639556423,14426288.692340832,IS
2021-11-05,14189106.639556423,14392343.883352319,IS
2021-11-08,14189106.639556423,14358400.239330824,IS
2021-11-09,14189106.639556423,14426288.692340832,IS
2021-11-10,14189106.639556423,14426288.692340832,IS
2021-11-11,14189106.639556423,14426288.692340832,IS
2021-11-12,14189106.639556423,14324455.430342311,IS
2021-11-15,14189106.639556423,14120790.07131229,IS
2021-11-16,14189106.639556423,14018959.139247809,IS
2021-11-17,14189106.639556423,14256568.142299324,IS
2021-11-18,14189106.639556423,14188678.524322297,IS
2021-11-19,14189106.639556423,14528120.789372332,IS
2021-11-22,14189106.639556423,14528120.789372332,IS
2021-11-23,14189106.639556423,14290511.786320817,IS
2021-11-24,14189106.639556423,14290511.786320817,IS
2021-11-25,14189106.639556423,14324455.430342311,IS
2021-11-26,14189106.639556423,14120790.07131229,IS
2021-11-29,14189106.639556423,14154733.715333784,IS
2021-11-30,14189106.639556423,13883179.903293759,IS
2021-12-01,14189106.639556423,13849236.259272264,IS
2021-12-02,14189106.639556423,14256568.142299324,IS
2021-12-03,14189106.639556423,14154733.715333784,IS
2021-12-06,14189106.639556423,13951069.521270782,IS
2021-12-07,14189106.639556423,14358400.239330824,IS
2021-12-08,14189106.639556423,14290511.786320817,IS
2021-12-09,14189106.639556423,14222623.33331081,IS
2021-12-10,14189106.639556423,14018959.139247809,IS
2021-12-13,14189106.639556423,14120790.07131229,IS
2021-12-14,14189106.639556423,14018959.139247809,IS
2021-12-15,14189106.639556423,14256568.142299324,IS
2021-12-16,14189106.639556423,14052901.618302286,IS
2021-12-17,14189106.639556423,13951069.521270782,IS
2021-12-20,14189106.639556423,13985012.000325259,IS
2021-12-21,14189106.639556423,13849236.259272264,IS
2021-12-22,14189106.639556423,13747401.832306724,IS
2021-12-23,14189106.639556423,13917124.712282272,IS
2021-12-24,14189106.639556423,13815291.45028375,IS
2021-12-27,14189106.639556423,13781346.641295237,IS
2021-12-28,14189106.639556423,13883179.903293759,IS
2021-12-29,14189106.639556423,13849236.259272264,IS
2021-12-30,14189106.639556423,13951069.521270782,IS
2022-01-03,14189106.639556423,14188678.524322297,IS
2022-01-04,14189106.639556423,14120790.07131229,IS
2022-01-05,14189106.639556423,14290511.786320817,IS
2022-01-06,14189106.639556423,14120790.07131229,IS
2022-01-07,14189106.639556423,14222623.33331081,IS
2022-01-10,14189106.639556423,14188678.524322297,IS
2022-01-11,14189106.639556423,14086846.427290797,IS
2022-01-12,14189106.639556423,14120790.07131229,IS
2022-01-13,14189106.639556423,14222623.33331081,IS
2022-01-14,14189106.639556423,14188678.524322297,IS
2022-01-17,14189106.639556423,14290511.786320817,IS
2022-01-18,14189106.639556423,14222623.33331081,IS
2022-01-19,14189106.639556423,14018959.139247809,IS
2022-01-20,14189106.639556423,14018959.139247809,IS
2022-01-21,14189106.639556423,14154733.715333784,IS
2022-01-24,14189106.639556423,13985012.000325259,IS
2022-01-25,14189106.639556423,13815291.45028375,IS
2022-01-26,14189106.639556423,13883179.903293759,IS
2022-01-27,14189106.639556423,14052901.618302286,IS
2022-01-28,14189106.639556423,14052901.618302286,IS
2022-01-31,14189106.639556423,13815291.45028375,IS
2022-02-02,14189106.639556423,13815291.45028375,IS
2022-02-03,14189106.639556423,14018959.139247809,IS
2022-02-04,14189106.639556423,14290511.786320817,IS
2022-02-07,14189106.639556423,14935451.507432373,IS
2022-02-08,14189106.639556423,15071228.413452387,IS
2022-02-09,14189106.639556423,15105172.057473881,IS
2022-02-10,14189106.639556423,15173060.510483887,IS
2022-02-11,14189106.639556423,15105172.057473881,IS
2022-02-14,14189106.639556423,14969395.151453868,IS
2022-02-15,14189106.639556423,15037283.604463873,IS
2022-02-16,14189106.639556423,15003339.96044238,IS
2022-02-17,14189106.639556423,14935451.507432373,IS
2022-02-18,14189106.639556423,15037283.604463873,IS
2022-02-21,14189106.639556423,15240948.963493895,IS
2022-02-22,14189106.639556423,15037283.604463873,IS
2022-02-23,14189106.639556423,15207005.3194724,IS
2022-02-24,14189106.639556423,14901505.533476843,IS
2022-02-25,14189106.639556423,15444614.322523914,IS
2022-03-01,14189106.639556423,15716169.299530962,IS
2022-03-02,14189106.639556423,15478560.296479447,IS
2022-03-04,14189106.639556423,15851941.5456829,IS
2022-03-07,14189106.639556423,15342782.225492416,IS
2022-03-08,14189106.639556423,15037283.604463873,IS
2022-03-09,14189106.639556423,15512501.610566903,IS
2022-03-10,14189106.639556423,15512501.610566903,IS
2022-03-11,14189106.639556423,15527505.220799694,IS
2022-03-14,14189106.639556423,15950985.876638846,IS
2022-03-15,14189106.639556423,16268589.669957854,IS
2022-03-16,14189106.639556423,16409751.053537924,IS
2022-03-17,14189106.639556423,16409751.053537924,IS
2022-03-18,14189106.639556423,16162722.127173858,IS
2022-03-21,14189106.639556423,16198012.473068874,IS
2022-03-22,14189106.639556423,16374458.377708869,IS
2022-03-23,14189106.639556423,16409751.053537924,IS
2022-03-24,14189106.639556423,16692070.325797006,IS
2022-03-25,14189106.639556423,16621487.304072935,IS
2022-03-28,14189106.639556423,16692070.325797006,IS
2022-03-29,14189106.639556423,16550910.107183956,IS
2022-03-30,14189106.639556423,16621487.304072935,IS
2022-03-31,14189106.639556423,16445041.39943294,IS
2022-04-01,14189106.639556423,16692070.325797006,IS
2022-04-04,14189106.639556423,16586201.618045993,IS
2022-04-05,14189106.639556423,16586201.618045993,IS
2022-04-06,14189106.639556423,16233299.324062835,IS
2022-04-07,14189106.639556423,16339172.691681927,IS
2022-04-08,14189106.639556423,16268589.669957854,IS
2022-04-11,14189106.639556423,16127431.781278841,IS
2022-04-12,14189106.639556423,16268589.669957854,IS
2022-04-13,14189106.639556423,16268589.669957854,IS
2022-04-14,14189106.639556423,16021563.073527824,IS
2022-04-18,14189106.639556423,16056854.584389862,IS
2022-04-19,14189106.639556423,16127431.781278841,IS
2022-04-20,14189106.639556423,17115546.321768086,IS
2022-04-21,14189106.639556423,16939099.25216107,IS
2022-04-22,14189106.639556423,16762648.687653003,IS
2022-04-25,14189106.639556423,17080258.305807102,IS
2022-04-26,14189106.639556423,17433153.60998815,IS
2022-04-27,14189106.639556423,17115546.321768086,IS
2022-04-28,14189106.639556423,17186128.17852514,IS
2022-05-09,14189106.639556423,15986271.56266579,IS
2022-05-10,14189106.639556423,15986271.56266579,IS
2022-05-11,14189106.639556423,15845116.003920814,IS
2022-05-12,14189106.639556423,15245187.11350763,IS
2022-05-13,14155147.239038289,14998159.352110583,IS
2022-05-17,14820755.027124226,15703955.785307761,IS
2022-05-18,14820755.027124226,15703955.785307761,IS
2022-05-19,14787474.143335164,15668665.439412745,IS
2022-05-20,14754193.259546101,15633375.093517728,IS
2022-05-23,14421388.816186726,15280476.294435628,IS
2022-05-24,14854033.713647664,15739243.801268743,IS
2022-05-25,14487951.682397664,15351058.151192682,IS
2022-05-27,15120277.488061726,16021563.073527824,IS
2022-05-30,14754193.259546101,15633375.093517728,IS
2022-05-31,15367434.54728608,16339172.691681927,IS
2022-06-02,15367434.54728608,15809825.658025796,IS
2022-06-03,15367434.54728608,15950985.876638846,IS
2022-06-06,15367434.54728608,15633375.093517728,IS
2022-06-07,15367434.54728608,15527505.220799694,IS
2022-06-08,15367434.54728608,15774534.14716376,IS
2022-06-09,15367434.54728608,15845116.003920814,IS
2022-06-10,15367434.54728608,15527505.220799694,IS
2022-06-13,15367434.54728608,15315767.805297663,IS
2022-06-14,15367434.54728608,15386346.167153662,IS
2022-06-15,15367434.54728608,15703955.785307761,IS
2022-06-16,15367434.54728608,15633375.093517728,IS
2022-06-17,15367434.54728608,15421636.51304868,IS
2022-06-20,15367434.54728608,15527505.220799694,IS
2022-06-21,15367434.54728608,15456926.858943695,IS
2022-06-22,15367434.54728608,15245187.11350763,IS
2022-06-23,15367434.54728608,15209896.767612612,IS
2022-06-24,15367434.54728608,15315767.805297663,IS
2022-06-27,15367434.54728608,15104030.389795635,IS
2022-06-28,15367434.54728608,15174606.421717595,IS
2022-06-29,15367434.54728608,14751132.755680554,IS
2022-06-30,15331326.600857116,14645262.88296252,IS
2022-07-01,15295086.219997741,14609971.372100485,IS
2022-07-04,14932699.159450866,14257072.573018385,IS
2022-07-05,15113892.689724304,14433521.972559435,IS
2022-07-06,15077654.701443054,14398232.791631436,IS
2022-07-07,14968938.344021179,14292362.918913402,IS
2022-07-08,15512518.934841491,14821711.11753655,IS
2022-07-11,15222609.047146179,14539391.845277468,IS
2022-07-12,15186371.058864929,14504102.66434947,IS
2022-07-13,15005176.332302429,14327652.099841401,IS
2022-07-14,15041414.320583679,14362941.280769402,IS
2022-07-15,15186371.058864929,14504102.66434947,IS
2022-07-18,15295086.219997741,14609971.372100485,IS
2022-07-19,15186371.058864929,14504102.66434947,IS
2022-07-20,15821944.159465786,15174606.421717595,IS
2022-07-21,15821944.159465786,15209896.767612612,IS
2022-07-22,15821944.159465786,15068740.043900616,IS
2022-07-25,15821944.159465786,14998159.352110583,IS
2022-07-26,15821944.159465786,15280476.294435628,IS
2022-07-27,15821944.159465786,15245187.11350763,IS
2022-07-28,15821944.159465786,15386346.167153662,IS
2022-07-29,15821944.159465786,15386346.167153662,IS
2022-08-01,15821944.159465786,15386346.167153662,IS
2022-08-02,15821944.159465786,15527505.220799694,IS
2022-08-03,15821944.159465786,15456926.858943695,IS
2022-08-04,15821944.159465786,15386346.167153662,IS
2022-08-05,15821944.159465786,15386346.167153662,IS
2022-08-08,15821944.159465786,15421636.51304868,IS
2022-08-09,15821944.159465786,15562796.73166173,IS
2022-08-10,15821944.159465786,15209896.767612612,IS
2022-08-11,15821944.159465786,15351058.151192682,IS
2022-08-12,15821944.159465786,15245187.11350763,IS
2022-08-15,15821944.159465786,15174606.421717595,IS
2022-08-16,15821944.159465786,15104030.389795635,IS
2022-08-18,15821944.159465786,15280476.294435628,IS
2022-08-19,15821944.159465786,15174606.421717595,IS
2022-08-22,15821944.159465786,15068740.043900616,IS
2022-08-23,15821944.159465786,15174606.421717595,IS
2022-08-24,15821944.159465786,15139318.405756615,IS
2022-08-25,15821944.159465786,15068740.043900616,IS
2022-08-26,15821944.159465786,15068740.043900616,IS
2022-08-29,15821944.159465786,14998159.352110583,IS
2022-08-30,15821944.159465786,15033449.698005598,IS
2022-08-31,15821944.159465786,15315767.805297663,IS
2022-09-01,15821944.159465786,15492216.039871696,IS
2022-09-02,15821944.159465786,15703955.785307761,IS
2022-09-05,15821944.159465786,16198012.473068874,IS
2022-09-06,15821944.159465786,16092144.93028488,IS
2022-09-07,15821944.159465786,15739243.801268743,IS
2022-09-08,15821944.159465786,16233299.324062835,IS
2022-09-09,15821944.159465786,16268589.669957854,IS
2022-09-12,15821944.159465786,16092144.93028488,IS
2022-09-13,15821944.159465786,16162722.127173858,IS
2022-09-14,15821944.159465786,16162722.127173858,IS
2022-09-15,15821944.159465786,16268589.669957854,IS
2022-09-16,15821944.159465786,15880404.019881792,IS
2022-09-19,15821944.159465786,16127431.781278841,IS
2022-09-20,15821944.159465786,15845116.003920814,IS
2022-09-21,15821944.159465786,16056854.584389862,IS
2022-09-22,15821944.159465786,16092144.93028488,IS
2022-09-23,15821944.159465786,15809825.658025796,IS
2022-09-26,15821944.159465786,16021563.073527824,IS
2022-09-27,15821944.159465786,15986271.56266579,IS
2022-09-28,15821944.159465786,15950985.876638846,IS
2022-09-29,15821944.159465786,15809825.658025796,IS
2022-09-30,15821944.159465786,15845116.003920814,IS
2022-10-03,15821944.159465786,15986271.56266579,IS
2022-10-04,15821944.159465786,16374458.377708869,IS
2022-10-05,15821944.159465786,16021563.073527824,IS
2022-10-06,15821944.159465786,15915693.200809794,IS
2022-10-07,15821944.159465786,15668665.439412745,IS
2022-10-10,15821944.159465786,15421636.51304868,IS
2022-10-11,15821944.159465786,15633375.093517728,IS
2022-10-12,15821944.159465786,15527505.220799694,IS
2022-10-13,15821944.159465786,15351058.151192682,IS
2022-10-14,15821944.159465786,15068740.043900616,IS
2022-10-17,15821944.159465786,15174606.421717595,IS
2022-10-18,15821944.159465786,15139318.405756615,IS
2022-10-19,15821944.159465786,15174606.421717595,IS
2022-10-20,15821944.159465786,15492216.039871696,IS
2022-10-21,15821944.159465786,15633375.093517728,IS
2022-10-24,15821944.159465786,15880404.019881792,IS
2022-10-25,15821944.159465786,16198012.473068874,IS
2022-10-26,15821944.159465786,15986271.56266579,IS
2022-10-27,15821944.159465786,16233299.324062835,IS
2022-10-28,15821944.159465786,16339172.691681927,IS
2022-10-31,15821944.159465786,16409751.053537924,IS
2022-11-01,15821944.159465786,16445041.39943294,IS
2022-11-02,15821944.159465786,16268589.669957854,IS
2022-11-03,15821944.159465786,16409751.053537924,IS
2022-11-04,15821944.159465786,16409751.053537924,IS
2022-11-07,15821944.159465786,16550910.107183956,IS
2022-11-08,15821944.159465786,16303882.345786909,IS
2022-11-09,15821944.159465786,16409751.053537924,IS
2022-11-10,15821944.159465786,15986271.56266579,IS
2022-11-11,15821944.159465786,16409751.053537924,IS
2022-11-14,15821944.159465786,16162722.127173858,IS
2022-11-15,15821944.159465786,16162722.127173858,IS
2022-11-16,15821944.159465786,15950985.876638846,IS
2022-11-17,15821944.159465786,16480328.250426902,IS
2022-11-18,15821944.159465786,16268589.669957854,IS
2022-11-21,15821944.159465786,16198012.473068874,IS
2022-11-22,15821944.159465786,16198012.473068874,IS
2022-11-23,15821944.159465786,16480328.250426902,IS
2022-11-24,15821944.159465786,16656778.814934969,IS
2022-11-25,15821944.159465786,16762648.687653003,IS
2022-11-28,15821944.159465786,17009677.61401707,IS
2022-11-29,15821944.159465786,17115546.321768086,IS
2022-11-30,15821944.159465786,17574312.66363418,IS
2022-12-01,15821944.159465786,17433153.60998815,IS
2022-12-02,15821944.159465786,17256706.540381134,IS
2022-12-05,15821944.159465786,17256706.540381134,IS
2022-12-06,15821944.159465786,17150836.6676631,IS
2022-12-07,15821944.159465786,16797939.03354802,IS
2022-12-08,15821944.159465786,17080258.305807102,IS
2022-12-09,15821944.159465786,16939099.25216107,IS
2022-12-12,15821944.159465786,17115546.321768086,IS
2022-12-13,15821944.159465786,17539023.48270618,IS
2022-12-14,15821944.159465786,17574312.66363418,IS
2022-12-15,15821944.159465786,17327288.39713819,IS
2022-12-16,15821944.159465786,17574312.66363418,IS
2022-12-19,15821944.159465786,17539023.48270618,IS
2022-12-20,15821944.159465786,17327288.39713819,IS
2022-12-21,15821944.159465786,17256706.540381134,IS
2022-12-22,15821944.159465786,17503731.971844144,IS
2022-12-23,15821944.159465786,17221415.0295191,IS
2022-12-26,15821944.159465786,17397865.594027165,IS
2022-12-27,15821944.159465786,17186128.17852514,IS
2022-12-28,15821944.159465786,17009677.61401707,IS
2022-12-29,15821944.159465786,17186128.17852514,IS
2022-12-30,15821944.159465786,17433153.60998815,IS
2023-01-02,15821944.159465786,17186128.17852514,IS
2023-01-03,15821944.159465786,17115546.321768086,IS
2023-01-04,15821944.159465786,16833229.37944304,IS
2023-01-05,15821944.159465786,16374458.377708869,IS
2023-01-06,15821944.159465786,16303882.345786909,IS
2023-01-09,15821944.159465786,16198012.473068874,IS
2023-01-10,15784508.357322741,15829957.453074547,IS
2023-01-11,15608524.568260241,15651288.791363027,IS
2023-01-12,16030884.285057116,16080092.181510247,IS
2023-01-13,15960490.998924304,16008624.949819045,IS
2023-01-16,16101278.718650866,16151560.57816847,IS
2023-01-17,16242064.143455554,16294493.87658386,IS
2023-01-18,16382847.273338366,16437424.845065212,IS
2023-01-19,16418045.637596179,16473160.20836134,IS
2023-01-20,16558832.209861804,16616094.671743749,IS
2023-01-24,16453242.854393054,16508894.406690452,IS
2023-01-25,16242064.143455554,16294493.87658386,IS
2023-01-26,16347653.498924304,16401694.141637156,IS
2023-01-27,16523633.845603991,16580359.308447618,IS
2023-01-30,16418045.637596179,16473160.20836134,IS
2023-01-31,16312455.134666491,16365958.778341025,IS
2023-02-01,16608439.532554546,16723293.771830026,IS
2023-02-02,16608439.532554546,16437424.845065212,IS
2023-02-03,16608439.532554546,16973430.830199767,IS
2023-02-06,16608439.532554546,16937695.466903638,IS
2023-02-07,16608439.532554546,16973430.830199767,IS
2023-02-08,16608439.532554546,17116365.293582175,IS
2023-02-09,16608439.532554546,17187829.03037232,IS
2023-02-10,16608439.532554546,17366500.022017878,IS
2023-02-13,16608439.532554546,17152100.656878304,IS
2023-02-14,16608439.532554546,17402235.385314006,IS
2023-02-15,16608439.532554546,17402235.385314006,IS
2023-02-16,16608439.532554546,17402235.385314006,IS
2023-02-17,16608439.532554546,17437964.923775043,IS
2023-02-20,16608439.532554546,17437964.923775043,IS
2023-02-21,16608439.532554546,17223565.55863547,IS
2023-02-22,16608439.532554546,17009162.69859484,IS
2023-02-23,16608439.532554546,17152100.656878304,IS
2023-02-24,16608439.532554546,17009162.69859484,IS
2023-02-27,16608439.532554546,17187829.03037232,IS
2023-02-28,16608439.532554546,16687559.573500914,IS
2023-03-01,16608439.532554546,16866229.40017945,IS
2023-03-02,16608439.532554546,17080629.930286046,IS
2023-03-03,16608439.532554546,17009162.69859484,IS
2023-03-06,16608439.532554546,17116365.293582175,IS
2023-03-07,16608439.532554546,17295035.12026071,IS
2023-03-08,16608439.532554546,17295035.12026071,IS
2023-03-09,16608439.532554546,17187829.03037232,IS
2023-03-10,16608439.532554546,17223565.55863547,IS
2023-03-13,16608439.532554546,17259299.756964583,IS
2023-03-14,16608439.532554546,16830495.20185034,IS
2023-03-15,16608439.532554546,16794763.33345527,IS
2023-03-16,16608439.532554546,16901963.598508563,IS
2023-03-17,16608439.532554546,17509434.48540028,IS
2023-03-20,16608439.532554546,17437964.923775043,IS
2023-03-21,16608439.532554546,17509434.48540028,IS
2023-03-24,16608439.532554546,17889048.308153346,IS
2023-03-27,16608439.532554546,17776535.79349515,IS
2023-03-28,16608439.532554546,17889048.308153346,IS
2023-03-29,16608439.532554546,18039057.616239827,IS
2023-03-30,16608439.532554546,17814039.576725543,IS
2023-03-31,16608439.532554546,17739034.340198793,IS
2023-04-03,16608439.532554546,18001558.492877506,IS
2023-04-04,16608439.532554546,18076562.564437237,IS
2023-04-05,16608439.532554546,18114066.34766763,IS
2023-04-06,16608439.532554546,18151571.295865044,IS
2023-04-10,16608439.532554546,18226576.53239179,IS
2023-04-11,16608439.532554546,18301580.60395152,IS
2023-04-12,16608439.532554546,18489098.35513647,IS
2023-04-13,16608439.532554546,18676616.106321413,IS
2023-04-14,16608439.532554546,19032896.804658562,IS
2023-04-17,16608439.532554546,18714115.22968373,IS
2023-04-18,16608439.532554546,18564103.591663215,IS
2023-04-26,16608439.532554546,18845377.8885066,IS
2023-04-27,16608439.532554546,19314168.771567907,IS
2023-04-28,16608439.532554546,19126651.02038296,IS
2023-05-02,16608439.532554546,19314168.771567907,IS
2023-05-03,16608439.532554546,19126651.02038296,IS
2023-05-04,16608439.532554546,19314168.771567907,IS
2023-05-05,16608439.532554546,19595441.90344427,IS
2023-05-08,16608439.532554546,19126651.02038296,IS
2023-05-09,16608439.532554546,19220412.22590947,IS
2023-05-10,16608439.532554546,19314168.771567907,IS
2023-05-11,16608439.532554546,19314168.771567907,IS
2023-05-12,16608439.532554546,19314168.771567907,IS
2023-05-15,16608439.532554546,19314168.771567907,IS
2023-05-16,16608439.532554546,19501685.357785836,IS
2023-05-17,16608439.532554546,19501685.357785836,IS
2023-05-19,16608439.532554546,20251751.702657547,IS
2023-05-22,16608439.532554546,20345508.24831598,IS
2023-05-23,16608439.532554546,20626782.545159362,IS
2023-05-24,16608439.532554546,21001813.387661185,IS
2023-05-25,16608439.532554546,20533023.66956689,IS
2023-05-26,16608439.532554546,21001813.387661185,IS
2023-05-29,16608439.532554546,20814295.636476237,IS
2023-05-30,16608439.532554546,20626782.545159362,IS
2023-05-31,16608439.532554546,20908056.842002746,IS
2023-06-05,16608439.532554546,20345508.24831598,IS
2023-06-06,16608439.532554546,20439267.123908453,IS
2023-06-07,16608439.532554546,20251751.702657547,IS
2023-06-08,16608439.532554546,20533023.66956689,IS
2023-06-09,16608439.532554546,20345508.24831598,IS
2023-06-12,16608439.532554546,20251751.702657547,IS
2023-06-13,16608439.532554546,20814295.636476237,IS
2023-06-14,16608439.532554546,20814295.636476237,IS
2023-06-15,16608439.532554546,20720541.420751836,IS
2023-06-16,16608439.532554546,20814295.636476237,IS
2023-06-19,16608439.532554546,20720541.420751836,IS
2023-06-20,16608439.532554546,20814295.636476237,IS
2023-06-21,16608439.532554546,20908056.842002746,IS
2023-06-22,16608439.532554546,20533023.66956689,IS
2023-06-23,16608439.532554546,20251751.702657547,IS
2023-06-26,16608439.532554546,20439267.123908453,IS
2023-06-27,16608439.532554546,20345508.24831598,IS
2023-07-03,16608439.532554546,20533023.66956689,IS
2023-07-04,16608439.532554546,20439267.123908453,IS
2023-07-05,16608439.532554546,20439267.123908453,IS
2023-07-06,16608439.532554546,20345508.24831598,IS
2023-07-07,16608439.532554546,20157990.49713104,IS
2023-07-10,16608439.532554546,20251751.702657547,IS
2023-07-11,16608439.532554546,20345508.24831598,IS
2023-07-12,16608439.532554546,20439267.123908453,IS
2023-07-13,16608439.532554546,20439267.123908453,IS
2023-07-14,16608439.532554546,20720541.420751836,IS
2023-07-17,16608439.532554546,20908056.842002746,IS
2023-07-18,16608439.532554546,21095572.263253655,IS
2023-07-20,16608439.532554546,21095572.263253655,IS
2023-07-21,16608439.532554546,21095572.263253655,IS
2023-07-24,16608439.532554546,21001813.387661185,IS
2023-07-25,16608439.532554546,21189331.13884613,IS
2023-07-26,16608439.532554546,21283092.34437264,IS
2023-07-27,16608439.532554546,21189331.13884613,IS
2023-07-28,16608439.532554546,21376846.560097035,IS
2023-07-31,16608439.532554546,21189331.13884613,IS
2023-08-01,16608439.532554546,21376846.560097035,IS
2023-08-02,16608439.532554546,21376846.560097035,IS
2023-08-03,16608439.532554546,21376846.560097035,IS
2023-08-04,16608439.532554546,20908056.842002746,IS
2023-08-07,16608439.532554546,21376846.560097035,IS
2023-08-08,16608439.532554546,21095572.263253655,IS
2023-08-09,16608439.532554546,21376846.560097035,IS
2023-08-10,16608439.532554546,21376846.560097035,IS
2023-08-11,16608439.532554546,21189331.13884613,IS
2023-08-14,16608439.532554546,21189331.13884613,IS
2023-08-15,16608439.532554546,20908056.842002746,IS
2023-08-16,16608439.532554546,20720541.420751836,IS
2023-08-18,16608439.532554546,20908056.842002746,IS
2023-08-21,16608439.532554546,20626782.545159362,IS
2023-08-22,16608439.532554546,20908056.842002746,IS
2023-08-23,16608439.532554546,21001813.387661185,IS
2023-08-24,16608439.532554546,20814295.636476237,IS
2023-08-25,16608439.532554546,21001813.387661185,IS
2023-08-28,16608439.532554546,20814295.636476237,IS
2023-08-29,16608439.532554546,21001813.387661185,IS
2023-08-30,16608439.532554546,20720541.420751836,IS
2023-08-31,16608439.532554546,20814295.636476237,IS
2023-09-01,16608439.532554546,20908056.842002746,IS
2023-09-04,16608439.532554546,21095572.263253655,IS
2023-09-05,16608439.532554546,21095572.263253655,IS
2023-09-06,16608439.532554546,20908056.842002746,IS
2023-09-07,16608439.532554546,20439267.123908453,IS
2023-09-08,16569066.69383452,20064233.9514726,IS
2023-09-11,16798957.22117827,20345508.24831598,IS
2023-09-12,16645695.60008452,20157990.49713104,IS
2023-09-13,16722328.31492827,20251751.702657547,IS
2023-09-14,16798957.22117827,20345508.24831598,IS
2023-09-15,16645695.60008452,20157990.49713104,IS
2023-09-18,16492435.883287646,19970475.07588013,IS
2023-09-19,16645695.60008452,20157990.49713104,IS
2023-09-20,16645695.60008452,20157990.49713104,IS
2023-09-21,16569066.69383452,20064233.9514726,IS
2023-09-22,16569066.69383452,20064233.9514726,IS
2023-09-25,16415806.977037646,19876718.53022169,IS
2023-09-26,16321006.433381531,19501685.357785836,IS
2023-09-27,16321006.433381531,19595441.90344427,IS
2023-09-29,16321006.433381531,19595441.90344427,IS
2023-10-02,16321006.433381531,19689203.10897078,IS
2023-10-03,16321006.433381531,19782957.32469518,IS
2023-10-04,16321006.433381531,19689203.10897078,IS
2023-10-05,16321006.433381531,19407928.8121274,IS
2023-10-06,16321006.433381531,19407928.8121274,IS
2023-10-09,16321006.433381531,19220412.22590947,IS
2023-10-10,16321006.433381531,19407928.8121274,IS
2023-10-11,16321006.433381531,19689203.10897078,IS
2023-10-12,16321006.433381531,19876718.53022169,IS
2023-10-13,16321006.433381531,19782957.32469518,IS
2023-10-16,16321006.433381531,19689203.10897078,IS
2023-10-17,16321006.433381531,19314168.771567907,IS
2023-10-18,16321006.433381531,19314168.771567907,IS
2023-10-19,16321006.433381531,18751619.012914125,IS
2023-10-20,16321006.433381531,18939137.92906609,IS
2023-10-23,16321006.433381531,18751619.012914125,IS
2023-10-24,16321006.433381531,19126651.02038296,IS
2023-10-25,16321006.433381531,19407928.8121274,IS
2023-10-26,16321006.433381531,18451594.571906075,IS
2023-10-27,16321006.433381531,18751619.012914125,IS
2023-10-30,16321006.433381531,18751619.012914125,IS
2023-10-31,16321006.433381531,18601606.20992659,IS
2023-11-01,16321006.433381531,18114066.34766763,IS
2023-11-02,16321006.433381531,18751619.012914125,IS
2023-11-03,16321006.433381531,19126651.02038296,IS
2023-11-06,16321006.433381531,19501685.357785836,IS
2023-11-07,16321006.433381531,19689203.10897078,IS
2023-12-14,10000000.0,16321006.433381531,OOS
2023-12-15,10000000.0,16321006.433381531,OOS
2023-12-18,10000000.0,16173972.75887358,OOS
2023-12-19,10000000.0,16321006.433381531,OOS
2023-12-20,10000000.0,16321006.433381531,OOS
2023-12-21,10000000.0,16394526.924553862,OOS
2023-12-22,10000000.0,16688601.581406469,OOS
2023-12-27,10000000.0,16541562.42602099,OOS
2023-12-28,10000000.0,16835635.25591442,OOS
2023-12-29,10000000.0,16835635.25591442,OOS
2024-01-02,10000000.0,16937111.87640236,OOS
2024-01-03,10000000.0,16713271.011163933,OOS
2024-01-04,10000000.0,17011723.062202938,OOS
2024-01-05,10000000.0,17160947.26076326,OOS
2024-01-08,10000000.0,16787884.023923688,OOS
2024-01-09,10000000.0,17011723.062202938,OOS
2024-01-10,10000000.0,17011723.062202938,OOS
2024-01-11,10000000.0,17160947.26076326,OOS
2024-01-12,10000000.0,17459399.311802264,OOS
2024-01-15,10000000.0,17384786.299042515,OOS
2024-01-16,10000000.0,17384786.299042515,OOS
2024-01-17,10000000.0,17235560.273523014,OOS
2024-01-18,10000000.0,17160947.26076326,OOS
2024-01-19,10000000.0,17310173.286282763,OOS
2024-01-22,10000000.0,17235560.273523014,OOS
2024-01-23,10000000.0,17011723.062202938,OOS
2024-01-24,10000000.0,16862495.20972426,OOS
2024-01-25,10000000.0,16489431.972884683,OOS
2024-01-26,10000000.0,16190981.748804854,OOS
2024-01-29,10000000.0,16638657.998404184,OOS
2024-01-30,10000000.0,16787884.023923688,OOS
2024-01-31,10000000.0,17011723.062202938,OOS
2024-02-01,10000000.0,17160947.26076326,OOS
2024-02-02,10000000.0,17459399.311802264,OOS
2024-02-05,10000000.0,17235560.273523014,OOS
2024-02-06,10000000.0,17384786.299042515,OOS
2024-02-07,10000000.0,17459399.311802264,OOS
2024-02-12,10000000.0,17981690.401120517,OOS
2024-02-13,10000000.0,17907075.561401594,OOS
2024-02-15,10000000.0,18280140.625200346,OOS
2024-02-16,10000000.0,18354751.81100092,OOS
2024-02-19,10000000.0,18205525.78548142,OOS
2024-02-20,10000000.0,18802429.887559425,OOS
2024-02-21,10000000.0,18802429.887559425,OOS
2024-02-22,10000000.0,18653203.862039924,OOS
2024-02-23,10000000.0,18280140.625200346,OOS
2024-02-26,10000000.0,18429366.650719848,OOS
2024-02-27,10000000.0,18280140.625200346,OOS
2024-02-28,10000000.0,18578592.67623935,OOS
2024-02-29,10000000.0,18280140.625200346,OOS
2024-03-01,10000000.0,18280140.625200346,OOS
2024-03-04,10000000.0,18056299.759961918,OOS
2024-03-05,10000000.0,18280140.625200346,OOS
2024-03-06,10000000.0,18503979.6634796,OOS
2024-03-07,10000000.0,18578592.67623935,OOS
2024-03-08,10000000.0,18951655.913078927,OOS
2024-03-13,10000000.0,19100881.938598428,OOS
2024-03-14,10000000.0,19054405.924112745,OOS
2024-03-15,10000000.0,18512206.46065044,OOS
2024-03-18,10000000.0,18589664.04884768,OOS
2024-03-19,10000000.0,18589664.04884768,OOS
2024-03-20,10000000.0,18899490.747718275,OOS
2024-03-21,10000000.0,18899490.747718275,OOS
2024-03-22,10000000.0,18976950.162874684,OOS
2024-03-25,10000000.0,19364234.449942514,OOS
2024-03-26,10000000.0,19519147.799377814,OOS
2024-03-27,10000000.0,19364234.449942514,OOS
2024-03-28,10000000.0,18744577.398282975,OOS
2024-04-01,10000000.0,18357293.111215144,OOS
2024-04-02,10000000.0,17582726.364038657,OOS
2024-04-03,10000000.0,17427811.187644184,OOS
2024-04-04,10000000.0,17660182.12527672,OOS
2024-04-05,10000000.0,17505266.94888224,OOS
2024-04-16,10000000.0,16575785.025311282,OOS
2024-04-17,10000000.0,16420871.675875986,OOS
2024-04-18,10000000.0,16963069.312379114,OOS
2024-04-19,10000000.0,16343412.260719571,OOS
2024-04-22,10000000.0,16420871.675875986,OOS
2024-04-23,10000000.0,16420871.675875986,OOS
2024-04-24,10000000.0,16188498.911284275,OOS
2024-04-25,10000000.0,15956129.800610917,OOS
2024-04-26,10000000.0,14964681.075698497,OOS
2024-04-29,10000000.0,14778785.239072056,OOS
2024-04-30,10000000.0,15305491.17523982,OOS
2024-05-02,10000000.0,14747801.838401327,OOS
2024-05-03,10000000.0,14716817.52425101,OOS
2024-05-06,10000000.0,14840749.299974753,OOS
2024-05-07,10000000.0,14468953.972803522,OOS
2024-05-08,10000000.0,14499938.28695384,OOS
2024-05-13,10000000.0,14499938.28695384,OOS
2024-05-14,10000000.0,14654853.463348312,OOS
2024-05-15,10000000.0,14933697.675027767,OOS
2024-05-16,10000000.0,14995665.389848813,OOS
2024-05-17,10000000.0,15243525.287377948,OOS
2024-05-20,10000000.0,14933697.675027767,OOS
2024-05-21,10000000.0,14499938.28695384,OOS
2024-05-22,10000000.0,14623870.062677585,OOS
2024-05-27,10000000.0,14097162.299550643,OOS
2024-05-28,10000000.0,14035195.498209182,OOS
2024-05-29,10000000.0,13663403.824956305,OOS
2024-05-30,10000000.0,13570455.449903293,OOS
2024-05-31,10000000.0,13446524.587659135,OOS
2024-06-03,10000000.0,14035195.498209182,OOS
2024-06-04,10000000.0,13787334.68720046,OOS
2024-06-05,10000000.0,13632420.424285576,OOS
2024-06-06,10000000.0,13942248.950115345,OOS
2024-06-07,10000000.0,13477507.988329867,OOS
2024-06-10,10000000.0,13632420.424285576,OOS
2024-06-11,10000000.0,13446524.587659135,OOS
2024-06-12,10000000.0,13477507.988329867,OOS
2024-06-13,10000000.0,13353576.21260612,OOS
2024-06-14,10000000.0,12950800.225202926,OOS
2024-06-19,10000000.0,12702936.673755439,OOS
2024-06-20,10000000.0,13229646.263841555,OOS
2024-06-21,10000000.0,13756352.200009318,OOS
2024-06-24,10000000.0,13632420.424285576,OOS
2024-06-25,10000000.0,13570455.449903293,OOS
2024-06-26,10000000.0,13539472.96271215,OOS
2024-06-27,10000000.0,13818317.174391601,OOS
2024-06-28,10000000.0,14252074.735506354,OOS
2024-07-01,10000000.0,14345025.850998132,OOS
2024-07-02,10000000.0,14159126.36045334,OOS
2024-07-03,10000000.0,14252074.735506354,OOS
2024-07-04,10000000.0,14840749.299974753,OOS
2024-07-05,10000000.0,14871733.614125071,OOS
2024-07-08,10000000.0,14716817.52425101,OOS
2024-07-09,10000000.0,15088612.85142224,OOS
2024-07-10,10000000.0,15026645.136601193,OOS
2024-07-11,10000000.0,14995665.389848813,OOS
2024-07-12,10000000.0,15181561.226475254,OOS
2024-07-15,10000000.0,14933697.675027767,OOS
2024-07-16,10000000.0,14654853.463348312,OOS
2024-07-17,10000000.0,14747801.838401327,OOS
2024-07-18,10000000.0,15150576.912324937,OOS
2024-07-19,10000000.0,15181561.226475254,OOS
2024-07-22,10000000.0,15212544.627145983,OOS
2024-07-23,10000000.0,14840749.299974753,OOS
2024-07-24,10000000.0,14809765.899304023,OOS
2024-07-25,10000000.0,14561906.001774887,OOS
2024-07-26,10000000.0,14747801.838401327,OOS
2024-07-29,10000000.0,14809765.899304023,OOS
2024-07-30,10000000.0,14468953.972803522,OOS
2024-07-31,10000000.0,14468953.972803522,OOS
2024-08-01,10000000.0,14716817.52425101,OOS
2024-08-02,10000000.0,14592885.748527266,OOS
2024-08-05,10000000.0,14035195.498209182,OOS
2024-08-06,10000000.0,14252074.735506354,OOS
2024-08-07,10000000.0,14314042.4503274,OOS
2024-08-08,10000000.0,14437974.226051144,OOS
2024-08-09,10000000.0,14468953.972803522,OOS
2024-08-12,10000000.0,14499938.28695384,OOS
2024-08-13,10000000.0,14623870.062677585,OOS
2024-08-14,10000000.0,14933697.675027767,OOS
2024-08-15,10000000.0,14964681.075698497,OOS
2024-08-16,10000000.0,14964681.075698497,OOS
2024-08-19,10000000.0,14933697.675027767,OOS
2024-08-20,10000000.0,15336472.748951374,OOS
2024-08-21,10000000.0,15801214.624216443,OOS
2024-08-22,10000000.0,15646303.101740321,OOS
2024-08-23,10000000.0,15956129.800610917,OOS
2024-08-26,10000000.0,16420871.675875986,OOS
2024-08-27,10000000.0,16033587.388808154,OOS
2024-08-28,10000000.0,15956129.800610917,OOS
2024-08-29,10000000.0,15878672.212413682,OOS
2024-08-30,10000000.0,15956129.800610917,OOS
2024-09-02,10000000.0,16033587.388808154,OOS
2024-09-03,10000000.0,16033587.388808154,OOS
2024-09-04,10000000.0,15801214.624216443,OOS
2024-09-05,10000000.0,15956129.800610917,OOS
2024-09-06,10000000.0,16188498.911284275,OOS
2024-09-09,10000000.0,16033587.388808154,OOS
2024-09-10,10000000.0,16265956.49948151,OOS
2024-09-11,10000000.0,16033587.388808154,OOS
2024-09-12,10000000.0,16033587.388808154,OOS
2024-09-13,10000000.0,16420871.675875986,OOS
2024-09-17,10000000.0,16420871.675875986,OOS
2024-09-18,10000000.0,16575785.025311282,OOS
2024-09-19,10000000.0,16730698.374746582,OOS
2024-09-20,10000000.0,16653240.786549343,OOS
2024-09-23,10000000.0,17040526.90057635,OOS
2024-09-24,10000000.0,17117982.66181441,OOS
2024-09-25,10000000.0,16498327.437114047,OOS
2024-09-26,10000000.0,15646303.101740321,OOS
2024-09-27,10000000.0,15801214.624216443,OOS
2024-09-30,10000000.0,15336472.748951374,OOS
2024-10-01,10000000.0,15723758.862978384,OOS
2024-10-02,10000000.0,15305491.17523982,OOS
2024-10-03,10000000.0,15243525.287377948,OOS
2024-10-04,10000000.0,15057629.450751511,OOS
2024-10-07,10000000.0,14933697.675027767,OOS
2024-10-08,10000000.0,15491386.098386671,OOS
2024-10-09,10000000.0,15274508.68804868,OOS
2024-10-10,10000000.0,15057629.450751511,OOS
2024-10-11,10000000.0,15181561.226475254,OOS
2024-10-14,10000000.0,15181561.226475254,OOS
2024-10-15,10000000.0,15243525.287377948,OOS
2024-10-16,10000000.0,15336472.748951374,OOS
2024-10-17,10000000.0,15429422.950963566,OOS
2024-10-18,10000000.0,15398439.550292835,OOS
2024-10-21,10000000.0,15460402.697715942,OOS
2024-10-22,10000000.0,15181561.226475254,OOS
2024-10-23,10000000.0,15057629.450751511,OOS
2024-10-24,10000000.0,14933697.675027767,OOS
2024-10-25,10000000.0,14778785.239072056,OOS
2024-10-28,10000000.0,14747801.838401327,OOS
2024-10-29,10000000.0,14561906.001774887,OOS
2024-10-30,10000000.0,14592885.748527266,OOS
2024-10-31,10000000.0,14871733.614125071,OOS
2024-11-01,10000000.0,14561906.001774887,OOS
2024-11-04,10000000.0,14623870.062677585,OOS
2024-11-05,10000000.0,14592885.748527266,OOS
2024-11-06,10000000.0,14252074.735506354,OOS
2024-11-07,10000000.0,14097162.299550643,OOS
2024-11-08,10000000.0,14004215.751456806,OOS
2024-11-11,10000000.0,13818317.174391601,OOS
2024-11-12,10000000.0,13942248.950115345,OOS
2024-11-13,10000000.0,14190110.674603658,OOS
2024-11-14,10000000.0,13942248.950115345,OOS
2024-11-15,10000000.0,13849299.661582744,OOS
2024-11-18,10000000.0,13477507.988329867,OOS
2024-11-19,10000000.0,13508488.648561832,OOS
2024-11-20,10000000.0,13415541.186988406,OOS
2024-11-21,10000000.0,13167679.462500095,OOS
2024-11-22,10000000.0,13632420.424285576,OOS
2024-11-25,10000000.0,13849299.661582744,OOS
2024-11-26,10000000.0,13632420.424285576,OOS
2024-11-28,10000000.0,13415541.186988406,OOS
2024-11-29,10000000.0,13167679.462500095,OOS
2024-12-02,10000000.0,12919816.824532196,OOS
2024-12-03,10000000.0,13136696.975308953,OOS
2024-12-04,10000000.0,13477507.988329867,OOS
2024-12-05,10000000.0,13198661.949691238,OOS
2024-12-06,10000000.0,13353576.21260612,OOS
2024-12-09,10000000.0,13601437.937094433,OOS
2024-12-10,10000000.0,13508488.648561832,OOS
2024-12-11,10000000.0,13570455.449903293,OOS
2024-12-12,10000000.0,13198661.949691238,OOS
2024-12-13,10000000.0,12919816.824532196,OOS
2024-12-16,10000000.0,13167679.462500095,OOS
2024-12-17,10000000.0,12857851.85014991,OOS
2024-12-18,10000000.0,12857851.85014991,OOS
2024-12-19,10000000.0,12671955.100043885,OOS
2024-12-20,10000000.0,12579005.811511282,OOS
2024-12-23,10000000.0,13043748.60025594,OOS
2024-12-24,10000000.0,13012766.113064798,OOS
2024-12-27,10000000.0,13124807.124989647,OOS
2024-12-30,10000000.0,13060783.167615682,OOS
2025-01-02,10000000.0,13476935.236628098,OOS
2025-01-03,10000000.0,13284865.191465382,OOS
2025-01-06,10000000.0,13124807.124989647,OOS
2025-01-07,10000000.0,12900724.187660359,OOS
2025-01-08,10000000.0,13060783.167615682,OOS
2025-01-09,10000000.0,12900724.187660359,OOS
2025-01-10,10000000.0,12836701.143765982,OOS
2025-01-13,9976274.499676747,12324514.05217221,OOS
2025-01-14,9847940.271161122,12164455.072216887,OOS
2025-01-15,10556599.44153035,13092794.232823078,OOS
2025-01-16,10556599.44153035,13316876.256672775,OOS
2025-01-17,10556599.44153035,13092794.232823078,OOS
2025-01-20,10556599.44153035,13508947.215315081,OOS
2025-01-21,10556599.44153035,13636995.130063009,OOS
2025-01-22,10556599.44153035,13636995.130063009,OOS
2025-01-23,10556599.44153035,13765040.304372173,OOS
2025-01-24,10556599.44153035,13412913.106213309,OOS
2025-01-30,10556599.44153035,13188830.168884024,OOS
2025-01-31,10556599.44153035,13508947.215315081,OOS
2025-02-03,10556599.44153035,13604983.151376028,OOS
2025-02-04,10556599.44153035,13636995.130063009,OOS
2025-02-05,10556599.44153035,13252853.2127784,OOS
2025-02-06,10556599.44153035,12708654.142497644,OOS
2025-02-07,10556599.44153035,12900724.187660359,OOS
2025-02-10,10556599.44153035,12708654.142497644,OOS
2025-02-11,10556599.44153035,12836701.143765982,OOS
2025-02-12,10556599.44153035,12900724.187660359,OOS
2025-02-13,10556599.44153035,12772678.099871607,OOS
2025-02-14,10556599.44153035,12356525.117379602,OOS
2025-02-17,10556599.44153035,12900724.187660359,OOS
2025-02-18,10556599.44153035,13284865.191465382,OOS
2025-02-19,10556599.44153035,12868713.122452967,OOS
2025-02-20,10556599.44153035,12516584.097334925,OOS
2025-02-21,10556599.44153035,12452560.139960961,OOS
2025-02-24,10556599.44153035,12548596.07602191,OOS
2025-02-25,10556599.44153035,12164455.072216887,OOS
2025-02-26,10556599.44153035,12228478.116111264,OOS
2025-02-27,10556599.44153035,11620256.00193613,OOS
2025-02-28,10531752.37129519,10755939.885224316,OOS
2025-03-03,11486556.57051394,11748303.00320447,OOS
2025-03-04,11486556.57051394,11748303.00320447,OOS
2025-03-05,12010158.81660769,12292502.073485227,OOS
2025-03-06,12307613.521649046,12644631.098603267,OOS
2025-03-07,12307613.521649046,12196467.050903868,OOS
2025-03-10,12307613.521649046,12036408.070948545,OOS
2025-03-11,12307613.521649046,12132443.093529904,OOS
2025-03-12,12307613.521649046,12452560.139960961,OOS
2025-03-13,12307613.521649046,12164455.072216887,OOS
2025-03-14,12307613.521649046,12004396.092261564,OOS
2025-03-17,12307613.521649046,12260490.094798245,OOS
2025-03-18,12307613.521649046,11780314.068411864,OOS
2025-03-19,12307613.521649046,11876349.090993222,OOS
2025-03-20,12307613.521649046,11716291.024517488,OOS
2025-03-21,12307613.521649046,11844338.02578583,OOS
2025-03-24,12307613.521649046,11556232.044562165,OOS
2025-03-25,12307613.521649046,12164455.072216887,OOS
2025-03-26,12307613.521649046,12804689.165079001,OOS
2025-03-27,12307613.521649046,12964748.145034324,OOS
2025-04-08,12307613.521649046,11652267.067143524,OOS
2025-04-09,12307613.521649046,11620256.00193613,OOS
2025-04-10,12307613.521649046,12164455.072216887,OOS
2025-04-11,12307613.521649046,12294512.642058736,OOS
2025-04-14,12307613.521649046,12497727.138196833,OOS
2025-04-15,12307613.521649046,12497727.138196833,OOS
2025-04-16,12307613.521649046,12362251.720917689,OOS
2025-04-17,12307613.521649046,12328381.72474842,OOS
2025-04-21,12307613.521649046,12260643.559369054,OOS
2025-04-22,12307613.521649046,12294512.642058736,OOS
2025-04-23,12307613.521649046,12734812.543983787,OOS
2025-04-24,12307613.521649046,12633204.38243515,OOS
2025-04-25,12307613.521649046,12667074.378604421,OOS
2025-04-28,12307613.521649046,13005765.205501247,OOS
2025-04-29,12307613.521649046,13039635.201670518,OOS
2025-04-30,12307613.521649046,13039635.201670518,OOS
2025-05-02,12307613.521649046,13141242.449739566,OOS
2025-05-05,12307613.521649046,13073504.2843602,OOS
2025-05-06,12307613.521649046,13141242.449739566,OOS
2025-05-07,12307613.521649046,13242849.697808614,OOS
2025-05-08,12307613.521649046,12836419.792052835,OOS
2025-05-09,12307613.521649046,13005765.205501247,OOS
2025-05-14,12307613.521649046,13852495.013182078,OOS
2025-05-15,12307613.521649046,14462140.328555543,OOS
2025-05-16,12307613.521649046,14394402.163176177,OOS
2025-05-19,12307613.521649046,14326663.084317224,OOS
2025-05-20,12307613.521649046,14258924.918937858,OOS
2025-05-21,12307613.521649046,14428271.24586586,OOS
2025-05-22,12307613.521649046,14563747.57662459,OOS
2025-05-23,12307613.521649046,14733093.903552592,OOS
2025-05-26,12307613.521649046,14631485.742003957,OOS
2025-05-27,12307613.521649046,14800832.068931956,OOS
2025-05-28,12307613.521649046,15071785.643929005,OOS
2025-06-02,12307613.521649046,14225055.836248174,OOS
2025-06-03,12307613.521649046,14225055.836248174,OOS
2025-06-04,12307613.521649046,13818625.930492396,OOS
2025-06-05,12307613.521649046,13886365.009351349,OOS
2025-06-10,12307613.521649046,14055710.422799762,OOS
2025-06-11,12307613.521649046,13784756.847802712,OOS
2025-06-12,12307613.521649046,13784756.847802712,OOS
2025-06-13,12307613.521649046,13547672.355495347,OOS
2025-06-16,12307613.521649046,13513803.272805663,OOS
2025-06-17,12307613.521649046,13412195.111257028,OOS
2025-06-18,12307613.521649046,13344456.945877664,OOS
2025-06-19,12307613.521649046,12870288.874742517,OOS
2025-06-20,12307613.521649046,12836419.792052835,OOS
2025-06-23,12307613.521649046,12599335.299745468,OOS
2025-06-24,12307613.521649046,12802549.795883562,OOS
2025-06-25,12307613.521649046,12734812.543983787,OOS
2025-06-26,12307613.521649046,12971897.036291154,OOS
2025-06-30,12307613.521649046,12667074.378604421,OOS
2025-07-01,12307613.521649046,12531597.134366103,OOS
2025-07-02,12307613.521649046,12463858.968986738,OOS
2025-07-03,12307613.521649046,12463858.968986738,OOS
2025-07-04,12307613.521649046,12429989.886297055,OOS
2025-07-07,12307613.521649046,12531597.134366103,OOS
2025-07-08,12307613.521649046,12429989.886297055,OOS
2025-07-09,12307613.521649046,12463858.968986738,OOS
2025-07-10,12307613.521649046,13107372.453570295,OOS
2025-07-11,12307613.521649046,13141242.449739566,OOS
2025-07-14,12307613.521649046,12802549.795883562,OOS
2025-07-15,12307613.521649046,13141242.449739566,OOS
2025-07-16,12307613.521649046,13141242.449739566,OOS
2025-07-17,12307613.521649046,13175111.53242925,OOS
2025-07-18,12307613.521649046,13073504.2843602,OOS
2025-07-21,12307613.521649046,12971897.036291154,OOS
2025-07-22,12307613.521649046,13005765.205501247,OOS
2025-07-23,12307613.521649046,12870288.874742517,OOS
2025-07-24,12307613.521649046,13378326.942046933,OOS
2025-07-25,12307613.521649046,13141242.449739566,OOS
2025-07-28,12307613.521649046,13344456.945877664,OOS
2025-07-29,12307613.521649046,13276719.693977885,OOS
2025-07-30,12307613.521649046,12802549.795883562,OOS
2025-07-31,12307613.521649046,12565466.217055786,OOS
2025-08-01,12307613.521649046,12667074.378604421,OOS
2025-08-04,12307613.521649046,12565466.217055786,OOS
2025-08-05,12307613.521649046,12667074.378604421,OOS
2025-08-06,12307613.521649046,12565466.217055786,OOS
2025-08-07,12307613.521649046,12565466.217055786,OOS
2025-08-08,12307613.521649046,12531597.134366103,OOS
2025-08-11,12307613.521649046,12904157.957432201,OOS
2025-08-12,12307613.521649046,13717017.76894376,OOS
2025-08-13,12307613.521649046,13818625.930492396,OOS
2025-08-14,12307613.521649046,13750887.765113031,OOS
2025-08-15,12307613.521649046,13954102.261251125,OOS
2025-08-19,12307613.521649046,13683149.599733666,OOS
2025-08-20,12307613.521649046,14055710.422799762,OOS
2025-08-21,12307613.521649046,14055710.422799762,OOS
2025-08-22,12307613.521649046,13886365.009351349,OOS
2025-08-25,12307613.521649046,14258924.918937858,OOS
2025-08-26,12307613.521649046,14123448.588179128,OOS
2025-08-27,12307613.521649046,13987972.257420396,OOS
2025-08-28,12307613.521649046,14021840.426630491,OOS
2025-08-29,12307613.521649046,13717017.76894376,OOS
2025-09-01,12307613.521649046,13479934.19011598,OOS
2025-09-02,12307613.521649046,13412195.111257028,OOS
2025-09-03,12307613.521649046,13649279.603564393,OOS
2025-09-04,12307613.521649046,13547672.355495347,OOS
2025-09-08,12307613.521649046,13208980.615118932,OOS
2025-09-09,12307613.521649046,12836419.792052835,OOS
2025-09-10,12307613.521649046,13141242.449739566,OOS
2025-09-11,12307613.521649046,13818625.930492396,OOS
2025-09-12,12307613.521649046,14157317.67086881,OOS
2025-09-15,12307613.521649046,14021840.426630491,OOS
2025-09-16,12307613.521649046,13987972.257420396,OOS
2025-09-17,12307613.521649046,14292794.91510713,OOS
2025-09-18,12307613.521649046,14394402.163176177,OOS
2025-09-19,12307613.521649046,14394402.163176177,OOS
2025-09-22,12307613.521649046,14089579.505489444,OOS
2025-09-23,12307613.521649046,14021840.426630491,OOS
2025-09-24,12307613.521649046,14123448.588179128,OOS
2025-09-25,12307613.521649046,13784756.847802712,OOS
2025-09-26,12307613.521649046,13683149.599733666,OOS
2025-09-29,12307613.521649046,13479934.19011598,OOS
2025-09-30,12307613.521649046,13208980.615118932,OOS
2025-10-01,12307613.521649046,12904157.957432201,OOS
2025-10-02,12307613.521649046,12565466.217055786,OOS
2025-10-03,12307613.521649046,12497727.138196833,OOS
2025-10-06,12307613.521649046,12396119.890127784,OOS
2025-10-07,12307613.521649046,12565466.217055786,OOS
2025-10-08,12307613.521649046,12599335.299745468,OOS
2025-10-09,12307613.521649046,13073504.2843602,OOS
2025-10-10,12307613.521649046,12633204.38243515,OOS
2025-10-13,12307613.521649046,12396119.890127784,OOS
2025-10-14,12307613.521649046,12023559.067061687,OOS
2025-10-15,12307613.521649046,11854213.653613273,OOS
2025-10-16,12307613.521649046,11955820.901682321,OOS
2025-10-17,12307613.521649046,11854213.653613273,OOS
2025-10-20,12307613.521649046,12463858.968986738,OOS
2025-10-21,12307613.521649046,12734812.543983787,OOS
2025-10-22,12307613.521649046,12531597.134366103,OOS
2025-10-23,12307613.521649046,12938027.040121881,OOS
2025-10-24,12307613.521649046,13039635.201670518,OOS
2025-10-27,12307613.521649046,13073504.2843602,OOS
2025-10-28,12307613.521649046,13039635.201670518,OOS
2025-10-29,12307613.521649046,13175111.53242925,OOS
2025-10-30,12307613.521649046,13242849.697808614,OOS
2025-10-31,12307613.521649046,13479934.19011598,OOS
2025-11-03,12307613.521649046,13683149.599733666,OOS
2025-11-04,12307613.521649046,13446065.107426299,OOS
2025-11-05,12307613.521649046,13479934.19011598,OOS
2025-11-06,12307613.521649046,13547672.355495347,OOS
2025-11-07,12307613.521649046,13479934.19011598,OOS
2025-11-10,12307613.521649046,13310587.86318798,OOS
2025-11-11,12307613.521649046,13175111.53242925,OOS
2025-11-12,12307613.521649046,13208980.615118932,OOS
2025-11-13,12307613.521649046,13107372.453570295,OOS
2025-11-14,12307613.521649046,13208980.615118932,OOS
2025-11-17,12307613.521649046,13344456.945877664,OOS
2025-11-18,12307613.521649046,13446065.107426299,OOS
2025-11-19,12307613.521649046,13547672.355495347,OOS
2025-11-20,12307613.521649046,13513803.272805663,OOS
2025-11-21,12307613.521649046,13412195.111257028,OOS
2025-11-24,12307613.521649046,13479934.19011598,OOS
2025-11-25,12307613.521649046,12971897.036291154,OOS
2025-11-26,12307613.521649046,12836419.792052835,OOS
2025-11-27,12307613.521649046,12667074.378604421,OOS
2025-11-28,12307613.521649046,12463858.968986738,OOS
2025-12-01,12307613.521649046,12429989.886297055,OOS
2025-12-02,12307613.521649046,12565466.217055786,OOS
2025-12-03,12307613.521649046,12396119.890127784,OOS
2025-12-04,12307613.521649046,12497727.138196833,OOS
2025-12-05,12307613.521649046,12362251.720917689,OOS
2025-12-08,12307613.521649046,12429989.886297055,OOS
2025-12-09,12307613.521649046,12463858.968986738,OOS
2025-12-10,12307613.521649046,12396119.890127784,OOS
2025-12-11,12307613.521649046,12260643.559369054,OOS
2025-12-12,12307613.521649046,12294512.642058736,OOS
2025-12-15,12307613.521649046,12802549.795883562,OOS
2025-12-16,12307613.521649046,12497727.138196833,OOS
2025-12-17,12307613.521649046,12700942.547814516,OOS
2025-12-18,12307613.521649046,12802549.795883562,OOS
2025-12-19,12307613.521649046,12768681.62667347,OOS
2025-12-22,12307613.521649046,12734812.543983787,OOS
2025-12-23,12307613.521649046,12768681.62667347,OOS
2025-12-24,12307613.521649046,12768681.62667347,OOS
2025-12-29,12307613.521649046,12802549.795883562,OOS
2025-12-30,12307613.521649046,12862293.187907476,OOS
2026-01-02,12307613.521649046,12792007.327956773,OOS
2026-01-05,12307613.521649046,12756864.854721215,OOS
2026-01-06,12307613.521649046,12932579.04785818,OOS
2026-01-07,12307613.521649046,13002864.907808885,OOS
2026-01-08,12307613.521649046,13038007.381044444,OOS
2026-01-09,12307613.521649046,12932579.04785818,OOS
2026-01-12,12307613.521649046,13002864.907808885,OOS
2026-01-13,12307613.521649046,13073150.76775959,OOS
2026-01-14,12307613.521649046,13073150.76775959,OOS
2026-01-15,12307613.521649046,13424579.15403352,OOS
2026-01-19,12307613.521649046,13494865.013984224,OOS
2026-01-20,12307613.521649046,13530008.400699371,OOS
2026-01-21,12307613.521649046,13424579.15403352,OOS
2026-01-22,12307613.521649046,13389436.680797962,OOS
2026-01-23,12307613.521649046,13530008.400699371,OOS
2026-01-26,12307613.521649046,13530008.400699371,OOS
2026-01-27,12307613.521649046,13424579.15403352,OOS
2026-01-28,12307613.521649046,12616293.134819806,OOS
2026-01-29,12307613.521649046,13284007.434132112,OOS
2026-01-30,12307613.521649046,13389436.680797962,OOS
2026-02-02,12307613.521649046,13459722.540748667,OOS
2026-02-03,12307613.521649046,13354293.294082817,OOS
2026-02-04,12307613.521649046,13600293.347170487,OOS
2026-02-05,12307613.521649046,13530008.400699371,OOS
2026-02-06,12307613.521649046,13284007.434132112,OOS
2026-02-09,12307613.521649046,13248864.960896555,OOS
2026-02-10,12307613.521649046,13284007.434132112,OOS
2026-02-11,12307613.521649046,13354293.294082817,OOS
2026-02-12,12307613.521649046,13319150.82084726,OOS
2026-02-13,12307613.521649046,13284007.434132112,OOS
2026-02-18,12307613.521649046,13459722.540748667,OOS
2026-02-19,12307613.521649046,13248864.960896555,OOS
2026-02-20,12307613.521649046,13494865.013984224,OOS
2026-02-23,12307613.521649046,13705722.593836335,OOS
2026-02-24,12307613.521649046,13600293.347170487,OOS
2026-02-25,12307613.521649046,13951722.646924006,OOS
2026-02-26,12307613.521649046,13881436.786973301,OOS
2026-02-27,12307613.521649046,13740865.067071894,OOS
2026-03-02,12307613.521649046,13424579.15403352,OOS
2026-03-03,12307613.521649046,13248864.960896555,OOS
2026-03-04,12307613.521649046,12967721.52109374,OOS
2026-03-05,12307613.521649046,13178579.10094585,OOS
2026-03-06,12307613.521649046,12897436.574622622,OOS
2026-03-09,12307613.521649046,12546007.274869103,OOS
2026-03-10,12307613.521649046,12510864.801633546,OOS
2026-03-11,12307613.521649046,12581150.661584249,OOS
2026-03-12,12307613.521649046,12546007.274869103,OOS
2026-03-13,12307613.521649046,12335149.695016991,OOS
2026-03-16,12307613.521649046,12229721.36183073,OOS
2026-03-17,12307613.521649046,12229721.36183073,OOS
2026-03-25,12307613.521649046,12440578.941682842,OOS
2026-03-26,12307613.521649046,12264864.748545876,OOS
2026-03-27,12307613.521649046,12018863.781978618,OOS
2026-03-30,12307613.521649046,11808007.115606092,OOS
2026-03-31,12307613.521649046,11702577.868940243,OOS
2026-04-01,12307613.521649046,11772863.728890948,OOS
2026-04-02,12307613.521649046,11667435.395704685,OOS
2026-04-06,12307613.521649046,11632292.922469128,OOS
2026-04-07,12307613.521649046,11351149.482666312,OOS
2026-04-08,12307613.521649046,11737721.25565539,OOS
2026-04-09,12307613.521649046,11526863.675803278,OOS
2026-04-10,12307613.521649046,11913435.448792355,OOS
2026-04-13,12307613.521649046,11843149.58884165,OOS
2026-04-14,12307613.521649046,12159435.501880025,OOS
2026-04-15,12307613.521649046,11948578.8355075,OOS
2026-04-16,12307613.521649046,11983721.30874306,OOS
2026-04-17,12307613.521649046,12054007.168693764,OOS
2026-04-20,12307613.521649046,12089149.641929321,OOS
2026-04-21,12307613.521649046,12235072.525258088,OOS
2026-04-22,12307613.521649046,12122824.15346673,OOS
2026-04-23,12307613.521649046,11823495.162023107,OOS
2026-04-24,12307613.521649046,11486750.04664903,OOS
2026-04-27,12307613.521649046,11411917.798788125,OOS
2026-04-28,12307613.521649046,11486750.04664903,OOS
2026-04-29,12307613.521649046,11486750.04664903,OOS
2026-04-30,12307613.521649046,11187421.055205407,OOS
2026-05-04,12307613.521649046,11374501.67485767,OOS
2026-05-05,12307613.521649046,11786079.038092652,OOS
2026-05-06,12307613.521649046,11823495.162023107,OOS
2026-05-07,12307613.521649046,12384737.020979898,OOS
2026-05-08,12307613.521649046,12197656.401327634,OOS
2026-05-11,12307613.521649046,11973159.657744918,OOS
2026-05-12,12307613.521649046,12047991.905605823,OOS
2026-05-13,12307613.521649046,11673830.666301293,OOS
2026-05-14,12307613.521649046,11673830.666301293,OOS
2026-05-15,12307613.521649046,11673830.666301293,OOS
2026-05-18,12307613.521649046,11449333.922718577,OOS
2026-05-19,12307613.521649046,11374501.67485767,OOS
2026-05-20,12307613.521649046,11374501.67485767,OOS
2026-05-21,12307613.521649046,11299669.426996768,OOS
2026-05-22,12307613.521649046,11411917.798788125,OOS
2026-05-25,12307613.521649046,11860911.285953559,OOS
2026-05-26,12307613.521649046,11486750.04664903,OOS
2026-05-27,12307613.521649046,11486750.04664903,OOS
2026-05-28,12307613.521649046,11486750.04664903,OOS
2026-05-29,12307613.521649046,11037756.559483595,OOS
2026-06-02,12307613.521649046,11374501.67485767,OOS
2026-06-03,12307613.521649046,10850675.939831331,OOS
2026-06-04,12278602.842799047,10513930.824457256,OOS
2026-06-05,11977602.842799047,10252017.956944086,OOS
2026-06-08,11672018.493336406,9690776.097987292,OOS
2026-06-09,11672018.493336406,10439098.57659635,OOS
2026-06-10,11672018.493336406,10775843.691970425,OOS
2026-06-11,11672018.493336406,10663595.320179066,OOS
2026-06-12,11672018.493336406,10663595.320179066,OOS
2026-06-15,11672018.493336406,11187421.055205407,OOS
2026-06-17,11672018.493336406,11524166.170579484,OOS
2026-06-18,11672018.493336406,11075172.683414048,OOS
2026-06-19,11672018.493336406,10962924.31162269,OOS
2026-06-22,11672018.493336406,10738427.568039972,OOS
2026-06-23,11672018.493336406,10888092.063761786,OOS
2026-06-24,11672018.493336406,10513930.824457256,OOS
2026-06-25,11672018.493336406,10663595.320179066,OOS
2026-06-26,11672018.493336406,10738427.568039972,OOS
2026-06-29,11672018.493336406,10626179.196248613,OOS
2026-06-30,11672018.493336406,10214601.833013633,OOS
