Date,Close,High,Low,Open,Volume,BB_SMA,BB_STD,BB_Upper,BB_Lower,Pct_B,BandWidth,BW_Squeeze,ADX,ATR,Vol_MA,Vol_Ratio,Equity
2018-02-06,3149.2216796875,3183.9238469567836,3097.168428783574,3114.519512418216,66860400,3271.1130249023436,59.5414161254321,3390.1958571532077,3152.0301926514794,-0.011792266403535383,7.280875429513432,False,30.790845298356505,64.5824255637607,43709330.0,1.5296596859297547,10000000.0
2018-02-07,3314.05712890625,3314.0571289062495,3166.572911127699,3166.572911127699,67478600,3275.8845947265627,58.93455204727025,3393.753698821103,3158.015490632022,0.6619276504768793,7.1961695039125155,False,29.605442176109868,71.74335582483133,44592080.0,1.5132418133444325,10000000.0
2018-02-08,3296.705810546875,3314.0568937602798,3270.679185726768,3314.0568937602798,50903000,3279.7885986328124,57.510853831916116,3394.8103062966447,3164.76689096898,0.5735392138478138,7.013970821886471,False,28.504710705452275,69.71725492159207,44464730.0,1.1447949869480822,10000000.0
2018-02-09,3270.679443359375,3296.7060702296085,3209.9506473288293,3244.652816489141,38761800,3282.3912841796873,55.74805586725106,3393.8873959141893,3170.8951724451854,0.4474787028977256,6.793590530896519,False,28.218067214504728,70.93426692010544,44004540.0,0.8808591113553284,10000000.0
2018-02-12,3305.3818359375,3305.3818359375,3262.0041215551178,3262.0041215551178,20123800,3282.825085449219,55.89885841069875,3394.6228022706164,3171.0273686278215,0.6008819818937654,6.811067535515628,False,27.790705589831248,68.9659417388395,42066740.0,0.47837792992753897,10000000.0
2018-02-13,3366.1103515625,3400.812520135309,3322.7326408464883,3322.7326408464883,56807200,3284.560205078125,57.985884039435504,3400.5319731569957,3168.588436999254,0.8515948227542498,7.061631441528858,False,25.8504476704673,70.85628048590875,42875440.0,1.324935674129525,10000000.0
2018-02-14,3366.1103515625,3374.785893705702,3357.434809419298,3357.434809419298,27068800,3286.2953247070313,59.94751816639393,3406.190361039819,3166.4002883742437,0.8328537581569658,7.296668405386002,False,24.048779602486494,67.03448075737272,41675610.0,0.6495117887896542,10000000.0
2018-02-15,3340.083740234375,3374.785908964083,3314.0571136870944,3366.110366781656,22594000,3288.464221191406,61.11728454899532,3410.6987902893966,3166.2296520934156,0.7111494294285426,7.434143166909999,False,22.98087771467825,66.58407465163098,40753480.0,0.554406642083081,10000000.0
2018-02-16,3340.083740234375,3340.083740234375,3340.083740234375,3340.083740234375,0,3291.934436035156,62.01805999472267,3415.9705560246016,3167.8983160457105,0.6940938825050157,7.535758831141003,False,21.989254533142024,61.82806931937163,38341080.0,0.0,10000000.0
2018-02-19,3426.839111328125,3426.839111328125,3340.083690788172,3340.083690788172,31345000,3300.1761962890623,68.45031163886428,3437.076819566791,3163.2755730113336,0.9626089787118903,8.296564494445413,False,21.055196362398153,63.608594406556,37477420.0,0.8363702730871015,10000000.0
2018-02-20,3444.190185546875,3452.86572757596,3418.1635594596187,3426.8391014887043,36932000,3304.9477294921876,75.02553850749071,3454.998806507169,3154.8966524772063,0.9639835275583702,9.080390329685303,False,20.51730012883324,61.54384967154068,37656730.0,0.9807543034140246,10000000.0
2018-02-21,3530.9462890625,3530.9462890624995,3435.5153082770266,3444.190851984797,50223200,3312.75576171875,89.42109263251757,3491.597946983785,3133.913576453715,1.1100085587200887,10.797185070610011,False,20.886232815890278,63.96435903682155,38574590.0,1.3019762491318767,10000000.0
2018-02-22,3392.13720703125,3530.945890694933,3383.4616643022696,3530.945890694933,33322000,3315.7922241210936,91.10306819690865,3497.998360514911,3133.586087727276,0.7095016787610974,10.9902022851938,False,20.40574475771317,69.93009230277933,38681700.0,0.861440939772554,10000000.0
2018-02-23,3418.163330078125,3444.1899544188213,3400.8122471843276,3426.838871525024,30031800,3320.129992675781,93.90792778085351,3507.945848237488,3132.314137114074,0.7609825914568088,11.313765182449446,False,19.95957727512014,68.65313909455018,39277600.0,0.7646037436095892,10000000.0
2018-02-26,3409.48828125,3426.839366650763,3383.461653148855,3418.1638239503814,15133000,3325.7691162109377,95.7945983109025,3517.3583128327427,3134.1799195891326,0.7184861320868813,11.521497129066098,False,19.266165968571595,66.84775155221861,37851720.0,0.3997968916604054,10000000.0
2018-02-27,3409.48828125,3452.865994751908,3409.48828125,3409.48828125,23121200,3336.1797485351562,92.82075046194606,3521.8212494590484,3150.538247611264,0.6974465094011985,11.12898674032197,False,18.958182771717183,65.17132026291073,36398300.0,0.6352274694147804,10000000.0
2018-02-28,3374.78564453125,3392.136727536552,3322.732395515344,3383.461186033901,37228800,3341.8188354492186,91.49360524462331,3524.806045938465,3158.831624959972,0.5900795443405286,10.951354307310844,False,17.835794399453736,66.71307493946398,35848670.0,1.0384987783368254,10000000.0
2018-03-01,3340.083740234375,3426.839162058645,3340.083740234375,3348.7592824168023,29107800,3347.0241821289064,88.05174286941535,3523.1276678677373,3170.9206963900756,0.48029442215350465,10.522988550791919,False,16.80086631098527,68.14467114552154,35363350.0,0.8231064081881383,10000000.0
2018-03-02,3305.3818359375,3340.0840074434054,3296.7062930610236,3340.0840074434054,33001400,3350.928186035156,84.10672424667496,3519.141634528506,3182.7147375418062,0.3646173938362105,10.039812204533177,False,15.945958930832465,66.37560280529728,35609270.0,0.9267642948030106,10000000.0
2018-03-05,3314.05712890625,3322.7326711285173,3270.6794177949114,3270.6794177949114,30119000,3355.699755859375,78.74176924625503,3513.183294351885,3198.216217366865,0.3677873657407521,9.386032717469945,False,15.48282566088835,65.3525778430336,35008140.0,0.8603427659967082,10000000.0
2018-03-06,3183.924072265625,3322.732751165489,3175.2485298343836,3314.0572087342475,38385800,3357.4348754882812,74.20403414643772,3505.8429437811565,3209.026807195406,-0.08457334974619493,8.840562738914887,False,16.094908901448015,71.2191238064673,33584410.0,1.142964845891293,9976302.228245951
2018-03-07,3149.2216796875,3209.9504724087465,3062.4662615142906,3209.9504724087465,46561200,3349.1931030273436,87.27786984519771,3523.748842717739,3174.637363336948,-0.07280105396284053,10.42374890433246,False,17.58653369905447,76.66663002703791,32538540.0,1.4309554147174397,9868724.811253764
2018-03-08,3244.653076171875,3244.653076171875,3175.2487322965408,3201.2753612497913,44365200,3346.590466308594,89.66878577790902,3525.928037864412,3167.252894752776,0.21579466240014492,10.717628784356979,False,18.44929263090339,78.00697048827628,32211650.0,1.3773029323241746,10164562.140355326
2018-03-09,3262.00390625,3262.00390625,3183.9240255152927,3253.328363946144,18643400,3346.156689453125,90.07539859384141,3526.307486640808,3166.0058922654425,0.26643793833603163,10.767624705412429,False,18.99163652250281,78.01217836302135,31205730.0,0.5974351505316492,10218349.713597514
2018-03-12,3244.653076171875,3296.7063340783757,3235.9775331874584,3279.355248109542,22744600,3343.120251464844,92.51286309474226,3528.1459776543284,3158.0945252753595,0.2339095018815683,11.06904402307469,False,18.984169431432562,76.7776514007282,31336770.0,0.7258118816968053,10164562.140355326
2018-03-13,3209.950439453125,3279.3547732791385,3209.950439453125,3253.3281480943833,34127400,3335.312255859375,96.95368540075413,3529.2196266608835,3141.4048850578665,0.1767481919638437,11.627539248288247,False,19.231237821611224,76.25098585967716,30202780.0,1.129942343055838,10056983.966527201
2018-03-14,3279.3544921875,3279.3544921875,3166.572459387401,3175.248000372024,28243800,3330.974462890625,97.44276182305921,3525.8599865367437,3136.0889392445065,0.3675633527381469,11.701412053276243,False,19.864769324002946,78.86034635542158,30261530.0,0.9333235959979551,10272136.530003764
2018-03-15,3262.00390625,3279.354990857713,3218.626194730718,3279.354990857713,23676600,3327.0704711914063,98.615649587638,3524.3017703666824,3129.8391720161303,0.33505010306811694,11.856153987904474,False,20.4530403127996,77.56523562481968,30315660.0,0.7810022938639634,10218349.713597514
2018-03-16,3305.3818359375,3305.3818359375,3131.8709784079724,3262.0041215551178,56727000,3325.3353759765623,98.67989747507772,3522.6951709267178,3127.975581026407,0.449448822532214,11.8700685877253,False,21.742502207399006,84.41849433229882,33152010.0,1.711117968412775,10352821.295628764
2018-03-19,3331.407958984375,3331.407958984375,3270.679168065389,3314.0568758646646,16168000,3320.563818359375,95.77804217106645,3512.119902701508,3129.007734017242,0.5283053933323033,11.53756378859643,False,22.49797651992023,82.72637265991933,32393160.0,0.49911771497439583,10398404.211865157
2018-03-20,3209.950439453125,3331.4080236486484,3192.5993559966214,3331.4080236486484,31426800,3308.8518310546874,94.17331778691344,3497.1984666285143,3120.5051954808605,0.23744847817365,11.384410374990527,False,23.809135185674794,86.73225087364132,32117900.0,0.9784824038931561,10398404.211865157
2018-03-21,3218.625732421875,3235.976814537357,3192.5991092486524,3192.5991092486524,53244600,3293.235803222656,80.27625196735637,3453.7883071573688,3132.6832992879436,0.2676458822743719,9.750440814326202,False,25.02664147417653,83.6354976175744,32268970.0,1.6500247761239357,10398404.211865157
2018-03-22,3088.492919921875,3244.652674299947,3079.8173780119823,3235.9771323900545,65698800,3278.0535888671875,88.84327534333528,3455.740139553858,3100.367038180517,-0.033413103616323894,10.840979005964002,False,26.894016454255592,89.43548323688802,33887810.0,1.9387148358067399,10398404.211865157
2018-03-23,3027.764404296875,3045.1154897083184,2993.0622334739883,3019.088861591153,53481400,3258.533642578125,98.7721445307917,3456.0779316397084,3060.989353516542,-0.08409493733658209,12.124735278490958,False,29.068324390813054,89.86371203767364,35060290.0,1.5254123682376843,10398404.211865157
2018-03-26,3175.24853515625,3192.5996200478144,3027.7643135779545,3027.7643135779545,32974600,3246.8216552734375,93.68718595136698,3434.1960271761714,3059.4472833707036,0.3090103801539595,11.542018120915468,False,28.977555442029306,95.21882592568694,35952370.0,0.9171745840399395,10398404.211865157
2018-03-27,3192.599609375,3244.6528638756795,3149.2218972911005,3192.599609375,44409200,3235.9772216796873,86.1137716456252,3408.2047649709375,3063.749678388437,0.3740688873691579,10.644546082549533,False,28.285292286793613,95.23397882989352,37016770.0,1.1997048905131378,10398404.211865157
2018-03-28,3087.501220703125,3212.429015760477,3051.807564972453,3212.429015760477,49024600,3221.613000488281,85.70045116764007,3393.0139028235612,3050.212098153001,0.10877749779047856,10.640688519030798,False,28.324772586763697,99.90451254118855,37606560.0,1.3036183048914871,10398404.211865157
2018-03-29,3096.4248046875,3132.1184623784225,3007.1906604601945,3132.1184623784225,38270000,3209.4300537109375,85.29054480350051,3380.0111433179386,3038.8489641039364,0.16876384339029493,10.629992662389693,False,28.641778525889556,101.69189035383422,38064670.0,1.0053942409063312,10398404.211865157
2018-03-30,3096.4248046875,3096.4248046875,3096.4248046875,3096.4248046875,0,3198.9822021484374,85.71536537733648,3370.4129329031102,3027.5514713937646,0.20087802516661116,10.717829604649873,False,28.936141183649283,94.42818389998892,36414600.0,0.0,10398404.211865157
2018-04-02,3114.271728515625,3114.271728515625,3078.578069736076,3114.271728515625,13011400,3188.9929321289064,83.20338702555232,3355.399706180011,3022.586158077802,0.27548629243201933,10.436321283409981,False,28.972894968199135,90.23286067710036,35559220.0,0.365907913615653,10398404.211865157
2018-04-03,3078.578125,3114.27178442029,3069.6547101449273,3096.424954710145,29600400,3183.725634765625,86.79804645530504,3357.321727676235,3010.129541855015,0.1971489737969836,10.90521689526111,False,29.073820050409388,86.97459021983337,35119950.0,0.8428371908274357,10398404.211865157
2018-04-04,2953.650390625,3105.348446941088,2944.726975547583,3087.5016167862536,45351800,3173.9470703125,100.78006410411088,3375.5071985207214,2972.386942104278,-0.04647881415297181,12.700913011027398,False,29.995758798697526,92.23508173223846,35059480.0,1.2935673889059394,10398404.211865157
2018-04-05,2926.8798828125,3016.114025581174,2909.0330542587653,2998.267197027439,43163200,3158.0584106445312,113.31596971334272,3384.690350071217,2931.4264712178456,-0.010030775928686727,14.352612267258994,False,31.05388318623569,93.2955024172506,34999380.0,1.2332561319657662,10398404.211865157
2018-04-06,2962.57373046875,2998.267389871988,2909.0332413638935,2926.8800710655123,29745000,3143.0869018554686,118.52078286945262,3380.128467594374,2906.0453361165632,0.11923730375298652,15.083360603168295,False,32.036427260378275,93.00540570945375,35554460.0,0.8366039028577568,10398404.211865157
2018-04-09,3033.9609375,3042.8843520220585,2962.573621323529,2962.573621323529,22361400,3132.552294921875,118.3815359300741,3369.315366782023,2895.7892230617267,0.29179321199187885,15.116304506326072,False,32.26601422024041,92.09864320867344,35535300.0,0.6292728638846443,10398404.211865157
2018-04-10,3114.271728515625,3149.9653872951735,3042.8844109565275,3051.8078256514145,39371400,3127.768359375,117.01451967463495,3361.79739872427,2893.7393200257297,0.4711646236362314,14.96460175177643,False,31.071194719511617,93.80620082199488,35797500.0,1.0998365807668133,10398404.211865157
2018-04-11,3060.7314453125,3167.8124288219756,3060.7314453125,3158.889013529519,27757600,3116.83720703125,112.22190161361789,3341.2810102584854,2892.3934038040143,0.37501155988266205,14.40202284039182,False,29.751333926437756,94.75439958538637,35773190.0,0.7759330381215653,10398404.211865157
2018-04-12,3087.501220703125,3114.271462501129,3042.8841510397847,3087.501220703125,16139400,3108.1120727539064,107.0036937390918,3322.11946023209,2894.1046852757227,0.4518454659587802,13.770892584871627,False,28.69257458262401,93.0853218622405,35396330.0,0.45596252492843187,10398404.211865157
2018-04-13,3149.96533203125,3158.888746569582,3096.424844801257,3105.3482593395893,17638400,3100.3412475585938,97.10944459560785,3294.5601367498093,2906.122358367378,0.627752981904349,12.528871739145226,False,27.158517151194552,91.53547929111312,33441900.0,0.5274341469832755,10398404.211865157
2018-04-16,3149.96533203125,3149.96533203125,3149.96533203125,3149.96533203125,0,3091.2691162109377,81.62794079510138,3254.5249978011407,2928.0132346207347,0.6797675380775827,10.562385573877869,False,25.73403525058148,84.99723077031933,32633500.0,0.0,10398404.211865157
2018-04-17,3149.96533203125,3149.96533203125,3149.96533203125,3149.96533203125,0,3088.2698608398437,78.06184196891266,3244.393544777669,2932.1461769020184,0.6975852402252305,10.110753980247567,False,24.41130205715506,78.9260000010108,31062160.0,0.0,10398404.211865157
2018-04-18,3132.118408203125,3212.42913661859,3105.34816539797,3194.58230808182,42338600,3083.9444946289063,72.66912696121375,3229.282748551334,2938.6062407064787,0.6657303300201021,9.425477934220492,False,22.95651627524713,80.93706937384002,30516860.0,1.3873838920518036,10398404.211865157
2018-04-19,3132.118408203125,3132.118408203125,3132.118408203125,3132.118408203125,0,3086.125769042969,73.46324425316975,3233.0522575493083,2939.1992805366294,0.6565158183106368,9.52174340917431,False,21.60564376347548,75.15585013285144,27231920.0,0.0,10398404.211865157
2018-04-20,3132.118408203125,3132.118408203125,3132.118408203125,3132.118408203125,0,3091.343469238281,72.80287115620149,3236.949211550684,2945.737726925878,0.6400183066865576,9.42022416863829,False,20.351262145401808,69.78757512336206,24557850.0,0.0,10398404.211865157
2018-04-23,3114.271728515625,3149.9653872951735,3078.578069736076,3114.271728515625,44285800,3088.29462890625,70.33926782408138,3228.973164554413,2947.6160932580874,0.5923278718025029,9.110434887359531,False,19.3598362884194,69.90184244020031,25123410.0,1.7627304573702376,10398404.211865157
2018-04-24,2989.34423828125,3132.118888467817,2980.4208226445894,3114.2720571944965,47569000,3078.1318603515624,69.14921049245237,3216.430281336467,2939.833439366658,0.17899987057696182,8.985867224616502,False,19.55055370193394,75.74442982470228,25281400.0,1.8815809251069957,10398404.211865157
2018-04-25,2989.34423828125,2989.34423828125,2989.34423828125,2989.34423828125,0,3073.224011230469,71.8786880728675,3216.981387376204,2929.4666350847338,0.20825923789752135,9.355476569257771,False,19.72764844305458,70.33411340865212,22830170.0,0.0,10398404.211865157
2018-04-26,2989.34423828125,2989.34423828125,2989.34423828125,2989.34423828125,0,3067.869982910156,74.0158579346835,3215.901698779523,2919.838267040789,0.2347671606461604,9.650455638210932,False,19.89209355980946,65.31024816517697,20916670.0,0.0,10398404.211865157
2018-04-27,2989.34423828125,2989.34423828125,2989.34423828125,2989.34423828125,0,3062.5159545898437,75.69544226981398,3213.906839129472,2911.1250700502155,0.2583351318307404,9.886700137038378,False,20.044792596796135,60.645230439092906,20916670.0,0.0,10398404.211865157
2018-04-30,2873.339599609375,2935.8035039487095,2873.339599609375,2909.033259231852,46437600,3050.469348144531,85.55478953651412,3221.5789272175593,2879.359769071503,-0.01759156177795994,11.21857390090524,False,21.35130282685418,64.59947388429163,22587980.0,2.0558544854387155,10398404.211865157
2018-05-01,2873.339599609375,2873.339599609375,2873.339599609375,2873.339599609375,0,3040.207421875,93.90687439235771,3228.021170659715,2852.3936730902847,0.05576249517041472,12.355324668530944,False,22.564490897622363,59.98522574969937,21107960.0,0.0,10398404.211865157
2018-05-02,2855.492919921875,2909.03341217041,2828.7226737976075,2873.339750671387,26325800,3035.2995483398436,100.9682345109576,3237.236017361759,2833.363079317928,0.05479406644855508,13.305867563045929,False,24.06684699398618,61.43704807992102,20156660.0,1.306059634879985,10398404.211865157
2018-05-03,2757.335205078125,2846.5693541097794,2748.411790174959,2846.5693541097794,32683400,3026.822314453125,116.47660383762414,3259.7755221283733,2793.8691067778764,-0.07841467834751163,15.392592195643145,False,26.033679933058107,64.69733962756351,19632670.0,1.6647455491280605,10398404.211865157
2018-05-04,2668.101318359375,2739.488644603104,2605.637407896112,2694.8715657007733,47915000,3012.0986938476562,141.0461585531133,3294.191010953883,2730.0063767414294,-0.1097248216773359,18.73061581165403,False,28.598656042792655,70.9116580243099,20541170.0,2.3326324644603984,10398404.211865157
2018-05-07,2614.560791015625,2694.8715320365827,2614.560791015625,2668.101285029597,45072800,2991.1286865234374,166.50430061716742,3324.1372877577724,2658.1200852891025,-0.06540265643592973,22.26641753895169,False,30.98041957326045,71.58302109549903,21676740.0,2.0793163547655227,10398404.211865157
2018-05-08,2614.560791015625,2632.407622353616,2569.9437126706484,2614.560791015625,34080000,2966.1431396484377,183.6621011301756,3333.467341908789,2598.8189373880864,0.021427738127068913,24.767800134142444,False,33.387429629458794,70.93165599460393,21412170.0,1.5916182245891004,10398404.211865157
2018-05-09,2873.339599609375,2882.263014514994,2623.483982252038,2632.407397157657,84378800,2956.773547363281,183.36235978363618,3323.4982669305537,2590.0488277960085,0.38624444535351155,24.805735961369198,False,32.06569453936284,84.98669653065859,24243230.0,3.480509816554972,10398404.211865157
2018-05-10,2873.339599609375,2873.339599609375,2873.339599609375,2873.339599609375,0,2946.065466308594,181.57086245878693,3309.2071912261677,2582.92374139102,0.3998657249924582,24.652658202642638,False,30.838369098559447,78.91621820704012,23436260.0,0.0,10398404.211865157
2018-05-11,2953.650390625,3051.8079564765862,2909.0333152379153,2909.0333152379153,59191400,2936.249719238281,175.16112609623602,3286.5719714307534,2585.927467045809,0.5248352356691842,23.86188408275795,False,29.216318788492394,86.02708525419519,25513910.0,2.3199658539204693,10398404.211865157
2018-05-14,2926.8798828125,2971.4969541968367,2873.3393971512955,2873.3393971512955,25569800,2925.0954467773436,167.7830768411284,3260.6616004596003,2589.529293095087,0.5026588438905046,22.94394557633728,False,27.390679110880495,86.8935475250056,26792400.0,0.9543676564996043,10398404.211865157
2018-05-15,2882.26318359375,2953.6505070264125,2873.3397681646675,2926.880260739164,25320200,2911.710339355469,159.3666695775674,3230.4436785106036,2592.9770002003343,0.4538059685883905,21.89320378796257,False,25.69544226738373,86.42334690620127,28058410.0,0.9024103646642843,10398404.211865157
2018-05-16,2855.492919921875,2900.1099967956543,2712.7182739257814,2846.5695045471193,58816400,2897.8790649414063,151.01613201888196,3199.9113289791703,2595.8468009036424,0.42983175960593456,20.84505648919279,False,24.913295892596313,93.63537376074925,28882300.0,2.03641676736271,10398404.211865157
2018-05-17,2784.10546875,2891.186448317308,2784.10546875,2855.4927884615386,40817200,2880.47841796875,142.41013443872293,3165.298686846196,2595.658149091304,0.3308179582889555,19.775900218568196,False,24.187017116007997,94.59577417550345,30923160.0,1.319955657830571,10398404.211865157
2018-05-18,2703.794921875,2828.7227400474426,2703.794921875,2793.0290777124587,42973600,2859.0622436523436,134.5662826475426,3128.194808947429,2589.929678357258,0.21154118490435453,18.82663211635986,False,24.081017268653504,96.76234874671339,33071840.0,1.2994015452421153,10398404.211865157
2018-05-21,2605.63720703125,2677.0245277718323,2605.63720703125,2677.0245277718323,43757400,2833.630517578125,131.83133528269107,3097.293188143507,2569.967847012743,0.06764203658792499,18.60953070132318,False,24.586693254814605,96.86201775364457,33045420.0,1.3241592934815172,10398404.211865157
2018-05-22,2543.173095703125,2677.0243112664475,2543.173095703125,2605.636996299342,55586800,2811.3219604492188,141.49127459977643,3094.3045096487717,2528.339411249666,0.026209539237345064,20.13163580555074,False,25.399235323950016,99.50410331147872,33446310.0,1.6619710814137643,10398404.211865157
2018-05-23,2569.943359375,2703.7945760091143,2561.0199449327256,2561.0199449327256,94261400,2790.351916503906,144.75981518585118,3079.8715468756086,2500.8322861322035,0.11935472761219602,20.751477880571287,False,25.850836587493266,103.86963023965805,38159380.0,2.4702026081136537,10398404.211865157
2018-05-24,2739.48828125,2757.335110443811,2605.637062296417,2605.637062296417,53658400,2777.8591186523436,137.270467376578,3052.4000534054994,2503.3181838991877,0.4301181854049499,19.766368489295257,False,25.67791178705083,109.83549601316899,40842300.0,1.3137947667002103,10398404.211865157
2018-05-25,2846.56884765625,2846.56884765625,2721.6410612387344,2748.4113011853447,40285400,2770.720349121094,129.166614859061,3029.053578839216,2512.387119402972,0.6468036044335402,18.64736943228993,False,24.62233719011067,110.9135167563366,42856570.0,0.9400052314032598,10398404.211865157
2018-05-28,3060.7314453125,3096.425106482325,2828.7226477086374,2846.5694782935498,86863600,2780.08994140625,143.05247723905813,3066.1948958843664,2493.984986928134,0.9904520168449508,20.58242434655881,False,23.94156103041812,122.11272690043312,44877870.0,1.9355553193589625,10398404.211865157
2018-05-29,3060.7314453125,3060.7314453125,3060.7314453125,3060.7314453125,0,2789.4595336914062,155.11024660040897,3099.6800268922243,2479.239040490588,0.9372243574596613,22.242336872353945,False,23.30941173927504,113.3903892646879,44877870.0,0.0,10398404.211865157
2018-05-30,3087.501220703125,3141.041704299133,2962.573425645773,3007.190495309113,95135200,2801.059948730469,168.41390584017321,3137.887760410815,2464.2321370501227,0.9252043062353954,24.050025193713367,False,21.92926634458293,118.03880993530733,48318340.0,1.968925256952122,10398404.211865157
2018-05-31,3025.03759765625,3123.195159822087,2989.343938686855,3123.195159822087,95773400,2814.445068359375,175.25508257330839,3164.9552335059916,2463.9349032127584,0.8004085904452802,24.907941468613533,False,20.6477027637974,119.1682678781591,51472840.0,1.8606589416865282,10398404.211865157
2018-06-01,3025.03759765625,3025.03759765625,3025.03759765625,3025.03759765625,0,2832.291882324219,177.7246658599286,3187.741214044076,2476.842550604362,0.7711296634029701,25.099767007641198,False,19.457679438782268,110.65624874400488,49077090.0,0.0,10398404.211865157
2018-06-04,3025.03759765625,3051.8078418832965,2944.726864975111,2944.726864975111,69138600,2852.81572265625,174.93677090254363,3202.689264461337,2502.9421808511624,0.7461201754660604,24.528295958725366,False,18.449621392640772,110.40087218430352,50280380.0,1.375061206776878,10398404.211865157
2018-06-05,2953.650390625,3007.1908810895015,2944.726975547583,2998.2674660120847,48378400,2869.7702026367188,166.87652738469106,3203.523257406101,2536.0171478673365,0.6256620528106343,23.259914989899404,False,17.51356749265224,108.25156860747234,50995300.0,0.9486835061270352,10398404.211865157
2018-06-06,2944.726806640625,2980.4204649029357,2909.0331483783143,2926.87997750947,40252000,2873.339562988281,167.71822825174132,3208.7760194917637,2537.9031064847986,0.6064094886949217,23.348194611195044,False,16.943305841970236,105.61840774441156,48788960.0,0.8250227100557175,10398404.211865157
2018-06-07,3016.1142578125,3025.0376727764424,2944.726938100962,2944.726938100962,28292200,2880.4782958984374,170.72971267336365,3221.9377212451645,2539.0188705517103,0.6986121217423332,23.70852270145115,False,15.974290771126316,103.81072620094055,50203570.0,0.5635495643038931,10398404.211865157
2018-06-08,2873.339599609375,2998.2674082880435,2873.339599609375,2980.420578476805,69727800,2876.462756347656,169.86037228472682,3216.1835009171095,2536.7420117782026,0.4954033470310457,23.620729579743184,False,15.683567231095092,106.59386420109658,50730390.0,1.374477901707438,10398404.211865157
2018-06-11,2873.339599609375,2873.339599609375,2873.339599609375,2873.339599609375,0,2873.7857421875,169.44536687492493,3212.67647593735,2534.89500843765,0.49934176043530537,23.5849686895509,False,15.413609658208953,98.98001675816111,49451900.0,0.0,10398404.211865157
2018-06-12,2873.339599609375,2873.339599609375,2873.339599609375,2873.339599609375,0,2873.339562988281,169.4336176897091,3212.2067983676993,2534.472327608863,0.5000000540345746,23.58699540732285,False,15.162934769100398,91.9100155611496,48185890.0,0.0,10398404.211865157
2018-06-13,2873.339599609375,2873.339599609375,2873.339599609375,2873.339599609375,0,2874.231896972656,169.38166765240655,3212.9952322774693,2535.468561667843,0.49868300776635366,23.572442826316315,False,14.93016522921388,85.34501444963892,45245070.0,0.0,10398404.211865157
2018-06-14,2873.339599609375,2873.339599609375,2873.339599609375,2873.339599609375,0,2878.693603515625,168.05273671371185,3214.799076943049,2542.588130088201,0.4920352324946501,23.35125023496441,False,14.714022085033543,79.24894198895043,43204210.0,0.0,10398404.211865157
2018-06-15,2873.339599609375,2873.339599609375,2873.339599609375,2873.339599609375,0,2887.1708374023438,162.9650544802379,3213.1009463628197,2561.2407284418678,0.478781896160066,22.57781941672167,False,14.513317736866085,73.58830327545398,41055530.0,0.0,10398404.211865157
2018-06-18,2873.339599609375,2873.339599609375,2873.339599609375,2873.339599609375,0,2900.55595703125,149.02162686786278,3198.5992107669754,2602.5127032955243,0.45434159793798334,20.550767380524942,False,14.326949413567732,68.33199589863584,38867660.0,0.0,10398404.211865157
2018-06-19,2873.339599609375,2873.339599609375,2873.339599609375,2873.339599609375,0,2917.0642822265627,123.43956218534828,3163.943406597259,2670.1851578558662,0.4114451602000707,16.92654672541233,False,14.153893113362118,63.45113904873328,36088320.0,0.0,10398404.211865157
2018-06-20,2685.947998046875,2801.952396633617,2685.947998046875,2784.1055660818106,124367800,2922.8645141601564,108.03462716324717,3138.933768486651,2706.795259833662,-0.04824208296494924,14.784760174802624,True,15.851592265091085,72.30402922828804,37593640.0,3.3082138361701605,10398404.211865157
2018-06-21,2641.33056640625,2730.564707163218,2641.33056640625,2677.024222709037,38436200,2917.9566284179687,118.52401638756302,3155.0046611930948,2680.9085956428426,-0.08348103288023902,16.24753640725953,True,17.740174468581387,73.51332290890804,36832530.0,1.0435395016307596,10398404.211865157
2018-06-22,2641.33056640625,2677.024222709037,2596.7134960277663,2632.4071523305533,56812000,2907.694714355469,133.0276053839663,3173.7499251234017,2641.639503587536,-0.0005805884808541749,18.300078715581915,False,19.78432908219838,73.99885174979109,37658860.0,1.5085958523439105,10373671.571633846
2018-06-25,2605.63720703125,2677.0245277718323,2578.8669617535315,2677.0245277718323,47743200,2884.9400024414062,143.94690002561805,3172.8338024926425,2597.04620239017,0.01492044052277442,19.958390802415547,False,21.795352879971716,75.72447419754178,35702840.0,1.337238158084903,10234467.470071346
2018-06-26,2552.096435546875,2596.7135060983937,2552.096435546875,2569.943263767482,45583800,2859.508251953125,155.70556229984902,3170.9193765528235,2548.097127353427,0.006421267381807531,21.780746699156797,False,23.831669840670507,74.13992400374416,37982030.0,1.2001412246791443,10025658.461282283
2018-06-27,2516.403076171875,2587.7903974817154,2498.5562458444147,2552.096736826795,45340600,2830.9533447265626,163.84731881994753,3158.6479823664577,2503.2587070866675,0.020055819618952496,23.150832792798752,False,26.038909365179006,75.21808312042678,35492300.0,1.2774770865793426,9912373.481828619
2018-06-28,2427.168701171875,2543.1730876249426,2427.168701171875,2498.556015912224,59204200,2801.0598999023437,180.28835296347464,3161.636605829293,2440.4831939753944,-0.01846277447303665,25.7457333161294,False,28.455336469607385,78.1313905013297,33663840.0,1.7586882542217406,9912373.481828619
2018-06-29,2516.403076171875,2525.326491335605,2436.0923396983044,2445.0157548620346,63937600,2775.628173828125,182.886498948372,3141.401171724869,2409.855175931381,0.14564757493467578,26.356051674765414,False,30.69916163800516,79.5618476200726,36860720.0,1.7345727375916693,9912373.481828619
2018-07-02,2516.403076171875,2578.8669823179853,2498.5562458444147,2543.173321663065,36233600,2750.1964477539063,181.7399957707945,3113.6764392954956,2386.716456212317,0.17839581679521307,26.433020218497077,False,31.757006778006726,79.61533968103674,35215470.0,1.0289114414772826,9912373.481828619
2018-07-03,2480.709228515625,2534.249715462005,2409.321912587118,2516.4028864798784,43162800,2726.5493896484377,184.61984875252801,3095.7890871534937,2357.3096921433817,0.16709949824741369,27.084761340242284,False,33.27967686893915,82.8519441948832,34954690.0,1.2348214216747453,9912373.481828619
2018-07-04,2569.943359375,2596.7136027018228,2427.168728298611,2507.4794582790796,56031800,2707.8102172851563,180.27847089990178,3068.36715908496,2347.253275485353,0.30881402917669265,26.630887164706618,False,33.65764722184443,89.04429635262096,35743680.0,1.5676002023294748,9912373.481828619
2018-07-05,2534.249755859375,2596.7136582925286,2480.7092680595288,2596.7136582925286,36731000,2683.7169921875,168.73654282136908,3021.1900778302384,2346.243906544762,0.2785493974379384,25.149677602008513,False,34.00861879360142,90.9700173440766,36165620.0,1.015633079150862,9912373.481828619
2018-07-06,2480.709228515625,2552.096544444132,2462.862399533498,2552.096544444132,34994000,2664.0854736328124,168.35361988404557,3000.7927134009037,2327.378233864721,0.22769185889277485,25.277510282652383,False,34.46808208252077,90.84602645597359,34428930.0,1.0164126506400286,9912373.481828619
2018-07-09,2569.943359375,2605.637017144097,2471.7858005099824,2498.556043836805,51496800,2648.915661621094,162.05731113315758,2973.030283887409,2324.801039354779,0.3781722624948331,24.471494276866647,False,33.99653357489473,93.91782575441223,37003770.0,1.391663606167696,9912373.481828619
2018-07-10,2605.63720703125,2632.4074523089685,2534.2498862906677,2605.63720703125,54029400,2635.5305419921874,153.36790336730678,2942.266348726801,2328.794735257574,0.4512718530008448,23.276968477303484,False,33.138579010870494,94.22066434469,39705240.0,1.3607624585571074,9912373.481828619
2018-07-11,2561.02001953125,2569.9434342334494,2516.4029460202523,2552.09660482905,36394400,2619.9145629882814,143.45988912181159,2906.8343412319045,2332.9947847446583,0.39736757811268036,21.902987394853188,False,32.52003996093334,93.86449267799769,41524960.0,0.8764463590091357,9912373.481828619
2018-07-12,2507.479736328125,2578.8670597823066,2507.479736328125,2534.249982623443,53100400,2601.6215698242186,132.3390233715339,2866.299616567286,2336.943523081151,0.32215783542584403,20.347159618679736,False,31.79522476539201,92.25898059058225,44179980.0,1.201910910779045,9912373.481828619
2018-07-13,2587.790283203125,2605.637112742457,2525.3263798154635,2534.249794585129,50913800,2587.344104003906,115.85890266453227,2819.0619093329706,2355.6262986748416,0.5009627641660624,17.911634171155047,False,30.66909833727249,92.68029457799294,46725670.0,1.089632315598685,9912373.481828619
2018-07-16,2623.48388671875,2632.407301299426,2578.86681381537,2605.637057557398,47717000,2574.851318359375,94.98855546876688,2764.828429296909,2384.874207421841,0.6279958625525309,14.756355800658968,True,29.185223579950307,89.88459407128316,49111520.0,0.9716050327906772,9912373.481828619
2018-07-17,2650.25439453125,2659.1778100010524,2596.713901712437,2605.6373171822393,48973600,2563.697058105469,67.09604551339773,2697.8891491322643,2429.5049670786734,0.8225128089273809,10.468638687440023,True,27.38446919744713,87.92597365823548,51560200.0,0.9498333986291753,9912373.481828619
2018-07-18,2632.407470703125,2650.2543010129766,2587.7903949284955,2641.330885858051,37139200,2561.0200317382814,62.89850062080114,2686.8170329798836,2435.2230304966793,0.7837406228298672,9.82397635962402,True,25.842465288011926,86.10726122570112,47198770.0,0.7868679628727613,9912373.481828619
2018-07-19,2632.407470703125,2694.8713767876056,2632.407470703125,2659.1777161679024,87599600,2560.573876953125,62.327914506563154,2685.229705966251,2435.918047939999,0.7881276965493371,9.736553991674429,True,24.282958768514984,84.41845014418537,49656940.0,1.7640958142003917,9912373.481828619
2018-07-20,2587.790283203125,2641.3307718211204,2569.943453663793,2614.560527512123,52653000,2557.896862792969,59.77429978875124,2677.4454623704714,2438.3482632154664,0.6250262258019024,9.347413597197765,True,23.172962096325065,83.48765500226693,49448990.0,1.0647942455447523,9912373.481828619
2018-07-23,2605.63720703125,2668.1011126792596,2596.7137919386773,2605.63720703125,38023200,2557.896862792969,59.77429978875124,2677.4454623704714,2438.3482632154664,0.6996691906346061,9.347413597197765,True,21.72624942310508,83.26073889325748,48962990.0,0.7765702217123587,9912373.481828619
2018-07-24,2623.48388671875,2668.10095962213,2605.637057557398,2605.637057557398,39779600,2561.4662353515623,61.51575567601719,2684.497746703597,2438.4347239995277,0.7520397038354437,9.606334813556384,True,20.38287336940081,81.77525054836283,48672780.0,0.8172863764921584,9912373.481828619
2018-07-25,2605.63720703125,2641.330867401541,2596.7137919386773,2623.484037216396,34586400,2565.927941894531,61.311038608497036,2688.550019111525,2443.305864677537,0.6619172747597836,9.55771790898049,True,19.276111638587697,79.1210951851129,48135070.0,0.7185280918880974,9912373.481828619
2018-07-26,2703.794921875,2703.794921875,2623.4841816212875,2623.4841816212875,57461200,2579.7592529296876,59.537206250325106,2698.833665430338,2460.684840429037,1.0208325883809626,9.231436023762626,True,18.543783589517595,80.48085373215841,48047920.0,1.1959144121119083,9912373.481828619
2018-07-27,2659.177978515625,2712.718474727349,2659.177978515625,2712.718474727349,26280400,2586.897998046875,60.097725168063086,2707.093448383001,2466.7025477107486,0.8006768570133871,9.292631594046195,True,17.99371431515524,78.55654248069882,46165060.0,0.5692703529465791,9912373.481828619
2018-07-30,2677.0244140625,2685.9478287760417,2641.3307552083334,2659.1775846354167,26875200,2594.929064941406,60.90815820453943,2716.745381350485,2473.1127485323273,0.8369636824569728,9.388797409136842,True,17.15600414134387,76.1322947011995,45697140.0,0.5881155800997612,9912373.481828619
2018-07-31,2641.33056640625,2685.947636784734,2614.5603241791596,2685.947636784734,51961200,2602.9601318359373,55.39486893266972,2713.7498697012766,2492.170393970598,0.673167819103203,8.512595833513307,True,15.957664687169224,75.79336740865486,46137060.0,1.1262356118920451,9912373.481828619
2018-08-01,2793.028564453125,2819.798806284944,2632.4071134622104,2641.3305274061504,70371600,2614.114392089844,69.14926264205744,2752.412917373959,2475.815866805729,1.1468404923180742,10.580908448581908,True,16.596808399070074,83.76467636680334,46854050.0,1.5019320635035818,9912373.481828619
2018-08-02,2784.10546875,2828.722543569712,2748.411808894231,2775.182053786058,45352400,2626.607177734375,76.17431605949808,2778.955809853371,2474.258545615379,1.0169009029651364,11.600412380690067,False,17.285583419938707,83.5179662459946,47285120.0,0.9591262536713452,9912373.481828619
2018-08-03,2819.79931640625,2819.79931640625,2748.411991940269,2784.1056541732596,40284200,2643.5616821289063,79.64919419706885,2802.860070523044,2484.2632937347685,1.0531682901941686,12.051800377576368,False,17.92516022503101,82.65149183313648,47549630.0,0.8472032274488781,9912373.481828619
2018-08-06,2926.8798828125,2944.7267113662347,2819.7989114900915,2828.722325766959,56627400,2661.4085083007812,99.74051858220923,2860.8895454651997,2461.927471136363,1.165405038707787,14.990636465033347,False,19.69845282793203,85.67122812192267,47806160.0,1.1845209906003744,9912373.481828619
2018-08-07,2891.1865234375,2935.8035994164734,2855.4928626543206,2926.880184220679,54457200,2675.6859741210938,111.12482963903368,2897.935633399161,2453.4363148430266,0.9848163772588359,16.612536854297446,False,21.345081673482976,85.2883358819391,47827550.0,1.138615714164744,9912373.481828619
2018-08-08,2891.1865234375,2962.573845003858,2873.3396930459103,2953.650429808063,38430800,2692.194299316406,117.53331825091996,2927.2609358182463,2457.127662814566,0.9232676892867698,17.462828486155512,False,23.089598159823264,85.5701798873683,47929370.0,0.801821513614721,9912373.481828619
2018-08-09,2837.645751953125,2891.186237839033,2801.952094695853,2855.4925805817606,63746200,2708.702600097656,113.33548533420662,2935.3735707660694,2482.031629429243,0.7844280224221873,16.736497440526776,False,23.340827596022812,85.83191194838822,48461660.0,1.3153944788519418,9912373.481828619
2018-08-10,2846.56884765625,2909.032740865008,2819.7986077096393,2819.7986077096393,44564400,2721.6415283203123,113.5764776079896,2948.7944835362914,2494.488573104333,0.7749850188326972,16.692349293785856,False,23.75329853657314,86.07492774888682,48144190.0,0.925644402782558,9912373.481828619
2018-08-13,2641.33056640625,2810.875433844489,2632.4071523305533,2801.9520197687925,76200600,2722.5338623046873,112.83236560932068,2948.198593523329,2496.869131086046,0.3200797806109957,16.5775518419162,False,22.547868755446974,95.22398257580181,49568370.0,1.5372827470421158,9912373.481828619
2018-08-14,2605.63720703125,2650.254282494114,2569.943546660959,2623.484037216396,59987200,2720.3030029296874,114.76123582932338,2949.825474588334,2490.7805312710407,0.250207909775013,16.874772509640117,False,22.033611752770224,94.15875066561276,50119050.0,1.196894194921891,9912373.481828619
2018-08-15,2632.407470703125,2650.2543010129766,2471.7859979144596,2623.484055548199,91331800,2720.3030029296874,114.76123582932338,2949.825474588334,2490.7805312710407,0.30852521412961365,16.874772509640117,False,22.362733933145865,100.18086155367735,52828680.0,1.7288298704415859,9912373.481828619
2018-08-16,2525.326171875,2623.483726258834,2516.402757840106,2596.713484154152,62182200,2714.948937988281,121.38449210912188,2957.717922206525,2472.179953770037,0.10945841841391392,17.883871097636966,False,22.66834738635182,101.31113664720175,51557810.0,1.206067519159561,9912373.481828619
2018-08-17,2525.326171875,2525.326171875,2525.326171875,2525.326171875,0,2711.825732421875,125.56023617302304,2962.946204767921,2460.705260075829,0.12866516058101993,18.52039895806841,False,22.952131307185915,94.07462688668734,48925160.0,0.0,9912373.481828619
2018-08-20,2596.7138671875,2632.4075285921394,2552.0967904317013,2596.7138671875,45915000,2711.3795654296873,125.97260406889735,2963.324773567482,2459.4343572918924,0.2724392158721394,18.584281695570553,False,21.824300963252067,95.00367901743392,49319750.0,0.9309657895670599,9912373.481828619
2018-08-21,2632.407470703125,2641.330885858051,2569.943564618644,2605.637225238347,32475600,2711.8257446289062,125.66031958250589,2963.146383793918,2460.5051054638943,0.34199810610533093,18.53516138806355,False,20.672810835060808,93.31679631900343,48954550.0,0.6633826682095945,9912373.481828619
2018-08-22,2632.407470703125,2632.407470703125,2632.407470703125,2632.407470703125,0,2713.1642578125,124.60785368493161,2962.3799651823633,2463.948550442637,0.3379781355644583,18.37085290005953,False,19.603570001740355,86.65131086764605,47225230.0,0.0,9912373.481828619
2018-08-23,2694.871337890625,2694.871337890625,2578.866942550962,2632.4074327077296,53901400,2712.7180786132812,124.65913350225829,2962.036345617798,2463.3998116087646,0.46420891871045106,18.381435872021473,False,18.54742996642746,88.74795975850441,47047240.0,1.14568676079617,9912373.481828619
2018-08-24,2650.25439453125,2677.024640940657,2614.560732652041,2659.1778100010524,33672800,2712.2718994140623,124.87662959017206,2962.0251585944065,2462.518640233718,0.3758424512930377,18.416535542347283,False,17.566728505065484,88.14529157851008,47416860.0,0.71014402893823,9912373.481828619
2018-08-27,2739.48828125,2739.48828125,2659.17754987785,2677.0243790716613,30290000,2715.3950927734377,124.7297160430989,2964.8545248596356,2465.9356606872398,0.548290794769863,18.373711637771738,False,17.359670919032848,88.22304837424151,47587600.0,0.6365103514360884,9912373.481828619
2018-08-28,2810.875732421875,2819.7991474454366,2757.335242280506,2766.2586573040676,54147200,2723.872351074219,125.19169712156275,2974.2557453173445,2473.488956831093,0.6737403185435986,18.38437062914357,False,17.931330123226104,87.65789250432687,47696900.0,1.1352352039650375,9912373.481828619
2018-08-29,2801.9521484375,2810.87556292297,2739.4882470392117,2810.87556292297,25725200,2724.3185302734373,125.46673933865185,2975.252008950741,2473.3850515961335,0.654689638411896,18.42174297086456,False,18.201391657698963,86.49572056706519,45464580.0,0.5658294874823434,9912373.481828619
2018-08-30,2721.64111328125,2828.7220751152663,2712.717699795082,2828.7220751152663,35013400,2721.1953125,124.67510444294687,2970.5455213858936,2471.8451036141064,0.5008939250206403,18.326520536066344,False,18.061567887732295,88.60348162085941,44947630.0,0.7789821176333435,9912373.481828619
2018-08-31,2784.10546875,2784.10546875,2650.2542442908657,2677.0244891826924,59789400,2719.4106201171876,123.43866734544407,2966.287954808076,2472.5332854262992,0.6310263024222453,18.156679455804262,False,17.08944060104489,91.83546325216476,45922890.0,1.3019520330710894,9912373.481828619
2018-09-03,2801.9521484375,2801.9521484375,2739.4882470392117,2784.1053194665606,29308200,2713.1642333984373,115.2786667893062,2943.72156697705,2482.606899819825,0.692550619971472,16.995457240701022,False,16.393328176476942,89.73749454831643,44556930.0,0.6577697341356328,9912373.481828619
2018-09-04,2677.0244140625,2775.1819759114583,2677.0244140625,2766.2585611979166,27216800,2702.4561279296877,107.56029634678671,2917.5767206232613,2487.335535236114,0.44088963416112,15.92037631769988,False,15.483001164574622,92.25108310736528,43194910.0,0.6300927586143831,9912373.481828619
2018-09-05,2525.326171875,2641.330554328622,2498.555929770318,2641.330554328622,64997600,2684.1631103515624,104.85034421425122,2893.863798780065,2474.46242192306,0.12127702186653058,15.625033189658625,False,16.286670894462517,98.40946890628075,44523250.0,1.4598574901877108,9912373.481828619
2018-09-06,2596.7138671875,2605.6372825386597,2480.709467622423,2498.5562983247423,83033200,2672.1165161132812,100.01745614936972,2872.151428412021,2472.0816038145417,0.31152627793999244,14.972020201401973,False,17.164569656809473,100.30363647842047,45487600.0,1.825402966962425,9912373.481828619
2018-09-07,2623.48388671875,2641.330715880102,2552.096570073342,2578.86681381537,35350000,2660.962268066406,91.62552816777618,2844.2133244019583,2477.711211730854,0.39774034022748234,13.773292356280722,False,17.507764336422664,99.5129585733019,45026880.0,0.7850865971615177,9912373.481828619
2018-09-10,2596.7138671875,2605.6372825386597,2543.1733750805415,2569.9436211340208,35205400,2658.7314331054686,92.66590573879101,2844.0632445830506,2473.3996216278865,0.3326850489845067,13.941371375077896,False,17.90251093106043,98.14135522079523,42977120.0,0.8191661051275656,9912373.481828619
2018-09-11,2596.7138671875,2596.7138671875,2596.7138671875,2596.7138671875,0,2658.285266113281,92.95602581800951,2844.1973177493,2472.373214477262,0.3344071877429271,13.987366518255115,False,18.269061340366928,91.13125841930986,39977760.0,0.0,9912373.481828619
2018-09-12,2543.173095703125,2632.4072394120067,2534.249681332237,2614.5604106702303,35547000,2653.8235473632812,96.34331287499535,2846.510173113272,2461.1369216132907,0.21287459306147072,14.521434625254962,False,19.157790725453896,91.63313696648557,37188520.0,0.9558594964252409,9912373.481828619
2018-09-13,2623.48388671875,2623.48388671875,2569.943399234694,2569.943399234694,44958800,2658.7314331054686,91.84822074612153,2842.4278745977117,2475.0349916132254,0.404060345153156,13.818352557533863,False,19.98303944017751,90.82439796999553,36327350.0,1.2376019720678773,9912373.481828619
2018-09-14,2685.947998046875,2685.947998046875,2623.4840911155525,2641.330921667359,24322200,2666.7625244140627,86.4320927730452,2839.626709960153,2493.898338867972,0.555492910727008,12.964347891012306,False,19.781263618215,88.79866320986191,37543460.0,0.6478411952441251,9912373.481828619
2018-09-17,2578.866943359375,2685.947923706477,2569.9435283304497,2685.947923706477,22685200,2665.8701782226562,87.28131159364375,2840.4328014099437,2491.3075550353688,0.25079649562227346,13.096108326150297,False,20.110778313230934,90.74193510318787,36381970.0,0.6235286324517336,9912373.481828619
2018-09-18,2578.866943359375,2605.6371884461505,2552.0966982725995,2605.6371884461505,47723200,2663.193151855469,89.16247747359378,2841.5181068026563,2484.8681969082813,0.2635602697304262,13.391815371930274,False,20.58094594647386,88.08468903678524,37144350.0,1.2848037453879257,9912373.481828619
2018-09-19,2561.02001953125,2614.5605077444466,2561.02001953125,2578.8668489356487,34212400,2659.623779296875,91.84821082148211,2843.320200939839,2475.927357653911,0.23161219232328567,13.813714787249198,False,20.871768539629503,85.61724612081461,38854970.0,0.8805154141156202,9912373.481828619
2018-09-20,2605.63720703125,2650.254282494114,2569.943546660959,2569.943546660959,30649200,2655.162072753906,92.21251367406462,2839.5871001020355,2470.737045405777,0.3657317110514217,13.891809410854203,False,20.56411129775503,85.87560446667527,37692360.0,0.8131409123758767,9912373.481828619
2018-09-21,2730.565185546875,2739.488601185917,2641.331029156454,2650.254444795496,84890600,2659.1776123046875,93.72379881987948,2846.6252099444464,2471.7300146649286,0.690420080441313,14.098163039008108,False,19.15021891237643,89.30244658724612,40253250.0,2.108912944917491,9912373.481828619
2018-09-24,2632.407470703125,2721.6416222523835,2614.5606403932734,2712.7182070974573,29753800,2653.8235717773437,91.93601343924257,2837.6955986558287,2469.9515448988586,0.44176356937542255,13.85714022845464,False,18.057337111345213,91.20973934198581,40226440.0,0.7396577972099942,9912373.481828619
2018-09-25,2623.48388671875,2641.330715880102,2587.7902283960457,2587.7902283960457,12861400,2644.4539794921875,84.32134989352201,2813.0966792792315,2475.8112797051435,0.4378268587969779,12.754443911285481,False,17.365623121816704,88.51907849499086,38162150.0,0.33701979579242786,9912373.481828619
2018-09-26,2614.560791015625,2641.331038022611,2605.6373753466296,2605.6373753466296,21784800,2635.0844116210938,75.88906875162846,2786.8625491243506,2483.306274117837,0.4323894042215785,11.51979320540123,False,16.72331255492499,84.74583450791879,37965130.0,0.5738107573976435,9912373.481828619
2018-09-27,2623.48388671875,2685.947788783482,2623.48388671875,2632.407301299426,45618800,2630.176550292969,73.12017213327704,2776.416894559523,2483.9362060264148,0.4771175881464692,11.120192235784684,False,15.575950140831532,83.79163188362865,38495400.0,1.185045485954166,9912373.481828619
2018-09-28,2641.33056640625,2685.947636784734,2623.4837382548567,2632.4071523305533,27470800,2623.037805175781,63.65850436605676,2750.354813907895,2495.7207964436675,0.5718394243339413,9.70759998051813,True,14.510540037196092,82.26822235836072,36879470.0,0.7448805527845167,9912373.481828619
2018-10-01,2677.0244140625,2694.8712434895833,2641.3307552083334,2650.254169921875,26562800,2616.7914184570313,49.79936754927833,2716.390153555588,2517.192683358475,0.8023783160793455,7.612279251304184,True,13.65582427448664,80.21625483871591,36742200.0,0.7229507215136818,9912373.481828619
2018-10-02,2596.7138671875,2677.024605347938,2587.7904518363403,2668.1011899967784,34934600,2612.7758911132814,47.888119758595685,2708.5521306304727,2516.99965159609,0.41614818034853834,7.3313780828237665,True,13.298359636619702,80.86039045820748,37128090.0,0.9409210115575566,9912373.481828619
2018-10-03,2587.790283203125,2632.4073570514547,2587.790283203125,2605.637112742457,24585200,2615.8990966796873,43.74201112855599,2703.3831189367993,2528.4150744225753,0.33934887336368885,6.68863889804877,True,12.966430603551862,78.27158212893049,35107470.0,0.7002840136301477,9912373.481828619
2018-10-04,2462.862548828125,2569.9435292119565,2445.015718764153,2569.9435292119565,123736000,2609.2065307617186,55.49310549408359,2720.192741749886,2498.220319773551,-0.15928902622504967,8.507276804628159,True,14.305275974800823,82.87893800821918,37142610.0,3.331376012617315,9912373.481828619
2018-10-05,2453.939453125,2489.6331178977275,2427.1692045454547,2462.8628693181818,75743200,2600.7293090820312,65.28357863431955,2731.2964663506705,2470.162151813392,-0.06212396374309568,10.040810999644172,False,15.708791620811164,81.42072196136587,39162270.0,1.9340860476167494,9888806.338108696
2018-10-08,2436.09228515625,2471.7859450120195,2418.2454552283657,2436.09228515625,48992200,2592.6982299804686,74.9653352836402,2742.628900547749,2442.7675594131883,-0.022261203233740156,11.56560905033747,False,17.094088910083507,79.42927680581501,39851610.0,1.229365639179948,9817417.666233696
2018-10-09,2436.09228515625,2480.709359975962,2436.09228515625,2436.09228515625,44143600,2584.6671508789063,82.71560674064257,2750.0983643601917,2419.235937397621,0.050946696829180606,12.800968467064013,False,18.203050119448374,76.94269094966478,42058790.0,1.0495689486074136,9817417.666233696
2018-10-10,2480.709228515625,2489.6326430066883,2445.015570551371,2453.9389850424345,41122000,2581.5439575195314,85.49729655403962,2752.5385506276107,2410.549364411452,0.20515228823588416,13.247467091157253,False,19.048922576092014,75.27109572829146,42337540.0,0.9712893096764715,9995885.439671196
2018-10-11,2400.3984375,2436.092094563197,2382.5516089684015,2409.3218517657992,60893800,2570.389685058594,93.87908026655552,2758.147845591705,2382.6315245254827,0.04731329100176198,14.609314815144927,False,20.472223049939448,76.90584742964374,43134290.0,1.4117260304968506,9674642.275608696
2018-10-12,2471.78564453125,2534.249541685469,2418.2451612562045,2418.2451612562045,69904800,2559.6815673828123,92.20346778118552,2744.0885029451833,2375.2746318204413,0.26167945477887483,14.408584092037735,False,20.030371901756695,80.97336576934555,45413420.0,1.53929829552586,9960191.103733696
2018-10-15,2516.403076171875,2543.173321663065,2462.8625851894944,2480.709415516955,55786800,2556.5583740234374,92.57656073746645,2741.7114954983704,2371.4052525485044,0.3915619203940916,14.484560443151107,False,19.480524749782326,80.92603510536162,47068500.0,1.1852257879473533,10138660.830296196
2018-10-16,2587.790283203125,2587.790283203125,2516.4029650457974,2525.3263798154635,54997800,2557.004541015625,92.71113909883641,2742.4268192132977,2371.582262817952,0.5830152193327072,14.503085561515999,False,18.293626781102354,80.24469818050206,47432230.0,1.1595027263107807,10389030.719753278
2018-10-17,2614.560791015625,2632.407622353616,2596.7139596776346,2623.4842066846204,34304800,2559.6815795898438,93.60190564942349,2746.885390888691,2372.4777682909967,0.6465761061300551,14.627117122032352,False,17.393829190112022,77.69988682121554,47436850.0,0.7231677482800818,10389030.719753278
2018-10-18,2569.943359375,2614.5604315863716,2552.096530490451,2614.5604315863716,19334000,2557.8968872070313,93.0180231476585,2743.9329335023485,2371.860840911714,0.5323767151792881,14.546016082645929,False,16.365496822302866,76.61162780006971,46871090.0,0.41249307408895336,10389030.719753278
2018-10-19,2561.02001953125,2587.790263637848,2525.3263607224517,2525.3263607224517,31419600,2549.41962890625,83.71406047833695,2716.847749862924,2381.9915079495763,0.53464289797531,13.134606720550257,False,15.760271952543265,75.60107602259305,44197540.0,0.710890244117659,10389030.719753278
2018-10-22,2561.02001953125,2587.790263637848,2552.09660482905,2569.9434342334494,11799000,2545.8502563476563,81.48154885776648,2708.8133540631893,2382.8871586321234,0.5465435530995915,12.80225318116896,False,15.198277430623635,72.75054622160768,43299800.0,0.272495484967598,10389030.719753278
2018-10-23,2543.173095703125,2578.8667531866777,2534.249681332237,2552.096510074013,17643000,2541.834716796875,79.40678373108622,2700.6482842590476,2383.0211493347024,0.5042136793714705,12.49597909830294,False,14.923489579171314,70.74101233823862,43538880.0,0.40522402046171146,10389030.719753278
2018-10-24,2516.403076171875,2561.0201519905254,2489.632830680685,2534.249906499335,24047400,2536.9268310546877,77.69008890668212,2692.307008868052,2381.5466532413234,0.433956328369424,12.249480427369473,False,15.249735000090915,70.7871772647816,43652010.0,0.5508887219626313,10389030.719753278
2018-10-25,2525.326171875,2543.172999944788,2471.785687665636,2480.70910170053,34361200,2532.0189453125,74.98770177458213,2681.994348861664,2382.0435417633357,0.47768709642009427,11.846309746363634,False,15.771482994708371,70.83004405152234,43089130.0,0.797444738382975,10389030.719753278
2018-10-26,2534.249755859375,2552.0965851259903,2516.4029265927597,2525.326341226067,11779000,2526.664904785156,70.45811893055917,2667.581142646274,2385.748666924038,0.5269126226662901,11.15432739768872,False,16.080215535286552,68.32030222878721,42304540.0,0.27843347309768646,10389030.719753278
2018-10-29,2525.326171875,2561.019828014576,2489.632515735424,2552.096413979682,9894000,2519.0799926757813,60.94249933682792,2640.9649913494372,2397.1949940021254,0.5256232484193673,9.676945474382412,False,16.714551472421068,68.53937437524183,41471100.0,0.23857577927761742,10389030.719753278
2018-10-30,2561.02001953125,2578.8668489356487,2507.479531318053,2525.3263607224517,32280200,2517.295300292969,59.04236709252317,2635.380034478015,2399.2105661079227,0.685141286636432,9.381873804897129,False,16.929596761602532,68.74279889255283,41338380.0,0.7808772380533539,10389030.719753278
2018-10-31,2614.560791015625,2632.407622353616,2561.0202970016535,2578.867128339644,56326400,2518.633825683594,60.99578121367597,2640.625388110946,2396.6422632562417,0.893170492382033,9.687121739043736,False,16.109684069646217,68.93171345896803,42925440.0,1.3121915581995198,10389030.719753278
2018-11-01,2650.25439453125,2668.1012254708544,2614.560732652041,2641.330979061448,64499800,2528.00341796875,66.15252504285104,2660.308468054452,2395.698367883048,0.9620041959218887,10.467157531931594,False,15.163550134025181,67.83234055609984,39963630.0,1.6139624953989415,10389030.719753278
2018-11-02,2775.18212890625,2775.18212890625,2668.101146440414,2677.0245616459006,117606000,2544.0655517578125,83.85418931145587,2711.7739303807243,2376.3571731349007,1.1890430252983886,13.184281238903955,False,15.693630860720054,71.91058297173556,42056770.0,2.7963631063441152,10389030.719753278
2018-11-05,2712.718017578125,2748.411675704153,2685.947773983604,2730.564846641139,39611800,2557.896838378906,87.82707722124684,2733.5509928213996,2382.2426839364125,0.9406988826726127,13.73426416632316,False,16.185848678365293,73.14799525394346,41587750.0,0.952487210777212,10389030.719753278
2018-11-06,2766.2587890625,2828.7226972026206,2739.4885427167337,2739.4885427167337,54707200,2574.405163574219,94.50318058226718,2763.411524738753,2385.398802409685,1.007532191790276,14.683497674633623,False,17.472853495299315,76.20918699469719,42115930.0,1.2989669229671528,10389030.719753278
2018-11-07,2784.10546875,2784.10546875,2748.411808894231,2784.10546875,44942000,2589.5749755859374,102.66937161229855,2794.9137188105346,2384.23623236134,0.9736819026677477,15.858876082793138,False,18.667929396738053,73.31522077048804,42306930.0,1.0622845949824296,10389030.719753278
2018-11-08,2819.79931640625,2882.2632253139836,2810.8759008480024,2819.79931640625,86107000,2610.54501953125,104.80549080649618,2820.1560011442425,2400.9340379182577,0.9991491744963747,16.058790792325063,False,20.602103957128644,75.08968761288058,43567590.0,1.976400347138779,10389030.719753278
2018-11-09,2855.492919921875,2855.492919921875,2801.95242767334,2846.5695045471193,58920600,2629.7303833007813,112.8770577726096,2855.4844988460004,2403.9762677555623,1.000018650990823,17.169373482452396,False,22.222344460169747,73.55045937257017,43018380.0,1.36966106115572,10389030.719753278
2018-11-12,2712.718017578125,2801.952162893195,2712.718017578125,2793.028748361688,62775800,2639.5461303710936,111.02400507323043,2861.5941405175545,2417.4981202246327,0.6647659151702551,16.824711460166313,False,22.152157765069013,78.49506244194016,43367830.0,1.447519970448141,10389030.719753278
2018-11-13,2819.79931640625,2837.646147522745,2668.1012519160404,2677.024667474288,61796000,2651.14658203125,117.2764161989395,2885.6994144291293,2416.593749633371,0.8595197138547214,17.694444659349617,False,21.424427681535146,84.99862195370908,43707740.0,1.4138456941493658,10389030.719753278
2018-11-14,2864.416015625,2909.03308751947,2819.7989437305296,2819.7989437305296,77461200,2663.6393432617188,126.14639525291744,2915.9321337675538,2411.3465527558837,0.8979041017397557,18.943464785806455,False,21.481103388548487,85.30115922765418,45865560.0,1.6888750513457156,10389030.719753278
2018-11-15,2944.726806640625,2962.5736357717806,2828.7224172881156,2828.7224172881156,73903400,2682.378515625,138.70708264196853,2959.792680908937,2404.964350341063,0.9728458814406754,20.68419230678926,False,22.01146193286609,88.76902060308353,48594030.0,1.52083290889848,10389030.719753278
2018-11-16,2962.57373046875,3051.807878976845,2917.956656214703,2953.6503156179406,56912600,2702.456201171875,148.90347375586109,3000.263148683597,2404.6492536601527,0.9367217277337635,22.039724261402142,False,23.182887147113252,91.98917790015915,49868680.0,1.1412493773647108,10389030.719753278
2018-11-19,2998.267578125,2998.267578125,2944.727085658482,2953.6505010695682,31995600,2724.3185791015626,158.8136198782279,3041.9458188580184,2406.691339345107,0.9312429236760217,23.317921934167053,False,24.27063913177133,89.24284322632765,50878510.0,0.6288627556113573,10389030.719753278
2018-11-20,2998.267578125,2998.267578125,2998.267578125,2998.267578125,0,2747.0733032226562,164.01097040192582,3075.0952440265078,2419.0513624188047,0.8828924892749039,23.88155717716315,False,25.280694546096687,82.8683544244471,49996360.0,0.0,10389030.719753278
2018-11-21,2944.726806640625,2962.5736357717806,2909.0331483783143,2909.0331483783143,65909400,2768.4894897460936,160.22639619137766,3088.942282128849,2448.036697363338,0.7749817150665206,23.150009676370136,False,24.803900132675604,83.32307409032128,52089460.0,1.2653116388612975,10389030.719753278
2018-11-22,2998.267578125,3016.1144089471727,2917.9568394252233,2926.8802548363096,46871200,2792.1365600585937,157.32356111341943,3106.7836822854324,2477.489437831755,0.8275590391667402,22.5380897716719,False,24.853223519950475,84.38268090686614,52714960.0,0.8891441822207586,10389030.719753278
2018-11-23,3007.190673828125,3033.9609172153187,2980.420430440931,3007.190673828125,16390400,2815.7836059570313,151.9733991996113,3119.730404356254,2511.8368075578087,0.8148693601629712,21.58878954733575,False,25.05594024358529,82.17966704026055,52945530.0,0.3095709873902481,10389030.719753278
2018-11-26,3007.190673828125,3033.9609172153187,2980.420430440931,3007.190673828125,29419800,2839.8768310546875,141.32527652765933,3122.527384110006,2557.226277999369,0.7959729619575375,19.905831827949132,False,25.24417720124619,80.13401130698394,53921820.0,0.5456010201436079,10389030.719753278
2018-11-27,3087.501220703125,3096.4246346357927,2971.496839578441,2971.496839578441,81898400,2866.200891113281,135.56537288492405,3137.3316368831292,2595.070145343433,0.9081062975013847,18.91917252628697,False,25.971068077475476,83.33356728915308,56402730.0,1.4520290063973853,10389030.719753278
2018-11-28,3051.80810546875,3123.1954295732826,3033.961274442617,3123.1954295732826,54515400,2888.0632568359374,127.88758911163801,3143.838435059213,2632.2880786126616,0.820095268372511,17.71257451635559,False,26.862920069427872,83.7550378492611,56312180.0,0.9680925156866597,10389030.719753278
2018-11-29,3132.118408203125,3230.2759651553597,3087.5013368612003,3087.5013368612003,90010200,2912.156457519531,126.10557169993211,3164.3676009193955,2659.945314119667,0.9360670740365712,17.321263268573738,False,28.431433493775263,90.52023940907172,57587700.0,1.5630108512755327,10389030.719753278
2018-11-30,3033.9609375,3132.1184972426468,3016.114108455882,3087.5014246323526,122445000,2925.0953979492188,124.57839005748032,3174.2521780641796,2675.938617834258,0.7184679451639862,17.03580541609989,False,28.741194811407638,92.34053579319264,57829650.0,2.1173394616775303,10389030.719753278
2018-12-03,3123.195068359375,3158.888726283482,3105.3482393973213,3105.3482393973213,72859800,2945.619250488281,121.52333269125094,3188.665915870783,2702.572585105779,0.8653121872534821,16.502245858300476,False,29.22930549753325,94.66819672107044,59492050.0,1.224698089912854,10389030.719753278
2018-12-04,3141.042236328125,3149.9656517722387,3051.808081886985,3051.808081886985,37438200,2964.3584228515624,121.30590388588404,3206.9702306233303,2721.7466150797945,0.8641286363992108,16.368587948173126,False,28.88366639142888,94.91743766136926,58628600.0,0.6385654782819307,10389030.719753278
2018-12-05,3123.195068359375,3132.1184828404016,3051.8077525111607,3069.654581473214,36191200,2981.3129028320313,118.44967590089782,3218.212254633827,2744.413551030236,0.7994566351664206,15.892283669839442,False,28.562710936792772,94.51151238676891,58191060.0,0.6219374591217276,10389030.719753278
2018-12-06,3087.501220703125,3096.4246346357927,3042.8841510397847,3087.501220703125,57573800,2994.697998046875,114.29009568763624,3223.2781894221475,2766.1178066716025,0.7029992671234795,15.265658942861767,False,28.125220549940813,93.49718416768474,56764400.0,1.0142589369393493,10389030.719753278
2018-12-07,3060.7314453125,3078.578275897413,3016.114368850219,3051.808030020044,39306200,3004.959924316406,110.27680799273406,3225.5135403018744,2784.406308330938,0.6264352904551075,14.679304985116676,False,27.29690709818404,91.91787471662911,55783680.0,0.7046182682820495,10389030.719753278
2018-12-10,3060.7314453125,3069.6548606049564,3007.1909535577624,3016.114368850219,22645600,3022.360595703125,86.66571484013483,3195.6920253833946,2849.0291660228554,0.6106863587295004,11.469937103249297,True,26.386011221940777,89.81401988309803,53777170.0,0.4211006269017131,10389030.719753278
2018-12-11,3016.1142578125,3069.6547475961543,3016.1142578125,3060.731332632212,36969600,3032.1763427734377,72.471026334656,3177.1183954427497,2887.2342901041256,0.4445913568038683,9.560265385933196,True,25.540179336857747,87.22305344742348,52535850.0,0.7037023289810672,10389030.719753278
2018-12-12,3016.1142578125,3051.8079176682695,3007.190842848558,3033.9610877403848,45196000,3039.7612548828124,61.023200452637255,3161.807655788087,2917.714853977538,0.40312292335164435,8.02999911320203,True,24.596299635468263,84.17976925972977,50922590.0,0.8875432298317898,10389030.719753278
2018-12-13,3051.80810546875,3114.272014060216,3007.1910279034178,3016.114443416484,68130200,3045.1153198242187,56.79744661819106,3158.710213060601,2931.5204265878365,0.5294590075920234,7.46079417727533,True,24.51769988038125,85.81557046666322,50633930.0,1.3455443810109151,10389030.719753278
2018-12-14,3069.65478515625,3087.501615302507,3025.0377097906066,3033.961124863735,40382000,3050.469372558594,53.561967396546045,3157.5933073516862,2943.3454377655016,0.5895477403565893,7.023439458645779,True,24.444714393514744,84.14759439846588,49807400.0,0.8107630593044407,10389030.719753278
2018-12-17,3060.7314453125,3069.6548606049564,3016.114368850219,3069.6548606049564,42779800,3053.592565917969,52.16068227693045,3157.9139304718296,2949.271201364108,0.5342158072081457,6.832697047944233,True,24.19459357434662,81.96137278105671,50346610.0,0.849705670351986,10389030.719753278
2018-12-18,3078.578125,3087.501539855072,3025.037635869565,3051.8078804347824,31801800,3057.6080932617188,50.749608983551546,3159.107311228822,2956.1088752946157,0.6033014448696435,6.639125412493807,True,24.203044190138662,80.56869643851748,51936700.0,0.612318456890792,10389030.719753278
2018-12-19,3105.3486328125,3114.27204842403,3078.5783859779094,3096.4252172009697,48642800,3065.6391845703124,44.23736163429864,3154.1139078389097,2977.164461301715,0.7244112599348579,5.7720245561773815,True,24.559173644948114,77.36335550891123,51073370.0,0.9524102286573218,10389030.719753278
2018-12-20,3096.4248046875,3123.1950479556917,3078.577975842039,3087.5013902647697,29529600,3070.5470458984373,41.744219970248935,3154.035485838935,2987.0586059579396,0.6549780952159711,5.438017310434608,True,25.004185145737075,75.02433526639277,50206290.0,0.5881653474096572,10389030.719753278
2018-12-21,3096.4248046875,3105.3482191102307,3069.6545614193087,3069.6545614193087,32951600,3075.008752441406,39.31419331895794,3153.637139079322,2996.3803658034903,0.6361852453155048,5.114026851174894,True,25.19541040619852,72.21500115385915,51034350.0,0.6456749228705764,10389030.719753278
2018-12-24,3096.4248046875,3096.4248046875,3096.4248046875,3096.4248046875,0,3079.470458984375,36.14861803545135,3151.7676950552777,3007.1732229134723,0.6172544527601144,4.695432999525946,True,25.372976719484146,67.05678678572636,49563360.0,0.0,10389030.719753278
2018-12-25,3096.4248046875,3096.4248046875,3096.4248046875,3096.4248046875,0,3079.916638183594,36.307679569325586,3152.531997322245,3007.301279044943,0.6136685592395512,4.715410686016262,True,25.537859724677944,62.267016301031624,45468440.0,0.0,10389030.719753278
2018-12-26,3105.3486328125,3132.1188796470906,3060.731554754849,3069.654970366379,25778200,3082.5936645507813,36.09933054815814,3154.7923256470976,3010.395003454465,0.6575858050287283,4.684280119471253,True,26.239151203547976,62.91846691468947,44031580.0,0.585447989829118,10389030.719753278
2018-12-27,3141.042236328125,3141.042236328125,3105.348574551669,3141.042236328125,31929800,3083.0398559570312,36.79217968109898,3156.6242153192293,3009.455496594833,0.8941216643987724,4.773493876183195,True,27.01860967559259,60.97383797624421,41127560.0,0.7763601828068575,10389030.719753278
2018-12-28,3141.042236328125,3149.9656517722387,3123.195405439897,3149.9656517722387,32431600,3088.3939208984375,37.0645531414302,3162.523027181298,3014.264814615577,0.8551123038553375,4.80049554438287,True,27.87278156486398,58.53072428739403,36626890.0,0.8854587435624482,10389030.719753278
2018-12-31,3141.042236328125,3141.042236328125,3141.042236328125,3141.042236328125,0,3089.286279296875,38.145593713025384,3165.5774667229257,3012.995091870824,0.8392001014626838,4.9390817508447125,True,28.66594117633027,54.34995826686588,32983900.0,0.0,10389030.719753278
2019-01-01,3141.042236328125,3141.042236328125,3141.042236328125,3141.042236328125,0,3089.286279296875,38.145593713025384,3165.5774667229257,3012.995091870824,0.8392001014626838,4.9390817508447125,True,29.402446529834684,50.46781839066118,31111990.0,0.0,10389030.719753278
2019-01-02,3114.271728515625,3141.0419726002865,3096.4248991258505,3141.0419726002865,15681200,3088.8401123046874,37.77852736810054,3164.3971670408887,3013.283057568486,0.668294120911205,4.892260653778264,True,28.562204803677805,50.04992687720499,30086490.0,0.5212040354325147,10389030.719753278
2019-01-03,3114.271728515625,3132.118557905399,3087.5014844309635,3096.4248991258505,21416600,3090.1786376953123,38.200487004264595,3166.5796117038417,3013.777663686783,0.6576752857733393,4.944760997086565,False,27.513002776659505,49.66186591986431,28278630.0,0.7573422050502446,10389030.719753278
2019-01-04,3114.271728515625,3141.0419726002865,3096.4248991258505,3114.271728515625,41078600,3092.8556518554688,37.90311661235689,3168.6618850801824,3017.049418630755,0.6412553806536742,4.902022063605582,False,26.74375019612383,49.301523602333724,28367250.0,1.4480994809154923,10389030.719753278
2019-01-07,3167.812255859375,3185.65908546985,3149.9654262488993,3149.9654262488993,48108200,3098.2096923828126,40.5939401545047,3179.397572691822,3017.021812073803,0.9286511928359744,5.240954510510769,False,26.93419415478565,50.87908312746883,29640380.0,1.623062862217016,10389030.719753278
2019-01-08,3176.735595703125,3194.5824248924687,3141.041937324438,3167.8121811084534,45945800,3106.240759277344,39.36749124646951,3184.975741770283,3027.5057767844046,0.9476716333308575,5.069470694297159,False,26.81774792052147,51.06918344465182,30089190.0,1.5269869345103673,10389030.719753278
2019-01-09,3158.888916015625,3194.5825760835983,3149.965500998632,3194.5825760835983,50484000,3113.3794921875,34.85005471880559,3183.079601625111,3043.679382749889,0.8264659424162073,4.477456706611683,False,26.70962236328367,50.60831856181716,30353590.0,1.6631970056919132,10389030.719753278
2019-01-10,3158.888916015625,3185.659161066605,3141.0420859816386,3185.659161066605,44421400,3118.733532714844,33.073090476366175,3184.879713667576,3052.5873517621117,0.8035351604764295,4.241861656911246,False,26.29156071734885,50.18037259918497,29168150.0,1.5229419760937872,10389030.719753278
2019-01-11,3185.659423828125,3203.5062553341645,3176.736008075105,3194.5828395811445,47217000,3124.5337646484377,34.16696972933216,3192.867704107102,3056.1998251897735,0.9472569536010929,4.3740247093379,False,26.304818559326364,49.78301307913886,29509900.0,1.6000393088421174,10389030.719753278
2019-01-14,3167.812255859375,3203.5059150803254,3158.888841054137,3203.5059150803254,26702800,3129.887805175781,31.9615158710219,3193.810836917825,3065.9647734337373,0.7966415206700065,4.084685184966479,False,25.675300372964035,49.41401743249953,28706050.0,0.9302150591948387,10389030.719753278
2019-01-15,3212.429443359375,3248.123103841146,3158.888952636719,3167.8123677571616,49947400,3136.58037109375,34.56029165147176,3205.7009543966933,3067.4597877908063,1.0486721077945182,4.407384802885864,False,26.037011093946198,52.25831270192293,29613330.0,1.6866525986776901,10389030.719753278
2019-01-16,3301.66357421875,3301.66357421875,3212.429423564189,3230.2762536951013,58089800,3146.3961181640625,49.759382129686514,3245.9148824234353,3046.8773539046897,1.2800913587010512,6.325889082105942,False,27.22300562502324,54.89944398425421,30085680.0,1.9308122668325929,10389030.719753278
2019-01-17,3301.66357421875,3328.4338194151183,3265.9699139569257,3292.740159153294,47773600,3156.658056640625,59.18242502360642,3275.022906687838,3038.2932065934124,1.1125362281128472,7.499377374638976,False,28.67127652507774,55.4397626609641,30997880.0,1.5411892684273891,10389030.719753278
2019-01-18,3355.2041015625,3355.2041015625,3283.8167802526596,3319.51044090758,39366000,3169.597021484375,72.18134337265272,3313.9597082296805,3025.2343347390697,1.1428499090127968,9.10921393267198,False,30.329545390958394,56.5788739930267,31318600.0,1.2569527373509672,10389030.719753278
2019-01-21,3292.740234375,3346.2807259908536,3283.816819105691,3283.816819105691,33397400,3179.41279296875,75.00030542531574,3329.4134038193815,3029.412182118119,0.87775659966845,9.435743051821184,False,31.869366480704716,57.636617454725425,32988470.0,1.0123961493212628,10389030.719753278
2019-01-22,3301.66357421875,3301.66357421875,3274.8933290223817,3292.740159153294,42127800,3189.6747314453123,77.06045820456522,3343.795647854443,3035.5538150361817,0.8633148743943074,9.663738743623867,False,32.959611073524826,55.431876579128485,35094860.0,1.2003980070015952,10389030.719753278
2019-01-23,3230.276123046875,3292.740025978721,3221.352708342326,3274.893196569622,51746000,3195.921105957031,74.8982496998051,3345.7176053566413,3046.124606557421,0.6146722961736089,9.374230116031166,False,32.20398924387011,57.20894724322102,36393250.0,1.4218570751444293,10389030.719753278
2019-01-24,3212.429443359375,3239.1996887207033,3203.5060282389322,3230.2762736002605,88315800,3199.4904663085936,73.83881327076018,3347.168092850114,3051.812839767073,0.5438081832495579,9.231321555516518,False,31.004513957705402,55.67214104597459,39212550.0,2.2522330223359615,10389030.719753278
2019-01-25,3248.123046875,3257.0464618389424,3212.429387019231,3221.3528019831733,51100800,3204.8445068359374,73.25760383194965,3351.3597144998366,3058.329299172038,0.6476929962736089,9.143358272227067,False,30.239865931943278,54.88249345838437,40146010.0,1.2728736928028463,10389030.719753278
2019-01-28,3248.123046875,3257.0464618389424,3230.2762169471157,3248.123046875,42198000,3210.1985473632812,72.25533714447397,3354.709221652229,3065.6878730743333,0.6312169488458999,9.003223455299535,False,29.52983562230702,52.874475703630246,42255910.0,0.9986295408145275,10389030.719753278
2019-01-29,3221.352783203125,3248.123027938885,3185.6591235554447,3230.2761981150447,38083600,3214.214074707031,70.41799022363445,3355.0500551543,3073.3780942597623,0.5253440508363795,8.7633229880686,False,27.637416295568716,53.559436247624895,44160090.0,0.8623986047129886,10389030.719753278
2019-01-30,3212.429443359375,3212.429443359375,3176.7357828776044,3176.7357828776044,40402400,3219.121960449219,66.39124034373735,3351.9044411366935,3086.3394797617443,0.47479894540607404,8.24960857767223,False,25.66711676388686,52.92069082461745,45396150.0,0.8899961780899922,10389030.719753278
2019-01-31,3239.199462890625,3274.89312088391,3212.4292193956608,3212.4292193956608,72412200,3225.3683471679688,61.7197942829102,3348.8079357337892,3101.9287586021483,0.5560238246228487,7.6542940389556735,False,25.147438518521444,53.60234872916258,47945930.0,1.5102887773790183,10389030.719753278
2019-02-01,3301.66357421875,3328.4338194151183,3239.1996687605574,3248.1230838260135,83559800,3234.737939453125,58.08344492969369,3350.9048293125124,3118.5710495937374,0.7880581327718863,7.182460652687499,False,25.512580819872227,56.14749214311477,50069990.0,1.6688599298701678,10389030.719753278
2019-02-04,3257.046630859375,3310.587123421447,3248.123215432363,3301.6637079944353,45077600,3239.199658203125,56.06412532786881,3351.327908858863,3127.0714075473875,0.579582855131864,6.923207118263182,False,25.851641528269383,56.59866470354114,49918460.0,0.9030246526034658,10389030.719753278
2019-02-05,3257.046630859375,3257.046630859375,3257.046630859375,3257.046630859375,0,3243.2152099609375,54.19982474112075,3351.614859443179,3134.815560478696,0.5637982731701704,6.684702831271375,False,26.16648361463817,52.555902939002486,47621170.0,0.0,10389030.719753278
2019-02-06,3248.123046875,3292.740121694712,3248.123046875,3257.0464618389424,39366200,3247.6769165039063,50.43485926081593,3348.5466350255383,3146.8071979822744,0.5022114187371207,6.211807462068442,False,26.996875387663138,51.98884378762459,47065280.0,0.8364169935884797,10389030.719753278
2019-02-07,3239.199462890625,3248.122877388946,3221.3526338939823,3248.122877388946,11857200,3251.6924438476562,45.99536277346926,3343.6831693945946,3159.701718300718,0.43209651906345337,5.658021300322473,False,26.978225104711214,50.18752730143839,45437070.0,0.26095872819264093,10389030.719753278
2019-02-08,3203.505859375,3230.2761033252086,3185.6590300748603,3194.58244472493,25850600,3252.584765625,44.80457974932091,3342.1939251236417,3162.975606126358,0.22615016966684287,5.510027621458351,True,26.025683963001168,50.4270205524617,44368750.0,0.5826307930694464,10389030.719753278
2019-02-11,3230.276123046875,3230.276123046875,3176.735634819579,3194.5824642286775,29542600,3255.707958984375,40.56039509193686,3336.828749168249,3174.5871688005013,0.34324711408841885,4.983296487635804,True,24.921513332426148,50.649411100664146,44510740.0,0.6637184643526484,10389030.719753278
2019-02-12,3176.735595703125,3239.199497865827,3176.735595703125,3230.276083271155,25694400,3253.9232666015623,43.26033132447483,3340.443929250512,3167.4026039526125,0.0539350454837611,5.317928885232324,True,24.07710845059456,51.49330331938115,43298090.0,0.5934303337629905,10389030.719753278
2019-02-13,3087.501220703125,3176.7353600298047,3087.501220703125,3158.888532164469,57993000,3243.2151489257812,55.57430008377814,3354.3637490933374,3132.066548758225,-0.20047633523012412,6.8542230511207904,False,23.30953630078898,54.18909415371107,43293250.0,1.3395390736431199,10389030.719753278
2019-02-14,3132.118408203125,3167.8120652766647,3087.5013368612003,3087.5013368612003,34647200,3234.737890625,59.01406744882787,3352.766025522656,3116.709755727344,0.0652753366353791,7.2975393301403555,False,22.59679073311237,56.05493346941312,42636930.0,0.8126101011494027,10389030.719753278
2019-02-15,3132.118408203125,3132.118408203125,3105.34816539797,3132.118408203125,25669400,3223.583605957031,56.05487529670594,3335.693356550443,3111.4738553636194,0.09207295855280788,6.955597514904727,False,21.934955563126948,53.963169850537525,41952100.0,0.6118740182255477,10389030.719753278
2019-02-18,3203.505859375,3230.2761033252086,3141.0419568245125,3141.0419568245125,32794600,3219.1218872070312,53.76516668059223,3326.652220568216,3111.5915538458466,0.4273878014514359,6.680724565821264,False,21.383352297598016,57.119921655647964,41921960.0,0.7822773553526601,10389030.719753278
2019-02-19,3167.812255859375,3221.352744690801,3149.9654262488993,3203.5059150803254,17644000,3212.4293212890625,51.220323484156346,3314.869968257375,3109.98867432075,0.28222967762255236,6.377768145087527,False,20.87114926532115,58.139021426094665,40697770.0,0.433537267521046,10389030.719753278
2019-02-20,3149.96533203125,3176.7355756462466,3105.3482593395893,3176.7355756462466,30538000,3208.413781738281,52.86908343503383,3314.151948608349,3102.6756148682134,0.22361706544972887,6.591304866717038,False,19.469024801921726,59.08532820327771,39637370.0,0.7704345671773885,10389030.719753278
2019-02-21,3185.659423828125,3194.5828395811445,3132.118929310005,3176.736008075105,26466400,3207.0752807617187,53.10043277170956,3313.276146305138,3100.8744152182994,0.3991728700890955,6.6229106738146335,False,18.496070811381657,59.32665549383926,36544900.0,0.7242159644711027,10389030.719753278
2019-02-22,3114.271728515625,3176.735631379835,3087.5014844309635,3176.735631379835,59643400,3200.38271484375,56.009977816734335,3312.4026704772186,3088.362759210281,0.11564443655967166,7.000409989337028,False,17.60070609923362,62.100318629790856,36972030.0,1.6132032782619727,10389030.719753278
2019-02-25,3141.042236328125,3158.889067216353,3114.271989995783,3132.118820884011,31297800,3195.028674316406,56.323348796892304,3307.6753719101907,3082.3819767226214,0.2603727444236244,7.051373184804737,False,16.769296009381865,60.851534349143506,36427020.0,0.8591918855838331,10389030.719753278
2019-02-26,3158.888916015625,3167.812331032618,3105.3484259136653,3141.0420859816386,32625400,3191.905480957031,56.51832933258762,3304.9421396222065,3078.868822291856,0.3539563831269811,7.082707137761702,False,16.166708483793315,60.96670368984418,36154110.0,0.9023980952649644,10389030.719753278
2019-02-27,3158.888916015625,3185.659161066605,3114.2718409306585,3123.195255947652,19073600,3189.2284545898438,56.76249715623263,3302.753448902309,3075.7034602773783,0.36637507115520124,7.119276397342034,False,15.208422653603966,61.71103343599435,35087670.0,0.543598363755701,10389030.719753278
2019-02-28,3141.042236328125,3185.659313548695,3114.271989995783,3185.659313548695,33411200,3184.320593261719,56.457113899920174,3297.234821061559,3071.4063654618785,0.3083573798586654,7.091888174750746,False,14.318582331470811,62.4021970157742,33137620.0,1.0082558735358786,10389030.719753278
2019-03-01,3203.505859375,3203.505859375,3141.0419568245125,3149.965371474582,26656800,3179.412707519531,49.565300306528634,3278.543308132588,3080.282106906474,0.62152227317533,6.235780613105459,False,13.513224623813644,62.40660455396801,30292470.0,0.8799810646012028,10389030.719753278
2019-03-04,3194.582763671875,3212.429594753841,3167.8125170489266,3176.735932589909,28548200,3176.289514160156,46.27473944899718,3268.8389930581507,3083.7400352621617,0.598829565166332,5.8275216088081025,False,12.969493648759672,61.13592406474988,29466000.0,0.9688522364759383,10389030.719753278
2019-03-05,3141.042236328125,3185.659313548695,3114.271989995783,3185.659313548695,28743600,3170.489294433594,42.75603154117473,3256.0013575159433,3084.9772313512444,0.3278192745910546,5.394250233393461,False,12.831610801232467,62.505556179845755,30903180.0,0.9301178713646945,10389030.719753278
2019-03-06,3141.042236328125,3167.8124826604667,3123.195405439897,3123.195405439897,23339600,3165.13525390625,39.0682945510428,3243.2718430083355,3086.9986648041645,0.3458275575182361,4.93733018237709,False,12.703576728528633,61.2278076827546,30101850.0,0.7753543386868249,10389030.719753278
2019-03-07,3141.042236328125,3141.042236328125,3141.042236328125,3141.042236328125,0,3160.227392578125,35.253611633293666,3230.7346158447126,3089.7201693115376,0.36394900152668686,4.4621613895364325,True,12.584687946732215,56.854392848272134,29508990.0,0.0,10389030.719753278
2019-03-08,3096.4248046875,3132.1184623784225,3096.4248046875,3123.1950479556917,37957000,3154.87333984375,36.44603252556396,3227.7654048948775,3081.981274792622,0.09907477504408026,4.620918635975275,True,13.38123814916275,55.980324190583055,30114310.0,1.2604306723282055,10389030.719753278
2019-03-11,3096.4248046875,3141.0418768011527,3096.4248046875,3141.0418768011527,14711800,3148.180773925781,34.08410281243367,3216.3489795506484,3080.0125683009137,0.12038043422254327,4.330641123880674,True,13.857294084279195,55.168663327945175,29372770.0,0.5008652571752681,10389030.719753278
2019-03-12,3096.4248046875,3114.2716335329615,3069.6545614193087,3087.5013902647697,20181600,3144.165234375,35.253672129314694,3214.6725786336297,3073.6578901163707,0.16145066028595187,4.484964307077518,True,14.801271031665578,54.41497824121,29097130.0,0.6935941792197374,10389030.719753278
2019-03-13,3069.65478515625,3096.4250303756357,3042.8845399368643,3060.7313700831214,32738800,3143.272912597656,36.948526363115015,3217.169965323886,3069.375859871426,0.0018872558142281229,4.701917700500281,False,16.128216695106037,54.35251482675011,27834420.0,1.1761983903382933,10364709.43048709
2019-03-14,3149.96533203125,3149.96533203125,3096.424844801257,3114.2716738779213,13382000,3144.1652587890626,36.88040292820721,3217.926064645477,3070.4044529326484,0.5393167697589833,4.691916600135852,False,15.864698528851024,56.206659973053675,26771160.0,0.4998662740053102,10594406.696733315
2019-03-15,3239.199462890625,3257.046291887267,3176.735561402376,3185.658975900697,34814400,3149.5193115234374,42.39921424875138,3234.31774002094,3064.7208830259347,1.0287842767618542,5.384848931533324,False,15.872487400695013,59.8405385361225,27228410.0,1.278605691628707,10594406.696733315
2019-03-18,3337.357177734375,3337.357177734375,3239.199613683364,3248.1230285970923,38275600,3156.211877441406,58.7720314219272,3273.7559402852607,3038.6678145975516,1.2705421095304579,7.448426620784539,False,16.89706220733368,62.577479700953035,27502460.0,1.391715504722123,10594406.696733315
2019-03-19,3337.357177734375,3373.050837389288,3319.5103479069185,3328.4337628206467,39436000,3164.6891235351563,71.40347141931458,3307.4960663737857,3021.882180696527,1.1045506288665956,9.02502187507789,False,18.222501700910556,61.93198039962565,28592060.0,1.3792640334414519,10594406.696733315
2019-03-20,3319.51025390625,3346.280497889365,3301.6634245841733,3346.280497889365,23188800,3173.166369628906,79.20199932029239,3331.5703682694907,3014.7623709883214,0.9619324181626095,9.983970595220292,False,19.077500178404144,60.695201321451805,28224600.0,0.8215811738696032,10594406.696733315
2019-03-21,3399.82080078125,3408.7442149565286,3364.1271440801343,3373.0505582554133,38604000,3183.8744384765623,94.0629904342225,3372.0004193450072,2995.7484576081174,1.0739408275981226,11.817424619198267,False,20.508147610325516,62.73368415922515,28831480.0,1.3389531165240216,10594406.696733315
2019-03-22,3426.59130859375,3444.4381383260093,3399.8210639953613,3408.7444788614907,33572000,3199.4904174804688,106.94288761560402,3413.3761927116766,2985.604642249261,1.0308929284048647,13.369990049830397,False,22.153500468291362,61.43965940104901,27527910.0,1.2195622551802878,10594406.696733315
2019-03-25,3283.816650390625,3373.050798499066,3265.9698207689366,3319.5103096340013,26670200,3206.6291381835936,107.5992418362464,3421.8276218560864,2991.430654511101,0.6793402790061056,13.42209993104427,False,21.35040307342112,68.52407571703218,27296530.0,0.9770545926533519,10594406.696733315
2019-03-26,3346.280517578125,3355.2039322916667,3328.4336881510417,3346.280517578125,6754600,3215.9987182617188,111.31792742749428,3438.6345731167075,2993.36286340673,0.7925894380338327,13.845518879766583,False,20.604669778184466,68.72859044446143,26002990.0,0.2597624350122813,10594406.696733315
2019-03-27,3337.357177734375,3346.2805926481033,3265.969858424549,3265.969858424549,7113800,3224.9221313476564,113.62814201995778,3452.178415387572,2997.665847307741,0.7473749996875122,14.09375326187785,False,19.221567226610414,69.55588642868236,25405000.0,0.28001574493209996,10594406.696733315
2019-03-28,3364.127685546875,3373.051101158405,3337.3574387122844,3364.127685546875,22824600,3236.0764038085936,115.88781602730968,3467.852035863213,3004.300771753974,0.7762397422954826,14.324484538241364,False,18.108013215106638,67.13717478549289,24875670.0,0.9175471454638207,10594406.696733315
2019-03-29,3355.2041015625,3373.05093188996,3346.28068639877,3346.28068639877,19813600,3243.6613159179688,118.57701968303738,3480.8153552840436,3006.507276551894,0.7351694829712598,14.622614155322767,False,17.07399877585313,64.25382269304268,24533510.0,0.8076137495205538,10594406.696733315
2019-04-01,3373.050537109375,3390.897365348049,3364.127122990038,3364.127122990038,9954200,3252.5847045898436,121.37155031760405,3495.3278052250516,3009.8416039546355,0.7481344108324757,14.926166275864498,False,16.36081265036805,62.21378277107884,23603810.0,0.4217200528219809,10594406.696733315
2019-04-02,3381.97412109375,3399.820950228809,3355.203877391161,3390.8975356612796,22445400,3264.631298828125,121.67417697880951,3507.9796527857443,3021.282944870506,0.7411005054220768,14.908167672408926,False,15.824356047486578,60.95687491869094,23288900.0,0.9637810287304253,10594406.696733315
2019-04-03,3381.97412109375,3381.97412109375,3381.97412109375,3381.97412109375,0,3276.6778930664063,120.71719330705791,3518.112279680522,3035.2435064522906,0.7180638588894102,14.736534654504885,False,15.326217773382353,56.60281242449874,22121920.0,0.0,10594406.696733315
2019-04-04,3462.28515625,3471.2085716011597,3399.8212487918818,3399.8212487918818,48871200,3292.7400390625,123.06894698467508,3538.87793303185,3046.60214509315,0.8444108390896783,14.950338687498071,False,16.03692254854415,58.93364371613524,24565480.0,1.9894258121559196,10594406.696733315
2019-04-05,3471.208251953125,3515.8253246003374,3444.4380083647975,3480.131666482567,11966400,3311.479211425781,120.10115225221031,3551.681515930202,3071.2769069213605,0.8324885680362075,14.507251241417269,False,17.16895873397316,59.82319175323558,23265950.0,0.5143310288210883,10594406.696733315
2019-04-08,3381.97412109375,3444.438023066458,3364.1272919586904,3426.5911939313983,17860200,3325.7566772460937,109.71390126870864,3545.184479783511,3106.3288747086763,0.6281000930546848,13.19566184974876,False,16.841336476729154,63.19874662760694,23423370.0,0.7624948929210442,10594406.696733315
2019-04-09,3453.361328125,3462.2847424095607,3408.7442567021967,3444.4379138404393,14496600,3343.6035034179686,98.94850270586295,3541.5005088296944,3145.706498006243,0.777310473896964,11.837348848894754,False,16.74842657956616,64.42102339105007,23139120.0,0.626497464034933,10594406.696733315
2019-04-10,3462.28515625,3480.1319869523195,3426.591494845361,3453.3617408988403,17295200,3363.2350219726563,78.59115446187398,3520.417330896404,3206.0527130489086,0.8150804150783751,9.34709039938308,False,16.874292273366674,63.64384258504353,22366940.0,0.7732483746100272,10594406.696733315
2019-04-11,3435.5146484375,3497.9785511363634,3390.8975750811687,3497.9785511363634,31259200,3377.512487792969,61.992480351521124,3501.497448496011,3253.5275270899265,0.7339080494748582,7.3417914012842145,True,16.39518785797958,66.74649497576861,23260800.0,1.3438574769569405,10594406.696733315
2019-04-12,3453.361328125,3453.361328125,3390.897428133075,3408.7442567021967,19171400,3388.2205810546875,54.9389964456195,3498.0985739459265,3278.3425881634485,0.7964230841693251,6.485881911326809,True,15.95030273025902,66.44059533406549,22478650.0,0.8528715025146083,10594406.696733315
2019-04-15,3444.438232421875,3462.2850626416775,3435.5148173119737,3444.438232421875,22821200,3393.5746337890623,54.939006463556794,3503.452646716176,3283.6966208619488,0.7314548528764919,6.47565029706922,True,15.665563077363128,63.606998905182515,21705930.0,1.0513808899227077,10594406.696733315
2019-04-16,3462.28515625,3480.1319869523195,3444.4383255476805,3444.4383255476805,43281000,3399.8210327148436,55.311547159153314,3510.4441270331504,3289.1979383965368,0.782328585726513,6.507583384762548,True,15.66091528565584,61.61319573555837,21898180.0,1.9764656240838279,10594406.696733315
2019-04-17,3462.28515625,3462.28515625,3462.28515625,3462.28515625,0,3406.9597778320312,53.587454164518896,3514.134686161069,3299.7848695029934,0.7581078877535132,6.291527656204796,True,15.6565994790705,57.21225318301849,20738740.0,0.0,10594406.696733315
2019-04-18,3515.82568359375,3658.6003306432426,3480.1320218313767,3542.5959299155297,90501000,3412.7600219726564,58.79878867129654,3530.3575993152494,3295.1624446300634,0.938213371185513,6.8916405833082175,True,17.73309768019076,67.14817612660593,23333590.0,3.87857162142645,10594406.696733315
2019-04-19,3515.82568359375,3515.82568359375,3515.82568359375,3515.82568359375,0,3417.2217407226562,63.12966642126369,3543.4810735651836,3290.962407880129,0.890481799052725,7.389589697262471,True,19.661274581230998,62.35187783184837,21654990.0,0.0,10594406.696733315
2019-04-22,3453.361328125,3506.9018138323645,3435.5144995558785,3506.9018138323645,38719000,3425.698974609375,55.152240318313616,3536.0034552460024,3315.3944939727476,0.6253908878223733,6.439823315135575,True,19.997214487630163,63.63468541799288,22257430.0,1.739598866535804,10594406.696733315
2019-04-23,3497.978515625,3506.901930205676,3426.591198979592,3426.591198979592,25165200,3433.2838745117188,54.07599391114426,3541.435862334007,3325.1318866894303,0.7990913177647054,6.300206552985357,True,20.162081573998567,64.82583154714224,23177960.0,1.0857383479823073,10594406.696733315
2019-04-24,3497.978515625,3542.59558852838,3489.0551010443237,3533.672173947704,22612800,3441.31494140625,50.91455895443003,3543.14405931511,3339.48582349739,0.7782287393939005,5.918035381396909,True,20.684634587814156,64.01973554263611,23952910.0,0.944052309301876,10594406.696733315
2019-04-25,3426.59130859375,3471.208382924398,3408.7444788614907,3462.284968058268,61278200,3444.438122558594,47.74790248512318,3539.9339275288403,3348.9423175883476,0.4065570787617086,5.5449278850339905,True,19.905037951047166,65.82075705841277,25875590.0,2.3681856143183597,10594406.696733315
2019-04-26,3444.438232421875,3444.438232421875,3390.897741762468,3435.5148173119737,62720800,3448.8998291015623,42.893095159095246,3534.686019419753,3363.1136387833717,0.4739958339265402,4.974698864509376,True,18.928866651572335,64.94359517276952,28020950.0,2.2383538031365817,10594406.696733315
2019-04-29,3435.5146484375,3471.2083071225647,3408.744404423701,3471.2083071225647,26364400,3452.0230346679687,39.19418212715101,3530.4113989222706,3373.6346704136668,0.39470129663049647,4.541589871623882,True,18.353293183816998,64.76647428177625,28841460.0,0.9141146113962331,10594406.696733315
2019-04-30,3426.59130859375,3462.284968058268,3399.8210639953613,3435.5147234598794,46762800,3454.2538940429686,36.14872937045857,3526.5513527838857,3381.9564353020514,0.30868908858643757,4.185995642393148,True,17.68083166115619,64.60200498042843,30057330.0,1.5557868912508197,10594406.696733315
2019-05-01,3426.59130859375,3426.59130859375,3426.59130859375,3426.59130859375,0,3456.484753417969,32.66190477895298,3521.808562975875,3391.160943860063,0.2711902824825297,3.779782884522199,True,17.056403104399728,59.987576053254976,30057330.0,0.0,10594406.696733315
2019-05-02,3364.127685546875,3417.668179216056,3319.510607489224,3399.8213479929955,60074200,3451.5768798828126,38.582542624454454,3528.7419651317214,3374.411794633904,-0.0666370616571971,4.47129459573438,True,16.718385365060968,63.35137069977433,30617480.0,1.9620883234021873,10594406.696733315
2019-05-03,3301.66357421875,3355.2040646114865,3274.8933290223817,3355.2040646114865,59192200,3443.099645996094,50.74963202892298,3544.59891005394,3341.6003819382477,-0.19673446940825595,5.895807527724472,False,16.908833569320706,65.20015540153997,32978770.0,1.7948577221042508,10569039.883426048
2019-05-06,3167.812255859375,3257.0464039117514,3123.1951818331863,3248.122989106514,55552200,3432.391552734375,79.03647726075835,3590.464507255892,3274.3185982128584,-0.3368898325329457,9.210659803400912,False,18.396924195949783,73.29074375754166,34863370.0,1.5934259941021192,10226500.678601978
2019-05-07,3194.582763671875,3230.2764258358065,3123.195439344012,3167.8125170489266,61910000,3419.4526245117186,94.99404452868458,3609.4407135690876,3229.4645354543495,-0.09179989112881064,11.112193085845044,False,19.7787226349625,75.70433252427402,37234040.0,1.6627258283011996,10202723.57479402
2019-05-08,3123.195068359375,3158.888726283482,3105.3482393973213,3132.1184828404016,41682400,3402.4981201171877,115.08310746207042,3632.6643350413287,3172.3319051930466,-0.10674207083317225,13.529248616673078,False,21.195829439584355,76.67077479215114,38453400.0,1.083971768426199,9981421.71932527
2019-05-09,3060.7314453125,3096.425106482325,3051.808030020044,3069.6548606049564,69829800,3383.7589599609373,137.71243058919615,3659.1838211393297,3108.334098782545,-0.08641676947095343,16.27922463966357,False,22.894354358975065,76.29336504552113,40381930.0,1.729233842958967,9823173.035949666
2019-05-10,3069.65478515625,3149.9655208144077,3060.7313700831214,3087.501615302507,45151200,3364.5736328125,153.3460079031348,3671.2656486187693,3057.8816170062305,0.019193796289526416,18.23066155041468,False,23.56845772702887,77.21770688021864,41680920.0,1.0832582390215955,9823173.035949666
2019-05-13,3033.9609375,3096.4248391544115,3033.9609375,3069.654595588235,20710000,3344.049768066406,168.78619053724844,3681.6221491409033,3006.477386991909,0.04070764086299133,20.18943523497187,False,24.411208358403844,76.16386364980384,41575360.0,0.4981315856314894,9823173.035949666
2019-05-14,3016.1142578125,3051.8079176682695,2944.726938100962,3016.1142578125,68445400,3321.7412231445314,181.35389255343742,3684.449008251406,2959.0334380376567,0.07868706175968077,21.83841309369168,False,25.83400910040155,78.3722290724827,42833580.0,1.5979378795795263,9823173.035949666
2019-05-15,2935.8037109375,3025.0378662851444,2900.110048798442,3025.0378662851444,90706000,3295.4171508789063,197.381741160075,3690.1806331990565,2900.653668558756,0.044520382397272254,23.95833147951327,False,27.431485243156473,81.69762824492695,47368880.0,1.9148858913278084,9823173.035949666
2019-05-16,2917.95654296875,2980.420444500191,2882.2628849507837,2926.8799574732416,36448400,3265.5236938476564,207.2699354755948,3680.063564798846,2850.983822896467,0.0807795881233448,25.388875403488576,False,29.022392400612954,82.8733376238184,44666250.0,0.816016567318725,9823173.035949666
2019-05-17,2891.1865234375,3025.037751374421,2873.3396930459103,3025.037751374421,61447200,3234.2917358398436,214.50361596128766,3663.298967762419,2805.284503917268,0.10011721613091015,26.528666364178548,False,29.72368465846205,87.789389102725,47738610.0,1.2871593873386762,9823173.035949666
2019-05-20,3007.190673828125,3016.114088290523,2793.028726730573,2891.186285816951,43655000,3211.983203125,213.72070035125248,3639.4246038275046,2784.541802422495,0.2604437368955183,26.615419426019344,False,30.91362089039908,97.4533871353839,47985410.0,0.9097556944913048,9823173.035949666
2019-05-21,3069.65478515625,3069.65478515625,2989.3440494980923,3016.114294717478,78310800,3190.5670166015625,204.8292249269531,3600.2254664554684,2780.9085667476566,0.35242312042088636,25.67935089420277,False,31.168105166799382,96.22891202986776,50642690.0,1.546339659287451,9823173.035949666
2019-05-22,3033.576904296875,3097.537863122411,3024.4396244646555,3033.576904296875,40857000,3167.3469360351564,194.19277441958573,3555.732484874328,2778.961387195985,0.3277870634758414,24.524345244310204,False,30.98535152667217,94.5767210747169,51554900.0,0.7924949907768224,9823173.035949666
2019-05-23,3106.675048828125,3143.2241670496323,3024.4395328297337,3024.4395328297337,43215600,3151.351123046875,184.65643084980536,3520.6639847464858,2782.038261347264,0.4395145974430101,23.43838228616949,False,30.159014584703083,96.30585772794416,50651770.0,0.8531903228653214,9823173.035949666
2019-05-24,3161.498779296875,3216.3224575505783,3097.5378213342215,3097.5378213342215,48374800,3137.204150390625,171.381712493737,3479.967575378099,2794.4407254031507,0.53543935428224,21.85152183639661,False,28.45634022972518,97.91148476283078,49934470.0,0.9687656642796049,9823173.035949666
2019-05-27,3179.773681640625,3225.4600851124733,3161.499120251886,3161.499120251886,32246800,3124.417102050781,156.87993662761312,3438.176975306007,2810.657228795555,0.5882148807231549,20.08437817404614,False,26.76480573049273,95.4864719808856,50228590.0,0.6420009002840812,9823173.035949666
2019-05-28,2978.753173828125,3161.498767314513,2960.478614479486,3161.498767314513,222512000,3102.0251953125,142.80936040146986,3387.6439161154394,2816.40647450956,0.28420178282111735,18.414983942396134,False,26.937485139613848,104.32994306518941,59016050.0,3.7703641636470078,9823173.035949666
2019-05-29,2978.753173828125,3006.165012851083,2933.066775456528,2978.753173828125,78292800,3079.6332885742186,122.97210522161711,3325.5774990174527,2833.6890781309844,0.2949126052524471,15.972304972524782,False,27.281323635647965,102.09910694585838,62930690.0,1.2441115773559768,9823173.035949666
2019-05-30,2978.753173828125,2978.753173828125,2978.753173828125,2978.753173828125,0,3060.3645629882812,104.91467573783378,3270.1939144639487,2850.535211512614,0.3055291393072332,13.712702990573145,True,27.60060223910822,94.80631359258278,59926980.0,0.0,9823173.035949666
2019-05-31,3070.12646484375,3079.2637459891184,2997.0282156808034,2997.0282156808034,89160800,3048.787707519531,88.35463970019373,3225.4969869199185,2872.0784281191436,0.5603781459486052,11.592101277799804,True,26.63938690134849,95.21376063318354,61425410.0,1.4515295868599005,9823173.035949666
2019-06-03,3070.12646484375,3070.12646484375,3070.12646484375,3070.12646484375,0,3043.90341796875,84.0224526830998,3211.9483233349497,2875.8585126025505,0.5780239270504965,11.041408500295907,True,25.74682980200017,88.41277773081329,58647800.0,0.0,9823173.035949666
2019-06-04,3070.12646484375,3070.12646484375,3070.12646484375,3070.12646484375,0,3037.6806030273438,76.55221575148582,3190.7850345303154,2884.576171524372,0.6059599042885199,10.08035086706537,True,24.91802678117673,82.09757932146948,55552300.0,0.0,9823173.035949666
2019-06-05,3070.12646484375,3070.12646484375,3070.12646484375,3070.12646484375,0,3035.0271728515627,74.31929314108153,3183.6657591337257,2886.3885865693996,0.6180692472597854,9.794876804513713,True,24.148423976126395,76.23346651279309,53468180.0,0.0,9823173.035949666
2019-06-06,3070.12646484375,3070.12646484375,3070.12646484375,3070.12646484375,0,3035.496923828125,74.51973482268312,3184.5363934734914,2886.4574541827587,0.6161757388765022,9.81977405250734,True,23.433792800008224,70.78821890473644,49976690.0,0.0,9823173.035949666
2019-06-07,3070.12646484375,3070.12646484375,3070.12646484375,3070.12646484375,0,3035.5205078125,74.53118781287831,3184.5828834382564,2886.4581321867436,0.6160787787192306,9.821206955585742,True,22.770206707898495,65.73191755439812,47719130.0,0.0,9823173.035949666
2019-06-10,3170.635986328125,3188.9105453271345,3124.9495888306014,3134.0868683301064,101675200,3042.3542602539064,80.41432773799173,3203.18291572989,2881.525604777923,0.8988148930753665,10.57264484791203,True,21.745172558174136,69.52135776361143,51767390.0,1.9640781580836895,9823173.035949666
2019-06-11,3134.087158203125,3170.636279581587,3097.5380368246633,3143.2244385477406,44879800,3048.2529052734376,82.68307425032717,3213.6190537740918,2882.8867567727834,0.7595278831487928,10.84989688451197,True,20.430724820168106,69.77684954884803,50589110.0,0.8871434978792867,9823173.035949666
2019-06-12,3143.224609375,3161.4991710574127,3115.8127668513807,3124.9500476925873,39229000,3058.6239501953123,80.82370561580588,3220.271361426924,2896.9765389637005,0.7616826911581963,10.569943468943912,True,19.21016620630536,68.0561034529326,48015260.0,0.8170110918903698,9823173.035949666
2019-06-13,3161.498779296875,3170.6360590058257,3115.8123807521224,3143.224219878974,54401400,3070.801062011719,76.75909901934976,3224.3192600504185,2917.282863973019,0.7953972833314934,9.99857658888056,True,18.199543441203332,67.11093022441622,48912910.0,1.1122094350959695,9823173.035949666
2019-06-14,3106.675048828125,3161.498726160386,3088.4004897173713,3143.2241670496323,40394600,3081.57548828125,64.33915955683051,3210.253807394911,2952.897169167589,0.5975283199211859,8.351463048885517,True,16.94571495234286,67.53859874977961,47860280.0,0.8440109418499014,9823173.035949666
2019-06-17,3088.400634765625,3115.8124747191664,3079.2633547811115,3106.6751947346525,21955800,3085.635986328125,61.9145211743111,3209.4650286767474,2961.8069439795026,0.511163166511926,8.02616011073799,True,15.917189469134245,65.32506454894214,46775320.0,0.46938855789762635,9823173.035949666
2019-06-18,3188.91064453125,3198.047924315007,3088.400566909921,3106.6751264774352,62706200,3091.598779296875,65.90819330463941,3223.4151659061536,2959.7823926875963,0.8691189985461384,8.527392848774367,True,15.743945200470797,68.49094261009527,45995090.0,1.3633237808644358,9823173.035949666
2019-06-19,3252.87158203125,3298.5579806552846,3225.4597428568295,3225.4597428568295,79746600,3102.563513183594,73.54618315907851,3249.655879501751,2955.471146865437,1.0109308953618423,9.481989051513276,False,16.637952087573897,71.43068500394808,47939570.0,1.6634817542168192,9823173.035949666
2019-06-20,3216.322998046875,3289.4212480024858,3188.911154313521,3289.4212480024858,54402200,3108.0459106445314,77.83077530964701,3263.7074612638253,2952.3843600252376,0.8477965077810388,10.016682835100948,False,16.8940153254648,73.50778562430644,48498900.0,1.1217202864394862,9823173.035949666
2019-06-21,3234.59716796875,3252.87172823976,3216.3226076977403,3243.734448104255,51525600,3111.700830078125,82.07371685277779,3275.8482637836805,2947.5533963725693,0.8743474238868519,10.550335181254194,False,17.131788332077782,70.86788097557168,48656440.0,1.0589677337676164,9823173.035949666
2019-06-24,3243.734619140625,3280.2837416098155,3216.3227772887326,3252.8718997579226,32097800,3114.898876953125,86.01721468484185,3286.9333063228087,2942.8644475834417,0.8744475529100214,11.045907823367992,False,17.647124378707385,70.37452978596535,48648990.0,0.6597834816303484,9823173.035949666
2019-06-25,3262.009033203125,3280.2835936132265,3252.871752998074,3271.1463134081755,18337600,3129.061669921875,85.7396041633311,3300.540878248537,2957.582461595213,0.8876486385101274,10.960423693467407,False,18.125650707720585,67.95841869215364,38440270.0,0.4770413943502478,9823173.035949666
2019-06-26,3234.59716796875,3271.14628851077,3234.59716796875,3262.009008375265,28871200,3141.853869628906,81.09338496052236,3304.040639549951,2979.6670997078613,0.7859151162113683,10.324272015884757,False,18.228672811663948,65.71489739571551,35969190.0,0.8026647250049278,9823173.035949666
2019-06-27,3252.87158203125,3271.1461414808637,3243.734302306443,3271.1461414808637,18194800,3155.5597900390626,75.01321112181456,3305.5862122826916,3005.5333677954336,0.8243155123507581,9.508704142904028,False,18.32433619389707,63.63161711831538,36878930.0,0.49336572400555007,9823173.035949666
2019-06-28,3362.51904296875,3371.656322976817,3252.871682871943,3262.00896288001,81840600,3170.1794189453126,85.27702946881212,3340.7334778829368,2999.6253600076884,1.0638670378808772,10.759899450382896,False,19.54421172162076,67.57112596311907,36512920.0,2.2414148197405193,9823173.035949666
2019-07-01,3426.47998046875,3453.8918203125,3399.068140625,3399.068140625,56506600,3187.9970947265624,99.3402595424676,3386.6776138114974,2989.3165756416274,1.1001667572658125,12.464284827209104,False,21.359024360928075,69.27124391887843,39338250.0,1.436428920961151,9823173.035949666
2019-07-02,3417.3427734375,3426.480053580381,3389.9309330088568,3417.3427734375,33067800,3205.35791015625,107.64934616372341,3420.6566024836966,2990.0592178288034,0.9923041124626141,13.43367563698692,False,22.864253451241556,66.93394939406743,40991640.0,0.8066961946387117,9823173.035949666
2019-07-03,3408.20556640625,3417.342846745141,3380.7937253895775,3417.342846745141,34549000,3222.261865234375,111.76196668747878,3445.7857986093322,2998.7379318594176,0.9159368940147405,13.873728624392795,False,24.075036681890612,64.76360453417428,42719090.0,0.8087485009629185,9823173.035949666
2019-07-04,3426.47998046875,3435.617260416667,3399.068140625,3408.205420572917,24270400,3240.079541015625,114.60101815754132,3469.281577330708,3010.8775047005424,0.9066291086456169,14.147926519312412,False,25.362985162149798,62.74828419542374,43932610.0,0.5524461214573867,9823173.035949666
2019-07-05,3362.51904296875,3408.205443009086,3325.969922936481,3389.930882992952,40019800,3254.699169921875,110.35044331184002,3475.4000565455553,3033.998283298195,0.7442669685118207,13.561983771850583,False,25.128915622322076,65.44555371948412,45933600.0,0.8712532873539196,9823173.035949666
2019-07-08,3280.283447265625,3353.3816856448034,3271.1461674682278,3316.832566455214,39037200,3260.18154296875,108.66510469038047,3477.511752349511,3042.851333587989,0.5462473770999242,13.332399224790304,False,24.02064569804426,67.29750527527256,42801700.0,0.9120478859484553,9823173.035949666
2019-07-09,3344.244384765625,3353.381664505422,3280.2834265870474,3280.2834265870474,21892000,3270.689404296875,105.95740432083709,3482.604212938549,3058.774595655201,0.6735484672831988,12.958418391136158,False,22.991537911214856,67.71184332120842,41652310.0,0.5255890969792552,9823173.035949666
2019-07-10,3344.244384765625,3380.793503724812,3335.1071050258283,3335.1071050258283,34132000,3280.7403930664063,102.71449259198614,3486.1693782503785,3075.311407882434,0.6545643416442611,12.523330746811334,False,22.397032400336347,66.1385972767638,41397460.0,0.8244950294051857,9823173.035949666
2019-07-11,3380.79345703125,3389.930736644848,3344.2443385768584,3362.518897804054,27475200,3291.705126953125,101.00615357763141,3493.717434108388,3089.692819797862,0.720502234078376,12.274022086677615,False,21.96495623740228,64.67772590470851,40051150.0,0.6860027739528078,9823173.035949666
2019-07-12,3362.51904296875,3380.7936029848847,3344.2444829526157,3362.51904296875,27073600,3304.4973266601564,92.15213153260407,3488.8015897253645,3120.1930635949484,0.657407417885025,11.154753346493623,False,21.56374265753493,62.66853977096284,39385100.0,0.6874071666696289,9823173.035949666
2019-07-15,3353.382080078125,3408.20576531101,3353.382080078125,3380.7939226945673,39008200,3317.7463989257812,77.29964666802344,3472.345692261828,3163.1471055897346,0.6152517595112282,9.31953650140968,False,21.574145472107617,62.108193018243,40237720.0,0.9694435967047834,9823173.035949666
2019-07-16,3316.83251953125,3362.5189178719006,3307.6952398631197,3353.3816382037703,34469200,3324.1424926757813,71.1238561595147,3466.3902049948106,3181.894780356752,0.474305480821594,8.558460573362868,True,20.686908456067485,61.58787051756714,38825870.0,0.8877895073568216,9823173.035949666
2019-07-17,3307.6953125,3316.8325923687844,3280.2834728936464,3280.2834728936464,21264800,3326.883679199219,69.26461097828705,3465.412901155793,3188.354457242645,0.4307425306076068,8.327866875701408,True,19.37578945936094,59.799388300250776,35901780.0,0.5923048940748898,9823173.035949666
2019-07-18,3243.734619140625,3316.8328640790055,3234.597338523328,3307.695583461708,39663600,3328.254260253906,67.20223698841833,3462.6587342307425,3193.8497862770696,0.1855772780010011,8.076574892843855,True,18.562496504510804,61.40196953278127,35164850.0,1.1279331491532028,9823173.035949666
2019-07-19,3252.87158203125,3280.2834212056705,3234.5970225816363,3243.734302306443,29465600,3329.1679809570314,65.97482454413041,3461.117630045292,3197.2183318687707,0.2108882082939568,7.926884425358994,True,17.80730084015605,60.27942875358505,34061850.0,0.8650616452130463,9823173.035949666
2019-07-22,3234.59716796875,3271.14628851077,3207.185327562235,3243.734448104255,29243600,3328.7111083984373,66.62600910908066,3461.963126616599,3195.459090180276,0.14685735462706825,8.006223062251495,True,17.537051697496565,60.5423953389386,33919140.0,0.8621562928777086,9823173.035949666
2019-07-23,3152.361572265625,3262.0089313009507,3152.361572265625,3252.8716513813406,82475600,3323.2287353515626,76.22347355004655,3475.6756824516556,3170.7817882514696,-0.06041516847743215,9.174628606114632,False,18.046186901118023,64.0498927458234,37126040.0,2.2215027511687215,9799710.182147179
2019-07-24,3079.263427734375,3134.087108940328,3079.263427734375,3124.949828739336,86821600,3315.462048339844,92.00898941262382,3499.4800271650915,3131.4440695145963,-0.14178136862859086,11.100593289396341,False,19.330961953578935,64.69619644478244,40023560.0,2.169262304502648,9573105.934100304
2019-07-25,3106.675048828125,3115.812328383502,3079.2632101619947,3079.2632101619947,64678600,3308.1522216796875,102.4574884623563,3513.0671986044,3103.237244754975,0.008388367030910024,12.38848536544479,False,20.523969569475238,62.68569085740565,42347750.0,1.5273208139747685,9658081.959490929
2019-07-26,3079.263427734375,3097.5379881363597,3070.1261475333827,3088.4007079353673,39358000,3293.9894409179688,113.5262185012872,3521.0418779205434,3066.937003915394,0.027144442891051383,13.785863074248327,False,21.729573731492046,60.81877731721542,40223620.0,0.9784798086298548,9573105.934100304
2019-07-29,3051.851318359375,3088.400435944517,3033.576759566804,3070.125877151946,40294600,3275.2580078125,121.16444655245482,3517.58690091741,3032.9291147075905,0.03904240103055439,14.797545263724599,False,23.22658319475947,60.39055582153669,39413020.0,1.0223677353321314,9474548.211297056
2019-07-30,3051.851318359375,3060.9885977556605,3006.1649213779474,3033.576759566804,54556800,3256.983435058594,126.06992778484218,3509.123290628278,3004.8435794889097,0.09321758903259497,15.483029655945927,False,24.87801328062026,59.99292157554929,40487470.0,1.34749837418836,9474548.211297056
2019-07-31,3097.5380859375,3106.6753664269913,3024.4398420215707,3070.1262444690265,43706400,3241.450061035156,125.5949796427542,3492.6400203206645,2990.2601017496477,0.2135395548711357,15.498616641052983,False,25.33680271929198,61.5816789205401,40945340.0,1.0674328262996473,9474548.211297056
2019-08-01,3015.302490234375,3088.4007324218746,3015.302490234375,3088.4007324218746,64720000,3220.8911865234377,127.35387613953903,3475.598938802516,2966.1834342443594,0.09642238123988622,15.815979958888612,False,25.869125561462546,63.056958690724734,42967820.0,1.5062435096777076,9474548.211297056
2019-08-02,2960.478515625,2987.8903537326387,2933.066677517361,2987.8903537326387,78779000,3200.78916015625,135.30388132865195,3471.396922813554,2930.1813974989464,0.055979765378020144,16.908815240057468,False,27.196510904012108,64.4268768354597,44905780.0,1.7543175956413628,9474548.211297056
2019-08-05,2896.517822265625,2942.2042232477324,2887.3805420692033,2933.066943051311,61291400,3181.60087890625,149.86547799197584,3481.3318348902017,2881.869922922298,0.024435079278416778,18.841518304268977,False,28.802268664526572,65.04624088691233,46018490.0,1.3318863787142952,9474548.211297056
2019-08-06,2859.968505859375,2905.6549037165532,2759.458430573582,2850.831226287939,69999200,3157.3870849609375,160.91872506110232,3479.224535083142,2835.549634838733,0.03793665251102711,20.386315739059054,False,31.087540630929997,70.84268604805939,48423850.0,1.445552140112775,9474548.211297056
2019-08-07,2878.2431640625,2923.9295634920636,2859.9686042906746,2887.3804439484124,56503000,3134.087023925781,166.09282544629568,3466.2726748183723,2801.90137303319,0.11490832133202895,21.198240403452033,False,32.8319920826783,70.3511411612472,49542400.0,1.1404978361968738,9474548.211297056
2019-08-08,2969.61572265625,2978.7530018028847,2878.2429311899036,2887.3802103365383,52673200,3113.5281372070312,159.25535518936474,3432.038847585761,2795.0174268283017,0.2740854391055481,20.459793285468578,False,33.38533503629759,72.50535040779963,50802300.0,1.0368270727900115,9474548.211297056
2019-08-09,2896.517822265625,2987.8906242298403,2896.517822265625,2978.7533440334187,41206600,3090.228076171875,154.94009771647296,3400.108271604821,2780.347880738929,0.1874433139626599,20.05549026121209,False,33.72903345034403,73.85302551897219,51508950.0,0.7999891281029802,9474548.211297056
2019-08-12,2896.517822265625,2923.9296628548896,2850.831421283517,2905.655102462046,26290000,3067.38486328125,147.60538232245804,3362.5956279261663,2772.174098636334,0.21060160827613042,19.248368092233637,False,34.41721865576832,73.79911237985792,50873040.0,0.5167766659904736,9474548.211297056
2019-08-13,2887.380615234375,2887.380615234375,2859.9687739505043,2878.2433348064183,36218200,3045.9122680664063,140.47205718046334,3326.856382427333,2764.96815370548,0.21785909594039923,18.447288669891616,False,35.05624777509088,71.13839351809098,50960490.0,0.710711376597831,9474548.211297056
2019-08-14,2960.478515625,2969.6157949942126,2905.654839409722,2923.929398148148,53094000,3028.5514282226563,127.24947867195652,3283.0503855665693,2774.0524708787434,0.3662609204609292,16.80664590815741,False,34.12809739349454,71.93102110678716,52551950.0,1.0103145554066024,9474548.211297056
2019-08-15,2933.06689453125,2933.06689453125,2869.1059342143694,2887.3804943049067,34110000,3013.0180419921876,118.24237716352384,3249.502796319235,2776.53328766514,0.33095919293306997,15.697533239507944,False,33.63586382376887,73.31970398563313,52274270.0,0.6525198725874125,9474548.211297056
2019-08-16,2896.517822265625,2960.4787836405753,2887.3805420692033,2933.066943051311,25707800,2995.2003540039063,106.45906448525889,3208.1184829744243,2782.2822250333884,0.2682617910099483,14.217287914372372,False,32.716214352290294,73.30388524175733,52086380.0,0.49356088866225684,9474548.211297056
2019-08-19,2878.2431640625,2933.066843377976,2859.9686042906746,2923.9295634920636,21047400,2977.3826538085937,93.28954833655416,3163.961750481702,2790.8035571354853,0.23432315968441858,12.533094893559685,False,32.156371028717196,73.28919623072476,51676570.0,0.40729096377720114,9474548.211297056
2019-08-20,2832.556884765625,2896.5178466796874,2823.4196044921873,2896.5178466796874,34351800,2961.3924194335937,89.02955934764339,3139.45153812888,2783.333300738307,0.1382225869362929,12.025364657976855,True,32.00908998169123,73.27555665620872,49270380.0,0.6972099667183407,9474548.211297056
2019-08-21,2768.595947265625,2841.6941900977204,2768.595947265625,2814.2823490356845,36213000,2945.8590454101563,94.32591239298401,3134.5108701961244,2757.2072206241883,0.03018451227375519,12.8079328900614,False,32.37590770903131,73.26289138305778,46739950.0,0.7747761818316024,9474548.211297056
2019-08-22,2777.733154296875,2823.419554860968,2732.0467537327813,2786.8704344096936,62568600,2929.4119506835937,93.48362283676032,3116.3791963571143,2742.444705010073,0.09437067214548947,12.764831223542384,False,33.01965746111021,74.5564563648527,46634450.0,1.341681954006105,9474548.211297056
2019-08-23,2786.870361328125,2796.007641201332,2722.9094022156764,2777.733081454918,35492200,2914.7922973632812,91.66085122329146,3098.1139998098643,2731.4705949166982,0.15109985798754338,12.578714621444256,False,33.69216931784865,74.45229798062432,46441160.0,0.7642401697115231,9474548.211297056
2019-08-26,2741.183837890625,2750.3211173502605,2695.497440592448,2732.0465584309895,30273800,2899.258923339844,93.51654204516363,3086.292007430171,2712.225839249517,0.07741410772845662,12.902130443380443,False,34.54087995624094,75.66091389169951,45940120.0,0.6589839121012309,9474548.211297056
2019-08-27,2768.595947265625,2786.8705079736487,2722.909545495565,2722.909545495565,46766400,2885.096154785156,90.59401139779035,3066.284177580737,2703.9081319895754,0.17851018593274082,12.560276197038794,False,34.57385715859001,74.82520307644124,45550600.0,1.0266911961642657,9474548.211297056
2019-08-28,2777.733154296875,2786.8704344096936,2750.321313958419,2777.733154296875,29902600,2869.105908203125,78.5458978019405,3026.1977038070063,2712.014112599244,0.2091740101543765,10.950574891971497,True,34.60447884648558,72.09119717464363,44860410.0,0.6665699221206405,9474548.211297056
2019-08-29,2750.3212890625,2786.870409182932,2741.184009032392,2786.870409182932,42715800,2855.8568481445313,74.8490749746959,3005.554998093923,2706.1586981951396,0.14750546644127008,10.483589192970344,True,34.72865055066934,70.20514024435049,43760200.0,0.9761335642890114,9474548.211297056
2019-08-30,2814.281982421875,2814.281982421875,2768.595586603338,2768.595586603338,36471000,2848.547021484375,71.14085409435758,2990.82872967309,2706.26531329566,0.3795873359312902,9.98977423336142,True,34.23566720592759,69.7591083239951,41644800.0,0.8757636007376671,9474548.211297056
2019-09-02,2786.870361328125,2823.419480820953,2786.870361328125,2805.144921074539,20164000,2843.0646484375,71.47361887259436,2986.011886182689,2700.1174106923113,0.3034439559806517,10.055855593980267,True,33.57765965080552,67.38696626462603,39588430.0,0.509340734148841,9474548.211297056
2019-09-03,2722.90966796875,2805.1451948537124,2677.2232641437713,2796.0079140887165,34817800,2836.211706542969,76.18305806399677,2988.577822670962,2683.8455904149755,0.12819148556940044,10.74434011935667,True,34.14925532118767,71.71089229643424,37829360.0,0.9203909344487985,9474548.211297056
2019-09-04,2713.772216796875,2741.184057370581,2677.223096031934,2741.184057370581,49092600,2827.9881591796875,80.17925935611562,2988.3466778919187,2667.6296404674563,0.1438731683853451,11.340819670104015,False,34.6800242508623,71.15732579944944,37458840.0,1.3105744865564444,9474548.211297056
2019-09-05,2750.3212890625,2768.595849122716,2722.909448972176,2741.184009032392,31491600,2817.0234375,74.59181291826779,2966.2070633365356,2667.8398116634644,0.27644279637435787,10.59157860389904,False,34.56436292316146,69.99063340847742,36399760.0,0.8651595505025308,9474548.211297056
2019-09-06,2777.733154296875,2796.0077145225123,2759.4585940712377,2777.733154296875,37695400,2811.0842041015626,72.63235172027552,2956.3489075421135,2665.8195006610117,0.38520594124113433,10.335137113900737,False,33.8785491356547,68.25461855501563,36224200.0,1.0406137333605712,9474548.211297056
2019-09-09,2759.45849609375,2786.8703354589197,2741.18393651697,2777.7330556705297,25346600,2804.231237792969,70.58431295904582,2945.3998637110603,2663.0626118748773,0.3414210614857271,10.068258566950156,False,33.46610350237529,66.64260286836807,36177030.0,0.7006268894931397,9474548.211297056
2019-09-10,2832.556884765625,2841.694165039062,2759.458642578125,2759.458642578125,39409600,2801.4900512695312,68.20981590053432,2937.9096830706,2665.0704194684627,0.6138649660827277,9.739076655956588,False,31.992965058498754,67.75639330243551,36336600.0,1.0845703780760996,9474548.211297056
2019-09-11,2923.9296875,2923.9296875,2832.556884765625,2832.556884765625,59184000,2799.6626098632814,64.09135855980362,2927.8453269828888,2671.479892743674,0.9847263360815052,9.157011753346021,False,30.091309273262855,69.4432796904312,36641100.0,1.6152353504670984,9474548.211297056
2019-09-12,2878.2431640625,2969.6159629216268,2869.105884176587,2960.4786830357143,48065600,2796.921423339844,59.060299631257216,2915.0420226023584,2678.8008240773293,0.8442318326794314,8.446472487701502,False,28.920689590019194,71.66233676576037,37338880.0,1.2872801755167804,9474548.211297056
2019-09-13,2869.106201171875,2914.792605649134,2859.968920276423,2905.655324753682,17730000,2795.5508422851562,56.90615103246789,2909.363144350092,2681.7385402202203,0.8231432698934055,8.142388279506502,True,27.682521883218186,70.45957595197115,36939990.0,0.4799676448206943,9474548.211297056
2019-09-16,2805.14501953125,2850.8314205008146,2768.5958987555987,2832.5568601129885,35483200,2791.8959350585938,53.564890160723714,2899.025715380041,2684.7661547371463,0.5618366080510098,7.674339073759147,True,26.208501128127235,72.60605641370724,37661780.0,0.9421540883091558,9474548.211297056
2019-09-17,2832.556884765625,2841.694165039062,2768.595922851562,2768.595922851562,28974800,2791.8959350585938,53.564890160723714,2899.025715380041,2684.7661547371463,0.6897742606445488,7.674339073759147,True,24.839767569828492,72.64121254040674,37392930.0,0.774873752872535,9474548.211297056
2019-09-18,2887.380615234375,2887.380615234375,2841.6942130945904,2850.8314935225476,24518400,2797.835168457031,57.30054493658995,2912.436258330211,2683.2340785838514,0.8906832250741985,8.192125909717598,False,23.237198809212444,71.36853524957412,36808200.0,0.6661124423362186,9474548.211297056
2019-09-19,2841.6943359375,2905.655301698151,2841.6943359375,2905.655301698151,25170600,2801.0332275390624,57.90131373453415,2916.8358550081307,2685.230600069994,0.6755621149843878,8.268565065956778,False,22.004489819700677,70.83942314322248,34938300.0,0.7204300151982209,9474548.211297056
2019-09-20,2796.0078125,2841.694214665033,2786.8705320669937,2823.4196537990197,53056600,2801.490100097656,57.81967151949514,2917.1294431366464,2685.8507570586657,0.47629575085095566,8.255559641989047,False,20.8068023403485,69.69545033802846,35816520.0,1.4813443628805925,9474548.211297056
2019-09-23,2768.595947265625,2796.007788327661,2750.321386557601,2777.7332276196366,34235800,2802.860705566406,56.62749133357974,2916.1156882335654,2689.6057228992468,0.3487273694549915,8.081385025109379,False,20.17265661954224,67.98052002405494,36014620.0,0.9506083918142132,9474548.211297056
2019-09-24,2722.90966796875,2768.596071793729,2704.6351064387586,2768.596071793729,38873600,2800.5763916015626,58.956056635291326,2918.4885048721453,2682.66427833098,0.17065841889126224,8.42056039779386,False,20.129905267562375,67.6934089762632,35619980.0,1.0913425554983467,9474548.211297056
2019-09-25,2732.046875,2750.3214360367892,2686.3604724080265,2704.635033444816,26900200,2798.2920776367187,60.74564529117169,2919.783368219062,2676.800787054375,0.22736645433929492,8.683245866525002,False,20.29728649615585,67.42680573715603,35469860.0,0.7583960015630171,9474548.211297056
2019-09-26,2759.45849609375,2796.0076152473093,2741.18393651697,2750.32121630536,30615000,2798.7489379882813,60.399246721680186,2919.5474314316416,2677.950444544921,0.3373719705661985,8.632320806180584,False,19.678827055240994,67.1792296307384,34864820.0,0.8781057811283696,9474548.211297056
2019-09-27,2713.772216796875,2759.4586177530514,2713.772216796875,2750.321337561816,30928400,2793.7234497070312,63.157267412034095,2920.0379845310995,2667.408914882963,0.18352322627988582,9.042737199869546,False,19.445808091586546,65.64402758255541,34587690.0,0.894202532750814,9474548.211297056
2019-09-30,2686.3603515625,2704.6349117772106,2613.262110703656,2695.4976316698553,80081800,2788.69794921875,67.57558147883785,2923.849112176426,2653.5467862610744,0.12139579335954934,9.69277888238403,False,20.279859427478513,68.13446176188852,37583580.0,2.1307656162611437,9474548.211297056
2019-10-01,2658.948486328125,2704.6348864368556,2649.811206306379,2677.2230463716173,32188800,2785.499890136719,72.20766782602281,2929.9152257887645,2641.0845544846734,0.061849151140336595,10.369078538714808,False,21.054335667949623,67.18369164535909,37452130.0,0.8594651358948076,9474548.211297056
2019-10-02,2531.0263671875,2668.0855567463896,2521.8890878835737,2640.673718834612,73132000,2776.36259765625,90.90397219233736,2958.1705420409244,2594.5546532715753,-0.1747126240800024,13.096844377470957,False,22.787775429051514,72.82746144660601,38654100.0,1.8919597144934173,9474548.211297056
2019-10-03,2521.88916015625,2558.438278419384,2485.340041893116,2503.614601024683,42558800,2764.9409912109377,107.23231784321086,2979.4056268973595,2550.476355524516,-0.06664780717055942,15.513143779064492,False,24.630365446481285,72.84680252372473,39207460.0,1.0854771005313784,9474548.211297056
2019-10-04,2512.752197265625,2558.4386008522724,2503.6149165482952,2521.8894779829543,26569200,2751.691943359375,121.04836632003459,2993.788675999444,2509.5952107193057,0.006520093253412256,17.596208996019218,False,26.341335876643942,71.55943693659991,38651150.0,0.6874103357856105,9474548.211297056
2019-10-07,2439.653564453125,2540.163636396887,2430.5162851855102,2531.026357129272,43606000,2735.701696777344,139.66035937610997,3015.0224155295637,2456.380978025124,-0.029943023286499556,20.42040761105347,False,28.37647651475062,74.28000224194112,39564120.0,1.1021602401367705,9474548.211297056
2019-10-08,2494.477783203125,2494.477783203125,2448.791376917354,2467.065939431662,41912800,2718.797741699219,147.55703245906275,3013.9118066173446,2423.6836767810933,0.11994363339082525,21.709159191347762,False,30.26624996442111,72.89030342108819,39689280.0,1.0560231881253577,9474548.211297056
2019-10-09,2467.065673828125,2485.340234375,2457.9283935546873,2485.340234375,25237400,2695.954541015625,149.48018020206578,2994.914901419757,2396.9941806114934,0.11719194665458253,22.178442244171283,False,32.02103959625799,70.29452386589887,37991950.0,0.6642828283360027,9474548.211297056
2019-10-10,2467.065673828125,2503.614794921875,2457.9283935546873,2467.065673828125,23288400,2675.3956665039063,151.3535050274654,2978.102676558837,2372.6886564489755,0.15588839082719513,22.628952707432283,False,33.24610917926132,68.53680083027663,36753090.0,0.6336446813043475,9474548.211297056
2019-10-11,2549.301025390625,2558.4383050515235,2485.340067764337,2485.340067764337,33226000,2659.405407714844,146.63095565168393,2952.667319018212,2366.143496411476,0.3122763678466238,22.054697674346695,False,33.257972476220125,70.16793157264249,37527890.0,0.8853681888323591,9474548.211297056
2019-10-14,2531.0263671875,2585.8500430110557,2521.8890878835737,2585.8500430110557,51132400,2645.6994750976564,145.09456041299853,2935.8885959236536,2355.5103542716593,0.30241659717678293,21.936665411727148,False,32.756059776926975,69.7245761122739,38310350.0,1.3346889287098656,9474548.211297056
2019-10-15,2613.261962890625,2631.536522071678,2494.4773282137785,2540.1637261664114,68801400,2634.734729003906,138.3603581194175,2911.455445242741,2358.014012765071,0.4612013758761232,21.005584599665,False,31.495648874107008,74.53419166553286,40301680.0,1.7071596022796072,9474548.211297056
2019-10-16,2649.81103515625,2649.81103515625,2576.7127997036637,2631.536476293103,65482600,2622.85625,125.09019297434796,2873.0366359486957,2372.675864051304,0.5538707002430193,19.076942241779044,False,30.024642268403777,74.43162336460811,42349890.0,1.5462283373109116,9474548.211297056
2019-10-17,2695.49755859375,2704.63483845339,2640.673879435911,2649.811159295551,61564000,2615.5464111328124,115.53571973544814,2846.6178506037086,2384.4749716619162,0.6730009291585505,17.669075837260134,False,27.93822724309869,73.6837187683846,44169560.0,1.3938105790503685,9474548.211297056
2019-10-18,2732.046875,2741.1841555183946,2686.3604724080265,2686.3604724080265,38171800,2612.3483642578126,111.07679628421609,2834.5019568262446,2390.1947716893806,0.7694048503971763,17.007960776437066,False,26.500321983901188,72.33657336424056,43425320.0,0.879021732021779,9474548.211297056
2019-10-21,2695.49755859375,2741.1839578919494,2677.2229988744707,2732.0466780323095,37392000,2608.6934448242187,106.78467053994098,2822.2627859041004,2395.124103744337,0.7032223195769093,16.37366333737789,False,25.021679081032747,71.73831519661472,43583130.0,0.8579466412806974,9474548.211297056
2019-10-22,2677.22314453125,2732.0468266718217,2631.5367427474403,2713.772265958298,44307200,2606.4091186523438,104.68070816472435,2815.7705349817925,2397.047702322895,0.6691190934806108,16.06512307152302,False,23.509072224750522,73.79344153431235,43854810.0,1.010315630144105,9474548.211297056
2019-10-23,2759.45849609375,2759.45849609375,2640.673858844681,2668.0856982098508,65670400,2607.7796997070313,106.57457454316474,2820.928848793361,2394.630550620702,0.8558043675916478,16.347174503296856,False,21.96780147554507,77.00709837108069,45793320.0,1.4340606883274678,9474548.211297056
2019-10-24,2887.380615234375,2951.341578230073,2777.7332500988923,2777.7332500988923,149978000,2614.1758056640624,119.24249289052868,2852.6607914451197,2375.690819883005,1.0727924730262266,18.245520080504033,False,22.60618639237311,85.21252578288372,51761470.0,2.897483398365618,9474548.211297056
2019-10-25,2859.968505859375,2914.7921832879892,2823.419387573632,2896.5176241451177,58625000,2621.4856201171874,129.69247202845727,2880.870564174102,2362.1006760602727,0.9597084202579222,19.789156352138946,False,23.198972386570578,85.65254506370327,53146300.0,1.103087138709562,9474548.211297056
2019-10-28,2841.6943359375,2878.2434592293007,2823.4197742916,2869.1061784063504,21229200,2629.2523193359375,138.15691386479236,2905.5661470655223,2352.9384916063527,0.8844216164409069,21.018433696722767,False,23.749416524039653,83.45048362613167,50203670.0,0.42286151590112836,9474548.211297056
2019-10-29,2823.41943359375,2859.9685524752226,2796.0075944326454,2841.693993034486,48916600,2637.475866699219,144.75492818166197,2926.985723062543,2347.9660103358947,0.8211351233948644,21.953554913519916,False,23.792317383680768,82.05837465587778,51040060.0,0.9583962087818862,9474548.211297056
2019-10-30,2832.556884765625,2869.106005859375,2786.8704833984375,2832.556884765625,46691200,2652.552392578125,148.73234002849156,2950.017072635108,2355.087712521142,0.8025644795089925,22.428562081510094,False,23.927573152849472,82.0710280705249,49718020.0,0.9391202626331459,9474548.211297056
2019-10-31,2805.14501953125,2841.6941403069018,2777.7331789495115,2814.282299725163,28738000,2666.715185546875,149.1210751169513,2964.9573357807776,2368.4730353129726,0.7320762405243666,22.367754295645987,False,23.88563101778421,80.77745187672957,49026980.0,0.5861670451657435,9474548.211297056
2019-11-01,2805.14501953125,2823.4195799190757,2786.8704591434243,2823.4195799190757,19296200,2681.334826660156,147.5570085883843,2976.4488438369244,2386.2208094833877,0.7097667099237338,22.012470374269476,False,23.846684749509322,77.61828536950969,48663330.0,0.3965244466418554,9474548.211297056
2019-11-04,2786.870361328125,2832.55676069416,2786.870361328125,2805.144921074539,33528400,2698.695666503906,137.7236527982106,2974.1429721003274,2423.2483609074848,0.6600572832493238,20.413365539157404,False,23.92651945856484,75.3374363692615,48159450.0,0.6961956583806501,9474548.211297056
2019-11-05,2823.41943359375,2850.8312727548546,2768.5957552715413,2777.7330349919093,101298400,2715.1427490234373,131.5553175645539,2978.253384152545,2452.0321138943295,0.7057626528801878,19.38097989313759,False,23.611142909564197,75.83015644883663,51128730.0,1.9812422487317796,9474548.211297056
2019-11-06,2741.183837890625,2841.6939119466147,2722.909278971354,2841.6939119466147,73559600,2728.8486572265624,117.9223863147591,2964.6934298560805,2493.0038845970444,0.5261510580169602,17.285295174208485,False,22.420818293553477,78.8983333435812,53544840.0,1.3737943749575123,9474548.211297056
2019-11-07,2777.733154296875,2777.733154296875,2658.948512830232,2741.1840338456,47956400,2744.38203125,100.84948247002546,2946.0809961900513,2542.683066309949,0.5826754937904303,14.699044276148546,False,21.36832793640718,81.74735535237133,54778240.0,0.8754644179878726,9474548.211297056
2019-11-08,2805.14501953125,2814.282299725163,2741.18405817386,2796.007739337337,34375400,2757.1742309570313,90.49701321207897,2938.1682573811895,2576.180204532873,0.6325203641301383,13.128950966681135,True,19.890365156290112,81.12956150943786,54835710.0,0.6268798197379044,9474548.211297056
2019-11-11,2759.45849609375,2796.0076152473093,2741.18393651697,2777.7330556705297,29695800,2768.595837402344,73.21841093953289,2915.03265928141,2622.159015523278,0.4688010802496794,10.57841812089564,True,18.517969144299755,79.9032416169266,53763880.0,0.552337368508374,9474548.211297056
2019-11-12,2777.733154296875,2777.733154296875,2722.9094736199627,2741.1840338456,43277200,2776.8193969726562,63.436714281895554,2903.6928255364473,2649.945968408865,0.5036010586872385,9.138039636435199,True,17.456797974133416,78.1118444069256,52487670.0,0.8245212637558497,9474548.211297056
2019-11-13,2686.3603515625,2777.7331526360545,2686.3603515625,2777.7331526360545,47613000,2778.646862792969,60.019751116442954,2898.6863650258547,2658.607360560083,0.11559940888697584,8.640140914648473,True,17.05586684836061,79.05905571602912,51594190.0,0.9228364666641728,9474548.211297056
2019-11-14,2668.085693359375,2713.7720922182684,2622.3992945004816,2695.4975326747112,59175600,2777.27626953125,62.28856228429428,2901.8533940998386,2652.699144962661,0.06175511134165887,8.971172651081982,True,17.552406948665215,79.93860871615468,51474770.0,1.1496039710327992,9474548.211297056
2019-11-15,2722.90966796875,2759.4587910287332,2668.0859833787754,2686.3605449087668,34211400,2776.8194091796877,62.67010100754391,2902.1596111947756,2651.4792071645998,0.28494632869488973,9.027609184863428,True,17.163554744626985,80.75535792709778,51276750.0,0.6671912708976291,9474548.211297056
2019-11-18,2713.772216796875,2750.321337561816,2686.360376223169,2732.0467771793456,41639200,2777.7331420898436,61.54514670404714,2900.8234354979377,2654.6428486817495,0.24018696551111374,8.862643537851618,True,16.802477698020056,79.55575817077987,51489110.0,0.8086991598806039,9474548.211297056
2019-11-19,2777.733154296875,2777.733154296875,2695.4976332815068,2732.0467537327813,42106200,2782.758642578125,56.828886215433805,2896.4164150089928,2669.1008701472574,0.47789201664889724,8.168712204632154,True,15.965983597129561,79.74716980253619,51379060.0,0.8195206373958573,9474548.211297056
2019-11-20,2796.0078125,2805.1450929330067,2741.184129901961,2777.733251633987,48311000,2784.5861083984373,56.62748770517012,2897.8410838087775,2671.331132988097,0.5504247343667689,8.134420772175663,True,14.935902259373336,78.61958360457258,50511090.0,0.9564434265821624,9474548.211297056
2019-11-21,2814.281982421875,2823.4192615855823,2750.3210282759233,2786.8701449307528,42079800,2780.9311767578124,51.796534483041185,2884.5242457238946,2677.33810779173,0.6609702560070988,7.45024327332384,True,14.284399635013484,78.2252014406502,45116180.0,0.9326986460289856,9474548.211297056
2019-11-22,2796.0078125,2814.2823733660134,2786.8705320669937,2814.2823733660134,21247000,2777.7331420898436,48.5313765807606,2874.795895251365,2680.670388928322,0.5941384301130718,6.988630526868804,True,13.679432912393622,74.59567571624802,43247280.0,0.49129101298393796,9474548.211297056
2019-11-25,2741.183837890625,2796.0075146484373,2732.0465584309895,2786.8702351888023,25178600,2772.7076171875,46.730073181713166,2866.1677635509263,2679.247470824074,0.3313517551412091,6.74143539579032,True,13.277984333287662,73.83607417001677,43444750.0,0.5795544916244195,9474548.211297056
2019-11-26,2741.183837890625,2768.5956762695314,2713.7719995117186,2750.3211173502605,73842800,2768.595837402344,45.63829228417625,2859.8724219706965,2677.3192528339914,0.3498410099295979,6.593709586300142,True,13.200414928306438,72.47804578343077,44691060.0,1.6522946647495047,9474548.211297056
2019-11-27,2732.046875,2768.5959970735785,2713.7723139632108,2722.9095944816054,24769800,2763.5703369140624,43.71794687445066,2851.006230662964,2676.134443165161,0.31973386121841707,6.327748751749638,True,13.128379385012078,71.21701987821199,43594990.0,0.568179967468739,9474548.211297056
2019-11-28,2704.635009765625,2768.5959728344064,2686.36044888883,2732.046851080817,21981000,2758.5448364257813,44.45797788074315,2847.4607921872675,2669.628880664295,0.19684953505551087,6.446584053112126,True,13.516383303131857,72.00405588302374,43257140.0,0.5081473255051073,9474548.211297056
2019-11-29,2741.183837890625,2750.3211173502605,2677.222881673177,2704.634720052083,20343400,2755.34677734375,43.2124492993201,2841.77167594239,2668.92187874511,0.41806215753345444,6.273250199160535,True,14.024285840885025,72.08221158259941,43309500.0,0.4697214237061153,9474548.211297056
2019-12-02,2759.45849609375,2814.2821748240895,2722.90937694019,2722.90937694019,64660200,2753.976184082031,42.590213281900574,2839.156610645832,2668.79575751823,0.5321805855692248,6.1859958743393335,True,13.112383690024226,73.46011060412083,44866090.0,1.441181970615224,9474548.211297056
2019-12-03,2759.45849609375,2796.0076152473093,2732.0466567285803,2750.32121630536,41645000,2750.7781372070312,39.381895283647395,2829.541927774326,2672.0143466397367,0.5551037400828391,5.726655269062623,True,12.265617407082054,72.78159974087856,41883420.0,0.9943075326704457,9474548.211297056
2019-12-04,2713.772216796875,2759.4586177530514,2713.772216796875,2741.184057370581,42196800,2749.4075561523437,40.201831304184466,2829.8112187607126,2669.0038935439748,0.278397288136974,5.848799129721586,True,11.835646246453853,70.84622839911411,40315280.0,1.046670145909938,9474548.211297056
2019-12-05,2722.90966796875,2750.3215102637378,2713.7723872037545,2722.90966796875,53985800,2746.6663818359375,40.03753199665387,2826.741445829245,2666.59131784263,0.3516597259967659,5.830709147849511,False,11.43638731158481,68.39644733252473,40616750.0,1.329151150695218,9474548.211297056
2019-12-06,2768.595947265625,2786.8705079736487,2732.046825849577,2741.184106203589,29544800,2744.8389282226562,38.010689935678954,2820.8603080940143,2668.8175483512982,0.6562522219615715,5.539223383179249,False,10.969365080361202,68.0796182376943,40375220.0,0.7317557650459862,9474548.211297056
2019-12-09,2768.595947265625,2796.007788327661,2750.321386557601,2786.8705079736487,36970600,2745.29580078125,38.24982144899136,2821.7954436792324,2668.7961578832674,0.6522892499998164,5.573143912303545,False,10.72226449786581,66.48010277572043,40738960.0,0.9074998478115298,9474548.211297056
2019-12-10,2777.733154296875,2796.0077145225123,2750.321313958419,2768.5958741840564,38381200,2745.29580078125,38.24982144899136,2821.7954436792324,2668.7961578832674,0.7120098361693171,5.573143912303545,False,10.49281215236429,64.99483833203277,40494160.0,0.9478206240109684,9474548.211297056
2019-12-11,2750.3212890625,2796.00768921304,2750.3212890625,2796.00768921304,31571800,2748.49384765625,35.64831601416487,2819.79047968458,2677.1972156279203,0.5128157624999992,5.188051054880647,False,10.279748593666753,63.615664176211865,39692100.0,0.7954177279609796,9474548.211297056
2019-12-12,2750.3212890625,2805.144969243148,2750.3212890625,2759.458569092608,50870000,2752.6056274414063,30.214130419304304,2813.033888280015,2692.1773666027975,0.4810987578725182,4.39062248773922,True,10.301001524432104,62.98766531938587,39276820.0,1.2951659528444512,9474548.211297056
2019-12-13,2796.0078125,2814.2823733660134,2768.595971200981,2786.8705320669937,48904000,2756.260534667969,30.847428098083878,2817.9553908641365,2694.565678471801,0.8221279721088012,4.476707148702084,True,10.540998796728637,63.057195246823554,40011450.0,1.2222501309000298,9474548.211297056
2019-12-16,2814.281982421875,2832.5565407492895,2777.7328657670455,2796.00742409446,59955600,2761.286022949219,31.73561272011933,2824.757248389458,2697.81479750898,0.9174801975625494,4.59722208512451,False,11.190222087922137,62.469086656496444,40927270.0,1.464930350839428,9474548.211297056
2019-12-17,2814.281982421875,2823.4192615855823,2796.00742409446,2814.281982421875,45188200,2763.1134643554688,33.72263485421314,2830.558734063895,2695.6681946470426,0.8793336307172747,4.8818313528184145,False,11.793072286887533,59.964997430398284,41081370.0,1.0999681850921719,9474548.211297056
2019-12-18,2859.968505859375,2869.1057854308106,2796.0075488593247,2814.2821080021963,84394000,2766.3114990234376,39.537735698297425,2845.3869704200324,2687.2360276268428,1.0922001170641804,5.717033054629605,False,13.311475975539837,60.90308594047596,42885520.0,1.9678903275511175,9474548.211297056
2019-12-19,2859.968505859375,2869.1057854308106,2832.556667145068,2859.968505859375,38600800,2768.5958251953125,43.569377868803166,2855.734580932919,2681.457069457706,1.0242941552849643,6.294797885961506,False,14.721422257859835,59.16351682228073,42711570.0,0.9037551183438117,9474548.211297056
2019-12-20,2850.83154296875,2859.9688235551885,2832.5569817958735,2859.9688235551885,37723600,2771.33701171875,46.976218635329225,2865.2894489894084,2677.384574448092,0.9230573126112311,6.7802967934520595,False,16.030658091442692,56.89554003206889,43535400.0,0.8665040403901193,9474548.211297056
2019-12-23,2896.517822265625,2896.517822265625,2850.831421283517,2869.1059816763604,45834400,2779.1037109375,54.03854683190836,2887.180804601317,2671.0266172736833,1.0431960989502158,7.777838102152599,False,17.930168630704365,56.09488724278596,44568190.0,1.0284106220153881,9474548.211297056
2019-12-26,2905.655029296875,2923.9295892295595,2896.5177493305323,2905.655029296875,35309200,2787.3272705078125,60.13489533271575,2907.597061173244,2667.057479842381,0.9919263521387033,8.629757397919056,False,20.118315772297194,54.046098146803196,42641510.0,0.8280475996276867,9474548.211297056
2019-12-27,2896.517822265625,2914.792382658468,2869.1059816763604,2905.655102462046,19371400,2795.550817871094,63.337868832995284,2922.2265555370846,2668.875080205103,0.8985254250531919,9.062667496952072,False,21.085662121330532,53.448976920753495,42371590.0,0.4571789729863807,9474548.211297056
2019-12-30,2869.106201171875,2914.792605649134,2850.8316393809714,2905.655324753682,35604600,2803.774377441406,61.56477057655464,2926.9039185945153,2680.644836288297,0.7652971135871854,8.783127639925963,False,21.342517865510015,54.199833302711305,43052770.0,0.8269990525580584,9474548.211297056
2020-01-02,2841.6943359375,2878.2434592293007,2841.6943359375,2878.2434592293007,18602600,2808.79990234375,60.275432783243,2929.3507679102363,2688.249036777264,0.6364338341295773,8.583798758031486,False,21.270105585870887,52.939068301931975,42965730.0,0.43296366662454006,9474548.211297056
2020-01-03,2850.83154296875,2878.243384728065,2796.00785945012,2850.83154296875,32251400,2813.3685546875,59.79969235314172,2932.967939393783,2693.7691699812167,0.6566186497248843,8.502219483971444,False,19.842801330245567,55.03167237164718,41345290.0,0.7800501580712096,9474548.211297056
2020-01-06,2786.870361328125,2832.55676069416,2777.733081454918,2832.55676069416,26249200,2814.739147949219,58.804918439579005,2932.348984828377,2697.129311070061,0.3815201714388543,8.356713052067159,False,18.795167168540537,56.322157310374656,40575500.0,0.6469224039136917,9474548.211297056
2020-01-07,2759.45849609375,2814.2821748240895,2750.32121630536,2805.1448950356994,38049800,2817.0234619140624,55.46910837691492,2927.961678667892,2706.0852451602327,0.24055394297508748,7.876272118688803,False,18.4553307369016,56.86778596811429,40368150.0,0.9425698229916407,9474548.211297056
2020-01-08,2713.772216796875,2750.321337561816,2704.6349366056397,2741.184057370581,40926800,2816.5665893554688,56.3162388730124,2929.1990671014937,2703.934111609444,0.043673482925658265,7.997856551426274,False,19.02174951339482,56.72176979097115,39715200.0,1.0305072113447749,9452395.064523734
2020-01-09,2814.281982421875,2814.281982421875,2741.183749112216,2741.183749112216,43770600,2818.8508911132812,55.18320334226215,2929.2172977978057,2708.484484428757,0.4793011803652075,7.8305955829353,False,17.94068570630903,59.84948377911607,40426490.0,1.082720760570606,9794128.267648734
2020-01-10,2823.41943359375,2859.9685524752226,2805.144874153014,2814.282153873382,41985000,2821.5920654296874,53.9022332111142,2929.396531851916,2713.787599007459,0.5084753824433651,7.641392796857851,False,17.275316285171183,59.490497675051266,40677210.0,1.0321504350962123,9792570.792438574
2020-01-13,2841.6943359375,2850.8316167604503,2814.2824934686496,2832.55705511455,24716600,2824.7901245117187,53.05385035569801,2930.8978252231145,2718.682423800323,0.5796559124005495,7.5126077361047985,False,16.65747325125747,57.85182807624765,39993980.0,0.618008010205536,9792570.792438574
2020-01-14,2869.106201171875,2869.106201171875,2823.419796694616,2859.968920276423,40286800,2830.7293701171875,50.88290176260476,2932.495173642397,2728.963566591978,0.6885546506060891,7.190076494030681,False,16.429137932854236,56.982869247748475,40429730.0,0.9964647302863512,9792570.792438574
2020-01-15,2805.14501953125,2878.243261082553,2796.007739337337,2850.8314205008146,35369800,2833.470556640625,47.700348431230985,2928.8712535030872,2738.069859778163,0.3515443909691162,6.733840705623539,False,15.578893942848106,58.78663014042473,39654720.0,0.8919442628771556,9792570.792438574
2020-01-16,2814.281982421875,2841.6938199129972,2786.8701449307528,2805.1447032581677,38027400,2834.3842651367186,47.11642270758774,2928.6171105518943,2740.151419721543,0.3933371765106108,6.649263938856244,False,14.584116886046036,58.503561914840425,39110890.0,0.9722969740652795,9792570.792438574
2020-01-17,2841.6943359375,2841.6943359375,2805.1452126456993,2814.2824934686496,33630000,2835.7548828125,46.899080899390086,2929.5530446112803,2741.9567210137197,0.5316608183523978,6.615392773704848,False,13.660407079007431,56.935387727480446,37794610.0,0.8898094199146386,9792570.792438574
2020-01-20,2759.45849609375,2850.831293977649,2750.32121630536,2823.419454612479,35184600,2833.013708496094,49.736529219603185,2932.4867669353002,2733.5406500568874,0.1302757070282624,7.022419845049864,False,13.732634314935538,60.04786558068105,37294430.0,0.9434277451083178,9792570.792438574
2020-01-21,2768.595947265625,2796.007788327661,2741.184106203589,2768.595947265625,32903600,2828.4450805664064,51.302182202118914,2931.0494449706443,2725.8407161621685,0.20834996323845725,7.255178126611603,False,13.97044899161293,59.674709619494664,34719910.0,0.9476867883586104,9792570.792438574
2020-01-22,2786.870361328125,2814.282200947746,2768.595801581711,2786.870361328125,44490400,2824.790173339844,51.54146418489537,2927.8731017096347,2721.707244970053,0.31607132911625935,7.298448524968665,False,13.715450646724092,58.6755446013904,35014390.0,1.2706318744950291,9792570.792438574
2020-01-23,2796.0078125,2823.4196537990197,2759.458690767974,2786.8705320669937,44155400,2822.0489868164063,51.54145871777944,2925.1319042519654,2718.9660693808473,0.3736882164172078,7.305537070201486,False,13.244210372312882,59.053074489222915,35335980.0,1.2495875308962705,9792570.792438574
2020-01-24,2814.281982421875,2841.6938199129972,2777.7328657670455,2777.7328657670455,35702000,2817.9371948242188,48.47706978547841,2914.8913343951754,2720.983055253262,0.48114978680374626,6.881213658631917,False,12.346167161343876,59.4036373218464,34829360.0,1.0250547239455448,9792570.792438574
2020-01-27,2722.90966796875,2814.2824756187083,2722.90966796875,2814.2824756187083,28379600,2808.7999267578125,48.295427824394814,2905.3907824066023,2712.2090711090227,0.05539135556804313,6.877731285067659,False,12.667197491611878,61.687149488140115,34482880.0,0.8230055030206294,9792570.792438574
2020-01-28,2732.046875,2732.046875,2668.085911371237,2704.635033444816,42985000,2800.576379394531,46.5440288234144,2893.66443704136,2707.4883217477022,0.13191033239447103,6.647778531000396,False,13.851290786670953,61.849564783898884,35663560.0,1.2052919001916802,9792570.792438574
2020-01-29,2686.3603515625,2750.321312313988,2686.3603515625,2732.046752099277,33503800,2791.4390869140625,50.17849614211634,2891.796079198295,2691.08209462983,-0.023524733851912196,7.190340835642396,False,14.481626800184342,62.00037878158383,35558520.0,0.9422158177561946,9792570.792438574
2020-01-30,2649.81103515625,2713.771991177263,2649.81103515625,2686.360152882543,26904000,2781.844921875,57.82537366979416,2897.4956692145884,2666.194174535412,-0.07083023567091953,8.314679688301103,False,15.611877178602404,62.14042001297162,35973590.0,0.7478819878694342,9792570.792438574
2020-01-31,2631.53662109375,2668.085740831163,2594.987501356337,2668.085740831163,54195000,2770.88017578125,64.46566659319011,2899.81150896763,2641.94884259487,-0.040378941424844134,9.30616446812088,False,17.34574894634558,62.92312140310409,37070770.0,1.4619334856006498,9769193.497392038
2020-02-03,2604.124755859375,2668.0857147752195,2585.850196169134,2594.9874760142548,40300400,2761.7428955078126,74.28342148412472,2910.309738476062,2613.176052539563,-0.03046203479642612,10.758919174547712,False,19.05916896965004,64.30257834617419,37773330.0,1.0669009060096104,9667769.59602485
2020-02-04,2686.3603515625,2695.4976316698553,2622.399390811012,2640.6739510257225,39320000,2758.08798828125,76.1759217223227,2910.4398317258956,2605.7361448366046,0.2645987239241673,11.047641996337193,False,19.92150960767996,66.23617102219606,37836840.0,1.0391988337292437,9972041.300126413
2020-02-05,2713.772216796875,2713.772216796875,2649.811255458228,2686.360376223169,32161400,2758.08798828125,76.1759217223227,2910.4398317258956,2605.7361448366046,0.3545610920012383,11.047641996337193,False,20.260769681939113,66.07365604479969,37398570.0,0.859963362235508,10073465.2014936
2020-02-06,2686.3603515625,2750.321312313988,2686.3603515625,2741.1840322066323,33597000,2751.6919067382814,76.57866325906443,2904.84923325641,2598.5345802201527,0.2867174993811074,11.131865899890933,False,19.721464130159152,65.92274923813459,36889890.0,0.9107373320983067,9972041.300126413
2020-02-07,2686.3603515625,2704.6349117772106,2686.3603515625,2704.6349117772106,39234200,2744.8389526367187,75.9520818670635,2896.7431163708457,2592.9347889025917,0.30751481843324624,11.06834800549638,False,19.220680403506332,62.51930716503288,36752350.0,1.067529015151412,9972041.300126413
2020-02-10,2677.22314453125,2677.22314453125,2640.674023104202,2677.22314453125,24158600,2736.6153930664063,73.78633793459512,2884.1880689355967,2589.042717197216,0.298769493792326,10.785050485580555,False,19.516952313532286,61.31695154312323,36724450.0,0.6578342221598962,9938233.634110788
2020-02-11,2668.085693359375,2695.4975326747112,2658.9484135875964,2668.085693359375,17313800,2726.5643676757813,68.27425072594878,2863.112869127679,2590.0158662238837,0.28586848740699367,10.016158288483494,False,19.35174121525517,59.547820653408344,35575800.0,0.4866735252615542,9904425.06477485
2020-02-12,2658.948486328125,2695.4976064151097,2658.948486328125,2668.0857663498714,22518200,2719.254541015625,67.23658550613999,2853.727712027905,2584.781370003345,0.27576919532152344,9.890443795089162,False,19.19832909187681,57.90505632723523,34933220.0,0.6446070531144853,9870617.398759225
2020-02-13,2704.635009765625,2713.7722902040223,2658.948607573638,2658.948607573638,41031400,2713.7721923828126,63.44363570714734,2840.6594637971075,2586.8849209685177,0.4639948809863122,9.351357624670937,False,18.597292441829865,57.68496686642538,35083420.0,1.1695382035160768,10039657.535477975
2020-02-14,2750.3212890625,2777.733129152824,2677.2230488216364,2695.497608881852,51465800,2709.2035400390623,56.67595484525107,2822.5554497295643,2595.8516303485603,0.6813721054003691,8.367913891686975,False,17.85284791364988,60.74390354247982,35975210.0,1.4305906761906324,10174112.482533723
2020-02-17,2786.870361328125,2796.007641201332,2750.3212418352973,2777.733081454918,28980000,2710.5741333007813,58.26442324171526,2827.102979784212,2594.0452868173506,0.8273705624391994,8.598093300737624,False,17.48967226937223,59.66836752987658,35664980.0,0.8125617903052238,10174112.482533723
2020-02-18,2814.281982421875,2832.5565407492895,2777.7328657670455,2796.00742409446,46645800,2712.858435058594,61.466526483608284,2835.7914880258104,2589.9253820913773,0.9125153687931614,9.062990635894451,False,17.758457902785867,59.32231806218854,36352090.0,1.2831669375818557,10174112.482533723
2020-02-19,2841.6943359375,2859.9688975834006,2786.870650999799,2805.1452126456993,51704600,2715.5996337890624,65.99648491309223,2847.592603615247,2583.606663962878,0.9776568870087778,9.721092033144467,False,18.417740549088464,60.30631295657518,36712800.0,1.4083534897910266,10174112.482533723
2020-02-20,2896.517822265625,2905.655102462046,2850.831421283517,2850.831421283517,71856200,2720.625134277344,75.5735915347182,2871.7723173467803,2569.4779512079076,1.0818589682464568,11.11120978521609,False,19.632882403427224,60.56734535428739,38097840.0,1.8860964296138574,10174112.482533723
2020-02-21,2841.6943359375,2878.2434592293007,2823.4197742916,2878.2434592293007,94446000,2721.995751953125,77.58342251770995,2877.162596988545,2566.828906917705,0.885709279443851,11.400961586665408,False,20.088794887520528,61.46239554141151,41035040.0,2.3015939548249498,10174112.482533723
2020-02-24,2768.595947265625,2814.2823490356845,2732.046825849577,2777.7332276196366,59512800,2724.280065917969,78.28118773019419,2880.8424413783573,2567.7176904575804,0.6415278773630655,11.493853177509742,False,18.714601184004316,64.9041894375909,42591700.0,1.397286325739522,10174112.482533723
2020-02-25,2741.183837890625,2786.8702351888023,2732.0465584309895,2741.183837890625,33976200,2724.7369140625,78.35552668365678,2881.4479674298136,2568.0258606951866,0.5524753151571737,11.502839232552702,False,17.4385596395191,64.18415281760676,42141260.0,0.8062454705910549,10174112.482533723
2020-02-26,2668.085693359375,2713.7720922182684,2668.085693359375,2704.63481244649,72455400,2723.8231811523438,78.93104411507005,2881.685269382484,2565.9610929222035,0.3234614516447055,11.591214093666308,False,17.137180312493268,64.82086651143842,44088840.0,1.6433954715070753,10174112.482533723
2020-02-27,2585.849853515625,2668.085361224603,2531.0261817096402,2649.810803955941,59326400,2720.6251220703125,83.26444067047278,2887.154003411258,2554.096240729367,0.09533965679276636,12.241957187708556,False,18.366916869939814,69.98076973560245,45709960.0,1.2978878126342706,10174112.482533723
2020-02-28,2567.575927734375,2567.575927734375,2439.6539953917368,2485.340399799822,104295000,2717.4270874023437,87.96204949894596,2893.3511864002357,2541.5029884044516,0.07410280762681591,12.947843186921517,False,20.206655156862336,75.42470462048001,48214960.0,2.1631253038476026,10174112.482533723
2020-03-02,2541.6845703125,2626.4073893229165,2466.375397858796,2616.9937427662035,82760000,2714.305078125,93.15018886623523,2900.6054558574706,2528.0047003925292,0.03671455229042855,13.72729832279311,False,20.952026539089776,81.46808225216861,50337940.0,1.6440879384416605,10174112.482533723
2020-03-03,2560.51220703125,2616.994093951057,2522.857615751379,2579.3395026711855,83411600,2708.0126708984376,99.19190536610265,2906.396481630643,2509.6288601662322,0.128244705747951,14.651616136374098,False,21.64415710830097,82.37296767699071,52542520.0,1.5875066517555687,10174112.482533723
2020-03-04,2616.994140625,2635.8214366007196,2532.2713087342627,2560.5122526978416,77696400,2703.1737670898438,101.23566783443681,2905.6451027587173,2500.7024314209702,0.2871806737972431,14.980267871336153,False,21.973750471019482,83.88562197623831,54819270.0,1.4173191288391838,10174112.482533723
2020-03-05,2569.92578125,2654.6486092032965,2541.684838598901,2635.821314102564,78261200,2697.3520385742186,105.51104525027154,2908.3741290747616,2486.3299480736755,0.19807365422746906,15.646611008334405,False,21.965298032005066,85.96263259253524,57052480.0,1.371740544845728,10174112.482533723
2020-03-06,2409.893798828125,2522.8575706481934,2409.893798828125,2522.8575706481934,85722600,2683.5287109375,123.5886145756434,2930.7059400887865,2436.3514817862133,-0.05351966087032775,18.42180619449638,False,23.119386907691975,91.2533004374881,59376900.0,1.4437028541402463,10174112.482533723
2020-03-09,2127.484130859375,2306.34341619711,2108.6568376659293,2268.6888298102185,136122600,2656.0417602539064,175.35586870714678,3006.7534976682,2305.330022839613,-0.2535499571406554,26.40860114946137,False,25.68849460006845,106.25213334639578,64975100.0,2.094996390925139,10174112.482533723
2020-03-10,2136.897705078125,2231.034167856897,2108.656766244493,2146.311351356002,164540600,2629.4823608398438,210.20058000642587,3049.8835208526953,2209.0812008269922,-0.0858507333170306,31.97596350321798,False,28.074094852938888,107.40393822253922,72336440.0,2.274657143757697,10174112.482533723
2020-03-11,2080.416015625,2155.725192661199,1986.2795443297512,2136.897898402149,106587600,2600.5557373046877,243.156003722445,3086.8677447495775,2114.243729859798,-0.03477984680301292,37.40062175701887,False,30.691572928300083,111.83548894460412,76539910.0,1.3925754550795788,10174112.482533723
2020-03-12,1892.142822265625,2023.9338646124845,1882.7291763837065,1958.0383434390546,135371800,2559.9311279296876,288.4971208722382,3136.925369674164,1982.9368861852113,-0.07867848355390929,45.078887900481384,False,33.402968757076174,117.96772825151051,81256930.0,1.665972366910736,10174112.482533723
2020-03-13,1892.142822265625,1892.142822265625,1892.142822265625,1892.142822265625,0,2517.0222045898436,320.7105991685257,3158.443402926895,1875.601006252792,0.012894659590078413,50.96666983448984,False,35.9206934552254,109.5414619478312,78683640.0,0.0,10174112.482533723
2020-03-16,1822.4820556640625,1976.8658661645306,1822.4820556640625,1920.3839842741154,98330000,2468.8027893066405,349.2334636503648,3167.2697166073704,1770.335862005911,0.037329035649314043,56.58345254032162,False,37.106387529274386,112.74448684444812,82151140.0,1.1969401763627383,10174112.482533723
2020-03-17,1698.22216796875,1822.4823266006097,1698.22216796875,1818.7168672481291,137142000,2412.9997985839846,379.0205782613272,3171.040955106639,1654.95864206133,0.028536396431218726,62.82977370884939,False,38.652486906148425,113.56703482926324,86675950.0,1.582238210253248,10174112.482533723
2020-03-18,1581.4927978515625,1728.3457005092077,1581.4927978515625,1728.3457005092077,144534400,2349.9897216796876,407.6695556998692,3165.3288330794257,1534.6506102799492,0.02872558602714194,69.39086617084975,False,40.43348877131608,115.94459681700481,91317440.0,1.5827688555439137,10174112.482533723
2020-03-19,1472.2943115234375,1487.356145912424,1472.2943115234375,1476.059770120684,21906200,2278.7785461425783,430.906663730386,3140.5918736033505,1416.9652186818062,0.03210039290332847,75.63818159685714,False,42.36196985851231,115.46273178208483,88819940.0,0.2466360594253948,10174112.482533723
2020-03-20,1370.6270751953125,1430.8744191599417,1370.6270751953125,1430.8744191599417,351439200,2205.2251831054687,454.65970314416467,3114.544589393798,1295.9057768171392,0.041086387171242474,82.4695285773761,False,44.37544873906882,114.47733924965914,101669600.0,3.456679282696106,10174112.482533723
2020-03-23,1276.490478515625,1329.2068994572733,1276.490478515625,1329.2068994572733,21148600,2130.619909667969,479.112999785468,3088.845909238905,1172.3939100970329,0.05431733665398527,89.94809400051686,False,46.42844705344694,113.02442906608974,99751390.0,0.2120130857324394,10174112.482533723
2020-03-24,1189.885009765625,1291.552399840536,1189.885009765625,1246.3668931405755,264178600,2053.054968261719,500.1738383826202,3053.4026450269594,1052.7072914964783,0.06856502066997815,97.44967302187872,False,48.48743672302117,112.21321199529127,111261510.0,2.374393444777084,10174112.482533723
2020-03-26,1351.7998046875,1389.454395347319,1118.3413425966226,1189.8850648502787,381513800,1987.240673828125,501.5853334565259,2990.411340741177,984.0700069150731,0.1832837671101378,100.96116490818319,False,49.294857996242236,123.56320062067735,126714430.0,3.010815737402599,10174112.482533723
2020-03-27,1502.4180908203125,1596.5545626762218,1374.3924890962758,1381.9234068447486,329983600,1933.0690856933593,491.94553912327837,2916.960163939916,949.1780074468026,0.28114904972990895,101.7957491047095,False,48.13440275656595,132.21974043268054,140247290.0,2.352869706074178,10174112.482533723
2020-03-30,1400.750732421875,1491.1217474168348,1400.750732421875,1491.1217474168348,82145200,1874.7278259277343,481.8215273759281,2838.3708806795903,911.0847711758781,0.2540701968594008,102.80351541429586,False,47.05683717686654,130.0374274302346,139139800.0,0.5903788851212953,10174112.482533723
2020-03-31,1438.405517578125,1513.714706980121,1400.7509228771269,1442.1709770482248,199220400,1819.5638732910156,464.28055975079167,2748.124992792599,891.0027537894323,0.29475860677998117,102.06414109795551,False,45.859180615851976,128.81789508223542,144962820.0,1.3742861790354244,10174112.482533723
2020-04-01,1385.688720703125,1506.183392068614,1381.9232622229533,1442.170597905698,172971000,1760.8226989746095,439.2460663123738,2639.314831599357,882.3305663498619,0.28648984758084056,99.78200907295496,False,44.838038422315684,128.49234042248008,149440790.0,1.1574550696633763,10174112.482533723
2020-04-02,1449.70166015625,1449.70166015625,1306.6142235693994,1389.454318435471,117968800,1702.458074951172,394.7979633337297,2492.0540016186314,912.8621482837126,0.3399457201725338,92.75951499599844,False,44.24646257047548,129.5348472913637,151454410.0,0.7789063388778181,10174112.482533723
2020-04-03,1509.948974609375,1521.2453509780237,1445.9361751870324,1460.9980103452306,95169200,1649.4592346191407,339.4907328329037,2328.440700284948,970.4777689533333,0.39726504546559144,82.32776553857467,False,43.019683946628554,125.6615850413371,152299810.0,0.6248806219784516,10174112.482533723
2020-04-06,1615.382080078125,1619.1475394722465,1509.949217042723,1528.7765140133306,122959600,1609.7336486816407,288.47724332079804,2186.6881353232366,1032.7791620400446,0.5048950407070785,71.68322375743554,False,41.03777075707327,124.48565502858958,154161660.0,0.7976016864374709,10174112.482533723
2020-04-07,1622.912841796875,1750.9384488063733,1551.3691202327436,1690.6911043313153,163256600,1584.5050842285157,261.6286840879199,2107.7624524043554,1061.247716052676,0.5367006371092824,66.04678942139337,False,38.22059833964346,129.84877456752102,155518360.0,1.0497577263546247,10174112.482533723
2020-04-08,1509.948974609375,1596.554526769015,1509.948974609375,1581.4926916108166,123065400,1553.157647705078,227.2616818599651,2007.6810114250084,1098.6342839851477,0.45246814955553366,58.528941268972545,False,35.875989700264945,128.64270975466238,153444600.0,0.8020184483520437,10174112.482533723
2020-04-09,1502.4180908203125,1562.6654328080945,1457.232584329476,1543.8381384369125,73319200,1524.2577514648438,190.4535590348718,1905.1648695345873,1143.3506333951002,0.4713320392183739,49.979357848590084,True,34.038430350068936,126.98486252065926,151781180.0,0.4830585715567635,10174112.482533723
2020-04-13,1502.4180908203125,1532.5417618142035,1468.5289609521851,1506.183549694549,41042600,1504.7715148925781,169.63147082268893,1844.034456537956,1165.5085732472003,0.496531563304775,45.09162198881695,True,32.33212523917264,122.48685811647063,147064720.0,0.2790784900688622,10174112.482533723
2020-04-14,1562.6654052734375,1577.7272405049887,1506.1835231551204,1506.1835231551204,57683200,1488.2976440429688,144.11057273899152,1776.518789520952,1200.0764985649857,0.6290116329028148,38.73165379675382,True,30.37335891173635,119.11702179991389,149948880.0,0.38468576757625667,10174112.482533723
2020-04-15,1581.4927978515625,1592.7891749790738,1502.4181579589845,1566.4309616815476,75203600,1476.2481811523437,123.26514232419221,1722.778465800728,1229.7178965039593,0.7134516999591444,33.39957167038749,True,28.428667767286942,117.06373574421212,148792560.0,0.5054258089248549,10174112.482533723
2020-04-16,1498.65283203125,1543.8383445548052,1487.3564539003612,1543.8383445548052,92763800,1466.2697143554688,111.90450169614162,1690.078717747752,1242.4607109631854,0.5723454311152564,30.52767184660341,True,26.745767683736116,115.4260649018542,146573650.0,0.6328818310794607,10174112.482533723
2020-04-17,1566.4310302734375,1570.1964894808257,1532.5418974069448,1532.5418974069448,89041400,1465.5166259765624,111.13631267178064,1687.7892513201236,1243.2440006330012,0.7270059215364335,30.333688667018365,True,24.940438703828065,112.29160722669145,143799000.0,0.6192073658370364,10174112.482533723
2020-04-20,1543.838134765625,1596.554558879573,1532.5417581697789,1570.196346822599,69765600,1469.093817138672,112.50888050955031,1694.1115781577726,1244.0760561195714,0.6660853731910709,30.63354544059871,True,23.298208783949917,108.84312104691308,146191970.0,0.47721909760159875,10174112.482533723
2020-04-21,1517.47998046875,1543.8381935290013,1502.4181444343208,1536.3072755117867,41715200,1476.4364624023438,110.51885964805781,1697.4741816984595,1255.398743106228,0.5928427921648564,29.94205642096649,True,21.78489729636325,104.02718733603933,130705770.0,0.31915346965937313,10174112.482533723
2020-04-22,1513.7144775390625,1532.541772035817,1468.5289707468517,1494.8871830423082,105656400,1488.2976623535155,100.17653918923274,1688.650740731981,1287.9445839750501,0.5634300590518874,26.923791314922525,True,20.701584436067012,101.16901690410549,134931160.0,0.7830392920360278,10174112.482533723
2020-04-23,1513.7144775390625,1532.541772035817,1502.4181008410098,1525.0108542371154,76382800,1504.4891357421875,71.4599881179075,1647.4091119780026,1361.5691595063724,0.5322745008775168,18.999137028039815,True,19.69565106579193,96.09434935344134,125541370.0,0.6084273255899629,10174112.482533723
2020-04-24,1430.8743896484375,1513.7144858912416,1423.3434718081826,1513.7144858912416,100645000,1508.4428649902343,64.40681872188439,1637.256502434003,1379.6292275464655,0.1989120217350517,17.079021079741427,True,19.500513115416318,95.68553969127119,111497930.0,0.9026624978598258,10174112.482533723
2020-04-27,1430.8743896484375,1476.059896689967,1412.0470950478,1457.2326020893297,68610200,1504.8656799316407,66.70483808847519,1638.275356108591,1371.4560037546903,0.2226914403680005,17.730443049642886,True,19.41870872753206,93.42320125919233,98429260.0,0.6970508566253572,10174112.482533723
2020-04-28,1438.405517578125,1442.1709770482248,1412.0473012874263,1438.405517578125,69997600,1506.7484191894532,64.09175569226396,1634.9319305739812,1378.5649078049253,0.23341773496003104,17.014587140364622,True,19.342747510210963,88.90180658073562,97821880.0,0.715561794559663,10174112.482533723
2020-04-29,1415.8125,1449.7016289893618,1412.0470412234042,1449.7016289893618,65257600,1505.6187683105468,65.54242369907449,1636.7036157086957,1374.533920912398,0.1574498498755739,17.41275416555003,True,19.16407946579657,85.24129095110862,91123740.0,0.716142686856356,10174112.482533723
2020-04-30,1543.838134765625,1543.838134765625,1430.8743688071645,1438.4052865377287,126389200,1513.5262390136718,59.58069211154506,1632.687623236762,1394.3648547905816,0.6271884174121553,15.746193379606655,True,17.818225230272265,88.29731550928837,88794650.0,1.423387557696325,10174112.482533723
2020-05-04,1476.059814453125,1506.1834841358418,1457.232520901427,1506.1834841358418,66251600,1514.8441467285156,58.37390236337625,1631.5919514552681,1398.096342001763,0.33389695264007274,15.413837123625312,True,16.568503440142557,88.17647967749619,86208790.0,0.7685016806290866,10174112.482533723
2020-05-05,1445.936279296875,1517.480001449585,1423.3435249328613,1491.1217880249023,108560200,1511.6435119628907,60.37696811275888,1632.3974481884084,1390.889575737373,0.22792923063268875,15.97650970878934,True,15.77612280706126,88.60219373744101,86878340.0,1.2495657720900284,10174112.482533723
2020-05-06,1442.1707763671875,1464.763530043958,1438.4053174210592,1449.7016942594444,82511800,1502.9829467773438,57.0442349046048,1617.0714165865534,1388.8944769681343,0.2334867821794231,15.181605360704193,True,15.040340790628626,84.15619508640229,84855950.0,0.9723749483683819,10174112.482533723
2020-05-08,1430.8743896484375,1457.2326020893297,1427.10893072831,1449.7016842490748,91046000,1493.3810241699218,51.70736276485111,1596.7957496996241,1389.9662986402195,0.1977865859947989,13.849744151822762,True,14.504651814142747,80.29672910601782,81245420.0,1.120629322859061,10174112.482533723
2020-05-11,1430.8743896484375,1453.4671431692022,1430.8743896484375,1453.4671431692022,80701600,1489.427294921875,53.37026512755449,1596.167825176984,1382.686764666766,0.22572318530975727,14.333097106389184,True,14.007226335977286,76.17501656421403,79127230.0,1.0198966904313471,10174112.482533723
2020-05-12,1378.1580810546875,1438.4054288603568,1374.392621816833,1438.4054288603568,164776400,1483.2142944335938,58.740897826195685,1600.6960900859851,1365.7324987812024,0.05288301138267547,15.841513406834451,True,14.288061225846363,75.30628731273616,83700090.0,1.9686526024046092,10174112.482533723
2020-05-13,1400.750732421875,1408.2816503381216,1348.0343070081485,1370.6270607568886,78014600,1478.130926513672,61.333432604917135,1600.7977917235062,1355.4640613038378,0.18459211067540435,16.59756426301924,False,14.862406036564275,74.23064845682451,85548690.0,0.9119321406324281,10174112.482533723
2020-05-14,1332.9725341796875,1408.2817169017037,1321.676156771385,1381.923502948998,94613200,1466.6462829589843,65.99878354587686,1598.6438500507381,1334.6487158672305,-0.006349290083422061,17.99991840233576,False,15.697938493006104,75.11457071921697,87395190.0,1.0825904720843333,10149789.439448588
2020-05-15,1257.6634521484375,1351.7999380876918,1242.601614398157,1344.2690192125515,173916400,1450.454815673828,75.3943242645552,1601.2434642029384,1299.6661671447177,-0.1392767804672361,20.791912564206207,False,17.258825072116068,77.5491245028111,92330830.0,1.883622187735126,9577440.416011088
2020-05-18,1253.897705078125,1284.0213736685905,1231.3049536352758,1272.7249979471658,83620800,1438.217059326172,86.24267286384983,1610.7024050538716,1265.7317135984722,-0.034304388208808725,23.985996356977147,False,18.808611445871804,75.77535989784708,91873680.0,0.9101714440958498,9548820.738276713
2020-05-19,1325.44140625,1348.0341574928977,1272.7249866832385,1280.2559037642045,154163000,1426.167578125,84.19710567211463,1594.5617894692293,1257.7733667807709,0.2009215130646713,23.6149263140057,False,19.04915047070912,77.08686650619892,95129760.0,1.6205549136253472,10092552.867182963
2020-05-20,1355.565185546875,1370.6270209418403,1287.7869262695312,1344.268809000651,148603000,1416.7539306640624,80.80512693313767,1578.3641845303378,1255.143676797787,0.310690399732253,22.814159942443247,False,18.889537885878656,77.4978113752068,99071630.0,1.4999551334726198,10321493.589839213
2020-05-26,1366.861572265625,1378.1579488959194,1348.034277881801,1378.1579488959194,88906800,1409.2230102539063,77.88963761487341,1565.0022854836532,1253.4437350241594,0.36403378136852393,22.108534149137885,False,18.611921720439604,74.11394420655762,101431210.0,0.8765231135466096,10407346.128901713
2020-05-27,1366.861572265625,1393.2197844029788,1348.034277881801,1370.6270311423898,128476400,1401.8803649902343,74.36285618202362,1550.6060773542815,1253.154652626187,0.3822705496985917,21.21803202016932,False,18.08861041439455,72.0476272290305,102572210.0,1.2525458893788093,10407346.128901713
2020-05-28,1378.1580810546875,1427.1090511467937,1366.8617033411244,1370.6271625789786,233662000,1395.1025451660157,69.66232630020268,1534.4271977664212,1255.7778925656103,0.43919071824307243,19.97339236218309,False,17.025307461434952,71.20475948989751,110436170.0,2.115810426964282,10493199.595698588
2020-05-29,1442.1707763671875,1453.467153205573,1351.7997616601053,1378.1579742830043,294115600,1395.6673645019532,70.0125430561702,1535.6924506142936,1255.6422783896128,0.666053859191792,20.065681791206558,False,16.00323261926836,73.38066177958109,120109700.0,2.448724790753786,10942446.279934216
2020-06-02,1494.88720703125,1521.245419749685,1449.7016995139325,1468.5289943128148,263164400,1398.8680053710937,73.10177764814517,1545.071560667384,1252.6644500748034,0.8283750571782187,20.90312377364084,False,16.006499618378093,73.78737475121797,129837410.0,2.026876537355451,10942446.279934216
2020-06-03,1555.134521484375,1577.727274823131,1460.998049239558,1513.7144736966557,277008600,1404.7044555664063,80.69052451384586,1566.085504594098,1243.3234065387146,0.966071037536,22.977224623754676,False,16.66628648595183,76.8546498106719,140187960.0,1.9759799629012362,10942446.279934216
2020-06-04,1558.89990234375,1641.7399937726448,1547.6035262398098,1581.4926545516303,227041600,1411.8588256835938,87.76085960702726,1587.3805448976482,1236.3371064695393,0.9188686087356371,24.86391925610131,False,17.908566365850827,78.08906536225498,148277160.0,1.5311973873791487,10942446.279934216
2020-06-05,1600.3199462890625,1615.3817810776654,1517.4798549517463,1581.4926528033088,145380800,1414.6829162597655,92.98470369473979,1600.652323649245,1228.713508870286,0.9991063654908399,26.29132016115075,False,18.522174145004982,79.50426970251671,149226740.0,0.974227541257016,10942446.279934216
2020-06-08,1818.7166748046875,1860.136723299204,1634.2091860563858,1637.9746450104328,311447600,1431.8157592773437,129.34702721088382,1690.5098136991114,1173.121704855576,1.2477963040011564,36.135103660590254,False,20.826473120537816,92.38373451020419,161486540.0,1.928628850429268,10942446.279934216
2020-06-09,1830.01318359375,1939.2115011332949,1826.2477243682486,1845.0750204957562,285710200,1451.0196044921875,157.0900616212931,1765.1997277347737,1136.8394812496012,1.1031469705817962,43.3047385810531,False,23.32862547314849,94.39166964009013,170344040.0,1.6772538681130258,10942446.279934216
2020-06-10,1701.987548828125,1826.2477017292936,1701.987548828125,1826.2477017292936,303568800,1464.0104431152345,166.76485672092616,1797.540156557087,1130.480729673382,0.8567554795299811,45.563843483539934,False,23.998251149502103,96.79409572048547,181396890.0,1.6735060893271103,10942446.279934216
2020-06-11,1585.25830078125,1698.2220751837144,1585.25830078125,1698.2220751837144,444085400,1471.729638671875,168.7120182057797,1809.1536750834343,1134.3056022603155,0.6682284749431766,45.85407911144049,False,23.38162991205705,98.21803517237043,199048860.0,2.2310371433425944,10942446.279934216
2020-06-12,1683.1600341796875,1683.1600341796875,1483.5907236393666,1585.258108254247,399567400,1484.3439208984375,174.81756130987011,1833.9790435181778,1134.7087982786973,0.7843194239062196,47.109718670604934,False,21.90946414443546,105.4574119843669,214992150.0,1.858520880878674,10942446.279934216
2020-06-15,1581.4927978515625,1694.4565691266741,1573.961879766555,1686.9256510416667,233304600,1494.5106567382813,174.22877224189745,1842.9682012220762,1146.0531122544865,0.6248102422952795,46.63165738065617,False,20.63200467912238,106.53150322549206,218418560.0,1.0681537319905414,10942446.279934216
2020-06-16,1735.8765869140625,1735.8765869140625,1637.9746535956988,1637.9746535956988,263297600,1511.2669494628906,180.7307911298204,1872.7285317225314,1149.8053672032497,0.8106964176483809,47.835570332310326,False,19.777930271829014,109.94952364242121,227682710.0,1.1564233401824846,10942446.279934216
2020-06-17,1713.283935546875,1788.5931195269575,1698.2220987508585,1762.2349051339286,186268000,1530.28251953125,180.99125952007307,1892.2650385713962,1168.300000491104,0.7527765933295372,47.3092405382801,False,19.391069569568693,108.55105915196962,232265450.0,0.8019617209533316,10942446.279934216
2020-06-18,1694.45654296875,1720.814755859375,1668.0983300781252,1694.4565429687502,104127000,1552.1221740722656,172.5187142086862,1897.159602489638,1207.0847456548931,0.7062593173577542,44.460086220159596,False,18.730363563725447,104.56287105406108,228775980.0,0.45514830709063075,10942446.279934216
2020-06-19,1686.925537109375,1720.8146662030902,1675.6291607448034,1713.283748626709,82478400,1573.7735656738282,159.82719054386266,1893.4279467615536,1254.1191845861028,0.6769911162339013,40.622664919506626,False,18.116850844013864,100.32163065436292,228718860.0,0.3606104017832198,10942446.279934216
2020-06-22,1683.1600341796875,1698.2218689374474,1671.8636581113674,1686.9254928691275,51006800,1591.6594970703125,150.3064051503889,1892.2723073710904,1291.0466867695345,0.6521900164830372,37.773507569188105,False,17.505291715337577,95.03852923805701,223561050.0,0.22815602270610197,10942446.279934216
2020-06-23,1649.2708740234375,1683.1600015718643,1626.6781223244861,1683.1600015718643,83534400,1606.3447814941405,140.02136837000373,1886.387518234148,1326.302044754133,0.5766420386920259,34.86707710153308,False,16.433859750864944,92.28448513928161,220307620.0,0.3791716328286784,10942446.279934216
2020-06-24,1784.82763671875,1799.8894733155328,1660.5674847952928,1660.5674847952928,302121200,1627.2430847167968,133.43297725410062,1894.109039224998,1360.3771302085956,0.795250385708362,32.799765076850356,False,16.496360056294918,96.4512075787683,230968340.0,1.3080632609646845,10942446.279934216
2020-06-25,1713.283935546875,1766.0003643329326,1698.2220987508585,1758.4694459349244,235644400,1644.5642028808593,119.62373075939034,1883.81166439964,1405.3167413620786,0.6436164300966288,29.095545324369805,False,16.55439605419418,95.74794546370568,236326740.0,0.9971127262196398,10942446.279934216
2020-06-26,1724.5802001953125,1766.0002486716191,1713.283823338138,1750.9384128620532,133600200,1661.8853088378905,102.9350398382082,1867.755388514307,1456.015229161474,0.652268099026252,24.775485839077017,True,16.608286623672065,92.67426545440392,231323650.0,0.577546653790047,10942446.279934216
2020-06-29,1728.3455810546875,1732.1110398369417,1690.6909932321453,1713.2837459256707,69967400,1676.1940490722657,89.84328963777041,1855.8806283478066,1496.5074697967248,0.6451180499753683,21.439830236241832,True,16.361654721604697,89.01324982228911,220116240.0,0.31786568769301166,10942446.279934216
2020-06-30,1724.5802001953125,1769.7657076240107,1713.283823338138,1758.4693307668363,123530000,1687.6786987304688,79.5366920490397,1846.7520828285483,1528.6053146323893,0.6159889244642317,18.851145566717182,True,16.503290586838222,86.68958085540221,213134520.0,0.579587013872741,10942446.279934216
2020-07-01,1709.5184326171875,1743.4075645413168,1698.2220553091445,1732.1111872332735,74028600,1695.3978942871095,73.23822618275688,1841.8743466526232,1548.9214419215957,0.5482007111110323,17.27930096634985,True,16.422692345213235,83.7250043108858,202985520.0,0.3646989203958982,10942446.279934216
2020-07-02,1728.3455810546875,1732.1110398369417,1709.5182871434165,1709.5182871434165,57236400,1703.8701782226562,66.06662270235454,1836.0034236273652,1571.7369328179473,0.5926163690185081,15.509778514057922,True,16.347851120847178,79.35841490964575,194495260.0,0.2942817218270512,10942446.279934216
2020-07-03,1717.0491943359375,1747.1728644120064,1713.2837355764289,1732.111029373972,47528000,1709.706640625,61.43071584499553,1832.5680723149912,1586.845208935009,0.5298814428984697,14.37222372196881,True,16.44929396675554,76.11060876149803,189602620.0,0.250671641562759,10942446.279934216
2020-07-06,1735.8765869140625,1747.172963835412,1724.5802099927128,1728.3456689664959,62036400,1705.5646362304688,56.269781861545795,1818.1041999535603,1593.0250725073772,0.6346724195509484,13.196751542857896,True,16.54349207589921,72.82583452849636,177132060.0,0.3502268307611846,10942446.279934216
2020-07-07,1732.111083984375,1754.7038372537363,1724.5801662279212,1750.9383783755095,82084400,1700.66953125,48.61097480388631,1797.8914808577726,1603.4475816422275,0.6616998674744806,11.433373482773455,True,16.7257279972114,69.77567999259055,166950770.0,0.49166829239541693,10942446.279934216
2020-07-08,1807.4202880859375,1818.7166648864747,1724.5801915486654,1732.1111094156902,230576800,1705.9411682128907,54.161403205038205,1814.2639746229672,1597.6183618028142,0.9684106848602054,12.699477382746238,True,17.63860267427001,71.51573666010619,163301170.0,1.4119727372437074,10942446.279934216
2020-07-09,1781.0618896484375,1830.0128506747158,1777.2964311079545,1814.951016512784,116501200,1715.73134765625,48.610974704357155,1812.9532970649643,1618.5093982475355,0.8359865873370964,11.333003799402867,True,18.60647194262421,70.17292829629584,146921960.0,0.7929461327632711,10942446.279934216
2020-07-10,1758.469482421875,1781.062238084683,1750.9385638676058,1769.765860253279,75306000,1719.4968200683593,48.871255368394685,1817.2393308051487,1621.7543093315699,0.6993639311070344,11.368734108261233,True,18.974919531409924,67.31226729063737,130708890.0,0.5761352575176791,10942446.279934216
2020-07-13,1788.5931396484375,1796.1240581311679,1769.7658434416119,1769.7658434416119,71091800,1729.8518371582031,39.044007611689786,1807.9398523815828,1651.7638219348235,0.8761223942124677,9.028289422944164,True,19.50030449822924,65.19386074911276,122598250.0,0.5798761401569762,10942446.279934216
2020-07-14,1777.2965087890625,1799.8892610194318,1769.7655913789392,1788.592884904247,96113000,1731.922833251953,40.453465688098255,1812.8297646281496,1651.0159018757565,0.7804066027800104,9.343018040160747,True,20.035408244788215,62.688847098497035,114239020.0,0.8413324974251355,10942446.279934216
2020-07-15,1773.53125,1799.8894639065818,1773.53125,1792.3585456475585,84620000,1734.9351989746094,41.22820938263058,1817.3916177398705,1652.4787802093483,0.7340390936408888,9.50541770251649,True,20.532293012237112,60.09380187050309,109156620.0,0.7752163817457888,10942446.279934216
2020-07-16,1769.765625,1784.8274601063831,1762.2347074468087,1773.5310837765958,86094200,1738.7006530761719,40.773187669757625,1820.247028415687,1657.1542777366567,0.6904742656831179,9.380151229050314,True,20.718883756497625,57.415155498293906,108254980.0,0.795290895624386,10942446.279934216
2020-07-17,1758.469482421875,1777.2967788075482,1758.4694824218752,1762.2349416990098,37567000,1742.277850341797,39.095578560814985,1820.4690074634268,1664.086693220167,0.6035387675289884,8.975739099970822,True,20.797524447658713,54.65887984739241,106009410.0,0.3543742013091102,10942446.279934216
2020-07-20,1709.5184326171875,1766.0003191574028,1698.2220553091445,1766.0003191574028,135393000,1743.595770263672,37.40556249132863,1818.4068952463292,1668.7846452810147,0.2722441839072445,8.581246440090192,True,19.509810982083422,55.59597870459712,110228720.0,1.2282915015251923,10942446.279934216
2020-07-21,1762.23486328125,1769.7657815004006,1717.0493539663462,1720.8148130759214,121672800,1749.2439697265625,30.258998309242084,1809.7619663450466,1688.7259731080783,0.6073308295099751,6.919331741694579,True,18.38641656883107,55.928219431641125,112135640.0,1.0850502124034784,10942446.279934216
2020-07-22,1758.469482421875,1788.5931566389522,1754.7040231447404,1769.765860253279,96854200,1747.9260620117188,29.182463829353793,1806.2909896704264,1689.5611343530113,0.5903232543335739,6.67819182140168,True,17.708257992091568,54.35399900753903,101872290.0,0.9507413645064816,10942446.279934216
2020-07-23,1773.53125,1803.6549230360936,1758.4694134819533,1766.0003317409767,152124600,1750.938427734375,28.52032469074725,1807.9790771158694,1693.8977783528806,0.6980414188004914,6.515437490889053,True,17.363265121374948,53.69910690372483,97696300.0,1.557117311505144,10942446.279934216
2020-07-24,1735.8765869140625,1773.5311766518946,1728.3456689664959,1773.5311766518946,109205600,1751.5032470703125,28.079297450629554,1807.6618419715714,1695.3446521690535,0.3608702712049191,6.412616704558648,True,16.34854826369174,53.09099791299478,96476570.0,1.131939081167583,10942446.279934216
2020-07-27,1750.9383544921875,1754.7038133190524,1732.111060357863,1747.1728956653226,54144000,1752.6328857421875,27.548055522984452,1807.7289967881563,1697.5367746962186,0.4846220430278088,6.287239215260683,True,15.406311181557335,50.912551845008686,95685400.0,0.5658543518655929,10942446.279934216
2020-07-28,1762.23486328125,1773.5312406099758,1750.938485952524,1754.7039450620994,70478400,1754.5156188964843,26.80667927619031,1808.1289774488648,1700.9022603441038,0.5719899349079575,6.111471220313337,True,14.937818540168973,48.88971857877866,93032820.0,0.7575649109636793,10942446.279934216
2020-07-29,1728.3455810546875,1754.7037925304671,1724.5801222724333,1754.7037925304671,128065400,1755.4569763183595,25.43905415962148,1806.3350846376024,1704.5788679991165,0.23356521931242905,5.796565681256095,True,13.871573824551048,48.08722018092424,95734660.0,1.3377119634623447,10942446.279934216
2020-07-30,1732.111083984375,1743.4074606190557,1720.8147073496943,1735.8765428626018,96801600,1755.6452514648438,25.241004691925394,1806.1272608486945,1705.163242080993,0.26690540087735276,5.750821168653569,True,12.969799589176327,46.26618683009832,97712920.0,0.9906734953780933,10942446.279934216
2020-08-03,1671.8638916015625,1750.938535123258,1619.1474625870987,1750.938535123258,146498200,1753.385986328125,30.377132235996744,1814.1402508001186,1692.6317218561314,-0.17091664622277228,6.929936128806739,False,13.997833154759029,52.375107237674094,102661430.0,1.4270033059153764,10916354.879465701
2020-08-04,1717.0491943359375,1717.0491943359375,1675.6291479813424,1683.1600655003597,66409200,1752.4446166992188,31.22810217505625,1814.9008210493314,1689.9884123491063,0.21663806076923764,7.1278947996371675,False,14.952435751371535,51.86154977315273,102880070.0,0.6455011160081832,11210059.347239139
2020-08-05,1743.407470703125,1747.1729296031317,1698.221963903044,1720.8147173030845,82299800,1753.0094360351563,30.94182145244384,1814.893078940044,1691.1257931302687,0.4224191976966424,7.060274934383935,False,15.081004033189958,51.653650910790944,102890840.0,0.7998748965408388,11381388.143625857
2020-08-06,1747.173095703125,1758.4694734770676,1743.4076364451441,1750.9385549611059,64511600,1749.9970764160157,28.174798200540454,1806.3466728170965,1693.647480014935,0.47494231642059687,6.439964633139214,False,14.92895855217549,49.039961758158924,94587580.0,0.6820303469017814,11405864.706125857
2020-08-07,1739.6419677734375,1762.2347206016639,1732.1110501640287,1747.1728853828463,56842400,1747.9260803222655,27.279248886683057,1802.4845780956316,1693.3675825488995,0.4240804559608668,6.24265503988671,False,14.998332493255543,47.688798092407225,91604640.0,0.6205187859479607,11356912.374582889
2020-08-10,1739.6419677734375,1747.1728853828463,1735.876508968733,1739.6419677734375,29651200,1746.9847045898437,27.221054548684055,1801.4268136872117,1692.5425954924756,0.43256381008977907,6.232694419628587,False,15.062751152829875,45.08933940110051,89321900.0,0.3319589036955103,11356912.374582889
2020-08-11,1799.889404296875,1814.9512403160957,1743.4075192247974,1743.4075192247974,192912200,1747.5495178222657,28.228387641019623,1804.0062931043049,1691.0927425402265,0.9635394619435554,6.461250420233427,False,14.429888331354446,47.24790605406891,95412920.0,2.021866640283098,11708760.120107906
2020-08-12,1929.7977294921875,1958.038671875,1792.3584765625,1807.4203125000001,362397000,1755.174578857422,49.36794803840457,1853.9104749342312,1656.4386827806127,1.3842941502192965,11.250834790586362,False,15.868526478615046,55.70735528681399,108727120.0,3.333087457848603,11708760.120107906
2020-08-13,1910.9703369140625,2014.5204536926572,1892.1430429543182,1958.0385718134237,175205000,1762.046533203125,60.392386806419154,1882.8313068159632,1641.2617595902866,1.1164841778331087,13.709600891557669,False,17.7368168627514,60.46950210478006,113256370.0,1.5469770044722428,11708760.120107906
2020-08-14,1882.729736328125,1920.3843310546877,1882.729736328125,1910.9706823730469,114290200,1767.6947387695313,66.15944612321452,1900.0136310159603,1635.3758465231024,0.9346884847870174,14.970785322191361,False,19.26839032032686,58.83986586347882,114666170.0,0.9967211776585893,11708760.120107906
2020-08-18,1901.5567626953125,1967.4522940758432,1892.143115355237,1901.5567626953125,203541200,1774.849102783203,72.53841505723678,1919.9259328976766,1629.7722726687296,0.9366915785660955,16.348074874306043,False,21.1136516720992,60.68862956949592,122964880.0,1.6552791333590535,11708760.120107906
2020-08-19,1901.5567626953125,1958.0386467357675,1882.729468015161,1910.9704100353883,159091800,1784.4510192871094,76.06002135654526,1936.5710620001998,1632.330976574019,0.884912274936292,17.049506102315167,False,22.614172549561335,61.73295450886096,124149820.0,1.281450106009014,11708760.120107906
2020-08-24,1920.3841552734375,1939.2114509133733,1901.556859633502,1910.9705074534697,105466800,1792.3584838867187,81.64464402774372,1955.6477719422062,1629.0691958312311,0.8920210349107968,18.220605924925877,False,24.007513364347606,60.01307834523238,123339520.0,0.8550933228862898,11708760.120107906
2020-08-25,1986.2796630859375,2014.5206061629888,1939.2114246241854,1939.2114246241854,185542800,1803.7489929199219,91.91334462156911,1987.57568216306,1619.9223036767837,0.9964748887050662,20.382735066208763,False,25.96321720630562,62.45046209839802,127773950.0,1.452117587348595,11708760.120107906
2020-08-26,2005.10693359375,2014.5205811693074,1958.0386957159624,1995.6932860181923,145659800,1815.3277770996094,101.94522236413269,2019.218221827875,1611.437332371344,0.9653949250713252,22.463209928294702,False,27.779227916695213,62.02413519517995,127450710.0,1.1428716246461084,11708760.120107906
2020-08-27,1995.693359375,2042.761598982901,1976.8660635318397,2005.1070072965802,113335600,1828.3186157226562,107.68075446957845,2043.6801246618131,1612.9571067834993,0.8885901999777264,23.558422157620893,False,29.691561028728348,62.300663784885764,127657210.0,0.8878119770908357,11708760.120107906
2020-08-28,1976.8658447265625,2014.5204322451636,1967.4521978469122,2005.1067853655134,83795800,1839.614990234375,110.93719552167606,2061.4893812777273,1617.740599191023,0.8092985491628231,24.12182899369442,False,31.21521458357333,61.21263311441189,129139800.0,0.6488766437612572,11708760.120107906
2020-08-31,1920.3841552734375,2005.106985653148,1882.7295639935662,1995.6933378331803,251920000,1847.5224548339843,110.76755645566514,2069.0575677453144,1625.987341922654,0.6644472956948733,23.981858767853193,False,30.675240113524154,65.58154658192403,138211880.0,1.8227087280774996,11708760.120107906
2020-09-01,1948.625,1948.6250000000002,1892.1431159420292,1939.211352657005,108883800,1858.53642578125,109.23466433969593,2077.005754460642,1640.0670971018583,0.7061812858658907,23.50982478996145,False,30.17383524847849,64.93157068735596,137252800.0,0.7933084060944476,11708760.120107906
2020-09-02,1967.4522705078125,1986.279564962433,1929.7976815985721,1976.8659177351228,92414800,1870.303485107422,107.5619886036455,2085.427462314713,1655.1795079001308,0.7257972046202434,23.004178618095803,False,30.174091209476995,64.32802159282059,137033460.0,0.6743958738252687,11708760.120107906
2020-09-03,2014.5203857421875,2023.9340324045343,1976.865799092801,1986.2794457551477,267877200,1887.4363098144531,101.40373058748688,2090.243770989427,1684.6288486394794,0.8133121315938456,21.490257458797227,False,30.594496869390916,63.76757447167068,143102410.0,1.8719265454718756,11708760.120107906
2020-09-04,1967.4522705078125,1976.8659177351228,1929.7976815985721,1976.8659177351228,188192000,1899.9564636230468,94.4812191810757,2088.9189019851983,1710.9940252608953,0.6785958295992355,19.891238770999735,False,29.99496106926647,65.26436944823816,149191550.0,1.261411923128354,11708760.120107906
2020-09-07,1976.8658447265625,1986.2794916062128,1929.797610328311,1967.4521978469122,81856400,1911.6293823242188,88.34431440863588,2088.3180111414904,1734.940753506947,0.6846085479270152,18.48565736130799,False,29.55754603525717,64.6370488646427,149169380.0,0.5487480071312223,11708760.120107906
2020-09-08,1976.8658447265625,1995.693138485863,1967.4521978469122,1995.693138485863,45193600,1923.1140197753907,80.41393822236648,2083.9418962201235,1762.2861433306578,0.6671097888606496,16.725776505286635,False,29.274250577880043,62.03732684852185,148203480.0,0.3049429068737117,11708760.120107906
2020-09-09,1892.142822265625,1948.6246975571362,1892.142822265625,1939.2110516752177,146843600,1930.7390625,68.43976353681164,2067.6185895736235,1793.8595354263769,0.35901383114212754,14.178977339007798,False,27.54934705892526,63.65773367798011,152703540.0,0.9616253820965774,11708760.120107906
2020-09-10,1762.23486328125,1803.6549134865784,1762.23486328125,1799.8894543770032,264205400,1931.8687072753905,65.23079149473693,2062.3302902648643,1801.4071242859168,-0.15012948680772706,13.506257697343226,True,26.960319651953284,68.3898926284369,164431250.0,1.606783382112585,11708760.120107906
2020-09-11,1833.7784423828125,1837.54390119674,1664.332795756064,1675.629172197847,242923200,1933.5631591796875,61.98123966103254,2057.525638501753,1809.6006798576225,0.0975204862689706,12.822180515133125,True,27.327954445833967,75.87712211502541,166931800.0,1.4552242292960358,11708760.120107906
2020-09-14,1901.5567626953125,1901.5567626953125,1848.840337590888,1875.1985501431004,155021200,1932.1511108398438,62.3918688500147,2056.934848539873,1807.3673731398144,0.37741051555100164,12.916560925277725,True,26.72100528344122,75.29863627198789,156563010.0,0.9901521438556911,11708760.120107906
2020-09-15,1860.13671875,1920.384061867409,1848.8403419154859,1901.5567671432186,98187400,1929.6094299316405,64.30617770132923,2058.221785334299,1800.997074528982,0.22991431902426507,13.330402868855677,True,25.895557938349018,75.03042796341184,152712130.0,0.6429574389408359,11708760.120107906
2020-09-16,1833.7784423828125,1878.9639481499453,1833.7784423828125,1878.9639481499453,60506400,1927.161865234375,67.05711091608174,2061.2760870665384,1793.0476434022116,0.15185115502356358,13.91831420614509,False,25.28595829879679,72.89864780653477,150022940.0,0.4033143197966924,11708760.120107906
2020-09-17,1777.2965087890625,1841.3093067751092,1769.7655913789392,1830.0129306599245,124173000,1920.9488525390625,74.85721130934445,2070.6632751577513,1771.2344299203737,0.020245473891745348,15.587549082402685,False,25.345264440480296,72.80186692008014,146054530.0,0.8501824626733591,11708760.120107906
2020-09-18,1784.82763671875,1811.1858507631198,1769.7658001219672,1777.2967184203587,87300200,1915.1123962402344,80.76609744081169,2076.644591121858,1753.580201358611,0.09672200449897375,16.869213023605813,False,25.40033442918641,70.56030861444246,142464950.0,0.6127837057465714,11708760.120107906
2020-09-21,1728.3455810546875,1792.3583803530094,1713.2837459256707,1792.3583803530094,88031200,1905.5104675292969,90.8874950962092,2087.2854577217154,1723.7354773368784,0.01268079759742824,19.078876058666808,False,25.96765809252531,71.16847474393505,141593170.0,0.6217192538312406,11708760.120107906
2020-09-22,1709.5184326171875,1747.1730236439978,1679.3947597957392,1694.4565962064632,96480800,1891.6724060058593,98.67799157280282,2089.028389151465,1694.3164228602536,0.038514185165894124,20.865767510169455,False,26.777482224214353,70.92631682281531,137140070.0,0.7035201309143272,11708760.120107906
2020-09-23,1664.3328857421875,1732.11114805748,1641.74013163709,1720.8147710049313,111629000,1874.6337036132813,107.11997509830645,2088.873653809894,1660.3937534166685,0.009193272127593403,22.856726600367203,False,27.826840651065773,72.3152239369278,135438530.0,0.8242041611054107,11708760.120107906
2020-09-24,1630.4437255859375,1656.8019382397517,1622.9128076848478,1641.7401024375722,101549000,1856.3712219238282,116.14918551108323,2088.6695929459947,1624.0728509016617,0.013712697717686274,25.027146324906596,False,28.945577772677886,70.1084278026715,134849200.0,0.7530560062647758,11708760.120107906
2020-09-25,1732.111083984375,1732.111083984375,1641.7400709069293,1641.7400709069293,109984600,1844.1334838867188,115.67841442503988,2075.4903127367984,1612.776655036639,0.25790124618509785,25.091115244268448,False,28.657538839208932,72.3626371309405,136158640.0,0.8077680564376964,11708760.120107906
2020-09-28,1709.5184326171875,1766.0003191574028,1694.4565962064632,1750.9384827466788,62118800,1833.5901977539063,117.95008873197648,2069.4903752178593,1597.6900202899533,0.23702485841563703,25.730959704401098,False,27.863344079255008,72.30414326094044,126668580.0,0.49040417126330776,11708760.120107906
2020-09-29,1698.22216796875,1750.9385989034784,1683.1603305588276,1732.1113021410754,84460000,1821.0700561523438,118.38577974068647,2057.8416156337166,1584.298496670971,0.24057718660830457,26.003564078324004,False,27.248108257893744,71.98086648120545,125447390.0,0.6732702848580588,11708760.120107906
2020-09-30,1671.8638916015625,1717.0494021853885,1645.5056770943306,1713.2839429700696,63903400,1806.2906372070313,117.59761151005378,2041.4858602271388,1571.0954141869238,0.2142230529189441,26.04179174440909,False,27.07670476407441,71.94964209619492,124021820.0,0.5152593309790164,11708760.120107906
2020-10-01,1720.814697265625,1724.580156121786,1683.160108704014,1690.6910264163362,51766000,1791.6053527832032,108.18797554213359,2007.9813038674704,1575.229401698936,0.3364174596048132,24.154421145051153,False,26.786340859976203,70.57582941219698,113216260.0,0.4572311433004411,11708760.120107906
2020-10-02,1698.22216796875,1728.3458427885946,1649.2711963865022,1724.580383436114,61431000,1778.14384765625,101.71222596733838,1981.568299590927,1574.7193957215732,0.3035593092978707,22.880539412242513,False,26.882716292961202,71.18288776861809,106878210.0,0.5747757190170008,11708760.120107906
2020-10-05,1739.6419677734375,1739.6419677734375,1694.4564621169845,1709.5182973358021,59714200,1766.2826538085938,90.53651940063574,1947.3556926098652,1585.2096150073223,0.4264366296287916,20.503291294949637,False,26.758644169125905,69.32593190346344,105771100.0,0.5645606408555834,11708760.120107906
2020-10-06,1758.469482421875,1784.8276973618176,1750.9385638676058,1773.5313195304136,98068200,1755.3628356933593,75.76670646238323,1906.8962486181258,1603.8294227685928,0.510250698735526,17.265195530348752,False,25.826978122431644,67.60163173810035,108414830.0,0.9045644401231824,11708760.120107906
2020-10-07,1758.469482421875,1766.0004009761444,1735.8767267590672,1739.642186036202,48203400,1748.6791687011719,68.62512229609278,1885.9294132933574,1611.4289241089864,0.5356659244935894,15.697590163909581,False,25.157519205890257,64.92463477231298,103482820.0,0.4658106534012119,11708760.120107906
2020-10-08,1758.469482421875,1777.2967788075482,1750.9385638676058,1777.2967788075482,42166800,1748.490899658203,68.5911323390356,1885.673164336274,1611.308634980132,0.5363697989207604,15.691504566010336,False,24.32792144303442,62.16989049857223,92380890.0,0.4564450504860908,11708760.120107906
2020-10-09,1747.173095703125,1769.7658512510102,1739.6421771871633,1769.7658512510102,51010400,1744.1606323242188,65.59158829054778,1875.3438089053143,1612.9774557431233,0.5114818967546648,15.042556763396789,False,23.719487107568714,59.880875038949,82785250.0,0.6161773987515892,11708760.120107906
2020-10-12,1758.469482421875,1773.5313195304136,1754.7040231447404,1766.0004009761444,63289000,1737.0062683105468,54.362513923503386,1845.7312961575535,1628.2812404635401,0.5987041095152916,12.518668450489267,True,23.077385429338733,57.48639995240183,78198640.0,0.8093363260537524,11708760.120107906
2020-10-13,1792.3583984375,1799.8893160779937,1739.6419749540441,1758.4692690552783,90512400,1733.6173522949218,48.02599675972028,1829.6693458143625,1637.5653587754812,0.8057773399085629,11.081106611247204,True,21.942982178101104,57.68361003608381,77814890.0,1.1631758394826492,11708760.120107906
2020-10-14,1863.902099609375,1863.902099609375,1792.358382654672,1792.358382654672,133840600,1735.12353515625,51.666914288337374,1838.4573637329247,1631.7897065795753,1.1231190996546212,11.910832454632041,True,20.983971356067116,58.67361767312805,81481600.0,1.642586792601029,11708760.120107906
2020-10-15,1799.889404296875,1863.902207378563,1799.889404296875,1863.902207378563,106439400,1736.2531799316407,52.870480652262906,1841.9941412361666,1630.5122186271149,0.8009062125980057,12.180362003275242,True,20.093463043617763,59.05498805945376,80594920.0,1.320671327671769,11708760.120107906
2020-10-16,1811.1856689453125,1830.0129628012928,1792.358375089332,1826.2475040300967,54115000,1737.5710815429688,54.44994298392605,1846.4709675108209,1628.6711955751168,0.837992031617348,12.534725873907679,True,19.11457924685999,57.526388034632845,78935660.0,0.6855583395388092,11708760.120107906
2020-10-19,1841.3095703125,1845.0750295564928,1814.9513556045501,1826.2477333365287,73015200,1743.2192810058593,59.10278761685465,1861.4248562395687,1625.01370577215,0.9149139713279263,13.561756288687135,True,18.476557164193817,55.83802893295767,78184860.0,0.933879014428113,11708760.120107906
2020-10-20,1811.1856689453125,1841.3093391148811,1811.1856689453125,1833.778421572489,57256800,1748.3026428222656,60.40935878081139,1869.1213603838885,1627.4839252606428,0.7602371031250756,13.821258928784383,True,17.799171946047565,54.001305535402665,76223660.0,0.7511683380199796,11708760.120107906
2020-10-21,1837.543701171875,1856.3709931920787,1826.2473259597527,1826.2473259597527,89392600,1756.96318359375,60.15308059663781,1877.2693447870256,1636.6570224004745,0.8348977175353051,13.694784536941452,False,17.45892975749708,53.37159258621435,75111840.0,1.1901266165227746,11708760.120107906
2020-10-22,1830.01318359375,1837.5441020447531,1818.7168059172454,1818.7168059172454,44578200,1766.9416564941407,54.33192325975698,1875.6055030136547,1658.2778099746267,0.7902139447469441,12.299653032700384,True,16.954387712393743,50.904142839163875,72263300.0,0.6168857497512569,11708760.120107906
2020-10-23,1826.247802734375,1845.075099669781,1822.4823433472936,1830.0132621214561,46222200,1771.6484924316405,55.225930182839335,1882.1003527973191,1661.196632065962,0.7471633801457473,12.468823340241734,True,16.642951205667607,48.881900945115554,69075180.0,0.66915786538667,11708760.120107906
2020-10-26,1826.247802734375,1852.6060184439432,1818.7168839602125,1833.7787215085373,112967200,1777.4849609375,54.47733328121815,1886.4396274999365,1668.5302943750637,0.7237758295966672,12.259419230750662,False,16.514508111767615,47.81098905501664,71617600.0,1.5773664574071178,11708760.120107906
2020-10-27,1784.82763671875,1826.2476873599026,1781.0621775695543,1807.420391613924,176476000,1781.815234375,51.18805173330379,1884.1913378416077,1679.4391309083924,0.5147124291790053,11.491214295573998,True,15.396422059039725,47.62346306285979,76218400.0,2.3153989063008407,11708760.120107906
2020-11-02,1754.7039794921875,1773.5312754094855,1728.34576520797,1769.765816226026,145155000,1785.9572387695312,44.77235667376188,1875.501952117055,1696.4125254220073,0.32548797070772073,10.027643596799367,True,15.352572069798327,48.25620652342552,80280980.0,1.808087046271732,11708760.120107906
2020-11-03,1758.469482421875,1784.8276973618176,1754.7040231447404,1769.765860253279,89949600,1787.8399780273437,42.62927485185815,1873.09852773106,1702.5814283236275,0.3277563029893498,9.537604120228732,True,15.02853705765014,46.96102876244014,82190160.0,1.0944083817332877,11708760.120107906
2020-11-04,1739.6419677734375,1777.2965558204817,1732.1110501640287,1769.7656382110729,70802200,1789.9109680175782,38.88834403604779,1867.6876560896737,1712.1342799454826,0.1768376136205265,8.690565001480202,True,15.168936402463885,46.834205683441056,82658720.0,0.8565605661447455,11708760.120107906
2020-11-05,1818.7166748046875,1826.2475927127814,1762.234790493983,1777.2966263101707,180563400,1793.8647033691407,37.50362693254127,1868.8719572342231,1718.8574495040582,0.6656637868668591,8.362643372625357,True,14.136510514748814,49.675021344576976,88701180.0,2.035636955449747,11708760.120107906
2020-11-06,1867.667724609375,1892.1432089036512,1796.124001287645,1830.013133387412,240710000,1799.3246154785156,39.948499808633656,1879.221615095783,1719.4276158612483,0.9276950915443958,8.880776590278495,True,14.283254068812864,52.98532036396479,95833270.0,2.511758181683668,11708760.120107906
2020-11-09,1920.3841552734375,1939.2114509133733,1882.7295639935662,1901.556859633502,166734000,1807.4203491210938,47.01467985544956,1901.449708831993,1713.3909894101946,1.1006836933680082,10.404813662369513,False,15.104093104676679,54.3109207882529,101759800.0,1.6385055788238578,11708760.120107906
2020-11-10,2005.10693359375,2014.5205811693074,1958.0386957159624,1976.8659908670775,251065000,1819.7522216796874,63.09538269457754,1945.9429870688425,1693.5614562905323,1.2344226471027968,13.869005228929149,False,16.739022292807576,57.15559972451126,112204710.0,2.237562041736038,11708760.120107906
2020-11-11,2061.589111328125,2080.416409148473,2005.1072178670804,2023.9345156874288,214751400,1835.4730224609375,80.75759672702169,1996.9882159149809,1673.9578290068941,1.1999839582631133,17.599299088306893,False,18.85192287262588,58.45230514095496,120391760.0,1.7837715803805843,11708760.120107906
2020-11-12,2023.9342041015625,2089.8297363281254,1995.6932617187501,2089.8297363281254,133987600,1848.7462585449218,88.84596221532414,2026.43818297557,1671.0543341142736,0.9929541568024809,19.22296514292911,False,20.6023502801671,61.00117438869927,123926690.0,1.0811843679517301,11708760.120107906
2020-11-13,2127.484130859375,2146.3114240528207,1986.2794319085315,2005.1067251019772,198407400,1865.5025451660156,107.33083210966211,2080.1642093853397,1650.8408809466914,1.110219776889663,23.013816279754355,False,22.695690074824068,68.07480422838427,129321440.0,1.53421891992542,11708760.120107906
2020-11-16,2136.897705078125,2202.793229023265,2127.4840588002476,2165.1386439117564,173760800,1879.152325439453,123.28927990986611,2125.7308852591855,1632.573765619721,1.022643533620894,26.24359467634622,False,25.03579875018626,68.59154465657237,131317450.0,1.3232118046763777,11708760.120107906
2020-11-17,2165.138916015625,2183.9662109375004,2136.897973632813,2165.138916015625,126882200,1897.4148010253907,137.19752247723957,2171.80984597987,1623.0197560709116,0.9878442958666556,28.92304253199585,False,27.208756805879723,67.05418474248687,132339590.0,0.9587622267833835,11708760.120107906
2020-11-18,2155.72509765625,2174.5523910855622,2127.484157512282,2165.1387443709064,97499400,1914.6417724609375,147.07560149252544,2208.7929754459883,1620.4905694758868,0.9097948992708432,30.72650009165639,False,28.99375063680482,65.62661680182927,134508810.0,0.7248551228726208,11708760.120107906
2020-11-19,2165.138916015625,2183.9662109375004,2127.484326171875,2136.897973632813,122667200,1930.8332397460938,156.12433529141987,2243.0819103289336,1618.584569163254,0.8751908308083087,32.34341155468204,False,30.72661770487725,64.97342165638612,136991410.0,0.8954371664617511,11708760.120107906
2020-11-20,2136.897705078125,2183.965936467511,2127.4840588002476,2146.311351356002,106282800,1947.1188415527345,159.92826672959603,2266.9753750119266,1627.2623080935423,0.7966624778192983,32.85434115609726,False,32.33570116251603,64.3668828000202,139442710.0,0.7621968907517647,11708760.120107906
2020-11-23,2221.620849609375,2249.861792612884,2118.0707252631755,2136.8980205988482,165072200,1966.3226989746095,168.88688798370197,2304.0964749420136,1628.5489230072055,0.8779129239734145,34.35588432595983,False,34.33729741675676,69.1828959821408,143226690.0,1.1525240162989174,11708760.120107906
2020-11-24,2240.4482421875,2249.861890263918,2221.620946034664,2249.861890263918,123975400,1986.8444519042969,176.22869715467118,2339.3018462136392,1634.3870575949545,0.8597651721566975,35.47911301979665,False,36.19592319673694,66.25847774445528,147196550.0,0.842243924874598,11708760.120107906
2020-11-25,2278.102783203125,2325.1710225255038,2259.2754874741736,2259.2754874741736,202412800,2009.4372009277345,183.3756578538728,2376.18851663548,1642.685885219989,0.8662775984278718,36.50288902170425,False,38.39653298825618,67.57735650113732,155006080.0,1.3058378097168835,11708760.120107906
2020-11-26,2372.239013671875,2391.0663074311756,2268.6888979957216,2278.102544875372,133546200,2036.7367614746095,194.9449970433508,2426.6267555613113,1646.846767387908,0.9302524523400031,38.285752136610824,False,40.76150476187633,71.49164599644564,156035030.0,0.8558731971916819,11708760.120107906
2020-11-27,2391.066650390625,2400.480298620509,2334.5847610113187,2372.2393539308564,129836400,2067.048712158203,200.75943466477574,2468.5675814877545,1665.5298428286517,0.9034903001862166,38.84948303035646,False,42.999393176309574,71.09192396878454,153703050.0,0.8447223396022395,11708760.120107906
2020-11-30,2259.275390625,2391.0664550781253,2240.448095703125,2391.0664550781253,320814200,2092.2772827148438,190.90434501617335,2474.0859727471907,1710.468592682497,0.7186934350499042,36.496949346687856,False,42.84926916724942,76.77239759154993,162486010.0,1.9744112123868387,11708760.120107906
2020-12-01,2353.411865234375,2353.411865234375,2231.034448242188,2287.5163330078126,199570600,2122.0244018554686,182.31128825560018,2486.646978366669,1757.4018253442682,0.8172972249728463,34.365540395518494,False,42.51716997594612,80.02989897730973,167967060.0,1.188153200990718,11708760.120107906
2020-12-02,2391.066650390625,2400.480298620509,2334.5847610113187,2372.2393539308564,103987400,2154.595635986328,168.03201612680195,2490.6596682399318,1818.531603732724,0.8518243425494715,31.19509077625704,False,42.62136923154347,79.02030173672978,169626320.0,0.6130381181410998,11708760.120107906
2020-12-03,2391.066650390625,2447.548539769931,2372.2393539308564,2400.480298620509,128300400,2183.213134765625,156.13507138142873,2495.4832775284826,1870.9429920027676,0.8328104214286777,28.60647343956006,False,43.084076477003094,78.75522202975439,167013170.0,0.7682052858466192,11708760.120107906
2020-12-04,2391.066650390625,2419.307595080278,2334.5847610113187,2381.6530021607405,87823400,2209.3830810546874,143.84236732251063,2497.0678156997087,1921.698346409666,0.8157685261960802,26.04208723348148,False,42.73594202478416,79.18148003255475,159368840.0,0.5510700837127258,11708760.120107906
2020-12-07,2504.0302734375,2513.443921082002,2428.7210922814847,2447.5483875704886,121274800,2238.5653869628904,141.30712266770524,2521.179632298301,1955.95114162748,0.9696594224391487,25.24958591616922,False,43.13789486414863,82.26689365104204,157095880.0,0.7719795070373583,11708760.120107906
2020-12-08,2504.0302734375,2522.857568726504,2466.3756828594924,2504.0302734375,70337400,2263.511553955078,141.96161211385217,2547.4347781827823,1979.5883297273735,0.9235629546273534,25.086969291727257,False,43.57526946180055,80.42510738075414,148059500.0,0.4750617150537453,11708760.120107906
2020-12-10,2485.202880859375,2522.857469963305,2475.7892335833926,2504.03017541134,97416000,2284.692242431641,141.85070492499435,2568.3936522816293,2000.990832581652,0.8533832252257,24.834978171768107,False,43.98140301676306,78.04247373783687,142192730.0,0.6850983169111389,11708760.120107906
2020-12-11,2475.7890625,2522.857295627376,2466.3754158745246,2504.0300023764257,62718600,2307.2849853515627,133.89418970535345,2575.0733647622696,2039.4966059408557,0.8146217127106973,23.21242335566136,False,44.14777405355451,76.50243131033791,138629280.0,0.4524195754316837,11708760.120107906
2020-12-14,2475.7890625,2494.6163557509503,2428.7208293726235,2475.7890625,118385600,2324.700231933594,131.91402446679047,2588.5282808671745,2060.872183000013,0.7863395897007962,22.69781241550778,True,43.482194700832856,75.7447952437657,134628190.0,0.8793522367046605,11708760.120107906
2020-12-15,2447.548583984375,2466.375880784255,2428.7212871844954,2456.962232384315,83508200,2340.232775878906,126.82802638332645,2593.888828645559,2086.576723112253,0.7115380392759492,21.67784806546767,True,42.864156730448464,73.69643667746134,130115560.0,0.6418002581705062,11708760.120107906
2020-12-16,2513.44384765625,2513.44384765625,2466.3756108087546,2466.3756108087546,98639200,2357.6480224609377,125.42559476138109,2608.4992119836998,2106.7968329381756,0.8105343560293852,21.279782828729537,True,42.76571978365109,73.13921003420516,128703410.0,0.7664070439159304,11708760.120107906
2020-12-17,2513.44384765625,2541.684789764747,2485.202905547753,2522.857495025749,81480800,2375.5339599609374,120.52546203695452,2616.5848840348463,2134.4830358870286,0.7860596536295126,20.29446247763788,True,42.93307674639567,71.94940104726155,127902480.0,0.6370541055967015,11708760.120107906
2020-12-18,2504.0302734375,2522.857568726504,2485.202978148496,2494.616625792998,56371400,2392.4785278320314,112.9751284782253,2618.428784788482,2166.528270875581,0.7468502295772315,18.88838326680388,True,43.088479640372775,69.49977172802913,124587690.0,0.4524636422747705,11708760.120107906
2020-12-21,2485.202880859375,2532.2711172392874,2475.7892335833926,2513.4438226873226,68494800,2409.8937866210936,97.25566885107573,2604.405124323245,2215.382448918942,0.6935853588997459,16.142731167822593,True,42.990503124142776,68.56992258001954,122698290.0,0.5582376086903901,11708760.120107906
2020-12-22,2372.239013671875,2475.7891293480284,2362.8253667922245,2456.961835588728,127411600,2417.424694824219,87.22370781571148,2591.872110455642,2242.977279192796,0.370489107021759,14.432500503938797,True,40.551134230939994,72.41332197195746,120815260.0,1.054598566439372,11708760.120107906
2020-12-23,2353.411865234375,2419.307397460938,2240.448095703125,2372.2391601562504,111054800,2423.0728759765625,78.36838361392223,2579.809643204407,2266.336108748718,0.2777770590326044,12.937024617113558,True,38.6792102753176,80.0166062423757,120169230.0,0.9241533793634195,11708760.120107906
2020-12-28,2428.720947265625,2428.720947265625,2315.7571822765262,2409.8936531007753,61917400,2430.6037841796874,70.55111950254563,2571.7060231847786,2289.5015451745962,0.4933281111365126,11.610468141578432,True,36.79937641420475,82.36997472428449,113144460.0,0.5472419948798201,11708760.120107906
2020-12-29,2372.239013671875,2438.1345418294272,2353.4117199125744,2428.7208949497767,51736600,2430.6037841796874,70.55111950254563,2571.7060231847786,2289.5015451745962,0.2931826917866749,11.610468141578432,True,34.906694902863464,82.53803523803938,109053980.0,0.47441276329392107,11708760.120107906
2020-12-30,2325.171142578125,2391.066681031756,2315.7574942276065,2372.2393843307186,76480000,2427.3090087890623,73.95144027903265,2575.2118893471275,2279.406128230997,0.15471305959169926,12.186572045217352,True,33.61810248036256,82.02168892133298,106386160.0,0.7188905022984192,11708760.120107906
2021-01-04,2400.47998046875,2409.89362745098,2296.9298636642156,2353.411745557598,81711400,2434.36923828125,62.993340493964155,2560.3559192691782,2308.382557293322,0.36550460117388395,10.35066324423974,True,32.64669171355939,84.23183712600667,94431020.0,0.8653025245306044,11708760.120107906
2021-01-05,2447.548583984375,2447.548583984375,2372.2393967848557,2409.8939903846153,68509200,2439.07607421875,60.075203220122724,2559.2264806589956,2318.9256677785042,0.5352579321895125,9.85212455734744,True,31.097461466090635,83.59450498840043,87877950.0,0.7795948813098166,11708760.120107906
2021-01-06,2409.893798828125,2466.375684738159,2334.584617614746,2456.962037086487,74299600,2440.017431640625,59.42733206972993,2558.872095780085,2321.162767501165,0.37327534417515984,9.742115986404594,True,30.137110440095363,87.03711656947277,86393560.0,0.8600131769080936,11708760.120107906
2021-01-07,2419.307373046875,2447.5483151446983,2391.0664309490517,2438.1346677787574,74138800,2441.4294677734374,58.531772191986185,2558.49301215741,2324.365923389465,0.4055124511948776,9.58975435737108,True,29.245355915956896,84.85459997134234,83685480.0,0.885921906643781,11708760.120107906
2021-01-08,2438.134765625,2447.548413368726,2400.4801746500966,2419.307470137548,72826800,2443.7828735351563,57.334232484286986,2558.4513385037303,2329.1144085665824,0.47537200872225743,9.38450516290717,True,28.417296231936557,82.15557416757713,82935650.0,0.8781121266909948,11708760.120107906
2021-01-11,2456.962158203125,2485.2031025502874,2428.7212138559626,2438.134861971683,149359200,2441.4294677734374,55.673032332333506,2552.7755324381046,2330.08340310877,0.5697496156530824,9.121382872978415,True,26.926939412838674,80.32173949091626,84339870.0,1.7709204436762827,11708760.120107906
2021-01-12,2447.548583984375,2513.4441227839543,2438.1349355844354,2485.2031775841347,120481200,2438.6053833007813,53.729007016059455,2546.0633973329004,2331.1473692686623,0.5416125347380817,8.813071173218603,True,25.044896015935848,79.96370004153073,86847060.0,1.3872801220904887,11708760.120107906
2021-01-13,2456.962158203125,2485.2031025502874,2438.134861971683,2456.962158203125,84618200,2437.1933471679686,52.803052737202755,2542.799452642374,2331.587241693563,0.5935969134850237,8.666206609920408,True,23.297285582859526,77.6140243656074,86207170.0,0.9815680064662835,11708760.120107906
2021-01-14,2428.720947265625,2485.2028297601746,2419.3073001832,2456.9618885129,68392400,2434.83994140625,52.03564928489787,2538.9112399760456,2330.7686428364545,0.470601913184924,8.548512516160615,True,22.013544496666523,76.77698902356221,86490860.0,0.7907471379056701,11708760.120107906
2021-01-15,2381.653076171875,2447.5486158288045,2353.4121306046195,2428.7213187839675,105609800,2430.1331420898437,52.3929485274136,2534.919039144671,2325.3472450350164,0.26867084559765536,8.62388115613406,True,21.85280576410547,78.0169530378924,85852070.0,1.2301369087547918,11708760.120107906
2021-01-18,2372.239013671875,2400.479954310826,2334.584426153274,2372.239013671875,80840600,2426.3676635742186,53.763740457863754,2533.8951444899462,2318.840182658491,0.24830318053872327,8.863247110483805,True,21.96043313951467,77.15113697501097,85718690.0,0.943091874129201,11708760.120107906
2021-01-19,2343.998291015625,2400.480177546122,2315.7573477503765,2372.2392342808735,88881200,2417.8953857421875,52.6593410719649,2523.2140678861174,2312.5767035982576,0.14917385395321525,8.711599580773566,False,22.312442365833746,77.69197217649202,85230790.0,1.0428297097797639,11708760.120107906
2021-01-20,2419.307373046875,2438.1346677787574,2334.5845467534045,2334.5845467534045,109658000,2413.1885620117187,47.63707047311444,2508.4627029579474,2317.91442106549,0.5321116043366358,7.8961207131534605,True,21.82152889400923,79.5389828085535,86639650.0,1.2656791665247955,11708760.120107906
2021-01-21,2419.307373046875,2475.789257242522,2419.307373046875,2447.5483151446983,59591200,2408.9524169921874,42.638532118470145,2494.2294812291275,2323.6753527552473,0.5607136053952129,7.080012343574377,True,20.635414949122804,77.8920471933459,86800640.0,0.6865295002433162,11708760.120107906
2021-01-22,2362.825439453125,2428.720969637077,2353.411792283989,2409.8936752988047,89496000,2402.833544921875,39.807164729222634,2482.44787438032,2323.2192154634295,0.2487380366016144,6.6267036788046765,True,20.50240763630942,77.70755649047032,87850700.0,1.0187283652833727,11708760.120107906
2021-01-25,2343.998291015625,2372.2392342808735,2306.3436999952937,2362.8255865257906,62801600,2401.4215087890625,41.41782082173676,2484.257150432536,2318.585867145589,0.15339063817125773,6.898883960212726,True,20.953987032741857,76.86384061869242,84620200.0,0.7421584917076537,11708760.120107906
2021-01-26,2287.516357421875,2362.82553791313,2259.2754147376545,2343.9982427903165,94759800,2398.1267333984374,47.59789274805361,2493.322518894545,2302.93094790233,-0.08096256782862145,7.93917887410424,False,21.877436138623167,78.77000365846266,83805450.0,1.1307116661267256,11708760.120107906
2021-01-27,2249.861572265625,2296.9298059950315,2193.3796917903373,2287.5161592491504,121073600,2389.1837646484373,57.35055947479511,2503.8848835980275,2274.482645698847,-0.10732708476908065,9.60169917833576,False,23.334495944565365,80.54001155462204,86763260.0,1.395447796682605,11708760.120107906
2021-01-28,2174.552490234375,2240.4480202414775,2146.3115488027597,2183.966137378247,105682200,2379.2994384765625,74.80434411213096,2528.9081267008246,2229.6907502523004,-0.1842749263842005,12.575860423861132,False,25.054310186067433,82.18358383378228,89460540.0,1.181327543965194,11708760.120107906
2021-01-29,2089.829833984375,2249.861848298494,2052.175242381053,2183.9663129926803,155809200,2367.532373046875,98.51839555565275,2564.5691641581802,2170.4955819355696,-0.2046971722799394,16.644907867319304,False,27.255330881871327,90.43379969690075,93427000.0,1.6677106189859463,11708760.120107906
2021-02-01,2202.79345703125,2212.2071042835205,1976.8659229767627,2089.8296900040064,153317600,2357.648046875,104.75811199140699,2567.1642708578142,2148.131822892186,0.13044725868949356,17.773324925280715,False,29.682718927915,100.78432695474768,97007310.0,1.5804747085554687,11708760.120107906
2021-02-02,2221.620849609375,2278.102735616393,2202.7935542737023,2212.2072019415386,113771800,2346.35166015625,106.71657082824994,2559.78480181275,2132.91851849975,0.20779886952229468,18.19276669229428,False,30.751965076239113,98.96468064263308,99270440.0,1.1460793364066886,11708760.120107906
2021-02-03,2372.239013671875,2409.893601190476,2249.861604236421,2278.102544875372,239553600,2344.4689208984373,105.86529694312537,2556.1995147846883,2132.7383270121863,0.5655788383334832,18.062136972591002,False,29.87078487674923,105.34382856680938,107533140.0,2.227718822309104,11708760.120107906
2021-02-04,2362.825439453125,2391.066380960533,2325.170850776581,2381.652733791397,100262200,2341.64482421875,104.50847818859296,2550.661780595936,2132.627867841564,0.5506672176303086,17.852148559457216,False,29.052546120080056,102.52609296803385,108839310.0,0.9211947411279987,11708760.120107906
2021-02-05,2372.239013671875,2400.479954310826,2343.998073032924,2391.0663074311756,46060200,2338.3500366210938,102.32224674039823,2542.99453010189,2133.7055431402973,0.5827996308973771,17.503324162408713,False,28.167546553265677,99.23722070445302,107500980.0,0.42846307075526197,11708760.120107906
2021-02-08,2372.239013671875,2400.479954310826,2362.8253667922245,2372.239013671875,44851400,2334.113879394531,98.84803014315271,2531.8099396808366,2136.4178191082256,0.5964236065760004,16.93970992859936,False,27.345761241223755,94.83846119117793,102275590.0,0.4385347471473887,11708760.120107906
2021-02-09,2343.998291015625,2409.8938253012047,2334.584643260542,2362.8255865257906,86257400,2328.9363647460937,95.23982593251682,2519.4160166111274,2138.45671288106,0.5395368379825779,16.35765190911949,False,26.87424193202903,93.44351268042684,100564400.0,0.8577329552008465,11708760.120107906
2021-02-10,2334.584228515625,2362.825166763798,2315.7569363501766,2343.9978745983494,30024200,2322.8174682617187,90.38931618300494,2503.5961006277284,2142.038835895709,0.5325446655390196,15.565461758068794,False,26.628722231128286,90.13099251851216,97834700.0,0.3068870247468434,11708760.120107906
2021-02-11,2334.584228515625,2353.411520681074,2315.7569363501766,2353.411520681074,26663000,2318.110632324219,86.97070432697903,2492.052040978177,2144.1692236702606,0.5473538656461584,15.007170600788665,False,26.400739651720453,86.38267764796824,95748230.0,0.2784698996524531,11708760.120107906
2021-02-15,2343.998291015625,2381.6528820359563,2325.1709955054594,2353.411938770708,53067000,2316.227893066406,85.92401764950534,2488.075928365417,2144.379857767395,0.5807992884553471,14.838612022023867,False,25.69704677793345,84.24690685386315,93121090.0,0.5698709067945833,11708760.120107906
2021-02-16,2391.066650390625,2400.480298620509,2325.171112781434,2353.4120574710873,75821200,2317.1692749023437,86.66987254815335,2490.5090199986503,2143.829529806037,0.7131576213153664,14.961336400735071,False,24.722950523120566,83.60849820994972,92870120.0,0.8164219018991253,11708760.120107906
2021-02-17,2315.75732421875,2409.893800813008,2315.75732421875,2400.4801531535823,89886200,2315.7572265625,86.43951010345937,2488.6362467694184,2142.8782063555814,0.5000002824410098,14.930668744023693,False,23.946069549613156,84.36049666597174,92920370.0,0.967346557057403,11708760.120107906
2021-02-18,2268.68896484375,2334.584494942946,2259.2753176867222,2296.929906314834,64395600,2308.2263061523436,83.45262835613705,2475.1315628646175,2141.3210494400696,0.3815575312383614,14.461775803126834,False,23.93887298596662,83.71397385098975,90657250.0,0.710319362213171,11708760.120107906
2021-02-19,2259.275390625,2278.1026855468754,2231.034448242188,2259.275390625,51525600,2300.22470703125,79.83507979448639,2459.8948666202227,2140.5545474422775,0.3717690377724211,13.883005351685703,False,24.252129183542646,81.09642124053958,90253970.0,0.5708956625398307,11708760.120107906
2021-02-22,2231.034423828125,2287.516307975672,2231.034423828125,2259.2753659018986,69472200,2293.63515625,79.8350797944867,2453.3053158389735,2133.9649966610264,0.30396859193031717,13.922890844595159,False,24.353483855603063,79.33824001961156,89252780.0,0.7783757547944165,11708760.120107906
2021-02-23,2240.4482421875,2259.275538340336,2221.620946034664,2231.034594111082,38327600,2288.457653808594,79.75469997815532,2447.9670537649044,2128.9482538522834,0.3495091460621015,13.940340970770862,False,24.563244974302044,76.36083661147302,88029080.0,0.43539703016321424,11708760.120107906
2021-02-24,2287.516357421875,2296.930004983282,2249.8617671762477,2249.8617671762477,62323600,2288.457653808594,79.75469997815532,2447.9670537649044,2128.9482538522834,0.4970494015181025,13.940340970770862,False,23.97807050760104,74.94090276749509,86407270.0,0.7212772721554563,11708760.120107906
2021-02-25,2287.516357421875,2334.5845952289096,2287.516357421875,2315.7573001060955,68416400,2290.3403930664062,79.23840296673785,2448.817198999882,2131.8635871329307,0.49109006637313,13.838712045880659,False,22.731736739018302,72.9499981274622,83774410.0,0.8166742087470387,11708760.120107906
2021-02-26,2240.4482421875,2296.9301306460084,2231.034594111082,2240.4482421875,135017000,2293.6351806640623,75.44989322320691,2444.534967110476,2142.7353942176487,0.32376735007690133,13.158133230475173,False,22.376885951861855,72.44610801370965,85241150.0,1.583941558742462,11708760.120107906
2021-03-01,2343.998291015625,2343.998291015625,2249.861813464797,2259.2754612198796,82388800,2306.343603515625,58.90705644534432,2424.1577164063137,2188.5294906249364,0.6598055045193822,10.216527382225376,True,21.228395218769183,74.66781807188218,81570130.0,1.010036394449782,11708760.120107906
2021-03-02,2315.75732421875,2372.239210175305,2296.9300288998984,2362.825562515879,57119200,2311.991796875,53.63557745911745,2419.262951793235,2204.720641956765,0.5175514440327416,9.27954459554985,True,19.71254354810936,74.71362972927678,76760210.0,0.7441251137796523,11708760.120107906
2021-03-03,2268.68896484375,2334.584494942946,2268.68896484375,2315.75720062889,64855000,2314.3452026367186,50.39642061054315,2415.138043857805,2213.5523614156323,0.27351448158494274,8.71026855511906,True,18.732950406083024,74.0837654699853,74314370.0,0.8727114284895371,11708760.120107906
2021-03-04,2259.275390625,2287.5163330078126,2249.861743164063,2268.6890380859377,35366800,2308.697021484375,49.89417054282821,2408.4853625700316,2208.9086803987184,0.2523677098863067,8.644559260660177,True,18.10026977392917,71.48168149668277,64105030.0,0.5517008571714264,11708760.120107906
2021-03-05,2259.275390625,2278.1026855468754,2212.2071533203125,2221.62080078125,48207200,2303.5195190429686,49.351381446758595,2402.2222819364856,2204.8167561494515,0.2758718848341651,8.56973531828587,True,18.038009607035004,71.08267083453134,61502280.0,0.7838278515853396,11708760.120107906
2021-03-08,2259.275390625,2296.9299804687503,2259.275390625,2287.5163330078126,24737800,2297.871337890625,47.50221774002074,2392.8757733706666,2202.8669024105834,0.2968729192978933,8.268908177187392,True,17.62780844248359,68.69495076376127,60436160.0,0.40932117460804923,11708760.120107906
2021-03-09,2249.861572265625,2296.9298059950315,2231.0342787738628,2287.5161592491504,43320000,2291.7524658203124,45.24688276566848,2382.2462313516494,2201.2587002889754,0.26854265424405915,7.897342045528948,True,17.645680239235936,68.49499193929039,60359590.0,0.7176987120025169,11708760.120107906
2021-03-10,2278.102783203125,2296.9300789320764,2240.448191745222,2268.689135338649,30935000,2288.4576904296873,43.611867221223385,2375.681424872134,2201.2339559872407,0.44064168833888406,7.622927424633244,True,17.66226990079989,67.63691302840209,57593470.0,0.5371268652505223,11708760.120107906
2021-03-12,2315.75732421875,2334.5846195376016,2278.102733581047,2306.343676559324,74997200,2287.5163452148436,42.758682812207375,2373.033710839258,2201.998979590429,0.6651183873456681,7.476874716397522,True,16.9231622758702,66.840125380413,59842120.0,1.2532510546083595,11708760.120107906
2021-03-15,2381.653076171875,2391.0667246942935,2315.757536514946,2334.5848335597825,133769600,2289.8697875976563,46.60774659846059,2383.0852807945776,2196.654294400735,0.9923177758675965,8.141554048338728,True,16.161181675424714,67.44507360149375,65197450.0,2.0517612268577987,11708760.120107906
2021-03-16,2343.998291015625,2400.480177546122,2334.584643260542,2381.6528820359563,56139400,2289.8697875976563,46.60774659846059,2383.0852807945776,2196.654294400735,0.7903407017523373,8.141554048338728,True,15.602228992997274,67.3343922217856,65351070.0,0.859043317882936,11708760.120107906
2021-03-17,2296.93017578125,2343.998417088243,2296.93017578125,2343.998417088243,44703400,2285.1629638671875,40.15713809937339,2365.4772400659344,2204.8486876684406,0.5732572866929858,7.029194632389006,True,14.567590016743901,65.88681001358614,63795180.0,0.7007331901877226,11708760.120107906
2021-03-18,2362.825439453125,2381.652733791397,2315.7572036074453,2334.5844979457174,88289600,2287.5163696289064,43.30065875367358,2374.1176871362536,2200.9150521215593,0.9348032569933443,7.571645707732891,True,14.067651483904704,67.23222058476907,63715350.0,1.385688064179197,11708760.120107906
2021-03-19,2315.75732421875,2362.825562515879,2315.75732421875,2353.411914856453,59625600,2289.8697875976563,43.50214921734093,2376.8740860323383,2202.8654891629744,0.6487715956960943,7.599060776810343,False,13.603422846268307,65.79193613565192,63476850.0,0.9393282747962446,11708760.120107906
2021-03-22,2296.93017578125,2343.998417088243,2287.5165275198515,2325.171120565446,40516200,2291.7525268554687,42.91928811701296,2377.5911030894945,2205.913950621443,0.5301592195079359,7.49108599014446,False,12.63818782349196,65.12693280941905,62926380.0,0.6438666899319491,11708760.120107906
2021-03-23,2296.93017578125,2334.5847688268445,2287.5165275198515,2296.93017578125,38971000,2295.047314453125,40.472373985120605,2375.9920624233664,2214.102566482884,0.5116305342553975,7.053863113016398,False,11.741898159485352,63.83702627353148,61401320.0,0.6346931955208781,11708760.120107906
2021-03-24,2240.4482421875,2296.9301306460084,2240.4482421875,2278.1028344931724,64499200,2295.047314453125,40.472373985120605,2375.9920624233664,2214.102566482884,0.16273863570680241,7.053863113016398,False,11.74367600126901,63.31166251068995,62709900.0,1.0285329748572394,11708760.120107906
2021-03-25,2221.620849609375,2259.2754402807204,2212.2072019415386,2259.2754402807204,46671400,2291.7525390625,43.673349450322064,2379.0992379631443,2204.405840161856,0.09854413311658752,7.622698996670525,False,12.193441817986951,62.1514179270108,61927290.0,0.75364835115504,11708760.120107906
2021-03-26,2278.102783203125,2296.9300789320764,2221.6208960162708,2249.8618396096977,37882400,2291.2818603515625,43.77202147920196,2378.8259033099666,2203.7378173931584,0.4247288753005191,7.641490510030209,False,11.830009358357827,63.09126159813156,60400590.0,0.6271859264950889,11708760.120107906
2021-03-29,2278.102783203125,2315.757374661028,2259.2754874741736,2278.102783203125,34467400,2293.164587402344,42.25395997575301,2377.67250735385,2208.6566674508376,0.4108852507086799,7.3704190633115685,False,11.129052179674368,62.61916342589747,55373110.0,0.6224573624273587,11708760.120107906
2021-03-30,2183.96630859375,2278.102787412446,2174.5526607118804,2259.275491648707,80632200,2285.16298828125,47.00628873987993,2379.1755657610097,2191.15041080149,-0.03820819724513355,8.228085082934928,False,11.788040350237441,65.54280365980235,55285280.0,1.4584750226461727,11680969.072392229
2021-03-31,2155.72509765625,2202.793331229531,2089.8295706536574,2183.9660378002186,87859400,2277.161376953125,54.54108586624303,2386.243548685611,2168.079205220639,-0.056627528441064445,9.580539423906764,False,13.354246683492063,68.93001486809314,56822290.0,1.5462136425687878,11531290.654423479
2021-04-01,2136.897705078125,2193.3795827453882,2118.0704125223706,2155.7249976338794,42609800,2270.571813964844,62.93419285474492,2396.4401996743336,2144.703428255354,-0.03100748108125048,11.086932810083638,False,14.808581135799924,69.38566882201631,55710030.0,0.7648497048018104,11431505.473759416
2021-04-05,2165.138916015625,2183.9662109375004,2136.897973632813,2174.5525634765627,29858600,2265.864990234375,67.1992101192576,2400.2634104728904,2131.4665699958596,0.12527061687186308,11.862879811264802,False,16.15903455580008,67.79158575325624,55434620.0,0.5386273054636255,11581183.891728166
2021-04-06,2193.379638671875,2221.62057822559,2165.13869911816,2183.96599215397,36015000,2262.570202636719,69.12708884604274,2400.824380328804,2124.3160249446337,0.24977044050364006,12.220984571525669,False,16.599442617846748,66.98374956426868,54825010.0,0.6569082249141405,11730859.721806291
2021-04-07,2174.552490234375,2221.6207259537337,2155.7251959466316,2221.6207259537337,35170000,2258.3340576171877,71.88071158159957,2402.095480780387,2114.5726344539885,0.20860900810747007,12.731634868482184,False,17.132780984453692,66.90601959589964,55346620.0,0.6354498251203055,11631075.835087541
2021-04-08,2200.742431640625,2210.228390397697,2172.28455536941,2181.770514126482,32473000,2255.8781005859373,73.01559859584088,2401.909297777619,2109.8469033942556,0.3112195544321232,12.946727675910491,False,17.628023753445852,64.83729212678443,54804270.0,0.592526823183668,11769882.524540666
2021-04-09,2276.630126953125,2314.5739624023436,2210.2284149169923,2219.7143737792967,99272400,2255.8044677734374,72.99274541204275,2401.789958597523,2109.818976949352,0.571327839027451,12.943097942188095,False,16.632548923218515,68.3368806007083,58221140.0,1.705091999229146,12131079.930711748
2021-04-12,2219.714111328125,2295.601773253873,2210.2281535874063,2286.1158155131543,43708800,2251.002307128906,71.9933588560848,2394.9890248410757,2107.0155894167365,0.39135040961442574,12.793120402956927,False,15.70817496868801,69.55379053397677,56656720.0,0.7714671798861635,12131079.930711748
2021-04-13,2200.742431640625,2229.20030791184,2172.28455536941,2219.714349154768,36617000,2241.9567749023436,65.81386401518797,2373.5845029327197,2110.3290468719674,0.34344353625777313,11.74221818224927,False,14.961080908700362,68.65107353458055,51799090.0,0.7069043104811301,12131079.930711748
2021-04-14,2238.686279296875,2257.658196918035,2200.742444054555,2210.228402865135,42649600,2236.6911743164064,61.27656174899099,2359.2442978143886,2114.1380508184243,0.5081397557382592,10.95843046239387,False,14.006959486622385,67.81283723049695,51124600.0,0.834228531861374,12131079.930711748
2021-04-15,2267.14404296875,2286.1159596463126,2238.686167952406,2257.6580846299685,35951800,2235.201867675781,60.08581696297727,2355.373501601736,2115.0302337498265,0.6329023091782643,10.752642583545454,False,13.581479822691414,66.3569054064548,50687020.0,0.7092900707123836,12131079.930711748
2021-04-16,2257.658447265625,2295.6022867154675,2229.2005676782433,2286.1163268530067,35331800,2229.9435180664063,52.44511902603298,2334.833756118472,2125.0532800143405,0.6321139589056011,9.407434511437005,False,13.337321786617803,66.36010638008119,48039130.0,0.7354795975697311,12131079.930711748
2021-04-19,2229.2001953125,2267.144028424202,2210.228278756649,2238.686153590426,23835600,2225.6156616210938,48.40685904942178,2322.4293797199375,2128.80194352225,0.5185125298449262,8.69994939093182,False,12.739505749579964,65.68550947204346,46249630.0,0.5153684472719025,12131079.930711748
2021-04-20,2248.172119140625,2248.172119140625,2200.742327597574,2229.2002025234046,16545000,2223.1777587890624,45.78291022178494,2314.7435792326323,2131.6119383454925,0.6364830251642101,8.237381836119546,False,11.998711620243679,64.38152961997258,45051070.0,0.367249878859703,12131079.930711748
2021-04-21,2191.25634765625,2229.2001805160985,2181.770389441288,2229.2001805160985,26455400,2217.8940673828124,42.825614616375674,2303.5452966155635,2132.2428381500613,0.3444989058231943,7.723653757171764,False,11.342761281526936,64.52582962564146,44425290.0,0.5955031469687648,12131079.930711748
2021-04-22,2153.3125,2210.2282488986784,2143.82654185022,2200.7422907488985,57216600,2213.5372802734373,44.797255698552895,2303.131791670543,2123.9427688763317,0.1639036290598997,8.09514365947684,False,11.41632948579466,64.65982087012839,44061160.0,1.29857225728964,12131079.930711748
2021-04-23,2191.25634765625,2200.742305871212,2153.3125147964015,2153.3125147964015,37571600,2212.0190551757814,45.02285031570023,2302.064755807182,2121.973354544381,0.38471016731535584,8.141494117847445,False,11.484642818328977,63.42910551306293,43606170.0,0.8616120149969603,12131079.930711748
2021-04-26,2172.2841796875,2219.7139652701962,2162.7982225709607,2219.7139652701962,29762200,2206.728125,43.021418373219,2292.770961746438,2120.6852882535622,0.29984420194092415,7.798227228054008,False,11.115045830400492,62.96386531207526,43200160.0,0.6889372631953214,12131079.930711748
2021-04-27,2238.686279296875,2238.686279296875,2181.7705264333954,2200.742444054555,61601400,2204.7572998046876,40.40277810371856,2285.562856012125,2123.9517435972502,0.7099421196055363,7.330108961616379,True,10.354877847342555,63.20945347616809,44556860.0,1.3825345861445353,12131079.930711748
2021-04-28,2210.228271484375,2238.6861462245174,2200.742313237661,2238.6861462245174,34861800,2206.0703979492187,40.11725365286053,2286.3049052549395,2125.835890643498,0.5259107563240428,7.2739752439729495,True,9.649007577360186,61.40477580352851,42268340.0,0.8247733409923361,12131079.930711748
2021-04-29,2229.2001953125,2248.1721118683513,2210.228278756649,2229.2001953125,22594200,2209.7441528320314,38.59976516018549,2286.9436831524026,2132.5446225116602,0.626011404471813,6.987191727280415,True,9.14748932204258,59.72899470213192,39005080.0,0.5792630088183386,12131079.930711748
2021-04-30,2162.798583984375,2229.200294896176,2143.8266665810033,2229.200294896176,51811400,2211.039196777344,36.39883908333033,2283.8368749440046,2138.241518610683,0.16866654261604067,6.58492877672775,True,9.689850497177888,61.560754245920535,39465160.0,1.3128389698660794,12131079.930711748
2021-05-03,2115.36865234375,2172.284400837304,2105.882694261491,2162.798442755045,47424400,2208.55068359375,41.09987680003751,2290.750437193825,2126.350929993675,-0.0668023757306918,7.4437733497082,False,10.812289679746003,61.90653655519857,40343450.0,1.1755167195666212,12102130.232826432
2021-05-04,2134.341064453125,2134.341064453125,2096.397223307292,2115.3691438802084,34481200,2205.5987548828125,44.24657399361314,2294.0919028700387,2117.1056068955863,0.0973830061962909,8.02441040477718,False,11.999748145356367,60.194915454529614,40266760.0,0.8563192072071356,12210272.98184987
2021-05-05,2153.3125,2172.2844162995593,2124.854625550661,2143.82654185022,38031800,2204.536755371094,45.273933440932275,2295.0846222529585,2113.9888884892293,0.21714267196418408,8.214684256114614,False,12.146110632586636,59.28312083269882,40409850.0,0.9411517241464643,12318410.164467057
2021-05-06,2162.798583984375,2191.2564600894325,2153.312625282689,2181.7705013877467,30785200,2202.6395629882813,46.2262987432212,2295.0921604747236,2110.186965501839,0.2845329385702288,8.394709605689052,False,11.845859149786833,57.758895065322655,40325460.0,0.7634184458156212,12372480.843177995
2021-05-07,2124.854736328125,2181.7704881940567,2124.854736328125,2181.7704881940567,29105000,2195.0507934570314,45.897271136173295,2286.845335729378,2103.256251184685,0.1176458022926853,8.363773863089275,False,12.090487807697468,57.69867055108045,36817090.0,0.7905296154584732,12156200.91153737
2021-05-10,2115.36865234375,2143.826526590527,2105.882694261491,2124.854610426009,28382000,2189.8335205078124,48.78588885746993,2287.405298222752,2092.2617427928726,0.11840980092822144,8.911342054195366,False,12.644829627899167,56.28761067807727,36050750.0,0.7872790441252956,12102130.232826432
2021-05-11,2096.396728515625,2115.368644610789,2086.9107704680428,2115.368644610789,25122800,2184.6162353515624,52.958884026001805,2290.534003403566,2078.6984672995586,0.08354717787943211,9.696693299082696,False,13.474542129689912,54.29977290647942,35476040.0,0.7081624668367721,11993990.26700612
2021-05-17,2086.910888671875,2143.826640181108,2067.9389715021307,2115.3687644264915,53778600,2177.0274658203125,55.61105588956451,2288.2495775994416,2065.8053540411834,0.09488012002776995,10.217795919007408,False,13.520550103355404,55.84176546165783,36032490.0,1.4925030160280346,11939920.979896745
2021-05-18,2067.93896484375,2105.8827990610666,2048.967047735092,2086.910881952408,26061200,2167.0672119140627,56.45416008013576,2279.9755320743343,2054.158891753791,0.06102328451259541,10.42038009153812,False,13.902840079300823,55.918478737680466,35537960.0,0.7333341587418074,11838423.464355815
2021-05-19,1992.05126953125,2058.452978515625,1973.0793526785715,2048.9670200892856,58396200,2153.7868530273436,64.66546346557752,2283.1177799584984,2024.4559260961885,-0.12527806509184003,12.009631013335287,False,15.373559192561277,58.69998826821604,36691180.0,1.591559606423124,11810204.852931887
2021-05-20,1992.05126953125,2020.509144810268,1963.5933942522322,1973.0793526785715,47329400,2141.929406738281,71.49165106330365,2284.9127088648884,1998.946104611674,-0.024110630324926982,13.350888379121834,False,16.857439496342273,58.572542717488886,37865870.0,1.2499224235439461,11810204.852931887
2021-05-21,2020.50927734375,2048.967154489437,1992.0514001980634,2011.0233182951877,51714600,2130.5462646484375,71.80891407435129,2274.1640927971403,1986.928436499735,0.11691041870249302,13.481784510546744,False,17.501459679487464,58.45421002039588,39624350.0,1.3051217243942173,11978107.099025637
2021-05-24,2011.0233154296875,2039.4811925348247,2011.0233154296875,2039.4811925348247,29090200,2121.5346130371095,75.02620825806501,2271.5870295532395,1971.4821965209794,0.13175768783589556,14.145648682235793,False,18.099478420979427,56.311614812163114,39756090.0,0.7317168262774332,11922139.923732668
2021-05-25,2020.50927734375,2086.910990683685,2011.0233182951877,2011.0233182951877,47884600,2114.894451904297,77.88796141719565,2270.670374738688,1959.1185290699057,0.19704825738413426,14.73131887921189,False,17.51025694621635,57.70990484372273,39289490.0,1.2187635930117697,11978107.099025637
2021-05-27,1954.1075439453125,2086.910969261984,1954.1075439453125,2039.48117450603,161699000,2103.03701171875,83.50022660981178,2270.0374649383734,1936.0365584991264,0.05410460001093778,15.881836818757556,False,17.872780317291422,63.07372773464765,45495860.0,3.5541475641959512,11586336.871974856
2021-05-28,1973.079345703125,2011.0231792743389,1973.079345703125,2001.5372208815354,43171200,2093.076770019531,86.62780805027457,2266.33238612008,1919.821153918982,0.15369831288249433,16.555113370154352,False,18.20940916186113,62.633863991388985,46166310.0,0.9351234699069516,11698270.50234595
2021-05-31,2048.967041015625,2086.910875108507,1973.079372829861,1982.5653313530815,69536200,2083.5908081054686,79.97599473934885,2243.5427975841662,1923.638818626771,0.39176825120248115,15.353493484081554,False,16.952157567900294,66.29084009238848,46563050.0,1.4933772594363985,12146007.9046897
2021-06-02,2105.8828125,2115.3687711148646,2058.4530194256754,2086.91089527027,76636200,2078.37353515625,74.49568074542748,2227.364896647105,1929.382173665395,0.5923183635228358,14.337303566526991,False,16.1830507090161,66.29876080716356,48651770.0,1.5751986001742588,12439584.963056223
2021-06-03,2181.7705078125,2181.7705078125,2077.4249617866844,2115.368796705163,54852600,2076.00205078125,70.06474311308145,2216.131537007413,1935.8725645550871,0.8773954357491334,13.499937167540738,False,16.44084532919996,69.01638832278157,50264690.0,1.0912750083607399,12439584.963056223
2021-06-04,2134.341064453125,2181.7708658854167,2124.855104166667,2162.7989453125,60249000,2074.5791748046877,68.48034952173947,2211.5398738481667,1937.6184757612086,0.7181716728441402,13.203709041991448,False,16.680230873749576,68.15205785106501,50686570.0,1.1886580607052322,12439584.963056223
2021-06-07,2096.396728515625,2143.826518753535,2077.424812420461,2134.340560705953,29282200,2073.630578613281,68.01541412724245,2209.661406867766,1937.5997503587962,0.5836801120542813,13.12006387805624,False,15.984666996725103,68.02703274263708,49779460.0,0.5882386028293597,12439584.963056223
2021-06-08,2096.396728515625,2115.368644610789,2077.424812420461,2105.882686563207,39074200,2071.733361816406,66.75027320191876,2205.233908220244,1938.2328154125687,0.5923717818525339,12.887811613632563,False,15.338786253773806,65.87823270318643,50009110.0,0.7813416395532734,12439584.963056223
2021-06-09,2134.341064453125,2143.8270247395835,2086.9112630208333,2115.3691438802084,31051200,2070.7847900390625,65.65578234543024,2202.096354729923,1939.473225348202,0.7420056244234448,12.68229951489874,False,15.200734130744015,65.23805620429813,49660080.0,0.6252748686671468,12439584.963056223
2021-06-10,2153.3125,2162.79845814978,2124.854625550661,2143.82654185022,36977200,2070.3104858398438,64.98693743164165,2200.2843607031273,1940.3366109765605,0.8193026838949907,12.55597899467317,False,15.366328556225024,63.288468803928204,49969680.0,0.7399927315924376,12439584.963056223
2021-06-11,2153.3125,2162.79845814978,2124.854625550661,2153.3125,37208800,2071.7333740234376,66.53709118971952,2204.807556402877,1938.6591916439986,0.806517479641366,12.84665141258024,False,15.52009480845739,61.478137646441844,50374870.0,0.7386381344507688,12439584.963056223
2021-06-14,2105.8828125,2153.312605574324,2096.396853885135,2153.312605574324,37052800,2071.25908203125,66.2428360186528,2203.7447540685553,1938.7734099939441,0.6306697167185025,12.792766794521818,False,15.022197722332319,61.15225293520951,50808410.0,0.7292650960736619,12439584.963056223
2021-06-15,2096.396728515625,2115.368644610789,2086.9107704680428,2105.882686563207,28499000,2071.25908203125,66.2428360186528,2203.7447540685553,1938.7734099939441,0.5948693020830849,12.792766794521818,False,14.3530923271552,58.81694016431928,50977220.0,0.5590536321910061,12439584.963056223
2021-06-16,2039.4810791015625,2096.3968301462573,2020.5091620866644,2086.910871638808,41794200,2068.887591552734,66.50149829312461,2201.8905881389833,1935.8845949664849,0.38945169204476465,12.857440600378705,False,14.187169995234374,60.03627787112454,50378000.0,0.8296121322799634,12439584.963056223
2021-06-17,1992.05126953125,2029.9951032366073,1982.5653111049107,2029.9951032366073,51324600,2065.0932067871095,68.68751116222059,2202.4682291115505,1927.7181844626682,0.2341513179762954,13.304486390536379,False,14.61989796409458,59.8133843086622,51641170.0,0.993869813561544,12439584.963056223
2021-06-18,1874.4254150390625,1982.5653428297776,1855.4534978827965,1982.5653428297776,309557000,2059.2119140625,79.46160931156138,2218.135132685623,1900.2886954393773,-0.08137036433187297,15.435343738818252,False,16.457334223483567,65.29798340436159,64199210.0,4.821819458526047,12409882.311834654
2021-06-21,1885.80859375,1893.397360726861,1813.7153074698188,1855.453525842555,106378400,2053.8997802734375,87.3476368935828,2228.595054060603,1879.2045064862718,0.01890173420425225,17.01108062477209,False,18.51218022306208,66.32541696526735,67151660.0,1.584151456568609,12485011.291326841
2021-06-22,1878.2197265625,1906.6776012073865,1863.0421934185606,1897.1916429924242,73577200,2046.785302734375,95.61403319153183,2238.0133691174387,1855.5572363513113,0.05925513613098956,18.6856986052807,False,20.13735190246976,64.70470202409297,68244790.0,1.0781365141573445,12434924.767889341
2021-06-23,1840.276123046875,1885.8087281531893,1840.2761230468748,1885.8087281531893,79150800,2038.2479431152344,106.03083337401387,2250.3096098632623,1826.1862763672066,0.033221107085822384,20.808230663430994,False,21.847545383952927,63.33526652996594,70747820.0,1.1187736950763996,12184496.984686216
2021-06-24,1828.8929443359375,1855.45363024953,1817.5097932301123,1840.276095441763,58488200,2028.6671264648437,115.91449416443287,2260.4961147937092,1796.838138135978,0.06913459449360916,22.855300931784797,False,23.631656281019215,61.52159299349821,71278000.0,0.8205645500715508,12109368.005194029
2021-06-25,1806.12646484375,1851.6590647977941,1806.12646484375,1828.892764820772,55871200,2021.2680725097657,125.26971405545969,2271.807500620685,1770.7286443988464,0.07064321314973263,24.79032163208612,False,25.386142348253262,60.379522062108634,65986610.0,0.8467051118401142,11959109.240545591
2021-06-28,1737.8275146484375,1802.3320293842964,1737.8275146484375,1802.3320293842964,107955600,2009.5054809570313,140.18911084298065,2289.883702642993,1729.12725927107,0.015515212495912508,27.905196013939776,False,27.54319839079992,60.94519550019462,69225830.0,1.559469926182178,11788321.727148877
2021-06-29,1737.8275146484375,1768.1825804064888,1730.2387482089246,1737.8275146484375,51061600,1993.948504638672,152.31858261584208,2298.585669870356,1689.3113394069878,0.07962944246239936,30.55617178908922,False,29.599425234801906,59.30224097857817,68302100.0,0.7475846277054439,11788321.727148877
2021-06-30,1756.7994384765625,1775.7713546588147,1737.82752229431,1737.82752229431,75289400,1976.4943359375,158.68464121548763,2293.8636183684753,1659.1250535065246,0.15388128337732412,32.11436295671844,False,31.310531401084827,57.77664090942096,68234760.0,1.1033877747939613,11788321.727148877
2021-07-01,1783.360107421875,1813.7151730801197,1756.7994249709109,1756.7994249709109,58895400,1956.5738159179687,156.55190377295187,2269.6776234638724,1643.470008372065,0.223392522988244,32.00531510731726,False,31.94237416928722,57.71514856654867,68436900.0,0.8605795996019691,11788321.727148877
2021-07-02,1832.687255859375,1844.0704065168868,1783.3602696768246,1783.3602696768246,70071000,1941.4911254882813,153.01503314917417,2247.5211917866295,1635.461059189933,0.3222333659156982,31.525260381644273,False,31.82911771532487,57.92908789001032,68928000.0,1.0165825208913648,11788321.727148877
2021-07-05,1790.9488525390625,1836.4814504849708,1783.3600862147443,1832.6870673228118,49599400,1926.218731689453,151.9800396990791,2230.1788110876114,1622.2586522912948,0.2774874262794225,31.56028693912245,False,31.723953271890817,57.58567906002576,69943860.0,0.7091315806705549,11788321.727148877
2021-07-06,1787.1546630859375,1802.332197379661,1775.7715123656449,1794.7434302327993,53836400,1910.7566284179688,149.46526593387154,2209.687160285712,1611.8260965502259,0.2932597172999427,31.289231440766546,False,31.725138535727453,55.36960805673936,70681970.0,0.7616709041923987,11788321.727148877
2021-07-07,1794.7431640625,1806.1263130946088,1775.771249008985,1787.154398041094,40015800,1893.7767333984375,141.82276483252488,2177.422263063487,1610.1312037333878,0.3254272340324138,29.955540657217767,False,31.626634802072555,53.58285491594539,71130200.0,0.5625711723009355,11788321.727148877
2021-07-08,1806.12646484375,1832.6871481502758,1790.9489315257354,1802.3320815142465,50402000,1876.417431640625,129.05671624521617,2134.530864131057,1618.3039991501926,0.3638370616386259,27.511301924407473,False,30.847102301700648,52.73680932370218,71801440.0,0.701963637498078,11788321.727148877
2021-07-09,1760.593994140625,1806.1265974373653,1753.0052269245016,1806.1265974373653,56642000,1856.7815063476562,113.66846590953664,2084.1184381667294,1629.444574528583,0.28844723680096485,24.48720337227525,False,30.701411522189197,52.764277980070865,72773100.0,0.778337050366138,11788321.727148877
2021-07-12,1783.360107421875,1787.1544906291556,1745.416275349069,1764.388191385472,50318200,1840.65537109375,98.3088792453862,2037.2731295845224,1644.0376126029778,0.3542978413758997,21.363886100409825,False,30.675538709735417,51.97670207292913,73436370.0,0.6851945432488017,11788321.727148877
2021-07-13,1771.9771728515625,1802.3322421937733,1760.5940218482333,1790.9490911904443,35251400,1824.434393310547,78.69953843379123,1981.8334701781293,1667.0353164429646,0.3333623630362331,17.25456146241271,True,30.23918834465811,51.24538194954419,73773990.0,0.47782965242899295,11788321.727148877
2021-07-14,1737.8275146484375,1760.5938139669759,1730.2387482089246,1753.0050475274631,47666600,1809.3517150878906,62.56981799670548,1934.4913510813017,1684.2120790944796,0.21422243691351686,13.832538466666477,True,30.303220159891787,50.56631357047946,74067610.0,0.6435552598497508,11788321.727148877
2021-07-15,1790.9488525390625,1809.9207683498576,1737.827488268836,1737.827488268836,69427000,1799.2965942382812,45.492676917257675,1890.2819480727965,1708.3112404037659,0.45412590407461856,10.11343589776907,True,29.123990225049454,52.10395403551817,74972730.0,0.9260300378550974,11788321.727148877
2021-07-16,1825.0982666015625,1832.6870327828578,1798.5375849670281,1802.331968057676,52095400,1796.8302368164063,42.43993750431906,1881.7101118250444,1711.9503618077683,0.6665178570437303,9.447734490379764,True,27.52768177220011,51.363541621823686,62099650.0,0.8389000582128885,11788321.727148877
2021-07-19,1828.8929443359375,1840.276095441763,1806.126642124287,1825.0985606339957,35613800,1793.9844543457032,37.81583994593151,1869.6161342375663,1718.35277445384,0.7307795492586302,8.431698469700203,True,25.88018817084037,50.13396388579885,58561420.0,0.6081444063344092,11788321.727148877
2021-07-21,1859.2479248046875,1882.014225924745,1828.8928566446111,1828.8928566446111,72049800,1793.0358642578126,35.77448391869178,1864.5848320951961,1721.486896420429,0.9627045123653052,7.980762600864056,True,24.561280528517326,50.34734998539421,58485050.0,1.2319353407409244,11788321.727148877
2021-07-22,1954.1075439453125,1992.0513797500757,1906.6777491893583,1906.6777491893583,121692000,1798.7274353027344,49.93734211939066,1898.6021195415158,1698.852751063953,1.2778753436210812,11.105038181837925,True,24.95051676636823,56.23707176825093,60612110.0,2.007717599667789,11788321.727148877
2021-07-23,1925.6495361328125,1973.0793276631773,1916.1635778267396,1954.1074110510315,40381400,1803.5652648925782,57.17571920340813,1917.9167032993944,1689.213826485762,1.033811699009451,12.680598881862707,True,25.31195041580122,56.28554877312142,59706770.0,0.6763286642369031,11788321.727148877
2021-07-26,1916.16357421875,1944.621449083385,1897.1916576423266,1935.1354907951732,37694000,1809.067120361328,62.48309485396147,1934.033310069251,1684.1009306534052,0.9285017175755017,13.81553932426379,True,25.215476144664574,55.652994677974064,58797910.0,0.6410772083565556,11788321.727148877
2021-07-27,1906.6773681640625,1935.1352393306904,1897.19141110852,1935.1352393306904,29688200,1817.5096130371094,63.74528717788237,1945.000187392874,1690.0190386813447,0.849703323471306,14.02914993585364,True,25.125887127454476,54.388054216845234,54884540.0,0.5409209952383677,11788321.727148877
2021-07-28,1882.0142822265625,1916.1637349282541,1863.042364058956,1906.677775844451,49192200,1824.7189514160157,62.39850515112709,1949.5159617182699,1699.9219411137615,0.7295541001814845,13.678491167684689,True,24.258798139280344,54.29757683487758,54791070.0,0.8978141876039288,11788321.727148877
2021-07-29,1870.6309814453125,1906.6776230755975,1863.0422147863053,1878.21974810432,29831400,1830.4105285644532,61.05427641884882,1952.519081402151,1708.3019757267555,0.6646913829792039,13.342203940824634,True,23.453640715362653,53.53599336733577,52518170.0,0.5680205536483849,11788321.727148877
2021-07-30,1813.71533203125,1870.631085128465,1809.9209484914356,1859.247934509022,84261600,1831.928289794922,60.19432749375738,1952.3169447824366,1711.5396348074073,0.4243576657386827,13.14338073800823,True,21.962260060296686,54.04843217231388,53786480.0,1.5665944304219201,11788321.727148877
2021-08-02,1828.8929443359375,1832.6873280378793,1802.3322584223451,1813.7154095281705,27577000,1831.73857421875,60.19778875054962,1952.1341517198493,1711.3429967176507,0.48818216606508424,13.145497856040828,False,20.721794480782304,52.3560491325439,51661780.0,0.5337988741386765,11788321.727148877
2021-08-03,1878.2197265625,1885.8084931344697,1821.3039772727273,1828.892743844697,37556000,1836.102117919922,60.24842758136616,1956.5989730826543,1715.6052627571896,0.6747664226825577,13.125289055190512,False,19.923917021676253,53.223796756058086,51059610.0,0.7355324492294398,11788321.727148877
2021-08-04,1916.16357421875,1925.6495325069616,1870.630974435334,1889.6028910117575,42847800,1842.5525634765625,61.62253773746253,1965.7976389514874,1719.3074880016375,0.7986367222322168,13.377645546500327,False,19.819315129518113,53.351993992884466,50510180.0,0.848300283230034,11788321.727148877
2021-08-05,1973.079345703125,1982.5653040959285,1916.163595346304,1916.163595346304,84034200,1851.4693725585937,67.0077444498504,1985.4848614582945,1717.453883658893,0.9537161120068218,14.476662793994945,False,20.488556033594342,54.284117984619755,52711100.0,1.5942410611806621,11788321.727148877
2021-08-06,1944.62158203125,1992.0513767149391,1916.1637052210367,1982.5654177782012,37009400,1858.3941284179687,69.19576671118784,1996.7856618403443,1720.002594995593,0.8115344251230753,14.893668819346404,False,21.226693584838202,55.82722894956852,52041470.0,0.7111520869798643,11788321.727148877
2021-08-09,1889.602783203125,1954.10729588275,1882.0140170055222,1954.10729588275,33795000,1864.8445678710937,65.51415233620439,1995.8728725435024,1733.816263198685,0.5944765918857409,14.052463881425851,False,21.144874986928688,56.989089658687035,50899120.0,0.6639603985294834,11788321.727148877
2021-08-10,1893.3974609375,1916.163763073021,1878.219926180486,1897.1918446267537,23582400,1870.346435546875,62.87837818469828,1996.1031919162715,1744.5896791774785,0.5916492523189576,13.447429201278016,False,20.98545956284462,55.62871446110475,49562330.0,0.47581298135095745,11788321.727148877
2021-08-12,1925.6495361328125,1935.1354944388854,1893.3972778921645,1916.1635778267396,20368000,1878.0300537109374,59.52499684961922,1997.080047410176,1758.980060011699,0.6999978368003043,12.67817769625133,False,21.125743902591573,54.636536038648764,48818160.0,0.4172217879575961,11788321.727148877
2021-08-13,1935.1356201171875,1954.1075379614736,1916.1637022729012,1944.6215790393305,17836000,1887.895458984375,50.77247963623099,1989.440418256837,1786.350499711913,0.7326071203892031,10.757476934352049,False,21.53603603608742,53.44420029935759,47326630.0,0.3768702736704473,11788321.727148877
2021-08-16,1954.1075439453125,1963.5935028965032,1906.6777491893583,1954.1075439453125,27000000,1896.0533935546875,47.36943654007473,1990.792266634837,1801.314520474538,0.8063903364224678,9.993270590606596,False,22.056316771207012,53.692168399913825,45205280.0,0.5972753625240237,11788321.727148877
2021-08-18,2058.453125,2058.453125,1954.1075748847925,1963.593533986175,125505200,1907.7211364746095,56.77736997302671,2021.2758764206628,1794.166396528556,1.163697475759264,11.904752510725741,False,23.673775155312878,57.31026930382623,48875770.0,2.5678408749365995,11788321.727148877
2021-08-19,2011.0233154296875,2058.453110604916,1963.5935202544592,2048.9671515698706,95932200,1916.827655029297,58.06013569309067,2032.9479264154784,1800.7073836431155,0.9055952473927823,12.115880223400332,False,25.175700797696898,59.99236469252013,51891690.0,1.848700630100889,11788321.727148877
2021-08-20,2058.453125,2067.9390841013824,1973.0794930875575,2011.0233294930874,55731800,1926.7879150390625,64.40285242119623,2055.5936198814547,1797.98221019667,1.0111000717011882,13.369993016567271,False,26.669973713767618,62.48288085832762,51075790.0,1.091158844532801,11788321.727148877
2021-08-23,2029.994873046875,2077.4246598003065,2001.537000994816,2067.9387024496205,40378000,1930.5822814941407,68.21953352055611,2067.021348535253,1794.1432144530286,0.8643113138657679,14.134499041969606,False,28.159328183112414,63.44036499741068,47010090.0,0.8589219888751543,11788321.727148877
2021-08-24,2020.50927734375,2039.4811954408744,1992.0514001980634,2029.995236392312,32190600,1935.3252685546875,71.09548967931424,2077.516247913316,1793.134289196059,0.7995408329462826,14.69427198300548,False,29.250535302437314,62.29675287208214,46600550.0,0.69077725477489,11788321.727148877
2021-08-25,1992.05126953125,2029.9951032366073,1982.5653111049107,2020.509144810268,22969800,1939.1196533203124,72.03782849238392,2083.19531030508,1795.0439963355445,0.6836938221164379,14.859903744265615,False,29.96712214968029,61.23482710491174,45864340.0,0.5008204631310512,11788321.727148877
2021-08-26,1982.5653076171875,2011.0231828461424,1954.1074323882328,2001.5372244364908,33832400,1942.9140502929688,72.23740100947332,2087.3888523119153,1798.4392482740222,0.6372255118889826,14.871970481366525,False,29.78141988336542,60.92632163012587,46071550.0,0.7343447311844294,11788321.727148877
2021-08-27,2011.0233154296875,2029.995233499779,1982.5654383245505,2001.5373563946418,37452800,1949.364501953125,72.27306541385283,2093.910632780831,1804.8183711254194,0.7132842059607174,14.830077256755292,False,29.909193253699616,59.962293362444846,45484580.0,0.8234175186403832,11788321.727148877
2021-08-30,2048.967041015625,2058.4529995388457,2011.0232069227432,2039.4810824924045,47411800,1958.2813049316405,73.04505989671307,2104.371424725067,1812.1911851382145,0.8103760069887528,14.920238417792167,False,30.44567233346409,59.067114737706106,46363600.0,1.0226082530260807,11788321.727148877
2021-08-31,2048.967041015625,2058.4529995388457,2011.0232069227432,2048.967041015625,42541400,1970.0438903808595,67.2518630579052,2104.54761649667,1835.540164265049,0.7933864842034604,13.65489639825308,False,30.94383147895967,58.23587744330585,44277590.0,0.9607885162674843,11788321.727148877
2021-09-01,2020.50927734375,2058.453113537999,2011.0233182951877,2048.967154489437,16831200,1979.62470703125,59.25892043379291,2098.142547898836,1861.106866163664,0.6724827672070839,11.973768608426944,False,31.406409603614215,57.46401442898481,43740300.0,0.3847984581724405,11788321.727148877
2021-09-02,1992.05126953125,2039.4810616629466,1982.5653111049107,2039.4810616629466,32874400,1985.3162841796875,54.262685517358285,2093.841655214404,1876.790913144971,0.5310295430798759,10.932804198456274,False,30.889038759301087,57.42485272391703,43506220.0,0.7556252876025543,11788321.727148877
2021-09-03,2067.93896484375,2077.424923398079,1992.051296409117,2001.537254963446,50949800,1992.9050537109374,54.693867334831495,2102.2927883806005,1883.5173190412745,0.8429722324875147,10.977716621870663,False,31.067674656782486,59.42119566269646,43911320.0,1.160288508748997,11788321.727148877
2021-09-06,2067.93896484375,2086.910881952408,2058.453006289421,2067.93896484375,38296400,1997.6480346679687,56.95061346717431,2111.549261602317,1883.74680773362,0.8085608999466547,11.403533050633735,False,31.3844566729413,57.209529948431516,41624430.0,0.920046232464925,11788321.727148877
2021-09-07,2048.967041015625,2086.910875108507,2039.4810824924045,2077.4249165852866,48409200,2002.8653076171875,56.6157464167574,2116.096800450702,1889.6338147836727,0.7035729294244196,11.306950337886319,False,31.059698058939478,56.510977281836574,42194420.0,1.147289143919978,11788321.727148877
2021-09-08,2020.50927734375,2048.967154489437,1992.0514001980634,2048.967154489437,38505400,2009.4106323242188,50.014522535622746,2109.439677395464,1909.3815872529733,0.5554771117310294,9.956058106007442,False,29.42747562158519,56.53988992537492,42429940.0,0.9075054077380265,11788321.727148877
2021-09-09,2048.967041015625,2058.4529995388457,2001.5372483995227,2020.5091654459636,39836600,2017.189111328125,42.56459836526597,2102.318308058657,1932.059914597593,0.6866453044781451,8.440378371315175,True,28.112891107168817,56.56673715494264,43242650.0,0.9212340131791183,11788321.727148877
2021-09-10,2067.93896484375,2077.424923398079,2029.9951306264334,2048.967047735092,34009400,2024.3035827636718,38.11816487457828,2100.5399125128283,1948.0672530145152,0.7861849607900424,7.532104413417598,True,27.285958084461186,55.914098270421434,43924720.0,0.7742656071569722,11788321.727148877
2021-09-13,2048.967041015625,2058.4529995388457,2029.995123969184,2048.967041015625,17832600,2029.9951538085938,32.13161778319158,2094.258389374977,1965.7319182422107,0.6476107376155487,6.331368372561394,True,26.51809151134934,54.63050845643176,43924550.0,0.4059825314089729,11788321.727148877
2021-09-14,2048.967041015625,2067.938958062066,2048.967041015625,2048.967041015625,17803800,2034.7381286621094,26.91845710968136,2088.575042881472,1980.9012144427466,0.6321482904419334,5.291778186194597,True,26.011828246102734,52.08346621286099,43464740.0,0.40961478200490786,11788321.727148877
2021-09-15,2029.994873046875,2039.4808303975612,2011.0229583455023,2029.994873046875,32731600,2033.3152160644531,26.344945732644337,2086.005107529742,1980.6253245991645,0.4684916506255699,5.1826584534464555,True,24.432932526207075,51.07351024552254,38826060.0,0.8430317163266116,11788321.727148877
2021-09-16,2001.5372314453125,2039.4810652167876,1992.0512730024436,2029.9951067739187,31792000,2032.8409118652344,26.84799250609542,2086.536896877425,1979.1449268530434,0.20851004583662297,5.282851668202804,True,22.89408774588887,50.81324467186693,35619050.0,0.8925560900697801,11788321.727148877
2021-09-17,2011.0233154296875,2020.5092744647334,1982.5654383245505,1992.0513973595962,36439800,2030.4694213867188,26.559785629792525,2083.5889926463037,1977.3498501271338,0.3169591216954489,5.23224538129776,True,21.701150772591962,49.89400120531807,34654450.0,1.0515186361347533,11788321.727148877
2021-09-20,1954.1075439453125,2001.5373387012667,1944.6215849941216,1992.0513797500757,44196800,2026.6750549316407,31.577797692992707,2089.8306503176264,1963.5194595456553,-0.07451371127783993,6.232434275273175,True,21.449902666079414,51.073124721764344,34845390.0,1.2683686421647167,11788321.727148877
2021-09-21,1944.62158203125,1944.62158203125,1906.6777462842988,1935.1356230945123,54314200,2022.8806701660155,36.52886192877046,2095.9383940235566,1949.8229463084747,-0.035597634326570954,7.223137274977787,True,21.923723966727465,50.812887074567875,35951570.0,1.5107601698618447,11788321.727148877
2021-09-22,1954.1075439453125,1963.5935028965032,1916.163708140549,1944.6215849941216,41978200,2020.9834838867187,39.10855469312346,2099.2005932729658,1942.7663745004718,0.0724980092835983,7.740499614160257,False,21.804084472263394,50.571237623238325,36901990.0,1.1375592481597876,11788321.727148877
2021-09-23,1944.62158203125,1973.0794588414635,1935.1356230945123,1963.5934999047256,61940400,2019.0862976074218,41.89165186592189,2102.8696013392655,1935.302993875578,0.055611247949215174,8.29913053554227,False,21.419111478163405,49.66928034636067,38307390.0,1.6169308324059666,11788321.727148877
2021-09-24,1935.1356201171875,1963.5934968836166,1925.6496611950445,1944.6215790393305,39455000,2015.2919128417968,45.90496870224962,2107.101850246296,1923.4819754372975,0.06346613999172004,9.11132891661701,False,21.259849238268995,48.83174858509006,38407500.0,1.0272733190132135,11788321.727148877
2021-09-27,1925.6495361328125,1944.6214527449586,1906.6776195206667,1935.1354944388854,26683200,2009.1260375976562,49.300068310789996,2107.7261742192363,1910.5259009760762,0.07669175558437462,9.815226598673503,False,21.497167035288754,48.05404034503305,37371070.0,0.714006850753805,11788321.727148877
2021-09-28,1916.16357421875,1944.621449083385,1916.16357421875,1925.6495325069616,27900800,2002.4858642578124,52.49176074594666,2107.469385749706,1897.5023427659191,0.08887695510514879,10.485319608566002,False,21.717533561092818,46.654314239290336,36639040.0,0.7615046682445828,11788321.727148877
2021-09-29,1982.5653076171875,1992.0512660268391,1906.6776403399747,1906.6776403399747,42313400,2000.5886657714843,52.491759701008654,2105.5721851735016,1895.605146369467,0.41416101185711196,10.495262839203638,False,20.479488628868047,49.419979342688485,37913150.0,1.1160613138185564,11788321.727148877
2021-09-30,2039.4810791015625,2039.4810791015627,1973.0793695494187,1982.5653280568679,69114400,2002.96015625,53.15298933611645,2109.266134922233,1896.654177577767,0.6717726665410102,10.614887005167603,False,19.81173257435398,50.63296007193531,39725150.0,1.739814701769534,11788321.727148877
2021-10-01,2029.994873046875,2039.4808303975612,2020.5089156961888,2039.4808303975612,28026800,2001.0629516601562,51.35849638767352,2103.7799444355032,1898.345958884809,0.6408331796180794,10.266243017505197,False,19.19167338087663,48.37147459575234,38579000.0,0.7264781357733482,11788321.727148877
2021-10-04,2162.798583984375,2200.7424187911183,2029.995162160773,2029.995162160773,147876600,2005.8059326171874,61.28119146913433,2128.368315555456,1883.2435496789187,1.140460178741224,12.22076183395753,False,20.96160501206662,57.11262253493027,44058010.0,3.3564067010743335,11788321.727148877
2021-10-05,2162.798583984375,2181.7705013877467,2134.3407078793175,2153.312625282689,65757000,2011.497509765625,70.14580094948157,2151.7891116645883,1871.2059078666618,1.0392378167002314,13.94897097489419,False,22.605112955314468,56.42099189018019,44925400.0,1.4636931446353287,11788321.727148877
2021-10-06,2276.630126953125,2352.5177978515626,2162.798620605469,2181.770538330078,222205600,2024.3035522460937,91.88735457573749,2208.0782613975684,1840.5288430946187,1.1865106082117458,18.15683314368195,False,25.3804261364413,65.94229345996644,54110410.0,4.106522201550496,11788321.727148877
2021-10-07,2267.14404296875,2305.0878763238757,2238.686167952406,2276.6300013075315,84459800,2035.21240234375,106.7228552285852,2248.65811280092,1821.7666918865796,1.0433035878965091,20.975276114804164,False,27.95750266177336,65.9751088107881,56341570.0,1.4990672073923392,11788321.727148877
2021-10-08,2333.5458984375,2352.517816310976,2286.116103753811,2295.602062690549,96927800,2048.4927490234377,125.82571144966785,2300.1441719227732,1796.841326124102,1.0663650658714692,24.569422861692193,False,30.602032038866835,67.3607277058908,59487490.0,1.6293812362901847,11788321.727148877
2021-10-11,2428.4052734375,2437.8912315368652,2333.5456924438477,2333.5456924438477,146990800,2067.4646606445312,151.82134865084765,2371.1073579462263,1763.821963342836,1.0943508867501979,29.373435307671446,False,33.43403450430974,70.00249994782843,65945400.0,2.2289773054678568,11788321.727148877
2021-10-12,2428.4052734375,2466.349105834961,2399.9473991394043,2428.4052734375,144795200,2086.436572265625,171.78352528650626,2430.0036228386375,1742.8695216926124,0.9976738901497223,32.93338078328824,False,36.172647182813975,69.74530042980902,72294970.0,2.0028392016761334,11788321.727148877
2021-10-13,2532.750732421875,2580.1805214185392,2428.4051966292136,2466.349027826545,297783800,2111.574365234375,197.89078634383077,2507.3559379220364,1715.7927925467134,1.0320818302976922,37.48687038485918,False,39.08021745766575,75.60458788406021,85547580.0,3.480914363679253,11788321.727148877
2021-10-14,2608.638671875,2608.638671875,2532.7510014204545,2532.7510014204545,156735200,2141.9294372558593,224.84973336019095,2591.6289039762414,1692.2299705354774,1.018912372770652,41.990128983568766,False,41.85677701445209,75.62482728185054,91794740.0,1.7074529542760293,11788321.727148877
2021-10-15,2561.208740234375,2646.582364908854,2523.2649070457173,2637.09640661169,118737200,2169.4387084960936,241.06279705351622,2651.564302603126,1687.3131143890612,0.9062945802160711,44.447035283264896,False,44.53343181568194,79.0314437519424,95909610.0,1.2380114985349226,11788321.727148877
2021-10-18,2684.526123046875,2722.469955174746,2589.6665427271973,2608.638458791133,206314600,2205.959637451172,261.2103547867925,2728.380347024757,1683.538927877587,0.9580278660720808,47.36448488941572,False,47.19405573622886,84.90499883683015,104015500.0,1.9834986131874577,11788321.727148877
2021-10-19,2741.442138671875,2741.442138671875,2665.554467013138,2712.9842617998484,128186800,2245.800665283203,279.3869152116027,2804.5744957064085,1687.026834859998,0.9435081301259955,49.761658642374826,False,49.704912659794786,84.26090403839493,107709130.0,1.1901200947403436,11788321.727148877
2021-10-21,2779.385986328125,2826.8157813166595,2750.928109335004,2788.871945325832,140777400,2287.064587402344,294.5699909558912,2876.2045693141263,1697.9246054905616,0.9178305785054502,51.51931302306855,False,52.20089861243521,84.34038536742275,112649090.0,1.2496985106581864,11788321.727148877
2021-10-22,2826.815673828125,2836.301632465132,2703.498211547032,2779.385880643089,95312000,2331.1742919921876,306.4060613710499,2943.9864147342873,1718.3621692500878,0.9043991326559696,52.575401577408385,False,53.56385750355355,87.80203076389971,114317670.0,0.833746873952207,11788321.727148877
2021-10-25,2788.87158203125,2874.2452018893496,2788.87158203125,2836.3013708413055,97000800,2373.8610900878907,307.79399634280213,2989.449082773495,1758.2730974022866,0.8370846222428799,51.86385970569258,False,54.94987876039131,87.62857284205685,117194960.0,0.82768747051921,11788321.727148877
2021-10-26,2760.413818359375,2807.8436090528353,2731.955943943299,2788.8716927754513,52453800,2415.5993041992188,300.3238238091832,3016.246951817585,1814.9516565808524,0.7870355985971007,49.730735273372126,False,55.16677288808016,86.78993657544824,118483490.0,0.44270978175946707,11788321.727148877
2021-10-27,2684.526123046875,2750.9278292706495,2675.0401650149074,2741.4418712386814,95347600,2454.017431640625,281.6362079548276,3017.2898475502802,1890.74501573097,0.7046156396936202,45.90614627648193,False,54.40535884852765,86.68877348752106,121855830.0,0.7824623573611538,11788321.727148877
2021-10-28,2675.04052734375,2684.5264866605717,2627.610730759641,2665.5545680269283,78045400,2488.641192626953,262.545046368842,3013.731285364637,1963.551099889269,0.6774927172449198,42.19893926801163,False,52.96420574056811,84.56212937419319,123642430.0,0.6312185873409314,11788321.727148877
2021-10-29,2656.068359375,2722.470068359375,2599.1526088169644,2722.470068359375,118294800,2519.470556640625,242.45956591356693,3004.389688467759,2034.5514248134912,0.6408459614902037,38.493732784375794,False,51.89723713537827,87.33036724335159,126101450.0,0.938092305837879,11788321.727148877
2021-11-01,2599.15283203125,2665.5545467181796,2589.66687279026,2665.5545467181796,69669000,2547.9284545898436,213.67855371352852,2975.2855620169007,2120.5713471627864,0.5599315847931108,33.545455851180996,False,50.75557331863077,86.51303200653501,128183560.0,0.5435096357130352,11788321.727148877
2021-11-02,2580.1806640625,2637.096414005055,2551.7227890912227,2599.1525807100184,60944600,2568.79755859375,193.51550458347776,2955.8285677607055,2181.766549426795,0.5147056762883816,30.133243304608996,False,49.094923541941334,86.43164578562768,123836960.0,0.4921357888630341,11788321.727148877
2021-11-03,2665.554443359375,2675.04040223254,2551.7229368813946,2580.1808135008896,93339800,2593.9353515625,169.11617222126,2932.16769600502,2255.7030071199797,0.6058726242088391,26.078702712369473,True,47.876297144500505,89.06634718316468,125216100.0,0.7454297011326818,11788321.727148877
2021-11-04,2656.068359375,2703.4981515066966,2656.068359375,2684.526234654018,54733000,2612.907263183594,152.0707160489026,2917.048695281399,2308.7658310857887,0.5709556338538028,23.27992549779482,True,46.97785070983895,86.09230753663125,116842470.0,0.468434123311498,11788321.727148877
2021-11-05,2637.096435546875,2665.5543107506182,2608.6385603431318,2656.0683523493703,32817000,2631.4048828125,128.46753099528343,2888.339944803067,2374.4698208219334,0.5110758584100598,19.52835640526358,True,45.37668310591468,84.00826774169235,114260330.0,0.2872125434960673,11788321.727148877
2021-11-08,2675.04052734375,2703.4984052942154,2627.610730759641,2656.068608710106,49871600,2648.4796142578125,107.83207942337573,2864.143773104564,2432.815455411061,0.5615793399050869,16.28588399818115,True,44.23470647475118,83.42822536975537,111907520.0,0.445650122529746,11788321.727148877
2021-11-09,2675.04052734375,2684.5264866605717,2646.5826493932846,2675.04052734375,24198600,2660.811376953125,94.63467398803346,2850.080724929192,2471.542028977058,0.5375896851306958,14.226438567982807,True,43.1742996029565,80.17934050529335,105767910.0,0.22878962059475316,11788321.727148877
2021-11-10,2684.526123046875,2684.526123046875,2627.6103748550686,2656.068248950972,25594600,2673.6174194335936,77.26530052745053,2828.1480204884947,2519.0868183786924,0.5352962569834496,11.559664440519576,True,41.8589472658781,78.51765534004429,99807880.0,0.25643866997275166,11788321.727148877
2021-11-11,2665.554443359375,2703.498278852035,2656.06848448621,2656.06848448621,31442200,2680.257604980469,69.8752096081683,2820.0080241968053,2540.5071857641324,0.44739492838896944,10.42813339707732,True,40.83695375938179,76.2970938418858,86490800.0,0.36353230632622197,11788321.727148877
2021-11-12,2618.12451171875,2675.0402619735055,2618.12451171875,2665.5543035977125,46965800,2680.731896972656,69.3940328388507,2819.5199626503577,2541.9438312949546,0.2744496799915952,10.354490565388843,True,39.21375870331134,74.91271215709078,81002330.0,0.5798080129299984,11788321.727148877
2021-11-15,2580.1806640625,2627.610455681296,2580.1806640625,2599.1525807100184,49796800,2681.6804931640627,67.78521529046994,2817.2509237450026,2546.1100625831227,0.125656462598,10.110856302719572,True,37.08379948831154,72.94964640435545,77555310.0,0.6420811160447943,11788321.727148877
2021-11-16,2608.638671875,2637.0965482954543,2561.208877840909,2580.180795454545,38494800,2677.886120605469,69.71405416453469,2817.3142289345383,2538.4580122763996,0.2516732832412977,10.41329631280547,True,34.80729844266866,73.15950526508331,69164320.0,0.5565702084543013,11788321.727148877
2021-11-17,2656.068359375,2656.068359375,2618.124525669643,2637.0964425223215,40673800,2673.617431640625,68.2152748661176,2810.0479813728602,2537.1868819083898,0.43568496095607767,10.20568972341841,True,32.961092923264175,71.32166113900593,64788670.0,0.627791865460427,11788321.727148877
2021-11-18,2627.6103515625,2656.068225406137,2618.124393614621,2656.068225406137,21636600,2666.0286499023437,64.15073649630463,2794.330122894953,2537.727176909734,0.3502811485957894,9.624913295459828,True,31.24675692003813,68.93754004053257,58831630.0,0.367771554179274,11788321.727148877
2021-11-19,2665.554443359375,2675.04040223254,2627.610607866715,2637.09656673988,47973200,2657.9655883789064,51.8289298678432,2761.623448114593,2554.30772864322,0.5366053042182191,7.799789447154391,True,29.93998596941357,67.40129079978311,56464690.0,0.8496141570953458,11788321.727148877
2021-11-22,2722.47021484375,2731.956173780488,2656.0685022865855,2665.5544612233234,105224000,2654.6455200195314,44.628603075366776,2743.902726170265,2565.388313868798,0.8799396023536705,6.7246045076539485,True,29.498013820349716,68.00746084936307,56875850.0,1.8500646583743363,11788321.727148877
2021-11-23,2656.068359375,2731.9560267857146,2656.068359375,2722.470068359375,64255400,2649.4282470703124,37.072634846166906,2723.5735167626462,2575.2829773779786,0.5447777203605892,5.597077012696779,True,29.08760814481157,68.57033274660247,57465930.0,1.1181477442373247,11788321.727148877
2021-11-24,2684.526123046875,2703.4980391108106,2665.5542069829394,2684.526123046875,39856200,2649.4282470703124,37.072634846166906,2723.5735167626462,2575.2829773779786,0.736683176972728,5.597077012696779,True,28.706517160383292,67.06028610297449,54691360.0,0.7287476486231098,11788321.727148877
2021-11-25,2722.47021484375,2760.414050590701,2675.040420160061,2684.526379096799,94781000,2651.7997314453123,40.18371379112917,2732.1671590275705,2571.432303863054,0.9396711797581463,6.061349703693911,True,29.083392742653228,68.36838212637919,55528140.0,1.7069003211704912,11788321.727148877
2021-11-26,2608.638671875,2703.498259943182,2599.1527130681816,2703.498259943182,136419000,2649.4282470703124,41.30251893867548,2732.0332849476636,2566.8232091929613,0.2531047969745185,6.235687867274326,True,27.88740350888133,72.29331924417842,56434350.0,2.4173043545287576,11788321.727148877
2021-11-29,2637.096435546875,2665.5543107506182,2561.2087683368927,2608.6385603431318,110182000,2651.3254272460936,39.71247564061676,2730.750378527327,2571.90047596486,0.4104249264891863,5.99133931014507,True,26.134729493322254,74.58276375628893,58460000.0,1.8847417037290455,11788321.727148877
2021-11-30,2580.1806640625,2656.0683306525734,2580.1806640625,2656.0683306525734,103074800,2651.3254272460936,39.71247564061676,2730.750378527327,2571.90047596486,0.052125861987128076,5.99133931014507,True,24.50724647887454,74.67597110155926,60566510.0,1.7018447983877558,11788321.727148877
2021-12-01,2523.26513671875,2618.124728324718,2504.2932183975563,2580.180891682331,102525600,2644.2109619140624,48.74703471673056,2741.7050313475233,2546.7168924806015,-0.120272729911316,7.374152126113871,True,23.67314126558612,77.472795303388,61025800.0,1.6800369679709237,11788321.727148877
2021-12-02,2589.666748046875,2608.638665614984,2485.3212014222754,2523.265036558493,80505200,2640.8908813476564,50.13833976441345,2741.1675608764835,2540.6142018188293,0.24458601171543712,7.594155459967779,False,23.150440494949663,80.74741450976803,62314410.0,1.2919194773728901,11788321.727148877
2021-12-03,2551.72265625,2608.638403229554,2551.72265625,2599.1524453996285,25241800,2636.6221923828125,53.96653427471904,2744.5552609322503,2528.6891238333747,0.10670285171256402,8.187222944664269,False,22.66507549364438,79.04515254332418,61935650.0,0.4075488026685762,11788321.727148877
2021-12-06,2599.15283203125,2627.61070975422,2551.7230358263,2551.7230358263,53587600,2632.8278076171873,53.79071872586493,2740.4092450689172,2525.2463701654574,0.34349077134683786,8.172310938108433,False,21.841999892516107,78.81964546910245,62121450.0,0.8626263553088346,11788321.727148877
2021-12-07,2675.04052734375,2675.04052734375,2599.1528528091753,2618.124771442819,52704600,2632.8278076171873,53.79071872586493,2740.4092450689172,2525.2463701654574,0.6961896063412559,8.172310938108433,False,20.340539505791586,78.61022045791657,63546750.0,0.8293830919755928,11788321.727148877
2021-12-08,2599.15283203125,2684.5264652001597,2599.15283203125,2675.04050595917,69263600,2628.5591430664062,52.85145281146225,2734.2620486893306,2522.856237443482,0.3609011225289405,8.042649974359279,False,19.10684713101381,79.09332136584466,65730200.0,1.0537561121067638,11788321.727148877
2021-12-09,2589.666748046875,2618.124624399038,2580.1807892628203,2618.124624399038,22996000,2624.764758300781,52.779713134658095,2730.3241845700973,2519.205332031465,0.3337523635058431,8.043343765225893,False,17.865451764221866,76.15407234944274,65307890.0,0.35211671974090725,11788321.727148877
2021-12-10,2570.694580078125,2599.1524536583256,2561.2086222180583,2580.1805379381917,44792200,2622.39326171875,54.14176111233001,2730.67678394341,2514.1097394940903,0.2612809383252053,8.258374043692402,False,17.0477100799593,73.4247694273588,65199210.0,0.6870052566587846,11788321.727148877
2021-12-13,2599.15283203125,2637.0966689952097,2580.18091354927,2599.15283203125,44218400,2623.3418701171877,53.52593697100051,2730.3937440591885,2516.289996175187,0.3870218838997487,8.161488608209398,False,16.08012709112183,72.92314939091064,64920290.0,0.6811183375798229,11788321.727148877
2021-12-14,2608.638671875,2618.124630681818,2570.6948366477272,2599.1527130681816,28209200,2623.3418701171877,53.52593697100051,2730.3937440591885,2516.289996175187,0.4313267591646566,8.161488608209398,False,15.000681258843736,71.10219543685207,64406010.0,0.4379901813510882,11788321.727148877
2021-12-15,2608.638671875,2646.5825071022728,2589.6667542613636,2599.1527130681816,39056400,2620.9703857421873,53.04822772000534,2727.066841182198,2514.8739303021766,0.4418844210391178,8.09596751013782,False,14.516773620356485,70.08887810857044,64325140.0,0.6071716283866618,11788321.727148877
2021-12-16,2561.208740234375,2637.09640661169,2561.208740234375,2627.6104483145255,44312200,2617.6503051757813,54.66408483629135,2726.978474848364,2508.3221355031988,0.24187089608086249,8.35315316613622,False,13.501916140073837,70.5030772706236,65458920.0,0.6769467018398715,11788321.727148877
2021-12-17,2561.208740234375,2599.152573423032,2551.7227819372106,2561.208740234375,46617600,2612.4330200195313,54.83061177206842,2722.094243563668,2502.7717964753947,0.2664430592253081,8.39533283370586,False,12.698777696574227,68.85498542885203,65391140.0,0.7129039193994783,11788321.727148877
2021-12-20,2551.72265625,2570.694571909851,2523.264782760223,2561.2086140799256,42364800,2603.895642089844,49.86368330635217,2703.6230087025483,2504.1682754771396,0.23842192162528456,7.659858943706732,False,12.486106479756245,67.32461426605032,62248180.0,0.6805789341953451,11788321.727148877
2021-12-21,2542.237060546875,2580.1808972714553,2532.75110136573,2551.72301972802,27763600,2598.2040771484376,50.09110718637316,2698.386291521184,2498.0218627756913,0.22067388931269263,7.711650924872507,False,12.079526719811668,65.9035558117414,60423590.0,0.45948279471643444,11788321.727148877
2021-12-22,2513.779052734375,2570.6948048717572,2504.2930940448114,2561.2088461821936,36773200,2589.6667236328126,49.14619565626159,2687.959114945336,2491.3743323202893,0.11396975958621894,7.591122858823904,False,12.230298329520293,65.93913831282744,60269440.0,0.6101467012137495,11788321.727148877
2021-12-23,2523.26513671875,2532.751095879347,2513.779177558153,2513.779177558153,20865200,2579.7064697265623,40.183718037836194,2660.0739058022345,2499.33903365089,0.14885446292781826,6.230742684782338,False,12.370300538535446,62.58434580083776,56573650.0,0.36881481042852987,11788321.727148877
2021-12-24,2551.72265625,2551.72265625,2494.8069092704463,2523.264782760223,27466400,2576.8606689453127,40.042045379526016,2656.9447597043645,2496.776578186261,0.343052393696114,6.21563220116434,False,12.854629528427548,62.179445885031754,51126020.0,0.5372293794823066,11788321.727148877
2021-12-27,2561.208740234375,2561.208740234375,2532.7508653428818,2551.7227819372106,21300600,2573.0662841796875,37.5518103457689,2648.1699048712253,2497.9626634881497,0.42105877295840854,5.837674773736456,False,13.047439289157822,59.770762242636145,46681950.0,0.4562919929437395,11788321.727148877
2021-12-28,2542.237060546875,2570.69493809031,2542.237060546875,2561.208978909165,29432600,2571.1691040039063,38.1275363407887,2647.424176685484,2494.914031322329,0.31029430279448783,5.93154861442841,False,12.966587837207179,57.53412762126465,42999840.0,0.684481616675783,11788321.727148877
2021-12-29,2551.72265625,2561.2086140799256,2532.750740590149,2542.2366984200744,16851800,2572.5919799804688,36.751909544832436,2646.0957990701336,2499.088160890804,0.35803918769845844,5.714378312741446,False,13.097864272112869,55.45725232615838,38716150.0,0.4352653866668044,11788321.727148877
2021-12-30,2561.208740234375,2570.6946985315394,2532.7508653428818,2551.7227819372106,23619400,2571.169079589844,36.6066515244388,2644.3823826387215,2497.9557765409663,0.4319772572696293,5.6949427114732325,False,12.940014364567245,54.20629381633691,35871860.0,0.6584381183468044,11788321.727148877
2022-01-03,2551.72265625,2580.180529739777,2542.2366984200744,2561.2086140799256,23056600,2571.169079589844,36.6066515244388,2644.3823826387215,2497.9557765409663,0.3671933751789522,5.6949427114732325,False,12.512767429901889,53.04468935229159,35762600.0,0.6447126327504152,11788321.727148877
2022-01-04,2665.554443359375,2675.04040223254,2570.694854627725,2580.1808135008896,103142000,2574.48916015625,41.90587169928266,2658.3009035548152,2490.6774167576846,1.0432728130356725,6.510941641989952,False,13.232201711119789,58.064193397309346,38240320.0,2.697205462715793,11788321.727148877
2022-01-05,2637.096435546875,2675.040269151866,2599.152601941884,2665.5543107506182,71824800,2572.5919555664063,37.768718160393796,2648.129391887194,2497.054519245619,0.9269702754177095,5.872477067911569,False,13.900247829393553,59.337298669643125,39196330.0,1.8324368633491963,11788321.727148877
2022-01-06,2637.096435546875,2656.0683523493703,2589.666643540636,2637.096435546875,44384800,2574.4891357421875,40.056806560504675,2654.6027488631967,2494.3755226211783,0.8907407078876912,6.223651287455411,False,14.248789953498369,59.84189939386393,37952390.0,1.1694862958564665,11788321.727148877
2022-01-07,2684.526123046875,2694.0120810788426,2627.6103748550686,2656.068248950972,67311600,2579.2321044921873,46.96822604206878,2673.168556576325,2485.2956524080496,1.0604534566643902,7.284063494753407,False,15.256657326214945,60.3104570245718,40168170.0,1.6757447501342482,11788321.727148877
2022-01-10,2675.04052734375,2722.470323927859,2665.5545680269283,2684.5264866605717,63924600,2584.4494018554688,51.54264030565417,2687.534682466777,2481.3641212441603,0.9393989372249106,7.977349491717643,False,16.63760583797058,60.06797837288316,41124790.0,1.5544055057788746,11788321.727148877
2022-01-11,2665.554443359375,2703.498278852035,2646.582525613045,2675.04040223254,38404400,2587.769482421875,54.58822401588006,2696.9459304536354,2478.593034390115,0.8562350778936847,8.437880481501212,False,17.354893152401083,59.84281943474794,40834090.0,0.9404984903545053,11788321.727148877
2022-01-12,2675.04052734375,2694.012445977394,2646.5826493932846,2675.04052734375,28322200,2591.0895751953126,57.84637627543759,2706.7823277461875,2475.3968226444376,0.8628185443661246,8.930046545546709,False,18.02094565865798,58.956174945416606,40839740.0,0.6934960898379863,11788321.727148877
2022-01-13,2665.554443359375,2684.5263611057053,2656.06848448621,2675.04040223254,25598400,2593.9353637695312,60.11083502472546,2714.157033818982,2473.7136937200803,0.7978626048048766,9.269442232727318,False,18.639422985896523,56.77772506499367,40166840.0,0.6373018141332503,11788321.727148877
2022-01-14,2694.01220703125,2712.984123982174,2646.582414653939,2665.5543316048634,39342200,2600.575537109375,63.54254351451229,2727.6606241383997,2473.4904500803505,0.8676146120139775,9.773612434290902,False,19.73318402335263,57.46515251236805,39918340.0,0.985567035102161,11788321.727148877
2022-01-17,2731.9560546875,2731.9560546875,2675.0403035481772,2703.4981791178384,92592800,2609.112902832031,69.1941605852424,2747.5012240025158,2470.7245816615464,0.943834966767661,10.608074569733851,False,21.062441841244603,57.42590955715053,42217100.0,2.1932534446942116,11788321.727148877
2022-01-18,2684.526123046875,2750.9278292706495,2627.6103748550686,2731.955913206714,70206600,2615.753076171875,69.76670924686371,2755.2864946656023,2476.2196576781475,0.7464393391110522,10.668699562263955,False,20.79663860416258,62.13244847560985,43609190.0,1.60990378404185,11788321.727148877
2022-01-19,2694.01220703125,2694.01220703125,2637.0964561784767,2665.5543316048634,44159000,2623.341833496094,69.60360808802757,2762.549049672149,2484.1346173200386,0.7538315738092894,10.612968115598994,False,20.54982131258642,61.75982721683581,44428960.0,0.9939237830460133,11788321.727148877
2022-01-20,2712.98388671875,2712.98388671875,2646.582183197662,2694.0119714270104,33241200,2633.3020751953127,67.31549809905663,2767.933071393426,2498.6710789971994,0.7959266950910149,10.225260327425797,False,20.709073737604008,62.09138980999669,44252360.0,0.7511734967355413,11788321.727148877
2022-01-21,2722.47021484375,2722.47021484375,2675.040420160061,2703.4982969702746,21681400,2643.2623291015625,64.8702533173499,2773.002835736262,2513.521822466863,0.8052550348258122,9.816695468042935,False,21.045674290634445,61.044133015260435,44293170.0,0.4894975907120669,11788321.727148877
2022-01-24,2694.01220703125,2703.498165506712,2665.5543316048634,2703.498165506712,40845000,2650.376806640625,62.04351958810661,2774.4638458168383,2526.289767464412,0.6758257779390612,9.363728120870075,False,21.039868379873404,60.74925803123374,44962100.0,0.908431768089124,11788321.727148877
2022-01-25,2580.1806640625,2694.0121639476106,2570.694705738741,2694.0121639476106,144670400,2651.325402832031,60.739792647449285,2772.80498812693,2529.8458175371325,0.20717409597331435,9.163687351627187,False,20.431006665492507,65.21841826418196,51130590.0,2.8294295058985237,11788321.727148877
2022-01-26,2703.498291015625,2703.498291015625,2599.1527429413377,2608.6387018571822,107417000,2659.388464355469,56.01626193513441,2771.420988225738,2547.3559404852,0.6968617020144717,8.425435048085104,False,19.633012323227288,69.36836174196361,55029810.0,1.951978391348253,11788321.727148877
2022-01-27,2731.9560546875,2769.899888780382,2675.0403035481772,2694.012220594618,97516000,2668.4001342773436,52.14783411685551,2772.695802511055,2564.1044660436323,0.8046910839467319,7.817093613057893,False,18.967121056891337,71.18916341983797,59063020.0,1.6510500140358553,11788321.727148877
2022-01-28,2845.787353515625,2845.787353515625,2731.955859375,2731.955859375,127578000,2682.6290649414063,59.64611281015014,2801.9212905617064,2563.3368393211063,1.1838596887845045,8.893680246687826,False,19.50596056892926,74.23504418560849,64260950.0,1.9853114527563007,11788321.727148877
2022-01-31,2779.385986328125,2855.2736583097803,2779.385986328125,2845.7876993120735,60466600,2694.0122314453124,54.88236276010424,2803.776956965521,2584.2475059251037,0.8888943122583334,8.148791920021903,False,20.130922272256004,74.35308902818326,66131450.0,0.9143395464638988,11788321.727148877
2022-02-02,2798.35791015625,2807.8438691737288,2769.9000331038137,2779.3859921212925,38728000,2700.6524047851562,59.12775553776478,2818.907915860686,2582.3968937096265,0.9131118477374356,8.75755138765718,False,20.482887074200622,71.75242810259267,62910750.0,0.615602261934566,11788321.727148877
2022-02-03,2769.89990234375,2788.8718194830903,2741.442026634739,2779.3858609134204,32303800,2707.292578125,59.07165794559481,2825.4358940161896,2589.1492622338105,0.7649634630045914,8.727783383723715,False,20.143946097858688,70.69267491822971,60934700.0,0.5301380001870856,11788321.727148877
2022-02-04,2779.385986328125,2788.871945325832,2741.4421503372973,2760.4140683327114,21974000,2714.4070556640627,58.740015920648325,2831.8870875053594,2596.927023822766,0.7765530858548032,8.656036433161717,False,19.82921732749398,69.0310406375372,59814160.0,0.36737120441046067,11788321.727148877
2022-02-07,2798.35791015625,2817.3298281912075,2779.3859921212925,2779.3859921212925,57166000,2720.0986450195314,61.157429287851045,2842.4135035952336,2597.7837864438293,0.8199090692987351,8.993413441064662,False,20.015823960351945,66.81052643936188,59306880.0,0.9639016586271273,11788321.727148877
2022-02-08,2845.787353515625,2883.7311848958334,2807.8435221354166,2817.3294799804685,131125400,2728.635986328125,66.24280915390527,2861.1216046359355,2596.1503680203145,0.9421286200111033,9.710757973700545,False,21.11210952777274,68.13643703223485,62666920.0,2.092418137033063,11788321.727148877
2022-02-09,2874.24560546875,2893.2175236566627,2817.329850905013,2855.2736872808377,110157800,2739.0705444335936,71.97198489808892,2883.0145142297715,2595.1265746374156,0.9695405484042223,10.510424427636917,False,22.24547866343849,68.69009672647879,66254590.0,1.6626440522837738,11788321.727148877
2022-02-10,2912.189208984375,2940.647083990737,2874.2453756425593,2902.7032506489213,142626800,2750.927978515625,79.95973317547458,2910.8474448665743,2591.0085121646757,1.0041951244223646,11.626583291158376,False,23.8318148364544,68.526640413743,71969820.0,1.9817584648676347,11788321.727148877
2022-02-11,2921.675048828125,2950.132922680347,2874.245259074422,2902.703132926644,70289600,2763.7340087890625,85.85901937365566,2935.452047536374,2592.015970041751,0.9598848239568991,12.42652427485596,False,25.403674211434733,69.05242778461313,74204380.0,0.9472432759360027,11788321.727148877
2022-02-14,2921.675048828125,2921.675048828125,2883.7312170251626,2912.1890908773844,72269600,2775.117150878906,91.06284035006935,2957.242831579045,2592.9914701787675,0.9023537410699359,13.125621067381443,False,26.863257916773616,66.83038521449522,75850750.0,0.9527868874071779,11788321.727148877
2022-02-15,3007.049072265625,3016.5350314841285,2931.161398517597,2940.6473577361003,136495000,2788.8718017578126,104.05011557632878,2996.9720329104703,2580.771570605155,1.0242119850115938,14.923613987670073,False,29.085751199189126,68.8324993174601,78045860.0,1.7489076294373591,11788321.727148877
2022-02-16,3016.534912109375,3026.0208709524863,2997.5629944231523,3016.534912109375,93191200,2805.4722412109377,112.65529254417577,3030.7828262992894,2580.161656122586,0.9683816137969566,16.06222166654552,False,31.220240622290294,65.94859768973681,79195090.0,1.176729516943538,11788321.727148877
2022-02-17,2997.56298828125,3016.5349059286,2950.133194162876,3016.5349059286,41691800,2820.6497802734375,117.20459975635062,3055.058979786139,2586.240580760736,0.8773597801954579,16.620936151100437,False,31.923458994903815,65.98096342236269,79071730.0,0.5272655600174677,11788321.727148877
2022-02-18,3026.0205078125,3026.0205078125,2969.1047615840516,2997.562634698276,39658800,2836.301611328125,122.83644253203309,3081.974496392191,2590.628726264059,0.8861209519212924,17.323466875515223,False,32.67613818663052,65.33344790851167,79392610.0,0.49952760086864506,11788321.727148877
2022-02-21,2997.56298828125,3035.5068235759495,2978.5910706339005,2997.56298828125,49586600,2850.05625,124.80529759250916,3099.6668451850182,2600.445654814982,0.7954737121072804,17.516187281217213,False,33.477272163182896,64.73218398233577,80787870.0,0.6137876886715791,11788321.727148877
2022-02-22,2940.647216796875,2978.5910518523183,2921.675299269153,2959.619134324597,62886200,2862.3880004882812,120.6923933313626,3103.7727871510065,2621.003213825556,0.662104698872223,16.865972511172387,False,32.79819769275914,65.52900577017584,81889930.0,0.7679356912382267,11788321.727148877
2022-02-23,3007.049072265625,3007.049072265625,2950.1333169546037,2950.1333169546037,71828400,2883.7314208984376,104.86618927600179,3093.463799450441,2673.999042346434,0.7939881105115361,14.545902370246427,False,32.54439935851219,65.59135217721686,78247830.0,0.9179602808154552,11788321.727148877
2022-02-24,2969.104736328125,3035.506439696486,2921.6749482078676,2997.5626092002794,166483000,2897.0117431640624,97.39196932814117,3091.7956818203447,2702.22780450778,0.6850588751346655,13.447231556165038,False,31.66692340273789,69.03707641374554,81201130.0,2.0502547193616643,11788321.727148877
2022-02-25,3035.5068359375,3035.5068359375,2959.6191650390624,2969.1051239013673,94301200,2912.1892822265627,93.9061891034243,3100.0016604334114,2724.376904019714,0.8282998567195622,12.898363396437862,False,30.852130238416063,69.52640459122354,81040390.0,1.1636321098652167,11788321.727148877
2022-03-01,3007.049072265625,3111.394623669164,3007.049072265625,3111.394623669164,74543000,2920.2523681640623,94.82337353972918,3109.8991152435206,2730.605621084604,0.7288378404539588,12.988380671954564,False,31.10344229943049,72.01348650638894,78388640.0,0.9509413608910678,11788321.727148877
2022-03-02,2950.133056640625,2997.5628485480306,2940.6470982591436,2978.5909317850683,79796000,2928.7897216796873,88.97952488632144,3106.7487714523304,2750.8306719070442,0.5599669839443554,12.152395131363816,False,29.96509198750193,71.61266418496697,79355110.0,1.0055559119003175,11788321.727148877
2022-03-04,2997.56298828125,3007.048947104925,2959.619152986551,2978.5910706339005,60579000,2938.7499755859376,84.65500660269305,3108.0599887913236,2769.4399623805516,0.6736843899006958,11.522587127993317,False,29.03842063181016,70.56289463349077,80447660.0,0.7530237672543862,11788321.727148877
2022-03-07,2931.1611328125,2997.5628413228155,2921.6751744538833,2959.619007888349,76482800,2946.813037109375,74.83663498907408,3096.486307087523,2797.1397671312266,0.44771309433153983,10.158314633015717,False,27.46916631254677,70.9432460044819,82656610.0,0.9253077279602926,11788321.727148877
2022-03-08,2883.7314453125,2969.1050736276725,2855.2735692074425,2921.6752801192433,86761000,2952.030310058594,65.61971299727774,3083.2697360531492,2820.7908840640384,0.2397928852990896,8.891468732375616,True,26.05615313530928,74.0066930341782,85895960.0,1.0100707879625537,11788321.727148877
2022-03-09,2950.133056640625,2997.5628485480306,2864.759431207295,2864.759431207295,78102800,2959.6190673828123,54.79607951176056,3069.2112264063335,2850.026908359291,0.45672130731473504,7.405828691354754,True,24.284065407399485,78.20645905607515,86942800.0,0.8983239555201811,11788321.727148877
2022-03-10,2950.133056640625,2997.5628485480306,2931.1611398776627,2978.5909317850683,38764200,2964.8363525390623,47.924018973651364,3060.684390486365,2868.9883145917597,0.42329892080565484,6.465654528636571,True,22.63855537434039,77.3632625999532,82324740.0,0.47086938871595585,11788321.727148877
2022-03-11,3016.534912109375,3026.0208709524863,2950.133200207596,2978.59107673693,61069000,2971.950817871094,44.18338909401213,3060.3175960591184,2883.5840396830695,0.7522672838847663,5.946718744916814,True,21.401511501869223,77.25787343651808,79870300.0,0.7646021111727388,11788321.727148877
2022-03-14,3073.450439453125,3111.394272038966,2959.6189416956017,3026.0206487208234,107659400,2980.013879394531,47.30735428905612,3074.6285879726433,2885.399170816419,0.9937739674030402,6.349950866492988,True,21.4244486450852,82.58054892986424,78121930.0,1.3780944736004346,11788321.727148877
2022-03-15,3063.96484375,3111.3946400928794,3044.992925212848,3073.4508030185757,67142400,2987.128369140625,48.749496949731856,3084.6273630400888,2889.6293752411616,0.8940372691876441,6.52794134371355,True,21.44575191808447,81.42491792630474,77964570.0,0.8611911795319336,11788321.727148877
2022-03-16,3168.31005859375,3187.2819751122756,3073.4504760011228,3073.4504760011228,129432200,2999.4601196289063,60.981007248261804,3121.42213412543,2877.4981051323825,1.192223474915037,8.132264449751242,True,22.312790372216416,84.41721888601695,80822700.0,1.6014337556156872,11788321.727148877
2022-03-17,3120.880615234375,3225.2261677194147,3111.3946559175533,3206.2542490857713,63973200,3005.1516967773437,66.76448993032034,3138.680676637984,2871.622716916703,0.9333475721068699,8.886671511713294,False,23.47578434898075,86.51823980857728,77196610.0,0.8287047837981486,11788321.727148877
2022-03-18,3149.338134765625,3168.310051240117,3073.4504688676584,3130.3662182911335,117918600,3011.791857910156,74.15160917035884,3160.0950762508737,2863.4886395694384,0.9637332837223556,9.848171808500961,False,23.81186182177921,87.11404999171165,78432980.0,1.5034313371747445,11788321.727148877
2022-03-21,3063.96484375,3168.3103957043345,3054.4788844814243,3158.8244364357583,60900600,3015.111950683594,74.96310008354018,3165.0381508506744,2865.1857505165135,0.6629231348889104,9.944983975343852,False,23.76791106472561,89.0224400796544,79393420.0,0.7670736441382674,11788321.727148877
2022-03-22,3044.99267578125,3073.4505512558408,3035.5067172897193,3063.9645927643105,44859000,3016.0605590820314,75.22797809060755,3166.5165152632467,2865.604602900816,0.5961481267792801,9.976985092567773,False,23.37340018684071,85.37396821440204,79653430.0,0.5631772542626224,11788321.727148877
2022-03-23,3063.96484375,3063.96484375,3026.0210066756968,3035.5069659442725,71597200,3019.380651855469,75.83150473876192,3171.0436613329925,2867.717642377945,0.6469843966835516,10.045968161339564,False,22.828149628289257,81.98610170439498,80753960.0,0.8866091520465375,11788321.727148877
2022-03-24,3178.465576171875,3188.126565765103,3072.194690646372,3091.516669832827,91401400,3031.2715698242187,81.28543141748013,3193.842432659179,2868.7007069892584,0.9527072188116689,10.726248644517696,False,23.705795032473404,84.99864601230269,82179720.0,1.112213572886352,11788321.727148877
2022-03-25,3178.465576171875,3197.7875553583303,3130.1606282057373,3178.465576171875,58910800,3039.842395019531,87.40386330131862,3214.650121622168,2865.034668416894,0.896501870502138,11.50110458943803,False,24.608365038984733,83.75780895089486,81533840.0,0.7225318959587823,11788321.727148877
2022-03-28,3284.736083984375,3294.397072466682,3178.465210678998,3207.4481761259194,95596200,3055.6239624023438,101.34288234462596,3258.3097270915955,2852.938197713092,1.065190461040259,13.266407593550838,False,26.21557865862609,86.05595558209407,77989500.0,1.2257573134845074,11788321.727148877
2022-03-29,3236.431396484375,3304.058321187034,3236.431396484375,3284.73634270056,37284800,3065.6701904296874,108.91940809293575,3283.509006615559,2847.831374243816,0.8919439359902349,14.211497170564133,False,27.77557974065938,84.73959623356299,75138680.0,0.4962131354982547,11788321.727148877
2022-03-30,3246.092529296875,3313.71945699056,3217.1095602852956,3265.414508637928,52844800,3077.62236328125,115.08898339454826,3307.8003300703463,2847.4443964921534,0.8659563258067793,14.958168327298546,False,28.831779914923228,85.58747483868451,74053770.0,0.7136004014380362,11788321.727148877
2022-03-31,3188.126220703125,3265.4141290838065,3188.126220703125,3255.7531405362215,53597400,3089.522021484375,113.50621354830689,3316.5344485809887,2862.509594387761,0.7171779767298496,14.695634180172942,False,29.236721423524454,84.99464866311287,72743840.0,0.7367964077783081,11788321.727148877
2022-04-01,3168.80419921875,3265.4140833412725,3139.821233981993,3188.1261760432544,68466400,3098.08408203125,112.65984482173405,3323.403771674718,2872.764392387782,0.6569328390683546,14.5457439938646,False,28.727519772225513,87.8945201414105,73138210.0,0.9361235392553359,11788321.727148877
2022-04-04,3255.753173828125,3294.397128413622,3168.8042760107564,3168.8042760107564,69486600,3114.313684082031,110.71082387713275,3335.7353318362966,2892.8920363277657,0.81938947971127,14.219611138467014,False,28.56732573354747,90.58726364522917,72788400.0,0.9546383764445984,11788321.727148877
2022-04-05,3236.431396484375,3265.414364214086,3207.4484287546643,3255.753374970849,29250200,3131.948681640625,99.57952336967334,3331.107728379972,2932.7896349012785,0.7623097382578198,12.717899747643383,False,28.41857412620357,88.25716877481436,69912860.0,0.41838082435763607,11788321.727148877
2022-04-06,3149.482421875,3207.4483560199383,3139.8214328508434,3197.787366995782,69207400,3141.916149902344,89.93244543532973,3321.7810407730035,2962.0512590316844,0.5210332098055116,11.449375622341167,False,27.087960207222935,88.85379697900845,69468090.0,0.9962473417651183,11788321.727148877
2022-04-07,3207.4482421875,3207.4482421875,3120.499344055911,3149.482310099774,53820600,3154.7819091796873,78.76420343764816,3312.3103160549836,2997.253502304391,0.6671645579755808,9.986643223541058,False,25.546329353089284,88.71773277562134,70220910.0,0.7664469173071098,11788321.727148877
2022-04-08,3255.753173828125,3265.4141624744993,3188.126253303505,3217.1092192426277,83823600,3166.742822265625,74.72542383142464,3316.1936699284743,3017.2919746027756,0.7977913907965956,9.43877391065977,False,24.870575069674814,87.90131680386227,71358640.0,1.1746804591567328,11788321.727148877
2022-04-11,3246.092529296875,3284.7364879789807,3226.7705499558224,3284.7364879789807,71495400,3175.3749267578123,73.34006341218543,3322.055053582183,3028.6947999334416,0.7410606128795392,9.238602067954044,False,24.47470453932409,85.76307546238341,69550440.0,1.0279647404099816,11788321.727148877
2022-04-12,3255.753173828125,3275.075151120873,3197.7872419498794,3246.0921851817507,55549200,3184.9643432617186,70.48921192313347,3325.9427671079857,3043.9859194154515,0.7510626400661126,8.85274738755105,False,23.606324245498563,85.15770644156986,68970780.0,0.8054019397779756,11788321.727148877
2022-04-13,3265.414306640625,3294.397273859329,3236.431339421921,3294.397273859329,57121000,3189.8195556640626,72.59448312146174,3335.008521906986,3044.630589421139,0.7603322860295071,9.103271436474579,False,23.053466513738663,83.21543701270113,65355220.0,0.8740082276518999,11788321.727148877
2022-04-14,3246.092529296875,3284.7364879789807,3226.7705499558224,3265.414508637928,35981200,3196.0801513671877,71.73026576092381,3339.5406828890355,3052.61961984534,0.674307098263019,8.977279963425175,False,22.363578956960282,81.41190137059093,63955620.0,0.5625963754240831,11788321.727148877
2022-04-18,3255.753173828125,3255.753173828125,3226.770207889002,3246.0921851817507,42492600,3201.4009033203124,72.02676219120916,3345.4544277027308,3057.347378937894,0.6886530396976746,8.999405493577148,False,21.722962495430465,77.66697741120036,60184320.0,0.7060410419192241,11788321.727148877
2022-04-19,3246.092529296875,3265.414508637928,3217.1095602852956,3246.092529296875,44256000,3210.507287597656,64.89642810433101,3340.3001438063184,3080.714431388994,0.6370847469525212,8.085504537557554,True,21.277438791489875,75.56968962130266,59352090.0,0.7456519222827706,11788321.727148877
2022-04-20,3468.294677734375,3487.616653654901,3265.4139305688545,3284.7359064893803,138547200,3231.6723876953124,76.12987648513565,3383.9321406655836,3079.4126347250412,1.2770349203353275,9.4229695776097,False,23.12259659630984,87.42357781678288,64036500.0,2.1635660912136045,11788321.727148877
2022-04-21,3622.870849609375,3632.5318385416667,3477.956015625,3477.956015625,132273800,3259.6176879882814,107.46138202743258,3474.5404520431466,3044.6949239334162,1.3450783778501072,13.186992133884742,False,25.622185006836503,92.91026231610495,67070330.0,1.9721656356842139,11788321.727148877
2022-04-22,3613.2099609375,3651.8539177389703,3574.5660041360293,3593.8879825367644,85603200,3281.3549072265623,131.4699725874071,3544.2948524013764,3018.4149620517483,1.1310472406357006,16.02630331731192,False,28.030037053547236,91.79438026516466,66780420.0,1.2818607609835337,11788321.727148877
2022-04-25,3671.17578125,3825.751603618421,3545.5829255756576,3603.5488589638157,155795400,3305.9904174804688,155.19743829624935,3616.3852940729676,2995.59554088797,1.0882593291785612,18.777723913008444,False,30.90351359166825,105.24968724927888,71624650.0,2.175164555777934,11788321.727148877
2022-04-26,3709.81982421875,3748.463780721029,3661.514878590902,3671.1758677164717,79762000,3327.2446044921876,179.36001519500388,3685.9646348821952,2968.52457410218,1.033250428350236,21.56258844965541,False,33.571741805637764,103.9424883121966,70832940.0,1.1260580176398156,11788321.727148877
2022-04-27,3651.853515625,3719.4804325810182,3632.5315393518517,3709.8194444444443,103426600,3348.0157104492187,191.90532418341382,3731.826358816046,2964.205062082391,0.8958173209480472,22.927649184497398,False,35.560210472561444,102.72866009198016,74140030.0,1.3950169699149029,11788321.727148877
2022-04-28,3564.905029296875,3690.497889407605,3535.922061579014,3651.8539324504573,140241600,3363.956335449219,196.1868050199866,3756.329945489192,2971.5827254092455,0.7560680544076147,23.32810363233066,False,35.936885880209175,106.43202921602378,78509870.0,1.7862926024460364,11788321.727148877
2022-05-09,3410.3291015625,3477.956024256374,3342.7021788686257,3477.956024256374,209052000,3375.0664794921877,191.9514035247512,3758.96928654169,2991.1636724426853,0.5459264967887633,22.74934786512794,False,34.11958463989103,114.70137358832561,86282600.0,2.4228755276266596,11788321.727148877
2022-05-10,3439.31201171875,3439.31201171875,3226.7702581855688,3226.7702581855688,166343000,3388.5918701171877,186.09365515692323,3760.779180431034,3016.4045598033413,0.5681379243676963,21.967078041828334,False,31.897225187792014,121.6899721558153,91176430.0,1.8244079089299723,11788321.727148877
2022-05-11,3391.007080078125,3555.243890224359,3381.3460912459936,3458.634001903045,69604200,3395.3545654296877,183.4510051260204,3762.2565756817285,3028.452555177647,0.49407541355718354,21.61199975918325,False,30.25968631285511,125.41910264314029,91182310.0,0.7633520142229343,11788321.727148877
2022-05-12,3168.80419921875,3400.667921112805,3159.1432108064973,3400.667921112805,219025000,3391.9732055664062,187.1209821514843,3766.2151698693747,3017.731241263438,0.20183861293680405,22.066327864195255,False,28.96410148239124,133.71236033336652,100671050.0,2.17565029867077,11788321.727148877
2022-05-13,3188.126220703125,3197.78720925071,3110.838312322443,3168.8042436079545,110677200,3393.9053955078125,184.66871093486796,3763.2428173775484,3024.5679736380766,0.22142116853073018,21.76474467194003,False,28.033179045347264,130.37211294728797,102744540.0,1.0772076063603964,11788321.727148877
2022-05-17,3265.414306640625,3342.702219223835,3168.8044159116125,3226.77035034902,87783400,3396.8036987304686,182.02426238382301,3760.8522234981147,3032.7551739628225,0.31954412234783425,21.434769686791537,False,26.151429353448275,133.48109083049758,104442680.0,0.8404935606784506,11788321.727148877
2022-05-18,3381.34619140625,3429.651136997768,3284.736300223214,3304.0582784598214,106075600,3403.083349609375,179.04407182904404,3761.171493267463,3044.995205951287,0.4696483134277125,21.044923492643306,False,24.697034041206745,135.67792936811512,105555280.0,1.0049293602366456,11788321.727148877
2022-05-19,3352.363037109375,3400.6679800072047,3265.414139893282,3304.0580942115457,64859200,3408.396875,175.6852111442992,3759.7672972885985,3057.0264527114014,0.42026386636977453,20.61792890762456,False,23.215828351801765,135.64763727852994,105223470.0,0.6163948024143283,11788321.727148877
2022-05-20,3391.007080078125,3448.9730130709136,3362.024113581731,3362.024113581731,70372000,3415.1595703125,172.06611327040667,3759.2917968533134,3071.0273437716864,0.46490812488392386,20.15321506686284,False,22.145650538799472,132.85923289874484,105964610.0,0.6641085169850576,11788321.727148877
2022-05-23,3419.990234375,3468.2951811882062,3352.363308836511,3391.007266287076,60898200,3422.8883666992188,168.41883955673092,3759.7260458126807,3086.050687585757,0.4956980283027622,19.681487856309108,False,21.27518473887251,131.65013571681274,106153470.0,0.573680728477364,11788321.727148877
2022-05-24,3506.93896484375,3545.5829203792186,3458.6340204244148,3487.616987076016,58031400,3435.9306884765624,164.05052120000335,3764.031730876569,3107.829646076556,0.6082109886755821,19.098234053462896,False,20.948869707310507,131.21746073734175,107255980.0,0.5410551467619801,11788321.727148877
2022-05-25,3448.97314453125,3535.9220473345586,3429.6511661305144,3468.295122931985,73700400,3445.591687011719,158.47602635148684,3762.5437397146925,3128.6396343087454,0.5053343360465627,18.39753989990954,False,20.40098632231227,129.43556219924906,108816370.0,0.6772914773760602,11788321.727148877
2022-05-27,3555.243896484375,3622.8708184283714,3468.2949968420944,3477.9559856912365,119132800,3461.0492553710938,152.97459926003407,3766.9984538911617,3155.100056851026,0.6539383688025951,17.67956338935512,False,20.42915641059927,132.61142732052565,112560210.0,1.0583917709464117,11788321.727148877
2022-05-30,3555.243896484375,3584.226863031802,3487.616974540379,3555.2438964843755,66577800,3465.3967163085936,154.42004544913877,3774.236807206871,3156.556625410316,0.6454590625110493,17.82422713364027,False,20.45531434972291,130.0398888327326,108961740.0,0.6110199782051938,11788321.727148877
2022-05-31,3545.583251953125,3613.2101804644926,3506.9392928037723,3584.227211102478,173358200,3461.532336425781,151.2054314493737,3763.9431993245285,3159.1214735270337,0.6389680825643583,17.472658551617226,False,20.663034642948855,128.34210303473174,111015960.0,1.5615610584279953,11788321.727148877
2022-06-02,3419.990234375,3545.583096089336,3410.3292450123586,3497.2781492761296,69562600,3451.8713500976564,147.12177534357647,3746.1149007848094,3157.6277994105035,0.44582529396446613,17.04834976997787,False,19.93726446606575,128.83581045659136,110213930.0,0.6311597817081743,11788321.727148877
2022-06-03,3458.63427734375,3526.261204554382,3439.3122981407123,3458.63427734375,44234800,3441.244274902344,137.82982030529672,3716.9039155129376,3165.5846342917503,0.5315425254180967,16.02092839622182,False,19.263335016102864,127.2240361510764,104635900.0,0.4227497445905277,11788321.727148877
2022-06-06,3439.31201171875,3468.2949781096386,3362.0241013430477,3439.31201171875,70969000,3427.718884277344,122.50806892042988,3672.7350221182037,3182.702746436484,0.5236578854429089,14.29616290674991,True,17.94140170266014,125.72738190932743,104196250.0,0.6811089650539247,11788321.727148877
2022-06-07,3439.31201171875,3516.5999220944523,3410.329045327862,3516.5999220944523,59999400,3417.0918090820314,110.69057991394668,3638.472968909925,3195.710649254138,0.550185396657044,12.95728486074042,True,17.11112745005962,124.33763154198907,102024890.0,0.5880859072722352,11788321.727148877
2022-06-08,3477.956298828125,3477.956298828125,3419.990360514323,3458.634319390191,36033000,3412.7443725585936,106.19580205482777,3625.135976668249,3200.352768448938,0.6535181358578168,12.44696824159858,True,16.34015850121628,119.59679631140428,96814460.0,0.3721861383103309,11788321.727148877
2022-06-09,3352.363037109375,3477.955888643732,3352.363037109375,3419.989957166337,104568600,3409.8460693359375,107.05273860469369,3623.951546545325,3195.74059212655,0.36576001469979647,12.558072878115834,True,15.355080768711337,120.02511526907183,91590290.0,1.1416996277662184,11788321.727148877
2022-06-10,3207.4482421875,3284.7361516378014,3188.126264824925,3275.075162956514,148581400,3398.252880859375,115.88426311249039,3630.021407084356,3166.4843546343945,0.08837241238126804,13.640451982276804,False,15.686761749123598,123.18309077017028,90702210.0,1.6381232607231953,11788321.727148877
2022-06-13,3188.126220703125,3197.78720925071,3062.533369584517,3110.838312322443,168106400,3388.108837890625,125.06772182970893,3638.244281550043,3137.9733942312073,0.10025133931080421,14.765490462528804,False,16.72911113875864,124.73536090108547,95627320.0,1.7579327748597366,11788321.727148877
2022-06-14,3197.787353515625,3246.0922984327794,3149.4824085984706,3197.787353515625,89451800,3389.557995605469,122.53517379873708,3634.628343202943,3144.4876480079947,0.1087436852931195,14.460312991558528,False,17.22670421717293,122.72639868203001,89148660.0,1.0034003876222033,11788321.727148877
2022-06-15,3197.787353515625,3207.4483424990563,3139.8214196150398,3197.787353515625,50537200,3390.041052246094,121.71560032623263,3633.472252898559,3146.6098515936287,0.10511697306020339,14.361548836771648,False,17.747444792879815,118.79072183931477,86141660.0,0.5866754831518223,11788321.727148877
2022-06-16,3188.126220703125,3275.075117631392,3188.126220703125,3246.092151988636,70161000,3386.176647949219,126.99319520894153,3640.1630383671018,3132.190257531336,0.1101160638563304,15.001366840782238,False,17.56321928287053,116.51630577423994,85260540.0,0.8229011920403038,11788321.727148877
2022-06-17,3159.143310546875,3188.1262766986815,3130.160344395069,3139.821333112338,85689800,3375.06650390625,136.78070384198625,3648.6279115902225,3101.5050962222776,0.10534785372793337,16.21072695114936,False,17.784881997574512,112.3341362406237,84241250.0,1.0171952576677104,11788321.727148877
2022-06-20,3139.8212890625,3178.465243389423,3110.8383233173076,3168.804254807692,54511600,3364.439416503906,146.54555998873366,3657.5305364813735,3071.348296526439,0.11681178287033282,17.422879932968293,False,18.11955672948696,109.14076365715883,83723870.0,0.6510879155490543,11788321.727148877
2022-06-21,3265.414306640625,3265.414306640625,3159.143426838711,3159.143426838711,55051400,3358.159777832031,148.03055806407633,3654.2208939601837,3062.0986617038784,0.3433676931230976,17.63234245627732,False,17.562080966008974,110.31592465151355,82957840.0,0.6636069598726293,11788321.727148877
2022-06-22,3149.482421875,3265.414290164877,3139.8214328508434,3255.753301140721,62430800,3344.634387207031,154.3087107402774,3653.2518086875857,3036.0169657264764,0.18382866334017506,18.454478771192004,False,17.193055592867978,111.40713530424698,83034470.0,0.7518660623714465,11788321.727148877
2022-06-23,3149.482421875,3178.465388947469,3120.4994548025306,3159.143410899156,48869800,3326.7615600585937,155.21888460828626,3637.1993292751663,3016.323790842021,0.21446912108829563,18.663060974595663,False,17.002927783856425,107.58990665001063,82576390.0,0.5918132289386833,11788321.727148877
2022-06-24,3149.482421875,3168.8043999233128,3130.160443826687,3149.482421875,46945000,3311.7870239257813,157.24145486776783,3626.269933661317,2997.304114190246,0.24195004398288059,18.99173512448566,False,16.82638053263141,102.66519589619745,81238620.0,0.5778655521228696,11788321.727148877
2022-06-27,3110.838623046875,3168.8045601222825,3110.838623046875,3159.1435706097145,43368800,3289.566760253906,152.35119333762,3594.2691469291462,2984.864373578666,0.20671687354138743,18.52538093203019,False,16.830293202656645,99.47239169471246,77450420.0,0.5599556464638926,11788321.727148877
2022-06-28,3120.49951171875,3159.1434685202203,3091.516544117647,3101.1775333180144,64516600,3267.829541015625,143.18852054912674,3554.2065821138785,2981.452499917372,0.24276913272819312,17.527048917566784,False,17.00466430658353,97.19771545955967,77347360.0,0.8341150880909187,11788321.727148877
2022-06-29,3101.177490234375,3139.821446498978,3043.2115558374708,3130.160457432827,80254600,3245.6092529296875,131.85060404657986,3509.3104610228474,2981.9080448365276,0.22614504927810594,16.2497200089707,False,17.580954980227357,97.1557279739845,72692180.0,1.1040334737519222,11788321.727148877
2022-06-30,3033.55078125,3110.8386992436303,3033.55078125,3101.177709494427,51193400,3226.2872802734373,133.2588202148915,3492.8049207032204,2959.769639843654,0.13841699425105075,16.52163104379192,False,18.19765391886836,95.7365986896735,71773720.0,0.7132610654707601,11788321.727148877
2022-07-01,3033.55078125,3072.1947402468154,2994.9068222531846,3033.55078125,47117800,3205.03310546875,128.0476437260117,3461.1283929207734,2948.9378180167264,0.16519820429949314,15.980820105417818,False,19.095021412320197,94.41883578281332,71917870.0,0.6551612276614978,11788321.727148877
2022-07-04,2956.2626953125,2994.9066521139703,2859.6528033088234,2985.2456629136027,119435800,3180.8806396484374,127.08494075420107,3435.0505211568397,2926.710758140035,0.05813422305799046,15.98110148116052,False,20.860366198307666,100.09591736555355,74341210.0,1.6065894004146557,11788321.727148877
2022-07-05,2994.90673828125,3072.1946541078632,2956.262780367944,2965.9237698462703,44476000,3158.6603759765626,118.05123257345224,3394.7628411234673,2922.557910829658,0.1532148921159636,14.94953157627204,False,21.43208857244907,101.22706318196853,73565040.0,0.6045806540715536,11788321.727148877
2022-07-06,2956.2626953125,2975.584673713235,2898.296760110294,2956.2626953125,61698000,3132.5756958007814,100.05064525982063,3332.6769863204227,2932.47440528114,0.05944062122134295,12.77551190784485,False,22.35644914904356,100.89727139546763,74848290.0,0.8243074090269797,11788321.727148877
2022-07-07,2936.940673828125,2994.9066081799956,2936.940673828125,2936.940673828125,53792800,3111.804577636719,95.01531736577442,3301.835212368268,2921.77394290517,0.0399060155337079,12.21353269400157,False,22.95518827494774,97.83074732092498,72309500.0,0.7439243806138889,11788321.727148877
2022-07-08,2936.940673828125,2985.2456191213505,2917.6186957108343,2965.9236410040603,66599600,3098.27919921875,99.81595094756126,3297.9111011138725,2898.6472973236273,0.09590996263867504,12.886630872095775,False,23.651180835362847,95.67333132732435,68210410.0,0.9763846896683366,11788321.727148877
2022-07-11,2898.296630859375,2956.2625634765623,2898.296630859375,2936.9405859374997,38983600,3083.7877197265625,106.87467772270361,3297.5370751719697,2870.0383642811553,0.06610140769626095,13.862780117975193,False,24.439649833139804,92.9799457051717,61754270.0,0.6312697081513554,11788321.727148877
2022-07-12,2878.974853515625,2946.601779604918,2869.3138640742977,2898.2968323982805,91270400,3067.8470947265623,112.59897662010216,3293.0450479667666,2842.649141486358,0.08065284676570886,14.681171928503572,False,25.384530649280343,91.85908640698946,61845200.0,1.475787935037804,11788321.727148877
2022-07-13,2792.02587890625,2917.6187385110293,2792.02587890625,2878.9747817095586,70323600,3047.5590209960938,123.93818805537973,3295.435397106853,2799.6826448853344,-0.015444727124103018,16.267207585022653,False,26.777469936321445,94.26864163540303,62834520.0,1.1191873511566572,11788321.727148877
2022-07-14,2811.347900390625,2859.652847132732,2763.042953648518,2792.0259216937825,53467400,3028.720104980469,129.93749012139497,3288.595085223259,2768.845124737679,0.08177542834873455,17.160712857913026,False,28.24678307093508,94.4358739103181,61999840.0,0.8623796448506964,11788321.727148877
2022-07-15,2811.347900390625,2849.9918577843105,2801.6869110422035,2840.3308684358894,91881600,3011.3303344726564,134.7480408711504,3280.826416214957,2741.8342527303557,0.12896968150865373,17.898805631332028,False,29.611145267362026,91.1408076840173,62309430.0,1.4746018379561487,11788321.727148877
2022-07-18,2830.669921875,2869.3138798528157,2811.3479428860924,2811.3479428860924,33885200,2995.872766113281,136.9466255479627,3269.7660172092064,2721.979515017356,0.19841746085882492,18.284705157973903,False,30.52665284595225,88.77117709674398,61278110.0,0.5529739739035685,11788321.727148877
2022-07-19,2821.0087890625,2888.6357120879707,2811.347800058861,2830.6697780661384,52625000,2973.652490234375,126.57079190962774,3226.7940740536305,2720.5109064151193,0.19850133101627568,17.025633267544567,False,31.023670395594134,87.95094387762724,61156790.0,0.8604931684609346,11788321.727148877
2022-07-20,2965.923583984375,2985.245561730201,2859.6527063823287,2869.3136952552422,99752400,2964.4745483398438,119.61385694912371,3203.702262238091,2725.2468344415965,0.503028569769194,16.139636889931726,False,29.93886380629236,93.39993164834681,63022870.0,1.5827968481917754,11788321.727148877
2022-07-21,2985.24560546875,3023.889561526598,2917.618682367516,3014.228572512136,91623800,2956.2627075195314,111.6141986963065,3179.4911049121442,2733.0343101269186,0.5649175872956782,15.102067676516734,False,28.40596974088049,94.31928504197073,65160570.0,1.4061233657102754,11788321.727148877
2022-07-22,2975.58447265625,3014.2284268465905,2956.2624955610795,2994.9064497514205,39950200,2947.5678100585938,102.14136370659605,3151.850537471786,2743.2850826454014,0.5685732537264111,13.86110451580291,False,26.98256810871232,91.72261691650932,64810830.0,0.6164124113207623,11788321.727148877
2022-07-25,2936.940673828125,2985.2456191213505,2936.940673828125,2975.5846300627054,22755600,2938.872912597656,94.6372181795477,3128.1473489567516,2749.5984762385606,0.49489566893791936,12.88075000097889,False,25.893078813370252,88.62135465770334,63780170.0,0.35678173952813236,11788321.727148877
2022-07-26,2965.923583984375,2994.9065506031147,2946.6016062385484,2956.2625951114615,40742800,2931.1441162109377,84.82697239642543,3100.7980610037885,2761.490171418087,0.602501205662808,11.575953830080579,False,24.731610913978503,86.43167766608093,62591480.0,0.6509320437861511,11788321.727148877
2022-07-27,3004.567626953125,3023.889605261505,2985.245648644745,2994.9066377989348,61470200,2926.313623046875,77.02688527106965,3080.3673935890142,2772.2598525047356,0.7539827607946953,10.528862616013022,True,23.20536992074166,84.39841649544158,61652260.0,0.9970469857877067,11788321.727148877
2022-07-28,3023.889404296875,3072.194346857528,3023.889404296875,3033.5503928090056,90037400,2925.8305541992186,76.34624656045376,3078.523047320126,2773.1380610783112,0.8210991191951066,10.437548606617671,True,21.99469739059201,83.20043816751027,63594460.0,1.4158057164098885,11788321.727148877
2022-07-29,3033.55078125,3072.1947402468154,3023.889791500796,3043.211770999204,96026000,2925.8305541992186,76.34624656045376,3078.523047320126,2773.1380610783112,0.8527358315037948,10.437548606617671,True,20.87050693544347,80.70793086625528,66039870.0,1.4540610089026522,11788321.727148877
2022-08-01,3072.194580078125,3130.160515551297,3072.194580078125,3130.160515551297,141365800,2931.6271484375,82.89833363730558,3097.4238157121113,2765.830481162889,0.9239151303560319,11.310897251239977,False,20.59447667038404,81.84377396875827,67136370.0,2.105651526884757,11788321.727148877
2022-08-02,3120.49951171875,3120.49951171875,3043.2115981158086,3081.8555549172793,61474600,2937.906787109375,92.18126495365496,3122.269317016685,2753.5442572020647,0.9952002033742304,12.55060444505835,False,19.852111377258115,81.51835537119993,67986300.0,0.9042204091118358,11788321.727148877
2022-08-03,3139.8212890625,3139.8212890625,3091.516346153846,3130.160300480769,39764400,2947.084716796875,102.64865098370228,3152.3820187642796,2741.7874148294704,0.9694084394158919,13.932229419623738,False,19.419851641016788,79.14596876673238,66889620.0,0.5944778876004977,11788321.727148877
2022-08-04,3091.5166015625,3139.821548461914,3072.1946228027346,3130.1605590820313,71928200,2954.813513183594,107.54708816537187,3169.9076895143376,2739.71933685285,0.8177749642293941,14.55890027381089,False,18.682131787998596,78.32317997333574,67796390.0,1.0609443954169242,11788321.727148877
2022-08-05,3188.126220703125,3197.78720925071,3081.8553466796875,3101.1773237748575,50346600,2967.3727905273436,119.36715131314209,3206.107093153628,2728.6384879010593,0.9623412466229242,16.090617490892196,False,18.762793295389717,81.00951444459909,66983740.0,0.7516242001417061,11788321.727148877
2022-08-08,3188.126220703125,3197.78720925071,3159.143255060369,3188.126220703125,26413800,2981.8642700195314,127.83260455976325,3237.529479139058,2726.199060900005,0.9033829072675346,17.148011174757585,False,18.837693266538615,77.98340299786636,66355250.0,0.3980664679885917,11788321.727148877
2022-08-09,3265.414306640625,3284.7362847864274,3188.126394057415,3197.7873831303164,80592200,3001.186242675781,140.08079241616102,3281.3478275081034,2721.024657843459,0.9715636944354548,18.6700565828622,False,19.88220742050852,79.31387878968323,65821340.0,1.224408375763848,11788321.727148877
2022-08-10,3275.075439453125,3275.075439453125,3207.448512974742,3217.1095024716537,49372400,3025.338720703125,143.71578862770093,3312.770297958527,2737.9071434477232,0.934428118745096,19.001612962438752,False,20.852113420623436,78.47909648173324,64773780.0,0.7622281731898308,11788321.727148877
2022-08-11,3294.3974609375,3323.3804298020527,3246.092512829912,3313.719440180535,54002400,3049.4911987304686,146.42476435968936,3342.3407274498472,2756.64167001109,0.9181435143126206,19.206451806865005,False,22.22247688902311,78.39401223104808,64800530.0,0.8333635542795714,11788321.727148877
2022-08-12,3294.3974609375,3304.0584505590173,3246.092512829912,3255.7535024514295,34264400,3073.6436767578125,144.907234130709,3363.4581450192304,2783.8292084963946,0.8808536293994881,18.858039430720506,False,23.49495725253709,76.93486405233789,61919670.0,0.5533685822292012,11788321.727148877
2022-08-15,3304.058349609375,3313.719338935718,3265.414392304002,3313.719338935718,43855800,3097.313098144531,141.75848053952552,3380.830059223582,2813.7961370654803,0.8646082595517077,18.307284546008205,False,24.772532636525973,74.8898699508649,62418200.0,0.7026123790817422,11788321.727148877
2022-08-16,3313.71923828125,3313.71923828125,3275.07528214969,3294.39726021547,36326200,3121.948620605469,133.80331917559758,3389.555258956664,2854.3419822542737,0.8583069143152378,17.143564540744798,False,25.958852635944222,72.30087610662885,61603260.0,0.5896798318790272,11788321.727148877
2022-08-18,3342.7021484375,3371.6851150424495,3304.058192964234,3313.7191818325505,51415600,3140.787548828125,137.16172549831614,3415.1109998247575,2866.464097831493,0.8680228556395887,17.468449981533233,False,27.625310983059055,71.96702224745647,59186420.0,0.8687060308766774,11788321.727148877
2022-08-19,3284.736083984375,3352.363003360524,3284.736083984375,3342.702014878217,33229600,3155.762072753906,135.62653776676103,3427.015148287428,2884.508997220384,0.7377374173118455,17.19097126335702,False,28.680163576657655,71.65701489950594,56266710.0,0.5905730048904583,11788321.727148877
2022-08-22,3207.4482421875,3255.7531855939383,3168.8042874623493,3236.431208231363,80695200,3167.355261230469,129.17064383334124,3425.6965488971514,2909.0139735637863,0.5775969286968174,16.312744631388203,False,27.321738300233008,74.81949930111449,58303960.0,1.3840432107870546,11788321.727148877
2022-08-23,3207.4482421875,3246.0921969126507,3197.7872535062124,3207.4482421875,43109000,3180.8806396484374,117.40032662586135,3415.6812929001603,2946.0799863967145,0.5565748054171302,14.763248285712095,False,26.060343400695835,72.92560245149477,59321630.0,0.7266995192141551,11788321.727148877
2022-08-24,3207.4482421875,3246.0921969126507,3188.126264824925,3207.4482421875,31310600,3192.9568725585937,105.99317029741061,3404.943213153415,2980.9705319637724,0.5341799608131458,13.278371682167538,False,24.718814573475814,71.85705456836843,58850020.0,0.5320406008358196,11788321.727148877
2022-08-25,3197.787353515625,3236.4313094493486,3188.126364532194,3226.770320465918,18239400,3202.6178588867188,96.2788229964504,3395.1755048796194,3010.060212893818,0.4874569889287288,12.02501543907813,False,23.473109233914364,70.17476102185314,56688480.0,0.3217479106866157,11788321.727148877
2022-08-26,3207.4482421875,3246.0921969126507,3207.4482421875,3217.1092308687876,27294200,3211.79580078125,86.60782849276877,3385.0114577667873,3038.5801437957125,0.48745044567734164,10.78621853502665,True,22.479207749377768,68.61262404865118,53551320.0,0.5096830479622164,11788321.727148877
2022-08-29,3168.80419921875,3207.448152867759,3139.821233981993,3168.80419921875,50521600,3218.5584716796875,76.66733320412864,3371.893138087945,3065.22380527143,0.3377592177085855,9.52815788542973,True,21.414388459177516,68.54222291699804,51276100.0,0.985285542387194,11788321.727148877
2022-08-30,3255.753173828125,3284.7361397672476,3178.465264657131,3188.126253303505,64186600,3227.7364013671877,68.80792827184602,3365.35225791088,3090.1205448234955,0.6017934021725256,8.527081485675323,True,20.583967389385574,71.92720274781944,47417140.0,1.353658191953374,11788321.727148877
2022-08-31,3294.3974609375,3294.3974609375,3207.4485543438414,3246.092512829912,88222800,3236.431298828125,65.44906030150331,3367.3294194311316,3105.5331782251183,0.7214170907968087,8.089040583089366,True,19.9498765262142,73.00018159395081,48754550.0,1.809529572111731,11788321.727148877
2022-09-01,3294.3974609375,3323.3804298020527,3265.414492072947,3313.719440180535,24754600,3244.160107421875,62.50048534962914,3369.1610781211334,3119.159136722617,0.7009478535830399,7.706214647870517,True,19.76646454136044,71.92630703217618,48004060.0,0.5156772156355108,11788321.727148877
2022-09-02,3362.0244140625,3381.346393453664,3294.3974861934266,3304.0584758890086,76147000,3257.685498046875,56.732583127242464,3371.15066430136,3144.2203317923904,0.9597839119259246,6.965998794083228,True,20.313811741844855,72.99935170960389,48215000.0,1.5793217878253656,11788321.727148877
2022-09-05,3419.990234375,3429.651223737641,3313.719351385946,3362.0242981991523,40541000,3269.278698730469,64.87616629340202,3399.031031317273,3139.5263661436647,1.0807661898629268,7.9376733857036905,True,21.332123099040835,76.0659603268961,47724720.0,0.8494759110163455,11788321.727148877
2022-09-06,3381.34619140625,3439.3121261160713,3362.0242131696427,3419.9901478794645,39143800,3278.939697265625,66.521117531987,3411.981932329599,3145.897462201651,0.8848646036778554,8.114954671165247,True,22.374690853277738,76.15324265686272,48361220.0,0.8094047255218128,11788321.727148877
2022-09-07,3313.71923828125,3371.6851724785893,3304.05824924836,3371.6851724785893,45680600,3281.354943847656,66.88014985072066,3415.1152435490976,3147.5946441462147,0.6209787003536635,8.152747995289813,True,22.194737126924746,76.23429262122181,46615640.0,0.9799414960300877,11788321.727148877
2022-09-08,3391.007080078125,3400.6680689102564,3323.380158253205,3333.0411470853364,48818600,3287.1515258789063,71.19221053509969,3429.535946949106,3144.767104808707,0.8647012553010098,8.663088388183098,True,22.37030534383814,76.999616764635,46587950.0,1.0478804068434004,11788321.727148877
2022-09-09,3400.668212890625,3410.3292021317916,3381.346234408292,3391.0072236494584,66122800,3292.4650634765626,75.59140406290057,3443.647871602364,3141.2822553507613,0.857855336712707,9.183563391628834,False,22.64654810692255,73.56985611883962,47193970.0,1.4010857743054885,11788321.727148877
2022-09-12,3400.668212890625,3439.3121698552914,3391.0072236494584,3439.3121698552914,33164600,3297.778601074219,79.37474765577893,3456.5280963857767,3139.029105762661,0.8240627997414338,9.627662406436066,False,23.238344885646516,71.765219696482,47138980.0,0.7035493767578339,11788321.727148877
2022-09-13,3468.294677734375,3477.955665694638,3400.6677620125347,3419.9897379330605,65135200,3305.9904174804688,88.07720277570485,3482.1448230318783,3129.836011929059,0.9606874853508525,10.656679742324163,False,24.2009213560415,72.15969712402638,48202950.0,1.351269994886205,11788321.727148877
2022-09-14,3439.31201171875,3458.6339893126756,3391.0070677339363,3419.9900341248244,46548200,3312.270056152344,92.99703303397965,3498.2641222203033,3126.2759900843844,0.8415215287566941,11.230609999476739,False,24.879476537998517,72.5259766151987,48714050.0,0.9555395209390309,11788321.727148877
2022-09-15,3545.583251953125,3574.56622131514,3468.2953336544197,3477.956323441758,154342800,3322.414111328125,106.56636501435266,3535.54684135683,3109.2813812994195,1.02354497733629,12.829991860557449,False,26.55955574913504,77.00656468528379,53860410.0,2.8656075956347156,11788321.727148877
2022-09-16,3458.63427734375,3545.5831837574196,3429.6513085391935,3516.600214952863,90832000,3331.109020996094,110.35723897683056,3551.823498949755,3110.394543042433,0.7888919148621277,13.251711460807211,False,27.338152632856442,79.7869488801872,56740530.0,1.600831010919355,11788321.727148877
2022-09-19,3468.294677734375,3506.9386295754266,3419.9897379330605,3497.2776416151637,63689800,3344.1513427734376,110.38725058664214,3564.9258439467217,3123.3768416001535,0.7811541511841043,13.203619007875822,False,27.870031239705828,80.29851622034283,55890260.0,1.1395509700616888,11788321.727148877
2022-09-20,3468.294677734375,3477.955665694638,3439.3117138535863,3468.294677734375,35548200,3357.1936645507812,108.7835473986425,3574.760759348066,3139.6265697534964,0.7553258646191663,12.961247788271224,False,28.363918517494543,77.32319019325061,55512220.0,0.6403671119620149,11788321.727148877
2022-09-21,3468.294677734375,3468.294677734375,3400.6677620125347,3448.972701813849,33158800,3370.235986328125,105.47163349570825,3581.179253319541,3159.2927193367086,0.7324290621000012,12.518011667262455,False,28.025274842404574,76.63059915957845,55604630.0,0.5963316364122916,11788321.727148877
2022-09-22,3477.956298828125,3487.617288547092,3429.65135023329,3468.295309109158,25991400,3384.24443359375,99.81600094361147,3583.8764354809728,3184.612431706527,0.7347115300865322,11.79772949646149,False,27.943705288605127,75.29740909916585,55992230.0,0.46419655012847316,11788321.727148877
2022-09-23,3477.956298828125,3497.2782782660593,3468.295309109158,3497.2782782660593,47123200,3397.7698364257812,92.67025208194671,3583.1103405896747,3212.429332261888,0.7163220143488879,10.90953849651328,False,27.985307693327933,71.98923481757551,56983680.0,0.8269595786021542,11788321.727148877
2022-09-26,3477.956298828125,3477.956298828125,3381.346401638455,3429.65135023329,77318600,3413.22744140625,76.91197685599094,3567.051395118232,3259.403487694268,0.7103991474015566,9.013401910808886,False,26.382206828289977,73.7478535584394,58323530.0,1.3256845050359607,11788321.727148877
2022-09-27,3477.956298828125,3497.2782782660593,3410.3293707953558,3497.2782782660593,42385400,3424.33759765625,68.56290238663969,3561.4634024295297,3287.2117928829707,0.6955091576692173,8.008895201637461,False,25.170512836510664,74.69078598074398,57233470.0,0.7405701593840108,11788321.727148877
2022-09-28,3477.956298828125,3516.600257703993,3439.312339952257,3477.956298828125,74439000,3433.5155395507813,62.24839618580754,3558.0123319223962,3309.0187471791664,0.6784815433022999,7.251855478009762,True,24.31922606178109,74.8762953929577,56544280.0,1.3164726830017113,11788321.727148877
2022-09-29,3468.294677734375,3497.2776416151637,3448.972701813849,3477.955665694638,24479200,3442.210400390625,53.29467746785745,3548.79975532634,3335.6210454549105,0.6223587353515816,6.1930761073535106,True,23.528745485246485,72.97834142212605,56530510.0,0.4330263427660568,11788321.727148877
2022-09-30,3468.294677734375,3497.2776416151637,3400.6677620125347,3458.633689774112,45655600,3447.5239135742186,50.079967081995974,3547.6838477382107,3347.3639794102264,0.6036879882835605,5.810543257995933,True,21.91048782511363,74.66630843501912,55005940.0,0.8300121768667166,11788321.727148877
2022-10-03,3439.31201171875,3477.955966906601,3410.329045327862,3468.2949781096386,28349400,3448.4900024414064,49.70583161995462,3547.9016656813155,3349.0783392014973,0.45383846108425285,5.765518425138494,True,20.407819997847408,74.16349508814199,54396360.0,0.5211635484433149,11788321.727148877
2022-10-04,3419.990234375,3477.956170550847,3419.990234375,3448.9732024629234,58380200,3450.4222045898437,47.66771033346073,3545.757625256765,3355.086783922922,0.34039525917043206,5.526014789732324,True,19.012489370921838,73.00652659440665,55358180.0,1.0545903062564557,11788321.727148877
2022-10-05,3419.990234375,3468.2951811882062,3419.990234375,3439.3122131002824,64983000,3455.7357543945313,36.161719468396726,3528.059193331325,3383.412315457738,0.2528773483049469,4.18570423648987,True,17.7168252173481,71.24212803860662,56323300.0,1.153749869059519,11788321.727148877
2022-10-06,3439.31201171875,3458.6339893126756,3400.668056530899,3439.31201171875,23969000,3458.1510009765625,33.09396420321481,3524.3389293829923,3391.9630725701327,0.3576856104172737,3.8279374375346085,True,16.789172343097714,70.29382837740448,55080820.0,0.4351605513498165,11788321.727148877
2022-10-07,3391.007080078125,3429.651035406651,3381.3460912459936,3419.9900465745195,36556000,3457.6679443359376,34.03432259855792,3525.7365895330536,3389.5992991388216,0.010340891428253663,3.9372574979977677,True,16.311853929523945,69.41326352707247,53602480.0,0.681983370918659,11788321.727148877
2022-10-10,3381.34619140625,3391.0071805245534,3342.702234933036,3362.0242131696427,32778000,3456.7018432617188,35.957387601834064,3528.616618465387,3384.7870680580504,-0.023923294219133504,4.160889684127925,True,16.56457403242135,67.90552653167569,53583150.0,0.6117221551924439,11788321.727148877
2022-10-11,3362.0244140625,3381.346393453664,3323.3804552801726,3381.346393453664,56959000,3451.388330078125,41.568266034662656,3534.52486214745,3368.2517980087996,-0.037452752666581934,4.817570445192034,True,17.11493823398707,67.19555593466254,53174340.0,1.0711745552460077,11788321.727148877
2022-10-12,3342.7021484375,3391.007092779082,3323.380170700867,3352.3631373058165,46026200,3446.5578369140626,48.13941891269295,3542.8366747394484,3350.2789990886768,-0.0393484737784141,5.586956167930773,True,17.370032815643775,67.22636780205914,53148240.0,0.8659966915179129,11788321.727148877
2022-10-13,3381.34619140625,3429.651136997768,3352.3632240513393,3362.0242131696427,60923600,3438.345983886719,44.205563293078306,3526.7571104728754,3349.9348573005623,0.17764355753954458,5.14265446237707,True,16.654398107261063,68.63512642764549,48477280.0,1.2567454279613048,11788321.727148877
2022-10-14,3255.753173828125,3419.9899808164873,3255.753173828125,3410.328992170113,49869400,3428.2019287109374,59.8238585659336,3547.8496458428044,3308.5542115790704,-0.2206520902222979,6.980202427974048,False,17.507187026192227,75.46381789626813,46429150.0,1.0740967689479561,11760180.88505115
2022-10-17,3313.71923828125,3333.0412163470296,3226.77033698524,3255.7533040839103,46023600,3420.4731567382814,64.19672338755966,3548.8666035134006,3292.0797099631623,0.0842703769608636,7.507350058993212,False,18.650817717726312,77.66432228666251,45545840.0,1.0104896517442647,11968858.7170824
2022-10-18,3352.363037109375,3362.024025688941,3313.7190827911113,3313.7190827911113,34089400,3414.6765747070312,64.88177501014039,3544.440124727312,3284.9130246867503,0.259895835202115,7.600342063518227,False,19.05341489897745,75.56722375888874,45472900.0,0.7496640856422176,12107976.39286365
2022-10-19,3391.007080078125,3400.6680689102564,3323.380158253205,3371.6851024138623,26287200,3410.8121948242188,63.813018473393285,3538.438231771005,3283.1861578774324,0.4224095834208521,7.483615611580969,False,18.625538213178764,75.69012996590035,45129320.0,0.5824860644919977,12247094.94755115
2022-10-20,3477.956298828125,3506.939267985026,3362.024422200521,3362.024422200521,74454000,3410.8121948242188,63.813018473393285,3538.438231771005,3283.1861578774324,0.7630501800816003,7.483615611580969,False,18.066192557349442,80.63475252437215,47552450.0,1.5657237429406896,12517560.104885373
2022-10-21,3477.956298828125,3545.5832268608942,3468.295309109158,3477.956298828125,67147400,3410.8121948242188,63.813018473393285,3538.438231771005,3283.1861578774324,0.7630501800816003,7.483615611580969,False,18.03314197085024,80.39569289775528,48553660.0,1.3829523871114968,12517560.104885373
2022-10-24,3613.2099609375,3642.1929285386027,3487.6171013327203,3487.6171013327203,93991000,3417.5748779296873,77.0890710311558,3571.753019991999,3263.396735867376,1.1344449361983693,9.022663588615222,False,19.005722375489846,86.38433124152117,49387280.0,1.9031418616291482,12517560.104885373
2022-10-25,3642.193115234375,3738.803012190194,3642.193115234375,3690.4980637122844,79026600,3425.78671875,91.29781300299625,3608.3823447559926,3243.1910927440076,1.0925837360344897,10.660069700580655,False,20.666086309164733,89.18495409946208,51219340.0,1.542905472815542,12517560.104885373
2022-10-26,3564.905029296875,3671.175910929031,3564.905029296875,3671.175910929031,57301400,3430.1341552734375,95.868538739489,3621.8712327524154,3238.3970777944596,0.851447085236328,11.179567258860947,False,21.0101289017274,90.4053774946545,50362460.0,1.1377800051864027,12517560.104885373
2022-10-27,3613.2099609375,3661.514906939338,3564.9050149356617,3574.5660041360293,32568200,3437.379919433594,104.03320847858193,3645.4463363907576,3229.31350247643,0.9225334488748986,12.106105338012714,False,21.329596811971307,90.84855710244176,50766910.0,0.641524173915647,12517560.104885373
2022-10-28,3603.548828125,3622.8708057556973,3526.260917602212,3613.2098169403484,67024200,3444.142626953125,110.35277416101684,3664.8481752751586,3223.437078631091,0.8611286675477771,12.816283889920197,False,21.052776327791243,91.26008074894487,51835340.0,1.293021324833598,12517560.104885373
2022-10-31,3632.53173828125,3661.5147042781746,3613.2097609499665,3632.53173828125,57043600,3453.80361328125,118.09393892874735,3689.9914911387445,3217.6157354237553,0.8783600721198671,13.676972075033927,False,21.17580088540511,88.88192327781842,53270050.0,1.0708381163524345,12517560.104885373
2022-11-01,3632.53173828125,3671.175692943816,3574.5658062874,3632.53173828125,41443800,3464.4306884765624,124.29148536515352,3713.0136592068693,3215.8477177462555,0.8381185953945818,14.350581269075294,False,20.720768342519957,89.43392066200397,52423230.0,0.7905617414264631,12517560.104885373
2022-11-02,3574.56591796875,3632.5318517736487,3535.921962098818,3632.5318517736487,49775000,3472.15947265625,126.17432094816199,3724.5081145525737,3219.810830759926,0.702906670198315,14.535544457770754,False,19.762432495492174,89.94648987720589,51662830.0,0.9634586413481414,12517560.104885373
2022-11-03,3593.887939453125,3632.5318957913305,3545.582994030368,3574.565961284022,47748600,3479.8882690429687,128.76404453491358,3737.416358112796,3222.3601799731414,0.7213344393264339,14.800940096887198,False,18.87254973965202,89.73237644033138,52851810.0,0.9034430419696128,12517560.104885373
2022-11-04,3584.226806640625,3593.8877953377696,3564.904829246336,3584.226806640625,33068200,3489.5492553710938,128.99273249099255,3747.5347203530787,3231.563790389109,0.6834939640420102,14.78617701612294,False,18.046230037800445,85.39314313793551,52677420.0,0.6277490431384073,12517560.104885373
2022-11-07,3584.226806640625,3613.2097727320584,3564.904829246336,3584.226806640625,43164600,3499.6932861328123,128.0093097221904,3755.711905577193,3243.6746666884314,0.6650925246985352,14.630917541193067,False,17.53850782820508,82.74398601992031,53196750.0,0.811414231132541,12517560.104885373
2022-11-08,3574.56591796875,3613.2098738386826,3555.243940033784,3593.8878959037165,34329200,3510.320361328125,124.75993415825526,3759.840229644635,3260.8004930116144,0.6287383587408982,14.21635877257111,False,16.903233989514742,80.97412514741877,52065260.0,0.6593494395303126,12517560.104885373
2022-11-09,3593.887939453125,3613.2099176222277,3574.565961284022,3593.887939453125,44354400,3522.8796508789064,119.53170510764822,3761.9430610942027,3283.81624066361,0.648513502150475,13.572045253129975,False,16.313337511991044,77.95054475499443,51981670.0,0.8532700084472085,12517560.104885373
2022-11-10,3584.226806640625,3593.8877953377696,3516.5998857606132,3584.226806640625,35056000,3533.023681640625,115.42654719748992,3763.876776035605,3302.170587245645,0.610899802175477,13.068301556800154,False,15.506604234551373,77.9032239648171,50688290.0,0.6915995785219821,12517560.104885373
2022-11-11,3593.887939453125,3661.514863044985,3584.2269503685734,3642.1928848758816,76578200,3549.930419921875,95.76595251225277,3741.4623249463807,3358.3985148973693,0.6147524730295608,10.790741359303647,False,15.064059405285516,77.85928342478444,52023730.0,1.4719859571776188,12517560.104885373
2022-11-14,3516.60009765625,3603.5490011697284,3506.939108376974,3593.888011890453,53046400,3560.074462890625,78.64255960598388,3717.359582102593,3402.789343678657,0.36179758945985835,8.836057832580233,False,14.445701373211978,79.1986126653537,52374870.0,1.0128216070035114,12517560.104885373
2022-11-15,3526.260986328125,3555.2439533390407,3506.9390083208473,3535.9219753317634,32362600,3568.7693603515627,62.406005702163725,3693.5813717558904,3443.957348947235,0.32971040389000666,6.994680731737303,True,13.871513112190856,76.99192211912796,52288530.0,0.6189235000486722,12517560.104885373
2022-11-16,3516.60009765625,3526.2610869355253,3429.651194142771,3526.2610869355253,84179400,3575.0490112304688,48.30233991564946,3671.653691061768,3478.4443313991696,0.19748404696186472,5.404383521894682,True,14.293848111360923,78.39320573867269,55183140.0,1.5254550574686399,12517560.104885373
2022-11-17,3584.226806640625,3593.8877953377696,3487.6169196691794,3516.5998857606132,42451400,3580.3625366210936,42.56374221195,3665.4900210449937,3495.2350521971935,0.5226969588358147,4.755243836521523,True,13.670448145104983,80.38446787652394,53583010.0,0.7922548583963461,12517560.104885373
2022-11-18,3555.243896484375,3603.548840730087,3545.582907635233,3593.8878518809447,34503000,3584.226916503906,35.738090232938184,3655.7030969697826,3512.7507360380296,0.29725399545259784,3.9883736231519147,True,12.956348940049162,78.7831439635475,51950790.0,0.6641477444327603,12517560.104885373
2022-11-21,3545.583251953125,3584.227211102478,3526.2612723784487,3535.922262165787,24552400,3580.8455810546875,36.049423773280935,3652.9444286012495,3508.7467335081255,0.2554584414210655,4.026917436932663,True,12.549135542857822,77.29620073215335,48478860.0,0.5064558036224449,12517560.104885373
2022-11-22,3574.56591796875,3603.5488848711993,3545.5829510663007,3564.904929001267,24036600,3577.464221191406,33.03817605307972,3643.5405732975655,3511.3878690852466,0.4780685288285921,3.694032869133991,True,11.875998744884589,75.9154673802066,45729360.0,0.5256272993980236,12517560.104885373
2022-11-23,3574.56591796875,3603.5488848711993,3574.56591796875,3574.56591796875,26480000,3577.947265625,32.91528255145619,3643.7778307279123,3512.1167005220877,0.4743177986474522,3.6797951571492993,True,11.250943146766586,72.56314591750966,44188290.0,0.5992537842039146,12517560.104885373
2022-11-24,3584.226806640625,3613.2097727320584,3574.5658179434804,3574.5658179434804,33691200,3576.4981079101562,31.90353426751931,3640.305176445195,3512.6910393751177,0.5605630293626848,3.5681309823101066,True,10.509642800949425,70.14034655115739,44244440.0,0.7614787304348298,12517560.104885373
2022-11-25,3593.887939453125,3593.887939453125,3564.9049721994706,3584.2269503685734,28538800,3576.0150634765623,31.54351431783637,3639.102092112235,3512.9280348408897,0.6416525422347793,3.5283424435209225,True,9.984014759203696,67.2005337441929,42320170.0,0.6743545689915706,12517560.104885373
2022-11-28,3584.226806640625,3613.2097727320584,3574.5658179434804,3593.8877953377696,46613400,3573.599816894531,28.71044417395065,3631.0207052424325,3516.17892854663,0.5925359224826607,3.2136160336945787,True,9.393316191312172,65.16077810450611,41798660.0,1.115188860121353,12517560.104885373
2022-11-29,3622.870849609375,3642.1928274739585,3584.2268938802085,3584.2268938802085,59310800,3573.1167724609377,27.731322929140813,3628.5794183192193,3517.654126602656,0.9485368158919896,3.104440710460319,True,9.341827965460736,64.64686687085091,42692010.0,1.3892716693357843,12517560.104885373
2022-11-30,3825.751708984375,3825.751708984375,3622.870936538234,3632.531925702336,228769000,3585.676062011719,62.94487780911967,3711.565817629958,3459.7863063934797,1.453515422258368,7.02181420970915,False,11.418226801390778,74.52072347829014,51641710.0,4.42992689436504,12517560.104885373
2022-12-01,3748.464111328125,3845.0740111046234,3738.8031213504755,3825.7520311493236,60043200,3593.4048706054687,72.73488977796647,3738.8746501614014,3447.935091049536,1.0329603206796518,8.096487025210822,False,13.50292208303572,76.78859249799426,52256440.0,1.149010533438558,12517560.104885373
2022-12-02,3767.78515625,3767.78515625,3690.4972556089742,3729.141205929487,74888600,3602.5827880859374,82.44822407426508,3767.4792362344674,3437.6863399374074,1.0009276125076298,9.154346081586647,False,14.560305792698276,76.82425736535366,54347460.0,1.3779595219353398,12517560.104885373
2022-12-05,3767.78515625,3796.7681189903847,3729.141205929487,3767.78515625,46350800,3611.760705566406,90.15386859015013,3792.0684427467063,3431.452968386106,0.9326615516437211,9.98447858975883,False,15.816086464172589,76.16730420074965,54506770.0,0.8503677616560291,12517560.104885373
2022-12-06,3690.498046875,3748.4639847840317,3671.1760675719897,3748.4639847840317,80960600,3617.5573120117188,91.35551842286694,3800.2683488574526,3434.846275165985,0.6996068111771113,10.10134856683879,False,16.007087921990482,77.62743166341113,56838340.0,1.4244012052427992,12517560.104885373
2022-12-07,3671.17578125,3709.819736842105,3622.8708367598683,3690.4977590460526,74967200,3621.4217041015627,91.93442019108895,3805.2905444837406,3437.5528637193847,0.6352977400766266,10.154511427041548,False,15.466338076766377,78.2932508361844,58368980.0,1.2843671415878777,12517560.104885373
2022-12-08,3671.17578125,3690.4977590460526,3584.226881167763,3671.17578125,60297600,3625.769152832031,92.13857306654549,3810.046298965122,3441.4920066989403,0.6232020067892055,10.16485817852771,False,14.436599267794598,80.29165276776332,59631060.0,1.0111777318732889,12517560.104885373
2022-12-09,3690.498046875,3700.1590365265056,3642.193098617474,3700.1590365265056,58429600,3630.599658203125,92.90843217149892,3816.4165225461225,3444.782793860127,0.6611758676578173,10.236152803196322,False,13.607705192915754,78.69695884928251,58723630.0,0.9949929866392796,12517560.104885373
2022-12-12,3680.836669921875,3729.1416130967027,3642.1927153820125,3690.49765855684,36690000,3638.811486816406,89.49764288599249,3817.806772588391,3459.816201044421,0.6173918713116363,9.838118100951025,False,13.219640505815942,79.2863830539545,57905810.0,0.6336151760937287,12517560.104885373
2022-12-13,3729.141845703125,3729.141845703125,3671.175910277688,3709.8198672279796,44457600,3648.955529785156,87.54567529137265,3824.0468803679014,3473.864179202411,0.7289842292354531,9.596792789253549,False,12.859297841977284,77.76349393763181,58510560.0,0.7598218167797403,12517560.104885373
2022-12-14,3680.836669921875,3767.785567636565,3661.5146926519437,3738.802601731668,51313400,3657.1673583984375,82.00462890694035,3821.176616212318,3493.158100584557,0.5721584617811565,8.96919619700993,False,13.038671338169477,79.79973544098817,56867260.0,0.9023364234534951,12517560.104885373
2022-12-15,3661.514892578125,3709.8198383905014,3622.870935928224,3671.1758817406003,45526000,3661.0317626953124,80.18738863714619,3821.4065399696046,3500.65698542102,0.5015062527007794,8.761179234141451,False,12.563909993806988,80.31039022822314,57020990.0,0.7984077442359384,12517560.104885373
2022-12-16,3787.107666015625,3787.107666015625,3613.2098650251114,3632.531842912946,106781400,3672.624951171875,80.84629634193628,3834.3175438557478,3510.9323584880026,0.854013479973002,8.80528748966208,False,13.082923421723935,86.99520528267246,60634910.0,1.7610548114939066,12517560.104885373
2022-12-19,3642.193115234375,3767.7859812769398,3642.193115234375,3748.464001885776,60549800,3677.4554443359375,75.57017617870619,3828.5957966933497,3526.3150919785253,0.38334574932650944,8.219833232253048,False,13.56486446193253,91.13230138971372,62434780.0,0.9698088148945188,12517560.104885373
2022-12-20,3651.853515625,3680.836480034722,3603.5485749421296,3651.853515625,37995800,3681.31982421875,71.91980713413581,3825.159438487022,3537.480209950478,0.39757234561685806,7.814567662498462,False,13.354600469602541,90.14341593991935,63132740.0,0.6018398694560065,12517560.104885373
2022-12-21,3613.2099609375,3671.175896139706,3603.548971737132,3671.175896139706,40936600,3683.2520263671877,69.37487918613378,3822.001784739455,3544.50226799492,0.24759572106149594,7.534089841205743,False,13.159355333867552,88.53509511582325,63855570.0,0.6410811147719768,12517560.104885373
2022-12-22,3642.193115234375,3651.854104929957,3613.2101461476295,3632.532125538793,30139000,3686.150341796875,66.15628974141099,3818.462921279697,3553.837762314053,0.33388870984785274,7.178903040526776,False,12.97805627925649,84.97145574986851,63677960.0,0.47330347894310687,12517560.104885373
2022-12-23,3603.548828125,3651.8537722017427,3603.548828125,3632.531794571046,30492000,3686.6333862304687,65.47897666257758,3817.591339555624,3555.6754329053133,0.18278154936043442,7.1044738982878926,False,12.624542837982228,82.3524192017881,63775620.0,0.47811373687939057,12517560.104885373
2022-12-26,3603.548828125,3632.531794571046,3584.226850494303,3613.2098169403484,18889400,3687.5994873046875,64.01467781416143,3815.62884293301,3559.570131676365,0.17175239316328414,6.943777710626647,False,11.925536079850936,79.92045669285628,62389420.0,0.30276607796642446,12517560.104885373
2022-12-27,3593.887939453125,3632.5318957913305,3574.565961284022,3632.5318957913305,30410200,3686.150341796875,65.85860362056194,3817.867549037999,3554.433134555751,0.1497708831054515,7.146599841444138,False,11.091212899966491,78.35227653674573,60944390.0,0.4989827611696499,12517560.104885373
2022-12-28,3564.905029296875,3613.2099754933097,3535.922061579014,3603.5489862540226,26057600,3673.1080078125,62.50035465733547,3798.108717127171,3548.107298497829,0.06719054192228648,6.806263744425772,False,10.98312351406646,78.27625063514216,50808820.0,0.5128558388090887,12517560.104885373
2022-12-29,3564.905029296875,3574.5660185361617,3535.922061579014,3564.905029296875,22647000,3663.9300537109375,64.30365370087155,3792.5373611126806,3535.3227463091944,0.1150101171750357,7.020183546980424,False,10.88275479858786,75.44537251528541,48939010.0,0.46275966759442005,12517560.104885373
2022-12-30,3564.905029296875,3593.887997014736,3564.905029296875,3564.905029296875,30472400,3653.7860473632813,63.04814098329227,3779.882329329866,3527.6897653966967,0.14756685653126683,6.9022258190285015,False,10.368718840099511,72.12662931546937,46718200.0,0.6522597189104032,12517560.104885373
2023-01-02,3564.905029296875,3564.905029296875,3516.6000831004403,3564.905029296875,13398400,3643.642041015625,59.987856138363725,3763.6177532923525,3523.666328738898,0.17186270360645553,6.585482927586675,False,10.761339885301073,70.42508052125261,45070580.0,0.2972759613921099,12517560.104885373
2023-01-03,3584.226806640625,3593.8877953377696,3535.9218631549024,3555.243840549191,26463000,3638.328479003906,60.32470069424691,3758.9778803924,3517.679077615412,0.2757897190510196,6.632133524212476,False,10.500775593927562,69.53514135422508,42345700.0,0.6249276786072729,12517560.104885373
2023-01-04,3545.583251953125,3593.8882008898163,3535.922262165787,3584.227211102478,48118400,3632.0488525390624,63.19409468923804,3758.4370419175384,3505.6606631605864,0.1579363902151819,6.959608447453651,False,10.258814328837008,68.70876973778253,41003260.0,1.173526202550724,12517560.104885373
2023-01-05,3477.956298828125,3535.9222371419273,3410.3293707953558,3535.9222371419273,91135000,3622.3878784179688,71.16448279114609,3764.716844000261,3480.0589128356764,-0.007386458543239184,7.858295155539922,False,11.859766960622904,73.4619919820673,42545130.0,2.142078306024685,12488333.707770523
2023-01-06,3439.31201171875,3497.2779445005267,3429.6510229217874,3468.2949781096386,47075000,3609.828576660156,80.11384837094289,3770.056273402042,3449.6008799182705,-0.03210702147237084,8.877302250741762,False,13.346365832995522,73.04520123897245,41977400.0,1.1214367731207746,12353078.70288771
2023-01-09,3477.956298828125,3497.2782782660593,3429.65135023329,3458.634319390191,38714400,3599.6845581054686,83.42550140802717,3766.535560921523,3432.833555289414,0.1352186764752521,9.270312446703327,False,14.726771034798093,72.65818172424366,42078620.0,0.9200491841224832,12488333.707770523
2023-01-10,3371.68505859375,3477.955934366046,3342.702092474033,3477.955934366046,66338200,3581.81171875,92.07327921176945,3765.958277173539,3397.6651603264613,-0.07054191497013165,10.282313693909256,False,16.93287977020669,77.12932634066138,43172650.0,1.5365792926771926,12116384.36695021
2023-01-11,3284.736083984375,3371.684980325138,3255.753118537454,3371.684980325138,97985200,3562.006689453125,110.423942450322,3782.8545743537693,3341.158804552481,-0.12774113864275752,12.400194842674535,False,19.64760662447409,79.90094160606385,45506240.0,2.153225579612818,12068664.696372582
2023-01-12,3323.380126953125,3381.3460593999816,3284.736171988554,3352.3630931765533,74713600,3545.099951171875,119.86823733503496,3784.836425841945,3305.363476501805,0.03757594766527457,13.524948688164478,False,21.94589501568091,81.0944440210312,46965620.0,1.5908147278796703,12068664.696372582
2023-01-13,3352.363037109375,3352.363037109375,3313.7190827911113,3352.363037109375,31492000,3523.3627197265623,112.8877251950758,3749.138170116714,3297.587269336411,0.1213058542864356,12.815907322063808,False,24.080019950372957,78.06226618511923,43201150.0,0.7289620762410259,12068664.696372582
2023-01-16,3391.007080078125,3400.6680689102564,3352.3631247495996,3362.024113581731,27930400,3510.80341796875,112.94427194347473,3736.6919618556994,3284.914874081801,0.2348330822155819,12.868196648711358,False,24.929293434340785,75.93674944338795,41570180.0,0.6718854717492202,12068664.696372582
2023-01-17,3448.97314453125,3468.295122931985,3381.346220128676,3391.0072093290437,58844000,3500.6593994140626,108.63788065421576,3717.935160722494,3283.3836381056312,0.3810583965474134,12.413419102972359,False,24.396840519578983,76.72333182623946,42612590.0,1.3809064410306906,12068664.696372582
2023-01-18,3429.6513671875,3487.617305787852,3400.668397887324,3458.6343364876757,42102800,3491.4814697265624,106.35873186191695,3704.1989334503965,3278.7640060027284,0.3546661344661975,12.18494015037652,False,23.565334235213882,77.45373011726008,42670900.0,0.9866864772010902,12068664.696372582
2023-01-19,3458.63427734375,3468.295266945269,3410.3293293361558,3439.3122981407123,34502200,3482.3035278320312,100.42322614279244,3683.149980117616,3281.4570755464465,0.4410762544746725,11.535263981461444,False,22.79322125687486,76.06174493810673,42889060.0,0.8044522309418766,12068664.696372582
2023-01-20,3487.616943359375,3516.5999096476803,3439.3119995455336,3477.9559545966067,36841800,3476.50693359375,96.31840346524253,3669.143740524235,3283.870126663265,0.5288366744202578,11.082204673261016,False,21.236049636878437,76.14932816410959,43206550.0,0.8526901592466883,12068664.696372582
2023-01-24,3497.278076171875,3535.9220328146585,3468.295108689788,3506.939065332571,28496000,3471.193395996094,91.76474091755384,3654.7228778312015,3287.663914160986,0.5710640053983724,10.574431378372797,False,19.958514159353193,75.54058501844966,43686880.0,0.6522782125892259,12068664.696372582
2023-01-25,3506.93896484375,3574.56588703082,3497.277975959883,3555.2439092630857,72962200,3466.845947265625,87.61169542405871,3642.0693381137426,3291.6225564175074,0.6144054380641376,10.10851901200398,False,19.35748656625618,75.66539402219874,45814480.0,1.5925576367995447,12068664.696372582
2023-01-26,3661.514892578125,3680.8368709030756,3506.939065978521,3526.2610443034714,77131800,3471.6764404296873,95.60172750657598,3662.8798954428394,3280.4729854165353,0.9964304963406114,11.015050411177542,False,20.067363643823377,82.68200202485065,48368190.0,1.5946803053825251,12068664.696372582
2023-01-27,3690.498046875,3709.8200261780107,3661.5150779204846,3709.8200261780107,89603000,3477.956091308594,105.64507638028051,3689.2462440691547,3266.665938548033,1.0029622838298191,12.150248434048642,False,21.007642744941442,80.22651142306745,51715990.0,1.7325975969907954,12068664.696372582
2023-01-30,3593.887939453125,3690.4978302986387,3574.565961284022,3690.4978302986387,63021600,3479.405236816406,107.08944521369705,3693.5841272438,3265.226346389012,0.767259538062478,12.311235734263816,False,20.43025675809391,82.77690957791822,53343450.0,1.1814308973266634,12068664.696372582
2023-01-31,3535.921630859375,3593.8875592341187,3506.938666672003,3555.2436069842893,139348400,3477.9560668945314,106.06272291718379,3690.081512728899,3265.830621060164,0.6366303880631663,12.198282080300933,False,18.98092563638444,83.0749355210042,59640950.0,2.3364550698806776,12068664.696372582
2023-02-01,3526.260986328125,3574.5659313463184,3506.9390083208473,3555.2439533390407,58539000,3475.0577758789063,103.77318788655283,3682.604151652012,3267.5114001058005,0.6233536607384441,11.944916554408282,False,17.63511816622565,81.97150605703756,61244750.0,0.9558207029990325,12068664.696372582
2023-02-02,3516.60009765625,3555.2440547733513,3497.278119097699,3545.583065494076,47100600,3473.6086181640626,102.93547711274122,3679.479572389545,3267.73766393858,0.6044136596488996,11.85343410014299,False,16.49718985180306,80.25682245836718,61193860.0,0.7696948680799022,12068664.696372582
2023-02-03,3593.887939453125,3603.548928537676,3535.9220049458163,3555.243983114919,42774000,3479.4052001953123,106.39913485447279,3692.203469904258,3266.6069304863668,0.7689935858369437,12.231876281440309,False,15.852350757697774,80.73482306001426,58775810.0,0.7277483713112588,12068664.696372582
2023-02-06,3613.2099609375,3613.2099609375,3535.9220473345586,3593.8879825367644,38504200,3488.10009765625,109.99496817576336,3708.090034007777,3268.110161304723,0.7843536057970718,12.613739869411672,False,15.379527240831003,80.48861524165191,58347270.0,0.6599143370375341,12068664.696372582
2023-02-07,3622.870849609375,3632.5318385416667,3574.565904947917,3613.2098606770833,38887200,3495.3458251953125,113.99196994610823,3723.329765087529,3267.361885303096,0.7796798416466361,13.045000483148305,False,15.196100951991138,78.87985226680178,58355910.0,0.6663798062612681,12068664.696372582
2023-02-08,3661.514892578125,3671.1758817406003,3622.870935928224,3622.870935928224,34054800,3509.8373168945313,115.85138441730315,3741.5400857291374,3278.1345480599252,0.827310667124276,13.203048911658069,False,15.513250481834849,76.69593654283203,56741740.0,0.6001719369198054,12068664.696372582
2023-02-09,3690.498046875,3690.4980468750005,3642.193098617474,3651.8540882689795,56866600,3530.1254150390623,109.72331660510712,3749.5720482492766,3310.678781828848,0.8654023520203933,12.432795292503,False,16.039903291919003,74.66800880816736,54685810.0,1.0398785352178197,12068664.696372582
2023-02-10,3680.836669921875,3680.8366699218745,3642.1927153820125,3680.8366699218745,24979400,3547.9982421875,103.19282592534698,3754.3838940381943,3341.612590336806,0.8218208885724148,11.63392074982811,False,16.528930461526137,72.78496042851165,52199100.0,0.4785408177535628,12068664.696372582
2023-02-13,3671.17578125,3700.1587479440786,3651.8538034539474,3700.1587479440786,30348000,3563.9388793945313,95.73645884706168,3755.4117970886546,3372.465961700408,0.7800315134560672,10.745016913794665,False,17.229808551715898,71.03638786148449,52141900.0,0.582027122141694,12068664.696372582
2023-02-14,3651.853515625,3690.497468171296,3632.5315393518517,3671.1754918981483,48802600,3576.981201171875,88.4264351998094,3753.834071571494,3400.128330772256,0.7116796698971936,9.888386908026197,False,17.465239789656106,70.1027836441959,53185510.0,0.9175920283550915,12068664.696372582
2023-02-15,3642.193115234375,3661.515094625539,3584.2271770608836,3651.854104929957,38279800,3586.642199707031,84.15689849374196,3754.955996694515,3418.3284027195473,0.6650218714140078,9.385591738213096,False,16.734644870640082,70.61600749565729,52157300.0,0.733929862166945,12068664.696372582
2023-02-16,3613.2099609375,3651.8539177389703,3593.8879825367644,3651.8539177389703,38386000,3595.8201293945312,75.72120758771062,3747.2625445699523,3444.37771421911,0.5574140062505788,8.423247533292,True,16.056235302982344,69.7124309032679,51971460.0,0.7385976841905153,12068664.696372582
2023-02-17,3584.226806640625,3622.870761429203,3574.5658179434804,3613.2097727320584,27312200,3602.099755859375,68.62027368485327,3739.3403032290817,3464.859208489668,0.4348845892802996,7.6200303529331,True,15.053548548198181,68.18332465915753,51611960.0,0.5291835458293,12068664.696372582
2023-02-20,3535.921630859375,3603.548547296576,3526.2606427969176,3584.2265711716614,64976600,3604.514990234375,65.14060096194378,3734.796192158263,3474.2337883104874,0.2367488234600668,7.2287784779286754,True,14.678202691188934,68.83365179062189,53018700.0,1.225541176980952,12068664.696372582
2023-02-21,3497.278076171875,3555.2440111360497,3497.278076171875,3535.9220328146585,72588200,3604.514990234375,65.14060096194378,3734.796192158263,3474.2337883104874,0.08844057132221744,7.2287784779286754,True,14.778315762477183,68.05738630301852,55223310.0,1.3144485544238476,12068664.696372582
2023-02-22,3419.990234375,3497.2781492761296,3400.668255649717,3477.956170550847,92300400,3600.1675537109377,74.25877962886737,3748.6851129686725,3451.649994453203,-0.10658591561978578,8.250591509533917,False,16.070029030284246,70.09685111183238,56190220.0,1.6426417266207536,12039925.406936305
2023-02-23,3458.63427734375,3477.9562565467877,3400.668339734637,3419.9903189376746,52724200,3590.0235229492187,79.1344977067384,3748.2925183626953,3431.754527535742,0.08491792640050833,8.817156456036702,False,17.269477064676522,70.61049866185513,54969840.0,0.9591477799462396,12175179.55732693
2023-02-24,3439.31201171875,3526.2609108914153,3439.31201171875,3477.955966906601,53277000,3577.464221191406,82.22152819158852,3741.907277574583,3413.021164808229,0.07993906063524908,9.193274689322394,False,17.397082824422604,71.77752726977015,53153540.0,1.002322705129329,12107551.62763943
2023-02-27,3458.63427734375,3477.9562565467877,3419.9903189376746,3439.3122981407123,48120000,3570.7015380859375,86.26255931217439,3743.226656710286,3398.176419461589,0.17521465385513035,9.663373809552848,False,17.763291518743568,70.79098515115179,52408460.0,0.9181723714072118,12175179.55732693
2023-02-28,3391.007080078125,3477.9559795673076,3391.007080078125,3477.9559795673076,108313400,3563.455810546875,94.98304518598918,3753.421900918853,3373.489720174897,0.04610654424936304,10.661902404386746,False,18.461572049220262,71.94512188958257,50856710.0,2.1297759921945403,11938484.366897242
2023-03-01,3458.63427734375,3468.295266945269,3391.007350133118,3391.007350133118,48204200,3560.0744750976564,97.546002337698,3755.1664797730523,3364.9824704222606,0.2400195924925579,10.95999569896887,False,19.109975398948624,72.32676938797981,50339970.0,0.9575730776160574,12175179.55732693
2023-03-02,3429.6513671875,3458.6343364876757,3429.6513671875,3458.6343364876757,49577200,3555.7270385742186,101.4451862274656,3758.61741102915,3352.836666119287,0.18930100068024636,11.412033052811989,False,19.712064223696387,69.23078366742237,50463800.0,0.982430970319318,12073739.371780055
2023-03-03,3381.34619140625,3439.3121261160713,3381.34619140625,3429.651136997768,54989400,3545.099951171875,108.14831826703453,3761.396587705944,3328.803314637806,0.12146022612831482,12.20256915253233,False,20.885755246969513,68.4261515990223,51074570.0,1.0766492992500964,11904671.25654568
2023-03-06,3400.668212890625,3429.6511806141248,3381.346234408292,3400.668212890625,42464200,3534.472863769531,111.4941513678016,3757.4611665051343,3311.484561033928,0.19997383441776742,12.61791001545759,False,21.975611197151704,66.98892571394033,51272570.0,0.8282050226856192,11972298.331740992
2023-03-07,3439.31201171875,3448.973000515713,3400.668056530899,3400.668056530899,45285800,3525.294921875,111.3894688184334,3748.073859511867,3302.515984238133,0.30702190461020273,12.638882282131297,False,22.479894994407122,65.65435559043132,51592500.0,0.8777593642486795,12107551.62763943
2023-03-08,3429.6513671875,3429.6513671875,3400.668397887324,3419.9903774207746,33221200,3513.7017456054687,108.4941026590304,3730.6899509235295,3296.713540287408,0.3063250067100012,12.350974614703402,False,22.94815852043001,63.72501689335953,51550820.0,0.6444359177991738,12073739.371780055
2023-03-09,3535.921630859375,3564.9045950467466,3477.955702484631,3477.955702484631,112172600,3505.9729248046874,100.4438920787636,3706.8607089622146,3305.08514064716,0.5745408840569498,11.459745324115325,False,21.97875922286356,68.83417481949432,54316120.0,2.065180649869689,12403625.772026667
2023-03-10,3487.616943359375,3526.2608984104486,3477.9559545966067,3516.5999096476803,72647400,3496.3119384765623,91.64676272010956,3679.6054639167814,3313.018413036343,0.47628122680191676,10.484964080183595,False,21.07860273226614,68.0578534940139,56699520.0,1.2812701059903153,12403625.772026667
2023-03-13,3477.956298828125,3497.2782782660593,3429.65135023329,3487.617288547092,87385200,3486.6509643554687,81.91019819626852,3650.4713607480057,3322.8305679629316,0.4734628113507002,9.397005783905325,False,19.7608026485078,68.02707310392499,59551380.0,1.4673916876485482,12403625.772026667
2023-03-14,3391.007080078125,3439.312024238782,3381.3460912459936,3439.312024238782,124869200,3473.608642578125,74.66774027203537,3622.944123122196,3324.273162034054,0.22343624502676973,8.598290475995217,False,19.27238781361204,70.06872556665401,63354710.0,1.9709536986279315,12403625.772026667
2023-03-15,3400.668212890625,3448.9731590964575,3391.0072236494584,3439.3121698552914,97799600,3461.5323974609373,64.85328594073992,3591.238969342417,3331.8258255794576,0.26537740652830066,7.4941706151079535,False,18.63928963133291,69.20425081320248,66330700.0,1.4744243615701327,12403625.772026667
2023-03-16,3458.63427734375,3516.600214952863,3410.3293293361558,3429.6513085391935,109964600,3453.80361328125,54.154097375729975,3562.1118080327096,3345.49541852979,0.5223005474035702,6.271821265978852,True,17.697738428147005,72.54194733099074,69909630.0,1.5729535401632078,12403625.772026667
2023-03-17,3487.616943359375,3535.921887173217,3468.2949658338384,3477.9559545966067,151227200,3448.9731201171876,45.53027773955307,3540.0336755962935,3357.9125646380817,0.7121875000589818,5.280444486387409,True,17.10939469255681,72.88092322373903,76105380.0,1.987076340726503,12403625.772026667
2023-03-20,3477.956298828125,3526.26124742296,3468.295309109158,3487.617288547092,32195200,3446.074853515625,41.35793678797703,3528.790727091579,3363.358979939671,0.6927166088817578,4.800584844613501,True,16.563075509508767,71.81556715874353,74466310.0,0.4323458487469031,12403625.772026667
2023-03-21,3564.905029296875,3574.5660185361617,3468.2951369040056,3497.2781046218665,49801400,3449.456201171875,47.996310273853254,3545.4488217195812,3353.4635806241686,1.1013422045688628,5.565666873236136,True,16.762954173855015,74.27666104970157,73326970.0,0.6791689333406249,12403625.772026667
2023-03-24,3719.480712890625,3758.124668349229,3574.5658799208604,3584.226868785511,161637200,3464.4307250976562,76.54703974879615,3617.5248045952485,3311.336645600064,1.3329844910723017,8.83805113426113,False,18.729237708005677,82.77258804989104,76793810.0,2.1048206880216,12403625.772026667
2023-03-27,3671.17578125,3767.785670230263,3671.17578125,3738.8027035361843,99699200,3475.0578002929688,89.37819158364881,3653.8141834602666,3296.301417125671,1.048562175744753,10.287966039139123,False,20.62359868186693,83.76096668777475,79142560.0,1.2597419138324564,12403625.772026667
2023-03-28,3638.032470703125,3708.576036617036,3627.954818429709,3708.576036617036,77714200,3484.9938232421873,95.9959572169747,3676.9857376761365,3293.001908808238,0.8985549285034798,11.018206870469212,False,21.587791130623334,83.53669893774278,80364420.0,0.9670224708894807,12403625.772026667
2023-03-29,3708.576171875,3728.7314771569295,3638.0326033882475,3648.110256029212,67383200,3497.49091796875,107.91320724646664,3713.3173324616837,3281.6645034758167,0.9890162643024426,12.341785557417817,False,22.657452604842195,84.0482923317472,81327580.0,0.8285405762719117,12403625.772026667
2023-03-30,3769.042236328125,3789.197542404746,3728.7316241748827,3748.8869302515036,67522400,3516.39267578125,120.63771939351578,3757.6681145682815,3275.1172369942187,1.0235708239036365,13.722895082155539,False,24.13510892105316,83.80351220303282,79288030.0,0.8516090007533293,12403625.772026667
2023-03-31,3769.042236328125,3779.119889366435,3718.653971136572,3769.0422363281245,54065000,3531.9130737304686,132.22664757973303,3796.3663688899346,3267.4597785710025,0.9483384532128195,14.97507382763222,False,25.3144566101154,82.13654120494925,79581070.0,0.6793701064838661,12403625.772026667
2023-04-03,3769.042236328125,3789.197542404746,3738.809277213193,3769.0422363281245,29520600,3548.8826171875,139.96377638512206,3828.8101699577437,3268.955064417256,0.893243925011779,15.775531792149684,False,26.4938127070129,79.86880720399236,78578240.0,0.37568415887146367,12403625.772026667
2023-04-04,3769.042236328125,3779.119889366435,3708.5763180982617,3769.0422363281245,46922000,3568.2674194335937,142.36604194338486,3852.999503320363,3283.535335546824,0.8525679546783604,15.959122476978827,False,26.977785191008465,79.20271892286243,78174870.0,0.6002184589497879,12403625.772026667
2023-04-05,3758.96435546875,3809.3526176064006,3738.8090506136896,3769.04200789628,50698800,3586.1822265625,142.7088919820104,3871.600010526521,3300.764442598479,0.8026828365537838,15.917639759070775,False,27.71796453183252,78.58420807070877,78586600.0,0.6451328852501571,12403625.772026667
2023-04-06,3779.11962890625,3779.11962890625,3758.96432421875,3758.96432421875,46209000,3603.172607421875,144.5193939897084,3892.2113954012916,3314.1338194424584,0.8043657612778683,16.043571567126687,False,28.405273919740573,74.41071497190815,78632760.0,0.5876558319967403,12403625.772026667
2023-04-10,3758.96435546875,3779.1196603238104,3728.7313981861594,3769.04200789628,37676400,3619.6382568359377,142.45411916572792,3904.5464951673935,3334.730018504482,0.7445104772132344,15.74235976721634,False,28.39527972823986,72.69482548374692,78855520.0,0.47779026756782533,12403625.772026667
2023-04-11,3779.11962890625,3789.19728125,3748.886671875,3748.886671875,29357800,3631.7981567382812,145.28355514905326,3922.3652670363876,3341.231046440175,0.75350679231525,16.001280784781542,False,28.50472058998107,70.38166719026499,74714780.0,0.3929316261119955,12403625.772026667
2023-04-12,3769.042236328125,3789.197542404746,3769.0422363281245,3789.197542404746,46097000,3645.869421386719,144.20866129421663,3934.286743975152,3357.4520987982855,0.7135322764873796,15.821593658652361,False,28.606347483781402,66.79406996786187,73387260.0,0.6281335479754933,12403625.772026667
2023-04-13,3779.11962890625,3809.3525859375,3769.0419765625,3809.3525859375,39924200,3660.927587890625,141.44972239755506,3943.827032685735,3378.028143095515,0.7088940844355943,15.455069132253044,False,28.955989550897982,64.90239421122887,71014210.0,0.562200156841849,12403625.772026667
2023-04-14,3789.197265625,3829.5078748337764,3779.1196133228054,3799.274917927194,64999800,3680.8370971679688,128.9268894936377,3938.690876155244,3422.9833181806935,0.7101194112465938,14.010605315060948,False,29.527966388945387,63.86567044692474,68020740.0,0.9555879574376874,12403625.772026667
2023-04-17,3809.3525390625,3809.3525390624995,3779.1195824032734,3799.2748868427575,28538400,3701.2713134765627,113.66876741350215,3928.608848303567,3473.9337786495585,0.7377109122525308,12.284294534110693,False,30.059086897046996,61.46333374780341,64557680.0,0.4420604953585693,12403625.772026667
2023-04-18,3819.43017578125,3859.7407844966197,3789.1972192447233,3809.352523602408,57641400,3719.3111083984377,101.06571245381451,3921.4425333060667,3517.1796834908087,0.7476583426564306,10.869293749114108,False,31.142834681330633,62.11192171238147,61941520.0,0.9305777449439406,12403625.772026667
2023-04-26,3859.7412109375,3859.7412109375,3799.2752911839098,3849.663557645235,93228000,3737.9173217773437,89.79095327249891,3917.4992283223414,3558.335415232346,0.8391875370518772,9.608661245594822,False,32.149176586088565,61.99435014389638,59041560.0,1.5790233184895521,12403625.772026667
2023-04-27,3829.508056640625,3869.818667763158,3819.430403859992,3849.6633622018917,26137000,3755.494909667969,67.98435882072378,3891.4636273094166,3619.526192026521,0.7721697617529583,7.241054556693248,True,33.19913676555325,61.1653439838442,58738650.0,0.4449710710069094,12403625.772026667
2023-04-28,3799.275146484375,3859.7410639350546,3799.2751464843745,3859.7410639350546,46132800,3767.213415527344,51.637056708765236,3870.487528944874,3663.9393021098135,0.6552263674605839,5.482785392081311,True,33.546954105144735,61.11538494576105,58555220.0,0.7878511941377728,12403625.772026667
2023-05-02,3849.66357421875,3849.66357421875,3799.275307540494,3809.352960876145,28908400,3773.72255859375,53.475801602413604,3880.674161798577,3666.7709553889226,0.8550251391723527,5.6682282040724274,True,33.86992734905112,60.349173716376335,51918780.0,0.5568004487008362,12403625.772026667
2023-05-03,3819.43017578125,3849.663132317777,3789.1972192447233,3849.663132317777,30178200,3781.1352783203124,48.5624623464577,3878.260203013228,3684.010353627397,0.6971424821281271,5.137341964451545,True,33.83934765441169,60.357543806208504,48442730.0,0.6229665421416175,12403625.772026667
2023-05-04,3748.88671875,3799.2749810987902,3738.8090662802415,3789.197328629032,44453400,3786.6779907226564,36.09568064610533,3858.869352014867,3714.4866294304456,0.23825627266060442,3.812912609367857,True,32.354017517186755,61.80494135583707,46779690.0,0.9502713677666526,12403625.772026667
2023-05-05,3728.7314453125,3758.964402977196,3688.4208350929052,3748.886750422297,54129200,3787.685754394531,34.02217645974217,3855.7301073140156,3719.6414014750467,0.06679499067475438,3.5929249326208423,True,30.252557329783187,62.42912896501235,46116990.0,1.1737366207118027,12403625.772026667
2023-05-08,3688.420654296875,3748.8865666623974,3688.420654296875,3738.808914601477,33599400,3783.654675292969,40.5057817102068,3864.6662387133824,3702.6431118725554,-0.08778041661702227,4.282185895526566,True,28.301205228220038,62.28889920790593,44420840.0,0.7563882177824642,12403625.772026667
2023-05-09,3678.343017578125,3698.4983217840327,3648.1100612692635,3678.343017578125,36728200,3779.1197143554687,46.813939192238905,3872.7475927399464,3685.491835970991,-0.03817676164523175,4.9550099208987906,True,27.29306389982836,61.43885358696759,43554000.0,0.8432796069247371,12403625.772026667
2023-05-10,3708.576171875,3738.809129797894,3698.4985192340355,3718.6538245159645,35383600,3776.0964111328126,49.38110747088896,3874.8586260745906,3677.3341961910346,0.15816765400807928,5.230915961287638,True,25.45161256439551,61.36937206073912,43847150.0,0.806976052035309,12403625.772026667
2023-05-11,3688.420654296875,3688.420654296875,3648.1100460531934,3688.420654296875,38690600,3772.06533203125,53.13521317608751,3878.335758383425,3665.794905679075,0.10645364563994264,5.634601577536761,True,24.656186747037886,61.30485447224394,43435580.0,0.8907582217159297,12403625.772026667
2023-05-12,3627.955078125,3688.42099609375,3617.8774251302084,3678.3433430989585,50498800,3765.5148681640626,62.146526711018744,3889.8079215861003,3641.221814742025,-0.053368777464890244,6.601649855263419,True,24.391823033076022,61.96476279305092,43425580.0,1.162881416897598,12403625.772026667
2023-05-15,3587.644287109375,3638.032549568776,3567.4889821256143,3627.954897076896,78164000,3755.9411010742188,73.6282763998687,3903.1976538739564,3608.684548274481,-0.07144083154560854,7.841259957863635,False,24.835726094825535,62.57753455377314,45023330.0,1.7360777179297933,12403625.772026667
2023-05-16,3527.17822265625,3617.877091238839,3507.022918526786,3607.799439174107,101617400,3744.3517944335936,89.63035568184505,3923.6125057972836,3565.0910830699036,-0.10574782428686982,9.574993013753756,False,25.92344706706498,66.02586585079315,48220380.0,2.107353778630529,12403625.772026667
2023-05-17,3527.17822265625,3557.4111788504465,3486.867614397321,3517.1005705915177,101667400,3731.7547241210937,101.41635051630597,3934.5874251537057,3528.9220230884816,-0.004298617588174957,10.87063411330622,False,27.133151766103232,66.34855860810259,51835860.0,1.9613333317900001,12403625.772026667
2023-05-19,3557.411376953125,3587.6443348309135,3527.1784190753365,3547.3337243271953,96444800,3721.1731811523437,108.1388264641996,3937.450834080743,3504.8955282239444,0.12140840262069617,11.624164874875511,False,27.541489683597845,65.92838386285695,54353250.0,1.774407234158031,12403625.772026667
2023-05-22,3567.489013671875,3577.566666252869,3537.2560559288927,3557.4113610908807,88480000,3710.591650390625,112.43893469080926,3935.4695197722435,3485.7137810090067,0.18182143242404952,12.12086322449116,False,27.920660606985702,64.09854289579403,56781040.0,1.5582666326647063,12403625.772026667
2023-05-23,3607.7998046875,3627.9551108589385,3557.4115392589038,3557.4115392589038,107289400,3701.52177734375,113.0788815288808,3927.6795404015115,3475.364014285988,0.29279514576664606,12.219718086870468,False,27.140894750871873,64.55890208895408,58895520.0,1.8216903424912456,12403625.772026667
2023-05-24,3557.411376953125,3607.799640082773,3547.3337243271953,3587.6443348309135,133024800,3688.9247192382813,114.45901412578394,3917.842747489849,3460.0066909867137,0.21275014185289332,12.411097849610575,False,26.565314009731907,64.26655767976484,64119840.0,2.074627759520298,12403625.772026667
2023-05-25,3627.955078125,3638.0327311197916,3547.3338541666667,3557.4115071614583,74127200,3679.350964355469,110.92172196671262,3901.194408288894,3457.507520422044,0.3841618095193907,12.058835706763654,False,25.3940677207449,66.15458048500486,64944130.0,1.1413995383416484,12403625.772026667
2023-05-26,3607.7998046875,3658.1880701160962,3607.7998046875,3627.9551108589385,43538600,3666.7538940429686,103.40878092001232,3873.571455882993,3459.936332202944,0.3574732028775435,11.28068955901413,False,23.90510717647602,65.02841512383281,62459660.0,0.6970675152570475,12403625.772026667
2023-05-29,3648.1103515625,3648.1103515625,3607.799739943025,3627.9550457527625,27492000,3657.6840087890623,96.07769644212482,3849.839401673312,3465.528615904813,0.47508876258203875,10.50694332383654,False,22.522502159822313,63.2628577306644,62527410.0,0.4396791743013184,12403625.772026667
2023-05-30,3638.032470703125,3668.2654275233726,3617.8771661562932,3638.032470703125,41695200,3649.621875,90.15358940500347,3829.9290538100067,3469.314696189993,0.4678620552621291,9.880869031672326,False,21.005927867037432,62.343243704694046,62305530.0,0.6692054461297416,12403625.772026667
2023-05-31,3648.1103515625,3678.3433102771064,3638.0326986576315,3668.265657372238,278133800,3639.5442138671874,76.9073749691064,3793.3589638054,3485.729463928975,0.5278456315104814,8.452418264471481,False,19.80353439826307,60.76950055250029,74766800.0,3.7200174408962265,12403625.772026667
2023-06-05,3627.955078125,3678.3433430989585,3627.955078125,3648.110384114583,53155600,3629.970458984375,64.2045888221137,3758.3796366286024,3501.5612813401476,0.4921525046092934,7.074943396655345,False,18.460205859035806,60.027983725461596,75915670.0,0.7001927270087981,12403625.772026667
2023-06-06,3708.576171875,3728.7314771569295,3597.7219928243885,3627.9549507472825,82211400,3627.954931640625,60.81849162334855,3749.591914887322,3506.317948393928,0.8314010183517275,6.705539927514521,False,18.209904540469886,65.09809091168155,77803570.0,1.056653312952092,12403625.772026667
2023-06-07,3688.420654296875,3728.7312625405566,3658.187698114114,3718.6536104796364,62411600,3625.9393920898438,57.90093147978891,3741.7412550494214,3510.137529130266,0.7697765848069356,6.387413050102538,True,17.977481887515818,65.48705330559305,78217690.0,0.7979218000429315,12403625.772026667
2023-06-08,3708.576171875,3708.576171875,3658.1879086701765,3688.4208665930705,34322400,3626.94716796875,59.2063547710136,3745.359877510777,3508.5344584267227,0.8446800779323365,6.529607631883071,True,17.7616608526299,64.40856829839522,78253840.0,0.43860339633173273,12403625.772026667
2023-06-09,3718.65380859375,3718.6538085937495,3688.420850800305,3708.5761559959346,35863800,3628.9627075195312,61.682456366282786,3752.327620252097,3505.5977947869656,0.8635194930533202,6.798907714148878,False,17.767924323986993,61.96745326232733,78210620.0,0.45855409406037184,12403625.772026667
2023-06-12,3748.88671875,3748.8867187499995,3698.4984564012093,3728.7314138104834,34347200,3630.978234863281,64.99068791500541,3760.959610693292,3500.9968590332705,0.9535591469693293,7.1595789025656265,False,18.35484917920465,61.140368197074686,78158800.0,0.43945403460646787,12403625.772026667
2023-06-13,3678.343017578125,3748.8865822988014,3668.265365475171,3748.8865822988014,40190000,3630.4743530273436,64.55952534831496,3759.5934037239736,3501.3553023307136,0.6853663897485223,7.113067777986724,False,18.03260597323548,62.53186713119998,78233770.0,0.5137167747380703,12403625.772026667
2023-06-14,3617.876953125,3668.2652115250694,3607.7993014449858,3668.2652115250694,91447800,3629.9704467773436,64.61952746202189,3759.209501701387,3500.7313918533,0.4532126969689961,7.1206670588065455,False,17.153505765752183,63.104142059909925,80281220.0,1.1390933022691982,12403625.772026667
2023-06-15,3668.265869140625,3668.265869140625,3607.7999482207247,3617.8776017073747,35271200,3634.0015258789062,64.35429354922108,3762.710112977348,3505.2929387804643,0.6331082254656089,7.083573640895101,False,16.3371832265961,62.915697692766386,78136580.0,0.451404451026651,12403625.772026667
2023-06-16,3638.032470703125,3658.1877752499568,3607.7995138828774,3658.1877752499568,53221000,3639.54423828125,59.240199747095936,3758.0246377754415,3521.063838787058,0.4936201785924982,6.510727263485237,True,15.579179083081666,62.74074466169362,75716760.0,0.7028958978170751,12403625.772026667
2023-06-19,3648.1103515625,3648.1103515625,3607.799739943025,3638.0326986576315,28209000,3645.5908447265624,53.01174244034073,3751.6143296072437,3539.567359845881,0.5118818337219015,5.816532320627636,True,14.875318092675407,61.13859230153514,72043840.0,0.3915532542407512,12403625.772026667
2023-06-20,3658.187744140625,3658.187744140625,3627.9547875774792,3648.11009195291,27112200,3650.6296630859374,48.81216491145826,3748.253992908854,3553.005333263021,0.5387100278608693,5.348355699295613,True,13.941540325723413,58.93104689165018,68577210.0,0.3953529168072017,12403625.772026667
2023-06-21,3668.265869140625,3668.265869140625,3627.955255194025,3658.188215653975,21594600,3655.668505859375,44.815875284397485,3745.3002564281696,3566.03675529058,0.5702728843367918,4.9037132565565695,True,13.096377401440943,57.60101596700373,65232940.0,0.33103827606114333,12403625.772026667
2023-06-22,3648.1103515625,3718.653921896582,3648.1103515625,3668.265657372238,41779600,3657.684033203125,43.43492228710579,3744.5538777773368,3570.8141886289136,0.4448964039964033,4.74999173168807,True,13.51021203093323,58.52548413608074,61957450.0,0.674327300429569,12403625.772026667
2023-06-23,3638.032470703125,3668.2654275233726,3638.032470703125,3658.1877752499568,22346200,3661.715087890625,36.886630930773876,3735.488349752173,3587.941826029077,0.33949051058670965,4.0294375772444795,True,13.592096335650659,56.50458932780695,56423520.0,0.39604406105822537,12403625.772026667
2023-06-26,3678.343017578125,3678.343017578125,3617.8771049604024,3638.03240916631,27723200,3664.234484863281,36.173303511116515,3736.581091885514,3591.887877841048,0.5975065265362631,3.948797890587637,True,13.084772523514472,56.787540991372346,54103320.0,0.5124121772933713,12403625.772026667
2023-06-27,3688.420654296875,3698.4983063577956,3658.187698114114,3678.343002235955,33973200,3668.26552734375,33.97891098823381,3736.2233493202175,3600.3077053672823,0.6482914428901533,3.705174637435635,True,13.089548855333955,55.61061722368015,53625050.0,0.6335322764267819,12403625.772026667
2023-07-03,3718.65380859375,3728.731461191565,3688.420850800305,3708.5761559959346,63091600,3671.7927001953126,35.40791634428919,3742.608532883891,3600.9768675067344,0.830866040963715,3.8572892573598354,True,13.734239547557275,54.51777362875227,55405030.0,1.138734154642638,12403625.772026667
2023-07-04,3668.265869140625,3718.6541365738753,3648.110562167325,3718.6541365738753,31937600,3673.3043701171873,34.525103589850545,3742.3545772968882,3604.2541629374864,0.4635156708259413,3.7595690540339324,True,13.207077511317147,55.662473684309276,54917150.0,0.5815596767130122,12403625.772026667
2023-07-05,3688.420654296875,3688.420654296875,3658.187698114114,3678.343002235955,16724200,3675.3198852539062,34.151512435529376,3743.622910124965,3607.0168603828474,0.5959018218278044,3.7168478937087226,True,12.717569906237028,53.846079577055825,41846670.0,0.3996542616174716,12403625.772026667
2023-07-06,3668.265869140625,3708.5764830872254,3658.188215653975,3688.4211761139254,48292600,3677.3354248046876,32.35109729400758,3742.0376193927027,3612.6332302166725,0.42991307542339097,3.51897159837964,True,12.728816489264139,53.599092995355434,41603520.0,1.160781587711809,12403625.772026667
2023-07-07,3658.187744140625,3688.4207007037708,3658.187744140625,3668.26539632834,24713400,3674.8160034179687,31.746509249651194,3738.309021917271,3611.3229849186664,0.36905442779093584,3.455575377937127,True,12.739245600832774,51.930083250197605,38728620.0,0.6381172373299127,12403625.772026667
2023-07-10,3648.1103515625,3678.3433102771064,3648.1103515625,3658.188004467369,19832600,3672.80048828125,32.11479035501744,3737.030068991285,3608.5709075712152,0.30779777443812034,3.497580710685011,True,12.436017744128097,50.380288640512525,36599670.0,0.541879202735981,12403625.772026667
2023-07-11,3617.876953125,3658.1875598450556,3617.876953125,3638.0322564850276,46162800,3668.26552734375,33.18307526337016,3734.6316778704904,3601.8993768170094,0.1203744392373101,3.618394035657354,True,11.804487977793766,49.661025646194176,37191690.0,1.2412127547847382,12403625.772026667
2023-07-12,3607.7998046875,3638.0327639446577,3597.7221516017808,3627.9551108589385,83926600,3662.7228271484373,33.579369774553314,3729.881566697544,3595.564087599331,0.09109549382789121,3.6671483330007804,False,11.72810366644473,48.99313898167153,39594830.0,2.1196353160248447,12403625.772026667
2023-07-13,3587.644287109375,3638.032549568776,3577.5666346174944,3617.877244585016,115995200,3654.6607055664062,31.065738688576488,3716.792182943559,3592.5292281892534,-0.039311322425392314,3.4001228777555452,True,12.128206968200729,49.81262297950083,43677230.0,2.6557361810719224,12403625.772026667
2023-07-14,3597.72216796875,3617.87747423188,3587.644514837185,3597.72216796875,43596800,3650.6296630859374,33.001340783786624,3716.6323446535107,3584.626981518364,0.09920192740183655,3.6159615002843175,False,12.499731462688445,48.414091846858284,43847570.0,0.9942808689284264,12403625.772026667
2023-07-17,3607.7998046875,3638.0327639446577,3607.7998046875,3607.7998046875,60019400,3650.1258056640627,33.599232989082395,3717.3242716422274,3582.927339685898,0.18506720830267168,3.6819808168743022,False,12.183354152102599,47.83527071321896,42276150.0,1.4196988136336919,12403625.772026667
2023-07-18,3587.644287109375,3627.954897076896,3587.644287109375,3607.7995920931353,65080800,3646.0947265625,36.05489015313943,3718.204506868779,3573.984946256221,0.09471212361996721,3.955452927810424,False,12.403919229390524,47.29779494566911,43766630.0,1.486995914467255,12403625.772026667
2023-07-20,3648.1103515625,3648.1103515625,3597.722087038156,3597.722087038156,62532400,3646.5986206054686,36.00667450232538,3718.6119696101196,3574.5852716008176,0.5104961856234029,3.9496175201587795,False,11.968211396737033,48.2383856247731,44232200.0,1.4137302688991278,12403625.772026667
2023-07-21,3648.1103515625,3648.1103515625,3627.9550457527625,3648.1103515625,19578200,3646.5986206054686,36.00667450232538,3718.6119696101196,3574.5852716008176,0.5104961856234029,3.9496175201587795,False,11.563625552130219,46.23245135227056,43800660.0,0.4469841322025741,12403625.772026667
2023-07-24,3638.032470703125,3658.1877752499568,3627.954818429709,3627.954818429709,37485400,3645.590856933594,35.94725006178189,3717.4853570571577,3573.69635681003,0.4474341832999856,3.944189183315884,False,10.860202254040203,45.089630314268916,44319320.0,0.8458026883083947,12403625.772026667
2023-07-25,3638.032470703125,3678.3430797967885,3638.032470703125,3648.110122976541,45959000,3644.0791870117187,35.577314665866474,3715.2338163434515,3572.924557679986,0.45751002875439756,3.9052186124463617,False,10.579912443017449,44.74827165565425,45537540.0,1.00925522107694,12403625.772026667
2023-07-26,3607.7998046875,3648.110417030377,3597.7221516017808,3638.0327639446577,104007400,3642.0636596679688,36.46761890439759,3714.998897476764,3569.1284218591736,0.26510767627649434,4.0051599655698675,False,10.511451704873256,45.15112835372154,48648930.0,2.137917524599205,12403625.772026667
2023-07-27,3587.644287109375,3607.7995920931353,3587.644287109375,3597.721939601255,85572800,3639.5442504882812,38.447590106860865,3716.439430702003,3562.6490702745596,0.16252785132529754,4.225538964303315,False,10.706231732861738,43.36572758403607,51810260.0,1.6516574130297743,12403625.772026667
2023-07-28,3577.56689453125,3597.7222009793136,3547.3339348591553,3587.644547755282,81248000,3634.5054443359377,39.67909663816385,3713.8636376122654,3555.14725105961,0.141256009909236,4.366932144784682,False,11.798340883472447,43.86733747947338,54486500.0,1.4911583603277876,12403625.772026667
2023-07-31,3577.56689453125,3607.799854203345,3557.411588083187,3587.644547755282,65017400,3628.962756347656,39.49344001251173,3707.9496363726794,3549.9758763226328,0.17465570357935592,4.35313809086975,False,12.469731054490486,44.33311809666516,56038710.0,1.160222995854116,12403625.772026667
2023-08-01,3496.945556640625,3567.489126947496,3476.7902508386614,3557.4114740465147,136286600,3617.87734375,43.866563811948105,3705.610471373896,3530.144216126104,-0.18920253035887705,4.849978000246905,False,14.483638291226905,48.36479849637398,59698460.0,2.282916510744163,12374239.80200691
2023-08-02,3577.56689453125,3577.56689453125,3507.0233219630286,3507.0233219630286,66452600,3613.342395019531,43.064117813535695,3699.4706306466023,3527.21415939246,0.2923125893163174,4.767233558922429,False,16.030324526142444,50.66883702453477,61424210.0,1.0818633239239055,12656414.484624097
2023-08-03,3607.7998046875,3627.9551108589385,3567.489192344623,3577.5668454303423,82168800,3609.3113525390627,39.27288862627891,3687.8571297916205,3530.765575286505,0.4903779177924332,4.352396874672661,False,16.030269901529255,51.36862855951911,64696440.0,1.2700667919285822,12762229.670170972
2023-08-04,3627.955078125,3648.110384114583,3597.722119140625,3607.799772135417,56224800,3607.2958129882813,37.060080184517844,3681.415973357317,3533.1756526192457,0.6393633326874807,4.109458398291684,False,15.534447756996808,51.29860258912189,65093050.0,0.8637604168186926,12789618.873644557
2023-08-07,3627.955078125,3648.110384114583,3627.955078125,3627.955078125,35042800,3605.7841796875,35.45691024419191,3676.698000175884,3534.870359199116,0.6563228316060883,3.9333369361296437,False,15.074041479930965,49.07408140344056,65609520.0,0.5341115130852961,12789618.873644557
2023-08-08,3597.72216796875,3638.0327804950102,3587.644514837185,3627.955127363445,28001600,3603.2647705078125,34.053518214018034,3671.371806935849,3535.157734079776,0.4593096188752908,3.780295968560638,False,15.437747591293906,49.16795170732518,66017970.0,0.42415118186760364,12789618.873644557
2023-08-09,3658.187744140625,3668.26539632834,3597.721831014334,3597.721831014334,67682000,3605.280310058594,36.0956106899394,3677.4715314384725,3533.089088678715,0.866439527346587,4.004749432573548,False,15.006449987543299,50.69478125065953,67093930.0,1.008764876345744,12789618.873644557
2023-08-10,3668.265869140625,3678.3435226272754,3648.110562167325,3668.265869140625,47185600,3608.30361328125,38.75224588580345,3685.8081050528567,3530.799121509643,0.8868308435340377,4.295896358961172,False,14.36245065636505,49.23322262275173,65256880.0,0.7230747164130433,12789618.873644557
2023-08-11,3668.265869140625,3678.3435226272754,3648.110562167325,3668.265869140625,33962600,3612.3346923828126,40.637464603160325,3693.6096215891334,3531.0597631764917,0.8440862840730876,4.4998559727979845,False,13.76445127741382,47.87606103969449,61155250.0,0.5553505218276436,12789618.873644557
2023-08-14,3708.576171875,3728.7314771569295,3668.2655613111415,3678.343213952106,90433400,3617.877392578125,45.77469598282395,3709.426784543773,3526.3280006124774,0.9953543510748155,5.0609449702997855,False,13.512015851459525,48.775336382986886,63497080.0,1.4242135228895565,12789618.873644557
2023-08-15,3668.265869140625,3718.6541365738753,3668.265869140625,3708.5764830872254,48732000,3620.9006958007812,47.053030887976476,3715.0067575767343,3526.794634024828,0.7516584609215203,5.197936628590199,False,13.27761152735911,48.89054574371999,62932710.0,0.7743508900220569,12789618.873644557
2023-08-16,3668.265869140625,3678.3435226272754,3607.7999482207247,3668.265869140625,54525000,3624.931774902344,47.50526040187783,3719.9422957060997,3529.921254098588,0.7280489248542678,5.242058427779119,False,12.98100290887756,50.4371906482079,62404920.0,0.8737291867371996,12789618.873644557
2023-08-18,3648.1103515625,3658.188004467369,3617.8773928478936,3658.188004467369,51664400,3624.931774902344,47.50526040187783,3719.9422957060997,3529.921254098588,0.6219790001363713,5.242058427779119,False,12.705580620287549,50.43371105138815,61861520.0,0.8351621492650035,12789618.873644557
2023-08-21,3678.343017578125,3678.343017578125,3648.1100612692635,3658.1877133722173,35954600,3626.443408203125,48.74642187927542,3723.9362519616757,3528.950564444574,0.7661713792221195,5.376774585149686,False,11.954360891918524,48.99079999835053,62680340.0,0.5736184583555226,12789618.873644557
2023-08-22,3668.265869140625,3688.4211761139254,3658.188215653975,3678.3435226272754,30726000,3627.955078125,49.586271564022724,3727.1276212530456,3528.7825349969544,0.7032356423671526,5.467131813511869,False,11.185736207085343,47.65095431703624,62342370.0,0.4928590299021356,12789618.873644557
2023-08-23,3658.187744140625,3678.3430485160557,3658.187744140625,3668.26539632834,27342600,3628.962841796875,50.004903299403175,3728.9726483956815,3528.953035198069,0.6461101832792597,5.511756992765824,False,10.472001232076497,45.68697932120727,61411550.0,0.4452354646642203,12789618.873644557
2023-08-24,3678.343017578125,3688.420669681079,3658.1877133722173,3658.1877133722173,28494200,3632.4900024414064,50.9132529028892,3734.3165082471846,3530.6634966356282,0.7251526494691749,5.606430065180652,False,10.07012253287255,44.58312053461114,57635890.0,0.49438292702689246,12789618.873644557
2023-08-25,3668.265869140625,3678.3435226272754,3648.110562167325,3668.265869140625,27453200,3636.5210815429687,50.364361659439844,3737.249804861848,3535.792358224089,0.6575756475000734,5.5398399217386345,False,9.4102610475978,43.5581091007068,54729910.0,0.5016123724669016,12789618.873644557
2023-08-28,3668.265869140625,3688.4211761139254,3658.188215653975,3668.265869140625,21944400,3641.0560302734375,48.83680113427253,3738.7296325419825,3543.3824280048925,0.6392896250123776,5.365124922903746,False,9.078005630683158,42.606312769224196,51764730.0,0.4239257115800662,12789618.873644557
2023-08-29,3688.420654296875,3708.575958418716,3668.265350175034,3668.265350175034,49788000,3646.5987182617187,47.524918231011796,3741.648554723742,3551.548881799695,0.7200000420403986,5.213068056324681,False,9.30405518731359,42.442333874542584,51003260.0,0.9761728956149077,12789618.873644557
2023-08-30,3708.576171875,3748.8867824388585,3698.4985192340355,3698.4985192340355,83251800,3657.1802490234377,34.12014323440775,3725.4205354922533,3588.939962554622,0.8765805033295778,3.7318525105257003,False,10.421327556906165,43.72974775078837,48351520.0,1.721803161513847,12789618.873644557
2023-08-31,3698.49853515625,3728.7314932092986,3698.4985351562505,3708.5761878405997,64007200,3663.2268310546874,29.697767754703282,3722.622366564094,3603.8312955452807,0.7969221827790108,3.242798671700384,True,11.458794757242128,42.76569134380693,48229250.0,1.3271448343069818,12789618.873644557
2023-09-01,3698.49853515625,3718.6538405249494,3698.4985351562505,3708.5761878405997,16703400,3667.761767578125,27.64227850262743,3723.04632458338,3612.47721057287,0.7779869211505442,3.014620932796308,True,12.422157157554093,41.15066377415639,44955980.0,0.3715501252558614,12789618.873644557
2023-09-04,3809.3525390625,3839.585495721726,3708.576016865079,3728.731321304563,146903600,3676.831640625,40.61108077859866,3758.0538021821976,3595.6094790678026,1.3157927337613224,4.418051708420955,False,15.201907146945441,48.288970687822086,49489920.0,2.968353959755845,12789618.873644557
2023-09-05,3879.896240234375,3910.129197950487,3809.3526722301135,3809.3526722301135,100659200,3689.4286987304686,59.38657191502768,3808.201842560524,3570.6555549004133,1.3018123262630568,6.438565616997832,False,18.412010427965754,52.03809127354816,52770740.0,1.9074813049807526,12789618.873644557
2023-09-06,3859.7412109375,3900.0518241065597,3859.7412109375,3900.0518241065597,60567600,3702.529650878906,66.55907492341709,3835.64780072574,3569.411501032072,1.0904963381758301,7.190659489532217,False,21.392820617484613,51.2004142660847,54399040.0,1.1133946481408497,12789618.873644557
2023-09-07,3829.508056640625,3859.741014982525,3789.197445518092,3859.741014982525,52556600,3711.095666503906,71.40023477825325,3853.8961360604126,3568.2951969473997,0.9146078458441722,7.695865716716151,False,22.17667344467815,52.58208220560778,53642770.0,0.9797517913411258,12789618.873644557
2023-09-08,3779.11962890625,3829.507890625,3769.0419765625,3829.507890625,49974400,3716.6383544921873,72.19867221312589,3861.0356989184393,3572.2410100659354,0.7163518818934158,7.770319878000683,False,22.42551045736395,53.145224910787576,53782210.0,0.9291994508964954,12789618.873644557
2023-09-11,3809.3525390625,3829.507843501984,3748.8866257440473,3779.1195824032734,54934600,3723.6926879882812,74.09136158803014,3871.8754111643416,3575.509964812221,0.7890345420783087,7.958912595234373,False,22.1921769867595,55.1077958284411,54830810.0,1.0018929138562789,12789618.873644557
2023-09-12,3748.88671875,3809.3526335685483,3748.8867187499995,3809.3526335685483,53087200,3725.708215332031,74.20669940480514,3874.1216141416417,3577.2948165224207,0.5780876376522546,7.966989910742865,False,21.975510192626796,55.49051861344879,52963500.0,1.002335570723234,12789618.873644557
2023-09-13,3769.042236328125,3779.119889366435,3738.809277213193,3758.964583289814,44955600,3730.747033691406,73.51923161397858,3877.785496919363,3583.708570463449,0.6302217181682216,7.882521216265315,False,21.526401623862647,54.40623958057687,52774680.0,0.8518403143325549,12789618.873644557
2023-09-14,3809.3525390625,3829.507843501984,3769.0419301835313,3789.1972346230154,57207600,3737.8013671875,73.97585952423078,3885.7530862359617,3589.8496481390384,0.7418058145426594,7.9165105105511575,False,21.925873952342574,54.83907341899658,52908810.0,1.0812490396211898,12789618.873644557
2023-09-15,3819.43017578125,3839.585480138935,3799.2748714235654,3809.352523602408,73345200,3746.3673583984373,72.95542548804694,3892.2782093745313,3600.4565074223433,0.7503680051690715,7.789457734250095,False,22.444518474555114,53.80132594016608,53992850.0,1.3584243098854756,12789618.873644557
2023-09-18,3769.042236328125,3829.508154557988,3769.0422363281245,3819.4305015196774,32816000,3750.9023193359376,71.30472405760453,3893.5117674511466,3608.2928712207286,0.5635999831425363,7.604007567995357,False,22.15127360212473,54.27736824657302,53835920.0,0.6095558504433471,12789618.873644557
2023-09-19,3809.3525390625,3839.585495721726,3769.0419301835313,3779.1195824032734,26575600,3757.956652832031,69.65905036201171,3897.2747535560543,3618.638552108008,0.684455163985761,7.4145666698434,False,22.049648660253002,55.43923948168886,53628400.0,0.4955508648402712,12789618.873644557
2023-09-20,3859.7412109375,3900.0518241065597,3809.352944476175,3809.352944476175,82221800,3768.034326171875,69.04245596113697,3906.119238094149,3629.949414249601,0.8320669995330323,7.329280997424509,False,22.855635984308996,57.957814164715344,56372360.0,1.4585481253578882,12789618.873644557
2023-09-21,3869.818603515625,3900.051561355591,3849.663298288981,3859.7409509023028,56156800,3777.60810546875,69.22606637691025,3916.0602382225707,3639.1559727149297,0.8330049751231815,7.33014801368023,False,23.604052785218137,57.4171319434221,57755490.0,0.9723196877041472,12789618.873644557
2023-09-22,3930.2841796875,3980.6724384014424,3869.818269230769,3889.973572716346,93225000,3790.709020996094,72.17460418461306,3935.05822936532,3646.3598126268676,0.9834635404940748,7.615947706336758,False,25.238799758710986,61.23406317394004,61044080.0,1.5271751167353165,12789618.873644557
2023-09-25,4051.216064453125,4051.216064453125,3930.2842416336284,3930.2842416336284,110954800,3809.8565307617187,87.21218768788441,3984.2809061374874,3635.43215538595,1.191874438912098,9.156479986446913,False,27.356120061854092,65.49819328763182,65494600.0,1.6941060789744498,12789618.873644557
2023-09-26,4020.983154296875,4071.3714143757834,4010.9055022810935,4061.293762360002,127165000,3826.484655761719,94.25922716163977,4015.0031100849983,3637.9662014384394,1.0158606334678033,9.853349550973284,False,29.47054128763068,65.13874463099312,69363450.0,1.833314231053963,12789618.873644557
2023-09-27,4081.44921875,4121.759828317901,4010.9056520061727,4020.983304398148,92088000,3845.128308105469,105.87083454805367,4056.869977201576,3633.3866390093617,1.058040634262847,11.01350343236969,False,31.772914711355977,68.40413260818852,69805260.0,1.319212907451387,12789618.873644557
2023-09-29,4162.0703125,4202.380920853511,4091.5267478813557,4101.604399969734,76949400,3868.3068969726564,121.64898657226448,4111.604870117186,3625.0089238281275,1.1037111853637096,12.579041923221476,False,34.347552376912574,72.15610185785444,70452370.0,1.0922187571546564,12789618.873644557
2023-10-02,4151.9931640625,4232.614390549151,4151.9931640625,4162.070817373331,52562400,3890.9816284179688,130.28939291506993,4151.560414248109,3630.4028425878287,1.0008303627116315,13.393986953163209,False,36.877522792566836,72.76075361705418,72245320.0,0.727554393834784,12789618.873644557
2023-10-03,4202.380859375,4212.458511315947,4162.0702516112115,4172.147903552158,49593400,3910.6330444335936,146.01978993500742,4202.672624303608,3618.593464563579,0.999500470229518,14.935667783286629,False,39.226781035674364,71.88251030536797,67379810.0,0.7360276023336961,12789618.873644557
2023-10-04,4182.22607421875,4222.536686982304,4131.837808264307,4212.459033791415,57958800,3925.7495361328124,157.8409689779815,4241.431474088776,3610.0675981768495,0.9062261840931096,16.082632631063667,False,40.61233320045073,73.22653662055578,65244790.0,0.8883284013941957,12789618.873644557
2023-10-05,4182.22607421875,4192.303727409639,4172.148421027861,4192.303727409639,69727000,3941.873779296875,166.95176572755665,4275.777310751988,3607.9702478417616,0.8599127776134137,16.9413608933299,False,41.89891735345735,69.43573446064303,65702760.0,1.0612491773557153,12789618.873644557
2023-10-06,4192.30322265625,4212.458526611328,4172.147918701172,4212.458526611328,41840100,3960.013537597656,173.67434488605915,4307.362227369775,3612.664847825538,0.8343753581033941,17.54280314823558,False,43.23633602932182,67.3553682784654,65166935.0,0.6420449266180771,12789618.873644557
2023-10-09,4111.68212890625,4192.303347120098,4071.3715197993256,4192.303347120098,55808900,3976.6416625976562,171.3481601774886,4319.337982952634,3633.945342242679,0.6970264316942675,17.235463963384536,False,42.11032678108943,71.18225821005875,65458660.0,0.8525823779466307,12789618.873644557
2023-10-10,4192.30322265625,4192.30322265625,4151.992614746094,4172.147918701172,27090900,3995.789196777344,173.05845441695024,4341.906105611244,3649.6722879434433,0.7838838855648227,17.32408251731839,False,41.06474676487363,71.85646074862599,64066475.0,0.42285610375785465,12789618.873644557
2023-10-11,4172.14794921875,4192.303253321256,4151.992645116244,4192.303253321256,63713600,4016.952258300781,167.0517437493439,4351.055745799469,3682.8487708020934,0.7322569154842752,16.63467554578394,False,40.09385141285392,69.60318556693933,64597795.0,0.9863123036939574,12789618.873644557
2023-10-12,4293.08056640625,4373.701797700264,4192.304027288732,4192.304027288732,71485100,4043.1541748046875,167.21811657035136,4377.59040794539,3708.7179416639847,0.8736532810074056,16.543333184016333,False,40.834217492422354,79.0282329179804,65924270.0,1.0843517872856234,12789618.873644557
2023-10-13,4172.14794921875,4333.390382038799,4172.14794921875,4313.235077936292,49138900,4061.2939453125,160.04460482820542,4381.383154968911,3741.2047356560893,0.673161107219519,15.762917630025491,False,41.129006289573915,84.90067576812814,65520835.0,0.7499736534187942,12789618.873644557
2023-10-16,4192.30322265625,4252.769134521484,4151.992614746094,4192.30322265625,35029400,4079.93759765625,151.89762262816495,4383.73284291258,3776.14235239992,0.684936444454867,14.892151557947717,False,41.01073031950862,86.03466462578974,63605045.0,0.5507330432672439,12789618.873644557
2023-10-17,4192.30322265625,4212.458526611328,4151.992614746094,4192.30322265625,29834000,4101.100646972656,134.8288354096632,4370.758317791982,3831.4429761533297,0.6691080684011039,13.150502464180281,False,40.90090263301941,84.20832514289295,63455945.0,0.47015295414795255,12789618.873644557
2023-10-18,4131.83740234375,4212.458619950457,4111.682097942074,4192.30331554878,46027500,4117.224890136718,116.08196913567491,4349.388828408069,3885.0609518653687,0.5314702453702187,11.277690408776316,False,39.994696446282944,85.3917677761423,64428540.0,0.7143961356256094,12789618.873644557
2023-10-19,3982.688232421875,4111.682183269547,3950.4397447099573,4111.682183269547,96750500,4123.372241210937,104.39598608950915,4332.164213389956,3914.580269031919,0.1631000528400584,10.127243429164718,False,37.48562338079691,92.24933133740305,65154975.0,1.4849288177917344,12789618.873644557
2023-10-20,4006.874755859375,4051.2164282079193,3958.502022388235,3982.688389123805,48517500,4130.225048828125,90.44187251616209,4311.10879386045,3949.341303795801,0.15903433460340088,8.759026101187713,True,35.15576981998845,92.28255094328027,64773010.0,0.7490388357743449,12789618.873644557
2023-10-23,4022.998779296875,4071.3715101100643,3990.7502920880825,4006.8745356924787,36582200,4134.860778808594,81.59793458951047,4298.056647987614,3971.664909629573,0.15727686590826198,7.893657267272902,True,32.72225442251725,91.44959859175894,61940870.0,0.5905987436082186,12789618.873644557
2023-10-24,4031.061279296875,4091.527198486328,4006.8749116210934,4031.0612792968745,43655100,4133.853039550781,82.80090984347795,4299.454859237738,3968.2512198638256,0.1896418153851868,8.011983885375459,True,30.5772358780243,90.96407632557863,58575885.0,0.7452742711441748,12789618.873644557
2023-10-25,4006.874755859375,4071.371733820894,3998.812633614185,4071.371733820894,49108000,4133.147619628906,83.86635481649219,4300.88032926189,3965.4149099959213,0.12358903029162241,8.116463531880548,True,28.469195034349994,89.6494351742308,54673035.0,0.8982124368987381,12789618.873644557
2023-10-26,3934.315185546875,4022.9985196473167,3894.004579137583,4014.9363983654584,77078100,4125.79091796875,94.42817792462563,4314.647273818002,3936.934562119499,-0.006934838281838688,9.154916456223676,True,27.670365866370517,92.45975698390959,53922540.0,1.429422649600705,12789618.873644557
2023-10-27,3910.129638671875,3950.4402535035438,3910.1296386718745,3934.316007570876,39350600,4113.193884277343,105.49053903726873,4324.174962351881,3902.212806202806,0.018761949036662222,10.258747047203936,False,26.92859592467529,88.73481825874956,52042600.0,0.7561228685730537,12789618.873644557
2023-10-30,3910.129638671875,3918.1917616382084,3877.8811468065396,3910.1296386718745,34312600,4101.1007080078125,114.30375694586611,4329.708221899545,3872.4931941160803,0.08231672685443576,11.148593032370698,False,26.599322743862324,85.27594658538665,51130110.0,0.6710840246578778,12789618.873644557
2023-10-31,3861.756591796875,3910.129325723349,3805.321735549321,3910.129325723349,62061200,4084.0694946289063,123.43085012894684,4330.9311948868,3837.207794371013,0.04972176202346564,12.08900585959908,False,27.006564574767538,86.67108633804145,51753500.0,1.1991691383191474,12789618.873644557
2023-11-01,3885.943115234375,3974.626464337234,3861.756747297232,3974.626464337234,58008400,4069.2553466796876,128.69762378976836,4326.650594259224,3811.860099100151,0.1439090597648508,12.650729711005157,False,26.34961901699007,88.54242820963557,51755980.0,1.1208057503693294,12789618.873644557
2023-11-02,3926.253173828125,3966.563781362295,3877.8804447871216,3885.9425662939557,61528700,4056.4567016601563,129.59646252611458,4315.649626712386,3797.263776607927,0.248828931565562,12.779277291245405,False,25.73959814191099,88.55249309288826,51346065.0,1.198313833786484,12789618.873644557
2023-11-03,3942.377685546875,3982.6882958285405,3934.315563490542,3958.501929659541,37333500,4043.9604248046876,127.84575921419723,4299.651943233082,3788.268906376293,0.3013568461672289,12.645599440590164,False,24.91412817409897,86.25839515771163,51120735.0,0.7303005326507923,12789618.873644557
2023-11-06,4006.874755859375,4031.061122594944,3982.688389123805,4014.9368781045646,54278500,4038.7200561523437,127.06942014722533,4292.8588964467945,3784.581215857893,0.4373466482807744,12.585117896810448,False,23.40991255417095,86.43161243559432,51044215.0,1.0633624202076573,12789618.873644557
2023-11-07,3982.688232421875,4006.8745982058135,3958.5018666379365,4006.8745982058135,38213600,4028.239306640625,122.2897695994706,4272.818845839566,3783.6597674416835,0.40687881257782055,12.143247735840697,False,22.332083593343523,83.71313220601176,51600350.0,0.740568620174088,12789618.873644557
2023-11-08,3934.315185546875,3990.7500345198832,3918.190942983158,3982.687913238025,30691100,4016.3476684570314,119.08086353971247,4254.509395536456,3778.1859413776065,0.3277798790004591,11.85961708195048,False,21.83511589930829,82.91641501534845,49949225.0,0.6144459698824156,12789618.873644557
2023-11-09,3918.191650390625,3990.750755027488,3918.191650390625,3934.3158958654835,32999400,3997.60322265625,101.42438492052403,4200.451992497298,3794.754452815202,0.3042591721708445,10.148519427411461,False,21.373633692130895,82.17660713117093,48024940.0,0.6871304784555692,12789618.873644557
2023-11-10,3918.191650390625,3926.253773128054,3885.943159440908,3918.191650390625,37753900,3984.905407714844,94.05117795698321,4173.007763628811,3796.8030518008777,0.32266634301291675,9.440743840483497,False,21.347885739784942,79.18617902802629,47455690.0,0.7955610802413788,12789618.873644557
2023-11-13,3942.377685546875,3958.501929659541,3926.253441434209,3942.377685546875,17199700,3972.409130859375,80.70037899610531,4133.809888851586,3811.0083728671643,0.40696621971890157,8.126089366695926,False,20.745250995631245,76.40932904523271,46564205.0,0.3693760045940868,12789618.873644557
2023-11-14,3934.315185546875,3982.687913238025,3934.3151855468745,3958.5015493924498,27961100,3959.509729003906,62.200151434030985,4083.910031871968,3835.1094261358444,0.3987360043497951,6.2836215280297925,True,19.771902236555015,74.40671466279825,46470560.0,0.6016949225488137,12789618.873644557
2023-11-15,4014.936767578125,4051.2163166827468,3998.8125235316265,4006.8746455548758,93350800,3953.664697265625,49.311234769769285,4052.2871668051635,3855.0422277260864,0.8106395053712158,4.988914189296141,True,18.886801000798794,77.44203012516066,48836725.0,1.9114877174912936,12789618.873644557
2023-11-16,3990.750244140625,4022.9987309619637,3958.5017573192868,4006.8744875512944,38121600,3954.0677978515623,49.59312452785468,4053.2540469072715,3854.881548795853,0.6849169952402351,5.0169220219037145,True,17.616290080550975,76.51738323355468,45905280.0,0.8304404199255511,12789618.873644557
2023-11-17,4014.936767578125,4022.9988896013747,3950.439791392131,3982.688279485128,48489500,3954.4708984375,50.075358404875125,4054.6216152472502,3854.32018162775,0.8018743702827807,5.0651892190847505,True,16.554678068871983,76.23464858896102,45903880.0,1.0563268290175036,12789618.873644557
2023-11-20,4014.936767578125,4051.2163166827468,4006.8746455548758,4031.061011624624,52108800,3954.0677978515623,49.52409830331099,4053.115994458184,3855.0196012449405,0.8072694496816983,5.009939215530877,True,15.610755844308972,73.95657877031174,46680210.0,1.116293178629659,12789618.873644557
2023-11-21,4091.527099609375,4111.682405518781,4022.9990595173954,4031.0611818811576,129449900,3957.0910888671874,55.90609966990981,4068.903288207007,3845.278889527368,1.1011687970362245,5.651232020126603,True,15.565376967503656,75.5843687110506,50969950.0,2.5397297819597626,12789618.873644557
2023-11-22,4091.527099609375,4111.682405518781,4051.2164877905634,4111.682405518781,28872800,3961.3237060546876,62.66900272387708,4086.661711502442,3835.9857006069333,1.0194090694580311,6.3280870107222675,True,15.523239439041577,74.50447935513395,49958190.0,0.5779392728199321,12789618.873644557
2023-11-23,4151.9931640625,4172.148470684163,4091.527244197512,4111.682550819175,80157000,3972.2076049804687,75.35071370672289,4122.9090323939145,3821.506177567023,1.0964958732235293,7.587792099511213,False,16.228113117481705,74.94140019225209,50112135.0,1.5995526831973932,12789618.873644557
2023-11-24,4192.30322265625,4232.613830566406,4172.147918701172,4172.147918701172,61211100,3986.3162841796875,88.40224500313079,4163.120774185949,3809.511794173426,1.0825274529772055,8.870570090383312,False,17.503763221224304,75.34706207165597,51205160.0,1.1954088220796497,12789618.873644557
2023-11-27,4252.76953125,4313.235448755924,4212.458919579384,4212.458919579384,79553000,4003.448278808594,104.58112052412653,4212.610519856847,3794.2860377603406,1.095999667989522,10.449104196270454,False,19.36326655898913,78.6031452165144,53467180.0,1.487884717316305,12789618.873644557
2023-11-28,4172.14794921875,4313.235077936292,4172.14794921875,4313.235077936292,43142000,4018.9678466796877,105.47459397801384,4229.917034635715,3808.01865872366,0.8630734586449155,10.497679802554552,False,20.355197333693816,83.06628689515927,52521220.0,0.8214203706616107,12789618.873644557
2023-11-29,4212.458984375,4212.458984375,4111.6824536483255,4131.837759793661,48041400,4035.2936401367188,109.01123072808949,4253.316101592898,3817.27117868054,0.9063006697910571,10.805779251732094,False,20.288765498414083,84.33130431169607,52022870.0,0.9234669290640828,12789618.873644557
2023-11-30,4252.76953125,4252.76953125,4151.99300207346,4151.99300207346,127524100,4051.6194580078127,116.0446405510252,4283.708739109863,3819.5301769057623,0.9333463232059843,11.456617952771358,False,20.62607284435448,85.5059632306135,55322640.0,2.3050978767463013,12789618.873644557
2023-12-01,4232.6142578125,4272.924869791666,4192.303645833334,4272.924869791666,31223300,4066.1312866210938,119.7528821153267,4305.6370508517475,3826.6255223904404,0.8475552492988777,11.780522926975138,False,21.13204084929564,85.15705328259345,55017130.0,0.5675196070751055,12789618.873644557
2023-12-04,4272.9248046875,4313.2354160524765,4232.6141933225235,4252.769499005012,34104500,4079.4337890625,127.35929159910893,4334.152372260718,3824.7152058642823,0.879813308466835,12.487938099701578,False,21.973300430771744,84.83306538597628,54008430.0,0.6314662359190963,12789618.873644557
2023-12-05,4272.9248046875,4293.080110369989,4212.458887640036,4272.9248046875,29788300,4093.9456176757812,132.19893322679934,4358.34348412938,3829.5477512221823,0.8384656415961078,12.916530464501047,False,22.400466979309286,84.53221948197462,53587165.0,0.5558849773075325,12789618.873644557
2023-12-06,4212.458984375,4293.080208956339,4212.458984375,4272.924902811004,32453700,4107.852807617188,129.11641943022684,4366.085646477642,3849.619968756734,0.7025423590962034,12.572643225269065,False,22.79712264234432,84.25286270335783,53675295.0,0.604630118940194,12789618.873644557
2023-12-07,4252.76953125,4272.924837085308,4151.99300207346,4212.458919579384,36511000,4124.581701660156,124.85408955068753,4374.289880761531,3874.8735225587807,0.7566752720138236,12.108291078383388,False,22.115864426124283,86.87278929682145,53850875.0,0.6780019823261925,12789618.873644557
2023-12-08,4091.527099609375,4212.45893506581,4091.527099609375,4192.303629156404,47842200,4133.248474121094,115.43415175328107,4364.116777627656,3902.3801706145314,0.4096424804140928,11.171276295246436,False,20.592873582683417,92.18490660709314,54355290.0,0.8801756002037704,12789618.873644557
2023-12-11,4172.14794921875,4192.303253321256,4071.37142870622,4091.5267328087257,36394800,4144.736987304687,106.52837945516397,4357.793746215015,3931.6802283943593,0.5643278393378728,10.280833720591668,False,19.33888363565387,94.23825789337481,55315045.0,0.6579548113899212,12789618.873644557
2023-12-12,4252.76953125,4272.924837085308,4212.458919579384,4232.614225414692,40554100,4160.659704589843,96.77446769053769,4354.208639970919,3967.110769208768,0.7379497114742664,9.303761861012633,False,18.776061138430357,94.70530289145934,55944695.0,0.7248962569194451,12789618.873644557
2023-12-13,4172.14794921875,4252.769165628774,4131.837341013738,4252.769165628774,39240500,4168.520263671875,90.49620287196689,4349.512669415809,3987.527857927941,0.5100216512730579,8.68377238423235,False,17.663927522126304,96.57865198751665,53239180.0,0.7370605632919215,12789618.873644557
2023-12-14,4313.23486328125,4353.54546948014,4212.458347784024,4212.458347784024,85061100,4184.644494628907,85.76037944470079,4356.165253518308,4013.123735739505,0.8748536605276439,8.197626303001504,False,17.2824559667612,102.6371425785076,55586155.0,1.5302569497746337,12789618.873644557
2023-12-15,4252.76953125,4373.701366261848,4252.76953125,4373.701366261848,58451500,4196.5361328125,77.03522700262447,4350.606586817749,4042.465678807251,0.6824924798221985,7.342744069356636,False,17.124832755863448,103.94390632374623,56084255.0,1.0422087268521263,12789618.873644557
2023-12-18,4192.30322265625,4272.9244384765625,4172.147918701172,4232.613830566406,51524600,4205.404455566406,64.16292702876896,4333.730309623944,4077.078601508868,0.4489532604073625,6.10290189271483,True,15.999349359390667,103.71766442743512,56055045.0,0.9191786394962309,12789618.873644557
2023-12-19,4192.30322265625,4232.613830566406,4172.147918701172,4192.30322265625,42678100,4210.44326171875,58.45220343794445,4327.347668594639,4093.5388548428614,0.4224150759271271,5.553068862786056,True,14.954257634094514,100.62825353013508,51716455.0,0.8252325106196857,12789618.873644557
2023-12-20,4192.30322265625,4232.613830566406,4172.147918701172,4212.458526611328,54306000,4215.482067871094,51.60413983077664,4318.690347532647,4112.273788209541,0.3877084024128035,4.8966299939060365,True,13.983815317748086,97.75951483978504,52988115.0,1.0248713319958636,12789618.873644557
2023-12-21,4151.9931640625,4212.459083927488,4131.837857440837,4212.459083927488,48767200,4215.482067871094,51.60413983077664,4318.690347532647,4112.273788209541,0.19242339850644463,4.8966299939060365,True,13.388564603545467,96.53535138598974,51418625.0,0.9484345409858782,12789618.873644557
2023-12-22,4232.6142578125,4232.6142578125,4172.14833984375,4192.303645833334,35234900,4217.497619628906,51.43813954375754,4320.3738987164215,4114.621340541391,0.5734699889890762,4.878545923000059,True,12.56460099123862,95.39861869770476,50119815.0,0.7030133690637126,12789618.873644557
2023-12-27,4252.76953125,4293.080142920616,4232.614225414692,4272.924837085308,31289300,4217.497619628906,51.43813954375754,4320.3738987164215,4114.621340541391,0.6714287877338977,4.878545923000059,True,12.291670162733753,92.90342575543472,47706630.0,0.6558690060480064,12789618.873644557
2023-12-28,4313.23486328125,4353.54546948014,4232.61365088347,4272.92425708236,37566900,4224.551965332032,54.4762203769445,4333.504406085921,4115.599524578142,0.9069798589897706,5.15805896805088,True,12.694968706399159,94.90545381552299,47427875.0,0.7920848235346829,12789618.873644557
2023-12-29,4333.390625,4353.545930232558,4293.080014534884,4333.390625,38423300,4230.598547363281,59.53941803954644,4349.677383442374,4111.519711284188,0.9316135470472852,5.629408451118994,True,13.06946505758011,92.44548680710521,46946970.0,0.8184404659129226,12789618.873644557
2024-01-02,4333.390625,4333.390625,4272.924709302326,4333.390625,20147500,4234.629602050782,63.70308361112933,4362.03576927304,4107.223434828523,0.8875833686171988,6.017346459796977,True,13.101393532011308,90.16123172786013,41578140.0,0.4845695358185816,12789618.873644557
2024-01-03,4313.23486328125,4353.54546948014,4293.0795601818045,4333.390166380695,27547700,4238.660632324219,66.07544163150385,4370.8115155872265,4106.509749061211,0.7821556281565409,6.235501953386845,False,13.37076065303825,88.04013726860839,41394360.0,0.6654940431498397,12789618.873644557
2024-01-04,4514.78857421875,4575.254492623466,4293.080206734794,4313.235512869699,77162400,4250.753820800781,90.35049249443134,4431.454805789644,4070.052835811918,1.2305847099678027,8.50206775582319,False,15.490860357678129,101.90686217004149,43547255.0,1.7719233967789703,12789618.873644557
2024-01-05,4494.6328125,4635.719941143498,4494.6328125,4575.254028867713,69463500,4261.839221191406,105.53839571081765,4472.916012613041,4050.7624297697707,1.0514428889616263,9.90543192582606,False,17.803919063427976,104.70545263243122,45531015.0,1.5256303862323297,12789618.873644557
2024-01-08,4494.6328125,4555.098724775785,4474.477508408071,4494.6328125,60606600,4275.947912597656,116.84493802909043,4509.637788655837,4042.258036539475,0.9678955365783563,10.930436049966435,False,19.640204878620445,102.98515004209425,46938660.0,1.2911872643999638,12789618.873644557
2024-01-09,4555.0986328125,4555.0986328125,4514.788025442478,4514.788025442478,34897000,4291.064367675781,132.23181285140325,4555.527993378588,4026.6007419729744,0.9991882426837589,12.326248363692162,False,21.345327421299167,99.94805506140895,46857960.0,0.7447400612403955,12789618.873644557
2024-01-10,4514.78857421875,4575.254492623466,4494.633268083845,4534.943880353655,37988500,4312.22744140625,132.48628126017354,4577.200003926598,4047.254878885903,0.882230391867356,12.289359321638086,False,23.062122053948325,98.56756716699552,46365275.0,0.8193308461990142,12789618.873644557
2024-01-11,4514.78857421875,4595.409798758371,4494.633268083845,4555.099186488561,22855800,4329.35947265625,135.5375842652232,4600.434641186696,4058.2843041258034,0.8420252444511036,12.52264545102004,False,24.790483178097553,98.72535027467627,45688325.0,0.5002547149627394,12789618.873644557
2024-01-12,4514.78857421875,4555.099186488561,4494.633268083845,4514.78857421875,40942900,4342.460424804687,140.32359816891343,4623.107621142514,4061.8132284668604,0.8070191893287684,12.92572269558218,False,26.39538993623612,95.99253371253626,45707765.0,0.8957537083688077,12789618.873644557
2024-01-15,4534.94384765625,4575.254459635416,4514.788541666667,4555.099153645833,51408800,4360.6002197265625,140.59760000097074,4641.795419728504,4079.405019724621,0.8100046301083437,12.89708690697513,False,28.030176049472185,93.4549183022658,46316180.0,1.1099533683477352,12789618.873644557
2024-01-16,4514.78857421875,4534.943880353655,4494.633268083845,4534.943880353655,37795700,4370.677905273437,144.20113769622114,4659.080180665879,4082.275629880995,0.7498431552754135,13.197141571309595,False,29.125153181810195,89.65889644280468,43952910.0,0.8599134846816741,12789618.873644557
2024-01-17,4474.47802734375,4534.943946632179,4414.012108055321,4514.7886402027025,61481200,4381.763330078125,143.17816320561766,4668.119656489361,4095.40700366689,0.6618869372078712,13.070369385109156,False,28.647321785941003,91.89267802380851,44104395.0,1.393992594162101,12789618.873644557
2024-01-18,4474.47802734375,4514.7886402027025,4414.012108055321,4474.47802734375,33241700,4395.8720703125,137.30862159546328,4670.489313503426,4121.254827121574,0.6431191212137389,12.494323710899252,False,28.20362120406247,92.52723903263518,43190250.0,0.7696575037190106,12789618.873644557
2024-01-19,4434.1669921875,4494.63290571733,4414.011687677556,4494.63290571733,29776100,4407.965258789062,128.82481268010062,4665.614884149263,4150.3156334288615,0.5508476062439582,11.69018402976167,False,27.791605801849247,91.67680896171649,42545150.0,0.6998706080481559,12789618.873644557
2024-01-22,4454.322265625,4514.788178733032,4393.856352516968,4454.322265625,30949600,4421.0662109375,118.6607224931023,4658.387655923704,4183.744765951295,0.5700654226368658,10.735937154665669,False,27.02782871475746,93.76645305131268,41377330.0,0.7479844639564709,12789618.873644557
2024-01-23,4373.701171875,4454.322391633064,4333.390561995968,4454.322391633064,48824300,4432.151611328125,101.28448588102776,4634.72058309018,4229.58263956607,0.355727066823978,9.140886392257421,False,25.28614304972026,95.70683709315439,41380185.0,1.1798956432891734,12789618.873644557
2024-01-24,4414.01220703125,4434.167513912672,4353.546286386986,4393.856900149829,42436800,4441.221508789063,89.96520270716431,4621.151914203391,4261.291103374734,0.4243893723932945,8.10274403374166,False,23.668863503614286,94.62929355262092,41740280.0,1.0166869987455762,12789618.873644557
2024-01-25,4353.5458984375,4454.322423864294,4353.5458984375,4434.167118778935,47955600,4446.260327148438,81.25531149202054,4608.770950132479,4283.7497041643965,0.21474348258438966,7.309991364732604,True,22.483827327713527,95.06838154363331,42573595.0,1.1264165029991007,12789618.873644557
2024-01-26,4373.701171875,4373.701171875,4313.235257056452,4353.545866935484,30545600,4449.283642578125,77.06194894225854,4603.407540462642,4295.159744693608,0.2547996393143448,6.9280320278798895,True,21.055527439340683,92.5967767775558,42222530.0,0.7234431475328457,12789618.873644557
2024-01-29,4494.6328125,4494.6328125,4393.856292040358,4393.856292040358,63056100,4457.345751953125,72.60482043535518,4602.555392823835,4312.136111082415,0.628390444061749,6.515520623774009,True,21.013519201679213,94.62069562380182,43454170.0,1.4510943368611113,12789618.873644557
2024-01-30,4555.0986328125,4575.253936497511,4474.477418072455,4494.632721757466,55020500,4468.43115234375,69.5439161667994,4607.518984677349,4329.343320010151,0.8115566581729446,6.2253541608511,True,21.761481105815065,95.0603972524628,45197820.0,1.2173264108755688,12789618.873644557
2024-01-31,4635.72021484375,4676.030825407609,4575.254298997962,4595.409604279891,70045600,4484.555419921875,69.05019967775324,4622.655819277382,4346.455020566368,1.047300354044368,6.158933781574838,True,23.225207963784932,96.9083826340804,47322715.0,1.4801686674147922,12789618.873644557
2024-02-01,4615.564453125,4635.719756413755,4555.098543258733,4635.719756413755,49179400,4489.594213867187,74.80930342819558,4639.212820723578,4339.975607010796,0.9209711676393406,6.665128282384996,True,24.251665332784963,95.74504613057587,45923565.0,1.0708968260630463,12789618.873644557
2024-02-02,4655.87548828125,4696.186098569399,4635.720183137176,4635.720183137176,44074200,4497.65634765625,83.557833872792,4664.772015401833,4330.540679910666,0.9733821273594543,7.431233283648653,True,25.631240988726777,94.6648032244204,44654100.0,0.9870135105175113,12789618.873644557
2024-02-05,4635.72021484375,4696.186130689538,4615.564909561821,4655.875520125679,47096400,4504.710717773438,89.06340950240467,4682.837536778247,4326.583898768628,0.8677422013211128,7.908468719290057,False,26.571800196981087,93.66169021751301,43978590.0,1.070893814467449,12789618.873644557
2024-02-06,4655.87548828125,4696.186098569399,4635.720183137176,4655.87548828125,41834000,4509.749560546875,94.73441392775047,4699.218388402376,4320.2807326913735,0.8856199708107614,8.40263191167207,False,27.445176604645802,91.2905634471352,44325440.0,0.9437920977208574,12789618.873644557
2024-02-07,4635.72021484375,4696.186130689538,4635.72021484375,4655.875520125679,39906900,4515.796142578125,98.84319465497789,4713.482531888081,4318.109753268169,0.8033189909640005,8.75532832166753,False,28.256169251448544,89.08880290418183,44421360.0,0.8983718643463415,12789618.873644557
2024-02-12,4796.962890625,4837.27350315126,4635.720440519958,4655.875746783088,64615800,4529.904858398438,117.13738520344816,4764.179628805334,4295.630087991542,1.0699675465751757,10.343474211055492,False,29.99270709035754,97.121980432991,46509360.0,1.3893074426309027,12789618.873644557
2024-02-13,4736.4970703125,4817.118297041224,4716.341763630319,4817.118297041224,74976200,4540.990283203125,125.8019078484421,4792.594098900009,4289.3864675062405,0.8885211092046967,11.081451401803397,False,31.605206512201608,97.38301993141339,48211025.0,1.555167101300999,12789618.873644557
2024-02-15,4837.27294921875,5018.670684814453,4837.27294921875,4958.204772949219,128792500,4556.10673828125,142.14021892108926,4840.387176123429,4271.826300439071,0.9945226148371006,12.47909472592475,False,34.022470103309104,110.58234811502336,52080210.0,2.472964298723066,12789618.873644557
2024-02-16,4837.27294921875,4938.049468994141,4837.27294921875,4857.428253173828,62601000,4572.23095703125,154.9228048432101,4882.07656671767,4262.38534734483,0.9277000930491419,13.553366511809061,False,36.2670720093375,109.8819318050496,53320475.0,1.174051806552736,12789618.873644557
2024-02-19,4736.4970703125,4877.584217087766,4736.4970703125,4857.428910405585,67950100,4585.3319091796875,157.28208910566102,4899.896087391009,4270.767730968366,0.7402771383448197,13.720454023473163,False,36.74373917247092,112.11087573149362,53643920.0,1.2666878184890291,12789618.873644557
2024-02-20,4857.4287109375,4857.4287109375,4756.652181664937,4756.652181664937,37554100,4604.479443359375,166.137384591767,4936.754212542909,4272.204674175841,0.8806326736749711,14.432674671302692,False,37.18635868109481,112.74093036674408,53859540.0,0.6972599468914885,12789618.873644557
2024-02-21,4837.27294921875,4877.583557128906,4776.807037353516,4857.428253173828,54476400,4624.634741210937,168.8182992914159,4962.271339793769,4286.998142628106,0.8148921190716931,14.601654724170633,False,37.72202917102747,111.88632961021884,55094555.0,0.9887801072174918,12789618.873644557
2024-02-22,4796.962890625,4857.42880941439,4756.65227809874,4837.27350315126,37676100,4641.766772460937,168.00897018384927,4977.784712828636,4305.748832093239,0.7309342739173902,14.478019118119153,False,37.88986201896685,111.09277258917824,55430880.0,0.6796951446558308,12789618.873644557
2024-02-23,4756.65185546875,4837.273073358051,4696.185942051774,4837.273073358051,50216600,4660.914306640625,157.33305637864504,4975.580419397915,4346.248193883335,0.6521256102050778,13.50233417975396,False,37.11113739158485,113.23522678325673,55500495.0,0.9047955338055994,12789618.873644557
2024-02-26,4756.65185546875,4776.807159941075,4676.030637579449,4756.65185546875,27500000,4678.0462890625,147.37261350051946,4972.791516063539,4383.301062061461,0.6333449352276916,12.601210368104637,False,36.09375666224921,112.34531932456883,54753655.0,0.5022495758502332,12789618.873644557
2024-02-27,4837.27294921875,4837.27294921875,4716.341125488281,4756.6517333984375,38645200,4702.232641601562,129.9813933638492,4962.195428329261,4442.269854873864,0.7597300739021496,11.05699383853353,False,35.671741076719165,112.9586410678474,54288135.0,0.7118535201107941,12789618.873644557
2024-02-28,4817.11767578125,4837.272979864017,4756.65176353295,4796.962371698483,27278600,4724.403466796875,106.73203644649129,4937.867539689858,4510.939393903893,0.7171658390282277,9.036657194636692,False,35.27986971980804,110.6488250152202,54124785.0,0.5039946117106978,12789618.873644557
2024-02-29,4837.27294921875,4837.27294921875,4756.6517333984375,4817.117645263672,48736000,4741.535473632813,94.73444263277732,4931.004358898367,4552.066588367258,0.7526469595568535,7.99187884680696,False,34.91598866418812,108.5039957870125,53408780.0,0.9125091417553444,12789618.873644557
2024-03-01,4756.65185546875,4817.117768885725,4696.185942051774,4776.807159941075,71774400,4751.613134765625,83.96625327898667,4919.545641323598,4583.680628207651,0.5150022196607478,7.0684418867891115,True,33.59296354072458,110.83135374272419,54246475.0,1.3231163868251348,12789618.873644557
2024-03-04,4736.4970703125,4776.807683676861,4676.031150265958,4756.652376994681,35600700,4756.6519775390625,79.5533021879473,4915.758581914957,4597.545373163168,0.4366622545128741,6.689856862650324,True,32.0598567686551,110.1131522904513,52524230.0,0.6777957525507752,12789618.873644557
2024-03-05,4756.65185546875,4796.9624644134,4716.341246524099,4736.496550996425,49795500,4763.70634765625,72.30958937311026,4908.32552640247,4619.0871689100295,0.47561010839413237,6.071708379647421,True,30.87448931385519,108.006585547512,52555035.0,0.9474924714634858,12789618.873644557
2024-03-06,4796.962890625,4796.962890625,4736.496971835609,4756.65227809874,28923100,4770.760717773437,67.98919351149304,4906.739104796423,4634.782330750451,0.5963468291734246,5.700490763093575,True,29.773796182432406,104.61082363621766,51797480.0,0.5583881686908321,12789618.873644557
2024-03-07,4817.11767578125,4857.428283946783,4796.962371698483,4817.11767578125,47464200,4779.830590820313,60.73924268414452,4901.3090761886015,4658.352105452024,0.6534719701513119,5.082961961103333,True,29.456126715093294,101.45761567993783,51815870.0,0.916016656672946,12789618.873644557
2024-03-08,4917.89501953125,4938.050326988346,4817.1184822457735,4837.273789702869,73185000,4792.931567382812,60.85360505992777,4914.638777502668,4671.224357262957,1.0133773587668942,5.078612469583576,True,29.92642902226125,102.8486896461634,53383420.0,1.3709312741671478,12789618.873644557
2024-03-13,5018.6708984375,5038.826203250503,4917.89437437249,4917.89437437249,87861700,4812.0791015625,68.54515939053604,4949.169420343572,4674.988782781428,1.253487914799146,5.697758323904446,True,31.102669589384384,104.14034244843832,55781160.0,1.57511425004428,12789618.873644557
2024-03-14,4958.205078125,5038.82629890752,4897.73916253811,5018.67099371189,88145400,4820.1412109375,75.77483531849317,4971.690881574486,4668.591540300513,0.9555069852913455,6.2881838520872275,True,31.842599312612588,106.77939915707918,56957640.0,1.5475606081993565,12789618.873644557
2024-03-15,4899.49169921875,5026.202691439925,4836.136203108163,5026.202691439925,144447600,4828.290942382812,75.06715693659022,4978.425256255993,4678.156628509631,0.7371235295885832,6.21894229924297,True,31.52101144995795,112.72847695527084,60431210.0,2.3902814456304946,12789618.873644557
2024-03-18,4899.49169921875,4983.965694032867,4899.49169921875,4920.610197922279,48979300,4831.401879882813,76.72980469596598,4984.861489274745,4677.942270490881,0.7218493178945788,6.352591368187071,True,31.2223941489215,110.71029965947413,56440550.0,0.8678033789536069,12789618.873644557
2024-03-19,4941.728515625,4962.8470135550215,4899.491519764957,4899.491519764957,34162200,4836.624658203125,80.60747793321387,4997.839614069553,4675.409702336698,0.8259742771909973,6.666424097764138,True,30.94510358753031,107.32781352594486,55018610.0,0.6209208120670442,12789618.873644557
2024-03-20,4962.84716796875,4983.965666555851,4941.7286693816495,4941.7286693816495,32725900,4847.942163085938,81.69217390062892,5011.326510887196,4684.55781528468,0.8516401859454239,6.740358787500719,False,30.90035669417927,102.67848048343818,53257400.0,0.6144854987288152,12789618.873644557
2024-03-21,4899.49169921875,5005.084192736395,4899.49169921875,4983.965694032867,50976000,4850.0453125,82.48684411589879,5015.019000731798,4685.071624268203,0.6498614332040471,6.802975131247188,False,30.103670398668225,102.88662427159584,53928495.0,0.9452516707540235,12789618.873644557
2024-03-22,4941.728515625,4962.8470135550215,4899.491519764957,4941.728515625,29927600,4855.268090820313,84.90695768267325,5025.082006185659,4685.454175454966,0.7545740277487616,6.995037645250022,False,29.363887092248028,100.06297209434359,52701055.0,0.5678747797363829,12789618.873644557
2024-03-25,5005.08447265625,5005.08447265625,4920.6104731177475,5005.08447265625,43514000,4865.674169921875,89.98665399492648,5045.647477911728,4685.700861932021,0.887308274464331,7.397672006169005,False,29.169897198556356,98.94947405464066,52992950.0,0.8211280934539406,12789618.873644557
2024-03-26,5026.203125,5026.203125,4941.72912289916,5026.203125,29383900,4879.1517333984375,92.93606916112496,5065.023871720688,4693.279595076187,0.8955713667710022,7.61903496666975,False,29.22163575060915,97.91551177222634,51951315.0,0.5656045472573697,12789618.873644557
2024-03-27,5005.08447265625,5047.321472425501,4983.965972771624,5026.202972540876,19643200,4891.5733642578125,92.30157737471716,5076.1765190072465,4706.9702095083785,0.8074462853912455,7.547802762125941,False,29.497476130345696,95.44693947805852,51558475.0,0.3809887705173592,12789618.873644557
2024-03-28,4983.9658203125,5026.202818789724,4941.728821835275,5026.202818789724,40077400,4898.9080078125,93.57910626907844,5086.066220350656,4711.749795274343,0.727235052489773,7.640813513529432,False,28.905325296168947,94.66315786922927,51630085.0,0.7762412167247061,12789618.873644557
2024-04-01,4772.7802734375,4983.965241288717,4688.306286297014,4983.965241288717,100174400,4896.691137695312,96.10963864657525,5088.910414988462,4704.471860402162,0.1776835653459517,7.850986386028041,False,28.492200610662504,109.0200418796762,55274875.0,1.8122953692794421,12789618.873644557
2024-04-02,4624.951171875,4751.6621628852745,4582.714174871576,4751.6621628852745,121164600,4886.075048828125,113.22131360170191,5112.517676031528,4659.632421624721,-0.07657844765810948,9.268896811468883,False,28.88271235598598,114.80904592869392,58896305.0,2.0572529974503495,12789618.873644557
2024-04-03,4498.240234375,4667.188224398475,4413.766239363263,4603.832728139671,126994500,4873.154467773437,140.27958985107813,5153.7136474755935,4592.595288071281,-0.16815534925011053,11.514479237525368,False,30.167235766540465,124.70997015058806,61657310.0,2.059682785382625,12789618.873644557
2024-04-04,4519.3583984375,4540.476895626461,4434.884409681659,4434.884409681659,163113100,4862.297534179687,158.61702594988347,5179.531586079454,4545.06348227992,-0.040514383132082485,13.048730550516888,False,31.36000750491249,123.34443556446044,68032930.0,2.3975610046487783,12789618.873644557
2024-04-05,4477.1220703125,4540.477571307488,4477.1220703125,4498.240570644162,36818200,4848.321044921875,179.3731982851858,5207.067441492247,4489.574648351503,-0.0173556837895101,14.798788827984993,False,32.46757175254643,119.05951166664096,67384065.0,0.5463932756208757,12789618.873644557
2024-04-16,4392.6474609375,4477.121450570913,4265.93647648738,4287.054973895733,164123600,4828.1052734375,206.23789888484816,5240.581071207196,4415.6294756678035,-0.027858622075003992,17.08644589996784,False,34.383310135657815,125.63994610653232,74144090.0,2.2135762944828103,12789618.873644557
2024-04-17,4434.884765625,4519.3587611607145,4434.884765625,4434.884765625,68948000,4808.993627929687,224.23482620423775,5257.463280338163,4360.5239755212115,0.08290504129369622,18.651289109798455,False,35.616761233996804,125.71647140058106,75218280.0,0.9166388808677891,12789618.873644557
2024-04-18,4477.1220703125,4519.3590709758255,4434.8850696491745,4434.8850696491745,57785900,4786.95498046875,234.39834138069688,5255.751663230144,4318.158297707357,0.1695444725299518,19.586425386247853,False,36.76210458032717,122.77060239702709,74448325.0,0.7761880472126136,12789618.873644557
2024-04-19,4413.76611328125,4456.0031095805925,4371.529116981908,4434.884611430921,52519300,4756.709741210938,241.83413633007697,5240.378013871092,4273.041468550784,0.1454764067492858,20.336253375722023,False,38.09148093332323,121.54362746371028,72681205.0,0.7225980912121641,12789618.873644557
2024-04-22,4519.3583984375,4519.3583984375,4350.410420925818,4434.884409681659,62509300,4734.767407226563,242.49766239789082,5219.762732022345,4249.772082430781,0.2779267162216817,20.486553322790265,False,38.47630702135562,124.92965246713686,71399400.0,0.875487749196772,12789618.873644557
2024-04-23,4434.884765625,4582.7142578125,4434.884765625,4540.477260044643,45322700,4711.537060546875,248.07678515509264,5207.690630857061,4215.38349023669,0.2212029586435127,21.06121904313732,False,38.05308346917092,126.56535530430568,66443155.0,0.682127451653974,12789618.873644557
2024-04-24,4477.1220703125,4519.3590709758255,4392.648068985849,4477.1220703125,44771200,4690.4185791015625,249.20963185766567,5188.8378428168935,4191.9993153862315,0.2860270215088582,21.252656039529928,False,37.9098715935681,126.57575863899645,66232750.0,0.6759677047986079,12789618.873644557
2024-04-25,4477.1220703125,4498.240570644162,4413.766569317511,4477.1220703125,35922300,4667.188256835938,246.1866141361848,5159.561485108307,4174.815028563568,0.30698972282638237,21.099351522887478,False,37.77688913765119,123.5684902595432,66320755.0,0.5416449194524399,12789618.873644557
2024-04-26,4350.41064453125,4456.003135903368,4308.173647982403,4392.647641080097,80482400,4636.566430664063,245.5636984336844,5127.693827531431,4145.439033796694,0.20867458427483057,21.18496107892615,False,38.250348866225806,126.80991397886847,68708580.0,1.1713588026415334,12789618.873644557
2024-04-29,4413.76611328125,4413.76611328125,4265.9366262335525,4329.292120682566,41068600,4612.2801513671875,242.18771396538287,5096.655579297953,4127.904723436422,0.2950824643046178,21.00372969699968,False,38.90161748467206,128.3113120552134,68213210.0,0.6020622691704437,12789618.873644557
2024-04-30,4434.884765625,4519.3587611607145,4413.766266741071,4498.240262276786,73658500,4586.937963867187,232.21261309690502,5051.363190060997,4122.512737673377,0.33629959176815516,20.249902215911337,False,38.18556181284827,126.68855032837419,70399755.0,1.0462891525687839,12789618.873644557
2024-05-02,4080.093994140625,4434.88477623981,4063.199194993045,4392.64777837086,183458300,4540.688439941407,236.62041482343332,5013.929269588273,4067.44761029454,0.01336146741134079,20.844452813986653,False,39.093954040821444,144.18833825111642,77396970.0,2.370355066871481,12789618.873644557
2024-05-03,4080.093994140625,4122.330992009575,4012.514797550304,4096.988793288206,89058400,4493.382983398437,228.8945750470352,4951.172133492508,4035.593833304367,0.04860333717729425,20.376146515240293,False,40.098782204746655,141.73318512312747,80380695.0,1.1079575761319307,12789618.873644557
2024-05-06,4063.19921875,4130.778415735447,4054.751819126819,4122.331016112266,81862000,4446.288720703125,214.5158648182185,4875.320450339563,4017.2569910666884,0.05354175986265998,19.298419719742856,False,40.94224888767195,137.0398573720918,83491635.0,0.980481457813109,12789618.873644557
2024-05-07,3970.27783203125,4063.199228100066,3953.3830327460105,4046.304428814827,82580800,4395.604321289063,200.05730820074595,4795.718937690554,3995.489704887571,-0.03150581336301684,18.205215354058684,False,42.05421139803724,135.09531008508924,85616805.0,0.9645396134555594,12789618.873644557
2024-05-08,3944.935546875,4029.4095414547646,3902.6985495851177,3953.3829463329766,58548300,4354.212084960937,203.5229077387121,4761.2579004383615,3947.166269483513,-0.0027401370112314235,18.69664626044856,False,43.23897932039869,134.49643021255764,83535500.0,0.7008792668985042,12789618.873644557
2024-05-13,4037.85693359375,4037.85693359375,3885.8037436257846,3885.8037436257846,54329600,4324.857373046875,204.75361983772066,4734.364612722316,3915.350133371434,0.14957830821185233,18.93737547173456,False,44.39019164198733,135.75048448080105,80193750.0,0.6774792299898683,12789618.873644557
2024-05-14,4164.56787109375,4173.015270426597,4037.8568811010396,4046.304280433887,70014900,4308.173754882812,203.47262811254893,4715.11901110791,3901.228498657714,0.32355626267624066,18.891775465828093,False,43.98364645119644,135.70819196971226,77344770.0,0.9052312134356337,12789618.873644557
2024-05-15,4244.81787109375,4308.1733617070895,4096.988392995958,4122.330589241294,85730700,4294.446728515625,197.65300358658817,4689.752735688801,3899.140721342449,0.4372272916154627,18.41010179720234,False,42.392522537329384,141.0993903083851,73475650.0,1.1667906306374969,12789618.873644557
2024-05-16,4392.6474609375,4456.00295316256,4308.173471304087,4329.2919687124395,118382400,4290.222998046875,194.42002713540953,4679.063052317693,3901.3829437760555,0.6317051339820166,18.126799210569633,False,39.81883484539858,146.10551114841542,77553860.0,1.5264540024184483,12789618.873644557
2024-05-17,4371.529296875,4456.003292949879,4329.29229883756,4392.64779589372,67679700,4289.16708984375,193.8911030318662,4676.949295907482,3901.3848837800174,0.6061964754227451,18.08193516088267,False,37.42897961728961,144.72018850297997,72731665.0,0.9305396762194293,12789618.873644557
2024-05-20,4206.80517578125,4434.884974468186,4181.4629759271465,4392.647974711345,76605300,4277.763110351562,191.5628611614904,4660.888832674543,3894.6373880285814,0.40739601854441204,17.912432850518176,False,36.063176907264754,152.48460350569846,73114530.0,1.047743861582643,12789618.873644557
2024-05-21,4029.409423828125,4206.804807267099,4020.962024616745,4206.804807267099,87501700,4255.377478027343,193.19249927593194,4641.762476579207,3868.9924794754797,0.20758692101643902,18.15984600881891,False,35.5524010147351,154.86735690989894,74600320.0,1.1729400088364232,12789618.873644557
2024-05-22,4020.962158203125,4054.7517561712184,3987.1725602350316,3987.1725602350316,60859500,4235.737280273437,196.18631434478087,4628.109908962999,3843.3646515838755,0.2263123031955442,18.526768905942728,False,35.22327677411833,148.6324882689195,75017330.0,0.8112725419579716,12789618.873644557
2024-05-27,3944.935546875,4046.3043403707175,3911.1459490430943,4029.4095414547646,60499200,4207.016137695313,194.5195102711799,4596.055158237673,3817.977117152953,0.16316927482628116,18.494771962319277,False,35.237221554365135,147.67005277311262,74916825.0,0.8075515746963382,12789618.873644557
2024-05-28,3978.725341796875,4046.3045408082867,3961.830542044022,3970.2779419204485,25799600,4184.208166503906,193.13309598723683,4570.474358478379,3797.941974529432,0.23401396630563767,18.463048519749737,False,35.25016849965261,144.3628342845536,73940670.0,0.348922994611761,12789618.873644557
2024-05-29,3826.672119140625,3961.830516284665,3801.3299196761177,3953.3831164631624,111830200,4151.6856689453125,195.9573900672636,4543.60044907984,3759.7708888107854,0.0853517572198672,18.879790590412806,False,35.8937325814623,146.72230484428243,77293620.0,1.4468231659999882,12789618.873644557
2024-05-30,3792.88232421875,3852.014119919265,3691.5135315892953,3801.329723604538,81608700,4117.473681640625,195.87972451735982,4509.233130675344,3725.714232605905,0.0857261921548344,19.029117333841523,False,36.856162581182886,147.70646795040295,79577940.0,1.0255191325636226,12789618.873644557
2024-05-31,3716.855712890625,3860.461501797763,3716.855712890625,3835.1193037553267,145978300,4085.795935058594,207.13255337652677,4500.061041811648,3671.53082830554,0.05470516807502128,20.278306275573343,False,37.66946868890662,147.41356230445547,82852735.0,1.7619007990502666,12789618.873644557
2024-06-03,3902.698486328125,3919.593284970238,3759.0926978701636,3767.5400971912204,53865700,4060.2425537109375,195.7542404809984,4451.751034672934,3668.734072748941,0.2987986531023511,19.284979938165016,False,37.85563042941826,151.3652772883953,83492590.0,0.645155456310554,12789618.873644557
2024-06-04,3919.59326171875,3970.2776573444235,3885.8036646349674,3928.0406609896954,52885400,4034.477978515625,176.84722820465475,4388.172434924934,3680.7835221063156,0.3375932747671824,17.53359211738424,False,37.55493796224773,146.58732838989965,82453935.0,0.6413932822005403,12789618.873644557
2024-06-05,3894.2509765625,3936.487971969902,3868.9087793180584,3911.145774725461,46536400,4025.185827636719,179.1911373198807,4383.56810227648,3666.8035529969575,0.3173251576046389,17.80699276933388,False,37.35479440330448,140.94389012289565,75607840.0,0.6154970172405402,12789618.873644557
2024-06-06,4029.409423828125,4029.409423828125,3911.145834868809,3944.935431714328,69154900,4022.6515991210936,178.73153874757395,4380.114676616242,3665.1885216259457,0.509452479336307,17.772509932167626,False,36.303365033759185,140.53064420451918,74612665.0,0.9268520297458883,12789618.873644557
2024-06-07,3970.27783203125,4037.857029172207,3936.488233460771,4029.4096295295876,45575300,4018.0055297851563,178.82974536730404,4375.665020519765,3660.3460390505484,0.4332777418322143,17.802837158053006,False,35.250587513208046,137.7333693121561,72798330.0,0.626048701941377,12789618.873644557
2024-06-10,3894.2509765625,3936.487971969902,3843.5665820736167,3928.0405728884216,65704900,4014.2041870117187,180.69598354365834,4375.596154099036,3652.812219924402,0.33404001558751206,18.005659415962427,False,34.79795915912588,136.94607507254733,71954535.0,0.9131446683659341,12789618.873644557
2024-06-11,3784.43505859375,3911.1460538591655,3784.43505859375,3852.014256068638,95286400,4006.179162597656,187.3748590727368,4380.928880743129,3631.4294444521825,0.2041437347821734,18.708585060009206,False,34.68403374993905,136.2149979434665,73791440.0,1.2912934074738207,12789618.873644557
2024-06-12,3742.197998046875,3767.5401966792465,3725.3031989586275,3742.197998046875,112781100,3991.3962158203126,196.1993189257867,4383.794853671886,3598.9975779687393,0.18246803921411925,19.66222427611975,False,34.8693623981133,130.7090594928705,76714015.0,1.4701498806965063,12789618.873644557
2024-06-13,3784.43505859375,3818.224657331194,3767.540259225028,3801.329857962472,47763900,3972.3895751953123,196.95160143459452,4366.292778064501,3578.4863723261233,0.261420426093895,19.8320529954478,False,34.5186303354944,126.80317376368826,75601465.0,0.6317853761167195,12789618.873644557
2024-06-14,3640.8291015625,3784.434889791183,3640.8291015625,3784.434889791183,65046900,3942.19013671875,199.2728600673334,4340.735856853417,3543.6444165840835,0.12192413576236398,20.219507751414202,False,34.8209694781697,128.00337256851412,74567275.0,0.8723250246170321,12789618.873644557
2024-06-19,3632.381591796875,3708.4081832530887,3598.5919955941135,3640.8289908475654,60373800,3904.1768432617187,180.44580851531813,4265.068460292355,3543.2852262310826,0.12343922851251633,18.4874626083347,False,35.290355326314376,126.70428793211849,71666845.0,0.8424230200171362,12789618.873644557
2024-06-20,3716.855712890625,3725.303112238104,3632.3817194158382,3649.2765181107957,50579900,3871.4431640625,147.59370285222894,4166.630569766958,3576.255758358042,0.23815371492060194,15.24947639395036,False,35.54204188517264,124.29123311134067,70811855.0,0.7142857647211756,12789618.873644557
2024-06-21,3835.11962890625,3894.251429351941,3716.8560280148677,3716.8560280148677,108982500,3852.85888671875,124.78156373722378,4102.422014193197,3603.2957592443026,0.4644593774889355,12.954698566029515,True,34.14817378092553,128.08441049348178,72430715.0,1.5046448181548395,12789618.873644557
2024-06-24,3835.11962890625,3885.804029288271,3767.5404283968887,3835.11962890625,49112400,3843.144396972656,117.67383495314606,4078.492066878948,3607.796727066364,0.4829512481054066,12.247662101464705,True,32.85386768412465,127.38292409333184,70511250.0,0.6965186406424507,12789618.873644557
2024-06-25,3784.43505859375,3826.6720570155553,3733.7506604875834,3818.224657331194,44861500,3831.3180419921873,110.53122301923332,4052.380488030654,3610.255595953721,0.39395986464774907,11.53975961356211,True,31.87200840612187,125.52478440228433,69711350.0,0.6435322225146981,12789618.873644557
2024-06-26,3733.750732421875,3826.6721307400667,3733.750732421875,3784.435131504525,34063700,3820.7588012695314,109.18510722829727,4039.129015726126,3602.388586812937,0.30077853322585113,11.430724932651401,True,30.96028120047436,123.19597111056343,68389575.0,0.4980832239416607,12789618.873644557
2024-06-27,3868.90869140625,3894.25088807485,3742.197708063251,3759.092505842317,85462100,3815.26796875,103.43275576240309,4022.133480274806,3608.4024572251938,0.6296511976811993,10.844088185637021,True,29.44663216105829,125.86055572073569,71372700.0,1.19740601098179,12789618.873644557
2024-06-28,3936.48828125,4004.0674792113737,3877.3564830337987,3877.3564830337987,95384300,3820.7587768554686,106.92587062538504,4034.6105181062385,3606.9070356046986,0.7705834979824248,11.194202708958901,True,27.591514993913552,126.52471515533483,70550405.0,1.352002160724662,12789618.873644557
2024-07-01,3978.725341796875,3987.172741673301,3928.040942538316,3961.830542044022,43250900,3830.050927734375,112.31514685299426,4054.6812214403635,3605.4206340283863,0.8309313530460305,11.729885473813594,True,25.868906195850585,121.71093543959557,68632515.0,0.6301808989514663,12789618.873644557
2024-07-02,3978.725341796875,3995.6201415497276,3944.935742291169,3978.7253417968745,35142800,3843.1444091796875,113.68036715321543,4070.5051434861184,3615.7836748732566,0.7981625939738016,11.832016187752917,False,24.342763754484768,116.63761142666436,63090740.0,0.5570199366816747,12789618.873644557
2024-07-03,3928.040771484375,4004.067367061492,3911.1459724672377,3995.6199675529233,41531700,3844.4115234375,114.51726698175176,4073.4460574010036,3615.376989473996,0.6825690794301816,11.915193395253967,False,22.609764930301527,114.94359593863507,62474040.0,0.6647833244016235,12789618.873644557
2024-07-04,3978.725341796875,4029.4097410554336,3936.4883424147424,3961.830542044022,61435900,3847.368127441406,117.29022981453707,4081.9485870704802,3612.787667812332,0.7799832828428569,12.194333989301711,False,21.233600740743448,113.97397976952247,62901565.0,0.9766990694110711,12789618.873644557
2024-07-05,3970.27783203125,4037.857029172207,3961.83043238863,3995.620030959109,67585600,3851.169470214844,120.08829032534392,4091.3460508655317,3610.992889564156,0.7479599832209225,12.472916733902608,False,20.03950055680292,111.26345241338352,63954025.0,1.05678415080208,12789618.873644557
2024-07-08,3944.935546875,4004.067343080835,3944.935546875,3995.619943622859,36004700,3846.9457763671876,114.86114185714554,4076.668060081479,3617.2234926528963,0.713278766263885,11.943099646765829,False,18.740567012315694,107.53976268427292,62296515.0,0.5779568889206723,12789618.873644557
2024-07-09,4105.4365234375,4113.883923691486,3944.935918611754,3944.935918611754,87456600,3853.7037109375,125.9410540980702,4105.58581913364,3601.8216027413596,0.9997036397360469,13.072209338837018,False,18.595085738509677,111.92609226514531,64390580.0,1.3582204105010391,12789618.873644557
2024-07-10,4071.646728515625,4139.225927329162,4071.646728515625,4096.988928070701,48700200,3862.5734985351564,134.87683437319814,4132.327167281553,3592.81982978876,0.8875262029837763,13.967561722706257,False,18.67560286677261,108.75845701860187,63540345.0,0.7664453191118179,12789618.873644557
2024-07-11,4113.88330078125,4122.33069975616,4080.0937048816095,4096.988502831429,37573700,3879.0459106445314,144.5988356680632,4168.243581980658,3589.848239308405,0.9060153545700125,14.910763007085635,False,18.75036877158819,104.61027946302569,60654710.0,0.6194687931077405,12789618.873644557
2024-07-12,4244.81787109375,4329.291858578203,4156.120184235075,4156.120184235075,151520700,3904.176904296875,162.17243605172484,4228.521776400325,3579.832032193425,1.025121554393232,16.615275386034938,False,20.285004175553205,112.52444220116332,62591690.0,2.420779819174079,12789618.873644557
2024-07-15,4244.81787109375,4287.054864835976,4206.804576725746,4265.936367964863,94794900,3927.196044921875,176.3367924753952,4279.869629872665,3574.5224599710846,0.950305664678847,17.96057955430164,False,21.71002276494929,110.21914548038238,64943240.0,1.4596576949348385,12789618.873644557
2024-07-16,4206.80517578125,4265.936975440826,4206.80517578125,4265.936975440826,66371200,3955.4948486328126,173.35048422066282,4302.195817074138,3608.793880191487,0.8624309563919897,17.53009328585829,False,23.033254312245656,106.5700493503248,65009455.0,1.020946876112098,12789618.873644557
2024-07-17,4223.69970703125,4287.055202636719,4223.69970703125,4265.936704101562,59615300,3985.060754394531,165.5940233580775,4316.248801110686,3653.872707678376,0.8602771220201141,16.62148043042691,False,24.396603454911055,104.69004774354934,64971530.0,0.9175603529730637,12789618.873644557
2024-07-18,4287.05517578125,4329.292172586976,4215.252281211515,4215.252281211515,86127800,4013.5707275390623,166.07172606293526,4345.714179664933,3681.4272754131916,0.9116962813684292,16.551020259684115,False,25.92554586843836,105.35789371725737,66748925.0,1.290324900363564,12789618.873644557
2024-07-19,4308.173828125,4308.173828125,4244.818330652573,4287.0553289675245,66907300,4037.2234375,172.86650222743123,4382.956441954862,3691.4904330451373,0.8918491829442542,17.127266291159422,False,27.345278109570856,102.35772255691231,64645165.0,1.0349931042793379,12789618.873644557
2024-07-22,4308.173828125,4350.410826439951,4265.936829810049,4329.2923272824755,32378000,4060.8761474609373,176.0910164205443,4413.058180302026,3708.6941146198487,0.8510935504987107,17.34512553707359,False,28.92956958062656,101.08031356212587,63808445.0,0.5074249968009721,12789618.873644557
2024-07-23,4265.9365234375,4329.292016359839,4265.9365234375,4308.17351871906,30554100,4084.951220703125,169.08278482597225,4423.1167903550695,3746.78565105118,0.7675986542933,16.556651542768616,False,30.400691643237273,98.38568351642682,63093075.0,0.4842702626239092,12789618.873644557
2024-07-24,4308.173828125,4308.173828125,4223.699831495098,4265.936829810049,23442100,4113.672375488281,154.43943272312535,4422.551240934532,3804.793510042031,0.814850697790077,15.017183540757179,False,30.978541838620217,97.39199159596077,62561995.0,0.3747019256658935,12789618.873644557
2024-07-25,4244.81787109375,4287.054864835976,4206.804576725746,4265.936367964863,52463300,4132.467834472656,145.7112724788115,4423.89037943028,3841.0452895150333,0.6927614018974249,14.104044199768662,False,31.210323797859147,97.67608158191028,60912055.0,0.8612958469386724,12789618.873644557
2024-07-26,4223.69970703125,4287.055202636719,4215.252307617187,4223.69970703125,41982600,4146.828405761718,139.39615503923352,4425.620715840186,3868.0360956832515,0.6378648163715414,13.44604998321635,False,31.425553019861734,95.82799682745463,58241970.0,0.7208306999230967,12789618.873644557
2024-07-29,4244.81787109375,4265.936367964863,4223.699374222637,4244.81787109375,19854800,4160.133032226562,135.14076603558718,4430.414564297736,3889.851500155388,0.6566604240738273,12.993888896217138,False,31.625408726006995,92.0000680356526,57072165.0,0.3478893782985103,12789618.873644557
2024-07-30,4181.462890625,4223.699889520202,4181.462890625,4223.699889520202,36234500,4170.269909667969,128.2449533789144,4426.759816425798,3913.78000291014,0.5218195349254019,12.3008779917677,False,30.969595104664247,89.95399035230243,57126750.0,0.6342825383905089,12789618.873644557
2024-07-31,4198.357421875,4244.818117690518,4156.120425679074,4198.357421875,34106000,4183.7857421875,114.9253743359544,4413.636490859409,3953.934993515591,0.53169813405372,10.987692144661834,True,29.891272900792263,89.86425475652682,56755465.0,0.6009289149511857,12789618.873644557
2024-08-01,4287.05517578125,4287.05517578125,4173.015284405788,4173.015284405788,54207300,4199.202233886719,106.32879380267099,4411.859821492061,3986.544646281377,0.7065596221696346,10.128475637074015,True,29.417918344749808,91.5910859435936,56394035.0,0.9612240017938067,12789618.873644557
2024-08-02,4308.173828125,4350.410826439951,4244.818330652573,4265.936829810049,75959300,4216.097033691406,94.19190288594174,4404.480839463289,4027.7132279195225,0.7443861723047768,8.93640750041959,True,29.659598531333216,92.59118664672104,56812720.0,1.337012204309176,12789618.873644557
2024-08-05,4189.91015625,4265.9367518271165,4122.330960181452,4244.818253055695,65485300,4228.345764160156,69.85953932975222,4368.064842819661,4088.626685500652,0.3624539745075757,6.60868748453715,True,27.933991725829575,99.25202102506586,58286750.0,1.1235023397255808,12789618.873644557
2024-08-06,4244.81787109375,4287.054864835976,4173.014981731965,4223.699374222637,51827100,4235.314831542969,63.62722039141809,4362.569272325805,4108.060390760133,0.5373387344768514,6.009208091691084,True,26.579809675535614,100.30829688784766,56505275.0,0.9172081721573783,12789618.873644557
2024-08-07,4223.69970703125,4265.936704101562,4206.804908203125,4244.8182055664065,32547900,4242.91748046875,50.8411862025164,4344.599852873783,4141.235108063717,0.40550095860790114,4.793040301778345,True,25.322354914548363,97.36711824574692,55697660.0,0.5843674581661061,12789618.873644557
2024-08-08,4244.81787109375,4308.1733617070895,4198.357177977301,4223.699374222637,51493100,4249.464208984375,40.78718642110688,4331.038581826589,4167.889836142161,0.47152084822268964,3.8392780280274583,True,24.66562072181131,98.25633720889276,56393630.0,0.9131013555963678,12789618.873644557
2024-08-09,4329.29248046875,4392.647980182927,4265.936980754574,4265.936980754574,33031700,4253.687939453125,44.48681853135152,4342.6615765158285,4164.714302390422,0.9248704645081735,4.1833645687766285,True,24.92297748156681,101.79732091462738,50469180.0,0.6544925041381691,12789618.873644557
2024-08-12,4329.29248046875,4350.4109803734755,4287.055480659299,4350.4109803734755,14296000,4257.911669921875,47.50791289537432,4352.927495712624,4162.895844131126,0.8756259020685436,4.463024748115178,True,25.16195161562549,99.05147654316659,46444235.0,0.30781000053074403,12789618.873644557
2024-08-13,4371.529296875,4392.64779589372,4329.29229883756,4371.529296875,26196400,4266.147875976562,52.225938087576196,4370.599752151715,4161.69599980141,1.0044496315304408,4.8967771025162765,True,25.78062050567235,96.50176372266611,44435495.0,0.5895377107872884,12789618.873644557
2024-08-14,4456.00341796875,4540.477416413655,4413.766418746298,4434.884918357524,93112500,4277.7630615234375,66.24057138308137,4410.2442042896,4145.281918757275,1.1727008566038635,6.193944866080642,True,27.42307292608508,101.6765034238082,46110355.0,2.0193403412313784,12789618.873644557
2024-08-15,4434.884765625,4498.240262276786,4413.766266741071,4477.121763392857,33034700,4285.154541015625,75.00058237553245,4435.15570576669,4135.15337626456,0.9990968732071539,7.000968731247337,True,28.948204657781375,100.44775286037293,43455700.0,0.7601925639214189,12789618.873644557
2024-08-16,4477.1220703125,4519.3590709758255,4456.003569980837,4477.1220703125,33604900,4293.601953125,86.3807754791228,4466.363504083246,4120.840402166755,1.0311370387959016,8.04739483745134,False,30.496423154331037,99.3067923239767,41790580.0,0.8041261930320183,12789618.873644557
2024-08-19,4519.3583984375,4603.832387193341,4456.002906870619,4477.12140405958,55661900,4304.161181640625,100.07755308478703,4504.316287810198,4104.006075471051,1.0375761351163275,9.30053953478016,False,32.40849989823455,102.77269860960135,42954775.0,1.2958256678099234,12789618.873644557
2024-08-20,4624.951171875,4646.069670376713,4540.477177868151,4540.477177868151,69978300,4322.1119140625,122.53792827389569,4567.187770610291,4077.0360575147083,1.1178480044472359,11.340560421418447,False,34.39017294502577,104.48259670457358,44925985.0,1.5576352972561425,12789618.873644557
2024-08-21,4603.8330078125,4688.307007955848,4582.714507776663,4624.951507848337,92703900,4336.894873046875,137.66800651623404,4612.230886079343,4061.5588600144065,0.9847497641620668,12.697380088396356,False,36.42329563080704,104.56187552418874,48389075.0,1.9158022756169653,12789618.873644557
2024-08-22,4456.00341796875,4582.714415636108,4413.766418746298,4582.714415636108,72626600,4347.454150390625,138.33137650112118,4624.116903392867,4070.7913973883824,0.6961761502048767,12.72757542376307,False,35.681580402739776,110.66935506290399,49397240.0,1.4702562329393303,12789618.873644557
2024-08-23,4603.8330078125,4646.070007884175,4477.122007597477,4477.122007597477,69905300,4366.4608154296875,146.31719594101924,4659.095207311726,4073.826423547649,0.905578084749686,13.403733790440137,False,35.434791672915196,116.34058612379833,50793375.0,1.3762680664555171,12789618.873644557
2024-08-26,4667.18798828125,4688.306485965781,4603.832495227658,4603.832495227658,68435700,4387.579321289062,157.86165087501684,4703.302623039096,4071.8560195390282,0.9428065103879489,14.391685192703251,False,35.47990532676266,114.06440073910721,53222420.0,1.2858434471788394,12789618.873644557
2024-08-27,4561.595703125,4688.306694878473,4519.358705873843,4667.188196252894,57135700,4406.585961914063,154.58916451497788,4715.764290944018,4097.407632884107,0.750680152288291,14.032556346440112,False,34.46475859570125,117.98465704378738,54267480.0,1.0528533847527102,12789618.873644557
2024-08-28,4540.47705078125,4582.714046602471,4456.003059138808,4561.59554869186,48476500,4423.691943359375,149.1685363837311,4722.029016126837,4125.354870591913,0.6957267769951324,13.48814865896395,False,32.822656442022264,118.60796635949282,54986005.0,0.8816152400960935,12789618.873644557
2024-08-29,4477.1220703125,4582.714571970813,4477.1220703125,4582.714571970813,40749200,4433.195288085937,146.02679885313995,4725.248885792217,4141.141690379657,0.5752032890050892,13.175760539634435,False,31.297851859144895,117.67829030940858,54313100.0,0.7502646691129764,12789618.873644557
2024-08-30,4519.3583984375,4561.59539281542,4477.12140405958,4477.12140405958,86718500,4443.7545166015625,144.13379451058944,4732.022105622741,4155.486927580384,0.631134898121313,12.974055517433763,False,29.881954047412144,115.30655448415374,54851060.0,1.5809812973532325,12789618.873644557
2024-09-02,4519.3583984375,4561.59539281542,4498.239901248539,4519.3583984375,22988100,4460.2269287109375,131.90280395502066,4724.032536620979,4196.421320800896,0.6120739437554461,11.82924600593292,False,28.567191793660307,111.59576427577711,52726200.0,0.4359900770394984,12789618.873644557
2024-09-03,4540.47705078125,4561.59554869186,4498.240054960029,4540.47705078125,20288700,4475.0098876953125,122.73997903030421,4720.489845755921,4229.529929634704,0.6333452303054691,10.971147068773694,False,27.34634281919656,108.15003066549528,51149280.0,0.39665660982911194,12789618.873644557
2024-09-04,4519.3583984375,4540.476895626461,4477.12140405958,4498.239901248539,47278700,4489.792822265625,107.77076720234734,4705.33435667032,4274.25128786093,0.568584405909359,9.60140224447725,False,25.913889762568683,104.95043181236494,51885820.0,0.9112065685769253,12789618.873644557
2024-09-05,4603.8330078125,4603.8330078125,4519.359007669152,4540.477507704989,62221800,4507.743579101562,93.81506746968955,4695.373714040941,4320.113444162183,0.756060756823479,8.32479184527064,False,25.29979657715903,103.48787306683889,52422255.0,1.1869348237690271,12789618.873644557
2024-09-06,4772.7802734375,4793.898770222622,4624.950795941649,4646.06929272677,139365300,4529.91796875,101.51216012668957,4732.942289003379,4326.893648496621,1.0981113602163572,8.96370846686226,False,26.258604155291238,109.67200801993056,57738935.0,2.413714419914396,12789618.873644557
2024-09-09,4836.13623046875,4857.254729291758,4751.662235176719,4772.780733999727,78827500,4555.26015625,111.55932156537247,4778.3787993807455,4332.141513119255,1.1294321045466365,9.79608784032312,False,27.521119046815258,109.38061416958115,60965510.0,1.2929851648907718,12789618.873644557
2024-09-10,4815.017578125,4878.373072574013,4815.017578125,4857.2545744243425,55033900,4577.4345703125,117.05755648770132,4811.549683287903,4343.319457337097,1.0074063882357347,10.229097079564355,False,28.812078040778015,106.09310561811203,62407385.0,0.8818491593583035,12789618.873644557
2024-09-11,4772.7802734375,4857.254260577987,4772.7802734375,4815.017267007744,33792600,4593.273413085937,121.12281701870485,4835.519047123347,4351.027779048527,0.8705058732324594,10.547842997861528,False,29.387124171059725,104.54888286971027,59441390.0,0.5685028563430297,12789618.873644557
2024-09-12,4730.5439453125,4772.780944824219,4709.425445556641,4751.662445068359,43318600,4608.056372070312,118.79427531284252,4845.644922695998,4370.467821444627,0.7577724661386647,10.31187691477574,False,29.057666836062403,101.60649832670083,59955585.0,0.7225115058088417,12789618.873644557
2024-09-13,4751.66259765625,4772.781098090278,4709.4255967881945,4730.544097222222,34311700,4621.7833984375,118.73008945270158,4859.243577342903,4384.323219532097,0.7734757461597166,10.275694831812412,False,28.75174340424203,98.87428425351386,59990925.0,0.5719481738279582,12789618.873644557
2024-09-17,4772.7802734375,4815.017267007744,4730.543279867256,4730.543279867256,40776200,4634.4544921875,120.72977480956973,4875.91404180664,4392.994942568361,0.786436758182032,10.420192927826925,False,28.81114322609249,97.84569160258339,59246640.0,0.6882449367592829,12789618.873644557
2024-09-18,4815.017578125,4815.017578125,4730.543585526316,4815.017578125,64489200,4643.9578125,127.24703387151825,4898.451880243037,4389.463744756963,0.8360781002520647,10.960223069125343,False,28.866302754032322,96.89057024516201,58972185.0,1.0935528334247748,12789618.873644557
2024-09-19,4920.60986328125,4941.728360548552,4857.2543714793455,4899.491366013949,93847800,4659.796655273438,140.96534165216286,4941.7273385777635,4377.865971969112,0.9625484621804741,12.100557348796237,False,29.83265440208483,99.02058540076129,59029380.0,1.58984898706373,12789618.873644557
2024-09-20,4857.2548828125,4920.610381283967,4857.2548828125,4920.610381283967,47673600,4679.859228515625,138.97391927697913,4957.807067069583,4401.911389961666,0.8191168084266953,11.878470055695212,False,30.729980932419302,96.47307919152603,57781730.0,0.825063562479005,12789618.873644557
2024-09-23,4899.49169921875,4941.728696625808,4836.136203108163,4857.254701811692,48008700,4694.642163085938,146.00810853608752,4986.658380158113,4402.625946013763,0.850750273711993,12.440403631539983,False,31.217659172547823,97.12446592910598,56686900.0,0.8469099562685559,12789618.873644557
2024-09-24,4899.49169921875,4920.610197922279,4857.254701811692,4899.49169921875,39900400,4706.257348632813,152.7916258109792,5011.840600254771,4400.674097010855,0.8161730061452951,12.986253363757557,False,31.67050325266716,94.71239665635466,55260135.0,0.7220467340515907,12789618.873644557
2024-09-25,4730.5439453125,4857.254943847656,4603.832946777344,4857.254943847656,120885200,4714.704760742187,148.99593938508275,5012.696639512353,4416.712881972022,0.526576537313168,12.640956067978927,False,29.87993587372329,109.06570778385834,58447610.0,2.068265922250713,12789618.873644557
2024-09-26,4730.5439453125,4751.662445068359,4603.832946777344,4730.5439453125,59306200,4724.20810546875,143.24901446182525,5010.7061343924,4437.7100765451,0.5110573881913841,12.128933464721825,False,28.217266164703982,111.83454996294101,58989095.0,1.0053756546019226,12789618.873644557
2024-09-27,4603.8330078125,4730.544008027523,4561.596007740826,4730.544008027523,79718100,4730.54365234375,134.2662702134922,4999.076192770734,4462.011111916766,0.2640683614548688,11.353136559428627,False,27.063142442812325,115.91408212892355,60937540.0,1.3081936028267633,12789618.873644557
2024-09-30,4519.3583984375,4603.832387193341,4498.239901248539,4561.59539281542,69417600,4730.54365234375,134.2662702134922,4999.076192770734,4462.011111916766,0.10677902653724602,11.353136559428627,False,26.533193383714764,115.17686958856908,60072495.0,1.1555637900506712,12789618.873644557
2024-10-01,4540.47705078125,4603.832544513081,4519.35855287064,4540.47705078125,40085600,4731.599584960937,132.59058407309345,4996.780753107124,4466.41841681475,0.13963780777538706,11.208943757161821,False,26.041095857915426,112.98381790906996,60927370.0,0.6579243450029109,12789618.873644557
2024-10-02,4519.3583984375,4561.59539281542,4477.12140405958,4498.239901248539,27716400,4730.54365234375,134.2662702134922,4999.076192770734,4462.011111916766,0.10677902653724602,11.353136559428627,False,25.942954341416765,110.94740154098216,61298755.0,0.4521527394805979,12789618.873644557
2024-10-03,4540.47705078125,4561.59554869186,4477.121557049419,4540.47705078125,42597000,4731.599584960937,132.59058407309345,4996.780753107124,4466.41841681475,0.13963780777538706,11.208943757161821,False,25.851820720842493,109.05644369108639,61064670.0,0.6975719348028901,12789618.873644557
2024-10-04,4498.240234375,4582.714229386737,4434.884738116198,4561.595730633803,35822100,4726.3199462890625,139.849504316076,5006.018954921215,4446.62093765691,0.09227650997143329,11.835805100404247,False,26.1309393228759,111.82594708961875,59744685.0,0.5995863899859879,12789618.873644557
2024-10-07,4392.6474609375,4519.35844538762,4392.6474609375,4498.239947979267,52624000,4707.313305664063,157.87295208766173,5023.059209839386,4391.567401488739,0.001710330101639618,13.41512169140742,False,26.730582472882,112.88916404394028,55407620.0,0.9497610617456588,12789618.873644557
2024-10-08,4519.3583984375,4561.59539281542,4308.173426547897,4350.410420925818,90686900,4691.4744140625,160.1426670632662,5011.7597481890325,4371.189079935967,0.23130830967582916,13.653930762853175,False,27.883766252211142,122.92722134562477,56000590.0,1.6193918671214,12789618.873644557
2024-10-09,4498.240234375,4582.714229386737,4456.003236869132,4519.358733127934,70831500,4675.635546875,162.92183191978177,5001.479210714563,4349.7918830354365,0.2277907595168944,13.93794108085878,False,28.615832254023967,123.19749071505197,56790470.0,1.2472427151949965,12789618.873644557
2024-10-10,4498.240234375,4561.595730633803,4498.240234375,4519.358733127934,25892500,4661.908544921875,165.8455734381438,4993.599691798162,4330.217398045587,0.25328206361817834,14.229843579303674,False,29.29560782713588,118.92306253960564,56395465.0,0.459123796567685,12789618.873644557
2024-10-11,4540.47705078125,4582.714046602471,4498.240054960029,4582.714046602471,14488900,4652.405200195312,167.14614606041116,4986.697492316134,4318.11290807449,0.3325893954898479,14.370729879967808,False,29.561090033555274,116.4624146183797,54953980.0,0.26365515291158165,12789618.873644557
2024-10-14,4582.71435546875,4603.8328548027075,4540.477356800836,4540.477356800836,36808100,4643.957788085938,166.13191590692279,4976.221619899783,4311.693956272093,0.4078391525751436,14.309511282219972,False,29.442888685202874,112.66908529002812,55078800.0,0.6682807178079406,12789618.873644557
2024-10-15,4646.0693359375,4667.187832919034,4582.713844992898,4603.832341974432,44248600,4637.622241210937,163.35349125411636,4964.32922371917,4310.915258702705,0.5129276311478127,14.08941761599477,False,28.32508049057886,110.65514976403583,55252420.0,0.8008445602925628,12789618.873644557
2024-10-16,4624.951171875,4646.069670376713,4603.832673373287,4646.069670376713,26629100,4628.118920898438,157.92871268113544,4943.976346260709,4312.261495536167,0.49498547640631746,13.649494784414696,False,27.287115738427985,105.76813885256364,53359415.0,0.4990515731853507,12789618.873644557
2024-10-17,4646.0693359375,4709.424826882102,4624.950838955966,4646.0693359375,48570900,4614.39189453125,142.32851703378236,4899.048928598814,4329.734860463685,0.5556414168896515,12.337791872637688,False,25.40118048444059,104.24712807210453,51095570.0,0.9505892585208463,12789618.873644557
2024-10-18,4772.7802734375,4772.7802734375,4688.306286297014,4688.306286297014,58870300,4610.1681640625,135.8478982991985,4881.863960660898,4338.472367464103,0.7992540028423077,11.786806334586196,False,24.308204229965504,105.85168588838278,51655405.0,1.1396735733656527,12789618.873644557
2024-10-21,4751.66259765625,4857.255099826389,4730.544097222222,4815.018098958333,50980600,4602.776708984375,122.65876340335176,4848.094235791078,4357.459182177671,0.8034554656773243,10.659544979788253,False,24.16145669629063,107.34163708236733,51804000.0,0.984105474480735,12789618.873644557
2024-10-22,4772.7802734375,4793.898770222622,4709.424783082135,4772.7802734375,59956900,4596.441137695312,109.04294416685912,4814.527026029031,4378.355249361593,0.9042882762601099,9.489336719454586,False,23.71849442090272,105.70823351509019,52806825.0,1.1354005850569504,12789618.873644557
2024-10-23,4793.89892578125,4793.89892578125,4730.543433370044,4793.89892578125,63163700,4599.60888671875,113.95341434260844,4827.515715403967,4371.702058033533,0.9262488319971572,9.909835131560515,False,23.30717394061154,102.6830377219556,49920750.0,1.2652794679567114,12789618.873644557
2024-10-24,4751.66259765625,4815.018098958333,4751.66259765625,4772.781098090278,26445200,4600.664819335938,115.32021179798281,4831.305242931903,4370.0243957399725,0.8273445651158473,10.026395429922063,False,23.15458404962189,99.873927977679,48277700.0,0.5477725740870009,12789618.873644557
2024-10-25,4772.7802734375,4772.7802734375,4688.306286297014,4751.661776652379,20200300,4609.1121826171875,121.5822889906154,4852.276760598418,4365.947604635957,0.8365376901913437,10.551471448158797,False,22.041353990021623,98.7739322035938,45301810.0,0.44590492079676286,12789618.873644557
2024-10-28,4646.0693359375,4793.898814808239,4582.713844992898,4772.780317826704,48523000,4615.447729492187,119.94957564493743,4855.346880782062,4375.5485782023125,0.563821831550192,10.3954877338095,False,21.21474251714787,106.80329203300431,44257080.0,1.0963895494235048,12789618.873644557
2024-10-29,4477.1220703125,4646.070072965802,4456.003569980837,4561.596071639151,77068500,4612.27998046875,122.83553529526655,4857.951051059284,4366.608909878217,0.22492098920853099,10.652912296341805,False,21.58618764307652,112.75066424385865,46106225.0,1.6715421832952058,12789618.873644557
2024-10-30,4413.76611328125,4498.240105879934,4392.647615131579,4477.121607730263,58411700,4607.0003662109375,129.1467248843124,4865.293815979562,4348.706916442313,0.1259404698361809,11.213085705962731,False,22.391072479963576,112.23936613703697,47640990.0,1.226080734258461,12789618.873644557
2024-10-31,4434.884765625,4477.121763392857,4371.529268973214,4392.647767857143,50040800,4601.720751953125,134.07374175854787,4869.8682354702205,4333.573268436029,0.18891002790729486,11.654226667417177,False,23.28454257206163,111.76458958579455,48013180.0,1.0422304875452948,12789618.873644557
2024-11-01,4392.6474609375,4434.884455754207,4371.5289635291465,4434.884455754207,21870200,4596.44111328125,140.29771505836717,4877.036543397984,4315.845683164516,0.13685500462540057,12.209247250267762,False,24.114195577864734,108.30681905079878,47315585.0,0.46221979502102745,12789618.873644557
2024-11-04,4477.1220703125,4498.240570644162,4350.4110683225235,4413.766569317511,31669500,4600.66484375,135.01148322687519,4870.68781020375,4330.64187729625,0.2712365450613246,11.738432405941333,False,23.96131477109953,111.12986785585879,46267860.0,0.6844816250416595,12789618.873644557
2024-11-05,4561.595703125,4603.832700376158,4434.884711371528,4456.003209997107,32446400,4602.776708984375,133.9992874418903,4870.775283868155,4334.778134100594,0.4231693566332712,11.645082602450032,False,22.540874211899748,115.25973365219956,43355835.0,0.7483744690881862,12789618.873644557
2024-11-06,4329.29248046875,4582.714479325457,4308.1739805640245,4582.714479325457,67214100,4594.329321289062,145.7465271246965,4885.822375538455,4302.836267039669,0.045380521153766014,12.689253811157222,False,22.31411470282446,126.63693116000194,43174965.0,1.5567841224654149,12789618.873644557
2024-11-07,4244.81787109375,4371.528852320429,4244.81787109375,4350.410355449316,63745800,4581.658203125,164.36687937793843,4910.391961880877,4252.924444369123,-0.01232999815116839,14.34999051355067,False,22.558846399534204,126.64222045047887,45067630.0,1.4144475757877661,12789618.873644557
2024-11-08,4206.80517578125,4329.292475076086,4198.3577758298825,4287.0554753192455,51133100,4564.974609375,184.4715080673943,4933.917625509788,4196.031593240212,0.014600605066206506,16.164077468343287,False,23.09777424550219,126.94882607874491,46899840.0,1.0902617151785592,12789618.873644557
2024-11-11,4215.25244140625,4244.818340293869,4054.75184744489,4181.4628426775425,44028300,4546.601513671875,200.23729235551508,4947.076098382905,4146.126928960845,0.08630449357389744,17.616436518871566,False,24.41497434243712,131.4572308480474,47260850.0,0.9316019496052229,12789618.873644557
2024-11-12,4164.56787109375,4223.699666423681,4113.883475096665,4189.910069092292,70220900,4522.526440429688,215.9761396556299,4954.478719740948,4090.574161118428,0.08565032935270489,19.102255564490182,False,25.63808871816241,129.91144231083086,48559465.0,1.4460805941745858,12789618.873644557
2024-11-13,4189.91015625,4244.818253055695,4147.673158707157,4164.5679577242945,64548800,4500.774389648437,226.75605925130924,4954.286508151055,4047.262271145819,0.15727020214494838,20.152626158986067,False,26.49940886791433,127.5709888849528,50455450.0,1.2793226499813202,12789618.873644557
2024-11-14,4181.462890625,4198.357690183081,4147.673291508839,4189.91029040404,33431400,4477.5440673828125,234.7455680066636,4947.03520339614,4008.052931369485,0.18467862964146817,20.97092195846334,False,27.299206149826826,122.07908958418777,49698475.0,0.6726846246288242,12789618.873644557
2024-11-15,4147.6728515625,4173.015048211558,4113.883256030423,4156.12025044552,32785700,4446.2886962890625,234.98228259008806,4916.253261469239,3976.3241311088864,0.1822996169806137,21.13963340133157,False,28.255286469810926,118.18627137064418,48394245.0,0.6774710505350378,12789618.873644557
2024-11-18,4113.88330078125,4164.567694630711,4080.0937048816095,4164.567694630711,22240200,4414.399731445313,234.63508007610662,4883.669891597526,3945.1295712930996,0.17980445361517683,21.260882054220765,False,29.351133721027026,115.77825125481972,46957225.0,0.47362679545054037,12789618.873644557
2024-11-19,4096.98876953125,4130.778367630477,4054.7517719072166,4105.436169056057,28214800,4380.61015625,228.89864376953517,4838.40744378907,3922.8128687109293,0.19023256096231866,20.90107410657906,False,30.522403471830543,112.93884728827977,45370120.0,0.6218806562557031,12789618.873644557
2024-11-20,4096.98876953125,4139.225767155283,4054.7517719072166,4113.8835685808635,24693600,4345.7646484375,215.31451768108516,4776.393683799671,3915.1356130753297,0.21114827557200935,19.818332109494296,False,31.46936386660145,110.9056435711217,43446615.0,0.5683664883904074,12789618.873644557
2024-11-21,3987.17236328125,4096.988551252979,3978.724964206501,4071.646354028734,45727200,4307.54013671875,207.1688232020351,4721.87778312282,3893.2024903146794,0.11339770086318604,19.23778459414148,False,32.8136334944819,111.43122655352363,44410715.0,1.0296434092538254,12789618.873644557
2024-11-22,4088.54150390625,4105.436303509168,4004.067505891658,4012.5149056931173,50258400,4273.328198242188,181.1603515505713,4635.64890134333,3911.007495141045,0.24499567268123493,16.957307573529285,False,33.91518576646319,111.9192775302661,45913620.0,1.094629436755368,12789618.873644557
2024-11-25,4215.25244140625,4287.055338704753,4088.5414461735973,4096.988845855774,98405900,4251.787353515625,158.73166109997857,4569.2506757155825,3934.324031315668,0.44245805805817884,14.933170255443754,False,32.3931756569043,118.10460717318679,48407765.0,2.0328536134646993,12789618.873644557
2024-11-26,4181.462890625,4265.936888415405,4181.462890625,4244.818388967803,37322800,4237.00439453125,150.17851525432414,4537.361425039899,3936.647364022602,0.4075408625991011,14.177801226561042,False,30.97988055517104,115.70242078870236,46420480.0,0.8040158137098108,12789618.873644557
2024-11-28,4244.81787109375,4287.054864835976,4181.4623804804105,4244.81787109375,28337000,4228.556982421875,144.35105458012737,4517.259091582129,3939.85487326162,0.5281620538193733,13.654876136724194,False,29.415019409669295,114.98028247204975,44916745.0,0.6308783060749393,12789618.873644557
2024-11-29,4206.80517578125,4265.936975440826,4173.015575975778,4244.818475562406,48885400,4217.153002929687,135.95825292209918,4489.069508773886,3945.2364970854887,0.480972418139327,12.895738222222253,False,28.048592821079904,113.40464797154964,44858975.0,1.089757400832275,12789618.873644557
2024-12-02,3978.725341796875,4223.699938213243,3978.7253417968745,4206.80513846039,49318100,4196.456896972656,139.30110381946116,4475.059104611579,3917.854689333734,0.10924294710189715,13.27797303672569,False,28.3716239921595,122.80250143189382,46231370.0,1.0667670025785523,12789618.873644557
2024-12-03,4037.85693359375,4088.5413302497386,3995.619936380426,4004.067335823091,60101100,4174.493640136719,126.78711308044062,4428.0678662976,3920.9194139758374,0.23057848068462825,12.14874176464556,True,28.671581508161985,121.87489336196309,47652950.0,1.261225170739692,12789618.873644557
2024-12-04,4181.462890625,4206.805089962121,4046.3044941603534,4054.751893939394,46942200,4155.486999511719,88.37717743846652,4332.241354388651,3978.7326446347856,0.5734802011847671,8.50703442930766,True,27.53729705312858,125.23726929099224,48377740.0,0.9703264352572072,12789618.873644557
2024-12-05,4071.646728515625,4181.462926587623,4063.1993286639326,4181.462926587623,33537600,4142.604711914062,80.0992028026693,4302.803117519401,3982.4063063087237,0.2785309312838982,7.734187389137596,True,26.484032916311847,124.73914990761352,46693915.0,0.7182434799052511,12789618.873644557
2024-12-06,4105.4365234375,4122.331323945473,4037.857321405607,4071.6469224215534,25735100,4135.63564453125,76.73068069013486,4289.09700591152,3982.1742831509805,0.4016067600921439,7.42141593557445,True,25.728713327080122,121.86306795277441,44793380.0,0.5745290933615637,12789618.873644557
2024-12-09,4223.69970703125,4265.936704101562,4122.3309140625,4130.778313476562,43938100,4136.48037109375,77.64299388551223,4291.766358864775,3981.194383322726,0.7808345337188703,7.508121583565706,True,24.2374248992015,124.6228617178664,44433630.0,0.9888478614058765,12789618.873644557
2024-12-10,4308.173828125,4308.173828125,4164.568033854167,4215.2524318321075,39158900,4141.126440429687,85.03316393624029,4311.192768302168,3971.0601125572066,0.9911242271914305,8.213529836332857,True,23.217523987418762,125.97878547164974,44190160.0,0.8861452413840547,12789618.873644557
2024-12-11,4287.05517578125,4371.529169392703,4265.936677378387,4265.936677378387,39770900,4147.250805664063,91.01118454991264,4329.273174763888,3965.228436564237,0.8840307397617575,8.777977394144111,True,22.7837184881206,124.52262165326877,42667660.0,0.9321087680927428,12789618.873644557
2024-12-12,4122.33056640625,4244.817847580206,4122.33056640625,4244.817847580206,45911900,4143.871826171875,90.59758525725586,4325.066996686387,3962.6766556573634,0.4405578534337923,8.745211151084305,True,21.29594083156352,127.394192204821,41735815.0,1.1000599844522025,12789618.873644557
2024-12-13,3995.619873046875,4080.0938661345467,3987.172473738108,4054.751668208245,72851000,4134.579675292969,95.9136669790533,4326.407009251076,3942.7523413348626,0.1377997874994139,9.279169783782866,True,20.907603421582742,127.94875652362965,43706795.0,1.6668117623358107,12789618.873644557
2024-12-16,3919.59326171875,3987.1724558863143,3885.8036646349674,3894.251063905913,83736700,4123.175695800781,107.17322685740048,4337.522149515582,3908.82924208598,0.025108928667166783,10.39715353061965,False,21.16467062390256,126.65357451564952,46254345.0,1.8103531679023883,12789618.873644557
2024-12-17,3775.987548828125,3919.593339275727,3742.1979510757483,3902.6985403995386,119873700,4106.280908203125,132.38311515391683,4371.0471385109595,3841.5146778952917,-0.12374525442874783,12.895670619070893,False,22.1342673965913,130.2779897788159,51136020.0,2.344212553108357,12789618.873644557
2024-12-18,3742.197998046875,3826.671993488114,3725.3031989586275,3775.9875962233705,56470100,4088.541369628906,155.45462892491597,4399.450627478738,3777.632111779074,-0.05698465522907249,15.208810660905778,False,23.113305909589624,128.21304726100666,52548785.0,1.074622372334584,12789618.873644557
2024-12-19,3640.8291015625,3691.5134974079174,3632.38170225493,3683.066098100348,71247000,4065.7333862304686,184.83670256792465,4435.4067913663175,3696.059981094619,-0.07470226254418097,18.184832600574957,False,24.43902324544846,126.89899358464511,54876455.0,1.2983163726592761,12789618.873644557
2024-12-20,3598.59228515625,3683.0662824603874,3598.59228515625,3657.7240832691464,83872500,4046.3043823242188,211.9616121944977,4470.227606713214,3622.381157935223,-0.028057996602168143,20.953600339156484,False,25.81326369213019,123.868636707466,56783720.0,1.4770518733186202,12789618.873644557
2024-12-23,3699.9609375,3708.408336900685,3649.2765410958905,3649.2765410958905,43668100,4026.875354003906,225.27723742576154,4477.429828855429,3576.320879152383,0.1372087785704067,22.377373782058516,False,26.81209416244677,122.86488063867806,56454205.0,0.7735136824617405,12789618.873644557
2024-12-24,3699.9609375,3716.85573630137,3666.17133989726,3699.9609375,21458900,4001.1107788085938,231.96615931747382,4465.043097443541,3537.1784601736463,0.1754377425195524,23.19017614269066,False,27.643672224545607,117.70913176478034,52606855.0,0.4079107180993808,12789618.873644557
2024-12-27,3683.066162109375,3742.1979582900303,3683.066162109375,3699.9609610181337,22838700,3976.1909423828124,238.2571820673122,4452.705306517437,3499.676578248188,0.1924281802021145,23.96838436783238,False,28.1182090300958,113.52503636591427,51882650.0,0.44019918026546445,12789618.873644557
2024-12-30,3674.618896484375,3699.961095770474,3607.0396983881105,3666.1714967223415,43899600,3947.6809936523437,238.53634169030752,4424.753677032959,3470.6083102717284,0.2138149943599727,24.16976874006396,False,28.974803626303014,112.05334786708922,52660780.0,0.8336298854669453,12789618.873644557
2025-01-02,3877.356201171875,3877.356201171875,3683.0660211567265,3683.0660211567265,56985400,3931.208544921875,230.9551725885585,4393.118890098992,3469.2981997447578,0.44170693045492365,23.49966123134262,False,27.947520083054577,118.53077335426141,53065780.0,1.0738634200797577,12789618.873644557
2025-01-03,3835.11962890625,3911.1462294792814,3835.11962890625,3885.804029288271,76388000,3924.0282592773438,231.63147305919364,4387.291205395731,3460.7653131589564,0.40404085723232774,23.611600911544024,False,26.698830941395563,115.49476101274499,54419275.0,1.4036938198827529,12789618.873644557
2025-01-06,3742.197998046875,3852.0141921204854,3725.3031989586275,3843.5667925763614,26008100,3909.2453125,233.41224130325284,4376.069795106506,3442.4208298934946,0.3210812407262579,23.883099948412646,False,26.25521360832318,116.29592045196735,52714625.0,0.49337541526663614,12789618.873644557
2025-01-07,3683.066162109375,3725.3031593812716,3666.1713632006167,3691.5135615637546,36973900,3884.325476074219,229.39036444401438,4343.106204962248,3425.54474718619,0.28065849185443487,23.622156882265493,False,26.189468447136306,113.41954290870243,52216210.0,0.7080923720813901,12789618.873644557
2025-01-08,3691.513427734375,3742.1978226231763,3674.6186294381077,3674.6186294381077,39476000,3865.318811035156,228.80019032312384,4322.919191681403,3407.7184303889085,0.31009042971585404,23.67723869709465,False,25.963606327069076,110.14523221415715,52513130.0,0.7517358039789287,12789618.873644557
2025-01-09,3699.9609375,3725.303135702055,3674.6187392979455,3683.0661386986303,25545500,3845.045031738281,224.32438949657794,4293.693810731437,3396.3962527451254,0.33830994195072295,23.336464217706666,False,25.753877215578072,105.89802965629661,52503650.0,0.4865471257712559,12789618.873644557
2025-01-10,3674.618896484375,3733.750694818606,3674.6188964843745,3699.961095770474,28235300,3817.5909912109373,208.5915702449813,4234.7741317009,3400.4078507209747,0.3286458861225213,21.855832196294692,False,25.466304595915254,102.5575845618634,51718510.0,0.5459418687816026,12789618.873644557
2025-01-13,3556.355224609375,3657.724019610117,3547.90782502598,3649.276620026722,54029800,3780.0000610351562,181.51547209908856,4143.031005233333,3416.969116836979,0.1919755188917251,19.207986155363226,False,26.014192486255673,104.28283362590138,52462055.0,1.029883408112778,12789618.873644557
2025-01-14,3488.776123046875,3581.697520997276,3471.8813234195295,3522.5657223015664,71568000,3740.0861083984373,149.0060906528524,4038.098289704142,3442.0739270927324,0.07835618622957365,15.936113376454763,False,26.934038886018932,104.67807390817603,54051910.0,1.3240605188604806,12789618.873644557
2025-01-15,3725.30322265625,3742.1980218519698,3505.6708331118903,3505.6708331118903,82038200,3720.2347412109375,118.78322990579589,3957.8012010225293,3482.6682813993457,0.5106675021577798,12.77158439385273,True,26.16447988349818,115.30263282938452,55858225.0,1.4686861245590959,12789618.873644557
2025-01-16,3801.329833984375,3885.803830295139,3784.435034722222,3885.803830295139,113849300,3710.5202392578126,101.80778346366537,3914.1358061851433,3506.904672330482,0.7229927605657279,10.97504143882845,True,24.319651437595326,118.53105960149199,57908140.0,1.966032754635186,12789618.873644557
2025-01-17,3775.987548828125,3860.4615432090677,3699.960953885277,3759.0927499519366,40130000,3703.339953613281,90.74979500182562,3884.839543616932,3521.84036360963,0.7001315683781505,9.801940533521112,True,23.172100917965725,121.52888315308476,55727805.0,0.720107314472551,12789618.873644557
2025-01-20,3902.698486328125,3936.488083612351,3792.88229515439,3818.2244931175596,67692300,3709.675500488281,100.0364009948902,3909.7483024780618,3509.6026984985006,0.9823818727987405,10.786539251934368,True,21.553730416966122,124.31257255530915,53118735.0,1.2743582843228476,12789618.873644557
2025-01-21,4004.067138671875,4071.6463308857465,3928.0405474312697,3961.8301435382054,96008700,3722.7689575195313,119.71859557456466,3962.2061486686607,3483.331766370402,1.0874153881489987,12.8633924845374,True,20.84176313654885,127.50080626976003,55095665.0,1.7425817439539026,12789618.873644557
2025-01-22,4046.304443359375,4063.1992427053433,4020.962244340423,4046.304443359375,55899500,3743.042724609375,138.0424912393326,4019.12770708804,3466.95774213071,1.0492180632704915,14.75190120932843,False,20.180650661875667,122.61732753859634,54328290.0,1.0289206599361034,12789618.873644557
2025-01-23,3928.040771484375,4071.6465631300402,3928.040771484375,4046.3043646043348,86704800,3759.5151489257814,139.54633092082443,4038.6078107674302,3480.4224870841326,0.8019169716726758,14.847268904948812,False,18.868669321510122,124.11650354624413,54469905.0,1.5917927523464563,12789618.873644557
2025-01-24,3894.2509765625,3970.277568295824,3894.2509765624995,3936.487971969902,42140900,3769.2296508789063,141.9247389848194,4053.079128848545,3485.3801729092675,0.7202246884120854,15.061405340661643,False,17.632577553242083,120.6815098453213,54393545.0,0.774740826324153,12789618.873644557
2025-01-30,3919.59326171875,3944.9354595315867,3868.908866093076,3894.251063905913,23980100,3780.2112670898437,144.751900651426,4069.7150683926957,3490.7074657869916,0.7407256726883145,15.316805376633011,False,16.66819060780002,117.49187295912054,54519605.0,0.43984361221986107,12789618.873644557
2025-01-31,4029.409423828125,4122.330815153302,3936.488032502948,3936.488032502948,78958600,3797.528430175781,153.00051758684126,4103.529465349464,3491.5273950020987,0.8788892307516718,16.11579956806371,False,16.404805308978087,123.58085013593707,57325600.0,1.3773706686018115,12789618.873644557
2025-02-03,4037.85693359375,4054.7517324790797,3919.5933413964435,4029.409534151085,63072700,3815.69033203125,159.0809048975924,4133.8521418264345,3497.5285222360653,0.8491409005146139,16.676500560034384,False,16.026472244576222,124.40781734641557,58284255.0,1.0821567505666838,12789618.873644557
2025-02-04,3970.27783203125,4037.857029172207,3970.27783203125,4029.4096295295876,44266700,3820.3364135742186,162.3010273377674,4144.938468249753,3495.7343588986837,0.7309619059665379,16.993375427471555,False,15.675162970488778,120.34863018888284,57648320.0,0.7678749354707995,12789618.873644557
2025-02-05,3801.329833984375,3953.3830273437497,3784.435034722222,3928.0408284505206,52077600,3818.646923828125,162.31490918372705,4143.27674219558,3494.0171054606712,0.47332794330040734,17.002347943811394,False,15.147320366576123,125.02678498317891,56432800.0,0.922825023745056,12789618.873644557
2025-02-06,3623.934326171875,3809.777112129407,3598.5921280867574,3801.329712767701,72520900,3812.733740234375,167.3234667141814,4147.3806736627375,3478.086806806012,0.21791252929123905,17.554172739468104,False,15.693752820314382,131.1809420588554,58758440.0,1.2342209902100874,12789618.873644557
2025-02-07,3607.03955078125,3674.618746112046,3514.118157201405,3590.144751948551,69268900,3808.932409667969,171.2420761483363,4151.416561964641,3466.448257371296,0.20525226126108226,17.983209753334915,False,16.597574152069924,133.27520254826868,60373190.0,1.1473453696914144,12789618.873644557
2025-02-10,3505.670654296875,3640.829040968562,3505.670654296875,3607.03944430064,46856100,3799.640270996094,182.6135871982371,4164.867445392568,3434.4130965996196,0.09755237656536121,19.224302741729183,False,17.476155317415433,133.40971569994142,60742195.0,0.7713929336929626,12789618.873644557
2025-02-11,3438.091552734375,3522.5655466590524,3421.1967539494394,3505.670747874117,52994400,3786.5468017578123,198.8068951699711,4184.1605920977545,3388.93301141787,0.06181694713666304,21.001393150897258,False,18.680046846442828,131.1210783434894,62114640.0,0.8531708466796234,12789618.873644557
2025-02-12,3632.381591796875,3632.381591796875,3463.433610783067,3488.7758079351383,57782300,3784.4349365234375,200.2773479930417,4184.989632509521,3383.880240537354,0.31019652715312923,21.16853388707229,False,18.870715461246917,135.63314696627586,63591990.0,0.9086411669142608,12789618.873644557
2025-02-13,3590.144775390625,3632.381772748162,3556.3551775045958,3615.486973805147,38173200,3786.1244140625,198.38565993678282,4182.895733936066,3389.3530941889344,0.25303199997630177,20.95923305636073,False,19.04776340289585,131.37553612893947,62799160.0,0.6078616338180319,12789618.873644557
2025-02-14,3691.513427734375,3708.408226030642,3632.3816336974396,3640.8290328455732,61932800,3796.261279296875,187.26011224623343,4170.7815037893415,3421.741054804408,0.3601572829552136,19.73100358159929,False,18.58804989654222,130.4389585940164,62317400.0,0.9938283689627616,12789618.873644557
2025-02-17,3860.46142578125,3877.3562241435316,3674.6186437961574,3691.5134421584385,52492800,3803.019189453125,187.0032182587922,4177.025625970709,3429.0127529355404,0.5767931119888954,19.668921868962048,False,17.541821496279535,135.6031458621134,60840130.0,0.862798945367145,12789618.873644557
2025-02-18,4012.5146484375,4012.5146484375,3885.8036595394738,3885.8036595394738,73992700,3813.5784301757812,192.77603739274764,4199.1305049612765,3428.026355390286,0.7579887793009522,20.219963052797308,False,17.341555378456107,136.77815134740885,58847300.0,1.2573677976729603,12789618.873644557
2025-02-19,3818.224609375,4012.514799675055,3784.4350110619466,4012.514799675055,72328000,3815.690283203125,192.57380340788893,4200.837890018903,3430.5426763873475,0.5032900712960773,20.187571748745867,False,16.47347616629249,143.29969686638742,60457200.0,1.1963504760392476,12789618.873644557
2025-02-20,3767.5400390625,3843.566631779008,3716.855643918161,3818.2244342068384,49467500,3808.9323608398436,191.72943569506694,4192.3912322299775,3425.4734894497096,0.44602769049613317,20.134716769062493,False,15.349848147937067,142.11478908027738,59545960.0,0.8307448565780113,12789618.873644557
2025-02-21,3632.381591796875,3750.645178506541,3632.381591796875,3725.3029813544695,70115400,3790.3480834960938,189.82380181428638,4169.995687124667,3410.700479867521,0.2919564219694574,20.032334512053477,False,14.80665703773265,141.61790752208793,58251295.0,1.203671094350778,12789618.873644557
2025-02-24,3547.907958984375,3649.2767578125,3547.907958984375,3632.3819580078125,61467000,3765.428259277344,187.14925678752073,4139.726772852386,3391.1297457023024,0.2094293826932881,19.88079377971612,False,14.767563286297221,138.74297118680485,58529670.0,1.0501853162678005,12789618.873644557
2025-02-25,3573.25,3615.4869976359337,3471.881205673759,3573.25,45778400,3747.688720703125,187.7383217536107,4123.1653642103465,3372.2120771959035,0.26771029074705943,20.037771089845275,False,15.123553837948188,139.09031552790273,56483350.0,0.810476007531423,12789618.873644557
2025-02-26,3674.618896484375,3674.6188964843745,3556.355299815912,3590.1448988640445,42114300,3736.7071166992187,185.11940150832217,4106.945919715863,3366.4683136825743,0.4161511169156783,19.816313746510108,False,15.018558615303515,137.60269275222842,56482020.0,0.74562312041956,12789618.873644557
2025-02-27,3666.17138671875,3691.5135852444555,3547.9077935987902,3674.6187862273187,58362900,3724.036022949219,180.55928874771655,4085.154600444652,3362.917445453786,0.4198813909937924,19.39393578741207,False,14.795832632412859,138.03148553033105,58201160.0,1.0027789824120343,12789618.873644557
2025-02-28,3404.302001953125,3607.03959015877,3387.4072029359877,3607.03959015877,156574800,3692.780651855469,179.01344320034022,4050.807538256149,3334.7537654547887,0.09712711410799257,19.39063920413397,False,15.446784149717503,148.08382111979043,62081970.0,2.522065585225469,12789618.873644557
2025-03-03,3598.59228515625,3640.829283808319,3480.3286889304577,3531.01308731294,156616300,3670.817419433594,160.42978144530946,3991.676982324213,3349.9578565429747,0.3874505505981049,17.481641074925903,False,15.785916955332816,154.40121117231925,66759150.0,2.345990025337351,12789618.873644557
2025-03-04,3564.802490234375,3623.9342850960825,3522.5654939045835,3581.6972887662914,71340000,3650.54365234375,145.52241545131398,3941.588483246378,3359.4988214411223,0.35270110820476863,15.94528698298233,False,16.100825989118462,150.6131811736892,68112815.0,1.0473799974351377,12789618.873644557
2025-03-05,3767.5400390625,3835.119232588285,3590.144656057315,3590.144656057315,101995600,3648.8541625976563,143.86640165835755,3936.5869659143714,3361.1213592809413,0.7062432143585016,15.771132004457812,False,15.040819420939753,159.16343554370496,70608715.0,1.4445185696978058,12789618.873644557
2025-03-06,3877.356201171875,3970.2775916139026,3835.119205516408,3843.566604647501,104226000,3661.525256347656,152.45954425337763,3966.444344854411,3356.606167840901,0.8539151088919733,16.65530439688457,False,14.829182698441123,162.27587247282622,72193970.0,1.4436939816441734,12789618.873644557
2025-03-07,3835.11962890625,3877.3566292246005,3767.5404283968887,3877.3566292246005,61630700,3672.9292602539062,156.6423395099845,3986.2139392738754,3359.644581233937,0.7588546129349746,17.059118584729404,False,14.186723158810581,158.52875306960377,71812060.0,0.8582221426317529,12789618.873644557
2025-03-10,3759.0927734375,3835.1193688553367,3725.303175474017,3835.1193688553367,43038000,3685.6003662109374,152.5980615228361,3990.7964892566097,3380.404243165265,0.6204019344891294,16.561541823344015,False,13.31696085490404,155.04930309550585,71621155.0,0.6009118395256262,12789618.873644557
2025-03-11,3759.0927734375,3767.540172928371,3683.066178019663,3699.9609770014044,44323600,3701.650427246094,141.68639039065724,3985.023208027408,3418.2776464647795,0.6013547349767087,15.310618133767662,False,12.495125237559074,150.00820965359173,71187615.0,0.6226307764349178,12789618.873644557
2025-03-12,3826.672119140625,3843.56691878363,3784.4351200331125,3792.882519854615,44656600,3711.364953613281,143.33810648541115,3998.0411665841034,3424.688740642459,0.7011104519841689,15.448559575997628,False,11.965565018832022,145.3272050602016,70531330.0,0.633145582254014,12789618.873644557
2025-03-13,3826.672119140625,3885.8039178911426,3750.6455207471026,3885.8039178911426,48947400,3723.1913208007813,142.56569939619084,4008.322719593163,3438.0599220083996,0.6814615976671042,15.316505343112796,False,11.7377523328807,144.60086163761866,71070040.0,0.688720591686736,12789618.873644557
2025-03-14,3742.197998046875,3818.22459394399,3716.8557994145035,3775.9875962233705,50335900,3725.725549316406,142.4233705004751,4010.5722903173564,3440.878808315456,0.5289145817020492,15.290806433834813,False,11.274091959454962,142.11625150108316,70490195.0,0.7140837105075394,12789618.873644557
2025-03-17,3657.723876953125,3767.5400672542582,3598.5920821755917,3742.1978694924583,60911900,3715.588671875,139.5140547875139,3994.6167814500277,3436.560562299972,0.396310097556111,15.019321793454695,False,10.913307608055021,144.032803899482,70911150.0,0.8589890306390462,12789618.873644557
2025-03-18,3539.46044921875,3640.8292449004325,3404.3020549765065,3632.3818452602927,80141500,3691.9359619140623,125.96707165186224,3943.8701052177867,3440.001818610338,0.19739013796257787,13.64780678227748,False,11.66102861624082,151.84630519070603,71218590.0,1.1252890572531695,12789618.873644557
2025-03-19,3522.565673828125,3590.1448714075614,3480.328675340977,3539.460473222984,110420100,3677.1530151367188,127.70301100409701,3932.559037144913,3421.7469931285245,0.19736942752345496,13.891509053707304,False,12.355340980984778,148.84415453898305,73123195.0,1.5100557353928532,12789618.873644557
2025-03-20,3446.5390625,3607.039656096814,3421.1968635110293,3581.697457107843,109598400,3661.1029663085938,135.66871824209696,3932.4404027927876,3389.7655298244,0.10461794990627347,14.822715393758903,False,13.30316529572498,151.48691439946887,76129740.0,1.4396266163525582,12789618.873644557
2025-03-21,3184.669677734375,3454.986467356391,3184.669677734375,3446.539067680703,246727700,3638.7173706054687,172.57423792122793,3983.8658464479245,3293.568894763013,-0.15775705913640664,18.97088675425343,False,15.185479156874424,159.97476262965083,84960355.0,2.904033298825081,12759033.942993533
2025-03-24,3142.4326171875,3235.354011781754,3066.406021610383,3184.669614730343,135658700,3618.443603515625,204.64181530866298,4027.727234132951,3209.159972898299,-0.08151725444058658,22.622081505964168,False,17.330807406927,160.6157074540594,88669940.0,1.529928857513606,12590085.700806033
2025-03-25,3294.48583984375,3319.828038611779,3159.327446414263,3184.669645182292,157671900,3604.5053955078124,217.00204666496114,4038.509488837735,3170.50130217789,0.1428379819123147,24.081200925420102,False,18.63585624530225,161.8142584519322,94264615.0,1.6726520338517268,13198298.591431033
2025-03-26,3590.144775390625,3615.486973805147,3378.9597886029414,3387.4071880744486,229422000,3600.281689453125,216.38676477342625,4033.0552189999776,3167.508159906273,0.48828843104947484,24.04109271864168,False,17.912674169262402,173.18474955975114,103630000.0,2.213856991218759,14380934.333618533
2025-03-27,3581.697265625,3615.4868624705186,3471.8810758770637,3590.14466483638,101189600,3596.0579833984375,215.85674369330115,4027.77147078504,3164.344496011835,0.48336776798384185,24.010374102956693,False,17.241147955796833,171.07196649072998,105771335.0,0.9566826399610064,14347144.294556033
2025-04-08,3404.302001953125,3446.538999495968,3049.5112225932457,3108.643019153226,185281600,3596.0579833984375,215.85674369330115,4027.77147078504,3164.344496011835,0.2779129132539776,24.010374102956693,False,18.242696496897736,196.86582910080315,107206675.0,1.728265520780306,13637563.239868533
2025-04-09,3412.74951171875,3497.2235095335705,3353.617713248376,3404.302111937268,81414200,3586.7658447265626,219.7076093406916,4026.1810634079457,3147.3506260451795,0.3019910034863965,24.50202983433851,False,18.880770799396906,193.0615410425454,103446570.0,0.7870169112421997,13671353.278931033
2025-04-10,3598.59228515625,3716.8558813820423,3564.802686234595,3699.961081921215,131182600,3588.4553344726564,219.6597400625364,4027.7748145977293,3149.1358543475835,0.5115371058445981,24.485158051417315,False,18.320787647714813,200.9933145154559,106438700.0,1.2324708963938869,14365804.389438162
2025-04-11,3708.408447265625,3716.855846917711,3547.907853875997,3581.6974524843395,90221600,3585.4987548828126,217.50985667632477,4020.518468235462,3150.479041530163,0.6412691064452698,24.265506312628325,False,17.866891032540252,198.7043629816172,105850000.0,0.852353330184223,14365804.389438162
2025-04-14,3843.56689453125,3843.56689453125,3750.645497081044,3759.0928968492444,162128800,3583.809289550781,215.24301164287755,4014.295312836536,3153.323266265026,0.8017027161507201,24.023935901997454,False,16.825643294483147,194.16536900190349,108745140.0,1.4909061683124414,14365804.389438162
2025-04-15,3939.342041015625,4003.7705323406467,3930.137970826336,3939.342041015625,156480600,3589.02041015625,222.77733305025797,4034.575076256766,3143.465744055734,0.8931297969847133,24.828761900583256,False,16.09302484074962,191.7395310595816,113487635.0,1.3788339143731385,14365804.389438162
2025-04-16,3773.668701171875,3948.546031226181,3764.4646311690167,3939.341961223323,109735100,3589.7492065429688,223.38600319416196,4036.5212129312927,3142.977200154645,0.7058314889911071,24.891544265766584,False,15.205697151875185,191.19252170226608,116822490.0,0.9393319728076331,14365804.389438162
2025-04-17,3718.4443359375,3819.6891074605505,3718.4443359375,3782.872826906714,68392500,3587.7167846679686,221.94444538951575,4031.605675447,3143.827893888937,0.6472525602522995,24.744923717277864,False,14.573993175627157,184.76768240375068,118025935.0,0.5794700969748725,14365804.389438162
2025-04-21,3672.423828125,3727.6482465930453,3635.6075491463034,3718.444176848371,67071400,3580.0043701171876,215.7988103620898,4011.6019908413673,3148.406749393008,0.607066690790303,24.111569490070305,False,14.331044980238248,178.14432633539292,119146675.0,0.5629313617018687,14365804.389438162
2025-04-22,3690.83203125,3727.6483108634666,3644.8116817331675,3672.423891443267,84001100,3573.212365722656,209.67751807178726,3992.5674018662307,3153.8573295790816,0.6402387659499508,23.47215856333594,False,14.105449886487213,171.3366336778862,120899360.0,0.6948018583390351,14365804.389438162
2025-04-23,3819.68896484375,3838.0971044333587,3709.2401273060996,3755.2604762801207,128948700,3577.0869140625,213.6429507373748,4004.3728155372496,3149.8010125877504,0.7838872637078883,23.89016044284374,False,13.311518891172033,169.61723649970565,124830000.0,1.0329944724825764,14365804.389438162
2025-04-24,3838.09716796875,3911.7297275460883,3792.0768182329134,3865.7093778102517,145433700,3586.105578613281,220.9096271817552,4027.9248329767915,3144.2863242497706,0.7851749746833586,24.640616104468318,False,12.516308018060709,166.048355986382,129056090.0,1.1269030388259864,14365804.389438162
2025-04-25,3865.70947265625,3874.913542829241,3810.4850516183033,3865.70947265625,102065100,3602.4180297851562,229.17481863750254,4060.7676670601613,3144.068392510151,0.7872168116423331,25.446776775228415,False,11.777897921600195,158.78979421670743,130152270.0,0.7841976171449027,14365804.389438162
2025-04-28,3856.50537109375,3911.729791682205,3838.097230897599,3874.9135112899016,68481300,3619.1150146484374,235.13815028213665,4089.3913152127107,3148.838714084164,0.7523945563070833,25.988469482778022,False,11.289834513242477,152.70713468584307,128055330.0,0.534778989675791,14365804.389438162
2025-04-29,3810.48486328125,3884.117421025815,3792.0767238451085,3874.9133513077445,61824000,3637.3123046875,235.16244968044705,4107.637204048394,3166.9874053266058,0.6840988631784831,25.86112271716531,False,10.561722231579243,148.37381772119045,125666610.0,0.491968391603784,14365804.389438162
2025-04-30,3847.30126953125,3847.30126953125,3755.2605693032297,3828.8931294856457,85510000,3670.443884277344,213.73645396944312,4097.9167922162305,3242.9709763384576,0.7068638526200943,23.29270907913905,False,9.950179352788373,144.35002361453544,117605725.0,0.7270904541424322,14365804.389438162
2025-05-02,3865.70947265625,3893.321683175223,3828.8931919642855,3884.1176130022322,81966800,3706.6077270507812,177.8761314572116,4062.3599899652045,3350.855464136358,0.723613118159899,19.195571212898912,False,9.385084144525035,138.64134272856415,114921130.0,0.7132439439117941,14365804.389438162
2025-05-05,3874.91357421875,3939.3420659516037,3847.3013634760987,3874.91357421875,60392100,3735.629113769531,152.65993084660593,4040.948975462743,3430.3092520763194,0.7280959706924883,16.346369106494144,True,9.146536065579758,135.31272556763136,110057140.0,0.548734048513345,14365804.389438162
2025-05-06,3847.30126953125,3893.32161964526,3838.097199508448,3884.1175496224582,66444400,3748.4869384765625,150.5768801311699,4049.6406987389023,3447.3331782142227,0.664059600266337,16.068017053554566,True,8.858882920005158,129.59213232257284,101908260.0,0.6520021046380342,14365804.389438162
2025-05-07,3828.89306640625,3865.7093458909258,3810.4849266639126,3856.505276019757,57689300,3760.846728515625,146.24881502231753,4053.34435856026,3468.3490984709897,0.616319468776963,15.554881714633531,True,8.385759576598128,124.28015281574714,99733245.0,0.5784360069703939,14365804.389438162
2025-05-08,3792.076904296875,3884.117605857479,3755.2606236726338,3828.8931849211167,77995600,3780.2354736328125,119.80649202790357,4019.8484576886194,3540.6224895770056,0.5247094929156773,12.677145946442245,True,8.034594454671554,124.60706919925413,94368945.0,0.826496470846421,14365804.389438162
2025-05-09,3773.668701171875,3810.484981183308,3736.8524211604417,3792.076841177591,37787800,3798.2814331054688,83.09866435669701,3964.478761818863,3632.0841043920746,0.4259532866017414,8.7511855896108,True,7.843911310735416,120.96603282951213,92187625.0,0.409901003524063,14365804.389438162
2025-05-14,4022.178466796875,4022.178466796875,3828.8930027173915,3847.3011421535325,179465400,3819.4607421875,83.50393484669469,3986.468611880889,3652.4528724941106,1.1069106952311465,8.74510204274228,True,8.372684312352158,130.07629945776125,94601765.0,1.8970618571439972,14365804.389438162
2025-05-15,4141.83154296875,4169.443753255208,4040.5867719184025,4040.5867719184025,120598100,3841.1318969726562,106.29719448622633,4053.726285945109,3628.5375080002036,1.2072144458973881,11.06936156709466,True,9.637490648999847,131.3040842435164,96120590.0,1.2546541797132122,14365804.389438162
2025-05-16,4141.83154296875,4169.443753255208,4012.974561631944,4169.443753255208,88956700,3856.045129394531,125.79202456119638,4107.629178516924,3604.4610802721386,1.0679740320802031,13.048812484302852,True,10.585364826557747,133.10159191349837,92461985.0,0.9620894468142772,14365804.389438162
2025-05-19,4105.01513671875,4160.239555598375,4077.4029272789376,4123.423276345292,60120200,3864.3287841796873,136.56005922791448,4137.448902635516,3591.2086657238583,0.9406236235907108,14.135449321701865,True,11.465533705718654,129.51123737106545,87643965.0,0.6859593812306415,14365804.389438162
2025-05-20,4095.81103515625,4206.25987205934,4068.198825930477,4105.015104898174,81048500,3880.435900878906,144.0943301140346,4168.624561106975,3592.247240650837,0.873670383329619,14.853416862924881,False,12.538219449963028,130.12193799662236,86209635.0,0.9401327357435164,14365804.389438162
2025-05-21,4160.23974609375,4215.464167502074,4114.219394920146,4123.423465154868,79967600,3902.525671386719,151.62108395816156,4205.767839303042,3599.2835034703958,0.9249311309140638,15.540816048421757,False,13.586222418036547,129.3741661644225,86788390.0,0.9214089580415076,14365804.389438162
2025-05-22,4114.21923828125,4178.647727471337,4114.21923828125,4160.23958770274,42314700,3924.615441894531,148.48325400575732,4221.581949906045,3627.6489338830165,0.8192343097144266,15.133534095669749,False,14.559366384181715,124.73518923768425,85550555.0,0.4946163119572982,14365804.389438162
2025-05-23,4151.03564453125,4160.239714696508,4123.423434035477,4151.03564453125,21621500,3947.625622558594,145.98491531088845,4239.595453180371,3655.655791936817,0.848340822645058,14.792174260564309,False,15.4630000670308,119.11270975036807,82431575.0,0.2622963348692537,14365804.389438162
2025-05-26,4141.83154296875,4160.2396831597225,4068.198982204861,4151.035613064236,36713800,3963.7327514648437,148.8693658302415,4261.471483125327,3665.9940198043605,0.7990856958895687,15.023148649487045,False,15.675098690660496,117.17899483640333,77819830.0,0.47177949373572264,14365804.389438162
2025-05-27,4169.44384765625,4169.44384765625,4105.015355529112,4141.831636744619,40871300,3980.300085449219,152.54385007530155,4285.387785599822,3675.2123852986156,0.8099826084657997,15.32988436052407,False,15.943324186606219,113.41110178574155,72591710.0,0.5630298556129895,14365804.389438162
2025-05-28,4132.62744140625,4178.647791533268,4114.219301355442,4160.23965148246,63745800,3993.6459838867186,153.66286618688932,4300.9717162604975,3686.32025151294,0.7261142541596514,15.390734863017649,False,16.267223567233177,109.91234381374755,70675745.0,0.901947337095633,14365804.389438162
2025-06-02,4022.178466796875,4123.423233695652,3957.7499787703805,4123.423233695652,68993300,4001.929638671875,150.30975536895315,4302.549149409781,3701.310127933969,0.5336784995679367,15.023727945285573,False,15.297294974605455,114.55270944389913,70701345.0,0.975841407260357,14365804.389438162
2025-06-03,4022.178466796875,4031.3825365149455,3920.933699898098,4003.7703273607335,42954800,4012.5143188476563,143.41431194637786,4299.342942740412,3725.6856949549006,0.5168465542560917,14.296702820247088,False,14.719583993377999,114.25957567053831,69757885.0,0.6157698158423238,14365804.389438162
2025-06-04,3957.75,4068.1988372093024,3957.75,4068.1988372093024,35499900,4018.036755371094,138.76892292040895,4295.574601211912,3740.4989095302763,0.39139002792853067,13.814599653416318,False,13.818244184560657,113.98738006616432,67257380.0,0.5278216308753032,14365804.389438162
2025-06-05,4068.198974609375,4068.198974609375,3966.954203748056,3966.954203748056,36143400,4028.16123046875,134.38789353777196,4296.937017544294,3759.385443393206,0.5744816796487919,13.344837592027906,False,12.981284393986133,113.7346368192508,64966210.0,0.5563415196915442,14365804.389438162
2025-06-10,4160.23974609375,4160.23974609375,4095.8112544507053,4114.219394920146,45818600,4042.4275390625,132.39322442247263,4307.213987907445,3777.6410902175544,0.7224664584331493,13.100368344826444,False,12.789251533189434,112.18507500961681,64237535.0,0.713268340698316,14365804.389438162
2025-06-11,4178.64794921875,4178.64794921875,4123.423526982379,4169.443878846022,35008700,4058.994873046875,127.32543458678347,4313.645742220442,3804.344003873308,0.7349355346011421,12.547484150055801,False,12.774193780128657,108.11645695438494,62665750.0,0.5586576399388821,14365804.389438162
2025-06-12,4178.64794921875,4178.64794921875,4123.423526982379,4169.443878846022,29571100,4076.4826171875,117.71445219975833,4311.911521587017,3841.0537127879834,0.7169770366383685,11.55059037450021,False,12.760211580857938,104.33845447452677,61259840.0,0.48271591959756993,14365804.389438162
2025-06-13,4178.64794921875,4178.64794921875,4095.8113158641936,4123.423526982379,30548300,4095.811169433594,98.77045152183432,4293.3520724772625,3898.2702663899254,0.7096699430569174,9.645996598568107,True,12.405934764538813,102.8026101088146,58887475.0,0.5187571720471968,14365804.389438162
2025-06-16,4049.790771484375,4132.6274009011,4012.974491743608,4132.6274009011,90223800,4109.617272949219,64.84247189461449,4239.302216738448,3979.9323291599903,0.2693390623583973,6.311290574081216,True,11.891152395164351,107.29338492069515,61509275.0,1.4668324411237168,14365804.389438162
2025-06-17,4012.974609375,4068.1990306049315,4003.7705391700115,4049.7908901949545,44876400,4109.157080078125,65.52476475126919,4240.206609580663,3978.107550575586,0.13303008004595104,6.378414207521456,True,11.509456402429414,104.23160681456835,54779825.0,0.8192140080768787,14365804.389438162
2025-06-18,3957.75,4012.974418604651,3911.7296511627906,4003.7703488372094,40711200,4099.9530029296875,73.17555810226648,4246.304119134221,3953.6018867251546,0.014171785574386057,7.139160673303111,True,12.041713306831317,104.01827477154272,50785480.0,0.8016307023188518,14365804.389438162
2025-06-19,3801.281005859375,3957.7501998051603,3773.6687951630597,3957.7501998051603,87781700,4082.9254760742188,98.24539632173683,4279.416268717692,3886.4346834307453,-0.21668617757036338,9.625000201198954,False,13.558592949399976,109.73706976229685,50726730.0,1.730482134369789,14332035.652603395
2025-06-20,3782.872802734375,3810.4850129733118,3727.6483822565006,3792.0768728140206,178503500,4066.818359375,118.70925773627492,4304.23687484755,3829.3998439024504,-0.09798528365715178,11.675884905222913,False,15.251346493755522,107.81560983047645,56645895.0,3.1512168710548223,14263925.301040895
2025-06-23,3736.852294921875,3773.668573689578,3654.0156676945426,3736.852294921875,53486300,4048.8704223632812,139.4236877019593,4327.7177977672,3770.0230469593625,-0.059478329300103196,13.774082463284095,False,17.240805833669768,109.31857591685902,55267785.0,0.9677663036432526,14093649.422134645
2025-06-24,3810.48486328125,3874.9133513077445,3810.48486328125,3828.8930027173915,51925200,4031.382678222656,146.47587438568686,4324.33442699403,3738.4309294512823,0.12297918365764775,14.533561914322135,False,17.84875051947692,111.37161023607405,53865665.0,0.9639758462092689,14366089.925064333
2025-06-25,3782.872802734375,3865.7094334511858,3736.8524523361466,3865.7094334511858,33883900,4014.8153564453123,155.0983038489102,4325.011964143133,3704.6187487474917,0.12613621819990178,15.452596453773971,False,18.873239650635895,112.62056529885729,53444125.0,0.6340060764396461,14263925.301040895
2025-06-26,3792.076904296875,3792.076904296875,3727.6484132044525,3782.8728341408146,31912200,3996.8674194335936,159.21982083685995,4315.3070611073135,3678.4277777598736,0.17844688861547067,15.934461079464421,False,19.88044696354318,109.17827428411195,53958660.0,0.5914194310978071,14297980.476822145
2025-06-30,3792.076904296875,3801.2809744529354,3727.6484132044525,3801.2809744529354,53732100,3979.3796875,161.64877752205913,4302.677242544118,3656.0821324558815,0.2103244669178449,16.248640764773373,False,20.699114235119477,106.63929478156702,54809575.0,0.980341482304871,14297980.476822145
2025-07-01,3690.83203125,3801.2808700903993,3681.6279613466336,3792.0768001870324,55711200,3955.4490966796875,167.3568704460535,4290.162837571795,3620.7353557875804,0.10471138005208883,16.924183965511023,False,21.763372092913386,107.56883863600977,55551570.0,1.0028735461482006,13923374.446548708
2025-07-02,3700.0361328125,3718.4442727767414,3654.015782901897,3690.8320628303795,31192900,3933.81953125,171.16396784528507,4276.147466940571,3591.49159555943,0.15853882481735745,17.404353858693312,False,22.928804310469406,104.48738515306938,53923925.0,0.5784612303351434,13957429.622329958
2025-07-03,3654.015869140625,3736.852500934745,3654.015869140625,3690.8321499380118,49947500,3915.4114013671874,180.69319400072607,4276.797789368639,3554.0250133657355,0.1383434173155517,18.4596892104499,False,23.745574134956016,102.94090277028728,52971635.0,0.9429102952929431,13787154.64674402
2025-07-04,3681.6279296875,3690.831999511719,3635.6075805664063,3654.015720214844,30396500,3898.3838745117187,186.06837293959467,4270.520620390908,3526.2471286325294,0.2087684201782823,19.09184717863632,False,24.63604880345697,99.53258249707481,52343720.0,0.5807095865559422,13889319.270767458
2025-07-07,3681.6279296875,3690.831999511719,3617.199440917969,3681.6279296875,28005400,3884.577770996094,191.5935914809548,4267.764953958003,3501.3905880341845,0.23518185062994648,19.728640050558266,False,25.59704653633613,97.68258078969448,51968995.0,0.5388866958077599,13889319.270767458
2025-07-08,3654.015869140625,3700.036220137358,3635.6077287419316,3663.2199393399715,27867600,3863.868615722656,193.080109303298,4250.028834329252,3477.70839711606,0.2282828001557815,19.98826859874338,False,26.33548795013847,95.30728869010393,51555205.0,0.5405390202599331,13787154.64674402
2025-07-09,3681.6279296875,3681.6279296875,3635.6075805664063,3644.811650390625,27904300,3839.938024902344,183.85363182245828,4207.645288547261,3472.2307612574273,0.28473352192504,19.151729077933137,False,27.02118478663345,91.7867930066032,50659490.0,0.5508207840228948,13889319.270767458
2025-07-10,3782.872802734375,3810.4850129733118,3663.219891698981,3663.219891698981,44060900,3820.149267578125,165.90122761732653,4151.951722812778,3488.3468123434723,0.4438273221676616,17.37117751134405,False,25.69516452384069,95.74953074001232,51112100.0,0.8620444082712313,14263925.301040895
2025-07-11,3847.30126953125,3884.1175496224582,3792.076849394438,3801.2809194172396,48939300,3803.58193359375,143.20899790512186,4089.9999294039935,3517.1639377835063,0.5763208607298279,15.06043517982674,False,24.112798070645386,96.14204617916025,52080510.0,0.9396854984715012,14453932.21898994
2025-07-14,3718.4443359375,3856.5053880143873,3681.628055383663,3856.5053880143873,68377100,3780.5717529296876,113.70600380223867,4007.983760534165,3553.15974532521,0.36340339358807805,12.0305616433942,False,23.25880295081451,101.7659952114148,53971950.0,1.2669006771109808,14453932.21898994
2025-07-15,3727.6484375,3746.0565779320987,3690.832156635802,3718.4443672839507,30497400,3764.464636230469,94.8087448526344,3954.0821259357376,3574.8471465252,0.40291982351497757,10.074074697386,True,22.465807482400123,98.44159707462065,50985630.0,0.5981567747618299,14453932.21898994
2025-07-16,3801.281005859375,3819.6891463235847,3755.2606546988495,3801.281005859375,66349800,3753.8799560546877,75.4435282502221,3904.7670125551317,3602.9928995542436,0.6570746056821243,8.03899209707418,True,20.888859255562632,97.98439077097522,52059300.0,1.2745042672490794,14453932.21898994
2025-07-17,3782.872802734375,3810.4850129733118,3764.4646625750834,3810.4850129733118,25818000,3745.136096191406,58.88940650698762,3862.9149092053813,3627.357283177431,0.6602015913443245,6.2896946860622585,True,19.42455018778496,94.27267360149332,51314640.0,0.5031312701404511,14453932.21898994
2025-07-18,3792.076904296875,3819.6891147650563,3773.6687639847546,3792.076904296875,35072000,3744.675891113281,58.46196900813348,3861.599829129548,3627.751953097014,0.7027002083055022,6.2448095064113005,True,18.116770881554,90.82607911426534,48679155.0,0.720472654054903,14453932.21898994
2025-07-21,3746.056396484375,3810.484884875998,3746.056396484375,3810.484884875998,35004100,3742.835070800781,57.771493578300294,3858.3780579573818,3627.2920836441804,0.5139399446165778,6.174089158135425,True,17.076515240925787,88.94053691979089,41504185.0,0.8433872391422697,14453932.21898994
2025-07-22,3727.6484375,3764.4647183641973,3718.4443672839507,3764.4647183641973,32607800,3742.3748779296875,57.85825174706472,3858.091381423817,3626.658374435558,0.43636845227338467,6.184121434576581,True,16.43689117145158,85.87480935982344,40460260.0,0.80592166239169,14453932.21898994
2025-07-23,3773.668701171875,3773.668701171875,3718.4442811547256,3755.2605611661584,23315700,3740.534069824219,56.13729897511569,3852.8086677744504,3628.2594718739874,0.6475606769143979,6.003131951449259,True,15.713827096967478,83.68549583534674,39029785.0,0.59738223000716,14453932.21898994
2025-07-24,3884.117431640625,3911.7296408702978,3755.260455235486,3773.6685947219344,57276100,3745.596301269531,64.14934061692979,3873.8949825033906,3617.2976200356716,1.0398384809528993,6.850641175098021,True,15.755290441383396,88.88433082102281,40199395.0,1.4248000498514966,14453932.21898994
2025-07-25,3764.464599609375,3847.3012289406324,3746.056459757984,3828.893089089242,48597600,3744.215686035156,63.38896815281767,3870.9936223407913,3617.437749729521,0.5798597696266448,6.771935536645516,True,15.668876183003427,92.39694803970981,41033665.0,1.1843348626061065,14453932.21898994
2025-07-28,3874.91357421875,3884.1176444663006,3764.4647312481443,3782.8728717432455,45451600,3748.35751953125,69.12734642598507,3886.61221238322,3610.10282667928,0.9576917140274004,7.376814625156645,True,15.959985271369657,94.34381209808238,40619640.0,1.1189562487506044,14453932.21898994
2025-07-29,3819.68896484375,3865.709313817771,3792.0767554593376,3865.709313817771,27287100,3754.8003662109377,69.48759763465374,3893.775561480245,3615.8251709416304,0.7334538854472219,7.402534447366671,True,16.230300853424016,93.5218840024631,39198435.0,0.6961272816121358,14453932.21898994
2025-07-30,3792.076904296875,3828.8931849211167,3764.464693828694,3819.6891147650563,33919100,3759.4024047851562,68.71330298185732,3896.829010748871,3621.9757988214415,0.6188798169124031,7.311087836130088,True,16.051438485769697,91.44378450888878,39334745.0,0.8623190515153969,14453932.21898994
2025-07-31,3690.83203125,3782.872730283666,3690.83203125,3773.6686603802996,50384500,3761.243212890625,66.18818660250177,3893.619586095628,3628.8668396856215,0.23404928713531362,7.038969070190398,True,14.94904292026511,92.1438622616021,39356595.0,1.2802047534854069,14453932.21898994
2025-08-01,3690.83203125,3746.0564506702,3690.83203125,3727.6483108634666,32295500,3761.70341796875,65.6351760130675,3892.9737699948846,3630.433065942615,0.2300556232810287,6.979303652653103,True,13.925389895153707,89.50675920150194,39451545.0,0.818611793277044,14453932.21898994
2025-08-04,3690.83203125,3709.2401710567333,3672.423891443267,3681.6279613466336,30440700,3762.163623046875,65.07404047566438,3892.3117039982035,3632.015542095546,0.2259598786418118,6.918788973134839,True,13.225295051125446,85.74315351664224,39573310.0,0.7692229939825604,14453932.21898994
2025-08-05,3884.117431640625,3893.3215013838494,3718.444176262589,3718.444176262589,93772600,3773.668701171875,65.28780108309073,3904.2443033380564,3643.0930990056936,0.9229301976650421,6.920353242754588,False,14.033786677696657,94.08217613215703,42868560.0,2.1874445980924015,14453932.21898994
2025-08-06,3773.668701171875,3893.3216112090317,3773.668701171875,3884.1175412061734,27975700,3778.2707397460936,61.59817309270809,3901.4670859315097,3655.0743935606774,0.4813223414625776,6.521308538820865,False,14.784529855805697,95.90865712537129,42872130.0,0.6525381407455146,14453932.21898994
2025-08-07,3792.076904296875,3810.485044608996,3773.6687639847546,3792.076904296875,21207800,3778.7309448242186,61.6687070095657,3902.06835884335,3655.3935308050873,0.5541034510038709,6.527980733217766,False,15.481648521192664,91.68777757621055,41729475.0,0.5082211075025507,14453932.21898994
2025-08-08,3746.056396484375,3773.6686057950706,3746.056396484375,3764.4645360248387,43531000,3773.668701171875,59.873010140883345,3893.4147214536415,3653.9226808901085,0.3847047082544902,6.346398148018695,False,15.692607787364665,88.42582973594551,41459060.0,1.0499755662574115,14453932.21898994
2025-08-11,3865.70947265625,3884.1176130022322,3755.260630580357,3764.464700753348,61703500,3781.0319580078126,61.75000174665704,3904.5319615011267,3657.5319545144985,0.8428239362479919,6.5326082860397205,False,16.904797644422057,91.97121450608206,41125380.0,1.50037519410155,14453932.21898994
2025-08-12,4012.974609375,4068.1990306049315,3874.9135563001723,3884.117626505161,120908000,3795.2982666015623,79.24818896888422,3953.794644539331,3636.8018886637938,1.186691852538439,8.352248851297347,False,19.177251306910208,99.86538189483917,45645910.0,2.648824396315026,14453932.21898994
2025-08-13,4022.178466796875,4068.198815387228,3966.954048488451,4040.5866062330165,54042400,3806.3431396484375,94.12317833599208,3994.589496320422,3618.096782976453,1.0732788962405428,9.89119213720554,False,21.287386850649202,99.96390939512045,45030540.0,1.2001277355323743,14453932.21898994
2025-08-14,4040.586669921875,4049.7907397850227,4012.9744603324316,4049.7907397850227,43156900,3819.2288330078127,107.43973444003706,4034.1083018878867,3604.3493641277387,1.015074423042259,11.252505585576387,False,23.24679842697827,95.4533643992255,45897485.0,0.9402889940483667,14453932.21898994
2025-08-15,4022.178466796875,4095.81102454144,4022.178466796875,4022.178466796875,62301400,3830.7339111328124,116.33133812373214,4063.3965873802767,3598.071234885348,0.911420857766715,12.147159350917281,False,25.32006615257343,93.89473535246405,47258955.0,1.3182982992323888,14453932.21898994
2025-08-19,3985.3623046875,4012.974514650693,3939.3419547488456,4012.974514650693,34407300,3842.6992065429686,119.42910627443959,4081.557419091848,3603.8409939940893,0.7986355307237705,12.431793367650274,False,25.95728100827197,93.10486225929014,47229115.0,0.7285188384326067,14453932.21898994
2025-08-20,4077.403076171875,4095.8112164706195,3948.5460940806647,3948.5460940806647,52897600,3860.1869384765623,127.05898520030256,4114.304908877168,3606.0689680759574,0.9273923197026982,13.166096588104296,False,27.080226627446173,96.97345226862333,48243605.0,1.0964686407659627,14453932.21898994
2025-08-21,4132.62744140625,4132.62744140625,4049.790811177617,4068.198951228424,60899400,3878.134875488281,138.98723570192925,4156.10934689214,3600.1604040844227,0.9577624783900138,14.33547209308237,False,28.33689342770689,95.9636792657669,50122790.0,1.2150041927035586,14453932.21898994
2025-08-22,4040.586669921875,4141.8314384165005,4031.3826000587273,4141.8314384165005,32633000,3885.9583374023437,143.66669127997304,4173.29171996229,3598.6249548423975,0.7690747784714352,14.788289405697572,False,29.225733298702355,96.99833348662449,48890635.0,0.6674693425438225,14453932.21898994
2025-08-25,4095.81103515625,4160.239523349719,4086.6069654143257,4105.015104898174,53434200,3902.5256591796874,147.95983610382774,4198.445331387343,3606.605986972032,0.8265841951881602,15.165546523010324,False,30.170207837394326,98.61651348242589,49132465.0,1.087553820065816,14453932.21898994
2025-08-26,4178.64794921875,4178.64794921875,4022.178752882365,4077.4031751187363,85603900,3917.7123779296876,160.06881944145528,4237.850016812598,3597.574739046777,0.9075365399076031,16.34309045688991,False,30.070816824401682,102.7488479719944,51140080.0,1.6739101698706769,14453932.21898994
2025-08-27,4095.81103515625,4141.8313838658705,4049.790686446629,4141.8313838658705,45966700,3931.5184814453123,163.04937652157918,4257.617234488471,3605.419728402154,0.7519061360673065,16.58894671777188,False,29.978525169479937,104.61373474343202,52074060.0,0.8827178061399477,14453932.21898994
2025-08-28,4105.01513671875,4141.831415971833,4095.811066905479,4123.423276345292,37274600,3947.165393066406,163.97649118816858,4275.118375442743,3619.2124106900687,0.7406591068460024,16.617139122288595,False,29.892826057761184,100.42849517715709,52241835.0,0.7135009710129823,14453932.21898994
2025-08-29,4031.382568359375,4105.015126685574,4003.7703589870507,4086.606987104024,60711900,3964.192919921875,153.29100471484165,4270.774929351558,3657.6109104921916,0.6095785896936503,15.467562534051712,False,28.46851932717589,100.4868010739101,52758205.0,1.1507574982886548,14453932.21898994
2025-09-01,3976.158203125,4049.79076244213,3819.6890145761,3838.0971544053823,60513100,3978.459228515625,139.1347229982183,4256.728674512062,3700.189782519188,0.49586547243376755,13.98880471122787,False,27.6048912654872,109.74501155906154,54169085.0,1.1171150481866179,14453932.21898994
2025-09-02,3966.9541015625,4077.4029396570477,3948.5459618800755,3994.566311086137,28513000,3992.26533203125,121.69888318167308,4235.663098394596,3748.867565667904,0.4480043904121841,12.193466421707308,False,26.493362967557008,111.11015200319801,54072700.0,0.5273086048967409,14453932.21898994
2025-09-03,4058.994873046875,4058.994873046875,3976.1582429846935,3976.1582429846935,29754100,4001.0092041015623,119.78698253133243,4240.583169164227,3761.4352390388976,0.6210183020724842,11.9756767776025,False,25.461229548050397,109.74805339471065,50871775.0,0.5848842506478298,14453932.21898994
2025-09-04,4022.178466796875,4058.9947456691575,3994.566257642663,4058.9947456691575,17346200,4013.4346923828125,107.19045536983381,4227.81560312248,3799.0537816431447,0.5203930806709761,10.68316428053736,False,24.502819944222832,106.51095068110361,50340300.0,0.3445787967095945,14453932.21898994
2025-09-08,3847.30126953125,4086.607090124103,3727.6483592348236,4077.4030201013006,55687200,4016.195910644531,101.76201287983352,4219.719936404198,3812.671884884864,0.0850744390425883,10.135164234406325,False,25.561592836232222,124.54293498168758,52064270.0,1.0695857254889005,14453932.21898994
2025-09-09,3755.260498046875,3865.709336224724,3700.0360789579504,3828.8930568321075,102884200,4016.656115722656,100.48889299825957,4217.633901719175,3815.678329726137,-0.15030972547460597,10.007218950600166,False,26.689497267565258,127.48081514490802,55031930.0,1.8695364672836297,14453932.21898994
2025-09-10,3773.668701171875,3810.484981183308,3755.2605611661584,3773.668701171875,64536400,4012.0540771484375,109.47163874494835,4230.997354638334,3793.1107996585406,-0.04439985257725657,10.914273500795412,False,27.73683709666022,122.31964857287407,55173575.0,1.1696976315201617,14453932.21898994
2025-09-11,4068.198974609375,4077.403044687677,3874.9135029650383,3874.9135029650383,130159900,4014.815295410156,110.1901871899397,4235.195669790035,3794.4349210302767,0.6211171352018837,10.978356819145525,False,25.95861088779713,135.27784106879747,55636170.0,2.3394834691173028,14453932.21898994
2025-09-12,4160.23974609375,4169.44381632847,3985.362411634057,4077.4031139812637,109797000,4021.718359375,114.8996538009123,4251.517666976824,3791.9190517731754,0.8013964405819001,11.427916480831676,False,24.57636422578545,138.7638098991986,58423900.0,1.8793165125915936,14453932.21898994
2025-09-15,4058.994873046875,4233.872203178146,4058.994873046875,4187.851853143601,74523200,4022.63876953125,115.13224905101215,4252.9032676332745,3792.3742714292257,0.5789442224383119,11.448430311273345,False,23.72495738239297,141.3433470586324,59992215.0,1.2422145106660922,14453932.21898994
2025-09-16,4022.178466796875,4095.81102454144,3976.1581182065215,4086.6069548233695,52083500,4022.63876953125,115.13224905101215,4252.9032676332745,3792.3742714292257,0.49900049130854046,11.448430311273345,False,22.272051774743193,139.7940298640814,59481320.0,0.875627844170237,14453932.21898994
2025-09-17,4095.81103515625,4095.81103515625,3985.36219825316,4040.5866167047047,54546000,4028.1612060546877,115.89649651434176,4259.954199083371,3796.368213026004,0.6459272521952182,11.50862545820053,False,20.92292521745257,137.697944652582,60488255.0,0.9017618378972909,14453932.21898994
2025-09-18,3994.56640625,4132.6274571572585,3911.7297757056454,4123.423387096775,90929900,4024.0193725585937,115.52368480982875,4255.066742178251,3792.9720029389364,0.43626206098542003,11.483412390867807,False,19.76426949868055,143.64078299536996,62389870.0,1.4574465373946124,14453932.21898994
2025-09-19,3930.137939453125,3948.5460796847556,3874.9135187582337,3911.729799221495,100584800,4013.8948974609375,114.3716527797444,4242.638203020426,3785.1515919014487,0.31691932403672063,11.397573250071114,False,18.96346636436066,141.92736188796968,64374140.0,1.5625032039262972,14453932.21898994
2025-09-22,3874.91357421875,3939.3420659516037,3838.097293228548,3930.137995704053,63520200,4005.6112426757813,118.26989717833257,4242.151037032447,3769.0714483191164,0.22373006239288468,11.810421931942384,False,18.492286840952648,139.0214626619044,65918500.0,0.9636171939592072,14453932.21898994
2025-09-23,3865.70947265625,3902.525753348214,3838.0972621372766,3874.913542829241,39154400,3994.106164550781,120.20963470247192,4234.525433955725,3753.6868951458373,0.23297337561102563,12.03870200240328,False,18.054763235213283,133.69339327254963,65204510.0,0.6004860706721054,14453932.21898994
2025-09-24,3856.50537109375,3893.3216514860533,3838.097230897599,3884.1175813879777,28653700,3977.9990356445314,115.67792976742277,4209.354895179377,3746.643176109686,0.2374311919416009,11.631770518886537,False,17.6484915725073,128.08846665225713,62357000.0,0.4595105601616499,14453932.21898994
2025-09-25,3856.50537109375,3856.50537109375,3810.485020603371,3847.3013009956744,35633900,3966.0337524414062,115.22608634759305,4196.485925136592,3735.58157974622,0.26236201189448766,11.621291551204004,False,17.506589726302796,122.22645835498011,61840360.0,0.5762240064579184,14453932.21898994
2025-09-26,3847.30126953125,3847.30126953125,3782.8727793716357,3819.689059462844,39380500,3953.148059082031,113.2590705046603,4179.666200091352,3726.6299180727106,0.26636134068744205,11.460139495100066,False,17.60925624128568,118.75546788120398,61945655.0,0.6357265897018928,14453932.21898994
2025-09-29,3838.09716796875,3838.09716796875,3782.872748285746,3828.893098021583,41037000,3943.4837890625,114.47197560605339,4172.427740274607,3714.5398378503933,0.2698418749746444,11.611253574674103,False,17.704589706935227,114.87497169293968,60961910.0,0.6731580424563469,14453932.21898994
2025-09-30,3773.668701171875,3838.0971911918823,3773.668701171875,3838.0971911918823,60162600,3933.3593139648438,120.2392959684592,4173.8379059017625,3692.8807220279255,0.16797332871347972,12.227644247151934,False,17.87892425249076,111.27165157344452,60944385.0,0.9871721570412106,14453932.21898994
2025-10-01,3727.6484375,3792.0769290123458,3727.6484375,3727.6484375,37812400,3921.3940307617186,128.3533922017882,4178.100815165295,3664.687246358142,0.12263250324322297,13.092628916646357,False,18.46237183373508,107.92571156908032,61409355.0,0.6157433179358421,14453932.21898994
2025-10-02,3718.4443359375,3773.6687567682548,3718.4443359375,3727.648406075959,34730200,3904.36650390625,131.68405688573262,4167.7346176777155,3640.9983901347846,0.14702984483140244,13.490952425084599,False,19.08691538066301,104.16133365919993,61658160.0,0.5632701332637886,14453932.21898994
2025-10-03,3718.4443359375,3755.260616491337,3690.8321255221226,3736.8524762144184,26763100,3889.179797363281,134.85817086839916,4158.896139100079,3619.4634556264828,0.18349069929104883,13.87008859398354,False,19.91738767655007,101.32327346705809,62129005.0,0.430766596052842,14453932.21898994
2025-10-06,3681.6279296875,3764.4645581054688,3681.6279296875,3718.444208984375,35060200,3880.896130371094,142.4410095175174,4165.778149406129,3596.014111336059,0.15026188497511314,14.681249354014245,False,20.77268964480051,100.00279882069457,61097655.0,0.5738387177052867,14453932.21898994
2025-10-07,3672.423828125,3718.444176848371,3654.0156886356517,3709.240107103697,41251900,3876.754296875,147.4043268048655,4171.562950484731,3581.9456432652687,0.15345238979909093,15.209045043033681,False,21.820223305673448,97.46177663441063,58016040.0,0.7110430150006791,14453932.21898994
2025-10-08,3626.403564453125,3690.8320541769112,3617.199494492584,3681.6279842163704,28812600,3869.3910400390623,156.23820777618673,4181.867455591436,3556.914624486689,0.1111906955339311,16.151193421341,False,23.113751519879017,95.75968970940467,56229850.0,0.5124075557733125,14453932.21898994
2025-10-09,3773.668701171875,3819.689051186166,3552.7710211032772,3598.7913711175684,106114200,3854.6645263671876,150.28007904974004,4155.224684466668,3554.1043682677073,0.36525854639638505,15.59462080518545,False,22.23848076933125,107.98528545036783,55027565.0,1.9283826206011478,14453932.21898994
2025-10-10,3654.015869140625,3764.464711532785,3635.6077287419316,3764.464711532785,48778300,3829.3533325195312,138.25386243405495,4105.861057387641,3552.8456076514212,0.1829429205593812,14.44148402394517,False,21.425729358108324,110.13354880605179,51976630.0,0.9384659990461097,14453932.21898994
2025-10-13,3589.58740234375,3626.4036833934297,3561.9751915564907,3607.99554286859,38351600,3805.882958984375,137.05622636837865,4079.9954117211323,3531.7705062476175,0.10546200203399128,14.404670647565377,False,21.441557436768328,108.84120086162912,50168050.0,0.7644626410633859,14453932.21898994
2025-10-14,3497.546630859375,3626.4036119962993,3497.546630859375,3598.7914017526728,69452000,3779.6513671875,143.53238969109057,4066.7161465696813,3492.5865878053187,0.00863924000835505,15.19001365439643,False,22.02913403528336,110.27089945272164,51036475.0,1.3608306608166023,14453932.21898994
2025-10-15,3469.934326171875,3534.3628149867377,3423.913977018402,3506.7506054946534,84578200,3748.357531738281,139.13473553607895,4026.627002810439,3470.088060666123,-0.0002762331305258258,14.847541554719943,False,23.13683500011447,110.28360934669408,52538085.0,1.6098455054081244,14453932.21898994
2025-10-16,3543.56689453125,3580.383173954951,3460.730265827922,3488.342475395698,55980800,3725.8075561523438,133.5667357820608,3992.941027716465,3458.6740845882223,0.15889586850716017,14.339627988730113,False,23.47738952653032,110.95284497386086,50790630.0,1.1021875491601503,14453932.21898994
2025-10-17,3497.546630859375,3589.5873316714637,3497.546630859375,3561.975121427837,60733400,3704.1779907226564,133.76270578198768,3971.703402286632,3436.652579158681,0.11380984584735787,14.44452249508579,False,23.65785383531743,109.6019775337343,48798060.0,1.244586362654581,14453932.21898994
2025-10-20,3718.4443359375,3782.872826906714,3552.7710734452353,3561.9751435836943,146203400,3696.354528808594,127.6890807910249,3951.7326903906437,3440.976367226544,0.5432492093138688,13.817839148906701,False,22.3744804153812,122.15370742756323,52932220.0,2.762087061528876,14453932.21898994
2025-10-21,3727.6484375,3801.280999228395,3709.2402970679013,3782.8728587962964,88064800,3689.4514770507812,121.64025799917437,3932.73199304913,3446.1709610524326,0.578503944905884,13.18789622314364,False,21.352195083417968,120.00277847991542,55377740.0,1.5902563015392106,14453932.21898994
2025-10-22,3709.240234375,3819.6890751008063,3681.6280241935483,3746.0565146169356,81226400,3682.0882202148437,115.28704116086017,3912.662302536564,3451.5141378931235,0.5588791547748005,12.52409331508448,False,20.101586288332832,121.29265508186846,58006375.0,1.40030125999082,14453932.21898994
2025-10-23,3902.525634765625,3911.72970465894,3700.0360971126916,3709.2401670060067,130641200,3684.3892333984377,119.33948773244077,3923.0682088633193,3445.710257933556,0.9569661004751613,12.95623021049418,False,19.784549312730054,127.74986597218133,62756740.0,2.081707877114076,14453932.21898994
2025-10-24,4022.178466796875,4086.6069548233695,3874.9133513077445,3884.117421025815,177603900,3693.133093261719,137.00335883115983,3967.1398109240386,3419.126375599399,1.1004330410991328,14.838713403654843,False,20.700787109325812,133.74584722528445,69667910.0,2.5492927805642513,14453932.21898994
2025-10-27,4022.178466796875,4095.81102454144,3930.1377696161685,4086.6069548233695,102355700,3702.337158203125,152.5555058520422,4007.4481699072094,3397.2261464990406,1.0241392416605928,16.482075978848208,False,21.605790548016195,136.0263763467121,72733845.0,1.4072637023382992,14453932.21898994
2025-10-28,4022.178466796875,4086.6069548233695,3994.566257642663,4040.5866062330165,58463900,3714.762646484375,168.008910075404,4050.780466635183,3378.7448263335673,0.957439757472578,18.09094427439733,False,22.44615088394298,132.88454212056885,72648910.0,0.8047457284630973,14453932.21898994
2025-10-29,4086.607177734375,4086.607177734375,3976.1583350929054,4031.3827564136404,71743700,3732.710583496094,187.50054405263768,4107.71167160137,3357.7094953908186,0.9718607564932318,20.092695627853676,False,22.983957846471604,131.28199215777605,74345475.0,0.9650042588335067,14453932.21898994
2025-10-30,4058.994873046875,4169.443713129783,4022.1785930192386,4068.1989430537838,91042600,3749.7381103515627,201.1063877590843,4151.950885869731,3347.525334833394,0.8844442314107238,21.45284623519792,False,24.03267258948838,132.42364415440235,77161095.0,1.179902903140501,14453932.21898994
2025-10-31,4031.382568359375,4095.811056894799,4003.7703589870507,4049.7907079409247,69141700,3765.3850219726564,210.4981045415968,4186.38123105585,3344.3888128894628,0.8159144199492718,22.36138969197029,False,24.754646912428726,129.53914799392706,79280025.0,0.872120057984341,14453932.21898994
2025-11-03,4077.403076171875,4105.0152866199915,4031.3827254250145,4040.5867955743865,40455000,3785.173779296875,220.57194859178304,4226.317676480441,3344.029882113309,0.8312176579350924,23.309043278087582,False,25.48904225364646,125.54583158440488,79549765.0,0.5085495852816159,14453932.21898994
2025-11-04,4095.81103515625,4151.035453607795,4077.4028956724014,4077.4028956724014,73342900,3806.3431396484375,229.32484687500315,4264.9928333984435,3347.693445898431,0.8155653426268191,24.099229991774635,False,26.48765685052267,121.8377406094755,81154315.0,0.9037461532390484,14453932.21898994
2025-11-05,4105.01513671875,4123.423276345292,4031.382578212584,4049.7907178391256,43447700,3830.273718261719,234.47377608367202,4299.221270429063,3361.326166094375,0.7929340575371948,24.486372863199197,False,26.732902419118382,119.70938043256353,81886070.0,0.530587192669034,14453932.21898994
2025-11-06,4086.607177734375,4123.423458614865,4077.403107514253,4095.8112479544975,31809500,3845.9206420898436,240.85235395718092,4327.625350004206,3364.215934175482,0.7498278838571376,25.05016367954006,False,26.960631908826898,114.44587833742415,78170835.0,0.4069228632392119,14453932.21898994
2025-11-07,4141.83154296875,4141.83154296875,4086.6071223958334,4086.6071223958334,36148800,3870.31142578125,245.0590567409186,4360.4295392630875,3380.193312299413,0.7769945751021113,25.327063358107083,False,27.32618212074792,110.2157742113879,77539360.0,0.4661993599121788,14453932.21898994
2025-11-10,4068.198974609375,4160.239675392393,4058.994904531073,4160.239675392393,45518800,3894.2420043945312,239.50881066258864,4373.259625719708,3415.224383069354,0.6815767964168008,24.60132784683749,False,27.21871980561793,109.57498825781161,77897720.0,0.58434059430751,14453932.21898994
2025-11-11,4068.198974609375,4095.8111848442804,4022.1786242178664,4095.8111848442804,48792200,3922.774621582031,223.19881868036396,4369.172258942759,3476.3769842213032,0.6628865621771071,22.75928037796362,False,26.54655881715867,107.00767199842608,76864730.0,0.6347800870438236,14453932.21898994
2025-11-12,4105.01513671875,4123.423276345292,4049.7907178391256,4058.994787652396,35386800,3954.528662109375,199.27730361163654,4353.083269332648,3555.974054886102,0.6887902835420885,20.156870326522363,False,26.209627296850623,104.62373532040753,74405160.0,0.47559604737090816,14453932.21898994
2025-11-13,4068.198974609375,4123.423395079186,4068.198974609375,4114.219325000884,20207300,3980.7602661132814,175.43732656906295,4331.634919251407,3629.8856129751557,0.6246010615387375,17.62852468785875,False,25.896763578698057,101.0952128310792,72616485.0,0.2782742789051274,14453932.21898994
2025-11-14,4040.586669921875,4095.811089100762,4022.1785301955792,4058.9948096481708,34602500,4007.9122680664063,133.79599801591218,4275.504264098231,3740.320272034582,0.561052651686156,13.353186304196358,True,24.854423463233026,99.13359469351516,71309940.0,0.485240907508827,14453932.21898994
2025-11-17,4040.586669921875,4086.6070192376137,4031.3826000587273,4040.586669921875,28453300,4024.019384765625,115.21448219796915,4254.448349161564,3793.590420369687,0.5359487905517439,11.45267665798581,True,23.88653621315835,95.99722501389881,65422435.0,0.4349165542370901,14453932.21898994
2025-11-18,4105.01513671875,4114.2192065320205,4049.7907178391256,4049.7907178391256,36957300,4042.8877197265624,92.85457033847956,4228.5968604035215,3857.1785790496033,0.6672707567482049,9.186955144503465,True,23.347063161039458,94.39974727077357,62867060.0,0.5878642965012202,14453932.21898994
2025-11-19,4105.01513671875,4114.2192065320205,4058.994787652396,4114.2192065320205,34300600,4062.67646484375,50.536456989799625,4163.74937882335,3961.6035508641507,0.7094461820084927,4.975681172460121,True,22.84612389835763,91.60150952854863,60520770.0,0.5667574949889104,14453932.21898994
2025-11-20,4105.01513671875,4197.055834851458,4095.811066905479,4114.2192065320205,54706000,4072.8009399414063,34.50317381123197,4141.80728756387,4003.7945923189423,0.733414735652935,3.3886432771966817,True,23.365798570350663,92.29031370122222,56724010.0,0.9644240595825295,14453932.21898994
2025-11-21,4040.586669921875,4095.811089100762,4022.1785301955792,4095.811089100762,45565700,4073.7213500976563,33.30646560150529,4140.334281300667,4007.1084188946456,0.2512894300147263,3.2703724913052095,True,22.58193006275828,91.61504890278998,50122100.0,0.9090939924703874,14453932.21898994
2025-11-24,4040.586669921875,4086.6070192376137,4003.770390469284,4049.7907397850227,76652700,4074.6417602539063,32.037303487866,4138.716367229638,4010.5671532781744,0.23425439546644752,3.145042472236344,True,21.56997134139459,90.98801889318568,48836950.0,1.5695636193496931,14453932.21898994
2025-11-25,4068.198974609375,4095.8111848442804,4022.1786242178664,4068.198974609375,36142900,4076.9427856445313,29.63337862883155,4136.209542902195,4017.6760283868684,0.4262334279810289,2.907411772681698,True,20.75261509252822,89.748343302702,47720900.0,0.7573809379119002,14453932.21898994
2025-11-26,4058.994873046875,4068.1989430537838,4022.1785930192386,4068.1989430537838,31686100,4075.5621704101563,29.802163974656718,4135.16649835947,4015.957842460843,0.36102269807177334,2.924962273036069,True,19.993640895959402,86.62491746609017,45718020.0,0.6930768217871203,14453932.21898994
2025-11-27,4003.7705078125,4068.198998742816,3957.7501571479884,4068.198998742816,33618200,4072.8009521484373,33.71887767745126,4140.23870750334,4005.363196793535,-0.01180858535884704,3.3116155759749923,True,18.87886180439306,88.32662633242856,42846800.0,0.7846140201835377,14453932.21898994
2025-11-28,3920.933837890625,4003.7704682685962,3920.933837890625,3985.3623281846026,40758200,4067.278515625,47.206424238826266,4161.691364102653,3972.8656671473477,-0.2750252221709785,4.642556348917487,True,18.356046635068296,87.93448658881759,41427625.0,0.9838410963698739,14453932.21898994
2025-12-01,3966.9541015625,4003.770380927349,3902.5256126740137,3902.5256126740137,19335100,4061.756066894531,52.16018638468284,4166.076439663897,3957.4356941251654,0.04562103827206498,5.136712842981007,True,18.115846902130297,88.88522099342599,40371630.0,0.4789279006074315,14453932.21898994
2025-12-02,3930.137939453125,4012.9745704954626,3911.729799221495,3994.566430263832,39091800,4053.472412109375,59.15378161417864,4171.779975337732,3935.164848881018,-0.021245089032008568,5.837343946139819,True,17.724598740291263,89.76804601346468,38659075.0,1.011193361455234,14453932.21898994
2025-12-03,3920.933837890625,3948.5460480166153,3902.5256978066313,3930.137907932622,28263900,4044.268347167969,64.76668761703777,4173.801722402044,3914.734971933893,0.023927678660152694,6.405775488403596,True,17.49594354328463,86.64321059893035,37899885.0,0.7457516032040731,14453932.21898994
2025-12-04,3966.9541015625,3976.158171403712,3902.5256126740137,3920.9337523564386,23544900,4038.285693359375,66.16121687161423,4170.608127102603,3905.9632596161464,0.2304629692071198,6.553396356321281,True,16.7505247053203,85.71387832255664,37486655.0,0.6280875154104841,14453932.21898994
2025-12-05,3948.5458984375,4012.9743862907926,3948.5458984375,3985.36217721081,28877500,4028.6214111328127,64.33152069468763,4157.284452522188,3899.9583697434373,0.1888169600585663,6.38744762830402,True,15.70412299813577,84.19349328903778,37123090.0,0.7778851383330428,14453932.21898994
2025-12-08,3966.9541015625,4012.9744507685614,3948.5459618800755,4012.9744507685614,28219300,4023.5591674804687,65.03290416798278,4153.624975816434,3893.4933591445033,0.28239836186711176,6.465211665691093,False,14.732465398585159,82.78171179203947,36258115.0,0.7782892188410787,14453932.21898994
2025-12-09,3976.158203125,3985.3622730396414,3920.933783637153,3966.954133210359,34461400,4018.95712890625,64.96430506803128,4148.885739042313,3889.0285187701875,0.3352983005958788,6.465787315896171,False,14.035287438246765,81.47076733564299,35541575.0,0.9696081279459338,14453932.21898994
2025-12-10,3966.9541015625,4003.770380927349,3930.1378221976506,4003.770380927349,19908000,4012.0540771484375,62.63181863260168,4137.317714413641,3886.7904398832343,0.3199797779683915,6.244364350853127,False,13.032869453139234,80.91089529236122,34767635.0,0.5726015013675794,14453932.21898994
2025-12-11,3893.321533203125,4040.5866502982785,3856.5052539293365,4003.77037102449,43389300,4003.310205078125,66.47049638532077,4136.251197848766,3870.3692123074834,0.086325219999073,6.64155341257384,False,13.312570714072269,88.28021679783129,35926735.0,1.2077162035459108,14453932.21898994
2025-12-12,3902.525634765625,3948.5459842322007,3838.097145512419,3948.5459842322007,23240100,3996.4071533203123,69.49561258961832,4135.398378499549,3857.4159281410757,0.16227537589649244,6.955809047822332,False,13.831191611321234,89.86368979225631,35358615.0,0.6572683913100104,14453932.21898994
2025-12-15,4086.607177734375,4095.8112479544975,3893.3217031118033,3930.1379839922934,57531500,3998.7081787109373,71.76037741755985,4142.228933546057,3855.187423875818,0.8062239991854071,7.178356030041008,False,13.727107318370349,97.90839372443044,36812525.0,1.562824065993843,14453932.21898994
2025-12-16,4049.790771484375,4105.015191095526,3985.3622819380325,4086.6070512251417,36287500,3995.9469604492188,68.44023863077422,4132.827437710767,3859.06648318767,0.6966818501526428,6.850965671784624,False,13.74349360424704,99.46157339822062,36779035.0,0.9866354568574189,14453932.21898994
2025-12-17,4022.178466796875,4068.198815387228,3994.566257642663,4049.790675951087,27653900,3991.805126953125,63.84454317416163,4119.494213301448,3864.116040604802,0.6189347528139342,6.397561117708468,False,13.75870944113254,97.6166437086738,36446700.0,0.7587490774199036,14453932.21898994
2025-12-18,4031.382568359375,4086.606987104024,4012.9744287778253,4012.9744287778253,45694900,3988.123498535156,58.90454721532444,4105.932592965805,3870.314404104507,0.683598176495976,5.907996303219827,False,14.019945810032542,95.90349475278273,35996145.0,1.2694387135066825,14453932.21898994
2025-12-19,3994.56640625,4058.9948966733873,3976.158266129032,4031.3826864919356,47290300,3985.8224853515626,57.63241113190213,4101.087307615367,3870.5576630877586,0.5379297027779446,5.783740880955831,False,13.594118991051475,94.97014730932361,36082375.0,1.310620489920633,14453932.21898994
2025-12-22,3985.3623046875,4012.974514650693,3948.5460247365763,3985.3623046875,28113800,3983.0612670898436,56.17501353780206,4095.4112941654475,3870.7112400142396,0.510240485283141,5.641390857022424,False,12.731914957718496,92.7886003525231,33655430.0,0.8353421721249736,14453932.21898994
2025-12-23,3948.5458984375,3976.1581075174827,3911.72961966419,3948.5458984375,26801700,3977.07861328125,52.90709298439714,4082.8927992500444,3871.2644273124556,0.36517537992417876,5.321201628523678,False,12.293104345993013,91.42032068615073,33188370.0,0.8075630107775705,14453932.21898994
2025-12-24,3930.137939453125,3985.3623601480167,3920.93386933731,3920.93386933731,18160600,3970.6357666015624,50.182297702753445,4071.0003620070693,3870.2711711960555,0.2982464484372576,5.055341325926159,False,11.725303922983139,89.49233283790473,32512095.0,0.5585798146812748,14453932.21898994
2025-12-29,3920.933837890625,3976.1582581426055,3920.933837890625,3930.137907932622,24490400,3966.493933105469,50.71918146448232,4067.9322960344334,3865.0555701765043,0.27542966043946937,5.114762036181707,False,11.198061202461473,87.044624796053,32055705.0,0.7639950517388402,14453932.21898994
2025-12-30,4022.178466796875,4031.3825365149455,3911.729630180027,3920.933699898098,44229200,3971.5561645507814,50.98441107077246,4073.5249866923264,3869.5873424092365,0.7482244140067822,5.1349555648587195,False,11.040503367431118,89.37378776311482,32229255.0,1.3723308217952912,14453932.21898994
2026-01-02,3920.933837890625,4003.7704682685962,3920.933837890625,3994.566398226599,32693200,3969.2551513671874,52.22640036758796,4073.7079521023634,3864.8023506320114,0.2686930693267207,5.263093288381715,False,10.894199663474359,90.22170498762448,32897160.0,0.9938000727114438,14453932.21898994
2026-01-05,3893.321533203125,3930.1378124769135,3874.9133935662308,3920.933742658466,48778200,3967.4143310546874,54.28595181408173,4075.986234682851,3858.842427426524,0.15878466078427125,5.47318200563645,False,10.329669788302223,87.7218988392715,33381480.0,1.4612353916003724,14453932.21898994
2026-01-06,3902.525634765625,3920.9337745522553,3865.7093551923645,3893.32156487231,53908900,3966.4939208984374,55.2627647969518,4077.019450492341,3855.9683913045337,0.2106175995362942,5.572958476581702,False,9.965752629868815,85.40065030503003,34663730.0,1.555196166136766,14453932.21898994
2026-01-07,3865.70947265625,3902.525753348214,3865.70947265625,3865.70947265625,39295200,3961.431689453125,59.67908025615227,4080.7898499654293,3842.0735289408203,0.09901268423533166,6.026011294355142,False,9.627829554180652,81.93033818981102,35451245.0,1.1084293372489458,14453932.21898994
2026-01-08,3874.91357421875,3930.137995704053,3865.7095039712,3865.7095039712,40059400,3957.7500732421877,62.71007410016061,4083.170221442509,3832.3299250418663,0.1697639884337761,6.337951911024903,False,9.126129457430222,80.68020853681045,36010340.0,1.1124415931646299,14453932.21898994
2026-01-09,3847.30126953125,3902.525689668062,3847.30126953125,3893.32161964526,35407500,3951.767431640625,67.32360912727124,4086.4146498951677,3817.1202133860825,0.11207456246185504,6.814531501852181,False,8.660308782012653,78.86193793681058,36369750.0,0.9735425731548883,14453932.21898994
2026-01-12,3884.117431640625,3911.7296408702978,3856.5052224109527,3856.5052224109527,24965900,3947.165393066406,68.70031646220632,4084.5660259908186,3809.7647601419935,0.2705688828214303,6.961990149476412,False,8.050670333102634,77.83096889411323,35894975.0,0.695526323670653,14453932.21898994
2026-01-13,3994.56640625,3994.56640625,3902.5257056451615,3911.7297757056454,76022000,3948.546008300781,69.39288498963813,4087.3317782800573,3809.760238321505,0.6657965292698624,7.029715226187847,False,8.947145461613514,80.16082644520336,38700675.0,1.964358502790972,14453932.21898994
2026-01-14,4012.974609375,4040.586819989966,3966.9542583500574,3994.566468965023,41778700,3954.528662109375,69.53890857536754,4093.60647926011,3815.45084495864,0.7101195879508239,7.033850505792001,False,10.399224855160766,79.69452181625373,38620145.0,1.0817851667827763,14453932.21898994
2026-01-15,4178.64794921875,4233.8723714551215,4022.178752882365,4031.3828232550936,132483000,3968.3347778320312,84.47687309982526,4137.288524031682,3799.3810316323807,1.1223986627032059,8.515095406943106,False,13.418368436808883,89.78046754938714,44082290.0,3.0053565729003644,14453932.21898994
2026-01-19,4252.2802734375,4344.320971996753,4151.035505022322,4178.647714590097,123397300,3976.6184326171874,102.81685425263196,4182.252141122452,3770.9847241119237,1.1702739614630249,10.342139281888675,False,16.79360806557905,97.17368179403313,47375580.0,2.6046604600935757,14453932.21898994
2026-01-20,4206.259765625,4270.6882521881835,4197.055696115974,4252.280113170131,67785900,3984.4418823242186,114.02022632056591,4212.482334965351,3756.401429683087,0.9863564352984706,11.44654430286786,False,19.927759149437065,95.4921728139029,48950500.0,1.3847846293704864,14453932.21898994
2026-01-21,4224.66796875,4224.66796875,4141.831341911765,4206.259829452614,54281000,3994.566357421875,125.91685875700199,4246.400074935879,3742.732639907871,0.9568522706164817,12.608813822611753,False,21.813110222283346,94.58820524421235,50281855.0,1.0795345557557492,14453932.21898994
2026-01-22,4224.66796875,4298.300525939542,4224.66796875,4233.872038398693,60255300,4004.2306274414063,135.9120084763,4276.054644394007,3732.406610488806,0.9054780438091914,13.57684120838406,False,23.999576820891658,93.09137324030735,51009875.0,1.181247748597698,14453932.21898994
2026-01-23,4233.8720703125,4243.076140030571,4160.239512567935,4224.668000594429,37564400,4016.195910644531,145.2308220844591,4306.65755481345,3725.734266475613,0.8747072359429647,14.46451570746728,False,24.976604251523643,92.3588913990451,50523580.0,0.7435023408871659,14453932.21898994
2026-01-26,4169.44384765625,4233.872339783388,4160.239777352373,4224.668269479512,79139000,4025.3999877929687,148.95915374465795,4323.318295282284,3727.481680303653,0.7417506011584185,14.8019232072715,False,25.883844008539057,91.0212964727573,53074840.0,1.491083157292608,14453932.21898994
2026-01-27,4141.83154296875,4178.647823350694,4114.219332682292,4169.443753255208,40655600,4035.0642700195312,149.97711214383085,4335.018494307193,3735.1100457318694,0.6779726109921812,14.86738273371838,False,25.99663712851788,89.12181034387481,53767535.0,0.7561365794433388,14453932.21898994
2026-01-28,4086.607177734375,4187.851950155722,3930.1379839922934,4031.3827564136404,114151800,4042.887731933594,148.28715998931014,4339.4620519122145,3746.3134119549736,0.573707402926748,14.67141012282217,False,24.38319907142721,101.16410718812867,58567095.0,1.9490773786884938,14453932.21898994
2026-01-29,4068.198974609375,4105.015254922582,3672.4239612424,3966.954203748056,242945800,4050.2509887695314,145.5436469612998,4341.338282692131,3759.163694846932,0.5308292155215407,14.373790401124348,False,24.730500362383214,124.8374776518468,69489865.0,3.496132853330482,14453932.21898994
2026-01-30,4132.62744140625,4224.668141660287,4077.403021253828,4095.8111613046353,167017600,4055.7734375,146.51458970006712,4348.802616900134,3762.744258099866,0.6311371175791766,14.449977737452654,False,23.963954035112142,127.0968840374943,75629285.0,2.208372061166518,14453932.21898994
2026-02-02,4141.83154296875,4215.464103732639,4022.1786317274305,4206.260033637152,85790700,4066.818322753906,144.12137885042523,4355.061080454757,3778.5755650530555,0.6301216044648994,14.175344695784828,False,23.592396561209075,131.8246403209025,78284160.0,1.0958883636229857,14453932.21898994
2026-02-03,4224.66796875,4261.484247344772,4031.382506127451,4206.259829452614,82653800,4083.38564453125,142.158976378075,4367.7035972874,3799.0676917751,0.7484583242970998,13.925598878319429,False,22.84569197536264,138.8444332420752,79977940.0,1.0334574758989792,14453932.21898994
2026-02-04,4261.484375,4279.892514848812,4206.259955453564,4224.668095302376,92915700,4101.333581542969,140.7761497695792,4382.8858810821275,3819.7812820038107,0.7844068290672175,13.72979270967933,False,21.990775935103116,134.18644225301617,81928280.0,1.1341102242107366,14453932.21898994
2026-02-05,4206.259765625,4353.5248777694205,4206.259765625,4261.484182679157,94551800,4118.361096191406,131.03487298993542,4380.430842171278,3856.2913502115357,0.6677009093608705,12.726894988505444,False,20.569015959034218,135.12063295954505,84691110.0,1.116431228732272,14453932.21898994
2026-02-06,4169.44384765625,4197.05605856788,4114.219425832988,4151.035707048496,59930200,4133.087609863282,118.1519913844929,4369.391592632267,3896.7836270942958,0.5769268409422261,11.434743469026166,False,19.923266045724176,132.0434691618641,85684650.0,0.6994274937226213,14453932.21898994
2026-02-09,4160.23974609375,4206.260097267354,4095.8112544507053,4206.260097267354,51513700,4148.734533691406,97.17180931084795,4343.078152313102,3954.39091506971,0.5296001805563265,9.36881437187428,False,19.452229425996038,130.50099585149155,86489960.0,0.5956032353350609,14453932.21898994
2026-02-10,4151.03564453125,4178.647855027023,4123.423434035477,4160.239714696508,38280100,4162.0804443359375,74.6309050435716,4311.342254423081,4012.8186342487943,0.4630019232707977,7.17246156499784,True,19.01483827910562,125.12409764720975,87155670.0,0.43921525702229125,14453932.21898994
2026-02-11,4123.42333984375,4151.035549708775,4105.015199933733,4141.831479753767,54082900,4168.523291015625,64.24823612976235,4297.01976327515,4040.0268187561,0.3245089908741373,6.165083569832603,True,18.751418975627423,119.47383671508884,86058715.0,0.6284418725053006,14453932.21898994
2026-02-12,4151.03564453125,4151.03564453125,4114.219363870219,4123.423434035477,27571700,4175.426342773438,53.10677626399593,4281.6398953014295,4069.212790245446,0.38518085657779083,5.087554841522687,True,18.506814283136848,113.5697255683704,85348365.0,0.3230489535446871,14453932.21898994
2026-02-13,4123.42333984375,4151.035549708775,4114.219269888742,4151.035549708775,25116200,4172.665112304688,54.35154077587284,4281.368193856433,4063.962030752942,0.27350332778975867,5.21024710232284,True,18.279682180022125,108.08734335938023,79980025.0,0.31403090959273894,14453932.21898994
2026-02-18,4132.62744140625,4178.647791533268,4123.423371380846,4151.035581457058,38802300,4166.682470703125,51.644692450400946,4269.971855603926,4063.3930858023227,0.3351474871808919,4.95787167018617,True,17.727699612830918,104.31142252581864,75750275.0,0.5122397245422541,14453932.21898994
2026-02-19,4095.81103515625,4187.851732575491,4095.81103515625,4160.239523349719,54011700,4161.1600341796875,53.07530048390113,4267.31063514749,4055.009433211885,0.19218733371439323,5.101971570229617,True,17.487872235579367,103.4349421610631,75061565.0,0.7195653328038124,14453932.21898994
2026-02-20,4114.21923828125,4141.831447934144,4068.1988888597593,4095.8110985126536,48070400,4155.63759765625,51.85150729715909,4259.3406122505685,4051.9345830619322,0.3003030117445126,4.990955643139135,True,17.53398612412011,101.30620051201467,74751035.0,0.6430733701546741,14453932.21898994
2026-02-23,4141.83154296875,4151.035613064236,4105.015262586806,4114.219332682292,34453500,4151.495776367187,49.292531040740776,4250.080838448669,4052.9107142857056,0.4509853055098261,4.749375521116376,True,17.445747766990714,97.35721122383005,73460945.0,0.46900431242750823,14453932.21898994
2026-02-24,4095.81103515625,4132.627314123946,4077.4028956724014,4123.423244382022,58150200,4144.592724609375,46.75085861288344,4238.094441835142,4051.0910073836085,0.23914014148350748,4.511985781887853,True,17.64948230293544,95.00517094329567,74490235.0,0.7806419190381129,14453932.21898994
2026-02-25,4141.83154296875,4160.2396831597225,4086.6071223958334,4114.219332682292,53012100,4143.212109375,46.38462578702777,4235.981360949056,4050.4428578009447,0.4925591379534408,4.478131899843749,True,17.418146859403166,93.47855593048092,73183890.0,0.724368436824006,14453932.21898994
2026-02-26,4105.01513671875,4151.035485785103,4068.198857465667,4141.831415971833,53377800,4141.3712890625,47.16626082648755,4235.703810715475,4047.038767409525,0.3072978877979385,4.555617696105166,True,17.410846425490224,92.71841824397774,73820000.0,0.7230804659983744,14453932.21898994
2026-02-27,4049.790771484375,4105.015191095526,4049.790771484375,4105.015191095526,83010300,4139.53046875,50.04659826946231,4239.623665288925,4039.4372722110757,0.05171929577288028,4.835968586029002,True,17.61234029963741,90.04027548449008,72262925.0,1.148725989156957,14453932.21898994
2026-03-02,3957.75,4031.382558139535,3957.75,4003.7703488372094,77493000,4134.008020019532,62.80068132867958,4259.609382676891,4008.4066573621726,-0.20165648003502984,6.076493419902258,False,18.708708814632338,90.18316805591043,63990285.0,1.2110119528300272,14419723.72348494
2026-03-03,3957.75,4012.974418604651,3957.75,3966.954069767442,34412500,4125.264147949219,74.15150336689638,4273.567154683012,3976.961141215426,-0.06476989792226627,7.189988394198631,False,19.726765292841915,87.68611452367762,57360030.0,0.5999386680934442,14419723.72348494
2026-03-04,3819.68896484375,3948.545941971009,3792.0767554593376,3939.341872176205,101732000,4109.157019042968,100.62525201014934,4310.407523063267,3907.9065150226697,-0.21917348880284515,9.79522092184106,False,21.868707391513524,93.2566238106051,58157095.0,1.7492620633819485,13899405.73499246
2026-03-05,3939.342041015625,3976.1583217727803,3865.709479501314,3884.1176198798917,52177600,4094.89072265625,103.56975490952419,4302.030232475298,3887.751212837202,0.12453159762589859,10.1169737533158,False,23.398593659878195,97.77181903334977,56633285.0,0.9213239175513128,13899405.73499246
2026-03-06,3930.137939453125,3957.750149800571,3874.9135187582337,3930.137939453125,47786400,4078.3234008789063,102.00817822292407,4282.339757324755,3874.3070444330583,0.13682945816867825,10.004913117085385,False,24.81920233764539,96.70501989113458,54376820.0,0.8788009302493232,13899405.73499246
2026-03-09,3948.5458984375,3985.36217721081,3801.28078334426,3819.688922730915,102376100,4065.437707519531,101.2712264718895,4267.98016046331,3862.895254575752,0.21143874436418159,9.964115429398992,False,26.61311295924012,102.94618946080712,54768035.0,1.8692673564059765,13899405.73499246
2026-03-10,3920.933837890625,4022.1786083525894,3911.7297678486284,4003.7704682685962,66622300,4053.01220703125,103.06809062975572,4259.148388290761,3846.8760257717386,0.1796332202973448,10.171999033306738,False,27.643142090482048,103.48209310674669,55102640.0,1.2090582229816937,13899405.73499246
2026-03-11,3948.5458984375,3985.36217721081,3939.3418287441723,3957.7499681308273,54719700,4042.4275146484374,102.34419353499575,4247.115901718429,3837.7391275784457,0.27067185502117597,10.127003456624408,False,28.599597712349553,100.69253926484943,55262940.0,0.990169904098479,13899405.73499246
2026-03-12,3939.342041015625,4003.7705323406467,3930.137970826336,3957.7501813942026,87013000,4031.8428344726562,101.46363750138605,4234.770109475428,3828.915559469884,0.2720838821302666,10.066229430756765,False,29.152499841681227,98.75968371123952,57699585.0,1.5080351097845852,13899405.73499246
2026-03-13,3902.525634765625,3966.954124018831,3884.1174949789947,3948.5459842322007,99440600,4020.79794921875,102.98152218924203,4226.760993597234,3814.834904840266,0.2128797673145085,10.244884074242183,False,30.039803155717728,97.62232266328215,59967470.0,1.6582423770754378,13899405.73499246
2026-03-16,3976.158203125,3994.5663429542824,3893.3215738932295,3911.729713722512,126138200,4012.0540771484375,98.6755523530001,4209.405181854438,3814.7029724424374,0.40905580671333797,9.83790850826553,False,30.353549349228008,97.88106883455148,64895795.0,1.9437037484478001,13899405.73499246
2026-03-17,4040.586669921875,4040.586669921875,3976.1581808798405,3985.362250742988,209818800,4007.912243652344,95.44034468937757,4198.792933031099,3817.031554273589,0.5855886113358927,9.525193056862376,False,29.847576542389287,95.49159884937171,74130925.0,2.830381517565038,13899405.73499246
2026-03-25,4040.0,4090.0,3980.0,4050.0,247976300,4003.280871582031,91.22415420723362,4185.729179996499,3820.832563167564,0.6006288541041278,9.114939184487788,False,28.606408823601093,96.52791321727373,84589625.0,2.9315214484045766,13899405.73499246
2026-03-26,4000.0,4060.0,3970.0,4050.0,90175900,3998.4903198242187,88.58686641699323,4175.664052658205,3821.3165869902323,0.5042604514552841,8.862031349960867,False,27.57102490246702,96.06163370175419,86397835.0,1.0437286999147606,13899405.73499246
2026-03-27,3900.0,3990.0,3900.0,3980.0,76824500,3987.7793579101562,86.79003446292032,4161.359426835997,3814.1992889843154,0.2471502389261684,8.70560045312072,False,27.36880486834638,96.34294558020032,87835540.0,0.8746402652047224,13899405.73499246
2026-03-30,3850.0,3860.0,3780.0,3860.0,82872100,3973.187780761719,84.01456165472185,4141.216904071162,3805.1586574522753,0.13343324557238984,8.458151619364433,False,28.180782897671214,98.03273518161458,90256470.0,0.9181845910880405,13899405.73499246
2026-03-31,3760.0,3880.0,3760.0,3850.0,76852900,3956.3972290039064,91.44587113692894,4139.288971277764,3773.5054867300487,-0.036922079045608014,9.245368029938895,False,28.93476249632999,99.60182552578497,91191605.0,0.8427628837106222,13899405.73499246
2026-04-01,3720.0,3840.0,3720.0,3830.0,88881000,3935.3056518554686,95.00284543240193,4125.3113427202725,3745.2999609906647,-0.06657685060777079,9.65646420756251,False,29.92839837300613,101.0588379882289,92985050.0,0.9558633350199844,13899405.73499246
2026-04-02,3700.0,3750.0,3690.0,3730.0,53750100,3915.054895019531,99.96074220434352,4114.976379428218,3715.1334106108443,-0.03784838496874107,10.212959448564234,False,31.06086072281328,98.12606384621256,93003665.0,0.5779352888942603,13899405.73499246
2026-04-06,3640.0,3720.0,3630.0,3700.0,45425200,3894.5653564453123,112.14555032743108,4118.856457100174,3670.2742557904503,-0.0674887583637038,11.518158260390797,False,32.49836992232072,97.54563071434023,91124410.0,0.49849650604047807,13899405.73499246
2026-04-07,3510.0,3660.0,3510.0,3640.0,101448300,3872.1778564453125,140.08081798477696,4152.339492414866,3592.0162204757585,-0.14637303960609274,14.470494195054576,False,34.44935406858565,101.29237137760164,92322175.0,1.0988508448809833,13899405.73499246
2026-04-08,3780.0,3800.0,3630.0,3650.0,112845200,3863.2903564453127,140.0046029543532,4143.299562354019,3583.281150536606,0.3512721105454146,14.495892364991603,False,34.186997180832705,114.77148770777295,96243810.0,1.1724930673463572,13899405.73499246
2026-04-09,3710.0,3770.0,3680.0,3760.0,55090400,3857.805908203125,143.8968484163191,4145.5996050357635,3570.012211370487,0.24320857296419637,14.920071340068311,False,33.9433800707764,113.71638144293202,93911730.0,0.586618945258489,13899405.73499246
2026-04-10,3730.0,3820.0,3700.0,3730.0,58848500,3847.3388061523438,145.2610646948995,4137.860935542143,3556.816676762545,0.2980553040851008,15.102497805767475,False,33.06339425416844,114.16521133986545,94245275.0,0.6244185716472258,13899405.73499246
2026-04-13,3680.0,3710.0,3660.0,3710.0,36975400,3834.8319091796875,148.48939206149723,4131.810693302682,3537.853125056693,0.23932159895374297,15.488490299253899,False,32.5646316201183,111.01055338701792,93704725.0,0.39459482966307197,13899405.73499246
2026-04-14,3740.0,3780.0,3710.0,3740.0,51368500,3824.4046142578127,147.40216052102585,4119.208935299865,3529.6002932157608,0.3568463753186085,15.41700477731818,False,31.2297331113549,110.22408528794521,91154345.0,0.563533202942767,13899405.73499246
2026-04-15,3670.0,3790.0,3660.0,3770.0,57711000,3811.8579223632814,149.4190585212386,4110.696039405759,3513.019805320804,0.26265088977401513,15.67939430739345,False,30.4165074597739,111.63665062452057,90708780.0,0.6362228661878155,13899405.73499246
2026-04-16,3700.0,3700.0,3660.0,3700.0,30456000,3799.430627441406,147.77915328175231,4094.988934004911,3503.8723208779015,0.3317918575906406,15.558031481287399,False,29.6613693547344,106.51974700848339,89495595.0,0.34030725199379924,13899405.73499246
2026-04-17,3710.0,3740.0,3690.0,3690.0,22706000,3787.963525390625,145.22715956592333,4078.4178445224716,3497.5092062587782,0.36579038379657436,15.335644981000405,False,28.44300483882279,102.48262222216316,86280245.0,0.263165687580048,13899405.73499246
2026-04-20,3670.0,3730.0,3660.0,3710.0,36946800,3776.3372436523437,144.88019324748137,4066.0976301473065,3486.576857157381,0.3165083140959432,15.346107500436935,False,27.60210591386975,100.16243492058008,83155555.0,0.44430946315011666,13899405.73499246
2026-04-21,3730.0,3730.0,3660.0,3670.0,30514900,3764.029333496094,137.2673474358802,4038.564028367854,3489.4946386243337,0.43802361936077056,14.587277119690652,False,26.821271197841924,98.0079752833958,78374390.0,0.3893478469178516,13899405.73499246
2026-04-22,3830.0,3840.0,3740.0,3750.0,58900700,3753.5,122.18514855057293,3997.8702971011458,3509.1297028988542,0.6565247513864919,13.020929644393005,False,25.091186059802258,98.86454847743896,70828485.0,0.8315962144326537,13899405.73499246
2026-04-23,3870.0,3890.0,3820.0,3850.0,56532500,3745.0,106.05361107035802,3957.107222140716,3532.892777859284,0.794662290935743,11.327488498836647,False,24.00510359336276,96.80279501476475,61256295.0,0.9228847418865277,13899405.73499246
2026-04-24,3770.0,3860.0,3720.0,3850.0,53993700,3733.5,87.85604253855807,3909.212085077116,3557.787914922884,0.603863089394167,9.412727203809625,True,22.673440743728943,100.60259537085298,59447185.0,0.9082633601574238,13899405.73499246
2026-04-27,3720.0,3800.0,3720.0,3790.0,27549200,3724.5,78.63807836177098,3881.776156723542,3567.223843276458,0.48569395357266376,8.445491030932583,True,21.436896669068968,99.13098141579205,56983420.0,0.4834599257117246,13899405.73499246
2026-04-28,3790.0,3790.0,3680.0,3750.0,31602700,3721.5,74.64124723961135,3870.782494479223,3572.217505520777,0.7294307857025187,8.022705601463002,True,20.697505138425647,99.90733988609263,54419950.0,0.5807190194037297,13899405.73499246
2026-04-29,3800.0,3840.0,3770.0,3810.0,27956600,3723.5,76.24579367179936,3875.991587343599,3571.008412656401,0.7508335093516594,8.190766071900036,True,19.41357002847879,97.7711013228003,51975135.0,0.537884124783899,13899405.73499246
2026-04-30,3720.0,3800.0,3720.0,3790.0,57549500,3723.5,76.24579367179936,3875.991587343599,3571.008412656401,0.48852395708848617,8.190766071900036,True,18.742441522891813,96.50173694260027,50408560.0,1.1416612575324507,13899405.73499246
2026-05-04,3840.0,3860.0,3760.0,3780.0,39293500,3730.5,80.29386815422849,3891.087736308457,3569.912263691543,0.8409351253002048,8.609448401472022,True,17.424929012096854,99.60875573241455,49685730.0,0.7908407504528966,13899405.73499246
2026-05-05,3920.0,3970.0,3810.0,3840.0,52767900,3744.5,87.74814437989797,3919.996288759796,3569.003711240204,1.0000105735575107,9.37354994043508,True,17.223155405640473,103.92241603724209,50052865.0,1.0542433485076228,13899405.73499246
2026-05-06,3830.0,3930.0,3800.0,3920.0,41949100,3760.5,70.14833906582328,3900.7966781316463,3620.2033218683537,0.747689399797425,7.461597028674182,True,16.91846679853841,105.7851006060105,47077905.0,0.8910570680662192,13899405.73499246
2026-05-07,3980.0,3990.0,3860.0,3880.0,56083300,3770.5,85.62310312925345,3941.746206258507,3599.253793741493,1.1116923830818963,9.083474672245423,False,17.162546696452942,109.6575934198669,44239810.0,1.2677111407124035,13899405.73499246
2026-05-08,3860.0,3990.0,3860.0,3980.0,58943300,3778.0,86.60861753652304,3951.217235073046,3604.782764926954,0.7366970006345511,9.169784810642993,False,17.38919231594501,111.11062246130498,44432455.0,1.3265821121070174,13899405.73499246
2026-05-11,3820.0,3890.0,3800.0,3890.0,31597700,3782.5,86.32100433545871,3955.142008670917,3609.857991329083,0.6086062433143977,9.128460471694234,False,16.830299792219677,109.60272085692607,43069915.0,0.7336373893470651,13899405.73499246
2026-05-12,3910.0,3910.0,3770.0,3820.0,44682300,3794.0,87.26245952363128,3968.5249190472628,3619.4750809527372,0.8323307658105439,9.200048447404468,False,15.951485879626802,111.77395508143135,43455260.0,1.0282368578625465,13899405.73499246
2026-05-13,3870.0,3890.0,3820.0,3890.0,24634300,3800.5,87.86802304417726,3976.2360460883547,3624.7639539116453,0.6977397396464057,9.248048735079841,False,15.13544438936199,110.21867257561483,42118550.0,0.5848800587864492,13899405.73499246
2026-05-14,3870.0,3870.0,3870.0,3870.0,0,3810.5,83.50701199683189,3977.5140239936636,3643.4859760063364,0.6781287540328271,8.765989974736312,False,14.377691576973234,102.3459102487852,39233000.0,0.0,13899405.73499246
2026-05-15,3870.0,3870.0,3870.0,3870.0,0,3819.0,80.25616880705212,3979.512337614104,3658.487662385896,0.658866292641665,8.40598783001331,False,13.67406396546939,95.03548808815769,37710200.0,0.0,13899405.73499246
2026-05-18,3800.0,3840.0,3730.0,3830.0,37869300,3823.5,76.24579367177242,3975.991587343545,3671.008412656455,0.42294656902266553,7.976544388311484,False,14.04621248987076,98.24723893900358,38468365.0,0.9844270740386288,13899405.73499246
2026-05-19,3810.0,3880.0,3770.0,3810.0,42431700,3830.5,67.31504875939932,3965.1300975187987,3695.8699024812013,0.42386546404626374,7.029374625704149,False,13.844306343375145,99.0867218719319,38742610.0,1.0952204820480602,13899405.73499246
2026-05-20,3800.0,3880.0,3770.0,3830.0,54487000,3834.0,63.52786375828081,3961.0557275165615,3706.9442724834385,0.3662004434409769,6.62784181098391,False,13.65682206448636,99.86624173822248,39941215.0,1.3641798327867591,13899405.73499246
2026-05-21,3800.0,3860.0,3780.0,3810.0,29621700,3832.5,63.979848801307114,3960.459697602614,3704.540302397386,0.37300688963438106,6.677609790090758,False,13.482729519803916,98.4472244712066,38477265.0,0.7698494162721805,13899405.73499246
2026-05-22,3780.0,3810.0,3750.0,3800.0,25045300,3828.0,64.367366691077,3956.734733382154,3699.265266617846,0.31357012696212233,6.725952632296446,False,13.682236338552034,95.7009941518347,36902905.0,0.6786809873098066,13899405.73499246
2026-05-25,3890.0,3930.0,3800.0,3810.0,56968300,3834.0,64.26917080370613,3962.5383416074123,3705.4616583925877,0.7178338358022299,6.705182139145141,False,13.178569749965376,99.5794945695608,37051635.0,1.5375380870506794,13899405.73499246
2026-05-26,3840.0,3890.0,3810.0,3890.0,25818200,3840.0,58.39971160712788,3956.799423214256,3723.200576785744,0.5,6.083303292409165,False,12.710879346277766,98.18095924316358,36965085.0,0.6984482789637844,13899405.73499246
2026-05-27,3840.0,3840.0,3840.0,3840.0,0,3842.5,57.204618878712594,3956.909237757425,3728.090762242575,0.4890743088189234,5.954937554062471,False,12.276595399996411,91.16803358293762,35384950.0,0.0,13899405.73499246
2026-05-28,3840.0,3840.0,3840.0,3840.0,0,3844.5,56.33312571336359,3957.1662514267273,3731.8337485732727,0.48002951219635376,5.861165375301199,False,11.873331735592295,84.65603118415636,33987120.0,0.0,13899405.73499246
2026-05-29,3700.0,3850.0,3700.0,3820.0,160150400,3843.5,58.783724922767206,3961.0674498455346,3725.9325501544654,-0.1102879674116294,6.117728624718856,False,12.350169997644933,89.32345752814518,39117165.0,4.094120829052923,13866536.72949246
2026-06-02,3760.0,3820.0,3710.0,3760.0,50891200,3839.5,61.68468205321523,3962.8693641064306,3716.1306358935694,0.1777968315885317,6.4263244748759245,False,12.79294838383667,91.51463913327767,39697050.0,1.2819894677312293,14088536.72949246
2026-06-03,3570.0,3790.0,3560.0,3770.0,60855300,3822.0,83.45184555372497,3988.90369110745,3655.09630889255,-0.2549263839760332,8.733840455648872,False,14.523965552186954,101.40645062375783,40101420.0,1.5175347905385894,13535075.999479156
2026-06-04,3420.0,3580.0,3350.0,3570.0,107483200,3801.5,122.5722128723671,4046.6444257447342,3556.3555742552658,-0.27811273668782316,12.897247178468197,False,17.277734674431912,110.59170415063228,43378125.0,2.47782032994741,13503052.128379155
2026-06-05,3210.0,3420.0,3210.0,3400.0,87511600,3763.0,173.7845005505047,4110.569001101009,3415.4309988989908,-0.29552549025983066,18.472973749721458,False,20.353231011366756,117.69229671130141,44949540.0,1.9468853296385236,12819605.865169432
2026-06-08,3010.0,3190.0,3010.0,3150.0,146586500,3720.5,240.09811590924463,4200.69623181849,3240.303768181511,-0.23980172367175498,25.813532149898638,False,23.753660831851658,123.57141837477988,49331700.0,2.9714463519400303,12819605.865169432
2026-06-09,3270.0,3350.0,2990.0,3000.0,182146000,3693.0,258.86594783281316,4210.731895665626,3175.2681043343737,0.09148740541070342,28.038553786386476,False,25.206681071566678,140.45917420515275,56859115.0,3.203461749272742,12819605.865169432
2026-06-10,3450.0,3560.0,3300.0,3320.0,213541800,3670.0,259.00619785311903,4188.012395706238,3151.987604293762,0.28764986916957785,28.22955834911378,False,24.834617024042956,151.14066176192756,65302090.0,3.270060728531047,12819605.865169432
2026-06-11,3500.0,3620.0,3400.0,3490.0,135430000,3651.5,257.176470234194,4165.852940468388,3137.147059531612,0.35272758442671825,28.17214517148503,False,24.06965770467614,156.0591859217899,70841875.0,1.9117224099446832,12819605.865169432
2026-06-12,3560.0,3650.0,3520.0,3570.0,74824100,3636.0,252.61578898026133,4141.231577960522,3130.768422039477,0.4247869657051225,27.790515839412684,False,23.1500384940398,155.62638692737633,74583080.0,1.0032315640491114,12819605.865169432
2026-06-15,3800.0,3830.0,3650.0,3650.0,110833800,3632.5,249.6708359336434,4131.841671867287,3133.158328132713,0.6677208306825606,27.49300326867375,False,21.826999454439363,163.79593071827802,80124770.0,1.3832651251292203,12819605.865169432
2026-06-17,3800.0,3920.0,3670.0,3810.0,90260200,3632.5,249.6708359336434,4131.841671867287,3133.158328132713,0.6677208306825606,27.49300326867375,False,21.08327885995711,169.95336423840104,82744315.0,1.0908326451188821,12819605.865169432
2026-06-18,3730.0,3780.0,3660.0,3780.0,70456300,3628.5,247.30707526008868,4123.114150520178,3133.885849479823,0.6026052326780925,27.262733940756647,False,20.325483182678546,167.8138382213724,84145545.0,0.83731467898865,12819605.865169432
2026-06-19,3670.0,3760.0,3640.0,3720.0,95367400,3622.0,244.25181139233396,4110.503622784668,3133.496377215332,0.5491296254123775,26.974247530903806,False,19.48086716665118,164.39856406270297,86189565.0,1.1064842942414201,12819605.865169432
2026-06-22,3490.0,3720.0,3490.0,3720.0,56952800,3606.5,242.18903013102255,4090.878060262045,3122.121939737955,0.3797426952647542,26.86139250032136,False,18.459299401588943,169.08438091536703,87556120.0,0.6504719487341376,12819605.865169432
2026-06-23,3430.0,3490.0,3390.0,3490.0,69805600,3589.0,241.63696127175612,4072.273922543512,3105.726077456488,0.33549702085809907,26.930839929981172,False,18.072890547535195,164.1497822785551,89794135.0,0.7773959847154828,12819605.865169432
2026-06-24,3320.0,3490.0,3290.0,3430.0,102475500,3560.5,237.85167868369004,4036.2033573673802,3084.7966426326198,0.24721641515106588,26.72115474609635,False,18.223707533610522,166.71051211580118,92069495.0,1.1130233743543396,12819605.865169432
2026-06-25,3350.0,3430.0,3300.0,3320.0,51645300,3536.0,232.72753438984537,4001.455068779691,3070.544931220309,0.3001955371464249,26.326644161747225,False,18.363751877823326,164.08833267895824,93360850.0,0.5531794108558352,12819605.865169432
2026-06-26,3320.0,3370.0,3230.0,3330.0,75387100,3510.0,225.9249991992425,3961.849998398485,3058.150001601515,0.2897532359484046,25.746438655184317,False,18.84985611822526,162.36773748760407,97130205.0,0.7761447636191028,12819605.865169432
2026-06-29,3260.0,3350.0,3260.0,3340.0,30133200,3481.0,218.43703175543814,3917.874063510876,3044.125936489124,0.24706669672266074,25.100492014414026,False,19.301238627169916,157.19861338134663,98636865.0,0.3054963273619858,12819605.865169432
2026-06-30,3160.0,3270.0,3160.0,3250.0,68047800,3454.0,223.26288493499274,3900.5257698699857,3007.4742301300143,0.17079167672046833,25.8555743989569,False,20.221598673862662,153.8272838541076,94031735.0,0.723668450869273,12819605.865169432
