Date,Close,High,Low,Open,Volume,BB_SMA,BB_STD,BB_Upper,BB_Lower,Pct_B,BandWidth,BW_Squeeze,ADX,ATR,Vol_MA,Vol_Ratio,Equity
2018-02-06,5368.1708984375,5455.886109196283,5368.1708984375,5403.2569827410125,16499000,5540.969897460937,97.30578607106654,5735.58146960307,5346.358325318804,0.05604130545424338,7.024458740745391,False,37.00528042027409,97.17624361235653,9378715.0,1.7591962225102267,10000000.0
2018-02-07,5561.14501953125,5561.14501953125,5403.257621500395,5473.429798402997,9916400,5544.478515625,96.67117554633032,5737.8208667176605,5351.1361645323395,0.5431010169578999,6.9742303283455325,False,35.148816845534746,104.01894914674178,9374655.0,1.057788259941299,10000000.0
2018-02-08,5508.515625,5543.60171178344,5490.97258160828,5543.60171178344,6543200,5543.6013671875,96.92635718916634,5737.454081565833,5349.748652809167,0.4095041245617416,6.993746539054724,False,33.424957811848216,101.60134120218665,9449880.0,0.6924109089215947,10000000.0
2018-02-09,5438.3427734375,5526.057979460686,5420.799732232863,5438.3427734375,8919100,5540.092724609375,99.49922148328977,5739.091167575954,5341.094281642796,0.24434485603245756,7.183939073171752,False,32.64188527993975,101.86254877544637,9469440.0,0.9418825189240335,10000000.0
2018-02-12,5455.88671875,5490.972806973472,5438.343674638263,5455.88671875,3646800,5539.215625,100.19270408076108,5739.601033161522,5338.830216838478,0.2920784077680145,7.235154640203118,False,31.91474650031046,98.34594054405535,9511670.0,0.38340270425698114,10000000.0
2018-02-13,5438.3427734375,5490.971897051411,5420.799732232863,5420.799732232863,10107000,5533.952685546875,102.68375215350724,5739.320189853889,5328.5851812398605,0.26722239374725343,7.4220910794332005,False,31.43870048160491,96.33352799223344,9264710.0,1.0909138008637076,10000000.0
2018-02-14,5490.97265625,5508.515699880191,5438.343525359425,5438.343525359425,3861800,5529.566967773438,102.54563521791773,5734.658238209273,5324.4756973376025,0.40590942403003866,7.417986675308076,False,30.663128651301932,94.46491359583757,8764180.0,0.4406344917607808,10000000.0
2018-02-15,5473.4287109375,5508.514792417869,5473.4287109375,5508.514792417869,4137500,5526.058325195312,103.23831941557589,5732.534964026464,5319.58168636416,0.3725531019980171,7.4728360317787335,False,29.942954808877737,90.22356844473268,8590910.0,0.4816137056493433,10000000.0
2018-02-16,5473.4287109375,5473.4287109375,5473.4287109375,5473.4287109375,0,5521.672509765625,103.53208349846616,5728.736676762558,5314.608342768693,0.38350519665519917,7.500052443556521,False,29.27422195519813,83.77902784153748,8276300.0,0.0,10000000.0
2018-02-19,5508.515625,5526.05866839172,5455.886494824841,5508.515625,4795300,5513.778173828125,97.77496233452646,5709.328098497178,5318.228249159071,0.48654423202404473,7.0931371739710825,False,27.59762442918113,82.80710967906187,7563150.0,0.6340347606486715,10000000.0
2018-02-20,5438.3427734375,5526.057979460686,5420.799732232863,5473.428855846774,3427900,5500.620874023438,88.44619627080662,5677.513266565051,5323.728481481825,0.3239661420959997,6.431724585018516,False,26.584966814645156,84.41076236111621,7021880.0,0.4881741072191493,10000000.0
2018-02-21,5350.6279296875,5455.886184042008,5350.6279296875,5438.34314164959,10740300,5484.8321533203125,85.42789408795238,5655.687941496217,5313.976365144408,0.10725877342053301,6.230119113944976,False,26.562091064669573,85.89986893207275,7204935.0,1.4906865918984695,10000000.0
2018-02-22,5403.25732421875,5438.343410739651,5350.628194437399,5368.1712376978485,6050200,5474.306323242187,81.5872754393321,5637.480874120852,5311.131772363523,0.2822914215456645,5.961469499281632,False,26.540849296835102,86.02955551207832,7133615.0,0.8481253894413983,10000000.0
2018-02-23,5350.6279296875,5455.886184042008,5350.6279296875,5420.8000992571715,6811800,5458.517602539063,72.50516376063001,5603.527930060323,5313.507275017802,0.12799314126180159,5.313176143420625,False,26.149192601984083,87.40303400082328,7274685.0,0.936370440781972,10000000.0
2018-02-26,5297.998046875,5385.7132463265725,5297.998046875,5368.170206436258,7874900,5440.097387695312,63.098649786042294,5566.2946872673965,5313.900088123228,-0.06300468117047328,4.639523544469032,True,26.44847464471955,87.42533153301966,7335785.0,1.0734911124031035,10000000.0
2018-02-27,5315.54296875,5385.715153155941,5297.999922648515,5350.629060952971,7910600,5432.203100585937,68.36580527305604,5568.934711132049,5295.471490039825,0.07339736082244896,5.034112606406926,False,26.726336689981878,87.44617258644261,7155960.0,1.1054561512361725,10000000.0
2018-02-28,5315.54296875,5368.172107054455,5297.999922648515,5297.999922648515,10388200,5426.0631103515625,73.13350605776598,5572.330122467094,5279.796098236031,0.12219730887007439,5.391275742314567,False,26.9843514462969,86.2123162878353,7077115.0,1.4678580184156962,10000000.0
2018-03-01,5455.88671875,5473.429762861736,5297.9993217443725,5315.542365856109,8506100,5428.694580078125,73.2165265842049,5575.127633246535,5282.261526909715,0.5928483634108271,5.394779573924847,False,25.110460564197286,92.58503948994446,6992205.0,1.2165118156575787,10000000.0
2018-03-02,5403.25732421875,5455.886454000101,5385.714280958299,5438.343410739651,6042200,5426.0631103515625,73.13350605776598,5572.330122467094,5279.796098236031,0.422040568809873,5.391275742314567,False,23.37041903081908,90.98413936864135,7064700.0,0.8552663241185047,10000000.0
2018-03-05,5333.08544921875,5403.257626182155,5315.542404977899,5403.257626182155,13235400,5419.045947265625,75.05724771381728,5569.160442693259,5268.931451837991,0.21368355267092162,5.540255494728917,False,22.8131970994767,90.75064521404236,7470685.0,1.7716447688531909,10000000.0
2018-03-06,5227.826171875,5333.084416946309,5227.826171875,5333.084416946309,11197500,5412.0287109375,85.84874031095406,5583.726191559408,5240.331230315593,-0.036415963691773114,6.3450321420104,False,23.305100226764644,91.78697608045006,7205610.0,1.5539975102732455,10000000.0
2018-03-07,5105.02587890625,5227.827188708118,5087.48283464884,5227.827188708118,9955000,5389.22275390625,103.0183810657955,5595.2595160378405,5183.185991774659,-0.189675162965553,7.646251474101717,False,24.885802571430144,95.25536022179492,7207540.0,1.381192473437539,10000000.0
2018-03-08,5140.11181640625,5262.9131226002555,5122.568772664249,5122.568772664249,9359200,5370.802563476563,113.0166153806718,5596.835794237906,5144.769332715219,-0.010302724721673408,8.417111896775085,False,25.76316997355347,99.72906618409569,7348340.0,1.273648198096441,10000000.0
2018-03-09,5227.826171875,5262.912253565437,5175.1970493393455,5227.826171875,3127000,5360.2767333984375,116.1548554181728,5592.586444234783,5127.967022562092,0.2149267651218752,8.667825278082615,False,26.57786827552513,101.37702125374506,7058735.0,0.44299722259016666,10000000.0
2018-03-12,5297.998046875,5333.084126655629,5262.91196709437,5280.4550069846855,6550500,5352.382299804687,114.67069147137722,5581.723682747442,5123.040916861933,0.3814338427895896,8.569693646551494,False,26.19315051390926,101.65423079137963,7203920.0,0.9092966051816234,10000000.0
2018-03-13,5262.91259765625,5315.541723632812,5245.369555664062,5297.998681640625,7593700,5343.610791015625,114.45863868309819,5572.528068381822,5114.6935136494285,0.32373939990933254,8.567887382482356,False,26.007066744162554,99.40551201833465,7078255.0,1.072820914194247,10000000.0
2018-03-14,5140.11181640625,5333.085297568259,5140.11181640625,5333.085297568259,3518500,5326.0677490234375,117.53072751849145,5561.12920406042,5091.006293986455,0.10445251947425709,8.826829327512124,False,26.730517887261712,106.08893838573997,7061090.0,0.4982941727127115,10000000.0
2018-03-15,5034.853515625,5210.283951709494,5017.31047201655,5210.283951709494,7585400,5304.138989257813,128.9489970267566,5562.0369833113255,5046.2409952043,-0.022077487692550746,9.724405584990127,False,28.182480326443198,112.29497705054027,7233485.0,1.0486508232200662,10000000.0
2018-03-16,5017.3095703125,5140.110853501967,4964.680448945585,5034.852610768138,14475200,5281.333032226563,137.48471781750442,5556.302467861572,5006.363596591554,0.019903982592952358,10.412880004239556,False,29.80739822024025,116.80465044381464,7957245.0,1.819122070515612,10000000.0
2018-03-19,5052.3955078125,5157.653747558594,5017.309427897135,5017.309427897135,3136100,5258.527026367187,135.63439375069214,5529.795813868572,4987.258238865803,0.120060382815632,10.31729174885646,False,31.04036413764039,118.4860553879321,7874285.0,0.39827108112038107,10000000.0
2018-03-20,4912.05224609375,5105.02572719029,4912.05224609375,5052.396595982143,5952200,5232.2125,149.2788050501339,5530.770110100268,4933.654889899732,-0.0361783506351196,11.412289164488943,False,32.72172316499918,123.80658579568981,8000500.0,0.743978501343666,10000000.0
2018-03-21,5105.02587890625,5157.655011678479,4912.052392074742,4912.052392074742,7725200,5219.932397460938,149.1268049851489,5518.186007431235,4921.67878749064,0.30736776569756996,11.427489371907306,False,33.49925785612626,132.50631292347836,7849745.0,0.9841338795081879,10000000.0
2018-03-22,5017.3095703125,5192.739974868881,5017.3095703125,5140.110853501967,5782000,5200.635009765625,149.12683990308005,5498.888689571785,4902.381329959465,0.19266860416898934,11.469894705016086,False,33.7238814358661,135.57231946868572,7836335.0,0.7378449236792455,10000000.0
2018-03-23,5017.3095703125,5175.196934413243,4947.137408489948,5017.3095703125,8574000,5183.969091796875,150.10395652053737,5484.177004837949,4883.7611787558,0.22242650136012224,11.582164466070004,False,34.36039815772746,142.17854850115782,7924445.0,1.0819685164071426,10000000.0
2018-03-26,5052.3955078125,5069.938547770182,4999.766387939453,5017.309427897135,3789000,5171.68896484375,150.3304662447396,5472.349897333229,4871.028032354271,0.30161463605614197,11.62718541402316,False,34.95144939945587,137.03523502469858,7720150.0,0.49079357266374357,10000000.0
2018-03-27,5017.3095703125,5157.653893957605,4947.137408489948,5087.481732135053,8866500,5156.777294921875,150.10129870132303,5456.979892324522,4856.574697519229,0.2677106630388107,11.643031305550863,False,34.27198112820848,142.28389577062418,7767945.0,1.1414215728870376,10000000.0
2018-03-28,4999.76708984375,5017.310132264255,4894.508835320724,4999.76708984375,7495400,5140.988500976562,149.12685214666246,5439.242205269887,4842.734796683238,0.26325287984700996,11.602971072067927,False,34.025942067476315,140.892281568689,7623305.0,0.9832218440689439,10000000.0
2018-03-29,5052.3955078125,5052.3955078125,4929.594228108724,4999.766387939453,8823500,5120.813940429687,130.4012261017527,5381.616392633193,4860.011488226181,0.3688309254013459,10.185976496604436,False,33.336531004612304,139.60006714976666,7639175.0,1.1550331023965283,10000000.0
2018-03-30,5052.3955078125,5052.3955078125,5052.3955078125,5052.3955078125,0,5103.270849609375,112.81954192728155,5328.909933463938,4877.631765754812,0.38726389744237166,8.84292017821607,False,32.69636358909572,129.6286337819262,7337065.0,0.0,10000000.0
2018-04-02,5157.65478515625,5157.65478515625,5017.310437260842,5087.482611208547,2889600,5094.49931640625,100.1159323064569,5294.731181019164,4894.267451793336,0.6577058398574361,7.86070827286562,False,30.80056584790061,130.39404193288917,6819775.0,0.42370899333189144,10000000.0
2018-04-03,5017.3095703125,5157.653893957605,4999.766529856862,5157.653893957605,6528100,5083.973486328125,96.35655896785585,5276.686604263837,4891.260368392413,0.32703845817630506,7.581200745989655,False,29.211915892947786,132.35791431621053,6586305.0,0.9911627232568185,10000000.0
2018-04-04,5052.3955078125,5122.567667643229,4964.680308024088,5069.938547770182,5165100,5081.341967773437,96.4699599717823,5274.281887717002,4888.402047829873,0.42498581949913683,7.594053742779604,False,28.078289970474138,134.1814461235627,6346810.0,0.8138104023911225,10000000.0
2018-04-05,4999.76708984375,5069.939259525768,4999.76708984375,5052.3962171052635,2348600,5074.324731445313,97.07250243460547,5268.469736314524,4880.1797265761015,0.3079846513388544,7.652052840296379,False,27.02563732817718,129.60935494916663,5996280.0,0.3916761725603207,10000000.0
2018-04-06,4982.224609375,5052.396786971831,4982.224609375,5017.310698173415,3894200,5062.044653320312,92.03605636284459,5246.116766046001,4877.972540594623,0.2831826810608113,7.272638837942773,True,26.23034454094151,125.36384228114264,6034640.0,0.6453077565521721,10000000.0
2018-04-09,5034.853515625,5069.939602841899,4964.681341191202,4964.681341191202,6902600,5048.887426757812,73.46505777669275,5195.817542311198,4901.957311204426,0.4522429044585042,5.820296755863233,True,25.676426724383347,123.92772937896795,6052245.0,1.1405024086103586,10000000.0
2018-04-10,5087.482421875,5105.025464709052,4999.767207704742,4999.767207704742,11617900,5040.11591796875,54.622721371133956,5149.361360711018,4930.870475226482,0.7167893814023752,4.335036912654811,True,24.63687230875532,122.594195637921,6253455.0,1.8578369877131922,10000000.0
2018-04-11,5069.939453125,5122.568582396194,5017.310323853807,5122.568582396194,9453000,5036.6072998046875,49.91215843135235,5136.4316166673925,4936.7829829419825,0.6669540767614589,3.963950767675537,True,23.41489667454869,121.35591441681143,6550180.0,1.4431664473342718,10000000.0
2018-04-12,4999.76708984375,5069.939259525768,4947.137962582237,5069.939259525768,10132200,5034.852978515625,50.58906688289786,5136.031112281421,4933.674844749829,0.3266132840862089,4.019109761398639,True,23.087795708491605,121.45916985437938,6677520.0,1.5173597383459727,10000000.0
2018-04-13,4964.68115234375,5034.853324108326,4947.1381094026065,5017.310281167182,7042900,5032.2215576171875,52.867085856187174,5137.955729329562,4926.487385904813,0.18061221750918127,4.202286028218551,True,22.78405909715288,119.04888734376082,6305905.0,1.1168737873469392,10000000.0
2018-04-16,4947.13818359375,4982.224270002216,4929.595140389517,4947.13818359375,5150100,5026.95869140625,55.904939818093695,5138.7685710424375,4915.148811770063,0.14305252777203506,4.4484105201552575,True,22.700504028292368,114.30461893439929,6406605.0,0.803873502424451,10000000.0
2018-04-17,4982.224609375,4999.767653774208,4947.138520576585,4964.681564975793,12172100,5030.467309570313,50.227546707919714,5130.9224029861525,4930.012216154473,0.2598792726437005,3.9938672586034647,True,22.31401669854801,109.89925116626064,6717600.0,1.8119715374538525,10000000.0
2018-04-18,4947.13818359375,5017.310356410682,4929.595140389517,4999.767313206449,8005200,5022.572924804687,50.299973462204456,5123.172871729096,4921.972977880278,0.12507564110536146,4.005912843100068,True,22.173035661485603,108.31467722732526,6731600.0,1.1891972190861013,10000000.0
2018-04-19,5017.3095703125,5017.3095703125,4947.137408489948,4947.137408489948,3752100,5022.572924804687,50.299973462204456,5123.172871729096,4921.972977880278,0.4738401726188672,4.005912843100068,True,22.042124698499084,105.59021184127003,6630105.0,0.5659186392975677,10000000.0
2018-04-20,4982.224609375,5017.310698173415,4947.138520576585,5017.310698173415,6606500,5020.818676757813,51.09866370122915,5123.016004160271,4918.621349355354,0.3111786855695982,4.070942767781941,True,21.920540880126516,103.06035225238152,6531730.0,1.01144719699069,10000000.0
2018-04-23,4912.05224609375,4982.224421037947,4894.509202357701,4947.138333565848,8442300,5013.801513671875,55.94105160247593,5125.683616876827,4901.919410466923,0.045283541051534086,4.462964993722481,True,22.498499607309544,101.96428473558993,6764395.0,1.2480495299283971,10000000.0
2018-04-24,4841.87939453125,4947.137642238451,4841.87939453125,4947.137642238451,4391400,5005.030004882812,67.84841660996372,5140.72683810274,4869.3331716628845,-0.10115850340862202,5.42241837062093,False,23.61326025196536,102.19956780499072,6540640.0,0.6714021869419506,10000000.0
2018-04-25,4824.33642578125,4876.965550426136,4771.707301136364,4841.879467329545,4629800,4996.258471679687,78.98981295153774,5154.238097582763,4838.278845776612,-0.04412727247473013,6.32391725922716,False,25.2779390306111,102.41804505390373,6397360.0,0.7237047782210162,10000000.0
2018-04-26,4736.62158203125,4824.33679651331,4613.820281756366,4771.707667824074,10318400,4980.469775390625,96.74238974084842,5173.954554872322,4786.984995908928,-0.13014825768877109,7.769740133259686,False,27.796335850860828,110.13936431840662,6472105.0,1.5942881025570506,10000000.0
2018-04-27,4754.16455078125,4824.336721272486,4683.992380290014,4754.16455078125,4395000,4965.5582275390625,107.46269070977816,5180.483608958619,4750.632846119506,0.008216118167192036,8.656645298310139,False,30.13484718394986,112.29686265155416,6691855.0,0.6567685641724156,10000000.0
2018-04-30,4894.5078125,4894.5078125,4754.163502464157,4754.163502464157,9476200,4952.40087890625,98.43542515008104,5149.271729206412,4755.530028606088,0.3529668909389516,7.950521579894441,False,30.967190056718863,114.30025175043193,7021185.0,1.3496582129654753,10000000.0
2018-05-01,4894.5078125,4894.5078125,4894.5078125,4894.5078125,0,4946.260791015625,98.00257270973802,5142.265936435101,4750.2556455961485,0.367980561416215,7.925386618331955,False,31.740079867147227,106.13594805397251,6694780.0,0.0,10000000.0
2018-05-02,4859.42333984375,4894.509428940095,4806.794206199233,4894.509428940095,7277400,4936.6121826171875,96.49102298926162,5129.594228595711,4743.630136638664,0.3000103004866376,7.818400102728433,False,33.059795002479675,104.82018196017894,6800395.0,1.070143719592759,10000000.0
2018-05-03,4719.078125,4806.793331784386,4701.535083643123,4771.707249070632,7637400,4922.577734375,106.69509977405626,5135.9679339231125,4709.187534826887,0.02317489320985235,8.6698559601398,False,34.84574747939011,108.61075869163955,7064835.0,1.0810443556006615,10000000.0
2018-05-04,4455.9326171875,4683.99216058686,4420.846533587598,4683.99216058686,14993100,4896.263134765625,148.0831549192189,5192.429444604063,4600.096824927187,-0.2433838741116951,12.097646784362,False,37.437541352208825,122.15510388597973,7619780.0,1.9676552341406182,10000000.0
2018-05-07,4473.4755859375,4543.6477519914215,4385.760378370098,4420.846461397059,4370700,4868.19423828125,171.74469323389621,5211.683624749043,4524.704851813458,-0.07457183233922351,14.111572778536615,False,39.92722277786494,124.70740886707573,7493185.0,0.5832900161947155,10000000.0
2018-05-08,4350.6748046875,4526.1052403603835,4350.6748046875,4473.476109658519,7322600,4831.353857421875,199.07990155663285,5229.51366053514,4433.194054308609,-0.10362579167444852,16.482328343705003,False,42.32130549093118,128.33048221034772,7278420.0,1.0060699987085109,10000000.0
2018-05-09,4473.4755859375,4631.362959558824,4262.9590877757355,4280.502129289216,14518000,4801.5306640625,206.0133682878489,5213.5574006381985,4389.503927486802,0.10190073968084638,17.162307830690338,False,43.07804450495484,145.47858146554347,7531670.0,1.9275937474690208,10000000.0
2018-05-10,4473.4755859375,4473.4755859375,4473.4755859375,4473.4755859375,0,4775.216088867188,212.85799155103567,5200.93207196926,4349.500105765116,0.14560820487524298,17.83022904846441,False,43.78073073226252,135.08725421800466,7025060.0,0.0,10000000.0
2018-05-11,4561.19091796875,4613.820043945312,4491.01875,4491.01875,7990000,4755.041577148438,213.07664939292627,5181.19487593429,4328.888278362585,0.27255759871860097,17.924272243331828,False,42.74339839199352,135.4627687744195,7072415.0,1.1297413966799177,10000000.0
2018-05-14,4526.10498046875,4561.191065588663,4438.3897676689685,4455.932810228925,6590000,4733.989916992187,213.8960548095358,5161.7820266112585,4306.197807373116,0.2570257470286805,18.073215918080173,False,42.07730127310721,134.558377999082,7144410.0,0.9223994703551448,10000000.0
2018-05-15,4543.6484375,4561.191481660232,4508.562349179537,4526.105393339769,7393200,4712.061108398438,209.54473035665941,5131.150569111756,4292.971647685119,0.2990731255663315,17.78794676352409,False,41.45877774866874,128.70628903348296,6905465.0,1.070630290646611,10000000.0
2018-05-16,4508.5615234375,4526.104564384727,4420.846318701361,4473.475441543044,6789500,4690.132275390625,206.57664078469136,5103.285556960008,4276.9789938212425,0.28026224157845253,17.617979933624476,False,41.36984483841089,128.28456258813696,6844680.0,0.9919382644623269,10000000.0
2018-05-17,4420.84765625,4561.192026289683,4420.84765625,4561.192026289683,9836700,4660.3091796875,199.80057753549457,5059.910334758489,4260.708024616511,0.20037433526066845,17.149126363233464,False,40.86545807366126,129.14597740610452,7148910.0,1.3759720013260763,10000000.0
2018-05-18,4473.4755859375,4508.561668964461,4438.38950291054,4491.018627450981,5593800,4634.871728515625,188.73834775145752,5012.348424018541,4257.39503301271,0.2862170771057854,16.288549828920807,False,40.397098934965165,126.18655135670143,7098275.0,0.7880506179318215,10000000.0
2018-05-21,4420.84765625,4473.476795014881,4403.30460999504,4473.476795014881,10348400,4610.311499023437,182.6319682999496,4975.5754356233365,4245.047562423538,0.24064803038443552,15.845520923142399,False,40.180698251415045,122.18552518978284,7193580.0,1.438560494218456,10000000.0
2018-05-22,4596.27734375,4666.449516937023,4473.47604067271,4561.191257156489,11034400,4598.031396484375,174.30939370980073,4946.6501839039765,4249.412609064774,0.4974842825492016,15.16382805416043,False,37.858453168415906,131.0009777253,7525730.0,1.4662232102400696,10000000.0
2018-05-23,4771.7080078125,4876.966272690717,4578.734522202436,4596.2775663488055,15409400,4595.399975585938,171.0805660458122,4937.561107677562,4253.238843494313,0.7576388953777343,14.891462502042478,False,36.16419709360067,142.9460329226558,8064710.0,1.910719666299222,10000000.0
2018-05-24,4894.5078125,4964.679967517921,4771.7065412186375,4824.335657482079,16201500,4603.294287109375,181.27881903451004,4965.851925178395,4240.736649040355,0.9016099715091193,15.752094715486331,False,35.10191330541645,146.5194181638435,8358865.0,1.9382416153389246,10000000.0
2018-05-25,4929.5947265625,4929.5947265625,4771.707350978648,4912.051684830961,9524400,4612.0657958984375,192.83884018288617,4997.74347626421,4226.388115532665,0.9116506435670866,16.724725857500115,False,34.11550693067396,147.33141512241556,8615335.0,1.1055170808796175,10000000.0
2018-05-28,4964.68115234375,5017.310281167182,4841.8798517557425,4929.595066461462,9057800,4615.574462890625,198.79471418319545,5013.163891257016,4217.985034524234,0.9390291397931892,17.22816657224463,False,33.6949205798209,149.3384875716316,8594415.0,1.053916991441535,10000000.0
2018-05-29,4964.68115234375,4964.68115234375,4964.68115234375,4964.68115234375,0,4619.0831298828125,204.51391428300394,5028.11095844882,4210.055301316805,0.9224627254245193,17.71034714313033,False,33.304376111171635,138.67145274508647,8594415.0,0.0,10000000.0
2018-05-30,4929.5947265625,4999.766893488657,4824.3364761732655,4964.6808100255785,11301000,4622.59169921875,209.39772224475763,5041.387143708265,4203.796254729235,0.8665310014510388,18.11950835113965,False,31.654641569643616,141.29709307153684,8795595.0,1.284847699331313,10000000.0
2018-05-31,4964.68115234375,4964.68115234375,4824.336808814598,4841.8798517557425,21651200,4634.871850585938,222.16639529532554,5079.204641176589,4190.539059995287,0.8711286998641234,19.173466059670172,False,30.12274520965331,141.22903953279507,9496285.0,2.2799652706295146,10000000.0
2018-06-01,4964.68115234375,4964.68115234375,4964.68115234375,4964.68115234375,0,4660.30927734375,229.600787345916,5119.5108520355825,4201.107702651918,0.8314142326322184,19.70691417087944,False,28.70027001823374,131.14125099473827,8746630.0,0.0,10000000.0
2018-06-04,4929.5947265625,4999.766893488657,4929.5947265625,4964.6808100255785,7713300,4683.115234375,232.69807644486394,5148.511387264728,4217.719081485272,0.7648061126602194,19.875494392007585,False,27.048506987831345,126.78631641841103,8913760.0,0.8653250704528729,10000000.0
2018-06-05,5052.3955078125,5052.3955078125,4912.051188151041,4982.2233479817705,8137300,4718.20126953125,232.83721268881132,5183.875694908872,4252.526844153627,0.8588282070786336,19.739489639189845,False,25.94356729606211,127.75474522148589,8954495.0,0.90873913045906,10000000.0
2018-06-06,4894.5078125,5087.481238799283,4894.5078125,5087.481238799283,10755400,4739.252880859375,228.54000165054032,5196.332884160456,4282.172877558294,0.6698334323524952,19.28911644057272,False,25.193274398085897,132.41322244132857,8766365.0,1.2268939292397705,10000000.0
2018-06-07,4982.224609375,5034.853742572624,4912.052431778169,4912.052431778169,12775900,4764.69033203125,225.69617755007627,5216.082687131403,4313.297976931098,0.7409591953495582,18.947395261581168,False,24.496573849965127,132.9798444149925,9405160.0,1.3583926270260156,10000000.0
2018-06-08,4876.96533203125,5017.309658132869,4876.96533203125,4999.766617370166,17604100,4780.479052734375,221.7210809156862,5223.9212145657475,4337.036890903002,0.6087924058668625,18.552206042100707,False,23.452255638861676,133.50587882118012,9885865.0,1.7807344122138022,10000000.0
2018-06-11,4876.96533203125,4876.96533203125,4876.96533203125,4876.96533203125,0,4798.0220703125,214.29109577770862,5226.604261867917,4369.439878757083,0.5920981590861817,17.864952902457283,False,22.482531585694183,123.96974461966725,9556365.0,0.0,10000000.0
2018-06-12,4876.96533203125,4876.96533203125,4876.96533203125,4876.96533203125,0,4814.687915039062,206.27828504667846,5227.244485132419,4402.131344945706,0.5754774272266407,17.137416894860547,False,21.58207353632437,115.1147628611196,9186705.0,0.0,10000000.0
2018-06-13,4876.96533203125,4876.96533203125,4876.96533203125,4876.96533203125,0,4833.10810546875,193.55985440074014,5220.227814270231,4445.98839666727,0.5566455615218887,16.0194930613469,False,20.7459339190524,106.89227979961106,8847230.0,0.0,10000000.0
2018-06-14,4876.96533203125,4876.96533203125,4876.96533203125,4876.96533203125,0,4855.913989257812,167.5529043082996,5191.019797874412,4520.808180641213,0.5314099938469329,13.801966400472331,False,19.969518560157002,99.2571169567817,8355395.0,0.0,10000000.0
2018-06-15,4876.96533203125,4876.96533203125,4876.96533203125,4876.96533203125,0,4876.0884765625,141.3188569082078,5158.726190378915,4593.450762746084,0.5015512003987549,11.592804977799197,True,19.2485614411827,92.16732288844015,8075705.0,0.0,10000000.0
2018-06-18,4876.96533203125,4876.96533203125,4876.96533203125,4876.96533203125,0,4898.894360351563,92.28210886866457,5083.458578088892,4714.330142614233,0.4405924165876997,7.534933565053819,True,18.579101259277994,85.58394268212301,7558285.0,0.0,10000000.0
2018-06-19,4876.96533203125,4876.96533203125,4876.96533203125,4876.96533203125,0,4912.928759765625,59.28002278911591,5031.488805343856,4794.368714187393,0.3483324312209189,4.826450835158759,True,17.957459661795056,79.47080391911423,7006565.0,0.0,10000000.0
2018-06-20,4867.52099609375,5049.144913858442,4813.033820764343,5012.820130305504,20191400,4917.719409179687,50.485984881157385,5018.691378942002,4816.747439417372,0.2514240179521956,4.1064551008678984,True,19.309176532750566,90.65939600304175,7245665.0,2.7866869362577487,10000000.0
2018-06-21,4740.384765625,4976.495884219348,4704.059978148946,4976.495884219348,7803300,4910.013256835938,64.13347948423302,5038.280215804403,4781.746297867472,-0.16123221667959253,5.22470927303044,True,18.906129684124622,103.64343243642462,6825755.0,1.1432141938877092,10000000.0
2018-06-22,4758.546875,4849.358838263359,4704.059697041985,4722.2220896946565,8909500,4901.460864257812,72.2731380243866,5046.007140306586,4756.914588209039,0.00564624297346275,5.89808957173673,True,18.53186807084717,106.61884020677816,6795010.0,1.31118276499961,10000000.0
2018-06-25,4813.03369140625,4867.520865271226,4722.221734964623,4831.196082694575,5831500,4893.878491210938,73.23984951059673,5040.358190232131,4747.398792189744,0.2240409410146637,5.986241762408313,True,18.380078507315076,109.38171807105141,6633695.0,0.8790726736758322,10000000.0
2018-06-26,4813.03369140625,4885.683256559552,4758.546517541274,4813.03369140625,9372700,4886.296118164062,73.37375580650391,5033.04362977707,4739.548606551054,0.25037932175976346,6.006492773432071,True,18.436493535313765,110.64993385299621,7102330.0,1.3196655182172612,10000000.0
2018-06-27,4758.546875,4813.034052958015,4758.546875,4794.8716603053435,4276300,4877.743725585938,77.8908426633883,5033.5254109127145,4721.962040259161,0.11742341426110726,6.387448545508143,True,18.488878918455406,106.63830843192615,6751095.0,0.6334231706115823,10000000.0
2018-06-28,4613.24755859375,4776.709086260457,4613.24755859375,4722.221910371555,8162800,4860.172045898437,95.00623571970478,5050.184517337847,4670.159574459028,-0.14975863277328494,7.819166467564194,True,17.79676600387015,110.69710980583909,6076675.0,1.3433004068836987,10000000.0
2018-06-29,4831.1962890625,4867.521073190789,4649.5723684210525,4667.7347604851975,7575500,4853.497802734375,91.91645016417822,5037.330703062731,4669.664902406019,0.43934297497335684,7.575274896582333,True,16.95722307328649,120.95256729092482,6455450.0,1.173504558164032,10000000.0
2018-07-02,4740.384765625,4831.196734315134,4722.222371886973,4831.196734315134,3110700,4844.0373046875,93.39723857266907,5030.831781832839,4657.242827542162,0.22254924062382314,7.712346763497481,True,16.177647494887374,120.09698122929883,6225320.0,0.4996851567469624,10000000.0
2018-07-03,4540.59765625,4685.89678125,4504.272875,4685.89678125,7073200,4818.447412109375,102.93162438654545,5024.310660882466,4612.584163336284,-0.1748405981041086,8.544795913128796,False,16.67506252408774,128.38376047184894,6172115.0,1.145992905187282,9977106.329320177
2018-07-04,4667.73486328125,4704.059648209509,4467.948546175827,4540.5981160323445,2508700,4807.1087646484375,106.53915910174398,5020.187082851926,4594.030446444949,0.1729514702803165,8.865134060226392,False,17.395365594531647,136.07857058340846,5759780.0,0.43555483021920977,10244094.464085802
2018-07-05,4576.923828125,4649.5734126984125,4522.43663969494,4631.411016555059,5574800,4786.843725585937,109.96826474845572,5006.780255082848,4566.907196089026,0.022771642479960736,9.189208677163977,False,18.064218445658135,136.73711722647286,5399725.0,1.0324229474649171,10053391.290257677
2018-07-06,4504.2734375,4613.24779485887,4504.2734375,4595.085401965725,2360100,4768.209130859375,124.50881751319962,5017.2267658857745,4519.191495832976,-0.029953818996382938,10.444912468909209,False,18.824307524344547,134.75406295021554,4637525.0,0.5089136985784444,9900825.469945177
2018-07-09,4758.546875,4794.8716603053435,4522.435770515267,4540.598163167939,5603200,4762.2882080078125,121.85210372864722,5005.992415465107,4518.584000550518,0.49232402869271735,10.234752573248496,False,17.484747348092903,145.88578865415326,4917685.0,1.1393979077553769,10434799.688695177
2018-07-10,4831.1962890625,4831.1962890625,4704.059544613487,4794.87150493421,6278100,4759.999755859375,120.00076953141034,5000.0012949221955,4519.9982167965545,0.648325159665933,10.084098797164344,False,16.55766458503495,144.54657121092896,5231590.0,1.2000367001236718,10552883.427715221
2018-07-11,4813.03369140625,4849.358473982901,4722.221734964623,4794.871300117925,5216400,4756.803173828125,117.54748170559233,4991.89813723931,4521.70821041694,0.6195910723952361,9.884578142929039,False,15.86071853304398,143.3030117685968,5492410.0,0.9497470145163963,10552883.427715221
2018-07-12,4758.546875,4813.034052958015,4704.059697041985,4813.034052958015,3074800,4750.882250976562,114.10838530299247,4979.099021582548,4522.665480370577,0.516792420651396,9.607342743932437,False,15.021111138238846,140.85096492198494,5646150.0,0.5445834772367011,10552883.427715221
2018-07-13,4740.384765625,4758.547159363026,4685.897584410919,4704.059978148946,4189300,4744.05322265625,110.18508105316079,4964.423384762572,4523.683060549928,0.4916766022310224,9.29037478137457,False,14.044799584639112,135.97943706699368,5855615.0,0.7154329647697125,10552883.427715221
2018-07-16,4740.384765625,4758.547159363026,4649.572796934865,4740.384765625,3613900,4737.224194335938,105.65320775004979,4948.530609836037,4525.917778835838,0.5074786448901284,8.921106826767787,False,13.335159519309048,134.05050316421992,6036310.0,0.5986935727290348,10552883.427715221
2018-07-17,4667.73486328125,4704.059648209509,4631.410078352991,4685.89725574538,3247700,4726.762670898437,101.35963017706919,4929.481931252575,4524.043410544299,0.3544099669807664,8.577509575516988,False,12.869381188683324,132.25937345763342,6198695.0,0.5239328600616743,10552883.427715221
2018-07-18,4649.57275390625,4685.897541046143,4613.247966766357,4685.897541046143,3124000,4715.865258789063,97.05452166121468,4909.974302111492,4521.756215466634,0.32923900981600257,8.232170881501062,False,12.633072452704585,128.0015306592157,5345325.0,0.5844359323333941,10552883.427715221
2018-07-19,4595.08544921875,4667.735021538414,4595.08544921875,4649.572628458498,4363400,4708.60029296875,100.49953782030835,4909.599368609367,4507.601217328133,0.21762346819703066,8.537529759778693,False,12.612401788985673,124.04781934924772,5173330.0,0.8434412651039079,10552883.427715221
2018-07-20,4558.759765625,4613.246934138446,4558.759765625,4576.922155129482,5042500,4698.6109375,105.09763958094732,4908.806216661895,4488.415658338105,0.16733036909148544,8.94712424407432,False,12.982350618493902,119.07920143240473,4979980.0,1.012554267286214,10552883.427715221
2018-07-23,4667.73486328125,4667.73486328125,4558.760508496474,4576.922900960603,3590000,4691.34599609375,101.74010774082957,4894.826211575409,4487.865780612091,0.44198174806182067,8.674705112395749,False,12.558226678079519,118.35747973410797,4867905.0,0.7374835786647439,10552883.427715221
2018-07-24,4649.57275390625,4685.897541046143,4631.410360336304,4667.735147476196,2898800,4683.17294921875,97.94495650946219,4879.062862237674,4487.283036199825,0.41423704570930725,8.36569202730825,False,11.921914813708982,113.79531551808876,4544210.0,0.6379106599386912,10552883.427715221
2018-07-25,4613.24755859375,4667.734734482652,4613.24755859375,4649.572342519685,1290200,4675.907983398438,97.44737111469759,4870.802725627833,4481.013241169043,0.33924547145829287,8.336123932351038,False,11.558338746732355,109.55901983028971,4394905.0,0.29356721021273496,10552883.427715221
2018-07-26,4631.41015625,4649.572549019608,4595.085370710784,4649.572549019608,3138900,4676.81611328125,96.91587409834888,4870.647861477948,4482.984365084552,0.38287275574388147,8.289047227931553,False,11.449281052180568,105.62531686447072,4143710.0,0.7575095747530595,10552883.427715221
2018-07-27,4558.759765625,4649.57171314741,4558.759765625,4649.57171314741,8735200,4663.194287109375,93.14788072150488,4849.490048552385,4476.8985256663655,0.21970773603369648,7.990049308389032,False,11.790640146046453,104.56721905432354,4201695.0,2.0789705107105583,10552883.427715221
2018-07-30,4558.759765625,4613.246934138446,4540.597376120518,4576.922155129482,9155400,4654.113037109375,94.07523396007072,4842.263505029517,4465.962569189233,0.24660368231226873,8.08534156432952,False,12.321597086483113,102.28738612315244,4503930.0,2.0327580579627127,10552883.427715221
2018-07-31,4613.24755859375,4613.24755859375,4540.59799074188,4613.24755859375,6709500,4657.745532226562,90.80725349979127,4839.360039226145,4476.13102522698,0.3774933391391621,7.7983868265454515,False,12.814617255214959,100.17039910377517,4485745.0,1.4957381661240217,10552883.427715221
2018-08-01,4667.73486328125,4685.89725574538,4595.085293424733,4613.247685888862,7581800,4657.745532226562,90.80725349979127,4839.360039226145,4476.13102522698,0.527501467861019,7.7983868265454515,False,12.0606790350671,99.5019393335517,4739400.0,1.599738363505929,10552883.427715221
2018-08-02,4649.57275390625,4685.897541046143,4613.247966766357,4667.735147476196,3044800,4661.377978515625,88.83572704897044,4839.049432613566,4483.706524417684,0.4667779366434768,7.623130109458274,False,11.360589149470279,97.58391325828266,4612900.0,0.6600620000433567,10552883.427715221
2018-08-03,4631.41015625,4667.734941789216,4576.922977941176,4613.247763480393,3678500,4667.734814453125,81.22483024133828,4830.1844749358015,4505.285153970449,0.3881971864539574,6.960535117790707,False,11.242650962028195,97.10020258612242,4678820.0,0.7862025040501665,10552883.427715221
2018-08-06,4794.87158203125,4813.033974387429,4631.410050825639,4649.572443181818,7211500,4669.551049804688,83.72981014120083,4837.010670087089,4502.0914295222865,0.8741813459723111,7.172407732405267,False,11.683081112066258,103.13761122724156,4759235.0,1.5152645330604604,10552883.427715221
2018-08-07,4776.70947265625,4831.196652952709,4722.222292359791,4794.871866088403,5339500,4666.826708984375,78.94309895326826,4824.712906890912,4508.940511077838,0.8479809037422067,6.766319289404129,False,12.282032019303717,103.55452189621846,4712305.0,1.133097284662177,10552883.427715221
2018-08-08,4685.89697265625,4813.033712224443,4649.572189922481,4794.871320857558,5200300,4660.469873046875,71.29894461440992,4803.067762275695,4517.871983818056,0.5891566479240555,6.1194640503316124,False,11.793418190442146,107.83359335377156,4711500.0,1.1037461530298207,10552883.427715221
2018-08-09,4667.73486328125,4704.059648209509,4631.410078352991,4685.89725574538,2776800,4655.929272460938,67.51553086700574,4790.96033419495,4520.898210726926,0.5437143523449712,5.800391450647614,True,11.10053454807754,105.32044881825342,4696600.0,0.5912362134309926,10552883.427715221
2018-08-10,4649.57275390625,4685.897541046143,4595.085573196411,4667.735147476196,4038200,4651.388671875,64.52413876574069,4780.436949406481,4522.340394343519,0.4929641913728488,5.548806459102513,True,10.62498655629423,104.28412874907329,4689045.0,0.8611988155370657,10552883.427715221
2018-08-13,4504.2734375,4631.410187752016,4504.2734375,4631.410187752016,4920300,4639.58310546875,68.83966294940234,4777.262431367554,4501.903779569945,0.008605714454894432,5.9349869490006455,False,11.186895063031066,107.2137850103002,4754365.0,1.0349016114665155,10528009.99650276
2018-08-14,4449.7861328125,4576.922879464286,4358.974170918367,4540.598094706633,8213400,4628.6856689453125,80.42465307114249,4789.534975087598,4467.836362803027,-0.056109132278632456,6.950107120967496,False,12.885435612722244,115.12342240570152,5002650.0,1.6418098407843842,10402689.19572151
2018-08-15,4449.7861328125,4522.435702327806,4395.29895567602,4449.7861328125,7347500,4618.696337890625,89.58013484632481,4797.856607583274,4439.5360681979755,0.028605852826936874,7.758044980046142,False,14.46265183743548,115.98151699470755,5213825.0,1.409234103561205,10402689.19572151
2018-08-16,4431.62353515625,4467.9483182313015,4395.298752081199,4431.62353515625,6587800,4610.5232421875,98.8273827955649,4808.17800777863,4412.86847659637,0.047443982703348965,8.574070889938776,False,15.927211286188662,112.88637764866431,5325045.0,1.237135085243411,10360915.221112136
2018-08-17,4431.62353515625,4431.62353515625,4431.62353515625,4431.62353515625,0,4604.166430664062,106.14975688033827,4816.465944424739,4391.866916903386,0.09363332385603504,9.222060798964499,False,17.287159345745188,104.82306495947401,5072920.0,0.0,10360915.221112136
2018-08-20,4504.2734375,4613.24779485887,4467.948651713709,4522.435830393145,3653100,4595.993359375,107.28450356566523,4810.56236650633,4381.42435224367,0.2862694079139267,9.33722006772042,False,16.104774410600253,110.30886458398447,5076075.0,0.7196702176386283,10528009.99650276
2018-08-21,4704.06005859375,4722.222452642374,4504.27372405888,4504.27372405888,7230000,4598.717724609375,109.38790129490836,4817.493527199192,4379.941922019559,0.7407540796042273,9.514643676391326,False,15.915202025293627,117.99744676672661,5292635.0,1.3660492363444674,10950749.163400479
2018-08-22,4704.06005859375,4704.06005859375,4704.06005859375,4704.06005859375,0,4603.258349609375,111.87918572945594,4827.016721068287,4379.499978150463,0.7252467881472876,9.721738580147239,False,15.73917052465176,109.56905771196043,5228125.0,0.0,10950749.163400479
2018-08-23,4794.87158203125,4794.87158203125,4722.222012606534,4722.222012606534,7411300,4611.431420898438,119.73857851835729,4850.908577935153,4371.954263861723,0.883001375585665,10.386239550324172,False,16.31625074669494,108.22923383521326,5441745.0,1.3619344530109367,10950749.163400479
2018-08-24,4849.3583984375,4867.520789442884,4794.871225421349,4831.196007432116,5193600,4625.961352539062,130.18646174830997,4886.334276035683,4365.588429042442,0.9289943879309274,11.257029778413903,False,17.3611539953697,105.68782884852197,5264665.0,0.9865015152910964,10950749.163400479
2018-08-27,4849.3583984375,4922.007962459036,4813.033616426733,4867.520789442884,5229200,4640.491284179688,138.25788074827685,4917.007045676241,4363.975522683134,0.87767668853194,11.917520993488266,False,18.677929782163833,105.92258007593495,5068355.0,1.0317351487810147,10950749.163400479
2018-08-28,4685.89697265625,4867.520886325096,4667.734581289365,4849.358494958212,7898300,4644.123754882812,138.45864845070764,4921.041051784227,4367.206457981397,0.575425439726702,11.925491718874442,False,18.272304796831904,112.62713185877752,5127795.0,1.5402916848274941,10950749.163400479
2018-08-29,4631.41015625,4704.059727328431,4558.760585171569,4685.897334558824,7805700,4642.30751953125,138.37084538877573,4919.049210308802,4365.565828753699,0.48031130898522656,11.922591927106756,False,17.00236201198521,114.96084688006928,5138990.0,1.5189171413059765,10950749.163400479
2018-08-30,4576.923828125,4722.222997271825,4576.923828125,4631.411016555059,6908000,4638.675073242188,139.12161971474188,4916.918312671672,4360.431833812704,0.3890337007939456,11.99666866233019,False,15.903299546130793,117.12786989912327,5332150.0,1.2955374473711354,10950749.163400479
2018-08-31,4631.41015625,4631.41015625,4540.598192401961,4558.760585171569,7698200,4638.675073242188,139.12161971474188,4916.918312671672,4360.431833812704,0.48694502513864485,11.99666866233019,False,14.96578892116798,115.24816232404585,5533135.0,1.3912908324123665,10950749.163400479
2018-09-03,4631.41015625,4631.41015625,4595.085370710784,4631.41015625,3770400,4630.502001953125,134.17606738988897,4898.854136732903,4362.149867173347,0.5016920944147145,11.590628172348833,False,14.095243340845371,109.61077826798655,5361080.0,0.7032911279070635,10950749.163400479
2018-09-04,4613.24755859375,4667.734734482652,4576.922774667815,4649.572342519685,5213400,4622.32890625,129.7053798346357,4881.739665919271,4362.918146580729,0.48249620087496015,11.224244960955222,False,13.240546828973878,108.26800552133301,5354775.0,0.9735983304620642,10950749.163400479
2018-09-05,4322.64990234375,4576.92342601103,4322.64990234375,4576.92342601103,11865300,4604.166552734375,144.88024278038884,4893.927038295153,4314.406067173597,0.014225257723113307,12.586881132208024,False,14.07355564362628,121.29155200195208,5688025.0,2.0860140382646,10924802.997692898
2018-09-06,4322.64990234375,4431.624269629727,4250.000324153099,4268.162718700762,7774000,4586.9123046875,156.9565684214488,4900.825441530398,4272.999167844602,0.07908355635972664,13.687339804691751,False,15.25102597800086,125.6010086787146,5937885.0,1.3092203705528147,10924802.997692898
2018-09-07,4431.62353515625,4504.273101306353,4340.811577468622,4358.973969006148,9081900,4576.01484375,159.91529007417665,4895.845423898353,4256.184263601647,0.27426907000766704,13.978563928182316,False,15.644816388184845,129.60259369899237,6190070.0,1.4671724229289813,11197237.079724148
2018-09-10,4449.7861328125,4504.27330994898,4395.29895567602,4431.623740433673,3213300,4573.290478515625,161.65647703276687,4896.603432581159,4249.977524450092,0.309001860039775,14.139182961781726,False,16.01047691055856,128.1291480257043,6104720.0,0.5263632074853556,11242643.573864773
2018-09-11,4449.7861328125,4449.7861328125,4449.7861328125,4449.7861328125,0,4573.290478515625,161.65647703276687,4896.603432581159,4249.977524450092,0.309001860039775,14.139182961781726,False,16.35001882419129,118.97706602386828,5694050.0,0.0,11242643.573864773
2018-09-12,4449.7861328125,4449.7861328125,4377.136563297194,4449.7861328125,8838700,4573.290478515625,161.65647703276687,4896.603432581159,4249.977524450092,0.309001860039775,14.139182961781726,False,17.150165749453055,115.66795913039957,5768610.0,1.5322061987203157,11242643.573864773
2018-09-13,4358.9736328125,4449.785583496094,4304.486462402344,4449.785583496094,17650500,4569.657983398438,165.77121232242544,4901.200408043289,4238.115558753587,0.18226637841051052,14.510601268162487,False,18.330259105842806,117.78450993609647,6321745.0,2.7920297322970162,11015612.323864773
2018-09-14,4486.11083984375,4522.435623972039,4340.811703330592,4358.974095394737,9231100,4572.382348632813,163.81953723824506,4900.021423109303,4244.7432741563225,0.36834368134064965,14.331219460439815,False,18.629960321520215,122.34446784362156,6783300.0,1.360856810107175,11333455.341442898
2018-09-17,4431.62353515625,4504.273101306353,4395.298752081199,4504.273101306353,3320100,4568.749853515625,166.19745615543363,4901.1447658264915,4236.354941204758,0.29372981763461903,14.550803741425721,False,18.90825430750638,121.38945937087385,6766650.0,0.4906563809270466,11197237.079724148
2018-09-18,4304.48681640625,4431.623557819093,4304.48681640625,4395.2987745582805,12712800,4548.77119140625,172.9547334463697,4894.680658298989,4202.861724513511,0.14689550535523685,15.208919171236722,False,19.763435941164822,121.79997951672877,7040790.0,1.8055928383036564,10879395.282849148
2018-09-19,4250.0,4377.136752136752,4250.0,4322.649572649572,10491700,4526.068188476563,181.10690682723174,4888.282002131026,4163.854374822099,0.1189154332751099,16.005671968295367,False,20.87914077065942,122.18117756101614,7565375.0,1.3868050162748047,10838107.133759402
2018-09-20,4358.9736328125,4377.136022949219,4268.161682128906,4286.324072265626,9299100,4504.273291015625,173.1077390938389,4850.488769203303,4158.057812827947,0.2901600775278453,15.372756305806357,False,21.915152398047262,122.53509508874494,7659765.0,1.214018967944839,10838107.133759402
2018-09-21,4413.4619140625,4413.4619140625,4358.974729938272,4413.4619140625,11840000,4482.478466796875,153.72945903260177,4789.937384862079,4175.019548731671,0.38776296818988576,13.718255217181676,False,22.413454062183238,117.67460838597744,7992085.0,1.4814657251518222,10838107.133759402
2018-09-24,4340.81201171875,4413.461585136637,4322.6496183642785,4413.461585136637,3544000,4457.0511474609375,130.09302618879659,4717.237199838531,4196.865095083344,0.27662304593196196,11.675255399562293,False,23.125571220372528,115.75587176542345,7907825.0,0.44816368596927725,10838107.133759402
2018-09-25,4358.9736328125,4377.136022949219,4322.648852539062,4358.9736328125,2098800,4440.70498046875,119.97029401169256,4680.645568492136,4200.764392445365,0.32968419738913746,10.806418759124941,False,23.786828251833718,111.379535954333,7617850.0,0.2755108068549525,10838107.133759402
2018-09-26,4340.81201171875,4377.136798427693,4340.81201171875,4358.9744050732215,1938000,4426.175073242188,113.0561887585278,4652.287450759243,4200.0626957251325,0.31123753051289943,10.217055302849886,False,24.400841142029428,106.01848243680514,7324465.0,0.2645927040404999,10838107.133759402
2018-09-27,4340.81201171875,4377.136798427693,4304.487225009806,4340.81201171875,5665100,4414.369482421875,108.73109277795595,4631.831667977786,4196.907296865963,0.3308729618552181,9.852468689893373,True,25.250085710191705,103.63498893545385,7262320.0,0.7800675266306084,10838107.133759402
2018-09-28,4286.3251953125,4358.974774894067,4286.3251953125,4322.649985103283,9676200,4397.115234375,99.46199063736731,4596.039215649735,4198.191253100265,0.22152668986277857,9.047931230895266,True,26.175989684998473,101.42174541017623,7361220.0,1.3144831970787452,10838107.133759402
2018-10-01,4377.13671875,4377.13671875,4286.324753630705,4286.324753630705,3788200,4384.4015625,82.79122305015649,4549.984008600313,4218.819116399687,0.4780627599087436,7.553251851588951,True,26.725037641017977,100.66390396082754,7362110.0,0.5145535722775129,10838107.133759402
2018-10-02,4340.81201171875,4377.136798427693,4304.487225009806,4377.136798427693,4198100,4370.77978515625,63.26712304847892,4497.314031253208,4244.245539059292,0.38158236065777407,5.7900078391816905,True,27.234866464089496,98.6628803506175,7311345.0,0.5741898378478926,10838107.133759402
2018-10-03,4322.64990234375,4340.812296891413,4304.487507796088,4322.64990234375,3465400,4370.77978515625,63.26712304847892,4497.314031253208,4244.245539059292,0.3098147960054224,5.7900078391816905,True,27.70827894265591,94.21015954666807,6891350.0,0.5028622838776147,10838107.133759402
2018-10-04,4286.3251953125,4322.649985103283,4268.162800417108,4304.487590207892,4041000,4368.963549804687,65.21299766590064,4499.389545136489,4238.537554472886,0.18319829846053012,5.9705691679497805,True,28.492220301147437,91.37280419949,6704700.0,0.602711530717258,10838107.133759402
2018-10-05,4195.51220703125,4286.324159564394,4195.51220703125,4286.324159564394,5549400,4357.157983398438,74.04608551048301,4505.250154419404,4209.065812377472,-0.04576070852625669,6.797649825194493,True,29.814474876453815,91.33281734818716,6528075.0,0.8500821451959422,10838107.133759402
2018-10-08,4050.2138671875,4231.837807420124,4032.051473164238,4195.513019373599,13184800,4337.179370117187,97.8251526822759,4532.829675481739,4141.529064752635,-0.23336328914741344,9.022006639271902,False,31.978941420724645,99.07949712730849,7026650.0,1.8763991375691118,10838107.133759402
2018-10-09,4068.376220703125,4104.701008387974,4050.2138268607005,4068.376220703125,8004300,4318.108874511719,111.00654876991534,4540.121972051549,4096.095776971888,-0.062427749929911014,10.282885586803797,False,33.98880321183328,95.894331727306,7426865.0,1.0777494945713972,10838107.133759402
2018-10-10,4141.02587890625,4159.188273111979,4068.376302083333,4068.376302083333,9256600,4302.670861816407,113.17882119756396,4529.028504211535,4076.3132194212785,0.14294339435646175,10.521727069756363,False,34.85659806888067,95.53131177598796,7447760.0,1.242870339538331,10838107.133759402
2018-10-11,4013.888671875,4122.863024957579,3995.72627969457,4032.05106405543,9393100,4285.416613769531,129.29982201273887,4544.016257795009,4026.8169697440535,-0.02499674335936012,12.068821649431587,False,36.090984818875384,99.08618944996594,7034890.0,1.335216328897822,10838107.133759402
2018-10-12,4050.2138671875,4141.025837303811,4013.8890791409754,4013.8890791409754,6643500,4263.621765136719,130.4228520821607,4524.46746930104,4002.7760609723973,0.09093077911150672,12.23587449980836,False,36.92076794247173,101.08983059131205,6905510.0,0.9620578349752589,10838107.133759402
2018-10-15,4013.888671875,4122.863024957579,4013.888671875,4050.2134562358597,5150300,4242.735021972656,135.45424337158562,4513.643508715827,3971.8265352294848,0.077631633381407,12.770464586648284,False,37.69128346934467,101.6530107692597,6997020.0,0.7360704985836828,10838107.133759402
2018-10-16,4104.701171875,4104.701171875,4013.8891990459074,4032.051593611726,5789800,4232.745739746094,138.00334346998244,4508.752426686059,3956.739052806129,0.26804082304907073,13.041496178153217,False,38.406762172869534,100.87868857145543,6650870.0,0.870532727297331,10838107.133759402
2018-10-17,4358.9736328125,4377.136022949219,4122.862561035156,4122.862561035156,11591500,4238.194421386719,140.84249176177354,4519.879404910266,3956.509437863172,0.7143870253837733,13.292688136349392,False,35.979700324615685,113.1327001787957,6705860.0,1.728562779419791,10838107.133759402
2018-10-18,4431.62353515625,4431.62353515625,4286.324402856046,4358.973969006148,7135800,4241.826916503906,144.99706820142103,4531.821052906748,3951.8327801010646,0.827242166008298,13.673077290096202,False,34.20831732110208,115.43030247318202,6597695.0,1.0815595446591575,10838107.133759402
2018-10-19,4358.9736328125,4377.136022949219,4249.999291992188,4358.9736328125,6181900,4239.102502441407,142.0850705273379,4523.272643496082,3954.932361386731,0.7109143661719716,13.40708986824522,False,32.18007664931611,120.15844109395918,6314790.0,0.9789557530812585,10838107.133759402
2018-10-22,4322.64990234375,4358.974691439076,4286.325113248425,4358.974691439076,3023600,4238.194396972656,141.45745663413587,4521.109310240928,3955.2794837043843,0.6492595501514086,13.350728483354038,False,30.29671031122915,116.76495088658007,6288770.0,0.48079354150334647,10838107.133759402
2018-10-23,4213.67529296875,4340.81204749798,4213.67529296875,4322.649653993804,3202900,4230.929479980468,138.6309016557053,4508.191283291879,3953.667676669058,0.4688846663953579,13.106425177887408,False,28.47855789491255,117.50579400391219,6343975.0,0.5048727335779224,10838107.133759402
2018-10-24,4141.02587890625,4268.162638346354,4141.02587890625,4231.8378499348955,4055800,4220.940173339844,137.48966903683223,4495.919511413508,3945.960835266179,0.3546903651135686,13.029293322396732,False,27.455267780402938,118.19372010649728,6449865.0,0.6288193628858899,10838107.133759402
2018-10-25,4213.67529296875,4213.67529296875,4068.376144935345,4068.376144935345,4207100,4214.583337402344,134.56364300036026,4483.710623403064,3945.4560514016234,0.4983129833338574,12.771240450383258,False,27.089569672750727,120.1298221012764,6376965.0,0.6597339016287529,10838107.133759402
2018-10-26,4141.02587890625,4231.8378499348955,4141.02587890625,4213.675455729166,3074400,4207.318371582031,134.40870846035617,4476.135788502744,3938.500954661319,0.37669606114968657,12.7785631216509,False,26.531351635096147,118.03568988180277,6046875.0,0.5084279069767442,10838107.133759402
2018-10-29,4104.701171875,4213.6755392699115,4104.701171875,4213.6755392699115,967500,4193.696594238281,130.0261673199591,4453.7489288782,3933.644259598363,0.3288893993462719,12.402057649912216,False,26.307858449909084,117.38845256131053,5905840.0,0.1638208959267437,10838107.133759402
2018-10-30,4141.02587890625,4177.350667317708,4104.701090494791,4104.701090494791,2559100,4183.707287597656,125.73255091251005,4435.172389422676,3932.2421857726363,0.41513452884387564,12.021161354690028,False,26.10032973867337,114.19281857999671,5823890.0,0.4394142059688627,10838107.133759402
2018-10-31,4340.81201171875,4340.81201171875,4177.350471528504,4177.350471528504,8572600,4184.615393066406,126.84950964745741,4438.314412361321,3930.916373771491,0.8078384360460842,12.125320750636973,False,24.421223420708948,120.30662673946122,6079250.0,1.4101410535839125,10838107.133759402
2018-11-01,4304.48681640625,4358.973991297468,4177.350074993407,4340.811599667062,6362700,4185.523474121093,127.67824401385118,4440.879962148796,3930.166986093391,0.7329358129961644,12.201890139026112,False,23.03311603651762,124.68643313693264,6195335.0,1.0270146812077152,10838107.133759402
2018-11-02,4377.13671875,4413.461504797718,4213.67518153527,4322.649539678423,9164200,4194.604699707032,134.69252186172605,4463.989743430484,3925.2196559835793,0.8387938998394315,12.844359028266346,False,22.243579731027086,130.05071100304087,6376075.0,1.4372792038989504,10838107.133759402
2018-11-05,4340.81201171875,4413.461585136637,4286.3248316553345,4395.299191782165,5153600,4209.134606933594,133.9687581321054,4477.072123197805,3941.197090669383,0.7457240901182907,12.731240090200235,False,21.510439610584,129.84257118005956,5974515.0,0.8625972150040631,10838107.133759402
2018-11-06,4278.380859375,4406.91590665236,4278.380859375,4406.91590665236,6954700,4219.634838867188,130.5417774877365,4480.718393842661,3958.551283891715,0.6125042527349743,12.374698993885639,False,20.73136401538192,129.749176615581,5922035.0,1.1743767134101706,10838107.133759402
2018-11-07,4204.93212890625,4260.018576009826,4186.569979871725,4260.018576009826,12166500,4222.830151367188,129.2925199078059,4481.415191182799,3964.245111551576,0.46539238605276595,12.24700168117782,False,19.541307460291364,127.0392982504163,6067530.0,2.0051816801894677,10838107.133759402
2018-11-08,4388.55322265625,4406.915370031381,4223.293896280073,4223.293896280073,14676900,4241.56337890625,124.47859181878802,4490.520562543827,3992.606195268674,0.7952110913256125,11.738934982118481,False,19.237896870792543,132.39243702718161,6331720.0,2.317995742073244,10838107.133759402
2018-11-09,4241.65625,4370.191287878788,4204.931953463203,4370.191287878788,10561400,4251.135498046875,116.06630144601033,4483.268100938895,4019.0028951548543,0.47958225615708927,10.920969373884722,False,18.754927794588923,136.05163932474343,6527615.0,1.6179569413943684,10838107.133759402
2018-11-12,4094.75927734375,4260.018620375561,4094.75927734375,4241.656471149804,7536900,4255.179028320313,108.53008397555652,4472.2391962714255,4038.1188603692,0.130471697108672,10.202163834069987,False,17.61964939322584,138.13790387524827,6646945.0,1.1338893281048663,10838107.133759402
2018-11-13,4113.12109375,4204.931832449776,4113.12109375,4186.569684709822,6991700,4255.600024414062,107.93032113039011,4471.460666674842,4039.739382153282,0.1699747365433714,10.144780572535185,False,16.56546230624583,136.140378963161,6707040.0,1.042441971421074,10838107.133759402
2018-11-14,4149.84619140625,4186.570493985067,4131.484040116841,4149.84619140625,7765800,4245.14365234375,107.51773075611682,4460.179113855983,4030.108190831516,0.27841454551886113,10.130892102721289,False,15.586574296907253,131.66245191115425,6515755.0,1.1918496014659852,10838107.133759402
2018-11-15,4315.10546875,4351.829770611703,4149.84611037234,4149.84611037234,9805100,4239.3177490234375,99.75820034439572,4438.834149712229,4039.8013483346463,0.6899285458862529,9.412665551420472,False,15.763928461475537,136.68539536316914,6649220.0,1.474624091246793,10838107.133759402
2018-11-16,4370.19189453125,4443.640497800683,4296.743291261818,4351.829743713892,18547200,4239.878662109375,100.49521883111444,4440.869099771604,4038.888224447146,0.8241776920772487,9.480952342265121,False,16.563750153991535,137.41481044714743,7267485.0,2.5520795708556676,10838107.133759402
2018-11-19,4370.19189453125,4388.554045348608,4296.743291261818,4370.19189453125,5507600,4242.25576171875,103.08502863211625,4448.4258189829825,4036.085704454518,0.8102684611677968,9.719831563418163,False,17.30644172561353,134.15737784997907,7391685.0,0.7451075093162114,10838107.133759402
2018-11-20,4370.19189453125,4370.19189453125,4370.19189453125,4370.19189453125,0,4250.081591796875,106.67951956318599,4463.440630923247,4036.722552670503,0.7814746054964042,10.040232617565676,False,17.99608389926253,124.574708003552,7231540.0,0.0,10838107.133759402
2018-11-21,4406.91552734375,4425.277675374348,4278.380491129557,4333.466935221354,7348600,4263.37607421875,108.91782212633481,4481.211718471419,4045.54042996608,0.8294673229843595,10.218926994029593,False,17.553928134558173,126.16917059221193,7396180.0,0.9935669494252438,10838107.133759402
2018-11-22,4590.53662109375,4627.2609140625,4406.91515625,4443.63944921875,10940500,4282.219140625,130.35606708691734,4542.931274798835,4021.5070064511656,1.0912986778420775,12.176496606653494,False,18.532188077642065,132.89606967937536,7732850.0,1.4148082531020258,10838107.133759402
2018-11-23,4590.53662109375,4645.6230605468745,4517.08803515625,4517.08803515625,7701700,4304.694677734375,142.88061202160895,4590.455901777593,4018.9334536911565,1.0001412356005044,13.276724387506086,False,19.544326280217504,132.58456651589316,7964215.0,0.9670381826708596,10838107.133759402
2018-11-26,4608.8984375,4627.2605826693225,4517.087711653386,4590.536292330677,3249900,4329.904541015625,150.03759133843462,4629.979723692494,4029.829358338756,0.9648733260704281,13.860591143955492,False,20.484165097220593,130.98373112303915,8078335.0,0.4022982458637826,10838107.133759402
2018-11-27,4572.17578125,4608.900084713856,4535.451477786145,4608.900084713856,2954100,4351.4620361328125,152.42599419287797,4656.314024518569,4046.6100477470563,0.8620014851894272,14.011474113959233,False,21.35687257015203,126.87407939480141,8098085.0,0.36478994725296165,10838107.133759402
2018-11-28,4443.64013671875,4553.813032670455,4443.64013671875,4535.450883345171,5126100,4356.603442382812,153.77609978747748,4664.155641957767,4049.0512428078573,0.6414990600883762,14.118898065541702,False,21.06237820200775,126.99276261883347,7925760.0,0.6467644743217055,10838107.133759402
2018-11-29,4700.71044921875,4700.71044921875,4480.364646911621,4480.364646911621,17057500,4376.414624023438,171.23983174446164,4718.894287512361,4033.934960534514,0.9734526743743438,15.651152503190675,False,21.777698335523528,136.28401618177392,8460500.0,2.016133798238875,10838107.133759402
2018-11-30,4847.607421875,4847.607421875,4663.985928622159,4719.072376598011,21054400,4399.938159179687,201.06211618656735,4802.062391552822,3997.8139268065524,1.0566305468006665,18.27863110003827,False,23.19332189741571,139.665264543993,9055010.0,2.3251658474148567,10838107.133759402
2018-12-03,4884.33154296875,4957.780137599859,4774.158651022087,4884.33154296875,11643000,4427.1141357421875,227.6266439456828,4882.367423633553,3971.8608478508218,1.0021571720484377,20.566593674009454,False,24.96565882737135,142.80499468926294,9379480.0,1.2413268112944427,10838107.133759402
2018-12-04,4865.96923828125,4921.055682488207,4810.882794074292,4921.055682488207,10223700,4456.4935546875,244.69885896749398,4945.891272622488,3967.0958367525122,0.9183465396217326,21.96335356169075,False,26.611400262330157,140.4741299553095,9542930.0,1.0713376290091199,10838107.133759402
2018-12-05,4829.24560546875,4829.24560546875,4737.43485251307,4774.159153695342,8844300,4487.709228515625,250.66707576610975,4989.043380047844,3986.3750769834055,0.840627479605462,22.342541640027015,False,27.312698826357057,139.62129108480028,9376820.0,0.9432088917138219,10838107.133759402
2018-12-06,4902.693359375,4939.4176542017785,4792.520474894663,4829.244769721442,9982000,4513.416235351562,265.86587298538905,5045.1479813223405,3981.684489380784,0.8660465328365319,23.562273818486425,False,28.473266857639388,140.14099738639428,9142075.0,1.0918746564647523,10838107.133759402
2018-12-07,4921.0556640625,4957.779960062966,4884.331368062033,4939.417812062733,4687400,4547.386206054687,272.6329537518239,5092.652113558335,4002.1202985510395,0.8426488368936882,23.98150862038704,False,29.630504853007185,135.3772541445756,8848375.0,0.5297469874411969,10838107.133759402
2018-12-10,4792.52099609375,4865.969593735033,4774.158846683429,4829.245294914392,5459500,4582.2742919921875,255.78796521656434,5093.850222425316,4070.698361559059,0.705489245676156,22.3284726244843,False,29.536257937944818,136.2000800898967,8744505.0,0.6243349394848536,10838107.133759402
2018-12-11,4829.24560546875,4847.607756059886,4700.710551330799,4792.521304286478,7863500,4618.080517578125,236.01634313262102,5090.113203843367,4146.047831312883,0.7236763406803233,20.442808845298845,False,28.760397128092894,136.96416042126742,8788095.0,0.8947900540447048,10838107.133759402
2018-12-12,4939.41796875,4957.780117332714,4774.1586315055765,4774.1586315055765,11801200,4657.559106445313,218.9945642234926,5095.548234892298,4219.569977998328,0.8217646786166792,18.807668069778373,False,28.668469712370587,140.29682652168674,8989865.0,1.312722716080831,10838107.133759402
2018-12-13,5067.953125,5159.763870018116,4994.504528985507,4994.504528985507,18246800,4695.201489257813,221.71859130176634,5138.638671861346,4251.76430665428,0.9202981283094791,18.888952204418764,False,29.49497206079493,146.01461757500311,9411950.0,1.9386843321522107,10838107.133759402
2018-12-14,5196.48828125,5233.21258005742,5031.228936616608,5067.953235424028,16119700,4736.51630859375,234.5816507018634,5205.679609997477,4267.353007190023,0.990204552743174,19.81047972124557,False,30.537702676337556,150.01240513684664,9290575.0,1.735059455415838,10838107.133759402
2018-12-17,5123.0390625,5214.849798387097,5086.314768145161,5178.1255040322585,10255200,4774.158666992187,233.10374763941996,5240.366162271027,4307.951171713347,0.8741685827028013,19.530456685578052,False,31.505952533627138,148.4783069300673,9527955.0,1.0763275015467642,10838107.133759402
2018-12-18,5196.48828125,5251.574729461131,5031.228936616608,5123.039683635159,9169400,4815.473486328125,230.95279194068095,5277.379070209487,4353.567902446763,0.9124379615853887,19.18422290945152,False,31.858399755037325,153.61169878109988,9986425.0,0.9181864380897068,10838107.133759402
2018-12-19,5361.748046875,5361.748046875,5196.48868926584,5196.48868926584,21249900,4863.215112304688,240.5427724993909,5344.30065730347,4382.129567305906,1.0181333546111577,19.784670588868714,False,32.651712782165426,154.44370355566417,10681490.0,1.9894134619795554,10838107.133759402
2018-12-20,5398.47216796875,5416.834318199936,5251.57496611926,5343.385717275191,16585400,4903.611889648438,259.4390960175883,5422.490081683614,4384.733697613261,0.9768559229472916,21.16310196288301,False,33.60174900213752,155.2162498788793,10963735.0,1.5127509010387428,10838107.133759402
2018-12-21,5508.64453125,5545.368828125,5325.023046875001,5343.3851953125,20143900,4949.51728515625,281.4218142513804,5512.360913659011,4386.673656653489,0.9966985657997965,22.74337459900366,False,34.9329464484637,159.86835926253073,11585845.0,1.7386647240663067,10838107.133759402
2018-12-24,5508.64453125,5508.64453125,5508.64453125,5508.64453125,0,4994.50458984375,295.6608511790962,5585.826292201942,4403.182887485558,0.9347379263739677,23.67889314029807,False,36.16905836290945,148.44919074377853,11423350.0,0.0,10838107.133759402
2018-12-25,5508.64453125,5508.64453125,5508.64453125,5508.64453125,0,5041.32802734375,299.3871820089257,5640.102391361602,4442.553663325899,0.8902275481288954,23.754628176153123,False,37.31687656918051,137.84567711922293,11275645.0,0.0,10838107.133759402
2018-12-26,5416.833984375,5435.1961334745765,5343.385387976695,5435.1961334745765,6946900,5089.987719726562,275.24530744927233,5640.478334625107,4539.497104828018,0.7968681534277159,21.630331749724434,False,36.67133334548282,139.80378184451453,11366685.0,0.6111632371267436,10838107.133759402
2018-12-27,5471.92041015625,5508.64470821099,5398.47181404677,5435.19611210151,7934800,5128.5482177734375,271.8394604286272,5672.227138630692,4584.869296916183,0.8157858243256837,21.202059443375695,False,36.43076210366278,137.68728986735061,10910550.0,0.7272593957224888,10838107.133759402
2018-12-28,5471.92041015625,5490.28255918362,5398.47181404677,5471.92041015625,5658600,5159.7638671875,273.7195596160135,5707.202986419527,4612.324747955473,0.7851061716293287,21.21954156520062,False,36.20737452197274,134.41039381517197,10140760.0,0.5580055143795929,10838107.133759402
2018-12-31,5471.92041015625,5471.92041015625,5471.92041015625,5471.92041015625,0,5189.143310546875,274.13416397074207,5737.411638488359,4640.874982605391,0.7578820307485967,21.13136196593896,False,35.999943196117705,124.80965139980255,9558610.0,0.0,10838107.133759402
2019-01-01,5471.92041015625,5471.92041015625,5471.92041015625,5471.92041015625,0,5219.440869140625,269.99062588080955,5759.422120902244,4679.459617379006,0.7337854695806039,20.691153144552302,False,35.80732839353803,115.89467629981665,9047425.0,0.0,10838107.133759402
2019-01-02,5343.38525390625,5471.920294378222,5325.023105267397,5453.558145739368,2114300,5245.1478515625,254.94031407008308,5755.028479702666,4735.267223422335,0.5963337268784649,19.441992583231954,False,34.11868932299636,118.1091497704621,8710925.0,0.2427181958288012,10838107.133759402
2019-01-03,5490.2822265625,5508.644374477424,5380.109339072951,5380.109339072951,7396900,5274.527294921875,247.13617168742354,5768.799638296722,4780.254951547028,0.7182551123207396,18.741863137222346,False,32.80752990292363,121.47700482765582,8581670.0,0.8619417898847194,10838107.133759402
2019-01-04,5453.55810546875,5563.730996488321,5398.471659958965,5435.195956965488,6549600,5301.152416992188,235.45938911966306,5772.071195231514,4830.233638752861,0.661817382868419,17.76665680201364,False,31.96328555082805,124.60431423492011,8674780.0,0.7550162655421809,10838107.133759402
2019-01-07,5453.55810546875,5618.817441998106,5435.195956965488,5508.644550978535,8385000,5334.204272460937,204.6890354099154,5743.582343280768,4924.826201641106,0.6457745804126631,15.349171119424126,False,31.53276903424402,128.81982643475567,8821055.0,0.9505665705519352,10838107.133759402
2019-01-08,5361.748046875,5563.731706175086,5361.748046875,5453.558801102312,7246100,5360.82939453125,166.64678763576038,5694.122969802771,5027.535819259729,0.5013781428924962,12.434403363461795,True,30.390874345970243,134.04581449656501,8790185.0,0.8243398745305133,10838107.133759402
2019-01-09,5380.10986328125,5435.196312393345,5343.385563873187,5416.8341626893125,9373200,5382.863989257812,133.91386944363958,5650.6917281450915,5115.036250370533,0.49485840042557866,9.951124138442418,True,29.151202027314856,131.02902406967883,8668785.0,1.0812587923221075,10838107.133759402
2019-01-10,5471.92041015625,5471.92041015625,5288.298919882551,5343.3853669646605,10032700,5403.062353515625,112.70088017678044,5628.464113869186,5177.660593162063,0.6527451616451793,8.343481737052267,True,27.47044673629213,134.78562879853743,8258080.0,1.214894987696898,10838107.133759402
2019-01-11,5490.2822265625,5508.644374477424,5416.8336349028,5490.2822265625,7313100,5417.75205078125,103.09601918563958,5623.944089152529,5211.56001240997,0.6758801560772414,7.611719268014351,True,26.21295126809196,131.71599385397218,7817750.0,0.9354481788238304,10838107.133759402
2019-01-14,5435.1962890625,5471.9205883129225,5416.834139437289,5435.1962890625,4955300,5433.359912109375,76.2694129038887,5585.898737917152,5280.8210863015975,0.5060193755373446,5.614898636396709,True,25.045276904763227,127.55400051620352,7552755.0,0.6560917175255917,10838107.133759402
2019-01-15,5508.64453125,5508.64453125,5380.1094921875,5435.195937500001,7321500,5448.967724609375,53.90584955165821,5556.779423712692,5341.1560255060585,0.7767640577829877,3.957142143323869,True,23.571948240625613,127.62407469808184,7460360.0,0.981386957197776,10838107.133759402
2019-01-16,5508.64453125,5527.0066796875,5416.8337890625,5490.2823828125,11507300,5456.312548828125,51.343062828943125,5558.998674486011,5353.626423170239,0.7548152541864661,3.7639385478363123,True,22.381373061003387,126.37756155000457,6973230.0,1.6502108778858577,10838107.133759402
2019-01-17,5508.64453125,5527.0066796875,5435.195937500001,5435.195937500001,9129800,5461.8211669921875,50.717131517121146,5563.25543002643,5360.386903957945,0.7308064497003625,3.714301875984057,True,21.275838965639892,123.90850302411134,6600450.0,1.3832087206175336,10838107.133759402
2019-01-18,5508.64453125,5545.368828125,5453.5580859375,5527.0066796875,10220600,5461.8211669921875,50.717131517121146,5563.25543002643,5360.386903957945,0.7308064497003625,3.714301875984057,True,20.443925006086626,121.6158058214962,6104285.0,1.6743320470784047,10838107.133759402
2019-01-21,5508.64453125,5545.368828125,5490.2823828125,5545.368828125,7266700,5461.8211669921875,50.717131517121146,5563.25543002643,5360.386903957945,0.7308064497003625,3.714301875984057,True,19.671433472215735,116.86370864228215,6467620.0,1.1235508579662998,10838107.133759402
2019-01-22,5563.73193359375,5563.73193359375,5508.6454788056935,5563.73193359375,10249300,5464.575537109375,54.730904851407445,5574.03734681219,5355.1137274065595,0.9529269009601679,4.0062328339857745,True,19.166078732250654,112.45111533524414,6980085.0,1.4683632076113686,10838107.133759402
2019-01-23,5618.81787109375,5637.180020999285,5508.644971660539,5563.731421377144,9811700,5474.674731445312,63.405766872860994,5601.486265191034,5347.86319769959,1.0683360787097975,4.632660019684634,True,19.470423303106674,113.5999677640657,7123325.0,1.3774045126398136,10838107.133759402
2019-01-24,5710.62890625,5747.35320789791,5600.45600130627,5655.5424537781355,13757400,5486.61015625,82.4631443030612,5651.536444856122,5321.683867643877,1.1791480966839756,6.011955794535495,True,20.66525567325731,115.97834196603526,7414455.0,1.8554836464716558,10838107.133759402
2019-01-25,5765.71533203125,5765.71533203125,5710.628879814391,5747.353181292297,6857200,5501.29990234375,103.25527153618218,5707.810445416114,5294.789359271385,1.1401983786242946,7.5076998796005805,False,21.90720203676701,111.6289212696655,7474385.0,0.9174266511559145,10838107.133759402
2019-01-28,5655.5419921875,5802.439186789773,5527.006946910511,5784.077037464489,8105700,5510.480981445313,108.53400979198062,5727.549001029274,5293.4129618613515,0.8341372234846366,7.878369249975265,False,20.70966996778543,123.3291583132081,7879670.0,1.0286852114365195,10838107.133759402
2019-01-29,5655.5419921875,5673.904141512784,5508.644797585227,5600.455544211648,6990300,5519.662060546875,112.78366092447428,5745.229382395823,5294.094738697927,0.8011959589865086,8.173229425085477,False,19.409694280122686,126.32417157137587,8229185.0,0.8494522847645302,10838107.133759402
2019-01-30,5655.5419921875,5655.5419921875,5527.006946910511,5563.73124556108,11433500,5535.2698974609375,108.62796990295976,5752.525837266857,5318.013957655018,0.7767981736978167,7.849877018845132,False,18.202573998721565,126.48209112177682,8695145.0,1.314929193245196,10838107.133759402
2019-01-31,5692.265625,5692.265625,5582.092741935484,5618.817036290323,15054900,5545.369067382812,113.50506233318869,5772.379192049189,5318.358942716435,0.8235462687690088,8.187376598669442,False,17.463781268011292,125.31714768911534,9078045.0,1.6583856986829213,10838107.133759402
2019-02-01,5710.62890625,5728.991057073955,5600.45600130627,5600.45600130627,12587000,5558.222607421875,117.06090994684033,5792.344427315556,5324.100787528195,0.8254850378690369,8.424341248263728,False,17.144994167483855,125.54699826615601,9379915.0,1.3419098147477881,10838107.133759402
2019-02-04,5582.09326171875,5728.990452816612,5527.006815057051,5710.6283039293785,13322100,5564.649365234375,114.5129185913595,5793.675202417095,5335.623528051656,0.5380828134916016,8.231456185310723,False,15.983029096445183,131.0067582299706,9626770.0,1.383859799288858,10838107.133759402
2019-02-05,5582.09326171875,5582.09326171875,5582.09326171875,5582.09326171875,0,5575.6666259765625,104.08971479835866,5783.84605557328,5367.487196379845,0.5154353284439224,7.467427432867918,False,14.904061530480702,121.64913264211555,9264465.0,0.0,10838107.133759402
2019-02-06,5618.81787109375,5673.904320810355,5582.0935712826795,5618.81787109375,11891700,5587.602026367187,93.64805690480509,5774.898140176797,5400.305912557577,0.5833328681829842,6.703989043091584,False,14.855132341213176,119.51784167422193,9390390.0,1.266369128438755,10838107.133759402
2019-02-07,5582.09326171875,5637.179708380448,5545.368963944285,5582.09326171875,9943100,5593.110668945313,89.6397526877712,5772.390174320855,5413.83116356977,0.46927309899844893,6.410726194672247,False,14.362588139400886,117.53876330007486,9385910.0,1.0593645155344553,10838107.133759402
2019-02-08,5655.5419921875,5673.904141512784,5545.369096235796,5582.093394886364,9997000,5601.3736572265625,87.24703645358818,5775.867730133739,5426.879584319386,0.6552154008971774,6.23040288276626,False,14.271607441515425,118.32421201271153,9520105.0,1.0500934601036438,10838107.133759402
2019-02-11,5692.265625,5692.265625,5618.817036290323,5692.265625,5865200,5614.227124023438,80.12196688423214,5774.471057791902,5453.983190254973,0.7434990802501131,5.708494873061911,False,14.367979169623787,115.11881034820908,9565600.0,0.6131554737810487,10838107.133759402
2019-02-12,5582.09326171875,5728.990452816612,5453.558219508121,5728.990452816612,8761200,5617.899560546875,76.63523560211502,5771.170031751106,5464.629089342645,0.38319244226627963,5.456504501455002,False,14.044432724202654,126.56976913108636,9637585.0,0.9090659122591396,10838107.133759402
2019-02-13,5582.09326171875,5655.541857267681,5582.09326171875,5582.09326171875,9769800,5621.571997070312,72.78733304662826,5767.1466631635685,5475.997330977056,0.36440382653437886,5.179144416157003,False,13.743996739168741,122.77539958950383,9550710.0,1.0229396557952235,10838107.133759402
2019-02-14,5545.36865234375,5600.455095910079,5545.36865234375,5582.092948054636,6118100,5623.408203125,70.20602213867497,5763.82024740235,5482.99615884765,0.2221052111914926,4.9938414287378725,False,13.810873107811659,117.94047415927706,9400125.0,0.6508530471669259,10838107.133759402
2019-02-15,5453.55810546875,5582.093144991582,5453.55810546875,5582.093144991582,4941500,5620.653881835938,75.80287972676052,5772.259641289459,5469.048122382416,-0.05108650545171127,5.394595100170113,False,14.642796538002964,118.69722882810245,9136170.0,0.5408721597781128,10838107.133759402
2019-02-18,5600.4560546875,5618.818205686475,5545.369601690574,5563.7317526895495,3942700,5625.244458007813,71.30949768201393,5767.8634533718405,5482.625462643785,0.41309571611747253,5.070677245359626,False,14.95282816902378,122.02314821307552,8969970.0,0.43954439089539876,10838107.133759402
2019-02-19,5508.64453125,5618.817421875,5490.2823828125,5618.817421875,2286800,5622.490087890625,74.7894820563379,5772.0690520033,5472.911123777949,0.119446633702897,5.320737316543422,False,15.686019714478064,122.48828327374869,8571845.0,0.26678037225358137,10838107.133759402
2019-02-20,5508.64453125,5563.7309765625005,5453.5580859375,5527.0066796875,6396800,5616.981420898437,79.01241849389946,5775.006257886236,5458.956583910638,0.15721562599428052,5.6266818472945195,False,16.646491453567343,121.60861237026664,8401100.0,0.7614240992251015,10838107.133759402
2019-02-21,5545.36865234375,5582.092948054636,5490.282208777421,5490.282208777421,5095900,5608.718408203125,77.32680912519031,5763.372026453506,5454.064789952745,0.29518825173293517,5.5147578107750705,False,17.28546927338277,119.48019286362005,7968025.0,0.6395436761305342,10838107.133759402
2019-02-22,5600.4560546875,5600.4560546875,5490.2831486936475,5490.2831486936475,6665200,5600.4554443359375,67.92564577958764,5736.306735895113,5464.604152776762,0.5000022463958771,4.8514372771796515,False,17.62151185183054,118.81538665863665,7958425.0,0.8375023952603687,10838107.133759402
2019-02-25,5582.09326171875,5618.817559493215,5563.731112831517,5600.455410605982,3938800,5596.7830078125,66.76623789595214,5730.315483604404,5463.2505320205955,0.4449956049768665,4.771758190571529,False,17.672498671844497,114.26331951599823,7750080.0,0.5082270118502002,10838107.133759402
2019-02-26,5582.09326171875,5618.817559493215,5508.644666169819,5582.09326171875,4703500,5593.110571289062,65.36952232377989,5723.849615936622,5462.371526641502,0.45786526664619565,4.675003041015451,False,18.234637824644242,113.97114621652666,7635740.0,0.6159848292372448,10838107.133759402
2019-02-27,5490.2822265625,5563.730818222199,5435.195782817726,5527.006522392349,6564000,5584.847583007812,67.47348843299507,5719.794559873802,5449.900606141822,0.14962032258336175,4.832610912303973,False,19.35478298709168,116.32302712256222,7392265.0,0.8879551801781997,10838107.133759402
2019-02-28,5196.48828125,5453.558372901944,5159.76398244258,5453.558372901944,18118700,5560.0587158203125,106.00280879412522,5772.064333408563,5348.053098232062,-0.3574547191396276,7.626020818270135,False,21.869226365658545,131.62268547951638,7545455.0,2.4012733493208827,10838107.133759402
2019-03-01,5361.748046875,5416.834499411388,5196.48868926584,5214.850840111301,15756800,5542.614672851562,108.59513424260875,5759.80494133678,5325.424404366345,0.0836217081962111,7.837105095869043,False,24.204066645756345,137.96008067107863,7703945.0,2.045289783351257,10838107.133759402
2019-03-04,5416.833984375,5416.833984375,5306.661089777543,5416.833984375,4126900,5534.351708984375,111.6766600549439,5757.705029094263,5310.998388874487,0.23692416000004482,8.071526055971468,False,26.372132620132874,135.97528166581998,7244185.0,0.5696845124744881,10838107.133759402
2019-03-05,5251.57421875,5416.833547312063,5251.57421875,5416.833547312063,5515000,5517.825756835938,127.56496030548183,5772.955677446901,5262.695836224974,-0.02179598819366462,9.247480143601395,False,28.620259090103172,138.06703052004713,7519935.0,0.7333839986648821,10838107.133759402
2019-03-06,5288.29833984375,5288.29833984375,5196.4876047770185,5214.849751790365,7002100,5501.299780273437,134.98632149787153,5771.27242326918,5231.327137277694,0.10551291777914323,9.81486753235338,False,30.925518198598724,134.76300941623887,7275455.0,0.9624277794309771,10838107.133759402
2019-03-07,5288.29833984375,5288.29833984375,5288.29833984375,5288.29833984375,0,5486.610034179687,141.55733207397026,5769.724698327628,5203.4953700317465,0.14976788656854942,10.320203637008433,False,33.06611594220173,125.13708017222181,6778300.0,0.0,10838107.133759402
2019-03-08,5325.0234375,5361.747737068966,5233.212688577586,5288.299137931034,4010100,5470.0841064453125,140.08290459856602,5750.249915642445,5189.91829724818,0.24111639574969704,10.243564952393228,False,33.8980612043389,125.37979219501881,6478955.0,0.6189424066072383,10838107.133759402
2019-03-11,5251.57421875,5288.298513986014,5233.212071131993,5269.936366368007,3948900,5448.049536132812,137.93833120768872,5723.92619854819,5172.172873717434,0.14390732499332218,10.12753869382778,False,34.670585400238245,122.9820474930894,6383140.0,0.6186453688936793,10838107.133759402
2019-03-12,5214.8505859375,5325.023485640405,5178.126286036531,5251.574885838469,6397300,5429.68740234375,143.48727285728083,5716.661948058312,5142.7128566291885,0.12568663385926743,10.570573384784101,False,35.70557797991794,124.69027264385969,6264945.0,1.021126282832491,10838107.133759402
2019-03-13,5269.9375,5288.299651567944,5141.40243902439,5196.488893728223,5830500,5414.079614257813,143.0133921437313,5700.106398545276,5128.05282997035,0.24802689437478154,10.566035399044372,False,36.86490432965999,126.276482636695,6067980.0,0.9608634174799522,10838107.133759402
2019-03-14,5196.48828125,5306.661177672262,5178.12613184629,5306.661177672262,5297400,5396.635595703125,147.3676171899348,5691.370830082994,5101.900361323255,0.1604625251639156,10.922925187483164,False,37.63149358378664,126.43780857878619,6026945.0,0.8789527696038374,10838107.133759402
2019-03-15,5269.9375,5325.023954703833,5196.488893728223,5233.2131968641115,15581700,5387.454565429687,149.34127048434598,5686.137106398379,5088.772024460995,0.3032742974387555,11.088076468812675,False,38.0287430496074,126.58765606986094,6558955.0,2.3756375825112386,10838107.133759402
2019-03-18,5306.66064453125,5325.022792090182,5214.849906736591,5269.936349413387,4684600,5372.764794921875,141.53216528674812,5655.829125495372,5089.700464348379,0.38323475752544234,10.537008090919512,False,38.397617553583814,125.41517244727021,6596050.0,0.7102129304659607,10838107.133759402
2019-03-19,5361.748046875,5361.748046875,5288.299443493151,5325.023745184076,5455800,5365.419970703125,137.87386675417204,5641.167704211469,5089.672237194781,0.4933418784963219,10.278700829162045,False,38.07806221168136,121.703274656883,6754500.0,0.807728181212525,10838107.133759402
2019-03-20,5343.38525390625,5398.47169982281,5288.29880798969,5398.47169982281,4502700,5357.157006835938,133.72823622325365,5624.613479282445,5089.700534389431,0.4742542163894682,9.985015264821339,False,37.15795901513604,120.879675883757,6659795.0,0.676101892025205,10838107.133759402
2019-03-21,5361.748046875,5398.472348565925,5269.937292647689,5343.385896029538,4435700,5347.9759765625,126.21894300871638,5600.413862579933,5095.5380905450675,0.5272781366730914,9.440501869258265,False,36.48470368746145,121.42648874336265,6626785.0,0.6693592745199972,10838107.133759402
2019-03-22,5435.1962890625,5435.1962890625,5325.023391311233,5361.747690561656,3714500,5339.71298828125,113.59875450262088,5566.910497286492,5112.515479276008,0.7101328073518784,8.509727376878077,False,35.238696677276934,120.6226608153558,6479250.0,0.5732916618435776,10838107.133759402
2019-03-25,4976.142578125,5398.472022024908,4902.693979185886,5398.472022024908,44339900,5309.415454101562,125.71172078432399,5560.83889567021,5057.9920125329145,-0.1627720826213545,9.470852064304795,False,36.726346124381934,150.0426357483028,8499305.0,5.216885380628181,10838107.133759402
2019-03-26,5067.953125,5086.315274003623,4994.504528985507,5031.228826992753,16052300,5283.708447265625,119.42827922793096,5522.565005721487,5044.851888809763,0.04835796919201104,9.041246724333272,False,38.10773489669372,147.19478290046854,9066745.0,1.770458968461118,10838107.133759402
2019-03-27,4810.8828125,5086.315034589695,4810.8828125,5067.952886450382,29274400,5249.7384765625,150.22988351447134,5550.198243591443,4949.278709533557,-0.23030687003798656,11.446656566621296,False,39.97852104018688,156.35459998541327,10202265.0,2.869402039645118,10838107.133759402
2019-03-28,4829.24560546875,4902.694207833294,4810.883454877614,4847.607756059886,13698900,5231.3763427734375,177.1182555167689,5585.612853806975,4877.1398317399,-0.06760204662615281,13.542765338336856,False,41.71567960200195,151.7443710816905,9981275.0,1.3724599312212118,10838107.133759402
2019-03-29,4682.34765625,4847.606985294117,4682.34765625,4829.244837622548,24330600,5197.406323242188,212.42994203229176,5622.266207306771,4772.546439177604,-0.10615121162379829,16.348919350971673,False,43.6654803001959,152.70972522186386,10409965.0,2.337241287554761,10838107.133759402
2019-04-01,4608.8984375,4700.709163346613,4590.536292330677,4682.347018177291,14803600,5157.009545898438,243.1112119218759,5643.23196974219,4670.787122054686,-0.06364235946322151,18.856758728727304,False,45.68009713542588,149.67137849286908,10943800.0,1.3526928489190226,10838107.133759402
2019-04-02,4572.17578125,4645.624388177711,4498.727174322289,4627.262236445783,12941600,5123.039624023438,274.6257845215849,5672.291193066608,4573.788054980268,-0.0014677006140157854,21.442409559651583,False,47.73230681656018,149.47322387590856,11315130.0,1.1437429353440924,10838107.133759402
2019-04-03,4572.17578125,4572.17578125,4572.17578125,4572.17578125,0,5087.23349609375,297.6633618820918,5682.560219857934,4491.906772329566,0.06741592953605575,23.404733603099118,False,49.63793009189917,138.79656502762938,10965025.0,0.0,10838107.133759402
2019-04-04,4719.072265625,4755.7965634119655,4590.537223370623,4590.537223370623,14697600,5058.772192382812,304.5601459207042,5667.89248422422,4449.651900541404,0.22115530273102685,24.081744291968086,False,49.24939330443324,141.99829482293913,11699905.0,1.2562153282441182,10838107.133759402
2019-04-05,4755.796875,4792.52117519305,4719.07257480695,4755.796875,11060000,5030.310864257813,304.96627428943236,5640.243412836678,4420.378315678948,0.2749636497532172,24.250292478449293,False,48.51813490151684,137.10191016187565,12052400.0,0.9176595532839932,10838107.133759402
2019-04-08,4774.15869140625,4792.520840219351,4645.623649714544,4792.520840219351,8122100,5006.440087890625,305.41984261130517,5617.279773113236,4395.600402668015,0.30986713690702317,24.40215700174201,False,48.152330258206135,137.80157304351363,12261060.0,0.6624304913278297,10838107.133759402
2019-04-09,4810.8828125,4829.244960639313,4737.434219942748,4774.158516221374,5995000,4986.24169921875,304.26724222360826,5594.7761836659665,4377.7072147715335,0.3559170505529828,24.408543394218633,False,47.430887281133195,134.51651359016014,12240945.0,0.4897497701362109,10838107.133759402
2019-04-10,4792.52099609375,4829.245294914392,4719.072398452466,4829.245294914392,8191500,4962.370874023438,299.52950971790085,5561.42989345924,4363.311854587636,0.3582361066112871,24.144064788534887,False,46.84803313831628,132.7776837952863,12358995.0,0.6627966108894776,10838107.133759402
2019-04-11,4535.45068359375,4700.710020242915,4480.364238044029,4700.710020242915,26701300,4929.318994140625,308.66793347845714,5546.65486109754,4311.983127183711,0.18099349832984465,25.047511337396834,False,47.24361323817312,145.59047481346022,13429190.0,1.9883030919958686,10838107.133759402
2019-04-12,4645.62353515625,4700.709980237154,4517.08849663414,4517.08849663414,18944000,4898.103295898438,303.9404131853992,5505.984122269237,4290.222469527639,0.2923279121587405,24.82107010196476,False,47.61093761661161,148.3069754412855,13597305.0,1.3932172588612228,10838107.133759402
2019-04-15,4700.71044921875,4774.159049987793,4590.537548065186,4645.623998641968,18831600,4867.8057861328125,290.9966329536984,5449.799052040209,4285.812520225416,0.35644564404577683,23.911934513301784,False,47.1731951344528,150.82944161852276,14304655.0,1.3164665628077015,10838107.133759402
2019-04-16,4737.43408203125,4774.158377240794,4682.347639216933,4737.43408203125,7864100,4836.590087890625,267.7814501029671,5372.152988096559,4301.027187684691,0.4074282350203425,22.146301029182663,False,46.766719972448186,146.61381993318975,14425070.0,0.5451689315892401,10838107.133759402
2019-04-17,4737.43408203125,4737.43408203125,4737.43408203125,4737.43408203125,0,4806.292529296875,240.2918102544737,5286.876149805822,4325.708908787928,0.42835955666497494,19.99810113843624,False,46.38927875058676,136.1414042236762,14199935.0,0.0,10838107.133759402
2019-04-18,4608.8984375,4884.33061503984,4608.8984375,4847.606324701195,20284300,4768.650048828125,205.08758028854655,5178.825209405219,4358.474888251032,0.30526415702091286,17.20298853458085,False,44.50642765666356,146.0907451748308,14992365.0,1.3529753311102017,10838107.133759402
2019-04-19,4608.8984375,4608.8984375,4608.8984375,4608.8984375,0,4727.33515625,134.99623311706407,4997.327622484128,4457.342690015872,0.28066662303218504,11.422607338393247,True,42.75806592659202,135.65569194805718,14806640.0,0.0,10838107.133759402
2019-04-22,4590.53662109375,4663.98520703125,4535.450181640625,4608.8987675781245,7073400,4708.054858398437,124.73757389775443,4957.530006193946,4458.579710602929,0.2644690496365286,10.597801227846098,True,41.59625584910904,135.14707290824063,12943315.0,0.5464906015190081,10838107.133759402
2019-04-23,4663.9853515625,4682.347498615895,4590.536763348918,4590.536763348918,5276700,4687.856469726563,91.73349429252453,4871.323458311612,4504.389481141514,0.434944377873742,7.827329602339569,True,40.325013805977335,132.0516303806624,12404535.0,0.4253847484004842,10838107.133759402
2019-04-24,4645.62353515625,4700.709980237154,4627.261386795949,4700.709980237154,4957400,4679.593505859375,87.40957849356256,4854.4126628465,4504.77434887225,0.402842539431686,7.471553106834255,True,38.94631304488964,127.86569917070118,11188685.0,0.4430726220284153,10838107.133759402
2019-04-25,4590.53662109375,4663.98520703125,4553.812328125,4663.98520703125,7537000,4667.658056640625,82.0316154333913,4831.721287507407,4503.594825773842,0.26496429108635483,7.029787909736526,True,38.162935667527336,126.60192629466894,10880590.0,0.6927014068170936,10838107.133759402
2019-04-26,4700.71044921875,4700.71044921875,4553.813247680664,4608.899698257446,5748900,4668.576196289063,82.30698294600269,4833.190162181068,4503.962230397057,0.5976048804715898,7.051998681004851,True,37.02160949148551,128.05158881205588,9951505.0,0.5776915150020022,10838107.133759402
2019-04-29,4719.072265625,4719.072265625,4663.985818944553,4700.710116731518,4708200,4674.084887695312,81.78786871049698,4837.660625116307,4510.509150274318,0.6375123800111744,6.999262587276196,True,35.75409940066814,122.83979294551239,9446735.0,0.4983944188124257,10838107.133759402
2019-04-30,5104.67724609375,5141.401542828237,4810.8828722178505,4810.8828722178505,50600300,4700.7099609375,123.10506350001337,4946.920087937527,4454.499833937473,1.3203709775841312,10.475444307179634,True,34.98307661972292,144.2318989639213,11329670.0,4.4661759786472155,10838107.133759402
2019-05-01,5104.67724609375,5104.67724609375,5104.67724609375,5104.67724609375,0,4727.335034179688,148.7549942820196,5024.845022743727,4429.825045615648,1.134167299281851,12.586795156805078,True,34.2671268945595,133.92962046649836,11329670.0,0.0,10838107.133759402
2019-05-02,5141.40185546875,5196.4883039202,4994.504659598214,5104.677556501116,17405800,4748.451513671875,175.15374647470546,5098.759006621285,4398.144020722464,1.0608648825756393,14.754599133666854,False,32.70184008451615,138.7906221704618,11465080.0,1.5181577450833312,10838107.133759402
2019-05-03,4994.5048828125,5159.7642355526195,4921.056281594669,5141.402085248162,10742200,4760.3869140625,183.60958203139091,5127.606078125282,4393.167749999719,0.8187714472194237,15.42812257457442,False,30.70634458099815,145.92757444099672,11449190.0,0.9382497801154492,10838107.133759402
2019-05-06,4976.142578125,4994.5047278597785,4810.883230511993,4847.60752998155,3462800,4770.486108398438,189.85563266809356,5150.197373734625,4390.7748430622505,0.7708063843516452,15.919185454400797,False,28.90880360685551,148.6200085738189,11216225.0,0.30873132448751694,10838107.133759402
2019-05-07,5031.22900390625,5049.591153555543,4939.418255659785,5031.22900390625,6338000,4781.50341796875,198.51891140358208,5178.541240775914,4384.465595161586,0.8144858897470687,16.6072378538979,False,26.86043819095195,145.87378638252883,11233375.0,0.5642115570787942,10838107.133759402
2019-05-08,4957.7802734375,5031.228870081019,4902.693825954861,4902.693825954861,7032200,4789.766381835938,202.40293538816917,5194.572252612276,4384.960511059599,0.7075240303201932,16.90294843236904,False,25.20678414184703,144.63531435173317,11175410.0,0.6292565552404789,10838107.133759402
2019-05-09,4865.96923828125,4921.055682488207,4810.882794074292,4865.96923828125,9143600,4806.292309570313,193.8583709865437,5194.0090515434,4418.575567597225,0.5769594426168468,16.133714597468998,False,24.261328859444255,144.7968975668385,10297525.0,0.8879415199283323,10838107.133759402
2019-05-10,4884.33154296875,4957.780137599859,4847.607245653196,4921.055840284304,8679000,4818.227709960937,190.76947831260074,5199.766666586139,4436.688753335736,0.5866278945569753,15.837315278247601,False,23.0983603936479,142.32375430825456,9784275.0,0.8870355749404019,10838107.133759402
2019-05-13,4700.71044921875,4939.41840171814,4700.71044921875,4884.331951141357,8865100,4818.227709960937,190.76947831260074,5199.766666586139,4436.688753335736,0.34599572507398185,15.837315278247601,False,22.893261434519378,149.20833989333565,9285950.0,0.9546788427678374,10838107.133759402
2019-05-14,4682.34765625,4719.071951593137,4517.088327205882,4517.088327205882,14284900,4815.473388671875,192.38816795667023,5200.2497245852155,4430.6970527585345,0.3270089400042293,15.98083116058765,False,23.568586909232803,152.97800307147276,9606990.0,1.4869277474005906,10838107.133759402
2019-05-15,4590.53662109375,4700.7095,4590.53662109375,4682.347353515625,8574000,4808.128515625,198.23940989181023,5204.60733540862,4411.649695841379,0.22559455426900102,16.492022561176615,False,24.195674850038127,149.92049420252826,10035690.0,0.8543508219165797,10838107.133759402
2019-05-16,4480.3642578125,4627.261446593237,4480.3642578125,4535.450703605276,7602800,4801.701806640625,206.93110243611608,5215.564011512857,4387.839601768394,0.11178195901298937,17.238146871172695,False,25.240031357802053,149.7045438152575,9401615.0,0.8086695743231349,10838107.133759402
2019-05-17,4406.91552734375,4553.812711588542,4406.91552734375,4535.450563557943,6890000,4791.6026611328125,221.26815766376748,5234.138976460347,4349.066345805278,0.06536094274619737,18.471327721606702,False,26.49053530440449,149.5040181316528,9746115.0,0.7069483583971664,10838107.133759402
2019-05-20,4572.17578125,4572.17578125,4296.743505271084,4517.089326054217,7418900,4790.684619140625,222.18248799467423,5235.049595129974,4346.319643151276,0.25413359547055936,18.551209746262153,False,28.036192473259018,158.49889369217158,9763390.0,0.7598692667198585,10838107.133759402
2019-05-21,4590.53662109375,4645.6230605468745,4553.812328125,4572.174474609375,9653100,4787.012182617187,224.97635926979368,5236.964901156774,4337.0594640776,0.2816708807081571,18.79889590310531,False,28.802432023695378,153.7354536014361,9982210.0,0.9670303469872904,10838107.133759402
2019-05-22,4590.53662109375,4645.6230605468745,4535.450181640625,4590.53662109375,5867400,4784.257836914063,227.125405959792,5238.5086488336465,4330.007024994479,0.2867684429647123,18.9893951122243,False,29.587155848858927,150.6238411232085,10027710.0,0.5851186362589265,10838107.133759402
2019-05-23,4700.71044921875,4737.4347496032715,4627.261848449707,4682.348299026489,5311200,4789.766528320312,223.4865348030507,5236.739597926414,4342.793458714211,0.40037869711027146,18.663668342216553,False,29.490273752288502,150.35771879365944,9916420.0,0.535596515678037,10838107.133759402
2019-05-24,4627.26220703125,4700.710813492064,4627.26220703125,4700.710813492064,4276100,4786.0941162109375,225.6202364157738,5237.334589042485,4334.85364337939,0.32400524914907075,18.856314225127964,False,29.400311805473105,144.86421076988475,9842780.0,0.4344402699237411,10838107.133759402
2019-05-27,4792.52099609375,4792.52099609375,4645.623800811182,4663.985950221503,7857500,4789.766552734375,225.06899188501157,5239.9045365043985,4339.628568964352,0.503059554468505,18.7958214169352,False,28.515351610478596,146.32096636221442,10000245.0,0.7857307495966349,10838107.133759402
2019-05-28,4700.71044921875,4810.883350372314,4682.348299026489,4792.521200180054,18328800,4769.568212890625,213.130520572058,5195.829254034741,4343.307171746508,0.4192305218803773,17.87419833904749,False,27.539002726033612,145.05054386104376,8386670.0,2.1854681297821426,10838107.133759402
2019-05-29,4663.9853515625,4792.520380936269,4608.898910402313,4737.433939776082,8068500,4747.533618164062,198.97195866485487,5145.477535493772,4349.589700834353,0.39502507393229,16.764237995374113,False,27.081278228361626,147.80561005196608,8790095.0,0.9179081682279885,10838107.133759402
2019-05-30,4663.9853515625,4663.9853515625,4663.9853515625,4663.9853515625,0,4723.66279296875,176.61417433552657,5076.891141639803,4370.434444297697,0.4155256909152763,14.95569705766632,False,26.65624833766621,137.24806647682564,7919805.0,0.0,10838107.133759402
2019-05-31,4847.607421875,4902.693869850852,4719.072376598011,4737.434525923296,13993100,4716.317919921875,167.58134790546887,5051.480615732813,4381.155224110937,0.6958593596394513,14.212896649532485,False,25.125873404632813,144.4952416062204,8082350.0,1.7313157683099594,10838107.133759402
2019-06-03,4847.607421875,4847.607421875,4847.607421875,4847.607421875,0,4709.891162109375,159.35539082975626,5028.601943768887,4391.180380449862,0.7160520881166035,13.533679258812196,False,23.704810966816087,134.1741529200618,7909210.0,0.0,10838107.133759402
2019-06-04,4847.607421875,4847.607421875,4847.607421875,4847.607421875,0,4700.7100830078125,144.46099209554683,4989.632067198906,4411.788098816719,0.754216271009044,12.292695320032285,True,22.385252988843416,124.59028485434311,7592310.0,0.0,10838107.133759402
2019-06-05,4847.607421875,4847.607421875,4847.607421875,4847.607421875,0,4695.201440429688,135.99485845640987,4967.191157342508,4423.211723516868,0.7801686460340749,11.5858593231275,True,21.159949152154503,115.6909787933186,7240700.0,0.0,10838107.133759402
2019-06-06,4847.607421875,4847.607421875,4847.607421875,4847.607421875,0,4694.283349609375,134.83840495925222,4963.96015952788,4424.606539690871,0.7842737429146366,11.489583812231754,True,20.02216701808623,107.42733745093871,6783520.0,0.0,10838107.133759402
2019-06-07,4847.607421875,4847.607421875,4847.607421875,4847.607421875,0,4692.4471435546875,132.34107367957634,4957.12929091384,4427.764996195535,0.7931068072939811,11.281198882451212,True,18.965655036451402,99.75395620444309,6349570.0,0.0,10838107.133759402
2019-06-10,5067.953125,5123.039572010869,4939.418081974637,4957.780230978261,16927100,4710.80927734375,156.7703880144047,5024.350053372559,4397.268501314941,1.0695333349934595,13.311546172618685,False,19.889903781148377,112.30239862811638,6752670.0,2.5067269687397724,10838107.133759402
2019-06-11,5178.126953125,5196.4891054410455,4921.056820700354,5141.402648492907,14457400,4735.5982421875,188.09964146519403,5111.797525117888,4359.3989592571115,1.0881573025477906,15.88814184357884,False,21.111891721586353,123.95453335044316,6761295.0,2.1382590169486764,10838107.133759402
2019-06-12,5159.76416015625,5214.85061026468,5123.0398600839635,5214.85061026468,9086900,4764.059619140625,207.1003926090861,5178.260404358797,4349.8588339224525,0.9776723694611001,17.388564305703998,False,22.335412575033416,121.6585488383198,6786940.0,1.3388802612075545,10838107.133759402
2019-06-13,5159.76416015625,5196.4884602285365,5141.402010120107,5178.126310192393,10009100,4798.029614257813,213.73134811006364,5225.49231047794,4370.566918037685,0.9231182616601444,17.818260018649333,False,23.471539081805687,116.90339892904196,6907255.0,1.4490705786886398,10838107.133759402
2019-06-14,5178.126953125,5196.4891054410455,5159.764800808954,5196.4891054410455,9405000,4836.590185546875,208.97067270974017,5254.531530966355,4418.648840127395,0.9085941380546249,17.28247915932217,False,24.526517243421385,111.17636652588149,7033005.0,1.3372662183518993,10838107.133759402
2019-06-17,5193.93359375,5231.57079370471,5156.29639379529,5193.93359375,8436000,4867.678076171875,213.75789235275778,5295.19386087739,4440.162291466359,0.8815713118088251,17.565491308814313,False,25.704557835846124,108.61194033899139,7083860.0,1.1908761607372251,10838107.133759402
2019-06-18,5306.845703125,5325.664304909132,5212.752694204344,5250.389897772607,11929200,4903.4935302734375,224.61220120928837,5352.717932692014,4454.269127854861,0.9489428564877121,18.32262649660419,False,27.282859603081686,110.26328111185856,7197665.0,1.657370827900437,10838107.133759402
2019-06-19,5306.845703125,5344.4829066932625,5269.2084995567375,5344.4829066932625,4303800,4939.308984375,229.14695250454616,5397.602889384093,4481.015079365908,0.9009836425194304,18.557004895172934,False,28.838530945340782,107.76407582790617,7119485.0,0.6045100172273696,10838107.133759402
2019-06-20,5269.20849609375,5382.120106724331,5269.20849609375,5363.3015049525675,6887300,4967.73388671875,233.21586074852257,5434.165608215795,4501.302165221705,0.8231712118629027,18.778450381331883,False,30.463096129087624,108.13175688524008,7198290.0,0.9567966836568129,10838107.133759402
2019-06-21,5325.66455078125,5363.301756087125,5156.297126904815,5306.8459481283135,15619600,5002.65400390625,231.83572000199445,5466.325443910239,4538.982563902261,0.8483183554201881,18.53701813645069,False,30.47944892015436,115.19410490645936,7765465.0,2.0114185048802615,10838107.133759402
2019-06-24,5306.845703125,5325.664304909132,5269.2084995567375,5325.664304909132,3912800,5028.3702392578125,235.79188348114545,5499.954006220103,4556.786472295522,0.7952555657937387,18.756922999842445,False,30.49463365471633,110.99852964346316,7568230.0,0.5170033151740896,10838107.133759402
2019-06-25,5250.3896484375,5325.664051999328,5231.571047547042,5325.664051999328,3575500,5055.85419921875,227.4784839955654,5510.811167209881,4600.897231227619,0.7137954388057005,17.997234495465978,False,30.036531677713544,109.79099212980762,6830565.0,0.523455965941324,10838107.133759402
2019-06-26,5231.57080078125,5288.026600789681,5175.115000772819,5288.026600789681,4211900,5084.233471679688,210.81174204919114,5505.85695577807,4662.609987581305,0.6747261889558105,16.58552804260147,False,28.94165466123965,110.01389269316861,6637735.0,0.6345387394947222,10838107.133759402
2019-06-27,5269.20849609375,5325.6643014090405,5212.75269077846,5269.20849609375,5640300,5114.49462890625,189.69265246592536,5493.8799338381,4735.1093239744,0.7039007114617836,14.835690814401467,False,28.238390995519676,110.22087254584086,6919750.0,0.8151017016510712,10838107.133759402
2019-06-28,5288.02685546875,5344.482658196174,5269.208254559609,5269.208254559609,4512100,5136.515600585937,182.50723620780911,5501.530073001555,4771.501128170319,0.7075414351109577,14.212532416877298,False,27.74111837086545,107.72469619517835,6445700.0,0.7000170656406597,10838107.133759402
2019-07-01,5325.66455078125,5325.66455078125,5269.208742822439,5288.027345475376,3767400,5160.41845703125,173.774111209299,5507.966679449848,4812.870234612652,0.7377311738210711,13.469768985305889,False,27.279365219400812,104.06263274972358,6634070.0,0.5678866819313031,10838107.133759402
2019-07-02,5363.30078125,5382.119380482456,5306.844983552632,5344.482182017544,6254100,5186.203125,162.83102389719227,5511.865172794384,4860.541077205616,0.7719040450820592,12.558784912397133,False,27.332701933358653,102.00633019115935,6946775.0,0.9002882632588504,10838107.133759402
2019-07-03,5344.482421875,5382.119622029049,5231.570821412852,5382.119622029049,4854700,5211.046875,145.4260441251709,5501.898963250342,4920.194786749658,0.729387293860771,11.16290431566466,True,26.379819523409353,105.47364950723352,7189510.0,0.6752476872554597,10838107.133759402
2019-07-04,5306.845703125,5344.4829066932625,5269.2084995567375,5344.4829066932625,1376400,5234.0087890625,118.84756741351113,5471.703923889522,4996.313654235478,0.6532149871630851,9.082718214907601,True,25.495000142742146,103.31656076646863,7258330.0,0.18963039707480922,10838107.133759402
2019-07-05,5269.20849609375,5325.6643014090405,5212.75269077846,5288.0270978655135,3080800,5255.088842773437,76.57668012613362,5408.242203025704,5101.93548252117,0.5460964529183547,5.8287638833309705,True,23.96461637366299,104.00192147104802,7412370.0,0.4156295489836584,10838107.133759402
2019-07-08,5212.75244140625,5250.389643149256,5175.115239663245,5212.75244140625,2060100,5262.32880859375,63.71813868668627,5389.765085967123,5134.892531220377,0.3054856583645823,4.8433414941787944,True,22.399410546526266,103.2941596824378,6669020.0,0.3089059561974623,10838107.133759402
2019-07-09,5156.296875,5250.389883667884,5156.296875,5193.934078467153,4418800,5261.2373046875,65.40119651968482,5392.039697726869,5130.434911648131,0.09885890751282064,4.972305389944332,True,21.1607870251853,102.63693460996964,6167090.0,0.7165129745147225,10838107.133759402
2019-07-10,5193.93359375,5212.752193727355,5137.477793817935,5156.29639379529,7377400,5262.945776367187,63.01362699457387,5388.973030356335,5136.91852237804,0.2262013555292972,4.789228669429287,True,20.227672208873653,100.68246784564467,6081615.0,1.2130659372551535,10838107.133759402
2019-07-11,5156.296875,5231.571281934307,5118.659671532847,5212.75268020073,7875600,5262.772412109375,63.31648479487942,5389.405381699134,5136.139442519617,0.0795899857110099,4.812405313153285,True,19.103956443294514,101.55597802820292,5974940.0,1.318105286412918,10838107.133759402
2019-07-12,5099.84033203125,5193.9333270871775,5099.84033203125,5137.477530053621,5875300,5258.858081054687,70.8022215413508,5400.462524137389,5117.253637971986,-0.06148573293906451,5.385368492556926,True,18.29679765915348,101.02290781589753,5798455.0,1.0132526681676413,10838107.133759402
2019-07-15,5099.84033203125,5193.9333270871775,5081.021733020065,5156.296129064806,6387300,5254.15341796875,78.09404427937874,5410.341506527507,5097.965329409993,0.006002386733070375,5.945318917586507,True,17.78410371045608,101.87209969098433,5696020.0,1.1213619334201776,10838107.133759402
2019-07-16,5193.93359375,5231.57079370471,5118.659193840579,5137.477793817935,10006800,5248.5078125,78.1656164745415,5404.839045449083,5092.176579550917,0.3254532452648957,5.957168724289966,True,16.737477370616077,104.00483983258974,5599900.0,1.7869604814371685,10838107.133759402
2019-07-17,5250.3896484375,5306.84545110887,5193.933845766129,5212.752446656586,12993600,5245.685009765625,76.95804595137848,5399.601101668382,5091.768917862868,0.5152831280138245,5.8682933350446875,True,16.30590623835343,104.6410553701812,6034390.0,2.153258241512398,10838107.133759402
2019-07-18,5306.845703125,5344.4829066932625,5250.389897772607,5269.2084995567375,8577200,5247.566870117187,78.01643684167462,5403.599743800536,5091.533996433838,0.6899562304034487,5.946865568189109,True,16.33465911282029,103.88764129057986,6118885.0,1.401758653741654,10838107.133759402
2019-07-19,5306.845703125,5344.4829066932625,5250.389897772607,5344.4829066932625,5075200,5246.625927734375,77.13342807255492,5400.892783879485,5092.359071589265,0.6951805361677283,5.880611969289999,True,16.361358210539517,103.18802469272815,5591665.0,0.9076366341688924,10838107.133759402
2019-07-22,5231.57080078125,5325.6638007953015,5231.57080078125,5306.845200792491,3394900,5242.8621826171875,75.86645772657698,5394.595098070342,5091.129267164033,0.4627919169607482,5.788171047342342,True,16.07289155008992,102.53838007282269,5565770.0,0.6099605265758377,10838107.133759402
2019-07-23,5325.66455078125,5325.66455078125,5250.390140169501,5269.208742822439,8500200,5246.625927734375,78.09404675650894,5402.814021247393,5090.437834221358,0.7530238421800294,5.953849032285153,True,15.805039751201678,101.9351922104782,5812005.0,1.4625245504778472,10838107.133759402
2019-07-24,5231.57080078125,5306.845200792491,5212.752200778439,5269.208000786871,3569600,5246.625927734375,78.09404675650894,5402.814021247393,5090.437834221358,0.4518044986192548,5.953849032285153,False,14.913083163415562,102.71927490993053,5779890.0,0.6175896081067287,10838107.133759402
2019-07-25,5250.3896484375,5288.0268502184135,5231.571047547042,5269.208249327957,6629000,5245.684985351562,77.92081283545372,5401.526611022469,5089.843359680655,0.5150943724620551,5.941707369241219,False,14.084837760471311,99.4147588047329,5829325.0,1.137181406080464,10838107.133759402
2019-07-26,5024.56591796875,5250.389105293188,5024.56591796875,5231.570506349485,9454000,5232.511938476562,91.47666745984642,5415.465273396255,5049.5586035568695,-0.06830344360514114,6.992944768051854,False,15.338835060316722,108.44397106644841,6076420.0,1.5558503197606486,10812773.297523834
2019-07-29,5193.93359375,5193.93359375,5062.203393908514,5062.203393908514,4438700,5225.925390625,89.12878333366974,5404.182957292339,5047.66782395766,0.41026524855827834,6.822047899387264,False,16.503261124458888,112.79566426036281,6109985.0,0.7264665952535072,11168445.416664459
2019-07-30,5193.93359375,5269.20799365942,5118.659193840579,5193.93359375,5031900,5217.45703125,83.24095501997229,5383.9389412899445,5050.9751212100555,0.42935137068539175,6.381726156738803,False,16.41030657174349,115.49231680025412,6048875.0,0.8318736955218946,11168445.416664459
2019-07-31,5325.66455078125,5363.301756087125,5193.93433221069,5193.93433221069,19169900,5216.516137695313,81.8238760246187,5380.16388974455,5052.868385646076,0.8334858307528029,6.274216267316588,False,15.336506173346475,119.34059148145917,6764635.0,2.8338409980730668,11407071.398186063
2019-08-01,5438.57568359375,5457.394284575043,5344.482678687284,5344.482678687284,18334700,5223.10263671875,93.88995776477086,5410.882552248291,5035.322721189208,1.0737382676612774,7.190359010349005,False,15.284668769183828,120.22553021805442,7612550.0,2.4084833597152073,11407071.398186063
2019-08-02,5325.66455078125,5382.120358740062,5306.8459481283135,5363.301756087125,10270700,5225.925439453125,96.17007709870607,5418.265593650537,5033.585285255714,0.7592779228661625,7.360998790581269,False,14.789194456704337,121.047259164296,7972045.0,1.2883394411346147,11407071.398186063
2019-08-05,5306.845703125,5400.938712045656,5250.389897772607,5306.845703125,12609000,5230.630102539062,97.77979420869178,5426.189690956446,5035.070514121679,0.6948654146869818,7.477477266934042,False,13.764274050035576,123.15451310063551,8499490.0,1.4835007747523674,11407071.398186063
2019-08-06,5306.845703125,5363.301508477393,5193.934092420212,5250.389897772607,10653000,5238.157543945313,97.55080094310826,5433.259145831529,5043.055942059096,0.6760317663095005,7.449245283266852,False,13.38384904914601,126.45543474038875,8811200.0,1.209029417105502,11407071.398186063
2019-08-07,5419.7568359375,5495.031236436632,5306.845235188802,5306.845235188802,17231200,5249.448706054687,104.95105495163867,5459.350815957964,5039.54659615141,0.9056846545308451,7.99711061701306,False,13.126064735139108,130.86476091949172,9303890.0,1.8520425327470553,11407071.398186063
2019-08-08,5589.1240234375,5645.57982165404,5476.212427004419,5495.031026409933,20685700,5271.090063476562,127.03394601502458,5525.157955506611,5017.022171446513,1.1258838088901917,9.640051259624187,False,13.990706391689098,137.647491262138,9944395.0,2.0801365995618637,11407071.398186063
2019-08-09,5626.76171875,5664.398920882107,5532.668713419733,5645.580319816054,7997400,5297.4361328125,143.25325270828688,5583.942638229073,5010.929627395926,1.074726192444861,10.816798852635236,False,14.913973134274858,137.22482813358343,10050500.0,0.7957216058902542,11407071.398186063
2019-08-12,5664.39892578125,5664.39892578125,5607.9431225342605,5645.58032469892,4498900,5325.6640625,157.21083136428888,5640.085725228578,5011.242399771422,1.0386633674373456,11.80779181858423,False,15.771292285379843,131.45561207025528,9956080.0,0.45187463338984823,11407071.398186063
2019-08-13,5570.3056640625,5664.398665144637,5495.03126319679,5664.398665144637,11267800,5344.482666015625,163.0310697736325,5670.54480556289,5018.42052646836,0.8462882847429456,12.201822324941642,False,15.33823248969006,134.16361567841278,10019130.0,1.1246285855159082,11407071.398186063
2019-08-14,5607.943359375,5626.7619612520975,5570.306155620806,5570.306155620806,5866700,5362.3603515625,171.5516298987363,5705.463611359973,5019.257091765027,0.8578849818527854,12.796725221851165,False,14.936105536549547,128.6130929292117,9662785.0,0.6071437996395449,11407071.398186063
2019-08-15,5702.0361328125,5702.0361328125,5513.850121828589,5570.305925123762,7643200,5382.119873046875,186.89403965154187,5755.907952349959,5008.331793743791,0.9279380181975025,13.889994579086853,False,15.174645425803085,132.8683013616902,9616085.0,0.7948349042255762,11407071.398186063
2019-08-16,5702.0361328125,5739.673335009282,5645.580329517326,5720.854733910891,5535400,5401.87939453125,199.01463816927938,5799.908670869809,5003.850118192691,0.8770535939496326,14.736696148437348,False,15.679893673582956,130.09863737099485,9639095.0,0.574265530114601,11407071.398186063
2019-08-19,5777.310546875,5777.310546875,5702.036142355456,5720.854743485342,8249500,5429.1663818359375,211.45879745846923,5852.083976752876,5006.248786918999,0.9115981094466387,15.5794670921072,False,16.425311764053376,126.18262142038807,9881825.0,0.834815431360098,11407071.398186063
2019-08-20,5852.5849609375,5852.5849609375,5777.310556295217,5777.310556295217,9977800,5455.51240234375,229.9050199302907,5915.322442204331,4995.702362483169,0.9317789132161469,16.856713208571993,False,17.62819039722655,122.54632089482465,9955705.0,1.0022193305245586,11407071.398186063
2019-08-21,5796.12890625,5890.221907974837,5720.85450487013,5871.40330762987,6443600,5483.740307617188,235.55125877443623,5954.84282516606,5012.637790068316,0.8315505510967739,17.18179531202407,False,18.055068279199723,125.89068390981629,10099405.0,0.6380177842160009,11407071.398186063
2019-08-22,5720.8544921875,5833.76609400699,5645.580090974507,5833.76609400699,7393700,5507.2635498046875,234.51038161497402,5976.2843130346355,5038.2427865747395,0.7276988132805697,17.03280618362931,False,17.619056821199038,130.34034956143537,10137640.0,0.7293314814887883,11407071.398186063
2019-08-23,5852.5849609375,5852.5849609375,5532.668741207797,5532.668741207797,7149600,5548.664501953125,217.26485886435236,5983.19421968183,5114.13478422442,0.8497119375090993,15.662497437924053,False,16.563816296928007,143.88148314488305,10022420.0,0.7133606454329393,11407071.398186063
2019-08-26,5814.94677734375,5852.583973313613,5645.579395479369,5664.3979934643,5711000,5579.715161132813,208.08218559682962,5995.879532326472,5163.550789939153,0.7826186388039856,14.917047167302652,False,15.58395009581919,148.39034616725792,10086035.0,0.56622845350031,11407071.398186063
2019-08-27,5833.765625,5833.765625,5645.579637096774,5777.309828629032,13192800,5611.706762695312,194.3830581122619,6000.472878919836,5222.940646470788,0.7855944140158067,13.855539238397373,False,14.674074337646719,151.23289200554137,10494080.0,1.2571659449899373,11407071.398186063
2019-08-28,5833.765625,5871.402822580645,5796.128427419355,5833.765625,7963000,5637.11181640625,188.13381975697763,6013.379455920205,5260.844176892295,0.7613217135119275,13.34966031430726,False,13.805807369998607,145.80728508809486,9933735.0,0.80161188113031,11407071.398186063
2019-08-29,5890.22265625,5909.041258985622,5796.129642571885,5796.129642571885,11700100,5659.694165039063,190.14421125603994,6039.982587551142,5279.405742526983,0.8030969095616034,13.438479586447935,False,13.36986899534725,143.45759446849792,9602005.0,1.2185059266267826,11407071.398186063
2019-08-30,5965.49609375,5965.49609375,5852.584495761042,5890.221695090694,9889400,5691.6857421875,184.7347197074849,6061.15518160247,5322.21630277253,0.8705453311592699,12.982777199957319,False,13.486615591029647,141.27573757710226,9582940.0,1.0319797473426735,11407071.398186063
2019-09-02,6021.9521484375,6040.770748901367,5871.403344726563,5984.314947509766,9369700,5727.441064453125,175.29172656909847,6078.024517591322,5376.857611314928,0.9200299263243905,12.242236949902926,False,14.214329142787815,143.28228519122385,9420975.0,0.9945573573860454,11407071.398186063
2019-09-03,6021.9521484375,6059.589349365235,6003.133547973633,6021.9521484375,7706100,5763.19638671875,156.95860297014733,6077.113592659044,5449.279180778455,0.9121401389001348,10.893857674665217,False,15.035788209193717,137.08039349125087,9273630.0,0.8309691027138241,11407071.398186063
2019-09-04,5965.49609375,6040.770492409306,5946.677494085174,6021.95189274448,9324600,5790.483349609375,140.70628935718202,6071.895928323739,5509.070770895011,0.8109540180118675,9.719830339667515,True,15.084755336500015,134.0098652650281,8878300.0,1.0502686325084758,11407071.398186063
2019-09-05,6040.77099609375,6040.77099609375,5833.766382520444,5946.6779899240655,7312800,5813.065698242188,142.91440496426054,6098.894508170709,5527.236888313667,0.8983246088952787,9.834012714322245,True,14.09265824091052,139.22377585847656,8209655.0,0.8907560670941714,11407071.398186063
2019-09-06,6003.13330078125,6040.770500159189,5946.677501714342,6040.770500159189,5362100,5831.88427734375,141.86720220198615,6115.618681747722,5548.149872939778,0.8017769801255423,9.730453860555837,True,13.171425223577417,136.0001843242574,8077890.0,0.6637995813263117,11407071.398186063
2019-09-09,6021.9521484375,6021.9521484375,5890.22194519043,6021.9521484375,4149100,5849.761938476562,142.17890794685823,6134.119754370278,5565.404122582846,0.8027703132051363,9.722030362410635,True,12.867504966373996,135.69518567588685,8060400.0,0.5147511289762294,11407071.398186063
2019-09-10,5984.31494140625,6021.952142295598,5946.677740516902,6021.952142295598,4575600,5870.46240234375,128.86559963897318,6128.193601621696,5612.731203065804,0.7208745766547991,8.780609826409865,True,12.585293298970821,131.37941583622336,7725790.0,0.5922501129334347,11407071.398186063
2019-09-11,5833.765625,5946.677217741935,5702.035433467741,5946.677217741935,11398100,5881.753515625,113.64791738650675,6109.049350398013,5654.457680851986,0.39443737349405855,7.728845969801271,True,14.157842245328219,142.15799384352945,8002360.0,1.4243423190158904,11407071.398186063
2019-09-12,5683.21728515625,5833.766087412045,5683.21728515625,5833.766087412045,6983000,5880.812573242188,115.28037288370741,6111.373319009603,5650.251827474773,0.07148974464788604,7.8411186514078315,True,15.724695331999829,142.7573373015484,7969350.0,0.8762320640955661,11407071.398186063
2019-09-13,5645.580078125,5702.03587890625,5607.942877604167,5645.580078125,6772500,5877.989770507813,120.46306922012741,6118.915908948067,5637.0636320675585,0.017674392061767585,8.197569163834737,True,17.58829737616908,139.2813133015866,8031205.0,0.8432732074452091,11407071.398186063
2019-09-16,5833.765625,5833.765625,5645.579637096774,5645.579637096774,5113900,5880.812524414063,118.62718692011437,6118.066898254292,5643.558150573834,0.4008513549138087,8.068761684045288,True,17.85641099781231,142.77450434456088,7874425.0,0.6494315457954073,11407071.398186063
2019-09-17,5852.5849609375,5890.222163258642,5777.310556295217,5796.129157455787,4795900,5880.812524414063,118.62718692011437,6118.066898254292,5643.558150573834,0.4405120271975012,8.068761684045288,True,17.563937360378617,140.6414402459083,7615330.0,0.6297691629909669,11407071.398186063
2019-09-18,5927.8583984375,5927.8583984375,5871.402604166667,5871.402604166667,2632100,5887.398999023438,117.32773400690071,6122.054467037239,5652.743531009636,0.5862102207899171,7.9714477667548795,True,16.943570689614138,135.97229719262916,7424755.0,0.35450327990620567,11407071.398186063
2019-09-19,5927.8583984375,5965.495594618055,5927.8583984375,5946.676996527777,6527100,5897.749194335937,110.81219426538202,6119.373582866701,5676.124805805173,0.5679284538609864,7.515558265638253,True,16.0238995169315,128.94836140605244,7381425.0,0.8842601530192341,11407071.398186063
2019-09-20,5796.12890625,5909.040508319805,5777.310305905032,5814.947506594967,13737300,5894.9263916015625,112.72580058356881,6120.3779927687,5669.474790434425,0.2808898121811976,7.649004794642934,False,16.265563271355692,130.49119934365356,7710810.0,1.7815638045808417,11407071.398186063
2019-09-23,5758.49169921875,5852.584700839971,5739.6730988945055,5796.128899867238,2778400,5892.1036376953125,115.50651474526951,6123.116667185852,5661.090608204773,0.21081298147723243,7.8414448792995,False,16.727553740794786,129.2355138152116,7564180.0,0.36731013804536644,11407071.398186063
2019-09-24,5720.8544921875,5739.673092490749,5683.217291581003,5720.8544921875,3600000,5886.458081054688,121.13038732566642,6128.718855706021,5644.197306403355,0.15821212884023858,8.231122053889724,False,17.501502941259393,125.38114908824981,7084540.0,0.5081487294870238,11407071.398186063
2019-09-25,5739.67333984375,5739.67333984375,5664.398935386783,5664.398935386783,3972700,5881.753466796875,125.04850455989285,6131.850475916661,5631.656457677089,0.21594996786811954,8.504164975006526,False,18.33371226350847,121.80209590030105,6885025.0,0.5770058932247886,11407071.398186063
2019-09-26,5814.94677734375,5833.765375328681,5720.853787419093,5720.853787419093,4446500,5877.989672851562,125.91006085153013,6129.809794554622,5626.169551148502,0.3748255399897096,8.568239677797724,False,18.131601903466702,121.16705961525012,6522345.0,0.6817333336399715,11407071.398186063
2019-09-27,5890.22265625,5890.22265625,5758.492437100639,5777.311039836261,5460800,5874.226000976562,124.27103077628439,6122.768062529131,5625.683939423993,0.5321809821112597,8.462121188774491,False,17.416565709448786,121.92157101054376,6300915.0,0.8666677776164255,11407071.398186063
2019-09-30,5796.12890625,5890.221907974837,5758.4917055600645,5890.221907974837,6606000,5862.934838867188,120.33917580591319,6103.6131904790145,5622.256487255361,0.36121324961346235,8.210166349327174,False,16.752609382982858,122.62224098764317,6162730.0,1.0719275386070783,11407071.398186063
2019-10-01,5739.67333984375,5796.129143186476,5739.67333984375,5739.67333984375,5195000,5848.8208984375,117.22036232955172,6083.261623096603,5614.380173778396,0.26721715317921124,8.016683318914207,False,16.29433329249924,117.89606687014907,6037175.0,0.860501807550717,11407071.398186063
2019-10-02,5777.310546875,5796.129148004886,5720.854743485342,5739.6733446152275,2689900,5839.41162109375,114.89161774323833,6069.194856580227,5609.628385607273,0.3648703111711455,7.870081795790147,False,16.030901874689715,114.85166241653444,5705440.0,0.4714623236770521,11407071.398186063
2019-10-03,5777.310546875,5814.947749134772,5739.6733446152275,5796.129148004886,5708400,5826.238598632813,105.29206693491821,6036.822732502649,5615.654464762976,0.38382778213468005,7.228819428001189,False,15.572852503118009,112.02471542389227,5625220.0,1.0147869772204465,11407071.398186063
2019-10-04,5909.04052734375,5909.04052734375,5814.947525315983,5833.766125721536,3454800,5821.533959960938,98.87890496075676,6019.291769882451,5623.7761500394245,0.7212468054170451,6.7940103512800025,False,14.7523858659279,113.43223435566783,5529855.0,0.6247541752903105,11407071.398186063
2019-10-07,5796.12890625,5946.67770900974,5739.673105215097,5909.040508319805,3308900,5810.2427978515625,86.96396069175887,5984.1707192350805,5636.3148764680445,0.4594260326654488,5.986941593829119,False,14.129694761982314,120.11597502988036,5487845.0,0.6029507028715279,11407071.398186063
2019-10-08,5852.5849609375,5946.677966740353,5796.129157455787,5833.766359776929,5185000,5803.656298828125,77.56694458409112,5958.790187996307,5648.522409659942,0.657698174047358,5.3460743083461795,True,13.55147887850541,122.28976684848558,5518315.0,0.9395984100218998,11407071.398186063
2019-10-09,5871.4033203125,5946.677721854968,5852.584719926883,5852.584719926883,4204200,5805.53818359375,78.78292780003844,5963.104039193827,5647.9723279936725,0.7090082793252008,5.4281222728102225,True,13.01456412956257,120.27571221131412,5158620.0,0.8149854030729149,11407071.398186063
2019-10-10,5758.49169921875,5890.2219014884595,5739.6730988945055,5871.403301164216,10380200,5809.301904296875,74.30233479686444,5957.906573890605,5660.697234703146,0.32904236718457264,5.116093879845124,True,13.550275238691205,122.4380758100741,5328480.0,1.9480602348136804,11407071.398186063
2019-10-11,5758.49169921875,5796.128899867238,5702.035898246017,5720.854498570261,4374300,5814.947485351562,64.90287927891129,5944.753243909385,5685.1417267937395,0.28253743608892506,4.464554800703407,True,14.345323703519153,120.41342765372748,5208570.0,0.8398274382412063,11407071.398186063
2019-10-14,5796.12890625,5833.766106939935,5702.035904525162,5796.12890625,4499900,5813.065649414062,64.87416217685418,5942.81397376777,5683.317325060354,0.4347323241035055,4.464024051295079,True,14.607716927554309,121.22176870808788,5177870.0,0.8690639201061441,11407071.398186063
2019-10-15,5720.8544921875,5833.76609400699,5720.8544921875,5814.947493703742,7251800,5806.4791259765625,67.29274503741873,5941.0646160514,5671.893635901725,0.18189500316322996,4.635700470281188,True,14.851367778444098,120.62818535890231,5300665.0,1.3680924940549912,11407071.398186063
2019-10-16,5702.0361328125,5814.947739402846,5607.943127320545,5645.580329517326,8010700,5795.188012695313,64.75198977396893,5924.691992243251,5665.684033147375,0.14035128415366083,4.469362487092329,True,15.995602384133406,126.79793012485942,5569595.0,1.4382912940707537,11407071.398186063
2019-10-17,5758.49169921875,5777.3102995429945,5702.035898246017,5720.854498570261,6389800,5786.719677734375,57.11231669339899,5900.944311121173,5672.495044347577,0.3764365545388226,3.9478198270533573,True,17.05810594655919,123.11767806572503,5562730.0,1.148680593881062,11407071.398186063
2019-10-18,5683.21728515625,5758.491686284147,5570.305683464404,5720.854485720199,7120500,5781.0740966796875,61.54214543191353,5904.158387543514,5657.989805815861,0.1024805000026348,4.258180705018791,True,18.908806390982015,127.76541647205511,5231890.0,1.3609804487479669,11407071.398186063
2019-10-21,5626.76171875,5758.491926212375,5626.76171875,5683.2175219481605,4544700,5774.48759765625,70.48552801906875,5915.458653694387,5633.516541618113,-0.02395819063129232,4.88254771195126,False,20.627310441295144,128.0486158285065,5320205.0,0.8542340003815643,11407071.398186063
2019-10-22,5551.4873046875,5626.761708818856,5476.212900556144,5607.943107786017,11591900,5766.01923828125,85.78257153201434,5937.584381345279,5594.454095217221,-0.1252200469231841,5.950904288525049,False,22.99004744810389,129.65577314031722,5719800.0,2.0266268051330467,11407071.398186063
2019-10-23,5683.21728515625,5683.21728515625,5551.487083182429,5570.305683464404,9843300,5763.196435546875,87.60468467573098,5938.405804898337,5587.987066195414,0.2717612057886271,6.080284484866283,False,24.408227583253677,129.80394662842463,6013330.0,1.6369133242313327,11407071.398186063
2019-10-24,5758.49169921875,5758.49169921875,5702.035898246017,5720.854498570261,8181100,5760.373681640625,86.7548611230368,5933.883403886699,5586.863959394552,0.49457672343222847,6.024252308459817,False,24.785226941586565,125.90898001657287,6200060.0,1.3195194885210788,11407071.398186063
2019-10-25,5683.21728515625,5796.128886848096,5645.580084592301,5777.310286566121,9747800,5750.023413085937,82.70158935955713,5915.426591805051,5584.620234366823,0.29805065281382376,5.753130616570665,False,25.483097607325014,127.66896731937445,6414410.0,1.5196721132574937,11407071.398186063
2019-10-28,5796.12890625,5796.12890625,5683.217304180194,5720.85450487013,4391100,5750.023413085937,82.70158935955713,5915.426591805051,5584.620234366823,0.6393730565552149,5.753130616570665,False,26.131120122041747,126.61487116040126,6303665.0,0.6965947587633543,11407071.398186063
2019-10-29,5645.580078125,5777.3102799479175,5645.580078125,5720.854479166667,7541900,5745.31875,85.9345264464515,5917.187802892903,5573.449697107098,0.20984109647374743,5.98292489491215,False,26.970423922060995,128.32443951501546,6421010.0,1.1745659950693115,11407071.398186063
2019-10-30,5720.8544921875,5720.8544921875,5664.3986912777555,5720.8544921875,4998800,5742.495947265625,85.75539707226777,5914.00674141016,5570.985153121089,0.43690934968242606,5.9733884262017884,False,27.749777450650296,124.53515198269292,6536455.0,0.764757043382078,11407071.398186063
2019-10-31,5796.12890625,5871.40330762987,5664.398703835227,5720.85450487013,9579200,5743.436865234375,86.25924994621974,5915.955365126814,5570.918365341935,0.6527141757216686,6.007500524179597,False,26.5945119182736,130.42582711211793,6729995.0,1.4233591555417202,11407071.398186063
2019-11-01,5833.765625,5852.5842237903225,5664.398235887096,5796.128427419355,3249100,5739.673120117188,80.07361817169516,5899.820356460578,5579.525883773797,0.7937687437860538,5.580360866965911,False,25.521769386017755,134.55155288291138,6719710.0,0.4835178899089395,11407071.398186063
2019-11-04,5871.4033203125,5909.040521083734,5796.128918770032,5871.4033203125,7750100,5743.436840820313,84.51290159995236,5912.462644020217,5574.411037620408,0.8785412554461965,5.88587662350835,False,23.91503670821244,133.00584212796787,6941770.0,1.1164443650538696,11407071.398186063
2019-11-05,6021.9521484375,6021.9521484375,5796.128942871094,5871.403344726563,11215700,5751.905200195312,102.57972058789355,5957.064641371099,5546.745759019525,1.1581392177092233,7.1336169159679645,False,23.032951118000227,139.635653802142,7243305.0,1.5484229919905348,11407071.398186063
2019-11-06,5927.8583984375,5946.676996527777,5833.765407986111,5871.402604166667,8828500,5754.727954101562,106.73374421026979,5968.195442522102,5541.260465681023,0.9055194671960154,7.41885594325602,False,22.2138716413746,143.10358856280249,7474520.0,1.1811460802834162,11407071.398186063
2019-11-07,5833.765625,5927.858618951613,5720.854032258064,5909.04002016129,8626700,5758.491650390625,108.190677280618,5974.873004951861,5542.1102958293895,0.6739382183876486,7.515209457551528,False,20.925427867495273,147.66794557214152,7386845.0,1.167846353889922,11407071.398186063
2019-11-08,5833.765625,5852.5842237903225,5720.854032258064,5739.672631048387,3504300,5762.255346679687,109.49215146510704,5981.239649609901,5543.271043749473,0.6632771786914377,7.600645572098652,False,19.729015791750186,146.52953456929274,7343345.0,0.4772075940868909,11407071.398186063
2019-11-11,5965.49609375,5965.49609375,5833.765896096214,5833.765896096214,5005400,5770.723706054688,118.43435099984833,6007.592408054385,5533.855004054991,0.9111399818781494,8.209323962302074,False,19.067959267480315,145.47245843934328,7368620.0,0.6792859449937709,11407071.398186063
2019-11-12,5890.22265625,5984.315669928114,5833.766848043131,5965.497067192492,6407100,5779.192114257812,120.71410249766151,6020.620319253135,5537.7639092624895,0.7299452584554877,8.355084939976177,False,18.611561588215316,145.83505582831756,7326385.0,0.8745240660980825,11407071.398186063
2019-11-13,5852.5849609375,5890.222163258642,5833.766359776929,5871.40356209807,4591100,5786.719555664063,120.3429776848278,6027.4055110337185,5546.033600294407,0.6368285182495971,8.31856298043929,False,18.187758206620124,139.45085873151427,7155405.0,0.6416268541053931,11407071.398186063
2019-11-14,5796.12890625,5871.40330762987,5739.673105215097,5871.40330762987,5521600,5788.601416015625,120.17248772499424,6028.9463914656135,5548.256440565636,0.5156597620155818,8.304077554381752,False,16.988511956277367,138.8993832803185,7111995.0,0.7763784985788095,11407071.398186063
2019-11-15,5927.8583984375,5946.676996527777,5814.946809895833,5833.765407986111,5739900,5800.833471679687,121.32629725686151,6043.48606619341,5558.180877165964,0.761742362599443,8.366128615771498,False,16.37894618917781,139.73143378013697,7042965.0,0.8149834622208119,11407071.398186063
2019-11-18,6003.13330078125,6021.95190047022,5909.040302336403,5927.858902025373,5867400,5819.65205078125,122.09202849395638,6063.8361077691625,5575.467993793338,0.8757027634467606,8.391706406403873,False,16.432376607262828,137.8157312339712,7109100.0,0.8253365404903574,11407071.398186063
2019-11-19,5984.31494140625,6003.133541850923,5871.403338738207,5984.31494140625,3962900,5841.293432617187,109.79822483458202,6060.889882286351,5621.696982948023,0.8256462228886984,7.518761116945773,False,16.075946587709755,137.38105065388157,6727650.0,0.589046695354247,11407071.398186063
2019-11-20,6021.9521484375,6021.9521484375,5871.403344726563,5909.040545654297,3206700,5858.23017578125,110.25563386615406,6078.741443513558,5637.7189080489425,0.8712326683800169,7.528255500916724,False,15.906075953879236,138.32160444367125,6395820.0,0.5013743351126204,11407071.398186063
2019-11-21,5984.31494140625,6021.952142295598,5927.859140072229,6021.952142295598,9687500,5869.521337890625,111.06413243693599,6091.649602764496,5647.393073016753,0.7583948593413072,7.5688715343762425,False,15.748338936750898,135.1624190094998,6471140.0,1.4970314349558191,11407071.398186063
2019-11-22,5965.49609375,6003.133293079653,5927.8588944203475,5965.49609375,7584100,5883.635278320313,103.84387982710277,6091.323037974518,5675.9475186661075,0.6970766490186596,7.0598448010359,False,15.601865718126046,130.88470327020025,6362955.0,1.1919147628735391,11407071.398186063
2019-11-25,5984.31494140625,5984.31494140625,5909.040539627555,5965.496340961576,7782900,5893.044580078125,104.0232277674874,6101.0910356131,5684.998124543151,0.7193509163456555,7.060746027216252,False,15.215491741089973,126.91253887794991,6532545.0,1.1914039627740796,11407071.398186063
2019-11-26,5984.31494140625,6021.952142295598,5871.403338738207,6021.952142295598,18468700,5909.9813232421875,87.944462181092,6085.870247604372,5734.092398880003,0.7113084107871321,5.952266673685273,False,14.856715905270764,128.60084349790998,7078885.0,2.6089843245087327,11407071.398186063
2019-11-27,5984.31494140625,6003.133541850923,5946.677740516902,5984.31494140625,3531100,5923.154345703125,77.19977443638635,6077.553894575897,5768.7547968303525,0.6980595026010162,5.213423114147937,True,14.523566914867212,123.44762620048935,7005500.0,0.504046820355435,11407071.398186063
2019-11-28,5965.49609375,6021.95189274448,5927.8588944203475,5984.314693414827,4600700,5931.622705078125,71.62012266368684,6074.862950405499,5788.382459750752,0.6182397747031831,4.829715322410644,True,13.9223854636484,121.35086706646383,6756575.0,0.6809219167995619,11407071.398186063
2019-11-29,5984.31494140625,5984.31494140625,5814.947537404186,5871.403338738207,5127000,5939.150170898438,68.64347488872822,6076.437120675894,5801.8632211209815,0.6644903997831721,4.623117645691334,True,13.956511812158556,124.780619704721,6850470.0,0.7484158021274453,11407071.398186063
2019-12-02,6021.9521484375,6021.9521484375,5927.859146118164,6021.9521484375,7471500,5946.6776123046875,69.07657478204239,6084.830761868772,5808.524462740603,0.7724314877016072,4.646397823154979,True,13.4580572346412,122.58864703433636,6836540.0,1.0928773911949612,11407071.398186063
2019-12-03,5984.31494140625,6021.952142295598,5965.496340961576,6021.952142295598,7427300,5944.795751953125,67.41051584098143,6079.616783635088,5809.9747202711615,0.6465616638594984,4.535766653973556,True,12.99520655551794,117.86487278016408,6647120.0,1.1173711321594917,11407071.398186063
2019-12-04,5909.04052734375,5984.314928965963,5909.04052734375,5927.859127749303,4190600,5943.8548583984375,67.78962496387973,6079.434108326197,5808.275608470678,0.3716089258745805,4.561997328591941,True,13.239277505784553,114.82269715747378,6415225.0,0.6532272835325339,11407071.398186063
2019-12-05,5927.8583984375,5984.314192708333,5909.039800347222,5909.039800347222,5737000,5948.559497070312,62.83093720138877,6074.22137147309,5822.897622667535,0.4176317449855149,4.224951417722771,True,13.465923213973293,111.99781824344791,6270740.0,0.9148840487725531,11407071.398186063
2019-12-06,6021.9521484375,6040.770748901367,5927.859146118164,5927.859146118164,8394200,5957.968823242188,58.68961467895687,6075.348052600101,5840.589593884274,0.772549605008114,3.940243154680979,True,12.801267621857214,112.06314197347788,6515235.0,1.2883955835821732,11407071.398186063
2019-12-09,6040.77099609375,6059.5895973276865,5946.6779899240655,6021.9523948598135,8359900,5961.732568359375,61.54209985368672,6084.816768066748,5838.648368652002,0.8210746298967895,4.129141933021827,True,11.91323845399707,112.12374664705953,6682960.0,1.2509277326214732,11407071.398186063
2019-12-10,5984.31494140625,6059.5893431849445,5984.31494140625,6021.952142295598,6171400,5966.437182617187,59.34502114967906,6085.127224916546,5847.747140317829,0.5753127998049391,3.9785901926581575,True,11.08863994098408,109.49165058503345,6671175.0,0.9250844116666105,11407071.398186063
2019-12-11,5909.04052734375,6021.95212977707,5909.04052734375,6021.95212977707,4544100,5969.2599609375,54.8142726688687,6078.888506275238,5859.6314155997625,0.2253478397974296,3.6731034015988815,True,11.351129215340872,109.73593285991106,6668825.0,0.6813943985634651,11407071.398186063
2019-12-12,5739.67333984375,5927.8593509861685,5739.67333984375,5909.040749871926,11772400,5966.437182617187,64.7520689428662,6095.94132050292,5836.933044731455,-0.3755080975618016,4.341087785623012,False,13.173603023048804,115.33950988009016,6981365.0,1.6862604949032174,11380888.127645997
2019-12-13,5833.765625,5852.5842237903225,5758.49122983871,5852.5842237903225,5810400,5961.7325439453125,70.83506614753365,6103.40267624038,5820.062411650245,0.048363099291861666,4.752649712169547,False,14.865900130206168,115.16603659912462,6984890.0,0.8318527564499942,11559663.469442872
2019-12-16,5927.8583984375,5927.8583984375,5833.765407986111,5833.765407986111,4859200,5957.968798828125,70.51862197042199,6099.006042768969,5816.931554887281,0.3932537266423959,4.734406933067004,False,15.284710390144326,113.6608190171435,6934480.0,0.7007302638409801,11738439.738974122
2019-12-17,5984.31494140625,5984.31494140625,5909.040539627555,5946.677740516902,6208100,5957.968798828125,70.51862197042199,6099.006042768969,5816.931554887281,0.5934013663411337,4.734406933067004,False,14.923801886376797,110.91893207154007,7046740.0,0.880988939566381,11807064.982880926
2019-12-18,5984.31494140625,6003.133541850923,5946.677740516902,6003.133541850923,8303900,5956.086938476563,69.21137230914816,6094.50968309486,5817.664193858266,0.6019630227948679,4.6481102793876365,False,14.350356910367216,107.02870844743157,7301600.0,1.1372712830064644,11807064.982880926
2019-12-19,5965.49609375,5984.314693414827,5871.403095425868,5984.314693414827,4551700,5955.14599609375,68.9347791236115,6093.015554340973,5817.276437846527,0.5375358338266761,4.630266271814585,False,14.584943940488369,107.44893255692804,7044810.0,0.6461068502912073,11807064.982880926
2019-12-20,5965.49609375,5965.49609375,5871.403095425868,5909.04029475552,10539600,5955.14599609375,68.9347791236115,6093.015554340973,5817.276437846527,0.5375358338266761,4.630266271814585,False,14.802774754172297,106.49493725458548,7192585.0,1.4653424325190456,11807064.982880926
2019-12-23,5984.31494140625,6059.5893431849445,5946.677740516902,6021.952142295598,5099500,5955.14599609375,68.9347791236115,6093.015554340973,5817.276437846527,0.6057845752294182,4.630266271814585,False,13.801315906724591,106.95327049840382,7058415.0,0.7224709796746154,11807064.982880926
2019-12-26,5871.4033203125,5984.314922626202,5871.4033203125,5909.040521083734,5716000,5949.500415039062,71.01246308369954,6091.525341206461,5807.475488871663,0.22505849207584697,4.774347970743571,False,13.649988205386276,107.37886696949998,6420780.0,0.8902345197935453,11807064.982880926
2019-12-27,5965.49609375,5965.49609375,5871.403095425868,5890.221695090694,6021500,5948.55947265625,70.65063466432215,6089.860741984895,5807.258203327606,0.5599308880034111,4.750772686334037,False,13.509471855398022,106.4298763519737,6545300.0,0.9199731104762195,11807064.982880926
2019-12-30,5965.49609375,5984.314693414827,5946.677494085174,5946.677494085174,5321600,5948.55947265625,70.65063466432215,6089.860741984895,5807.258203327606,0.5599308880034111,4.750772686334037,False,13.13272800169291,101.51611370752227,6581345.0,0.8085885180004999,11807064.982880926
2020-01-02,6003.13330078125,6021.95190047022,5890.221702647434,5965.4961014033115,5257300,5949.500390625,71.27444143264121,6092.049273490283,5806.951507759718,0.6881211170449371,4.791961459147244,False,13.377337042567097,103.67426257289826,6587860.0,0.7980284948374737,11807064.982880926
2020-01-03,6040.77099609375,6040.77099609375,5984.3151923919395,6003.133793625876,7682700,5950.441333007812,72.39665330674379,6095.2346396213,5805.648026394325,0.8119262388525477,4.866640926625108,False,13.341971407833002,100.3015155106777,6598420.0,1.1643241866992402,11807064.982880926
2020-01-06,6021.9521484375,6040.770748901367,5927.859146118164,5946.677746582031,5142700,5952.323193359375,73.79908008275329,6099.921353524882,5804.7250331938685,0.7358733841941105,4.959346304655381,False,13.884399200484207,101.20225368674258,6484190.0,0.7931137119671077,11807064.982880926
2020-01-07,6172.5009765625,6172.5009765625,6003.133571717797,6021.952172256098,7510200,5965.4962158203125,87.84378383898084,6141.183783498274,5789.808648142351,1.0891275161872311,5.890124184876484,False,13.025631432308463,106.07119305516832,6650170.0,1.1293245135086771,11807064.982880926
2020-01-08,6191.3193359375,6191.3193359375,6097.226336911094,6134.863536521657,7760200,5978.669262695313,100.71402187082364,6180.09730643696,5777.241218953665,1.0278561745725272,6.73822333670417,False,12.425769097858549,105.21560776739956,6751330.0,1.1494327784303242,11807064.982880926
2020-01-09,6210.13818359375,6210.13818359375,6153.682381924716,6210.13818359375,5890300,5988.078564453125,113.01064779336852,6214.0998600398625,5762.057268866388,0.9912360549128164,7.549042423339655,False,12.069434030151628,101.73276447465919,6626135.0,0.8889495912775698,11807064.982880926
2020-01-10,6210.13818359375,6210.13818359375,6172.50098248106,6210.13818359375,6471300,5996.546923828125,123.06533217199166,6242.677588172108,5750.416259484142,0.9338981092317657,8.20907990783656,False,11.738551467280915,97.15450994880422,6531705.0,0.9907520318201756,11807064.982880926
2020-01-13,6134.86376953125,6191.319571091353,6097.226568491181,6153.682370051284,5178800,6004.074365234375,126.82460424544266,6257.72357372526,5750.42515674349,0.7578155182801893,8.449236070745556,False,11.291497657351306,98.28001745978743,6482075.0,0.7989416969103258,11807064.982880926
2020-01-14,6116.044921875,6153.68212139423,6078.407722355769,6116.044921875,6547800,6014.424584960938,127.10719861197008,6268.638982184878,5760.210187736998,0.6998713251959207,8.453490226134114,False,11.088063715099937,96.6367590011213,6582260.0,0.9947647160701644,11807064.982880926
2020-01-15,6059.58935546875,6247.7753602969715,6021.952154503105,6153.682357882861,13124400,6030.420385742187,109.64124651012283,6249.702878762433,5811.137892721941,0.5665100285134704,7.272544167524335,False,10.811809439895047,105.86436234346026,6649860.0,1.9736355351841994,11807064.982880926
2020-01-16,6153.6826171875,6153.6826171875,6040.771009532683,6059.589610808486,7232700,6046.416235351562,102.5480617675559,6251.512358886674,5841.320111816451,0.7615027041639194,6.7840557299372355,False,10.555287612919077,106.36773700855719,6720975.0,1.0761385066898776,11807064.982880926
2020-01-17,6210.13818359375,6210.13818359375,6134.863781368372,6153.682381924716,7379500,6060.530224609375,104.77314246565604,6270.076509540687,5850.9839396780635,0.8569807000716229,6.915113931135217,False,10.922352405317621,104.1467845240444,6846990.0,1.0777728607753188,11807064.982880926
2020-01-20,6210.13818359375,6228.956784150095,6191.319583037405,6210.13818359375,11314800,6071.82138671875,108.23823174698694,6288.2978502127235,5855.344923224776,0.8194730610490844,7.13052804772833,False,11.454361808626885,99.39609999466192,7102325.0,1.593112114694836,11807064.982880926
2020-01-21,6210.13818359375,6228.956784150095,6134.863781368372,6172.50098248106,12007100,6083.112548828125,110.38667275429144,6303.885894336708,5862.339203319542,0.7876833579547464,7.258565207744293,False,11.161878465280042,99.01730733659487,7287485.0,1.6476328939270544,11807064.982880926
2020-01-22,6059.58935546875,6228.956759814149,6059.58935546875,6116.045156917216,8109000,6087.817211914063,107.06519556821203,6301.947603050487,5873.686820777639,0.4340872253221437,7.034718148809184,False,10.74249846717863,104.04231426579518,7465350.0,1.0862183286784945,11807064.982880926
2020-01-23,6134.86376953125,6153.682370051284,6097.226568491181,6116.045169011216,4747900,6096.285595703125,103.52035601853264,6303.326307740191,5889.24488366606,0.5931656712550775,6.792356059663447,False,10.353074183227317,103.33165000270512,7175765.0,0.6616576769166772,11807064.982880926
2020-01-24,6172.5009765625,6210.1381776391,6078.407973870998,6078.407973870998,2377300,6105.694897460938,101.33671744767952,6308.368332356296,5903.021462565579,0.6648121253188772,6.638832706155716,False,9.934824220211992,105.3601181288049,7039655.0,0.337701208368876,11807064.982880926
2020-01-27,6116.044921875,6210.137920673077,6097.226322115384,6153.68212139423,4163600,6117.926977539062,85.01875334309237,6287.964484225246,5947.889470852878,0.4944657631697235,5.558664145892829,False,9.546449254554904,105.89950958801118,6962035.0,0.5980435318121785,11807064.982880926
2020-01-28,6116.044921875,6153.68212139423,5965.496123798077,6097.226322115384,5373100,6125.454418945313,77.10918448216043,6279.672787909633,5971.236049980992,0.469492943241769,5.035328268457646,False,10.043611308959028,111.77711587430706,6929615.0,0.7753821821270013,11807064.982880926
2020-01-29,5965.49609375,6116.044891068612,5946.677494085174,6078.407691738959,3673100,6125.454418945313,77.10918448216043,6279.672787909633,5971.236049980992,-0.018609833152625176,5.035328268457646,False,10.68415185515071,115.89070958255843,6847190.0,0.5364390355751776,11807064.982880926
2020-01-30,5946.677734375,6040.770736501187,5946.677734375,6003.1335356507125,4874900,6122.631640625,82.65654549389676,6287.9447316127935,5957.318549637206,-0.03218382524524889,5.400066529918448,False,11.278939505185843,114.33373047853188,6828070.0,0.7139499155691139,11807064.982880926
2020-01-31,5890.22265625,5984.315669928114,5871.404053514377,5984.315669928114,10189200,6115.104223632812,96.24243415523546,6307.589091943283,5922.619355322341,-0.0841538853331744,6.295391256508173,False,12.53788991957124,114.23215090247514,6953395.0,1.46535613178886,11780194.93571653
2020-02-03,5777.310546875,5833.766350264657,5720.854743485342,5814.947749134772,6488600,6102.872143554688,121.05333748176119,6344.97881851821,5860.765468591166,-0.172351550672322,7.934188010778288,False,14.764713785135218,118.1704196069168,7020690.0,0.9242111530348157,11565661.92790403
2020-02-04,5833.765625,5871.402822580645,5796.128427419355,5796.128427419355,5253300,6085.935375976563,133.82183006101033,6353.579036098583,5818.291715854542,0.028907669881668298,8.79548150243293,False,16.28738038103129,116.4505521853974,6907845.0,0.7604831897646805,11672926.57634153
2020-02-05,5833.765625,5852.5842237903225,5814.9470262096775,5833.765625,5380800,6068.057690429688,142.59787650610545,6353.2534434418985,5782.861937417477,0.0892434179767461,9.399902491435137,False,17.701285077220504,110.82102685648651,6788875.0,0.7925908195393199,11672926.57634153
2020-02-06,5796.12890625,5909.040508319805,5796.12890625,5871.40330762987,4353700,6047.3572265625,150.70660697603105,6348.770440514562,5745.944012610437,0.08324932570398891,9.968427617542774,False,18.192186027251257,110.97035365743781,6712045.0,0.6486398705610585,11601416.81071653
2020-02-07,5909.04052734375,5927.859127749303,5777.310324504876,5777.310324504876,4827500,6032.30234375,148.6143057715317,6329.530955293063,5735.073732206936,0.2926481307328802,9.854566121043936,False,18.38585692541887,113.79738577079421,6629855.0,0.7281456381776072,11815948.890794655
2020-02-10,5833.765625,5909.04002016129,5814.9470262096775,5909.04002016129,3995300,6017.2474365234375,152.867848624893,6322.983133773224,5711.511739273651,0.1999339410249948,10.161978561627182,False,18.565694188003082,112.3899654395998,6570680.0,0.6080496995744733,11672926.57634153
2020-02-11,5777.310546875,5890.222153654316,5758.491945745113,5890.222153654316,7945200,6000.310717773437,159.9464915103448,6320.203700794127,5680.4177347527475,0.15144566662155534,10.662547260199018,False,19.25798688596576,113.7714113302857,6640550.0,1.1964671600996906,11565661.92790403
2020-02-12,5269.20849609375,5720.854938616071,5212.75269077846,5720.854938616071,25892100,5960.791674804687,227.78523233145012,6416.362139467587,5505.221210141787,-0.25902986733641203,15.285569082661404,False,22.42130380033681,145.97044309930382,7278935.0,3.5571275193417717,11454572.445348326
2020-02-13,5269.20849609375,5363.3015049525675,5175.115487234933,5269.20849609375,11580200,5916.56796875,270.2632034046128,6457.094375559225,5376.041561940774,-0.09882316987773912,18.27161995481726,False,25.450440676177127,148.9858412863274,7496310.0,1.5447867017239147,11454572.445348326
2020-02-14,5382.1201171875,5419.757320804196,5288.02710814576,5288.02710814576,4838500,5875.167065429688,285.8939923392252,6446.955050108138,5303.379080751238,0.06885509887073174,19.464569375156362,False,27.629040152644592,149.09748295947873,7369260.0,0.6565788152406076,11454572.445348326
2020-02-17,5382.1201171875,5419.757320804196,5344.482913570804,5344.482913570804,3342000,5833.766162109375,294.65243302912364,6423.071028167622,5244.461296051128,0.11679762807419793,20.203239200289307,False,29.652025380792953,143.8244061219011,6970620.0,0.4794408531809222,11454572.445348326
2020-02-18,5344.482421875,5400.938222106074,5344.482421875,5344.482421875,5887700,5790.483374023437,299.9873466209894,6390.458067265416,5190.508680781459,0.12831686305095663,20.722784420157804,False,31.53051337592654,137.58379141541346,6664650.0,0.8834222352261559,11454572.445348326
2020-02-19,5306.845703125,5400.938712045656,5269.2084995567375,5382.120110261525,5247600,5752.84619140625,311.4492415920136,6375.744674590277,5129.947708222223,0.14199584657723024,21.65531503743413,False,33.53381917022068,137.16567863494953,6521580.0,0.8046516334998574,11454572.445348326
2020-02-20,5495.0322265625,5551.488037109375,5306.84619140625,5344.4833984375,10616800,5720.8546142578125,302.8872781450004,6326.629170547813,5115.080057967812,0.3136085567225399,21.17776441234,False,33.677478080330125,144.84258258847993,6815025.0,1.5578519521204985,11454572.445348326
2020-02-21,5419.7568359375,5513.849836561415,5363.301035563151,5495.031236436632,6993800,5683.2174072265625,290.3190269200024,6263.855461066567,5102.579353386558,0.273128397676757,20.433427484286884,False,33.810875639717466,145.2501696177502,7045850.0,0.992612672708048,11454572.445348326
2020-02-24,5419.7568359375,5438.575436062283,5269.208034939236,5269.208034939236,6967200,5648.403002929687,277.13274139414625,6202.66848571798,5094.137520141395,0.29373948577678155,19.625564340958274,False,34.38784851791657,146.9728290109857,7186030.0,0.9695478588316497,11454572.445348326
2020-02-25,5438.57568359375,5495.0314865376295,5344.482678687284,5419.7570826124565,6131700,5614.529541015625,257.68594531492136,6129.901431645468,5099.157650385782,0.32929428183710263,18.358506687511913,False,34.31763921260776,147.22825607093998,7223960.0,0.8488003809544903,11454572.445348326
2020-02-26,5288.02685546875,5476.212864560164,5269.208254559609,5419.75706183274,9428000,5580.656079101563,253.61773306071402,6087.89154522299,5073.420612980135,0.21154498928239387,18.178345303195538,False,34.62853913997412,151.49799563734112,7511705.0,1.2551078616638967,11454572.445348326
2020-02-27,5193.93359375,5400.938193500906,5118.659193840579,5306.84519361413,5442100,5543.018872070313,252.29143313358674,6047.6017383374865,5038.436005803139,0.15408528345126768,18.206067051643018,False,35.55468229767476,160.83949592469725,7540065.0,0.7217577036802734,11454572.445348326
2020-02-28,4892.83642578125,5043.3852388822115,4798.7434175931485,5043.3852388822115,13279200,5493.149560546875,277.37644556172677,6047.902451670328,4938.396669423422,-0.04106354772654392,20.197989696396476,False,37.34978398777511,177.578830226994,7694565.0,1.7257895670515486,11454572.445348326
2020-03-02,5024.56591796875,5250.389105293188,4892.835725362827,4968.11012113764,14024800,5455.5123291015625,287.6683121619642,6030.848953425491,4880.175704777634,0.12548324501398425,21.091937461304493,False,37.31491313544701,190.4341552058059,8071375.0,1.7375973734338945,11454572.445348326
2020-03-03,5363.30078125,5476.212376644737,5043.384594298245,5043.384594298245,8924900,5431.989086914063,274.0215755872511,5980.032238088565,4883.945935739561,0.4373331228418256,20.178359801744286,False,35.832305346860146,209.09217688224737,8254955.0,1.0811567113327691,11454572.445348326
2020-03-04,5400.93896484375,5457.394772838632,5306.845951518946,5344.483156848867,8989200,5410.34775390625,257.19554627970854,5924.738846465667,4895.956661346832,0.49085444013456275,19.01508427764293,False,34.45559811460092,204.9105086277787,8435375.0,1.065655053865418,11454572.445348326
2020-03-05,5419.7568359375,5495.031236436632,5363.301035563151,5457.394036187066,4037100,5391.529150390625,240.7247902362751,5872.978730863175,4910.079569918074,0.5293153080735572,17.859481681098526,False,32.94515133484333,199.68334378818597,8419545.0,0.4794914689570517,11454572.445348326
2020-03-06,5231.57080078125,5382.119600803732,5231.57080078125,5382.119600803732,5741200,5357.6556640625,209.74175284772468,5777.139169757949,4938.172158367051,0.34971415851951304,15.659218583576198,False,32.13134285862877,198.8621074573334,8465230.0,0.678209570206598,11454572.445348326
2020-03-09,4798.7431640625,5118.659375,4779.9245634191175,5005.747771139706,10550500,5305.904541015625,213.73610978385457,5733.3767605833345,4878.4323214479155,-0.09320974994118077,16.11307614991073,False,32.831669796177835,216.9181167362476,8792990.0,1.1998762650702435,11454572.445348326
2020-03-10,5081.02197265625,5193.933572048611,4798.742974175347,4798.742974175347,10166500,5271.090112304688,188.07711550366938,5647.244343312027,4894.935881297349,0.2473534470961069,14.27235061412648,False,33.030212494622575,229.65186538889162,8904055.0,1.1417831538551817,11454572.445348326
2020-03-11,5118.6591796875,5118.6591796875,4911.654580508962,5081.021979836856,5828200,5263.562646484375,191.14412033757668,5645.850887159529,4881.274405809222,0.3104787809573169,14.525836067724592,False,33.21457357174983,228.03420351672352,7900860.0,0.7376665325040566,11454572.445348326
2020-03-12,5005.74755859375,5081.021957971099,4911.654559372063,5043.384758282425,7287800,5250.389599609375,199.6248561545429,5649.639311918461,4851.139887300289,0.19362277107136489,15.208384244048862,False,33.385766067251545,226.53209043091735,7686240.0,0.9481619101146985,11454572.445348326
2020-03-13,5193.93359375,5457.393993432971,4667.012794384058,4930.473194067029,21040100,5240.9802734375,197.51285416607269,5636.005981769646,4845.954565105354,0.44045111660436287,15.074497049119891,False,31.436034153220866,266.8070267607742,8496320.0,2.476378008361267,11454572.445348326
2020-03-16,4836.3798828125,5269.20765442607,4836.3798828125,5193.9332593628405,13687800,5213.69326171875,213.9976173115127,5641.688496341776,4785.698027095725,0.05920843460023035,16.418121018570716,False,29.625568804478092,278.6656513931168,9013610.0,1.5185702509871184,11454572.445348326
2020-03-17,4610.55712890625,4892.83613679847,4516.46412627551,4836.380335220026,11764900,5176.996997070312,250.2461627648152,5677.489322599943,4676.504671540682,-0.06588267119245493,19.335237235519426,False,29.12960690113591,285.6446770452484,9307470.0,1.2640277110750826,11454572.445348326
2020-03-18,4572.92041015625,4742.28783275463,4441.190192579733,4704.650627732768,9846800,5140.300732421875,281.999926950577,5704.300586323029,4576.300878520721,-0.002996869893749703,21.944235688149046,False,28.905730720894383,286.7484601259375,9537430.0,1.0324374595672,11454572.445348326
2020-03-19,4253.00390625,4516.464325221239,4253.00390625,4516.464325221239,5986200,5078.19931640625,332.0815312523358,5742.3623789109215,4414.036253901578,-0.12122952686069095,26.157423965575582,False,29.244624832394486,289.11760611024556,9305900.0,0.6432693237623444,11454572.445348326
2020-03-20,4328.2783203125,4535.282935631793,3970.724893851902,4253.003914741847,31471200,5023.625390625,361.3890175645681,5746.403425754137,4300.847355495864,0.01897606421571411,28.775156542443312,False,30.237831671249317,308.7919229437917,10529770.0,2.988783230782819,11454572.445348326
2020-03-23,4027.180419921875,4328.278021411361,4027.180419921875,4328.278021411361,7765500,4953.996569824219,411.70105545940925,5777.398680743037,4130.5944589054,-0.06279680220161626,33.24193302572414,False,31.160095164471663,308.2423499042798,10569685.0,0.7346954994401441,11454572.445348326
2020-03-24,3801.357666015625,4215.366916769802,3763.720461401609,4027.1808936997218,16410200,4872.135668945312,469.05239329607537,5810.240455537463,3934.0308823531614,-0.07071343107601964,38.50897636416703,False,32.561349866136005,318.4855002945593,11083610.0,1.4805825899684308,11454572.445348326
2020-03-26,4497.6455078125,4554.101309165795,3951.906094730649,4027.180496535042,22194900,4832.6166015625,465.4502672003132,5763.517135963127,3901.716067161874,0.32008223146757764,38.52573506864352,False,32.175121304279656,349.5039390699601,11721955.0,1.8934469548808197,11454572.445348326
2020-03-27,5118.6591796875,5118.6591796875,4554.101181927849,4554.101181927849,26793200,4828.852880859375,462.67085886907876,5754.194598597533,3903.511163121217,0.6565942036724054,38.32552950229777,False,29.9308388359391,368.8974914131772,12789510.0,2.094935615203397,11454572.445348326
2020-03-30,4779.9248046875,4930.473617433563,4761.106203094242,4930.473617433563,10482900,4823.207299804688,462.5378937645388,5748.283087333765,3898.1315122756105,0.47660597342364913,38.35936255804463,False,27.846862258194296,368.08716892604014,12649695.0,0.828707727735728,11454572.445348326
2020-03-31,4779.9248046875,5137.4782349594,4779.9248046875,4930.473617433563,23828700,4810.975244140625,460.1613205544469,5731.297885249519,3890.652603031732,0.48313067718527886,38.25929647963877,False,26.5169216595784,367.334759022173,13139890.0,1.8134626697788185,11454572.445348326
2020-04-01,4779.9248046875,4930.473617433563,4723.468999907726,4779.9248046875,15997900,4781.8064453125,441.41546440485973,5664.63737412222,3898.9755165027805,0.4989343142817068,36.924578144526926,False,25.091137456375463,355.88260605814895,13493540.0,1.18559695973036,11454572.445348326
2020-04-02,5118.6591796875,5175.114979463465,4554.101181927849,4591.738381778493,12752200,4767.692456054688,424.77642578548944,5617.245307625666,3918.139604483709,0.7065596760600655,35.6379048943099,False,24.45102768774767,374.8205483065394,13681690.0,0.9320632173364548,11454572.445348326
2020-04-03,4968.1103515625,5212.75214917732,4874.0173524798765,5212.75214917732,12287400,4745.110131835938,399.54219697734754,5544.194525790633,3946.025737881243,0.6395348360033205,33.680330772239415,False,23.956632808035863,372.2429946201754,14094205.0,0.8718051142295716,11454572.445348326
2020-04-06,5062.20361328125,5156.296617245586,4968.110609316915,5043.385012488383,12455800,4736.641772460937,390.37872350068983,5517.399219462317,3955.8843254595577,0.70849102501083,32.96670867282981,False,23.497551848303473,359.09608541038335,14429935.0,0.8631916914386655,11454572.445348326
2020-04-07,4911.654296875,5175.114680615422,4855.198500359195,5081.021686422414,14200200,4742.287329101562,392.1365740969803,5526.560477295523,3958.0141809076013,0.6079770282607911,33.07573302786541,False,22.610492933149594,356.29752075651504,14612420.0,0.9717897514580063,11454572.445348326
2020-04-08,4704.64990234375,4911.654498046875,4610.5569042968755,4911.654498046875,12756300,4723.468725585937,383.97117370757496,5491.411073001087,3955.526378170787,0.4877472421559182,32.51603395849257,False,21.10487578898611,352.35466882747824,14741910.0,0.8653084980168784,11454572.445348326
2020-04-09,4798.7431640625,4892.836167279412,4667.012959558823,4704.650160845588,10662800,4707.472924804688,373.15277072896583,5453.77846626262,3961.167383346756,0.5611480380271012,31.707268565496676,False,19.706802726548588,343.31670731984326,14983640.0,0.7116294838904298,11454572.445348326
2020-04-13,4817.56201171875,4874.017816543579,4742.2876052856445,4817.56201171875,6005200,4698.063647460937,367.5665335865863,5433.19671463411,3962.9305802877648,0.5812766896184678,31.295151463964288,False,18.408592025713745,328.2033861725641,14919510.0,0.4025065166349297,11454572.445348326
2020-04-14,4855.1982421875,4930.472633539244,4817.561046511628,4817.561046511628,7463700,4681.126879882812,350.9434780515594,5383.013835985931,3979.2399237796935,0.624002420041493,29.98794837710914,False,17.214058702797853,312.82540051935354,14240690.0,0.524110840134853,11454572.445348326
2020-04-15,4836.3798828125,4930.4728766415365,4798.742685280885,4892.835679109922,12517200,4681.126879882812,350.9434780515594,5383.013835985931,3979.2399237796935,0.6105968714617902,29.98794837710914,False,16.023166702868934,299.8900284365891,14182160.0,0.88260180395652,11454572.445348326
2020-04-16,4554.1015625,4817.561983471074,4554.1015625,4817.561983471074,13443500,4678.3041015625,351.76705441811765,5381.838210398736,3974.769992726265,0.41172955404539474,30.076459057087078,False,15.816868119976588,298.63204928486846,14266090.0,0.9423394917598304,11454572.445348326
2020-04-17,4704.64990234375,4742.2871015625,4572.919705078125,4667.012703125,11213400,4684.890576171875,350.9222358567101,5386.735047885295,3983.046104458455,0.5140767128389829,29.96204330931939,False,15.62530515014798,290.74301284041354,14334420.0,0.7822709255065778,11454572.445348326
2020-04-20,4685.83154296875,4836.3803475621235,4648.194341820406,4704.650143542922,8954400,4706.531958007812,335.91114883816175,5378.354255684136,4034.7096603314885,0.4845938315007852,28.548506784630167,False,14.985134809059785,283.4175123333638,14482830.0,0.6182769527778756,11454572.445348326
2020-04-21,4723.46875,4817.561752988047,4648.194347609561,4667.012948207172,6468800,4726.291479492187,323.8982917903245,5374.088063072836,4078.494895911538,0.4978212840544908,27.41246858732678,False,14.39069092090646,275.2710761223011,13232710.0,0.48884922287271465,11454572.445348326
2020-04-22,4742.287109375,4855.198707217262,4648.194111173115,4667.012710813492,9006400,4762.046813964844,279.0229827136387,5320.092779392121,4204.0008485375665,0.4822956299175872,23.437231393475212,True,13.641745636485384,270.3948989738616,13294755.0,0.6774400882152398,11454572.445348326
2020-04-23,4911.654296875,4949.291494552203,4742.286907327586,4817.561302681993,10046800,4817.5616455078125,164.96307438433638,5147.487794276485,4487.63549673914,0.6425965351918203,13.696810670863583,True,12.871333709704652,265.86701956320127,12976585.0,0.7742252680501072,11454572.445348326
2020-04-24,4761.10595703125,4949.291963238019,4742.287356410573,4911.654761996665,7318000,4830.73466796875,147.6863392971125,5126.107346562975,4535.3619893745245,0.3821341376783975,12.228892659030063,True,12.155953628401871,261.6625615106473,12232740.0,0.5982306498789315,11454572.445348326
2020-04-27,4742.287109375,4874.017306857639,4723.468509734623,4855.198707217262,4302000,4811.916064453125,132.23851873191495,5076.393101916955,4547.439026989295,0.3683648385020055,10.992587315376955,True,11.382427066023912,253.72586405438793,11108180.0,0.3872821650351363,11454572.445348326
2020-04-28,4874.017578125,4911.654779500483,4742.287373310811,4742.287373310811,6777000,4816.620703125,132.7133784732893,5082.047460071578,4551.193946178421,0.6081218707192215,11.021285390995008,True,10.882874913578917,247.70027877375182,10922885.0,0.6204404788661604,11454572.445348326
2020-04-29,5024.56591796875,5062.203115856156,4874.017126419124,4892.835725362827,10002500,4828.852758789062,140.2152734733641,5109.28330573579,4548.422211842334,0.8489512132515051,11.614789721484572,True,11.22429603614434,243.44925810684325,10231575.0,0.9776109738725465,11454572.445348326
2020-04-30,4911.654296875,5118.658884099617,4911.654296875,5024.565889906609,9999100,4835.439233398438,140.8882820666649,5117.215797531768,4553.662669265108,0.6352402456020065,11.654641927339123,True,11.815156906453026,240.8460673295414,9931635.0,1.0067929399338578,11454572.445348326
2020-05-04,4968.1103515625,5062.203350645123,4761.105753580729,4892.835952296401,10894100,4827.911791992187,128.4309137623194,5084.773619516826,4571.049964467548,0.7729065679423782,10.640700932054422,True,11.378262259090857,245.14974802488803,9838730.0,1.1072668931864174,11454572.445348326
2020-05-05,4911.654296875,5043.384488745211,4911.654296875,5043.384488745211,4467200,4825.0889892578125,125.78036398077249,5076.649717219358,4573.528261296267,0.672056481786021,10.427195374908091,True,10.972574372254556,237.0483511566968,9447720.0,0.47283365722100146,11454572.445348326
2020-05-06,4892.83642578125,5005.748035606971,4855.199222506009,4911.65502741887,4649100,4816.620629882813,114.13874459096232,5044.898119064737,4588.343140700888,0.6669367316321264,9.478740665838089,True,10.234861222895319,230.8698127241443,9057385.0,0.513293848058794,11454572.445348326
2020-05-08,4986.92919921875,5043.3850014740565,4892.836195459906,4968.110598466981,9168700,4820.384375,118.59167067146726,5057.567716342935,4583.201033657065,0.8510887891109291,9.840847654101648,True,9.785384964710705,225.13259795914476,8805810.0,1.0412102918414092,11454572.445348326
2020-05-11,4911.654296875,5062.203087583813,4911.654296875,5043.384488745211,6007600,4830.734594726562,116.98153075336914,5064.6976562333,4596.771533219824,0.6729326450665106,9.686438239109316,True,9.488480086642353,219.80518315554963,8468375.0,0.7094159150958714,11454572.445348326
2020-05-12,4761.10595703125,4949.291963238019,4742.287356410573,4930.473362617342,9522400,4828.852734375,117.8229625985181,5064.498659572037,4593.206809177964,0.35625302604510684,9.75991350987166,True,9.505917191736742,218.8908562749708,8411355.0,1.132088706278596,11454572.445348326
2020-05-13,4761.10595703125,4817.561758893281,4667.012953927866,4742.287356410573,6378600,4826.029931640625,118.78010220375705,5063.590136048139,4588.469727233111,0.36335258724983266,9.844953627411696,True,9.941702192422227,214.00928118143108,8430025.0,0.7566525603423477,11454572.445348326
2020-05-14,4949.2919921875,4968.110592918251,4742.287384149239,4761.1059848799905,10183700,4830.734619140625,121.82074934570056,5074.3761178320265,4587.0931204492235,0.7433029136736694,10.087140689783727,True,9.331213847484339,214.85313315197257,8566025.0,1.18884780280235,11454572.445348326
2020-05-15,4949.2919921875,5005.747794379753,4874.017589264497,4986.929193649002,6817800,4836.380224609375,124.67898335778489,5085.738191324945,4587.022257893805,0.7264049732706517,10.31176024774645,True,8.797095179691963,208.91578114934998,8281055.0,0.8233008958399625,11454572.445348326
2020-05-18,4892.83642578125,5005.748035606971,4874.01782414363,4949.29223069411,7220700,4853.316967773438,105.90987308478518,5065.136713943008,4641.497221603868,0.5932855853206798,8.728865127749806,True,8.301129395543008,203.40252617177794,7969915.0,0.9059946059650573,11454572.445348326
2020-05-19,5081.02197265625,5081.02197265625,4930.473173466435,4949.291773365162,7364000,4872.135571289063,111.39923444400655,5094.934040177076,4649.337102401049,0.9687788080630422,9.14582386421836,True,8.325508489131595,202.31559907915096,7777445.0,0.9468405112475884,11454572.445348326
2020-05-20,4836.3798828125,5081.021666767996,4742.286888983463,5081.021666767996,14400700,4879.66298828125,102.91080384643593,5085.484595974122,4673.841380588378,0.3948528632296527,8.435894371687663,True,8.331808805109592,212.05984797869644,8049760.0,1.7889601677565543,11454572.445348326
2020-05-26,4516.46337890625,4836.379534912109,4516.46337890625,4836.379534912109,17466600,4869.312719726562,127.03020619084559,5123.373132108253,4615.252307344871,-0.19442015289301381,10.435165166223209,False,9.44104164591535,219.76389483066455,8599650.0,2.031082660340828,11427462.938474363
2020-05-27,4215.3662109375,4535.282396589007,4215.3662109375,4535.282396589007,17652100,4842.9666748046875,192.52136469611054,5228.009404196909,4457.923945412466,-0.31497508712583233,15.901110011571559,False,11.531367632174906,226.91762988929614,9031935.0,1.9544095478986507,10674720.018552488
2020-05-28,4271.822265625,4554.101269961453,3933.0874604212554,4064.817662444934,81128900,4810.975073242187,230.01644526166984,5271.007963765527,4350.942182718847,-0.08599376123285354,19.12430987564095,False,14.192450538196782,255.06735700721768,12586040.0,6.445943283193125,10815860.155271238
2020-05-29,4328.2783203125,4460.008530061141,4215.366711956522,4290.641117527173,54627900,4789.33369140625,254.06028864977324,5297.4542687057965,4281.213114106704,0.046313029139587805,21.21884212040992,False,16.663456093788525,254.3226756570321,14951535.0,3.6536649915878203,10957000.291989988
2020-06-02,4535.283203125,4648.1948181405605,4365.91578060166,4365.91578060166,35346700,4778.98349609375,260.21971626849864,5299.422928630747,4258.544063556752,0.265870649173547,21.780340231867086,False,17.75899275276478,259.00794866924844,16503770.0,2.1417348884527594,11474512.499021238
2020-06-03,4667.01318359375,4723.468988233997,4535.282972766507,4572.920175860005,24004300,4768.633276367187,260.35755243898603,5289.3483812451595,4247.918171489215,0.40242256099210777,21.839175910572877,False,18.33930328903822,253.94923915483716,17365135.0,1.3823272897101002,11803837.450193113
2020-06-04,4629.3759765625,4742.287585746951,4591.738773501016,4667.013179623983,19460100,4748.873779296875,254.8495295113199,5258.572838319515,4239.174720274235,0.38277611992896854,21.46610260498886,False,18.76735107910844,246.56349437562986,17838015.0,1.0909341650402244,11709744.432614988
2020-06-05,4629.3759765625,4629.3759765625,4554.101570439532,4629.3759765625,13867100,4734.75986328125,253.17099969035976,5241.101862661969,4228.41786390053,0.39593606016522503,21.388286375724142,False,19.30457931756392,234.3285595004397,18031415.0,0.7690522346693257,11709744.432614988
2020-06-08,4667.01318359375,4685.831785140499,4610.557378953503,4667.01318359375,22630400,4719.705004882812,247.45225308709945,5214.609511057011,4224.800498708613,0.4467656682938793,20.971840640980368,False,19.4417544221761,222.96754854947946,18618230.0,1.2154968544270857,11803837.450193113
2020-06-09,4742.287109375,4874.017306857639,4667.012710813492,4667.012710813492,29253100,4711.236645507813,243.4025139489461,5198.041673405705,4224.43161760992,0.531892094460557,20.665700516744945,False,18.47966104988765,221.8273376562414,19857525.0,1.4731493476654316,11951730.01500732
2020-06-10,4629.3759765625,4817.5619918699185,4591.738773501016,4761.106187277693,11632900,4698.063623046875,240.16474725382315,5178.393117554521,4217.7341285392295,0.42849944957598063,20.447977424202428,False,17.93159021251343,222.1127577071458,20206715.0,0.5756947628548232,11951730.01500732
2020-06-11,4591.73876953125,4648.194574074667,4535.282964987833,4554.101566502305,12513600,4678.3041015625,231.2387567950801,5140.78161515266,4215.82658797234,0.4064113070500946,19.77116081170088,False,17.67667937618584,214.3126756628378,20373960.0,0.614195767538564,11951730.01500732
2020-06-12,4591.73876953125,4591.73876953125,4441.189957415471,4591.73876953125,9715900,4662.308325195312,225.2343616937318,5112.777048582776,4211.839601807848,0.4216709707020405,19.323849559803314,False,17.848484200739225,209.75811398090502,20559375.0,0.472577595379237,11951730.01500732
2020-06-15,4667.01318359375,4798.743394420993,4572.920175860005,4591.738777406754,16214900,4657.603686523437,224.04162291855,5105.686932360537,4209.520440686338,0.5104997198151585,19.240934866725905,False,16.83627949751123,210.90562145091099,20894000.0,0.7760553268881019,11951730.01500732
2020-06-16,4817.56201171875,4817.56201171875,4723.469003677368,4742.2876052856445,15697800,4660.426489257812,225.76337271029794,5111.953234678408,4208.899743837216,0.6740046675580276,19.37705686212864,False,15.798637872954549,206.59442192763163,21359960.0,0.7349171065863419,11951730.01500732
2020-06-17,4930.4736328125,4930.4736328125,4817.562022900764,4817.562022900764,15534000,4659.485571289062,224.53195565791563,5108.5494826048935,4210.421659973231,0.8017254946288137,19.275257083437918,False,15.079442428408838,199.9027932966401,21627475.0,0.7182530554306501,11951730.01500732
2020-06-18,4874.017578125,4930.473380188224,4855.198977437259,4911.654779500483,11351300,4655.721850585937,220.00362336875833,5095.729097323454,4215.714603848421,0.7480592412484578,18.90178412106558,False,14.41161808704496,191.00078344511164,21854150.0,0.5194116449278512,11951730.01500732
2020-06-19,4949.2919921875,4949.2919921875,4855.198988533745,4874.017589264497,11836400,4658.54462890625,223.53982764567,5105.62428419759,4211.46497361491,0.8251628203611547,19.19396253144007,False,13.892238553744463,184.07879917430046,22084935.0,0.5359490530535861,11951730.01500732
2020-06-22,4949.2919921875,5024.566395110503,4892.836189995247,4949.2919921875,10163000,4651.9581298828125,212.08368758067033,5076.125505044153,4227.790754721472,0.8504911972444728,18.236078800306224,False,13.811552451842783,180.33961388436873,22224885.0,0.4572802063992682,11951730.01500732
2020-06-23,4836.3798828125,4949.2914754073445,4836.3798828125,4949.2914754073445,6372400,4651.9581298828125,212.08368758067033,5076.125505044153,4227.790754721472,0.7173926658781088,18.236078800306224,False,13.36110323246753,175.523363562271,21823470.0,0.29199756042462544,11951730.01500732
2020-06-24,4911.654296875,4930.472895713601,4836.379901520594,4836.379901520594,5955300,4671.71767578125,217.14472481012916,5106.007125401508,4237.428226160992,0.7762404443667119,18.59228145877338,False,12.942828957333367,169.706909943616,21247905.0,0.280277043783846,11951730.01500732
2020-06-25,4798.7431640625,4911.654767922794,4798.7431640625,4911.654767922794,6437400,4700.8865234375,190.11730180693542,5081.12112705137,4320.651919823629,0.6286792939082076,16.177144532977408,False,12.287257343900924,165.65010236623587,20687170.0,0.3111783777094692,11951730.01500732
2020-06-26,5024.56591796875,5024.56591796875,4836.379928531718,4855.1985274754215,11505900,4738.523706054688,174.58043588548549,5087.684577825659,4389.362834283716,0.9096137841322733,14.737116175015785,False,12.373125996320255,169.9481489048083,17206020.0,0.6687136246499772,11951730.01500732
2020-06-29,5081.02197265625,5081.02197265625,4911.654573567708,5005.747573061342,7600200,4776.160888671875,162.18262595645035,5100.526140584776,4451.795636758974,0.9699348684646356,13.582676943828767,True,12.771740767960738,169.906666775075,14854635.0,0.5116382866357874,11951730.01500732
2020-06-30,4911.654296875,5118.658884099617,4911.654296875,5081.021686422414,13636700,4794.979443359375,154.4113650272528,5103.802173413881,4486.156713304869,0.6889026327418196,12.881086715906498,True,13.351248635561706,172.5565182357566,13769135.0,0.9903817487445653,11951730.01500732
2020-07-01,4930.4736328125,4968.110836116412,4874.017827856632,4892.836429508588,10713100,4808.1524658203125,154.15768834882806,5116.467842517968,4499.837089122657,0.6983702018082278,12.824692182262334,True,13.569471526783413,166.9519818089012,13104575.0,0.8175083892457405,11951730.01500732
2020-07-02,4949.2919921875,4968.110592918251,4874.017589264497,4949.2919921875,11912300,4824.148266601563,151.20033496954733,5126.548936540657,4521.747596662468,0.7069170772854801,12.536955882250487,True,13.772104965631199,161.7477690835336,12727185.0,0.9359728800987807,11951730.01500732
2020-07-03,5024.56591796875,5024.56591796875,4949.291522193937,4968.11012113764,9538000,4843.907763671875,150.2264116042321,5144.360586880339,4543.454940463411,0.8006431298725535,12.405389939989641,True,14.321794463760117,155.5710995614821,12510730.0,0.7623855682282329,11951730.01500732
2020-07-06,4986.92919921875,5081.022202977594,4968.110598466981,5024.566400722288,3128400,4859.903564453125,147.40521411873203,5154.713992690589,4565.093136215661,0.7154361287778264,12.132357127157881,True,15.175602092136009,152.52399277213433,11535630.0,0.27119455114285046,11951730.01500732
2020-07-07,4949.2919921875,5005.747794379753,4817.5617870722435,5005.747794379753,6934800,4870.25380859375,145.97255604910248,5162.198920691955,4578.3086964955455,0.635364800297055,11.988907501414257,True,14.619880180327112,155.07127952466112,10419715.0,0.6655460346084322,11951730.01500732
2020-07-08,4986.92919921875,4986.92919921875,4911.654796211675,4930.4733969634435,4221100,4888.1314697265625,136.5072885527553,5161.146046832073,4615.116892621052,0.6809385611194044,11.170508763782598,True,14.10385269079028,149.37150263054787,10049125.0,0.4200465214633115,11951730.01500732
2020-07-09,4930.4736328125,5024.566641072281,4930.4736328125,5005.748039420325,9461600,4905.068212890625,117.48633008905438,5140.040873068733,4670.095552712516,0.5540603743061387,9.580811111274471,True,13.899512615318029,145.42303874692163,9896525.0,0.9560527558915882,11951730.01500732
2020-07-10,4892.83642578125,4949.29223069411,4892.83642578125,4930.473629056491,7994100,4920.123095703125,91.6799363943344,5103.482968491794,4736.763222914456,0.42559258057153004,7.45346688373721,True,13.369458586519373,139.06823633020295,9810435.0,0.8148568335654841,11951730.01500732
2020-07-13,4949.2919921875,4986.929193649002,4892.836189995247,4892.836189995247,6617200,4934.237036132812,69.77449942612255,5073.786034985057,4794.688037280567,0.5539414692276944,5.656355697156208,True,13.171782931587412,135.85571971045667,9330550.0,0.7091972070242376,11951730.01500732
2020-07-14,4968.1103515625,4986.9289513790245,4892.835952296401,4949.291751745975,8191900,4941.764453125,64.44182798129343,5070.648109087587,4812.880797162413,0.6022080660295205,5.216098710697774,True,12.988224597317371,132.87266823704002,8955255.0,0.9147589878791837,11951730.01500732
2020-07-15,4911.654296875,5005.747291068008,4892.835698036399,5005.747291068008,9117100,4940.823486328125,64.7520230099155,5070.327532347956,4811.319440308294,0.3873811654940171,5.242204923053191,True,12.976962123639527,131.4468771509378,8634410.0,1.055903066914821,11951730.01500732
2020-07-16,4986.92919921875,5081.022202977594,4968.110598466981,4968.110598466981,23742800,4946.469067382813,63.53155903505159,5073.532185452916,4819.40594931271,0.6592127300607197,5.137528056445821,True,13.570301442478932,134.15552207605612,9253985.0,2.5656838648430917,11951730.01500732
2020-07-17,4930.4736328125,5043.385242724236,4911.655031160544,5043.385242724236,23964500,4945.528149414063,63.62683121766485,5072.781811849392,4818.274486978733,0.44084839558463246,5.14621122722379,True,13.492012306749084,133.98228561088726,9860390.0,2.4303805427574368,11951730.01500732
2020-07-20,4968.1103515625,5081.021950461647,4930.47315192945,4949.291751745975,21600300,4946.469067382813,63.82425795812236,5074.1175832990575,4818.820551466568,0.5847690395158491,5.161197378467947,True,13.729176534369033,135.16560796240938,10432255.0,2.0705302928273897,11951730.01500732
2020-07-21,5024.56591796875,5062.203115856156,4986.928720081343,5005.747319025047,14061700,4955.878369140625,60.52662419607457,5076.931617532774,4834.825120748476,0.7837079952022985,4.885238876963805,True,13.949400460016129,132.23183341464127,10816720.0,1.2999966718191835,11951730.01500732
2020-07-22,5024.56591796875,5118.658912687266,5005.747319025047,5062.203115856156,14452000,4961.523950195313,61.44348348053857,5084.41091715639,4838.636983234236,0.7565038804863866,4.953597652440607,True,14.625563418442594,130.85181628946827,11241555.0,1.2855872697327015,11951730.01500732
2020-07-23,5062.20361328125,5062.20361328125,5005.747810902649,5024.566411695516,21204800,4974.69697265625,52.263991524903645,5079.224955706058,4870.168989606443,0.9185799729021029,4.20238593925831,True,15.253429022695741,125.53781529583492,11979925.0,1.770027775632986,11951730.01500732
2020-07-24,5084.18896484375,5123.44911129042,5064.558891620415,5123.44911129042,13204100,4977.678125,56.76489401254823,5091.207913025097,4864.148336974904,0.9690876363664345,4.561556017650154,True,16.333166869746865,120.94550691821598,12064835.0,1.0944285603574355,11951730.01500732
2020-07-27,5084.18896484375,5123.44911129042,5064.558891620415,5103.819038067085,6303500,4977.836474609375,57.07193859125138,5091.980351791877,4863.692597426872,0.9658703246269194,4.586083844446078,True,17.335780584865766,116.51298640048661,12000000.0,0.5252916666666667,11951730.01500732
2020-07-28,5044.9287109375,5103.818929353112,5025.298638132295,5103.818929353112,9564800,4984.5001953125,56.717258753799804,5097.9347128201,4871.065677804901,0.7663585871071007,4.55149014195145,True,17.677900002260767,113.79922245908163,11796405.0,0.8108232974368038,11951730.01500732
2020-07-29,5025.298828125,5064.558975219727,4986.038681030273,5044.928901672363,7944800,4989.241455078125,55.921076655013486,5101.083608388152,4877.399301768098,0.6611975984892016,4.483332960211522,True,17.439391049247345,111.27929901125103,11657990.0,0.6814896907614434,11951730.01500732
2020-07-30,5064.55859375,5103.818737887596,5025.298449612403,5103.818737887596,10514000,4995.00478515625,57.504490347111584,5110.013765850474,4879.995804462027,0.8023842493599425,4.604959780458976,True,17.6110552083726,108.93936967296122,11588075.0,0.9073120427681043,11951730.01500732
2020-08-03,5084.18896484375,5143.079184513755,4946.778452280406,5084.18896484375,12457500,4997.9859375,60.580861029736106,5119.147659559472,4876.824215440527,0.8557354000855045,4.84842188732039,False,16.72982574097055,115.17946699870319,11734050.0,1.0616539046620732,11951730.01500732
2020-08-04,5300.1201171875,5339.380266203704,5103.819372106482,5221.5998191550925,45557500,5013.645483398437,90.6088055608418,5194.86309452012,4832.427872276754,1.2904160970224419,7.228975870820728,False,17.57999746138656,125.18031231022113,13855505.0,3.288043272331106,11951730.01500732
2020-08-05,5555.31103515625,5574.941109485424,5300.120068876988,5300.120068876988,29370600,5043.946435546875,149.89231246150558,5343.731060469887,4744.161810623864,1.352886634430801,11.886907553589364,False,19.601346310113204,135.86893576009365,14977295.0,1.9610083129163176,11951730.01500732
2020-08-06,5516.05078125,5633.831224977758,5457.160559386121,5574.941003113879,15089000,5070.402514648437,182.45683944296468,5435.316193534367,4705.488835762508,1.110621487199539,14.39387416804448,False,21.714464503822224,138.7833450337753,15520690.0,0.9721861592493632,11951730.01500732
2020-08-07,5398.2705078125,5555.311104403409,5378.640433238636,5516.050955255682,11677700,5093.7923583984375,193.24038753071216,5480.273133459862,4707.311583337013,0.8939111193379164,15.174579090339666,False,22.817321601160423,141.48958261456087,15631495.0,0.7470622611592813,11951730.01500732
2020-08-10,5476.79052734375,5496.420600918459,5398.270233044915,5398.270233044915,11772200,5122.990063476563,205.03520763289205,5533.060478742347,4712.919648210778,0.931389891462755,16.009026376580657,False,23.841403191545893,138.393924418774,15820400.0,0.7441151930418953,11951730.01500732
2020-08-11,5535.68115234375,5574.941302360373,5476.790927318817,5476.790927318817,12655100,5152.309521484375,220.25100436064622,5592.811530205668,4711.807512763083,0.935153101767052,17.099205972951108,False,25.176264010150135,135.51941374719178,16122295.0,0.7849440789912354,11951730.01500732
2020-08-12,5535.68115234375,5614.201452376995,5496.421002327128,5535.68115234375,16834200,5180.688061523438,231.54370236221965,5643.775466247877,4717.600656798998,0.8832895120863318,17.877447907499135,False,26.596503131539382,134.25234491166856,16554410.0,1.016901236588921,11951730.01500732
2020-08-13,5673.09130859375,5692.721382325908,5516.050718736484,5574.940939932958,13482600,5218.759912109375,247.05951882855877,5712.878949766493,4724.640874452258,0.9597388097396556,18.93626248299279,False,28.255183539686243,137.28222481722256,16772685.0,0.8038426763514607,11951730.01500732
2020-08-14,5751.6123046875,5751.6123046875,5574.94161956058,5614.201771811007,6606400,5256.994067382812,267.6091898429455,5792.212447068703,4721.7756876969215,0.9620714236261556,20.36214508997339,False,30.02974368051423,140.09568626791523,15915865.0,0.415082686363575,11951730.01500732
2020-08-18,5692.72119140625,5810.501629849138,5692.72119140625,5771.2414837015085,11570800,5295.1064453125,272.88616835096803,5840.878782014436,4749.334108610564,0.8642679551115653,20.61421587417121,False,31.89791059513239,138.501739994699,15296180.0,0.7564503032783348,11951730.01500732
2020-08-19,5653.4609375,5731.981228298611,5633.830864800348,5692.721082899306,8552800,5329.373974609375,272.69383083454113,5874.761636278457,4783.986312940293,0.7971161484464117,20.467231771215953,False,32.89463488851441,135.6194988163822,14643805.0,0.5840558516041425,11951730.01500732
2020-08-24,5889.02197265625,5889.02197265625,5653.46109375,5653.46109375,10263900,5372.59677734375,289.8103099151924,5952.217397174134,4792.976157513365,0.945485527640151,21.57692616258289,False,34.43763650988636,142.75817998351562,14453915.0,0.7101121045751272,11951730.01500732
2020-08-25,6163.84326171875,6163.84326171875,5889.022224572054,5889.022224572054,18916800,5429.56064453125,327.3384033292753,6084.237451189801,4774.883837872699,1.0607977934450243,24.115277442124277,False,36.62216029850474,152.19125920344308,14677155.0,1.2888601367226822,11951730.01500732
2020-08-26,6026.4326171875,6163.843132888844,5987.172469844259,6163.843132888844,10434100,5477.7720947265625,341.10318398150235,6159.978462689567,4795.565726763558,0.9021221057340606,24.908169093773104,False,38.65064667365037,153.93979725137513,14138620.0,0.7379857440117918,11951730.01500732
2020-08-27,6026.4326171875,6065.6927645307405,5967.542396172638,6026.4326171875,7856800,5524.88427734375,348.8632513029536,6222.610779949657,4827.157774737843,0.8594161451303197,25.257596995003816,False,40.312646068753295,149.95483804471277,13871255.0,0.5664087351865422,11951730.01500732
2020-08-28,5987.1728515625,6046.063076331968,5967.542776639344,6046.063076331968,7054400,5570.033471679688,347.25503796835847,6264.543547616405,4875.523395742971,0.8003119712267656,24.937375312657927,False,41.85593122134887,144.85237101956355,13908800.0,0.5071896928563212,11951730.01500732
2020-08-31,5987.1728515625,6124.5833760245905,5987.1728515625,5987.1728515625,15223500,5617.145678710937,335.9992338620256,6289.144146434988,4945.147210986886,0.7753184647167309,23.926688256312623,False,43.50717855903728,144.32081055117263,14191735.0,1.0727018225749,11951730.01500732
2020-09-01,6006.802734375,6046.062882965686,5810.501991421568,5967.542585784314,15776700,5666.220874023437,316.0943104220443,6298.409494867526,5034.032253179349,0.7693672814743353,22.314295008947912,False,43.1227902593802,150.83795919352588,14583330.0,1.0818311044185382,11951730.01500732
2020-09-02,6085.322265625,6085.322265625,5908.651619203629,5908.651619203629,10946000,5717.259057617188,295.5767957730757,6308.41264916334,5126.105466071036,0.8113092885430581,20.67961537473273,False,42.931528651955276,152.68315113837198,14604930.0,0.7494729519415704,11951730.01500732
2020-09-03,6065.6923828125,6163.842744993932,6046.062310376214,6124.582600121359,7228900,5766.334228515625,264.8145123983107,6295.963253312247,5236.705203719003,0.7826111677053849,18.36969567866895,False,43.071729570987856,150.19009995832528,14343500.0,0.503984383170077,11951730.01500732
2020-09-04,5967.5419921875,6046.062281558388,5889.021702816613,6046.062281558388,7578500,5799.705322265625,244.2242457636087,6288.153813792843,5311.256830738407,0.671805904648313,16.843907212044627,False,41.76740149870135,152.08156996100828,12444550.0,0.6089814416752715,11951730.01500732
2020-09-07,6124.5830078125,6124.5830078125,5967.54241786859,5967.54241786859,8595700,5828.168920898437,247.3945895899538,6322.958100078345,5333.37974171853,0.7995357410658787,16.979232616464166,False,40.92923504761595,152.43581607986485,11405805.0,0.7536250181376939,11951730.01500732
2020-09-08,6203.10302734375,6281.623318829114,6104.952662987045,6124.5827358583865,11121800,5862.521533203125,249.46610231119536,6361.453737825515,5363.589328580734,0.8413103934615618,17.021078789958402,False,40.801236408590746,154.16687606287945,11207445.0,0.9923582047469338,11951730.01500732
2020-09-09,5947.91259765625,6183.473492612933,5908.652448496803,6163.84341803321,12012800,5890.003637695312,224.67411321268762,6339.351864120687,5440.655411269937,0.5644366179228205,15.257994869463268,False,39.20102349901063,164.1871405474557,11224200.0,1.0702589048662712,11951730.01500732
2020-09-10,5692.72119140625,5889.021922144397,5535.680606815733,5889.021922144397,17395800,5900.8001708984375,208.36893801664434,6317.538046931726,5484.062294865149,0.25034789077395214,14.124792026971397,True,37.06327959421705,181.90462985410292,11505380.0,1.5119709214298007,11951730.01500732
2020-09-11,5947.91259765625,5967.542672235973,5496.420882322607,5496.420882322607,12441000,5921.4117431640625,189.92320014221534,6301.258143448493,5541.565342879632,0.534883645695133,12.829589184469114,True,34.68546855528106,202.56299842976458,11494675.0,1.0823272515316875,11951730.01500732
2020-09-14,6124.5830078125,6203.103302784455,5987.172491611578,6046.062712840545,13583200,5950.8568359375,171.75500014302148,6294.366836223543,5607.346835651458,0.7528691620772858,11.544892097271434,True,32.974918605351625,206.32212033679605,11332125.0,1.198645443815701,11951730.01500732
2020-09-15,6026.4326171875,6144.213059217223,5967.542396172638,6124.582985545602,11969000,5968.523901367187,159.40866514146776,6287.341231650123,5649.706571084252,0.5908180175916434,10.683289052755747,True,31.28851478223338,204.20415910163814,11256445.0,1.063301957234278,11951730.01500732
2020-09-16,5967.5419921875,6026.432209215666,5947.911919844779,5987.172064530222,4784000,5979.320385742188,151.03683234925035,6281.394050440688,5677.246721043687,0.4805041039137859,10.103946442435213,True,29.619671107706882,195.22676897600124,11165325.0,0.42846939072530354,11951730.01500732
2020-09-17,5810.50146484375,5967.542044974662,5810.50146484375,5908.6518274255695,7810000,5985.209399414062,141.25331668478043,6267.716032783623,5702.702766044502,0.19078967724313833,9.440158715155968,True,27.63424352255319,192.49918405849485,10977285.0,0.7114691838646806,11951730.01500732
2020-09-18,5908.65234375,5967.542566445182,5810.501972591362,5830.13204682309,12208400,5997.968969726562,119.57056892611284,6237.110107578787,5758.827831874337,0.31325541314486344,7.974070524847257,True,25.79062950858734,189.96646388299038,11160065.0,1.093936280837074,11951730.01500732
2020-09-21,5908.65234375,6006.802714908637,5889.022269518272,5947.912492213455,6058000,5998.95048828125,118.70663574869768,6236.3637597786455,5761.537216783854,0.3098291979177745,7.915160225481929,True,24.029542736868123,184.81031970494575,10949770.0,0.5532536299849221,11951730.01500732
2020-09-22,5908.65234375,5967.542566445182,5810.501972591362,5830.13204682309,5940800,5986.190942382813,113.65739144878425,6213.505725280382,5758.876159485244,0.3294466430109985,7.594638563503151,True,22.657574329499205,182.82676785843682,10300970.0,0.5767223863383739,11951730.01500732
2020-09-23,5830.1318359375,5947.91227706755,5830.1318359375,5849.7619094591755,6002300,5976.375903320312,118.37727432714553,6213.130451974604,5739.621354666021,0.191148347066485,7.923013963119585,True,21.38360366551378,178.18060166355207,10079380.0,0.5955028979957101,11951730.01500732
2020-09-24,5594.57080078125,5830.131676603619,5535.680581825658,5810.5016036184215,13985400,5954.7828125,145.13054609078287,6245.043904681565,5664.521720318434,-0.12049654848922661,9.748838918936334,True,21.587096831182762,186.48564826700135,10385810.0,1.3465873148074152,11951730.01500732
2020-09-25,5594.57080078125,5653.461019736842,5555.310654810855,5594.57080078125,10590700,5935.1527099609375,165.62344624982327,6266.399602460584,5603.905817461291,-0.01409072340210855,11.16220285094658,False,21.776054770732532,180.1759851712146,10562625.0,1.0026579567105716,11951730.01500732
2020-09-28,5496.42041015625,5653.460993303572,5496.42041015625,5614.200847516741,8872000,5910.615087890625,191.79614051712903,6294.207368924883,5527.0228068563665,-0.03988922381024588,12.979775381419877,False,22.195961149893456,178.52345645522223,10245050.0,0.8659791801894573,11951730.01500732
2020-09-29,5496.42041015625,5633.830920410156,5496.42041015625,5535.68055594308,8282300,5885.095971679688,211.28804144699146,6307.672054573671,5462.519888785705,0.04011173696625189,14.36089011725577,False,22.58587421625717,175.5868174408425,9870330.0,0.839110749083364,11951730.01500732
2020-09-30,5614.201171875,5614.201171875,5496.42072770979,5535.6808757648605,6032400,5861.5399169921875,214.0346457735726,6289.609208539333,5433.470625445042,0.21109963970640624,14.60603519243136,False,22.947936349309188,171.45781346069305,9624650.0,0.6267656486209888,11951730.01500732
2020-10-01,5633.83154296875,5633.83154296875,5574.941317780923,5574.941317780923,2470600,5839.946875,214.13884419709944,6268.224563394198,5411.669186605801,0.259367184403107,14.667177546686116,False,23.115836852066447,163.41727144120262,9386735.0,0.26320120894006277,11951730.01500732
2020-10-02,5555.31103515625,5673.091481131294,5516.050886497902,5653.46140680212,4691800,5819.3353271484375,220.94221399605036,6261.219755140538,5377.450899156337,0.20125187122807203,15.186766293759204,False,23.572021673785738,162.96179452635903,9242400.0,0.507638708560547,11951730.01500732
2020-10-05,5574.9404296875,5653.460717429578,5555.3103577519805,5614.200573558539,2731300,5791.853198242187,215.08152037796296,6222.016238998113,5361.690157486261,0.24787144872615477,14.854072644191996,False,23.995621865382223,158.33240632287607,8949180.0,0.3052011469207235,11951730.01500732
2020-10-06,5673.09130859375,5751.611603522383,5633.831161129433,5633.831161129433,7241600,5765.352612304688,193.29191057079106,6151.93643344627,5378.768791163106,0.3806710231192681,13.41058724895739,False,23.48146717467781,159.64231828801945,8755170.0,0.827122717205948,11951730.01500732
2020-10-07,5594.57080078125,5790.871530633224,5574.940727796053,5673.091092722039,8868400,5747.685522460937,191.8701930685045,6131.425908597947,5363.945136323928,0.3004969932653641,13.352866458591722,False,23.35831753136921,163.6629243272446,8597950.0,1.031455172453899,11951730.01500732
2020-10-08,5673.09130859375,5712.351456058066,5574.940939932958,5594.571013665117,6069800,5746.704028320312,192.21605185366036,6131.136132027633,5362.271924612992,0.404257840309552,13.379220569314235,False,23.24396429115408,161.7877523128063,8031650.0,0.7557351229199479,11951730.01500732
2020-10-09,5673.09130859375,5712.351456058066,5653.461234861592,5673.09130859375,2322100,5732.962963867188,186.82257390639631,6106.6081116799805,5359.317816054395,0.4198816636266944,13.034975113837099,False,23.137779139525744,154.43792866163975,7525705.0,0.3085558097214812,11951730.01500732
2020-10-12,5653.4609375,5751.611300998264,5653.4609375,5731.981228298611,5120500,5709.4068603515625,163.0316923370235,6035.470245025609,5383.343475677516,0.414210050129533,11.42197053562124,False,22.627911357009456,150.41738829282716,7102570.0,0.7209362244933876,11951730.01500732
2020-10-13,5692.72119140625,5692.72119140625,5555.310679889548,5673.091118332435,8052700,5692.7212890625,144.95230371349172,5982.625896489483,5402.816681635516,0.49999983157175304,10.185097520371537,False,22.832091419248346,149.48832566596107,6906755.0,1.165916555603898,11951730.01500732
2020-10-14,5594.57080078125,5692.721165707237,5574.940727796053,5673.091092722039,10279200,5674.072729492187,131.0612473713013,5936.19522423479,5411.9502347495845,0.3483496641732219,9.239306834407172,False,23.021687191327317,147.22347837626364,7181515.0,1.431341437008765,11951730.01500732
2020-10-15,5535.68115234375,5614.201452376995,5496.421002327128,5594.571377368684,14582800,5660.331713867187,130.40969435949273,5921.151102586173,5399.512325148202,0.26104046149395066,9.215692715676248,False,23.70254726827983,145.12040492437816,7520155.0,1.939162158226792,11951730.01500732
2020-10-16,5555.31103515625,5574.941109485424,5496.420812168728,5535.680960827076,10694800,5642.6646484375,118.37735891927886,5879.419366276057,5405.909930598942,0.3155187485201122,8.391592716895444,True,24.33477567429896,140.3632543809723,7444475.0,1.4366090288435382,11951730.01500732
2020-10-19,5614.201171875,5614.201171875,5574.941023819931,5594.571097847465,3912200,5627.94208984375,100.51876593552608,5828.979621714802,5426.904557972698,0.46582499337097966,7.144264410035306,True,24.42824953983165,134.54374597652787,7337185.0,0.5332017660724107,11951730.01500732
2020-10-20,5516.05078125,5633.831224977758,5496.420707295373,5614.201151023131,8968700,5608.31201171875,78.80390143483405,5765.919814588418,5450.704208849082,0.2073075419208649,5.620507651512318,True,25.05121124012068,134.7485153840891,7488580.0,1.1976502888398068,11951730.01500732
2020-10-21,5555.31103515625,5594.571183814598,5535.680960827076,5555.31103515625,5279800,5594.570971679687,59.744979185092845,5714.060930049873,5475.081013309502,0.3357186785444839,4.271639736989887,True,25.629675676103346,130.73222161126833,7452455.0,0.7084645261192453,11951730.01500732
2020-10-22,5673.09130859375,5673.09130859375,5516.050718736484,5555.3108662008,8964200,5598.496997070312,62.27145921410559,5723.039915498523,5473.954078642101,0.7994723122954407,4.449155496319255,True,25.170031161804737,132.61139077169676,7201395.0,1.2447866003739554,11951730.01500732
2020-10-23,5555.31103515625,5653.46140680212,5535.680960827076,5653.46140680212,6734900,5596.534008789063,63.01608142693813,5722.566171642939,5470.501845935187,0.33645851701915414,4.503936281132179,True,24.743218398527457,132.95417341419514,7008605.0,0.9609472926495358,11951730.01500732
2020-10-26,5555.31103515625,5574.941109485424,5516.050886497902,5555.31103515625,6495000,5599.478540039063,59.3618251811882,5718.202190401439,5480.754889676687,0.3139902843788838,4.240525238678671,True,24.517113251207306,127.66389124086135,6889755.0,0.9427040584171715,11951730.01500732
2020-10-27,5496.42041015625,5555.310628836496,5496.42041015625,5535.68055594308,9447300,5599.478540039063,59.3618251811882,5718.202190401439,5480.754889676687,0.06597472547275979,4.240525238678671,True,24.479594012570875,122.75151508079982,6948005.0,1.35971404741361,11951730.01500732
2020-11-02,5516.05078125,5555.310929159253,5359.010189612989,5496.420707295373,16241000,5594.571020507812,62.07570063508497,5718.722421777982,5470.419619237642,0.18377223915926003,4.438281355802717,True,25.46731973061115,128.00503111404726,7458435.0,2.17753456321601,11951730.01500732
2020-11-03,5496.42041015625,5535.68055594308,5457.16026436942,5516.050483049666,6839400,5587.700463867188,65.03542447443888,5717.771312816066,5457.62961491831,0.14911410032076486,4.655612797786132,True,26.384493611648544,124.47040686116252,7676875.0,0.8909093869575837,11951730.01500732
2020-11-04,5457.16015625,5555.310518772482,5457.16015625,5535.680446267986,7124700,5582.792919921875,71.03466142958757,5724.862242781051,5440.7235970627,0.05784696814382914,5.0895429902910845,True,26.937202754759838,122.59040369411393,7798520.0,0.9135964259885209,11951730.01500732
2020-11-05,5594.57080078125,5594.57080078125,5496.420435855263,5555.310654810855,9670300,5583.774438476563,71.05606706386267,5725.886572604289,5441.662304348837,0.5379853640611143,5.09018176480992,True,26.864222768152608,123.64899232533794,8145470.0,1.1871997564290335,11951730.01500732
2020-11-06,5633.83154296875,5653.461618031359,5516.051092593097,5516.051092593097,17154400,5581.811450195312,68.97042563296876,5719.75230146125,5443.870598929375,0.6885594162136482,4.942512032043318,True,25.98741011230375,124.6319589762611,8641110.0,1.98520791889005,11951730.01500732
2020-11-09,5653.4609375,5712.351155598959,5614.200792100694,5633.830864800348,15842000,5584.75595703125,70.77723326390645,5726.310423559063,5443.201490503437,0.742680369450762,5.06931610322542,True,24.450364645278057,122.74041644211849,8989790.0,1.7622213644590141,11951730.01500732
2020-11-10,5614.201171875,5731.98161604021,5594.571097847465,5731.98161604021,16395800,5581.811450195312,68.08253588293177,5717.976521961175,5445.646378429449,0.618935499609555,4.878884676805003,True,22.793798928806503,123.78828085287748,9506090.0,1.7247680171342792,11951730.01500732
2020-11-11,5535.68115234375,5673.091677401929,5516.051077335439,5574.941302360373,15180200,5574.940942382813,65.26114199339911,5705.463226369611,5444.4186583960145,0.3496050297318051,4.682463378024995,False,22.08003961224505,126.16344651099264,10148995.0,1.4957343066973627,11951730.01500732
2020-11-12,5633.83154296875,5653.461618031359,5535.681167655705,5535.681167655705,14050400,5573.95947265625,64.15637310060475,5702.27221885746,5445.64672645504,0.7333052330538284,4.604007145393287,False,21.417263104009415,125.56466216646521,10595490.0,1.326073640766024,11951730.01500732
2020-11-13,5574.9404296875,5653.460717429578,5574.9404296875,5653.460717429578,7229400,5568.0704345703125,57.76894313317205,5683.608320836656,5452.532548303969,0.5297304864196253,4.15001525659615,False,20.801827774933468,122.2043497075804,10554325.0,0.6849703794416033,11951730.01500732
2020-11-16,5614.201171875,5633.831245902536,5594.571097847465,5614.201171875,8258000,5569.051953125,58.40614286602572,5685.8642388570515,5452.239667392949,0.6932554374184787,4.1950510325731,False,20.23035211222009,117.68195445811291,10453265.0,0.7899924090702761,11951730.01500732
2020-11-17,5712.35107421875,5830.131508738724,5614.200712118771,5614.200712118771,19444400,5577.88544921875,65.9643794075873,5709.814208033925,5445.9566904035755,1.0096145306285311,4.730421949904075,False,20.14445901946554,124.69972889824436,10696345.0,1.8178546036052503,11951730.01500732
2020-11-18,5771.2421875,5830.132413903061,5731.982036564626,5731.982036564626,12693300,5588.6820068359375,78.54619780499364,5745.774402445924,5431.589611225951,1.0810598913944394,5.621804762476567,False,20.064709251780076,124.20555824010627,10796270.0,1.1757116115102717,11951730.01500732
2020-11-19,5712.35107421875,5790.871363898733,5692.721001798754,5771.2412914787365,8422500,5593.589501953125,83.1554469777566,5759.9003959086385,5427.278607997612,0.8570468820202254,5.946481911031978,False,19.46837210208282,122.34447280152577,11021785.0,0.7641684173661526,11951730.01500732
2020-11-20,5673.09130859375,5771.241677254541,5633.831161129433,5731.981529790225,13621800,5601.4415283203125,82.86226255811857,5767.166053436549,5435.717003204076,0.7161713247426216,5.917209856725292,False,18.194274590409414,123.42061875321023,11254440.0,1.2103489822683315,11951730.01500732
2020-11-23,5712.35107421875,5731.9811466387455,5673.090929378758,5731.9811466387455,7560300,5609.293530273438,85.6543736699869,5780.602277613411,5437.984782933464,0.8007947508389274,6.108032907011121,False,17.011184043855536,118.81130436083717,11368465.0,0.6650238180792217,11951730.01500732
2020-11-24,5692.72119140625,5771.2414837015085,5673.091118332435,5771.2414837015085,9553000,5610.2750244140625,86.53186646234305,5783.338757338749,5437.211291489376,0.7381959686148288,6.169527596118563,False,16.37102806668642,117.3355230042826,11397905.0,0.8381364820991226,11951730.01500732
2020-11-25,5614.201171875,5771.24176409528,5594.571097847465,5731.98161604021,18608200,5613.21953125,85.55960878834908,5784.338748826698,5442.100313673302,0.5028682945109897,6.097007844572648,False,15.577652035710521,121.57374752167775,11991570.0,1.5517734541848982,11951730.01500732
2020-11-26,5673.09130859375,5692.721382325908,5594.571013665117,5594.571013665117,6716000,5619.108544921875,85.41727688736324,5789.943098696602,5448.273991147149,0.6579972039586904,6.080485984885047,False,14.840946683866079,119.90064903161442,12002620.0,0.5595444994509532,11951730.01500732
2020-11-27,5731.98193359375,5771.242083823844,5633.831558018514,5633.831558018514,11056100,5630.88662109375,83.83557670821602,5798.557774510183,5463.215467677318,0.8014690077574547,5.955408613212806,False,14.344974722973694,121.15135451545122,12083060.0,0.9150082843253282,11951730.01500732
2020-11-30,5574.9404296875,5771.241149042694,5496.420141945423,5751.611077107174,41426700,5633.831103515625,80.56020344522125,5794.951510406067,5472.710696625182,0.31724638435102503,5.719745726487974,False,14.225942829568405,132.12775827129548,13342345.0,3.10490397302723,11951730.01500732
2020-12-01,5574.9404296875,5633.830645494058,5516.050213880942,5594.5705016230195,12223000,5637.757104492188,75.24945334462672,5788.256011181441,5487.258197802935,0.291305212155493,5.338963843239537,False,14.115413214263494,131.10294922428272,13611525.0,0.8979890203338715,11951730.01500732
2020-12-02,5614.201171875,5692.72146798514,5574.941023819931,5574.941023819931,20584900,5645.609155273438,62.5315308095299,5770.672216892498,5520.546093654378,0.37443141487249837,4.430454116797707,False,13.31595038336166,130.151384158094,14284535.0,1.4410619596647702,11951730.01500732
2020-12-03,5535.68115234375,5712.351827418551,5535.68115234375,5653.461602393617,17398300,5642.6646728515625,66.33230031101664,5775.329273473596,5510.000072229529,0.09678949770250837,4.702196863135248,False,12.979378839127445,133.4741906521445,14670935.0,1.1859026026630204,11951730.01500732
2020-12-04,5516.05078125,5574.941003113879,5496.420707295373,5555.310929159253,7084500,5636.775634765625,72.1325334286548,5781.040701622935,5492.510567908315,0.08158667186203819,5.11870885786314,False,13.053889139023601,129.54891244974172,14167440.0,0.5000550558181295,11951730.01500732
2020-12-07,5574.9404296875,5614.200573558539,5516.050213880942,5516.050213880942,15162700,5632.849609375,73.30393288445536,5779.45747514391,5486.24174360609,0.3025031624879564,5.2054599691390475,False,12.634293795952951,127.30615868030284,14133475.0,1.072821793649474,11951730.01500732
2020-12-08,5496.42041015625,5594.570774623326,5496.42041015625,5574.940701729911,20773900,5626.9605712890625,79.36173403008445,5785.684039349231,5468.237103228894,0.08878115905542236,5.641534752172866,False,12.452214526337647,125.22360195078662,14352380.0,1.4474184769355327,11951730.01500732
2020-12-10,5476.79052734375,5555.310821642585,5476.79052734375,5496.420600918459,24969200,5624.016040039062,83.89000198470299,5791.796044008468,5456.236036069657,0.06125429368162801,5.966554959122782,False,12.49259400405579,121.88765140421867,14841830.0,1.6823531869048494,11951730.01500732
2020-12-11,5437.53076171875,5516.051061526963,5437.53076171875,5496.42098657491,12019500,5614.201000976563,93.6024154331151,5801.405831842793,5426.996170110332,0.02813653782242819,6.668975009397321,False,12.93786353471237,118.78998343307543,14740285.0,0.8154184264415512,11951730.01500732
2020-12-14,5516.05078125,5516.05078125,5417.900411476869,5437.5304854314945,14940000,5611.256518554687,95.80284166841706,5802.862201891521,5419.6508352178535,0.25155815932317604,6.829332528400839,False,13.54948961231658,117.315725314508,15125815.0,0.9877153726923145,11951730.01500732
2020-12-15,5417.89990234375,5535.680335003397,5378.639758123868,5516.0502628934555,24500700,5601.441455078125,105.09066401308867,5811.6227831043025,5391.260127051947,0.06337331565552984,7.504544311023106,False,14.501435343771528,120.15321471200951,15937950.0,1.5372554186705316,11951730.01500732
2020-12-16,5417.89990234375,5476.7901186735735,5417.89990234375,5417.89990234375,21226500,5586.718896484375,109.27714378511804,5805.273184054611,5368.1646089141395,0.11378247021035277,7.82406602586603,False,15.38538495155112,115.77728625613908,16027055.0,1.324416744061838,11951730.01500732
2020-12-17,5378.640625,5476.791001368613,5378.640625,5417.900775547445,13726500,5567.088818359375,109.64759620464062,5786.3840107686565,5347.793625950094,0.07033213704095906,7.878271734630156,False,16.590513221713138,114.51822126417295,16078715.0,0.8537062818763813,11951730.01500732
2020-12-18,5359.0107421875,5457.161122081044,5359.0107421875,5378.640818166209,18415800,5549.421801757812,113.41173359181364,5776.2452689414395,5322.598334574185,0.08026596203962619,8.174670273280702,False,17.893970460171275,113.34908973769943,16578380.0,1.1108323008641374,11951730.01500732
2020-12-21,5535.68115234375,5555.311227352061,5359.010477268949,5359.010477268949,18759700,5542.551293945313,109.62442725841085,5761.8001484621345,5323.302439428491,0.48433254847168256,7.911477689212522,False,17.464379052362574,119.27420833380032,16835275.0,1.1143090920700731,11951730.01500732
2020-12-22,5359.0107421875,5555.311501974588,5359.0107421875,5535.681425995879,17134800,5524.88427734375,109.29089267917915,5743.4660627021085,5306.3024919853915,0.12056871553980322,7.91262855060009,False,17.065468645006195,124.77610486617803,17314000.0,0.9896499942243271,11951730.01500732
2020-12-23,5339.3798828125,5437.5302483053765,5260.859590418198,5398.270102108227,10921000,5507.217211914062,109.29092799064763,5725.799067895357,5288.635355932767,0.11607671334823692,7.93801470217754,False,17.733050845356743,128.48285865339233,17382400.0,0.628279178939617,11951730.01500732
2020-12-28,5437.53076171875,5437.53076171875,5280.490162102325,5417.900686766697,5918900,5498.38369140625,107.31057823972736,5713.004847885705,5283.7625349267955,0.3582317543020842,7.806699878544269,False,18.352940214723276,130.52269729360899,16747935.0,0.35341073392033107,11951730.01500732
2020-12-29,5359.0107421875,5457.161122081044,5359.0107421875,5437.5310461023355,7869500,5482.679663085937,103.30470545192037,5689.2890739897775,5276.070252182097,0.20071808356301157,7.5368040301500985,False,18.59588729574299,128.21038890789004,16805610.0,0.468266251567185,11951730.01500732
2020-12-30,5378.640625,5417.900775547445,5300.120323905109,5359.0105497262775,13708100,5465.01259765625,87.4177437574506,5639.848085171152,5290.177110141349,0.25299072893056485,6.398356248616237,False,19.41596614084055,127.46539338892188,16938210.0,0.8093003924263544,11951730.01500732
2021-01-04,5359.0107421875,5417.900970123626,5319.750590230083,5378.640818166209,6655300,5454.21611328125,86.45545252652663,5627.127018334303,5281.3052082281965,0.22469818758817298,6.340449350072793,False,20.177464409079082,125.37146385353773,15199640.0,0.43785905455655527,11951730.01500732
2021-01-05,5378.640625,5437.530850821167,5359.0105497262775,5359.0105497262775,14953600,5444.401123046875,83.10645467076819,5610.614032388411,5278.188213705339,0.30217993202997956,6.105828927186671,False,20.517607329316153,122.02495222792004,15336170.0,0.9750543975451498,11951730.01500732
2021-01-06,5300.1201171875,5398.270489728009,5260.859968171297,5378.6404152199075,13331700,5428.6970703125,78.90019677616436,5586.497463864828,5270.896676760171,0.09259622162361004,5.813564157605305,False,21.77371844057853,123.12392146569093,14973510.0,0.890352362271772,11951730.01500732
2021-01-07,5319.74951171875,5359.009655716674,5300.119439719788,5300.119439719788,7031400,5417.90048828125,78.26144880744171,5574.423385896133,5261.377590666366,0.18646447881384456,5.777990863931071,False,22.940107329607883,118.53579964649063,14455165.0,0.4864282074953831,11951730.01500732
2021-01-08,5339.3798828125,5359.009955911076,5300.119736615349,5319.749809713925,12862000,5409.066943359375,76.5518772071914,5562.170697773758,5255.963188944992,0.2724188384098558,5.661004236686176,False,24.0231765900651,114.2754010500075,14744040.0,0.8723524895483192,11951730.01500732
2021-01-11,5300.1201171875,5359.010340711806,5300.1201171875,5339.380266203704,15471100,5395.325927734375,69.55599615951579,5534.437920053407,5256.213935415343,0.15780875911641296,5.15675954269729,False,25.028875289425336,110.31931694102882,14759460.0,1.048215856135658,11951730.01500732
2021-01-12,5280.490234375,5417.900760920074,5280.490234375,5339.380460037175,15844300,5384.5294189453125,69.79614884778094,5524.121716640874,5244.937121249751,0.1273462566064617,5.184939549384211,False,24.739692390079192,112.25440334131778,14512980.0,1.0917330555130649,11951730.01500732
2021-01-13,5260.859375,5339.379664179104,5260.859375,5339.379664179104,13975500,5373.732861328125,71.45458624172953,5516.642033811584,5230.823688844666,0.10508662821768905,5.318804494800982,False,24.711680475407817,109.84482375830252,13963295.0,1.0008740773578155,11951730.01500732
2021-01-14,5280.490234375,5319.75038481645,5260.860159154276,5300.120309595725,9115700,5365.880834960937,72.69269456888183,5511.266224098701,5220.495445823173,0.20633018526702526,5.4188825137717505,False,24.6856694117844,106.20526561959875,13818105.0,0.6596924831588702,11951730.01500732
2021-01-15,5241.2294921875,5319.74978420529,5221.599419183052,5280.489638196395,12883300,5352.1397705078125,68.67579688219283,5489.491364272199,5214.788176743426,0.0962541267975062,5.1325862049134825,False,25.147570843318295,105.6299155769301,13715270.0,0.9393398744610933,11951730.01500732
2021-01-18,5378.640625,5378.640625,5221.600022810219,5241.230098083942,12872200,5350.176806640625,67.24338053023257,5484.66356770109,5215.69004558016,0.6058238674756167,5.027376324967076,False,24.387997121493317,109.302107477848,13133845.0,0.9800785680050282,11951730.01500732
2021-01-19,5339.3798828125,5516.050540699678,5339.3798828125,5417.900175206802,29859400,5346.250805664063,65.3467103334683,5476.944226330999,5215.557384997126,0.473713585517542,4.8891615981979015,False,23.586532221419393,114.11414679280014,13565490.0,2.201129483711978,11951730.01500732
2021-01-20,5300.1201171875,5378.6404152199075,5300.1201171875,5339.380266203704,12921600,5342.324780273438,65.65633211618726,5473.637444505812,5211.012116041064,0.33929705739862503,4.91593714845817,False,22.282716304712423,111.57172902420068,13525245.0,0.9553690154965769,11951730.01500732
2021-01-21,5319.74951171875,5359.009655716674,5300.119439719788,5339.379583717712,7256800,5340.36171875,65.71808779552022,5471.797894341041,5208.92554315896,0.4215885317015591,4.922369776173334,False,21.072020417022742,107.80876380796397,12967295.0,0.5596232676128676,11951730.01500732
2021-01-22,5241.2294921875,5378.640003218633,5241.2294921875,5339.379857209738,12729400,5325.639135742187,50.990660859003164,5427.620457460193,5223.657814024181,0.08615145336078042,3.829824707182081,True,19.99466464697268,109.9231743239046,12665780.0,1.0050229831877706,11951730.01500732
2021-01-25,5201.9697265625,5300.120098761793,5182.339652122641,5241.229875442217,9830000,5317.787084960937,57.28427129703309,5432.355627555004,5203.218542366871,-0.005450081567308667,4.308880395684667,False,19.690928622323124,110.48440806070798,12300540.0,0.7991519071520438,11951730.01500732
2021-01-26,5162.70947265625,5280.489916899359,5143.079398615732,5201.969620737286,12599500,5308.953564453125,66.63745676989801,5442.228477992921,5175.678650913329,-0.04865573689982675,5.020760190187304,False,19.826095557818736,112.40770164805932,12384465.0,1.0173632853740553,11923220.57819806
2021-01-27,5143.07958984375,5241.22996369573,5123.449515073354,5162.709664614145,8761900,5294.231005859375,69.21266518398944,5432.656336227354,5155.805675491396,-0.04596732987313792,5.229289398773005,False,20.153158885100115,112.79146928908193,12526615.0,0.6994627040106206,11878071.84772931
2021-01-28,4966.40869140625,5162.709430197011,4966.40869140625,5123.449282438859,11374700,5274.600903320313,99.09636578294084,5472.793634886194,5076.408171754431,-0.2775063431415909,7.514984932457007,False,21.734689338686472,118.75641711063045,12701875.0,0.8955134576588102,11502293.755401313
2021-01-29,4750.47802734375,5143.079517206869,4750.47802734375,5044.92914474109,27088500,5243.1927734375,150.56609276090182,5544.324958959304,4942.0605879156965,-0.3181037593838914,11.486595993470521,False,24.272830985338633,138.31677945009395,13370895.0,2.0259302013814335,11502293.755401313
2021-02-01,4907.51806640625,4927.148138671875,4711.2173437500005,4789.7376328125,13536900,5220.618139648437,165.40289610163447,5551.423931851706,4889.812347445169,0.026761500823724783,12.673050713705155,False,26.777263093922162,143.8606376980783,13714975.0,0.9870160171637207,11502293.755401313
2021-02-02,4966.40869140625,5084.189134680707,4907.518469769022,4946.778617527174,16938300,5200.00654296875,170.28750024939356,5540.581543467537,4859.4315424699635,0.1570537308663494,13.099021998704952,False,27.14089603727738,146.20423988210536,13814210.0,1.226150463906369,11502293.755401313
2021-02-03,4946.7783203125,5064.558756510417,4946.7783203125,5005.668538411459,10659800,5182.339453125,177.5295536283904,5537.39856038178,4827.280345868219,0.16827898792335338,13.702657283195773,False,27.47855519896437,144.17396819037762,13680615.0,0.7791901168185787,11502293.755401313
2021-02-04,4966.40869140625,4986.038765285326,4927.148543648098,4946.778617527174,9622800,5164.672412109375,180.6887682856575,5526.049948680689,4803.29487553806,0.2256833911368488,13.994209418742953,False,27.910746693134573,138.0822720080098,13810185.0,0.6967900864470679,11502293.755401313
2021-02-05,4966.40869140625,5005.668839164402,4927.148543648098,4966.40869140625,7175100,5146.023852539062,180.95515813444783,5507.934168807958,4784.113536270167,0.25185128323426914,14.065629178548317,False,28.068043606725965,133.8278451157451,13525840.0,0.5304735232710132,11502293.755401313
2021-02-08,4907.51806640625,5005.668427734376,4887.887994140625,4966.408283203125,10698600,5126.39375,184.61669374539764,5495.627137490796,4757.160362509205,0.20360794688534697,14.40519029545069,False,28.47482575903185,132.68160143560266,13287215.0,0.8051800170314095,11502293.755401313
2021-02-09,4828.99853515625,4907.518836540904,4789.738384463923,4907.518836540904,16389300,5103.819165039063,192.22918040333562,5488.277525845734,4719.360804232391,0.14258726314836356,15.065516562193046,False,29.43580651699466,131.6172336242726,13314465.0,1.230939433165358,11502293.755401313
2021-02-10,4809.3681640625,4887.888460618622,4809.3681640625,4848.628312340561,12959600,5081.244604492187,199.2005927551518,5479.645790002491,4682.843418981884,0.15879062322386614,15.681244125035358,False,30.328145792245838,127.82459526226184,13263670.0,0.9770749724623727,11502293.755401313
2021-02-11,4946.7783203125,4946.7783203125,4809.367811414931,4809.367811414931,9091500,5064.559008789062,195.5761832180163,5455.711375225095,4673.406642353029,0.3494439781232621,15.446650567491663,False,30.355797284708775,128.5093033790695,13262460.0,0.6855063087843432,11502293.755401313
2021-02-15,4828.99853515625,4986.039137925559,4828.99853515625,4966.409062579395,12525200,5043.9474609375,197.68800303529324,5439.3234670080865,4648.571454866914,0.22817150954922205,15.677245218454324,False,29.880282431145332,130.5472533355152,13244555.0,0.9456867369269862,11502293.755401313
2021-02-16,4789.73779296875,4887.8881575787655,4770.107720046747,4868.258084656763,15087800,5014.5023193359375,188.87382286058644,5392.249965057111,4636.754673614764,0.20249380914329662,15.066206840291093,False,29.873611747003633,129.6353379209797,13355335.0,1.1297208194328334,11502293.755401313
2021-02-17,4789.73779296875,4848.62801173476,4770.107720046747,4848.62801173476,5738900,4987.02021484375,178.83562549737297,5344.691465838496,4629.348963849005,0.22421263754589774,14.344086672444014,False,29.86741754030063,125.9842631900535,12149310.0,0.47236427418511834,11502293.755401313
2021-02-18,4750.47802734375,4848.62839980953,4750.47802734375,4848.62839980953,8654700,4959.538110351563,170.2129895264261,5299.964089404415,4619.112131298711,0.19294340639120902,13.72813239774543,False,30.011736298281217,123.99612813831966,11935965.0,0.7250942843749961,11502293.755401313
2021-02-19,4770.1083984375,4809.368549864969,4730.848247010031,4750.478322723766,5309600,4932.0560546875,152.4368495091858,5236.929753705872,4627.182355669129,0.23440205440574677,12.362945418214174,False,30.297631221265632,120.74785490379244,11838605.0,0.44849878849746233,11502293.755401313
2021-02-22,4750.47802734375,4828.998325316374,4750.47802734375,4789.738176330062,8928400,4907.518481445312,138.9515978248728,5185.421677095058,4629.615285795567,0.21745475302218592,11.325609743517477,False,30.251744203060962,117.7316008372804,11648555.0,0.7664813360970524,11502293.755401313
2021-02-23,4750.47802734375,4789.738176330062,4711.217878357438,4770.108101836906,10874800,4884.943896484375,124.5225227934,5133.988942071175,4635.898850897574,0.23003705248623577,10.196434221733215,False,30.5381065784367,114.93079348980493,11700795.0,0.9294069334605042,11502293.755401313
2021-02-24,4789.73779296875,4868.258084656763,4770.107720046747,4789.73779296875,11677000,4866.2953125,107.49942671130451,5081.294165922609,4651.296459077392,0.3219583074223041,8.836243574052867,True,29.618800141762605,115.13431233431976,11654670.0,1.0019159701647493,11502293.755401313
2021-02-25,4809.3681640625,4848.628312340561,4789.7380899234695,4848.628312340561,7496000,4849.6097412109375,86.03224804859636,5021.674237308131,4677.545245113744,0.3830625199817327,7.096014123983055,True,28.76515845056523,111.11689855128341,11591375.0,0.646687731179433,11502293.755401313
2021-02-26,4750.47802734375,4828.998325316374,4750.47802734375,4809.368250823218,21120400,4838.813208007812,84.13122761027029,5007.075663228353,4670.550752787271,0.23750775076863792,6.954699344131783,True,28.365767817378757,108.788569938522,12078660.0,1.7485714474950036,11502293.755401313
2021-03-01,4789.73779296875,4809.367865890754,4750.477647124744,4789.73779296875,9537900,4840.776196289063,82.40191345615162,5005.580023201366,4675.972369376759,0.34515407112642,6.808983527833494,True,27.994908913979216,105.22440199762826,11201130.0,0.8515123027765948,11502293.755401313
2021-03-02,4927.1484375,4946.7785109561755,4809.367996762948,4828.998070219123,16995000,4841.75771484375,83.35019677148598,5008.458108386722,4675.057321300778,0.7561203391347652,6.885945285196976,True,26.218390720892398,108.92556742547093,11374035.0,1.4941926941494377,11502293.755401313
2021-03-03,4946.7783203125,4986.038465711806,4868.258029513889,4946.7783203125,14417200,4840.776196289063,81.90817862146736,5004.5925535319975,4676.959839046128,0.8235394981535308,6.76818553886116,True,24.9953137594195,109.55805805207422,11247980.0,1.2817590358446582,11502293.755401313
2021-03-04,4868.25830078125,4946.778595955141,4848.628226987777,4946.778595955141,10535500,4836.8501953125,78.36506702711497,4993.5803293667295,4680.12006125827,0.6001980431468364,6.480669349905465,True,23.60926230778747,108.74322311745205,11241765.0,0.9371749009163597,11502293.755401313
2021-03-05,4809.3681640625,4887.888460618622,4789.7380899234695,4789.7380899234695,10281700,4828.9981689453125,72.33597148513121,4973.670111915575,4684.32622597505,0.4321568353898189,5.991799454413954,True,22.232758748054586,107.98659080157351,11274710.0,0.9119258943245547,11502293.755401313
2021-03-08,4848.6279296875,4907.518147456984,4828.997857097672,4868.258002277328,8327900,4823.109130859375,64.98073523239732,4953.07060132417,4693.14766039458,0.5981783244559309,5.389115897596883,True,20.711230224092184,107.28397598678137,11332350.0,0.7348784673964359,11502293.755401313
2021-03-09,4868.25830078125,4927.148522161669,4828.998153194305,4907.518448368196,11669300,4821.146142578125,62.8548602819259,4946.855863141977,4695.436422014273,0.6873847065756338,5.214930924978278,True,19.41023641077953,106.63157548539441,11380885.0,1.0253420538033728,11502293.755401313
2021-03-10,5025.298828125,5025.298828125,4868.258239746094,4907.51838684082,12830000,4830.961157226562,77.71537288009827,4986.391902986758,4675.530411466366,1.1251583943316739,6.43477522180818,True,19.279090344577092,110.23221926350239,11202920.0,1.1452371346041925,11502293.755401313
2021-03-12,5005.6689453125,5084.189242493872,4986.038871017156,5044.929093903186,13809200,4840.776196289063,86.71907411263017,5014.214344514323,4667.3380480638025,0.9753647069884412,7.165716455068417,False,19.692132659825,109.36923013587477,11245400.0,1.2279865545022854,11502293.755401313
2021-03-15,5025.298828125,5064.558975219727,5005.668754577637,5025.298828125,7742700,4844.702221679688,93.29851252238603,5031.299246724459,4658.105196634916,0.9839214515932939,7.703137014686422,False,20.0756719525552,105.76358660060443,11177960.0,0.6926755866007751,11502293.755401313
2021-03-16,5025.298828125,5084.18904876709,5025.298828125,5064.558975219727,4449100,4854.517236328125,101.52248249242142,5057.562201312968,4651.472271343283,0.9205511616838756,8.365196994888917,False,20.613411538635013,102.41548903213909,10774155.0,0.41294189660349234,11502293.755401313
2021-03-17,4986.0390625,5084.189437746063,4986.0390625,5084.189437746063,5487400,4864.332299804688,104.37896028004107,5073.09022036477,4655.574379244606,0.7915021436522786,8.583209686084329,False,20.492088079326187,102.11083804741938,10294135.0,0.5330608156974821,11502293.755401313
2021-03-18,4946.7783203125,5044.928683810764,4946.7783203125,5025.298611111111,9918000,4872.184326171875,104.37893998104323,5080.942206133961,4663.426446209789,0.6786615052667054,8.569375293980686,False,19.799092374724196,101.82794700819397,10503090.0,0.9442935364735521,11502293.755401313
2021-03-19,5103.8193359375,5103.8193359375,4927.1486666165865,4946.778740985577,18918100,4889.851391601563,112.2975721902094,5114.4465359819815,4665.256247221144,0.9763414296560189,9.186174645968439,False,19.788974602297348,107.17385574481679,11016260.0,1.7172888076352593,11502293.755401313
2021-03-22,4986.0390625,5143.0796628937005,4966.408987450787,5103.819512795275,12601900,4900.647924804687,110.54566351401856,5121.739251832724,4679.55659777665,0.6931128164165485,9.022942697392349,False,20.16183324946672,112.13791429468084,11380875.0,1.1072874449460168,11502293.755401313
2021-03-23,5241.2294921875,5300.119711200842,5123.449054160815,5123.449054160815,30644300,4925.185498046875,128.47065744005374,5182.126812926983,4668.2441831667675,1.1150120199394464,10.433772087650302,False,21.702326758889264,126.56239532369236,12466670.0,2.458098273235756,11502293.755401313
2021-03-24,5280.490234375,5280.490234375,5162.709783050651,5241.23008393355,14817700,4951.686108398438,144.23347209812013,5240.153052594678,4663.219164202197,1.0699164715262504,11.65126132316742,False,23.132785017638767,125.93511360945355,12663815.0,1.1700818434255396,11502293.755401313
2021-03-25,5201.9697265625,5300.120098761793,5103.819354363208,5280.4900243219345,15252100,4972.297705078125,149.2402635972842,5270.7782322726935,4673.817177883556,0.8847353521569271,12.00573838890361,False,23.566196548269012,130.96123009439154,12842570.0,1.1876205463548184,11502293.755401313
2021-03-26,5300.1201171875,5319.750191695602,5143.079521122685,5221.5998191550925,14473700,4996.835302734375,160.92824387611924,5318.691790486613,4674.978814982136,0.9711491394366277,12.882413297717129,False,24.124185077149722,134.22619012857191,13191455.0,1.0972026967457342,11502293.755401313
2021-03-29,5339.3798828125,5339.3798828125,5241.2295173196235,5319.749809713925,8711200,5026.2803955078125,167.2320647764097,5360.7445250606315,4691.8162659549935,0.9680613848236936,13.308614053913226,False,24.79945698441561,131.64934551173653,12570995.0,0.692960262890885,11502293.755401313
2021-03-30,5260.859375,5359.00973647388,5201.969158115671,5339.379664179104,8013900,5049.836474609375,165.32930835935827,5380.495091328092,4719.177857890658,0.8190948151974776,13.09581482019355,False,24.810206286141703,133.4630050007703,12494795.0,0.64137907024485,11502293.755401313
2021-03-31,5182.33935546875,5280.489722049598,5044.928842255564,5280.489722049598,14076000,5062.596020507813,165.20965350357895,5393.0153275149705,4732.176713500655,0.6811990589253663,13.053354668975329,False,23.198650114104897,140.75571034314626,12348845.0,1.1398636876566188,11502293.755401313
2021-04-01,5280.490234375,5300.120309595725,5123.449632609201,5182.339858271375,10400800,5079.2816162109375,169.68799996085312,5418.657616132644,4739.905616289231,0.7964390796792954,13.363149577631624,False,21.588923501190827,143.32106510338755,12148025.0,0.8561720938177193,11502293.755401313
2021-04-05,5221.599609375,5339.38005169173,5221.599609375,5339.38005169173,8378100,5096.948681640625,164.8871060020568,5426.722893644739,4767.174469636511,0.6889943531012361,12.94006405016285,False,20.504107613231803,141.4967349043406,12040155.0,0.6958465235705023,11502293.755401313
2021-04-06,5300.1201171875,5319.750191695602,5201.969744646991,5280.490042679398,7035000,5121.486279296875,156.12100586029902,5433.728291017474,4809.244267576277,0.7860502930183377,12.193413969800417,False,19.267483578507377,139.80271434321705,11877820.0,0.5922804016225199,11502293.755401313
2021-04-07,5319.74951171875,5339.379583717712,5241.229223722901,5339.379583717712,4626500,5145.0423583984375,148.12165236222896,5441.285663122895,4848.79905367398,0.794871057900889,11.515679914311649,False,18.336785017440445,136.82754617547377,11692750.0,0.3956725321246071,11502293.755401313
2021-04-08,5241.2294921875,5300.119711200842,5221.599419183052,5260.859565191948,6318100,5163.69091796875,134.2714510445133,5432.233820057777,4895.148015879723,0.644369062849117,10.401199698244685,False,17.223831678286356,134.06487091548976,11425190.0,0.5529973680962855,11502293.755401313
2021-04-09,5182.33935546875,5260.859648733428,5182.33935546875,5221.5995021010895,5953200,5171.542944335937,130.28509953879282,5432.113143413523,4910.972745258351,0.5207168954297766,10.077077649059147,False,16.280748997937124,130.09740108328893,11081350.0,0.5372269624188388,11502293.755401313
2021-04-12,5182.33935546875,5260.859648733428,5123.449135520242,5182.33935546875,8463900,5180.37646484375,124.29838744876602,5428.973239741282,4931.779689946218,0.5039479406476796,9.597633553646759,False,16.06502485828201,130.61976623542446,10814085.0,0.782673707484267,11502293.755401313
2021-04-13,5162.70947265625,5221.599694777804,5123.449324575214,5201.969620737286,7908500,5187.246997070312,118.95834261270218,5425.163682295717,4949.330311844908,0.4484325271453425,9.17313886767979,False,15.864709585745118,128.3005236616506,10822375.0,0.7307545709698656,11502293.755401313
2021-04-14,5162.70947265625,5201.969620737286,5143.079398615732,5182.339546696769,2736900,5194.117529296875,112.92788912076463,5419.973307538404,4968.2617510553455,0.43046877771921116,8.6965986798571,False,15.678702546960862,123.34264498021513,10736765.0,0.2549091835389896,11502293.755401313
2021-04-15,5221.599609375,5221.599609375,5103.819167058271,5143.07931449718,4067600,5205.895556640625,101.82173082682458,5409.539018294274,5002.252094986976,0.5385577140725593,7.823570774249666,True,15.965767436238341,122.94534478996611,10665775.0,0.38136938009661747,11502293.755401313
2021-04-16,5260.859375,5300.119519589552,5162.70901352612,5201.969158115671,8024700,5221.599609375,82.05664482008558,5385.712899015171,5057.486319734829,0.6196117807128219,6.285939249172532,True,15.054073327281618,123.97857059521368,10571110.0,0.7591161193100819,11502293.755401313
2021-04-19,5300.1201171875,5319.750191695602,5241.229893663194,5300.1201171875,6456700,5231.4146484375,78.90672165471912,5389.228091746938,5073.601205128061,0.7176793919111304,6.033298979906839,True,14.013794572199503,120.73155112644181,9948040.0,0.6490424244373766,11502293.755401313
2021-04-20,5300.1201171875,5300.1201171875,5241.229893663194,5260.859968171297,4485900,5247.118701171875,55.19251548224885,5357.5037321363725,5136.733670207377,0.7400751965756645,4.207453166243204,True,13.047821442480398,116.31431344057496,9542240.0,0.47010974362413854,11502293.755401313
2021-04-21,5319.74951171875,5339.379583717712,5260.859295721863,5280.489367720826,5957600,5251.044702148438,57.496152605736235,5366.037007359911,5136.052396936965,0.7987365521717426,4.379787708317327,True,12.695468269736061,113.6147401945231,8307905.0,0.717100159426474,11502293.755401313
2021-04-22,5241.2294921875,5339.379857209738,5241.2294921875,5339.379857209738,5354200,5249.0816650390625,57.10681239175608,5363.295289822575,5134.86804025555,0.4656250606420819,4.351756443197285,True,12.062289650171813,112.51014196793128,7834730.0,0.683393046090931,11502293.755401313
2021-04-23,5300.1201171875,5300.1201171875,5221.5998191550925,5241.229893663194,4746700,5253.989184570312,57.06242486642492,5368.114034303162,5139.864334837463,0.7021073093422411,4.344312320550892,True,11.230577492727685,110.08229597253673,7309460.0,0.6493913367061315,11502293.755401313
2021-04-26,5241.2294921875,5300.119711200842,5221.599419183052,5300.119711200842,5724200,5251.044653320312,56.067453651838946,5363.17956062399,5138.909746016634,0.4562350325655899,4.270956150897463,True,10.458279734184456,107.82789611767322,6871985.0,0.8329762070202423,11502293.755401313
2021-04-27,5123.44921875,5260.859734195402,5123.44921875,5221.599586925287,6433900,5240.248120117188,58.88159724604024,5358.011314609268,5122.484925625107,0.0040942041741130275,4.494565592800474,True,11.105430434770486,109.94094035536813,6758120.0,0.9520251194119075,11502293.755401313
2021-04-28,5241.2294921875,5241.2294921875,5123.449054160815,5143.079127165262,4379400,5239.266625976563,58.68321737986084,5356.633060736284,5121.900191216841,0.5083621276174727,4.4802619579546645,True,11.70635807652494,110.50090447474793,6576395.0,0.6659271530983161,11502293.755401313
2021-04-29,5123.44921875,5241.229660560345,5123.44921875,5241.229660560345,7824600,5236.322119140625,63.00803429056767,5362.33818772176,5110.306050559489,0.05214877887595878,4.813151892260467,True,12.264359057600782,111.02087142729059,6263825.0,1.249172829700702,11502293.755401313
2021-04-30,5123.44921875,5182.339439655172,5103.819145114942,5162.709366020115,4426900,5228.470068359375,66.88033718117212,5362.230742721719,5094.70939399703,0.10743002339804522,5.116627717611357,True,13.04533741333749,108.69940164964339,5965130.0,0.7421296769726728,11502293.755401313
2021-05-03,5084.18896484375,5143.079184513755,5064.558891620415,5123.44911129042,5685300,5221.599536132812,74.27274058686378,5370.14501730654,5073.054054959085,0.03747980011469483,5.6896542963822165,False,14.262325710525957,106.54375102419311,5830490.0,0.9750981478400614,11502293.755401313
2021-05-04,5162.70947265625,5162.70947265625,5064.55910245366,5103.819250534696,2921300,5214.72900390625,72.97109505499402,5360.671194016238,5068.786813796262,0.32178035285479795,5.597306782410564,False,14.964511767710183,105.94422382265006,5624805.0,0.5193602267100815,11502293.755401313
2021-05-05,5103.8193359375,5182.339633413462,5103.8193359375,5182.339633413462,3234600,5203.9324951171875,72.58794626051805,5349.108387638224,5058.756602596151,0.15520046944026522,5.579468705916288,False,15.197744271281929,103.98537194074379,5555210.0,0.5822642168342871,11502293.755401313
2021-05-06,5143.07958984375,5162.709664614145,5103.819440302957,5123.449515073354,3749600,5199.025,73.24850594033362,5345.5220118806665,5052.527988119333,0.3090561389681398,5.635557123909458,False,15.414317310312835,100.76429742187962,5426785.0,0.690943164322891,11502293.755401313
2021-05-07,5103.8193359375,5162.7095590444715,5103.8193359375,5103.8193359375,3537800,5195.0989990234375,76.23335604028483,5347.565711104007,5042.632286942868,0.2006570751073142,5.869636444242164,False,15.615422548143545,97.7732921136719,5306015.0,0.6667527325120641,11502293.755401313
2021-05-10,5162.70947265625,5221.599694777804,5123.449324575214,5123.449324575214,7849700,5194.117504882813,76.53206180206223,5347.181628486937,5041.053381278688,0.3974023713492967,5.893748975075528,False,14.531977072843453,99.20236830843133,5275305.0,1.4880087502049644,11502293.755401313
2021-05-11,5162.70947265625,5221.599694777804,5123.449324575214,5162.70947265625,7528400,5194.117504882813,76.53206180206223,5347.181628486937,5041.053381278688,0.3974023713492967,5.893748975075528,False,13.525920560064796,99.12722558658554,5256300.0,1.4322622376957175,11502293.755401313
2021-05-17,4986.0390625,5201.969888041338,4966.408987450787,5182.339812992126,12918300,5185.283984375,89.45317069332607,5364.190325761652,5006.377642988347,-0.056841418618000836,6.900541683956261,False,14.849318112760772,108.87248808686877,5765370.0,2.240671457339251,11474759.925280962
2021-05-18,5005.6689453125,5064.559168198529,4986.038871017156,4986.038871017156,5181000,5174.487451171875,97.50761380497481,5369.502678781825,4979.472223561926,0.0671658364109148,7.53756693586277,False,16.078187268835606,106.7044744507619,5821040.0,0.8900471393427979,11519908.655749712
2021-05-19,5005.6689453125,5064.559168198529,4986.038871017156,5005.6689453125,6071500,5161.7279296875,102.19445632649364,5366.116842340488,4957.339017034513,0.11823030821647833,7.919398908162196,False,17.219280056619382,104.69131893151979,5723380.0,1.060824198288424,11519908.655749712
2021-05-20,5005.6689453125,5084.189242493872,4946.77872242647,5025.299019607843,6549800,5147.00537109375,102.41745471757034,5351.840280528891,4942.170461658609,0.1549991742838076,7.959381996588542,False,18.71659397785409,107.02840472693995,5728035.0,1.1434636834446716,11519908.655749712
2021-05-21,4986.0390625,5044.9292876476375,4966.408987450787,5005.669137549213,4549500,5131.301318359375,101.78177046245314,5334.864859284281,4927.737777434469,0.1432016872978214,7.9341877740281035,False,20.106956904714888,104.99211154621926,5731215.0,0.7938107364668748,11474759.925280962
2021-05-24,4927.1484375,4986.038657868526,4887.888290587649,4986.038657868526,6645400,5111.6712646484375,101.38253357817166,5314.436331804781,4908.906197492094,0.0449836854635321,7.933415771809761,False,22.161943784160623,104.50344442951439,5765605.0,1.1525937000540274,11339311.487780962
2021-05-25,4946.7783203125,4966.408393012153,4887.888102213542,4927.148247612848,9217700,5096.948706054687,102.94587702120704,5302.840460097102,4891.056952012273,0.13531714409686496,8.079020053618935,False,24.07014751872543,102.64750488444989,5958780.0,1.5469106092186655,11384460.218249712
2021-05-27,4907.51806640625,5005.668427734376,4907.51806640625,4966.408283203125,19375100,5077.318603515625,99.54045586956386,5276.399515254752,4878.237691776498,0.07353888018184496,7.8419704290875165,False,24.87247513749984,102.32628034471244,6690200.0,2.896041971839407,11294161.634265337
2021-05-28,4887.888671875,4946.77889683735,4809.368371925201,4887.888671875,11134300,5059.6515625,100.2712577674112,5260.194078034822,4859.109046965178,0.07175442282916968,7.927127512936207,False,26.52830605225883,104.83229781381502,6960705.0,1.599593719314351,11249014.026843462
2021-05-31,4986.0390625,4986.0390625,4868.258612204724,4887.888687253937,7281000,5052.7810546875,100.37738244197348,5253.535819571447,4852.026289803553,0.33377233355810465,7.946307695153569,False,27.238262825542883,105.75716584820508,7003060.0,1.03968836480053,11474759.925280962
2021-06-02,5064.55859375,5084.188665818799,5005.668377543604,5025.298449612403,8305800,5043.947509765625,90.17585910016058,5224.299227965947,4863.595791565303,0.5571413574266082,7.151213126272279,False,26.2011510253159,105.21376852467606,7199380.0,1.1536826782306253,11615766.889255749
2021-06-03,5241.2294921875,5241.2294921875,5025.298689138576,5064.558835147472,9230800,5049.8365234375,99.05024640392928,5247.937016245358,4851.736030629641,0.983070400374108,7.845818053254851,False,25.278513994714388,113.12212813355089,7269690.0,1.269765285727452,11615766.889255749
2021-06-04,5162.70947265625,5201.969620737286,5064.55910245366,5182.339546696769,7802700,5051.799536132812,100.95660357907573,5253.712743290964,4849.8863289746605,0.774647552986878,7.9937141493432105,False,24.421779609155838,117.6612896764287,7438480.0,1.0489643045353352,11615766.889255749
2021-06-07,5162.70947265625,5162.70947265625,5025.2989543726235,5162.70947265625,5807400,5055.725561523437,103.77002552159153,5263.26561256662,4848.185510480254,0.7577428081834497,8.21009956009736,False,23.118947989465102,119.07194886265712,7444585.0,0.7800837790152171,11615766.889255749
2021-06-08,5005.6689453125,5143.079465379902,5005.6689453125,5123.449391084559,5824900,5047.87353515625,101.15729465126222,5250.188124458775,4845.558945853725,0.39569563423663756,8.015834307000421,False,21.661504831248436,121.78399018273518,7589765.0,0.7674677674473452,11615766.889255749
2021-06-09,4927.1484375,5005.668731324701,4907.5183640438245,5005.668731324701,8710600,5039.039990234375,103.69671192660797,5246.433414087591,4831.64656638116,0.23024324818137112,8.231465686128415,False,21.01749559124488,120.09588954601665,7863565.0,1.107716411068008,11615766.889255749
2021-06-10,4907.51806640625,4966.408283203125,4907.51806640625,4927.148138671875,7499200,5027.2619140625,104.63129999086198,5236.524514044224,4817.9993140807765,0.2138909492983739,8.325112300052012,False,20.419490058427957,115.72405577822084,8051045.0,0.9314567239408053,11615766.889255749
2021-06-11,4927.1484375,4966.40858441235,4907.5183640438245,4946.7785109561755,5349300,5018.428369140625,105.28345420198552,5228.995277544596,4807.861460736654,0.28325195461030006,8.391747093523993,False,19.864194924083325,111.66451736592651,8141620.0,0.6570314016129468,11615766.889255749
2021-06-14,4927.1484375,4966.40858441235,4907.5183640438245,4946.7785109561755,1774100,5006.650317382812,101.39761438846712,5209.445546159746,4803.855088605878,0.30398483642270263,8.101034261284044,False,19.348563727906164,107.89492472325503,7837840.0,0.2263506272136201,11615766.889255749
2021-06-15,4907.51806640625,4946.7782109375,4907.51806640625,4927.148138671875,6205400,4993.8907470703125,96.672169406551,5187.235085883414,4800.546408257211,0.2766350926169204,7.743234628291701,False,18.869767137314625,102.99244042382612,7771690.0,0.7984621105576779,11615766.889255749
2021-06-16,4927.1484375,5005.668731324701,4907.5183640438245,4907.5183640438245,3877900,4990.946215820312,97.81403947990552,5186.574294780124,4795.318136860501,0.33694115216093656,7.839318257516341,False,17.54414003237107,102.64659931629934,7319670.0,0.5297916436123487,11615766.889255749
2021-06-17,4907.51806640625,4946.7782109375,4887.887994140625,4927.148138671875,3618300,4986.038671875,99.48444937132741,5185.007570617655,4787.069773132344,0.3026812080557687,7.9810411365234355,False,16.552884480990432,99.52114342205478,7241535.0,0.4996592573259675,11615766.889255749
2021-06-18,4691.58740234375,4907.518203288441,4691.58740234375,4907.518203288441,31608600,4970.3345947265625,119.08197074622,5208.498536219003,4732.170653234122,-0.08520024197630363,9.583416848641457,False,17.691473397375148,107.83611895938596,8518390.0,3.7106307647337116,11588732.648998972
2021-06-21,4730.84814453125,4789.738370396784,4514.917316357624,4514.917316357624,7919800,4956.5935546875,130.13327566039743,5216.860106008295,4696.327003366705,0.06631882005074784,10.501831487661851,False,19.832816969696548,119.76361432222697,8586890.0,0.9223129677915985,11682958.430248972
2021-06-22,4848.6279296875,4927.148220046812,4770.107639328188,4770.107639328188,7005100,4949.722998046875,132.10923839727687,5213.941474841428,4685.504521252321,0.3086903883751053,10.676091445877372,False,20.149670921059847,125.23050440746518,8709670.0,0.8042899443951378,11965629.914623972
2021-06-23,4730.84814453125,4887.888746839341,4730.84814453125,4848.628596262319,8020900,4939.907983398438,140.87584436675695,5221.659672131952,4658.156294664924,0.1289998476904952,11.407163440306896,False,20.695389691421795,127.5026542575099,8778445.0,0.9137039646543322,11682958.430248972
2021-06-24,4691.58740234375,4750.477620783211,4652.327256717443,4730.847547970057,7558400,4927.1484375,151.38550584347863,5229.9194491869575,4624.3774258130425,0.11099143236373897,12.289908271591727,False,21.671626878582153,125.40606210095694,8695480.0,0.8692332108175742,11588732.648998972
2021-06-25,4750.47802734375,4828.998325316374,4691.587803864282,4691.587803864282,4983500,4919.296435546875,156.4453595335912,5232.187154614057,4606.405716479692,0.2302278432763663,12.720954029370207,False,21.721323063643517,126.26355216321885,7975900.0,0.6248197695557868,11730070.148998972
2021-06-28,4711.216796875,4789.737076822917,4711.216796875,4750.476936848959,4362200,4910.462841796875,163.1560281178161,5236.774898032508,4584.150785561243,0.19470014804172908,13.290480622646395,False,21.7674695212005,122.8533184335544,7637295.0,0.5711708137501563,11635843.195873972
2021-06-29,4887.888671875,4907.51874686245,4711.217996987952,4730.848071975402,11014600,4905.555322265625,162.23667794879424,5230.028678163214,4581.081966368037,0.47277642359608507,13.228812421087158,False,20.635324768816083,128.09964925883267,7823975.0,1.4078010218590933,12059855.695873972
2021-06-30,4848.6279296875,4907.518147456984,4828.997857097672,4887.888074867155,6063400,4894.7587890625,158.23391060875437,5211.226610280009,4578.290967844991,0.4271160347400783,12.930885253208652,False,19.58404749874484,124.55826648029546,7711855.0,0.786244035968,11965629.914623972
2021-07-01,5143.07958984375,5182.339739384542,4946.77884213979,4946.77884213979,25772000,4889.851293945312,148.1217565799827,5186.094807105277,4593.607780785347,0.9273988874850065,12.116667577469205,False,19.78057912493687,139.49780528149162,8538915.0,3.0181820524036134,12630364.26746282
2021-07-02,5162.70947265625,5221.599694777804,5084.189176494177,5182.339546696769,13176700,4889.851293945312,148.1217565799827,5186.094807105277,4593.607780785347,0.9605302168483271,12.116667577469205,False,20.181752207765978,139.3487133530727,8807615.0,1.4960576728206216,12630364.26746282
2021-07-05,5064.55859375,5221.599170300387,5025.298449612403,5162.708954093992,9409300,4884.94375,140.00947634066304,5164.962702681327,4604.924797318674,0.8207190835300513,11.464572245333489,False,20.018049144725115,143.41671387699498,8987710.0,1.0469073879775828,12630364.26746282
2021-07-06,5064.55859375,5103.818737887596,5025.298449612403,5103.818737887596,5961000,4887.888232421875,143.2634554378726,5174.41514329762,4601.36132154613,0.8082962797249087,11.723955100903567,False,19.86603915761574,138.78125490543775,8994515.0,0.6627372348592447,12630364.26746282
2021-07-07,5064.55859375,5162.708954093992,5044.928521681201,5084.188665818799,8760800,4894.758740234375,148.4465012498275,5191.65174273403,4597.86573773472,0.7859613599613584,12.131057658030318,False,20.105660051101374,137.281196155963,8997025.0,0.9737440987437515,12630364.26746282
2021-07-08,5044.9287109375,5123.449002158317,5044.9287109375,5064.558783742704,6331800,4901.6292724609375,152.2005336404082,5206.030339741754,4597.228205180121,0.735379329902884,12.420403517297713,False,20.32816516648089,133.08398866059542,8938655.0,0.708361604738073,12630364.26746282
2021-07-09,5084.18896484375,5162.70925773709,5005.6686719504105,5044.92881839708,6737800,4909.481298828125,157.54343987499362,5224.568178578112,4594.394419078138,0.777237291115154,12.835852122512295,False,20.79691037066273,134.79517416960147,9008080.0,0.7479729309686415,12630364.26746282
2021-07-12,5182.33935546875,5201.96942878492,5103.819062204072,5103.819062204072,6033900,4922.2408447265625,168.9693283533442,5260.179501433251,4584.302188019874,0.8848309531631035,13.731089857934878,False,21.487818350464995,133.57983772471349,9221070.0,0.6543600688423361,12630364.26746282
2021-07-13,5201.9697265625,5260.859949882076,5162.709577682784,5182.339652122641,9462600,4936.963427734375,180.08162515965324,5297.126678053682,4576.800177415068,0.8678974723173184,14.590476741067922,False,22.49334275190187,131.04916161575483,9383930.0,1.0083834811214492,12630364.26746282
2021-07-14,5201.9697265625,5201.9697265625,5123.449428803066,5201.9697265625,9076900,4950.7044921875,189.53045999075994,5329.76541216902,4571.6435722059805,0.8314312042339387,15.313413296216732,False,22.943030655892848,127.29709991173188,9643880.0,0.9412083103481171,12630364.26746282
2021-07-15,5241.2294921875,5260.859565191948,5162.709200169709,5221.599419183052,6065800,4967.390063476562,199.9323112416666,5367.254685959895,4567.5254409932295,0.8424151741785457,16.099586196115098,False,23.740618244914984,125.21519027676807,9766255.0,0.6210978517353889,12630364.26746282
2021-07-16,5201.9697265625,5260.859949882076,5123.449428803066,5241.229875442217,5581900,4992.9091796875,195.3972548818746,5383.703689451249,4602.114669923751,0.7674814277731093,15.65398030285056,False,23.993573702273704,126.08628533407102,8464920.0,0.6594155644707805,12630364.26746282
2021-07-19,5221.599609375,5241.229683094455,5143.07931449718,5201.969535655546,6565300,5017.446752929687,191.53165652365854,5400.510065977004,4634.38343988237,0.7664740390057861,15.26925274587703,False,24.22846091267823,124.09086271001416,8397195.0,0.78184441352142,12630364.26746282
2021-07-21,5123.44921875,5241.229660560345,5103.819145114942,5221.599586925287,8853700,5031.187817382813,188.61873605046756,5408.425289483748,4653.950345281877,0.6222855736644601,14.995960627729923,False,23.939711278851313,125.04226647682763,8489625.0,1.0428846974984172,12630364.26746282
2021-07-22,5123.44921875,5162.709366020115,5084.189071479885,5123.44921875,6293400,5050.81787109375,175.7038463941082,5402.225563881966,4699.410178305534,0.6033434229626028,13.914882767773177,False,23.421389028467324,121.71926848135644,8403250.0,0.7489245232499331,12630364.26746282
2021-07-23,5084.18896484375,5162.70925773709,5064.558891620415,5123.44911129042,6496900,5070.44794921875,154.05489315446684,5378.557735527684,4762.338162909817,0.5222988951269826,12.153158434706219,False,22.686458267890828,120.03577545530779,8350175.0,0.7780555497339876,12630364.26746282
2021-07-26,5103.8193359375,5143.079484675481,5084.18926156851,5084.18926156851,2365400,5088.115014648438,134.44147357449359,5356.997961797425,4819.232067499451,0.5292028956383769,10.569059322554072,False,22.004022561641225,115.66825719648085,8219270.0,0.2877871149140982,12630364.26746282
2021-07-27,5162.70947265625,5162.70947265625,5084.189176494177,5162.70947265625,3170500,5110.6896484375,101.75705621756131,5314.203760872623,4907.175536002377,0.6278039728948352,7.96425243694239,True,21.581853900758855,113.01483140830882,8159685.0,0.38855666609679174,12630364.26746282
2021-07-28,5103.8193359375,5162.7095590444715,5044.929112830529,5162.7095590444715,2551700,5121.486181640625,87.30198489445782,5296.09015142954,4946.882211851709,0.44940880861849053,6.818488368272141,True,20.62262285445926,113.35523246585404,7736540.0,0.3298244434850721,12630364.26746282
2021-07-29,5005.6689453125,5103.819316789215,5005.6689453125,5064.559168198529,8460000,5129.338232421875,65.91062820855086,5261.159488838976,4997.516976004773,0.030920541683858115,5.1398933134834754,True,19.201884394066397,112.26917233436447,7856370.0,1.0768331939559872,12630364.26746282
2021-07-30,4770.1083984375,5064.559534143518,4770.1083984375,5025.29938271605,17612100,5110.689672851562,103.73089692128084,5318.151466694124,4903.227879009,-0.32082890566472655,8.118739627045533,True,19.988045708544412,125.28216971805402,7448375.0,2.3645560273213957,12630364.26746282
2021-08-02,4848.6279296875,4887.888074867155,4789.737711918016,4848.6279296875,7791300,5094.985595703125,118.20584575057516,5331.397287204275,4858.573904201975,-0.02103528478503061,9.280171143193366,False,20.718052643416854,124.74627734031127,7179105.0,1.0852745572045541,12630364.26746282
2021-08-03,4809.3681640625,4907.5185347576535,4809.3681640625,4848.628312340561,6803100,5082.22607421875,134.3356410091605,5350.897356237071,4813.554792200429,-0.007791357726210945,10.572976412097992,False,21.127777144159822,122.8465697228,7048795.0,0.965143687679951,12630364.26746282
2021-08-04,4848.6279296875,4868.258002277328,4789.737711918016,4828.997857097672,8354800,5071.429541015625,144.14902287850157,5359.727586772628,4783.131495258622,0.113591533818587,11.36949822235989,False,21.66642795860776,119.68040691112226,7168485.0,1.1654903372190917,12630364.26746282
2021-08-05,4868.25830078125,4907.518448368196,4848.628226987777,4868.25830078125,5577600,5061.614526367188,151.15424813062884,5363.923022628445,4759.30603010593,0.18020047736462252,11.945141009314659,False,21.606821708208713,115.33827203752038,7009325.0,0.7957399606952167,12630364.26746282
2021-08-06,4887.888671875,4946.77889683735,4828.998446912651,4868.25859688755,4446500,5053.762524414063,156.06572590112074,5365.8939762163045,4741.631072611821,0.2342884679174274,12.352438417688832,False,21.0201967422074,115.51271331517597,6915060.0,0.6430168357179836,12630364.26746282
2021-08-09,4828.99853515625,4927.148911887068,4789.738384463923,4887.88876119474,4900300,5041.003002929688,163.69269668939785,5368.388396308484,4713.617609550892,0.1762157505174011,12.988898962707573,False,20.860057767188938,117.07684289431663,6823185.0,0.7181836634943944,12630364.26746282
2021-08-10,4809.3681640625,4848.628312340561,4750.4779416454085,4809.3681640625,6276400,5022.354443359375,167.93389027993882,5358.222223919252,4686.486662799498,0.1829313622434457,13.374913473260182,False,21.07540671550917,115.72495202294776,6835310.0,0.9182319455884225,12630364.26746282
2021-08-12,4868.25830078125,4907.518448368196,4809.368079400831,4848.628226987777,8716200,5005.668872070312,165.712154367781,5337.093180805874,4674.244563334751,0.29269690293191486,13.241958955167032,False,20.46102144052685,114.46962466183467,6797990.0,1.2821731129348528,12630364.26746282
2021-08-13,4887.888671875,4946.77889683735,4868.25859688755,4907.51874686245,4764300,4989.964819335937,160.94386871090467,5311.852556757746,4668.077081914128,0.3414413853125846,12.901403079015928,False,19.39256646689379,111.90183690428218,6582360.0,0.7237981514228939,12630364.26746282
2021-08-16,4986.0390625,5005.669137549213,4868.258612204724,4927.148837352362,7940600,4977.205297851562,149.69812019534135,5276.601538242245,4677.80905746088,0.5147526312236097,12.030696845875278,False,18.300190861460425,113.72388607858264,6676100.0,1.1894069891104089,12630364.26746282
2021-08-18,5025.298828125,5084.18904876709,5005.668754577637,5025.298828125,6963400,4968.371752929687,140.6777440096101,5249.727240948908,4687.016264910467,0.6011657451505331,11.325862959160183,False,18.07756036041999,112.61146466347601,6745175.0,1.0323527558588177,12630364.26746282
2021-08-19,4907.51806640625,5025.2985,4848.6278496093755,5005.668427734376,6790800,4952.66767578125,127.86933886938198,5208.406353520014,4696.9289980424865,0.41172706104877815,10.32731022876162,False,17.341670348018216,117.18714422434375,6756450.0,1.005084030814999,12630364.26746282
2021-08-20,4848.6279296875,4887.888074867155,4828.997857097672,4887.888074867155,4015600,4938.926611328125,123.23328005247339,5185.393171433071,4692.460051223178,0.3168135230958409,9.980571873234181,False,16.83047767353585,114.42522030178908,6514545.0,0.616405290008742,12630364.26746282
2021-08-23,4887.888671875,4907.51874686245,4848.6285219001,4868.25859688755,4877300,4927.148583984375,115.69565906176587,5158.539902107907,4695.757265860843,0.4151655463399543,9.392504170694838,False,16.140378217965303,110.45847722130057,6443740.0,0.7569051513562,12630364.26746282
2021-08-24,4946.7783203125,4946.7783203125,4848.627956814236,4887.888102213542,4955000,4920.278051757812,109.80935298466947,5139.896757727151,4700.659345788473,0.560332448544678,8.927085163037834,False,15.073430223648238,109.57932624108365,6366645.0,0.7782748998884028,12630364.26746282
2021-08-25,4966.40869140625,5005.668839164402,4907.518469769022,4986.038765285326,5437500,4913.40751953125,101.72210201013507,5116.85172355152,4709.96331551098,0.6302597243559698,8.28118584552821,False,14.507257416689265,108.76297218067626,6520250.0,0.8339404163950769,12630364.26746282
2021-08-26,4927.1484375,5025.298804780877,4927.1484375,4986.038657868526,6674600,4901.629467773438,83.3076838688778,5068.244835511194,4735.014100035682,0.5765804801593327,6.798366495598901,True,14.172312729200923,108.00492897354772,6695455.0,0.9968852004830142,12630364.26746282
2021-08-27,5044.9287109375,5064.558783742704,4927.148274106275,4966.408419716683,11218400,4898.6849365234375,76.55192893780958,5051.788794399056,4745.581078647819,0.9775966342169855,6.250814651667537,True,14.237113605205101,110.10532759232498,7128790.0,1.5736751959308664,12630364.26746282
2021-08-30,5123.44921875,5123.44921875,5044.92892420977,5064.558997844828,8838300,4904.573950195312,88.77041750184343,5082.114785198999,4727.033115191625,1.1164082436306628,7.239806629752897,True,14.819727268720676,107.84926903662321,7147705.0,1.2365227719946472,12630364.26746282
2021-08-31,4848.6279296875,5123.448945945091,4848.6279296875,5123.448945945091,29734700,4908.499926757812,84.12530134686634,5076.750529451545,4740.24932406408,0.32207494026247974,6.855479482704867,True,14.226274415991329,119.77584189561442,7753835.0,3.8348378576536644,12630364.26746282
2021-09-01,4986.0390625,5025.299212598425,4927.148837352362,4927.148837352362,10351400,4915.3704833984375,84.5881137521339,5084.546710902705,4746.19425589417,0.7088608433468582,6.883559563848002,True,13.675211052742648,123.83980196813658,7881840.0,1.3133227774225307,12630364.26746282
2021-09-02,5064.55859375,5064.55859375,5005.668377543604,5025.298449612403,6606600,4928.1300048828125,86.9701471983037,5102.0702992794195,4754.1897104862055,0.8921707426690684,7.059078970086674,True,12.76840432032883,120.60263977398397,7872015.0,0.8392514495970854,12630364.26746282
2021-09-03,5123.44921875,5143.079292385058,5044.92892420977,5084.189071479885,14115000,4941.871069335937,95.08029899135637,5132.03166731865,4751.710471353224,0.9774336832664197,7.69589474572292,False,12.512031561549001,118.99890608836279,8160025.0,1.729774112211666,12630364.26746282
2021-09-06,5084.18896484375,5162.70925773709,5064.558891620415,5143.079184513755,11023000,4952.6676025390625,98.48035950936654,5149.628321557796,4755.706883520329,0.8338771379388042,7.953722511793784,False,12.445047919483349,117.50972466181369,8432295.0,1.3072360490234272,12630364.26746282
2021-09-07,5127.67138671875,5168.6927578125,5086.6500156249995,5168.6927578125,9378400,4964.65673828125,104.58551526838592,5173.8277688180215,4755.4857077444785,0.8896683207497098,8.426404545712293,False,12.437056578854728,115.15215811230912,8678890.0,1.0805990166945312,12630364.26746282
2021-09-08,5066.1396484375,5148.182395780617,5045.62896160172,5148.182395780617,11104500,4976.5137939453125,101.80174429106944,5180.117282527452,4772.910305363173,0.7200990147966694,8.182575072125944,False,11.951507449663879,114.25224925992255,8989100.0,1.2353294545616358,12630364.26746282
2021-09-09,5148.18212890625,5148.18212890625,5045.628700043576,5066.139385816111,9251000,4993.4544921875,100.70825978095455,5194.871011749409,4792.0379726255915,0.8840986753601195,8.067221594871235,False,11.500637313619007,113.41661923154767,9137830.0,1.012384778443022,12630364.26746282
2021-09-10,5107.1611328125,5168.693194653614,5107.1611328125,5168.693194653614,3664000,5005.399633789062,99.23451855818405,5203.86867090543,4806.930596672694,0.7563661831134201,7.930197452231315,False,11.307097647772954,109.71057941794528,8885220.0,0.41237020580244493,12630364.26746282
2021-09-13,5107.1611328125,5127.671820092872,5066.1397582517575,5086.650445532128,1815700,5016.363256835937,97.66884427634521,5211.700945388628,4821.025568283247,0.7324125893198307,7.788020067585751,False,10.605871563810759,106.26925673388592,8737790.0,0.20779853944761775,12630364.26746282
2021-09-14,5066.1396484375,5148.182395780617,5066.1396484375,5148.182395780617,3388600,5020.3682861328125,98.00166134699018,5216.371608826793,4824.364963438832,0.6167616999436031,7.8083244703532175,False,10.200139371859066,104.53879177740245,8510190.0,0.39818147420915395,12630364.26746282
2021-09-15,5127.67138671875,5127.67138671875,5066.139330078125,5066.139330078125,4024900,5025.4869140625,100.9032431334198,5227.293400329339,4823.68042779566,0.7531744012457964,8.031320734400385,False,9.823383681470892,101.46688212477552,8363265.0,0.4812594124423894,12630364.26746282
2021-09-16,5086.650390625,5148.182451801916,5066.139703566028,5127.671764742943,3692500,5034.443530273437,97.78271491608936,5230.008960105616,4838.8781004412585,0.6334767100615971,7.769098159754588,False,9.737553371849565,100.07944398985494,8208350.0,0.4498468023415181,12630364.26746282
2021-09-17,5086.650390625,5107.161077683972,5045.629016507057,5086.650390625,9684300,5046.344653320312,87.96922656964715,5222.283106459607,4870.406200181018,0.6145449916874531,6.972906736504142,False,9.346076149314792,97.32605950321636,8491785.0,1.1404316053691892,12630364.26746282
2021-09-20,5045.62890625,5107.160966082317,5025.118219639227,5086.650279471544,3568800,5054.231665039062,79.6971989215929,5213.626062882248,4894.837267195876,0.4730142373086236,6.307364141843479,False,8.683339028362585,96.23439428463588,8426360.0,0.4235280714329794,12630364.26746282
2021-09-21,5045.62890625,5066.139592860773,5004.607533028456,5045.62890625,3730100,5059.1741943359375,75.64475181011264,5210.463697956163,4907.884690715712,0.4552338802038125,5.980798359922195,False,8.373168372933703,93.75565610947024,8365115.0,0.4459113831668782,12630364.26746282
2021-09-22,5086.650390625,5086.650390625,5045.629016507057,5066.139703566028,2410500,5065.186279296875,72.60094263887882,5210.388164574632,4919.984394019118,0.5739112694269299,5.7333285400083485,False,7.793118456664973,89.98892955700808,8213765.0,0.2934707774084114,12630364.26746282
2021-09-23,5045.62890625,5107.160966082317,5045.62890625,5086.650279471544,5395000,5071.110302734375,65.20139026924846,5201.513083272872,4940.7075221958785,0.40229734220715974,5.142967624592298,True,7.5769927793943,87.95629600524443,8149785.0,0.6619806534773617,12630364.26746282
2021-09-24,5045.62890625,5086.650279471544,5004.607533028456,5045.62890625,6243600,5071.1453125,65.18677855609907,5201.518869612198,4940.771755387802,0.40214117488548423,5.1417795814620675,True,7.360004700904394,87.53389960794759,7901045.0,0.7902245842163916,12630364.26746282
2021-09-27,5004.607421875,5066.1394803406765,5004.607421875,5045.628794185451,4794800,5065.20322265625,65.58338586045686,5196.3699943771635,4934.036450935336,0.2690123802460408,5.17913165395676,True,7.1585175383633874,85.67662524064251,7698870.0,0.622792695551425,12630364.26746282
2021-09-28,5045.62890625,5107.160966082317,5004.607533028456,5004.607533028456,6688300,5075.053271484375,41.83945293584794,5158.732177356071,4991.374365612679,0.32418289933492356,3.297656256806978,True,7.020393886109871,86.88211945254783,6546550.0,1.021652626192422,12630364.26746282
2021-09-29,5045.62890625,5066.139592860773,5004.607533028456,5025.118219639227,4698800,5078.032763671875,37.0099367964541,5152.052637264783,5004.012890078967,0.281113801949403,2.9152972041631706,True,6.892136209017319,85.07140090824562,6263920.0,0.750137294218317,12630364.26746282
2021-09-30,5209.71484375,5230.225532111221,5066.140025221456,5086.650713582677,17585000,5085.290576171875,47.08898246644913,5179.468541104773,4991.112611238977,1.1605805703424226,3.703936422991738,True,8.819531409110443,92.18034554774384,6812840.0,2.5811555826938544,12630364.26746282
2021-10-01,5127.67138671875,5189.203443359374,5066.139330078125,5189.203443359374,8796400,5085.501684570312,47.278142768354144,5180.05797010702,4990.945399033604,0.7229873027957885,3.7186610643979074,True,10.609242334723712,95.85142898518181,6546910.0,1.3435956810159297,12630364.26746282
2021-10-04,5271.24609375,5291.756778939689,5107.16061223249,5168.692667801556,13243300,5094.854541015625,62.919738649860314,5220.694018315346,4969.015063715904,1.2008593667083143,4.939865359713902,False,13.120056626125493,102.19033882246875,6657925.0,1.9891032115861924,12630364.26746282
2021-10-05,5332.77880859375,5353.28949631911,5209.714682241586,5271.2467454176685,10904600,5105.109912109375,82.28529821325397,5269.680508535883,4940.539315682867,1.191705874038212,6.447289059776944,False,15.854662596365634,105.14637276925842,6734235.0,1.619278210516859,12630364.26746282
2021-10-06,5414.8212890625,5455.842662464489,5353.2892289595175,5353.2892289595175,14518800,5122.543994140625,106.86194905896382,5336.267892258553,4908.820096022697,1.1837730770767694,8.344443634350203,False,18.94019491854183,106.42619284793561,6904950.0,2.1026654791128103,12630364.26746282
2021-10-07,5496.86376953125,5517.374455238456,5435.331712409631,5435.331712409631,14057700,5139.978076171875,135.79184591938886,5411.5617680106525,4868.394384333097,1.1570455150363668,10.56750390036863,False,22.075297806508893,106.14954808565135,7145285.0,1.9674092775865484,12630364.26746282
2021-10-08,5496.86376953125,5537.885140945662,5414.821026702425,5496.86376953125,7786300,5159.463208007813,157.11982052687847,5473.702849061569,4845.223566954056,1.0368523213557874,12.181098241616956,False,24.98646477390688,107.35773138262175,7351400.0,1.0591587996844138,12630364.26746282
2021-10-11,5435.33203125,5517.37477889151,5414.821344339623,5517.37477889151,4124900,5175.871752929687,168.12110542290873,5512.113963775505,4839.62954208387,0.8858234777656857,12.992679374464611,False,27.689691243633582,107.01456732328357,7466860.0,0.552427660355223,12630364.26746282
2021-10-12,5476.353515625,5496.864202949438,5414.821453651685,5455.842828300561,6394400,5196.3824462890625,178.71821392736186,5553.818874143786,4838.946018434339,0.8916375717722437,13.757125521428193,False,30.199830108379807,105.23086603574563,7617150.0,0.839474081513427,12630364.26746282
2021-10-13,5558.39599609375,5599.417368758649,5435.331878099055,5455.842564431504,14065500,5217.918676757812,195.1949384424096,5608.3085536426315,4827.528799872993,0.9360734479756916,14.963432781109983,False,32.98583106711285,109.43476779459196,8119180.0,1.7323793782130708,12630364.26746282
2021-10-14,5619.92822265625,5660.949596544252,5558.396161824247,5558.396161824247,20074200,5244.582568359375,212.01803121179654,5668.618630782968,4820.546505935782,0.9425869490339739,16.170440903411723,False,35.79221135655513,108.94325584144268,8938265.0,2.24587210157676,12630364.26746282
2021-10-15,5558.39599609375,5701.970800420895,5537.885309761301,5660.949427755996,15567200,5268.169848632812,219.62771904294317,5707.425286718699,4828.914410546926,0.830361473412414,16.67582673705486,False,38.530456026630745,112.88198689988207,9232410.0,1.6861469540455851,12630364.26746282
2021-10-18,5558.39599609375,5640.438741423547,5537.885309761301,5619.928055091098,14298500,5293.808203125,222.19604971619455,5738.200302557389,4849.416103692611,0.797696328655147,16.78912731179263,False,41.07311179170097,112.14423295433664,9768895.0,1.4636762909213377,12630364.26746282
2021-10-19,5599.41796875,5640.43934581044,5517.375214629121,5558.39659168956,13144700,5321.49765625,224.13821568056784,5769.774087611136,4873.221224888864,0.8099876471936408,16.84775453521599,False,42.970228076679746,112.92422568483536,10239625.0,1.2837091202070388,12630364.26746282
2021-10-21,5496.86376953125,5660.949255188899,5496.86376953125,5619.927883774487,12586700,5342.008325195313,220.251905965234,5782.512137125781,4901.504513264845,0.6757708334660002,16.49206759386181,False,44.26940851342375,116.57860139717918,10748435.0,1.1710262935953002,12630364.26746282
2021-10-22,5455.8427734375,5496.864147673872,5414.821399201128,5496.864147673872,7423900,5362.519018554687,210.06401158940446,5782.647041733496,4942.390995375878,0.6110658534233192,15.669054849973927,False,43.833937998155506,114.11175475971955,10849880.0,0.6842379823555652,12630364.26746282
2021-10-25,5455.8427734375,5517.374834792058,5435.332086319314,5476.353460555686,6118400,5383.029711914062,197.12233704010896,5777.27438599428,4988.785037833844,0.5923450160656099,14.647687089954218,False,43.59288580064696,111.82111145350703,10843620.0,0.5642396173971422,12630364.26746282
2021-10-26,5476.353515625,5517.374890273876,5414.821453651685,5496.864202949438,7012800,5406.617016601563,176.61522008312065,5759.847456767804,5053.386576435321,0.59871247080322,13.066597433537892,False,42.98480005197339,111.1591346798416,10954520.0,0.6401741016493648,12630364.26746282
2021-10-27,5312.267578125,5476.35306316361,5291.756892495174,5435.331691903958,9480800,5419.948950195312,156.89426124050235,5733.737472676316,5106.160427714308,0.3284172868737881,11.579021328962764,False,40.50606010674386,116.40466956912621,11094145.0,0.8545768961916398,12630364.26746282
2021-10-28,5250.736328125,5332.779083251953,5209.714950561523,5291.757705688477,10016800,5430.204321289062,136.51958379605875,5703.2434888811795,5157.165153696945,0.17135119340796842,10.05631285444159,False,37.98541757670132,116.88034550636218,11360045.0,0.8817570705045623,12630364.26746282
2021-10-29,5209.71484375,5312.2682855561025,5209.71484375,5250.73622047244,8757400,5430.204321289062,136.51958379605875,5703.2434888811795,5157.165153696945,0.09623104720923621,10.05631285444159,False,35.644822125054084,115.85699524205792,10918665.0,0.8020577607244109,12630364.26746282
2021-11-01,5148.18212890625,5250.735557768925,5127.671443133715,5189.20350045132,16153400,5431.2298583984375,134.1844065782847,5699.598671555007,5162.861045241868,-0.02734840193046963,9.882432530141754,False,34.32665424086862,116.37178948442593,11286515.0,1.4312123804380714,12630364.26746282
2021-11-02,5148.18212890625,5209.714186223855,5086.650071588646,5168.692814678785,11685600,5425.07666015625,144.34381828303788,5713.7642967223255,5136.3890235901745,0.020425373002380533,10.642711786408595,False,33.47935459792254,116.84981270948187,11208630.0,1.0425538179063811,12630364.26746282
2021-11-03,5127.67138671875,5168.6927578125,5086.6500156249995,5148.182072265625,8534200,5414.8212890625,157.8965634428172,5730.614415948135,5099.028162176865,0.045351247546717224,11.664027676167674,False,32.69257687626149,114.36359338648317,11090110.0,0.7695324933657105,12630364.26746282
2021-11-04,5148.18212890625,5209.714186223855,5127.671443133715,5127.671443133715,7149400,5401.489331054688,168.77839563609237,5739.046122326872,5063.932539782503,0.12479320710187287,12.498656225477484,False,31.360322833540835,112.05496525209902,10721640.0,0.6668196283404405,12630364.26746282
2021-11-05,5127.67138671875,5189.203443359374,5107.160701171874,5148.182072265625,6618800,5383.029711914062,177.7493241064474,5738.5283601269575,5027.531063701167,0.1408448717329756,13.208125061100187,False,30.34251229775134,109.9112350331991,10349695.0,0.6395164301943197,12630364.26746282
2021-11-08,5148.18212890625,5189.20350045132,5127.671443133715,5127.671443133715,6313200,5365.595629882812,183.0182436162631,5731.632117115339,4999.559142650286,0.20301662735817722,13.643834253701325,False,29.397401618971127,106.45558351172559,10276040.0,0.6143611741487967,12630364.26746282
2021-11-09,5209.71484375,5209.71484375,5148.182778666339,5168.693467027559,7461700,5354.314770507813,185.4309873718416,5725.176745251496,4983.452795764129,0.3050488637211308,13.852826762686202,False,28.187088800245995,103.24680717829877,10442880.0,0.7145251118465404,12630364.26746282
2021-11-10,5148.18212890625,5209.714186223855,5127.671443133715,5209.714186223855,10524900,5337.906201171875,188.55695190844162,5715.020104988758,4960.792297354992,0.24845256254758724,14.129656445970973,False,27.32007666328586,101.73227813815494,10649405.0,0.9883087364974851,12630364.26746282
2021-11-11,5189.20361328125,5209.714299499753,5127.671554625741,5148.182240844244,11349000,5319.44658203125,183.8480948116205,5687.142771654491,4951.750392408008,0.3228932303004652,13.824603140683683,False,26.514991939762833,100.32588290500188,10513580.0,1.0794610399121898,12630364.26746282
2021-11-12,5209.71484375,5230.225532111221,5168.693467027559,5209.71484375,3702900,5298.9359130859375,170.9940603113151,5640.924033708568,4956.947792463307,0.36955530915299056,12.907803613101887,False,25.390504904399197,97.55489591776332,9695015.0,0.38193855295737034,12630364.26746282
2021-11-15,5168.693359375,5230.225423177083,5127.671983506944,5209.714735243056,5020300,5279.45078125,161.83009046896865,5603.110962187937,4955.790600312062,0.3288985973590651,12.26113072546933,False,24.914829534022775,97.9119347572187,9167670.0,0.5476091525982065,12630364.26746282
2021-11-16,5168.693359375,5189.204047309027,5148.182671440972,5168.693359375,5785000,5259.965649414063,149.4646502487419,5558.894949911546,4961.036348916579,0.34733465423569093,11.36620732611753,False,24.473130975816098,93.84832340799277,8741995.0,0.6617482622673657,12630364.26746282
2021-11-17,5168.693359375,5189.204047309027,5148.182671440972,5168.693359375,4586800,5238.429418945312,127.37853268195876,5493.18648430923,4983.672353581394,0.36313223644907566,9.726467419511769,False,24.062982314624183,90.07497001228298,8314100.0,0.5516892989018655,12630364.26746282
2021-11-18,5373.80029296875,5394.310981109852,5168.693411557729,5189.204099698831,27526600,5232.2762451171875,116.76793228313146,5465.81210968345,4998.740380550925,0.8030028131105467,8.926740623995178,True,24.040263342462744,99.75658799246649,9061095.0,3.037888908570101,12630364.26746282
2021-11-19,5373.80029296875,5435.332357392056,5332.778916686546,5414.821669250954,15329300,5228.17412109375,109.72951560155923,5447.6331522968685,5008.715089890631,0.8317844134202365,8.395245686928545,True,24.408837120639248,99.95636318625533,9456365.0,1.6210562938296058,12630364.26746282
2021-11-22,5435.33203125,5455.842718160377,5353.289283608491,5373.799970518869,6550100,5227.148583984375,107.56420732262188,5442.276998629619,5012.020169339132,0.9838585539918763,8.231195696421649,True,24.93866648096653,100.14186828380039,9477950.0,0.6910882627572418,12630364.26746282
2021-11-23,5414.8212890625,5455.842662464489,5373.799915660511,5435.3319757634945,5566900,5224.07197265625,100.72363198741341,5425.519236631077,5022.624708681424,0.9734472750895403,7.712269854980495,True,25.430650886984715,98.84907389238451,9405655.0,0.591867339382531,12630364.26746282
2021-11-24,5373.80029296875,5414.821669250954,5291.757540404342,5414.821669250954,6460100,5227.148608398437,104.43092456481568,5436.010457528068,5018.286759268806,0.8510734133146849,7.991425718949473,True,24.5050701080776,100.57872067482934,9254620.0,0.6980405462352858,12630364.26746282
2021-11-25,5312.267578125,5373.7996350144795,5312.267578125,5332.778263754826,5060400,5230.225170898438,106.05611619199425,5442.337403282426,5018.1129385144495,0.6933938611282927,8.111017229782172,True,23.645602241949565,97.78972025832367,9006800.0,0.5618421636985389,12630364.26746282
2021-11-26,5209.71484375,5353.289662278543,5189.204155388779,5312.2682855561025,10209100,5230.225170898438,106.05611619199425,5442.337403282426,5018.1129385144495,0.45165218215395586,8.111017229782172,True,22.700149296238262,102.52513358914081,9079385.0,1.1244263790994655,12630364.26746282
2021-11-29,5332.77880859375,5394.3108717698315,5168.693306790866,5189.203994516226,10021900,5239.455004882812,106.57156898695645,5452.598142856726,5026.311866908899,0.7189228435830752,8.136080480709484,False,21.285477866090087,111.31745011698544,8772810.0,1.1423819733927898,12630364.26746282
2021-11-30,5168.693359375,5373.800238715277,5168.693359375,5373.800238715277,18352800,5240.48056640625,105.74246870473459,5451.965503815719,5028.99562899678,0.3302782034725766,8.071203956567622,False,19.97185439523821,118.01669506150628,9106170.0,2.0154247065451227,12630364.26746282
2021-12-01,5353.2890625,5455.842492816092,5250.735632183908,5250.735632183908,18018500,5251.761450195312,105.10711405027709,5461.975678295867,5041.547222094758,0.7414860621520891,8.005475118933159,False,19.340599869677384,130.09758351719097,9580385.0,1.8807699273045917,12630364.26746282
2021-12-02,5312.267578125,5414.821006274132,5312.267578125,5353.288949384652,7752700,5259.96572265625,102.97897512590518,5465.92367290806,5054.00777240444,0.6269721693306909,7.831151802555948,False,18.754434953085187,128.1301438480439,9610550.0,0.8066864019228869,12630364.26746282
2021-12-03,5291.7568359375,5332.778206758721,5250.73546511628,5312.267521348111,11984300,5268.169995117188,98.31512141334737,5464.800237943882,5071.539752290493,0.5599776526775213,7.464840466763281,False,17.461144554529685,124.83818654764374,9878825.0,1.213130104035652,12630364.26746282
2021-12-06,5271.24609375,5353.288834508755,5250.735408560311,5271.24609375,9863600,5274.323193359375,94.17412099674837,5462.671435352872,5085.974951365878,0.49183135563993896,7.142081935010602,True,16.43118864104554,123.24641793341519,10056345.0,0.9808334936798608,12630364.26746282
2021-12-07,5209.71484375,5312.2682855561025,5209.71484375,5271.246908833661,7943100,5274.323193359375,94.17412099674837,5462.671435352872,5085.974951365878,0.3284869852631653,7.142081935010602,False,15.578929825997031,121.76834821003571,10080415.0,0.7879735110112034,12630364.26746282
2021-12-08,5230.22509765625,5291.757157628676,5230.22509765625,5230.22509765625,3746700,5278.425341796875,90.08856978490428,5458.602481366684,5098.248202227066,0.36624206529277853,6.826927649921941,False,14.787546640594844,118.93077432922433,9741505.0,0.3846120286341792,12630364.26746282
2021-12-09,5373.80029296875,5373.80029296875,5250.736164122137,5271.246852263239,5859900,5287.65517578125,89.92251795618829,5467.500211693627,5107.810139868874,0.7394981789474331,6.802449476513157,False,14.493156114718275,120.69109011374402,9467050.0,0.618978456858261,12630364.26746282
2021-12-10,5435.33203125,5435.33203125,5291.757222877359,5332.778596698114,9437900,5298.93603515625,93.70270118986427,5486.341437535979,5111.530632776521,0.8639062544669298,7.073321932417056,False,14.88927578859239,122.32564141795096,9753800.0,0.9676126227726629,12630364.26746282
2021-12-13,5373.80029296875,5435.332357392056,5373.80029296875,5435.332357392056,6051800,5309.191381835937,89.84249017850067,5488.876362192938,5129.506401478936,0.6797838389286817,6.768826641727332,False,15.257104620580703,117.98324306119062,9805375.0,0.6171921012709866,12630364.26746282
2021-12-14,5291.7568359375,5394.3102629905525,5291.7568359375,5394.3102629905525,6530400,5315.344555664063,83.71908727218685,5482.782730208436,5147.906381119689,0.4295628974970949,6.300181400882105,False,14.401749224241286,116.8811133463236,9842645.0,0.6634801925701882,12630364.26746282
2021-12-15,5332.77880859375,5414.821559495193,5312.26812086839,5332.77880859375,3988500,5323.548828125,76.3027225733506,5476.154273271701,5170.943382978299,0.5302413208777614,5.733222332458617,False,13.857730902735454,117.32279978999281,9812730.0,0.4064618103218982,12630364.26746282
2021-12-16,5271.24609375,5394.310204888132,5271.24609375,5332.778149319066,5261600,5318.421118164062,76.1938324915643,5470.80878314719,5166.033453180934,0.34521376969951867,5.730560314702305,False,12.935223651888975,117.73289345771704,8699480.0,0.6048177592223903,12630364.26746282
2021-12-17,5312.267578125,5332.778263754826,5271.246206865348,5271.246206865348,8264800,5315.344482421875,75.07406917538569,5465.492620772647,5165.196344071103,0.4897537714064532,5.6496108144004396,False,12.07860977610296,113.71855606822484,8346255.0,0.9902405330294844,12630364.26746282
2021-12-20,5230.22509765625,5332.778530943628,5209.714410998775,5312.2678442861525,5455500,5305.089135742188,71.75655351224155,5448.602242766671,5161.5760287177045,0.23917351648875512,5.41039380686695,False,12.074359985106298,114.38609634512684,8291525.0,0.6579609902882763,12630364.26746282
2021-12-21,5230.22509765625,5271.246470971201,5189.203724341299,5230.22509765625,5431900,5295.859326171875,68.70637276015337,5433.272071692182,5158.446580651568,0.2611785272643225,5.189440921937635,True,12.312934432916022,112.07585707975367,8284775.0,0.6556484635973819,12630364.26746282
2021-12-22,5168.693359375,5250.736111111111,5168.693359375,5230.225423177083,4308500,5285.603979492187,71.70248971491363,5429.008958922014,5142.19900006236,0.09237600890143621,5.42624759578014,False,12.775542091913325,109.93063526949351,8177195.0,0.5268921677910334,12630364.26746282
2021-12-23,5230.22509765625,5250.735784313726,5168.693037683824,5209.714410998775,3952900,5281.50185546875,72.43981829814723,5426.381492065045,5136.622218872456,0.3230366978508425,5.48630448539096,False,13.205110256158902,107.93864322380844,8121820.0,0.48670125661489666,12630364.26746282
2021-12-24,5250.736328125,5250.736328125,5209.714950561523,5230.225639343262,2114600,5283.5529296875,70.86385120278455,5425.2806320930695,5141.825227281931,0.3842265802468458,5.364863541319795,False,13.603984569500504,103.15883853378473,7717095.0,0.2740150276755696,12630364.26746282
2021-12-27,5230.22509765625,5271.246470971201,5209.714410998775,5250.735784313726,1824500,5278.425244140625,70.82477639336251,5420.07479692735,5136.775691353901,0.3298612825239625,5.367114100705102,False,13.571595613011448,100.18549720797343,7307225.0,0.2496843877121616,12630364.26746282
2021-12-28,5189.20361328125,5271.246358155261,5168.692927062747,5271.246358155261,3868400,5279.450756835938,69.2840110002799,5418.018778836497,5140.882734835378,0.17435797144335674,5.249334765406765,False,14.116958521215825,100.35463534258348,6583005.0,0.587634370625573,12630364.26746282
2021-12-29,5250.736328125,5250.736328125,5189.204261779785,5209.714950561523,2810200,5274.3231201171875,67.29815016301818,5408.919420443224,5139.726819791151,0.41237949358543846,5.103832179437888,False,14.623366935977032,97.58164102123823,5822590.0,0.4826374517182216,12630364.26746282
2021-12-30,5189.20361328125,5271.246358155261,5168.692927062747,5250.735671936759,5535600,5268.169921875,69.24407284923502,5406.65806757347,5129.68177617653,0.21489867166795995,5.257542856521261,False,15.380891953760754,97.93676888347221,5711735.0,0.9691626099600209,12630364.26746282
2022-01-03,5127.67138671875,5209.714128906249,5127.67138671875,5189.203443359374,7155400,5259.965649414063,75.72018607452357,5411.40602156311,5108.525277265016,0.06321335976014007,5.758226659366755,False,16.61332144447165,96.8014812623313,5470290.0,1.3080476537806953,12630364.26746282
2022-01-04,5148.18212890625,5189.20350045132,5127.671443133715,5127.671443133715,9175000,5253.812451171875,79.6533460045205,5413.119143180917,5094.505759162834,0.16846865962281682,6.064422492794073,False,17.757720257274627,94.2822407244912,5435860.0,1.6878653975635869,12630364.26746282
2022-01-05,5107.1611328125,5168.693194653614,5086.650445532128,5168.693194653614,10376700,5248.684765625,85.71206451942479,5420.10889466385,5077.26063658615,0.08721204066777967,6.532079432986759,False,19.316173901650874,93.40799132427655,5557540.0,1.8671390579285079,12630364.26746282
2022-01-06,5168.693359375,5168.693359375,5107.161295572916,5107.161295572916,4718900,5245.608178710938,87.49531117391972,5420.598801058777,5070.617556363099,0.28023159668793646,6.671890708804012,False,20.763304986263073,91.13115098414966,5606150.0,0.8417363074480704,12630364.26746282
2022-01-07,5271.24609375,5291.756778939689,5189.203352991245,5209.714038180934,10167800,5240.48046875,82.44659400956826,5405.373656769137,5075.587280730863,0.5932895572266742,6.293056104394499,False,19.476120241958284,93.41202731133103,5821545.0,1.7465810192998594,12630364.26746282
2022-01-10,5250.736328125,5312.268394470215,5230.225639343262,5271.247016906738,7142500,5231.25068359375,68.66610631546675,5368.582896224683,5093.918470962817,0.5709434595058028,5.250454277086527,False,18.22096167698364,92.59993644101833,5706775.0,1.2515825488125956,12630364.26746282
2022-01-11,5353.2890625,5373.799748563219,5250.735632183908,5291.757004310345,12672700,5230.225122070313,66.54542897756157,5363.315980025436,5097.13426411519,0.9623305549325668,5.0892974909822275,False,17.94869347426876,94.7759492937535,6037820.0,2.098886684266838,12630364.26746282
2022-01-12,5414.8212890625,5414.8212890625,5332.778542258523,5353.2892289595175,9446400,5236.378344726562,77.3474520091921,5391.073248744947,5081.683440708178,1.0767576684838012,5.908469321135827,False,18.20850752380067,93.86643483019805,6183620.0,1.5276488529372763,12630364.26746282
2022-01-13,5414.8212890625,5414.8212890625,5353.2892289595175,5414.8212890625,5598300,5240.48046875,84.567700949366,5409.615870648732,5071.345066851268,1.0153883171569382,6.454957819509846,False,18.44976342693744,91.55683663539693,6264110.0,0.89371035949241,12630364.26746282
2022-01-14,5332.77880859375,5414.821559495193,5332.77880859375,5414.821559495193,6834000,5243.557104492187,86.83480109405431,5417.226706680296,5069.887502304078,0.7568719654373454,6.624114078564153,False,18.271090761317943,90.87725908297162,6342730.0,1.0774540300469988,12630364.26746282
2022-01-17,5312.267578125,5414.821006274132,5271.246206865348,5332.778263754826,7248800,5243.557104492187,86.83480109405431,5417.226706680296,5069.887502304078,0.6978195169652938,6.624114078564153,False,17.026114903285766,94.64136910624396,6291930.0,1.1520789328552605,12630364.26746282
2022-01-18,5271.24609375,5353.288834508755,5209.714038180934,5332.778149319066,7813200,5245.608154296875,86.98764962357852,5419.583453544032,5071.632855049718,0.5736826996822769,6.633179380913042,False,16.636161103154944,98.13661390778518,6409815.0,1.2189431364243741,12630364.26746282
2022-01-19,5271.24609375,5312.267464129377,5230.224723370622,5291.756778939689,4464400,5247.659204101563,87.08939809650575,5421.838000294574,5073.480407908552,0.5677088433379112,6.638342522581245,False,16.274061145890613,96.98705153999731,6361440.0,0.7017907895067783,12630364.26746282
2022-01-20,5209.71484375,5291.757597194882,5209.71484375,5271.246908833661,8229600,5249.710278320313,85.60211928497856,5420.91451689027,5078.506039750356,0.3831937955964511,6.522426171858578,False,16.224642990414825,95.91960167606048,6557495.0,1.2549914258417276,12630364.26746282
2022-01-21,5312.267578125,5332.778263754826,5209.714149975869,5209.714149975869,7217800,5253.81240234375,86.57942163390925,5426.9712456115685,5080.653559075932,0.6687906164019566,6.591740625933701,False,15.443256076639223,97.85849539769595,6720740.0,1.0739591175971694,12630364.26746282
2022-01-24,5250.736328125,5332.779083251953,5230.225639343262,5312.268394470215,3787900,5253.81240234375,86.57942163390925,5426.9712456115685,5080.653559075932,0.4911177674766725,6.591740625933701,False,14.717668099768824,98.19384886276706,6804405.0,0.5566835013494934,12630364.26746282
2022-01-25,5209.71484375,5291.757597194882,5189.204155388779,5250.73622047244,5219900,5252.786889648438,86.99398919481554,5426.774868038069,5078.798911258807,0.3762212013235142,6.62459688713075,False,14.677462562980313,98.50524835871958,6974175.0,0.7484612875358018,12630364.26746282
2022-01-26,5291.7568359375,5312.267521348111,5209.714094295058,5250.73546511628,6722000,5257.91455078125,86.06640473948985,5430.04736026023,5085.78174130227,0.5983028315714057,6.547569680583844,False,14.248718173444102,98.79440397974336,7116855.0,0.9445183300769793,12630364.26746282
2022-01-27,5271.24609375,5291.756778939689,5209.714038180934,5271.24609375,4047800,5258.9400390625,86.0985558604902,5431.13715078348,5086.742927341519,0.5357324654418144,6.54873835571161,False,13.850599305776024,97.59786067808784,7178735.0,0.563859788667502,12630364.26746282
2022-01-28,5230.22509765625,5271.246470971201,5189.203724341299,5250.735784313726,5353300,5260.99111328125,84.82908692255728,5430.649287126365,5091.332939436135,0.40932940356564435,6.449665859226291,False,13.824931502201073,96.48678110321747,7169620.0,0.7466643978341948,12630364.26746282
2022-01-31,5189.20361328125,5291.757044373764,5189.20361328125,5209.714299499753,4971500,5264.067724609375,80.75743103967955,5425.5825866887335,5102.552862530016,0.2682438929634202,6.136503955839369,False,13.36543601287698,96.92011324531008,7060425.0,0.7041360824596253,12630364.26746282
2022-02-02,5250.736328125,5250.736328125,5189.204261779785,5189.204261779785,3565700,5269.1954345703125,76.13557068473926,5421.466575939791,5116.924293200834,0.43938737741341827,5.7796733205397235,False,12.938761629933179,94.39244193091292,6779960.0,0.5259175570357347,12630364.26746282
2022-02-03,5271.24609375,5271.24609375,5209.714038180934,5250.735408560311,2665200,5277.399682617188,65.91013574436117,5409.21995410591,5145.579411128466,0.4766591708631311,4.9956523824759556,False,12.092522124831705,92.04527147649529,6394385.0,0.4168031796646589,12630364.26746282
2022-02-04,5271.24609375,5312.267464129377,5209.714038180934,5271.24609375,3232400,5282.527319335937,60.79894504784341,5404.125209431624,5160.92942924025,0.45361257675992656,4.603777046285982,True,11.960931044564667,92.79585393877727,6320060.0,0.5114508406565761,12630364.26746282
2022-02-07,5312.267578125,5312.267578125,5250.735521235521,5271.246206865348,5443600,5284.578393554688,61.08958111390952,5406.757555782507,5162.399231326869,0.6133138583757928,4.623989015919758,False,11.838741479608531,90.56272557811307,6083850.0,0.8947623626486517,12630364.26746282
2022-02-08,5230.22509765625,5312.2678442861525,5230.22509765625,5291.757157628676,5007900,5283.55283203125,61.8549922873501,5407.262816605949,5159.84284745655,0.2844647117274566,4.682833256619098,False,11.244247061541985,89.95415565324089,5977120.0,0.8378449821987847,12630364.26746282
2022-02-09,5209.71484375,5271.246908833661,5189.204155388779,5271.246908833661,8939600,5276.37412109375,61.66675731852022,5399.70763573079,5153.04060645671,0.22976008370505704,4.674934407853323,False,11.049638915122802,89.38905549550095,5790465.0,1.5438483783254022,12630364.26746282
2022-02-10,5189.20361328125,5250.735671936759,5168.692927062747,5209.714299499753,8112700,5265.093237304687,55.316744651488676,5375.726726607664,5154.45974800171,0.15702236953040313,4.202527260832049,True,11.253927447403697,88.86431902253746,5723780.0,1.4173675438259332,12630364.26746282
2022-02-11,5209.71484375,5209.71484375,5168.693467027559,5189.204155388779,7515200,5254.837915039063,43.93999906091786,5342.717913160898,5166.9579169172275,0.24326881967780084,3.3447272605812457,True,11.443623941664528,85.44696600110201,5819625.0,1.2913546835062397,12630364.26746282
2022-02-14,5209.71484375,5209.71484375,5127.672090305118,5189.204155388779,4262800,5248.684716796875,40.96713608061114,5330.618988958097,5166.750444635653,0.26218820269621496,3.122087783212255,True,12.359103821483119,85.203807961372,5691065.0,0.7490337924448236,12630364.26746282
2022-02-15,5230.22509765625,5230.22509765625,5168.693037683824,5209.714410998775,5152400,5244.582592773438,38.28511280570949,5321.152818384857,5168.012367162019,0.4062462268947102,2.9199740592102024,True,12.669531180508608,83.51296881930446,5586245.0,0.9223369186278081,12630364.26746282
2022-02-16,5168.693359375,5230.225423177083,5168.693359375,5230.225423177083,6400300,5239.4549560546875,41.27674742608491,5322.008450906857,5156.901461202518,0.07141973936777846,3.1512245279166504,True,12.957776493706174,81.94290417521722,5515600.0,1.1603995938791791,12630364.26746282
2022-02-17,5230.22509765625,5230.22509765625,5168.693037683824,5189.203724341299,3840500,5237.40390625,40.62796899435979,5318.659844238719,5156.14796826128,0.4558259447159036,3.1029089771653426,True,13.225439436238858,80.48498673216073,5484405.0,0.7002582777894776,12630364.26746282
2022-02-18,5230.22509765625,5250.735784313726,5209.714410998775,5230.22509765625,6763400,5238.429418945312,40.14829288660134,5318.726004718515,5158.13283317211,0.44891239017163675,3.065674054242352,True,12.885611742275747,77.66615720236005,5411095.0,1.2499133724320124,12630364.26746282
2022-02-21,5148.18212890625,5230.22487199639,5148.18212890625,5230.22487199639,8706200,5230.225146484375,41.02125308495841,5312.267652654292,5148.182640314458,-3.11672711902602e-06,3.1372456776574498,True,13.784098378062511,77.97878659862006,5485515.0,1.5871253656220063,12630364.26746282
2022-02-22,5250.736328125,5250.736328125,5148.182884216309,5148.182884216309,7470200,5230.225146484375,41.02125308495841,5312.267652654292,5148.182640314458,0.6250033829911581,3.1372456776574498,True,14.058350203337511,79.73417321434363,5669630.0,1.3175815705786798,12630364.26746282
2022-02-23,5250.736328125,5271.247016906738,5168.693572998047,5250.736328125,6864000,5232.276220703125,40.967264745330525,5314.210750193785,5150.341691212464,0.6126515739861516,3.1318885331956015,True,13.783240989004451,81.36412112108276,5751835.0,1.1933582934837317,12630364.26746282
2022-02-24,5189.20361328125,5250.735671936759,5127.671554625741,5230.224985718256,8360500,5227.1485595703125,39.52312220058663,5306.194803971486,5148.102315169139,0.25998261159325176,3.0244498888958886,True,14.294705564319745,84.34273914809535,5833760.0,1.4331237486629549,12630364.26746282
2022-02-25,5086.650390625,5209.7145129788305,5086.650390625,5168.693138860887,24140700,5217.918774414063,49.08147407858869,5316.08172257124,5119.7558262568855,-0.16862490508576364,3.7625326265528245,False,15.41382876137528,87.10855223421929,6838405.0,3.530165294392479,12601053.56364993
2022-03-01,5066.1396484375,5148.182395780617,5066.1396484375,5107.161022109059,15672200,5209.714501953125,59.520048199179584,5328.754598351485,5090.674405554766,-0.10305249180562746,4.5699278282420694,False,16.74253396813292,86.746709027712,7354350.0,2.1310108983118834,12551827.78239993
2022-03-02,5086.650390625,5127.671764742943,5004.607642389113,5066.139703566028,14053900,5204.586840820312,65.49741151335027,5335.581663847013,5073.592017793611,0.04984308742005365,5.03382216622038,False,18.7187534389781,89.34080997957761,7808470.0,1.7998276230810901,12601053.56364993
2022-03-04,4984.09765625,5086.651105967078,4963.586966306584,5045.629726080248,14789200,5191.254907226563,80.92855967524027,5353.112026577043,5029.3977878760825,-0.13993864405800704,6.2357608032371825,False,20.957242299160214,91.74961924250022,8369645.0,1.7670044547887036,12354927.00114993
2022-03-07,4696.947265625,4963.586193367904,4696.947265625,4963.586193367904,35629100,5162.539965820312,134.92487209282913,5432.38971000597,4892.690221634654,-0.3626887929806267,10.454146446216601,False,24.518485998663024,105.70681719839305,10017840.0,3.5565650878832162,12253122.399721231
2022-03-08,4861.03271484375,4922.564774525316,4696.947222359572,4717.457908920095,20442800,5142.029296875,148.06924951848112,5438.1677959119625,4845.8907978380375,0.025565600310249636,11.518351294378533,False,27.82535529960418,114.271869696061,10878360.0,1.8792170878698626,12253122.399721231
2022-03-09,4881.54345703125,4922.564830619748,4861.032770237001,4902.0541438254995,8867300,5120.493090820312,153.2389237583814,5426.9709383370755,4814.015243303549,0.11016818062846666,11.970638064767504,False,30.89601841322753,110.50474441605652,11049545.0,0.8025036325025148,12253122.399721231
2022-03-10,4984.09765625,4984.09765625,4881.544206532922,4943.076276363169,8016200,5108.18671875,153.84456487921742,5415.875848508435,4800.497588991565,0.2983531907717674,12.046902225756085,False,32.44210487200332,109.93684833053463,11199960.0,0.7157346990524966,12253122.399721231
2022-03-11,4963.58642578125,4984.09711349109,4902.05436265173,4984.09711349109,5351600,5095.880297851562,155.13443700777802,5406.149171867119,4785.611423836006,0.2868076962440014,12.177243415484723,False,33.877756583723695,107.9444515639443,11020560.0,0.4856014576391762,12253122.399721231
2022-03-14,5004.607421875,5086.650166495901,4943.075363409324,4963.586049564549,8130600,5086.65048828125,154.78081044544834,5396.2121091721465,4777.088867390353,0.36748508072458175,12.171531014528028,False,33.34389227804029,110.48947667270379,11021455.0,0.737706591371103,12253122.399721231
2022-03-15,4963.58642578125,5045.6291766206095,4922.56505036157,5004.607801200929,8829700,5074.344067382813,154.26495565922735,5382.873978701267,4765.814156064358,0.3205074491347417,12.160385942358248,False,33.035261909928195,111.38766592887065,11087180.0,0.7963882610366206,12253122.399721231
2022-03-16,5045.62890625,5045.62890625,4943.075473196138,4963.5861598069105,7731600,5066.1397705078125,151.0156767719117,5368.171124051636,4764.108416963989,0.4660451406498821,11.923530231127003,False,32.74867656810982,110.75664929494147,11260620.0,0.6866051780452586,12253122.399721231
2022-03-17,5025.1181640625,5086.650223214286,5004.607477678572,5045.628850446429,7419900,5055.884423828125,146.17298563980296,5348.230395107731,4763.53845254852,0.4473803938002623,11.564582841403336,False,31.77974405924316,108.70565616928236,11373995.0,0.6523565378743352,12253122.399721231
2022-03-18,4943.07568359375,5045.629121012707,4902.054308626167,5025.118433528915,15851000,5044.603540039063,145.71404621796805,5336.031632474999,4753.1754476031265,0.3258097639169234,11.554053361096429,False,31.86334600724922,111.19631018480081,11846530.0,1.3380289418082763,12253122.399721231
2022-03-21,4902.05419921875,4984.09694732283,4881.54351219273,4963.58626029681,6475900,5028.194995117187,142.14507545129734,5312.485146019782,4743.904844214592,0.2781477910895754,11.307841131008859,False,32.1104744405761,110.57896196660785,11978300.0,0.540635983403321,12253122.399721231
2022-03-22,4943.07568359375,4963.586371077541,4902.054308626167,4902.054308626167,6930300,5013.8375244140625,134.98647546065436,5283.810475335371,4743.864573492754,0.36894642485695145,10.769114460000718,False,32.339950842951055,107.07561981604951,11986645.0,0.5781684533078272,12253122.399721231
2022-03-23,4902.05419921875,4963.58626029681,4902.05419921875,4922.56488624477,5430300,5001.5311279296875,133.30292248848627,5268.13697290666,4734.925282952715,0.3134382074040245,10.660969137558093,False,32.55303708518952,103.8225084776217,11822850.0,0.4593054974054479,12253122.399721231
2022-03-24,4881.54345703125,4922.564830619748,4861.032770237001,4922.564830619748,9611600,4983.071484375,122.06606371257898,5227.203611800158,4738.9393569498425,0.2920633625435573,9.798459772879532,False,33.12614147206324,100.80176218513063,11929920.0,0.8056717899197983,12253122.399721231
2022-03-25,4737.96826171875,4881.543057528409,4737.96826171875,4881.543057528409,21806000,4957.433081054687,116.61608649885461,5190.665254052396,4724.200908056978,0.029514267874842876,9.40939269110979,False,34.540618422525235,103.85700740851416,12677020.0,1.7201203437400903,12253122.399721231
2022-03-28,4758.4794921875,4778.990179653825,4696.947429788524,4717.458117254849,15893200,4935.896875,111.20765509097102,5158.312185181942,4713.481564818058,0.10115744130346077,9.012153852259807,False,36.08752500872627,102.29884615542755,13053655.0,1.217528730459017,12253122.399721231
2022-03-29,4778.98974609375,4840.521802910408,4758.479060488197,4799.500431699303,11353400,4920.513842773437,110.53367657450191,5141.581195922441,4699.4464896244335,0.17990728919548502,8.985539324258852,False,36.398696540556834,100.85198160305492,12414290.0,0.9145428373269837,12253122.399721231
2022-03-30,4861.03271484375,4881.543401404272,4799.500655162184,4820.011341722706,11301400,4910.25849609375,105.7215473925744,5121.701590878899,4698.815401308601,0.3835956754699902,8.612299941168382,False,36.01029138552997,100.97352972501686,12195750.0,0.9266670766455527,12253122.399721231
2022-03-31,4881.54345703125,4943.075517413997,4861.032770237001,4922.564830619748,11813300,4900.003149414062,97.32497823492797,5094.653105883918,4705.353192944206,0.45258233621626615,7.944891075963172,False,34.72967432822611,99.62133492824758,12083720.0,0.977621129916946,12253122.399721231
2022-04-01,4963.58642578125,4963.58642578125,4881.5436749418905,4902.05436265173,11891700,4898.977587890625,96.49673782459793,5091.9710635398205,4705.984112241429,0.6673860675167711,7.878928702439474,True,33.25291794512396,98.36573734408704,11938845.0,0.9960511255485769,12253122.399721231
2022-04-04,5004.607421875,5004.607421875,4943.075363409324,4963.586049564549,10168700,4914.360595703125,86.61149186259301,5087.583579428311,4741.137611977939,0.7604932216011511,7.049665174209798,True,31.324245866610298,95.73476028134337,10665825.0,0.9533908534970338,12253122.399721231
2022-04-05,5004.607421875,5004.607421875,4943.075363409324,5004.607421875,6112700,4921.539331054688,87.89928502876815,5097.337901112224,4745.7407609971515,0.7362592903717167,7.144048161852753,True,29.533336079419037,93.29171015165282,9949320.0,0.6143836965742382,12253122.399721231
2022-04-06,5004.607421875,5004.607421875,4922.564677254099,5004.607421875,10919600,4927.692529296875,89.249149388334,5106.190828073543,4749.194230520207,0.7154499317507736,7.244701154361091,True,28.125889552382525,92.48821261374201,10051935.0,1.0863182063950871,12253122.399721231
2022-04-07,5004.607421875,5066.1394803406765,4943.075363409324,4984.096735719775,11712800,4928.718017578125,90.04564120304669,5108.809299984218,4748.626735172032,0.7106970511924882,7.307834684954716,False,26.275868528091838,94.67220577928559,10236765.0,1.1441895950527339,12253122.399721231
2022-04-08,5025.1181640625,5066.139536830357,4984.0967912946435,5066.139536830357,9286800,4931.794604492187,92.32209267002511,5116.4387898322375,4747.150419152137,0.7527118831238667,7.487910594324617,False,24.557992620536947,93.77010147617334,10433525.0,0.8900922746626859,12253122.399721231
2022-04-11,4984.09765625,5045.629726080248,4943.076276363169,5025.119036136832,6762800,4930.769116210938,91.58167980095824,5113.932475812854,4747.605756609021,0.6455764410386594,7.429403214185329,False,23.216047841033262,94.39748349338085,10365135.0,0.6524565285449732,12253122.399721231
2022-04-12,5045.62890625,5045.62890625,4922.564786585366,4984.096846417683,9354300,4934.871240234375,94.90608226264898,5124.683404759673,4745.059075709078,0.7917559743671305,7.692689648222021,False,22.242008877723155,96.44510036275607,10391365.0,0.9001993482088253,12253122.399721231
2022-04-13,5086.650390625,5086.650390625,4984.096955330141,5045.629016507057,11091100,4936.922314453125,97.82412692429295,5132.570568301711,4741.274060604539,0.8826460835366071,7.925919890447316,False,20.71072264741646,96.88141000076341,10559340.0,1.0503592080565642,12253122.399721231
2022-04-14,5025.1181640625,5107.160909598215,5025.1181640625,5086.650223214286,5824500,4936.922314453125,97.82412692429295,5132.570568301711,4741.274060604539,0.7253939094126297,7.925919890447316,False,19.471607688686042,95.82150539611709,10479570.0,0.5557957053581397,12253122.399721231
2022-04-18,5025.1181640625,5086.650223214286,4984.0967912946435,5025.1181640625,8823500,4941.024438476563,99.7960372243433,5140.6165129252495,4741.432364027876,0.7106639900863321,8.078975400098432,False,18.44418560712167,96.30235729065461,10128195.0,0.8711818838401116,12253122.399721231
2022-04-19,5086.650390625,5086.650390625,5004.607642389113,5025.118329448084,6003800,4950.254248046875,104.43083396382218,5159.115915974519,4741.39258011923,0.8265226786979808,8.438421845102246,False,17.49014811989061,95.28381378674267,10104590.0,0.5941656217619913,12253122.399721231
2022-04-20,5107.1611328125,5148.182507373243,5086.650445532128,5107.1611328125,12880200,4958.458520507813,110.12725164247752,5178.713023792768,4738.204017222858,0.8375699703908046,8.883990957028224,False,16.81212874771333,92.87297828399272,10402085.0,1.2382325274211852,12253122.399721231
2022-04-21,5127.67138671875,5189.203443359374,5086.6500156249995,5086.6500156249995,12424000,4969.7393798828125,115.4712564823529,5200.681892847519,4738.796866918106,0.8419292637126399,9.293948648476283,False,16.721815768841413,93.56443895902002,10751770.0,1.1555306707639765,12253122.399721231
2022-04-22,5168.693359375,5189.204047309027,5086.650607638889,5127.671983506944,14597300,4984.096875,121.61631258009048,5227.329500160181,4740.864249839819,0.8794648934398375,9.760349016497829,False,16.637961565847352,94.20651043838564,11001055.0,1.326900010953495,12253122.399721231
2022-04-25,5168.693359375,5209.714735243056,5107.161295572916,5127.671983506944,9508800,5005.633129882813,113.610689013956,5232.854507910724,4778.411751854901,0.8588135740294585,9.078626904214659,False,16.834114121143582,94.80271966922521,10386195.0,0.9155229610073756,12253122.399721231
2022-04-26,5168.693359375,5230.225423177083,5107.161295572916,5168.693359375,12656500,5026.143823242188,103.19382159204821,5232.531466426284,4819.756180058092,0.8453441638597979,8.212564162199518,False,17.284809054553236,96.82139166457819,10224360.0,1.2378769918117125,12253122.399721231
2022-04-27,5209.71484375,5250.73622047244,5127.672090305118,5168.693467027559,10374300,5047.680078125,93.37736334282097,5234.434804810642,4860.925351439359,0.933817040405482,7.399626117153339,False,17.96584987912636,98.69587298620276,10175405.0,1.019546642123827,12253122.399721231
2022-04-28,5168.693359375,5230.225423177083,5168.693359375,5230.225423177083,9008400,5063.0631103515625,86.06653794461411,5235.196186240791,4890.930034462334,0.8068272860336648,6.799562720729184,False,18.59824493051569,96.04131518733706,10060755.0,0.8953999973163048,12253122.399721231
2022-05-09,5025.1181640625,5148.182282366071,4922.564732142858,5107.160909598215,21830800,5070.241845703125,75.46392644800854,5221.169698599142,4919.313992807109,0.3505124111461594,5.953477466717823,False,18.9739480176983,106.76183747625171,10561630.0,2.066991553387119,12253122.399721231
2022-05-10,5250.736328125,5250.736328125,4943.075996398926,5004.608062744141,22214800,5084.599340820312,81.2019593908275,5247.003259601967,4922.195422038657,1.0114931602360273,6.388071424933715,False,17.97765817497675,121.11172992266762,11077785.0,2.0053467367348254,12253122.399721231
2022-05-11,5291.7568359375,5373.799577579942,5250.73546511628,5250.73546511628,22876600,5098.956811523438,91.09687941854185,5281.150570360522,4916.763052686354,1.029107104559115,7.146315043317614,False,17.566507973249628,121.25118581845295,11713180.0,1.953064838071301,12253122.399721231
2022-05-12,5250.736328125,5353.289772033691,5209.714950561523,5312.268394470215,14638500,5111.263256835938,94.25062606641364,5299.764508968765,4922.7620047031105,0.8699526388047089,7.3759163893865445,False,16.738495913048883,122.84573122228974,12139470.0,1.2058598933890854,12253122.399721231
2022-05-13,5291.7568359375,5332.778206758721,5189.2034088844475,5230.224779705669,16624400,5125.6207275390625,98.90456735506508,5323.429862249192,4927.811592828933,0.9199404356171261,7.718446027320597,False,15.7493160669684,124.3263788402886,12424710.0,1.33801110850877,12253122.399721231
2022-05-17,5332.77880859375,5332.77880859375,5230.225369966947,5250.736057692307,13570400,5142.029296875,104.81702927021435,5351.663355415429,4932.395238334571,0.9549583045971589,8.153748119164977,False,14.830798303346105,122.77116882503961,12517590.0,1.084106445410019,12253122.399721231
2022-05-18,5332.77880859375,5332.77880859375,5250.736057692307,5332.77880859375,6964900,5157.412329101562,109.238992583233,5375.890314268028,4938.934343935096,0.9013367281801182,8.472387748936324,False,13.977888951411117,119.86199611621126,12401495.0,0.5616177726959531,12253122.399721231
2022-05-19,5291.7568359375,5332.778206758721,5230.224779705669,5271.246150526889,13302700,5172.7952880859375,105.13343768264396,5383.062163451225,4962.52841272065,0.7828822838711412,8.129719567661137,False,13.030816127912422,118.62571274277339,12728490.0,1.045112185341702,12253122.399721231
2022-05-20,5291.7568359375,5312.267521348111,5250.73546511628,5291.7568359375,5765400,5185.1016845703125,103.86209682221039,5392.825878214733,4977.377490925892,0.756722988054435,8.012347926080633,False,12.151391363235062,114.54759442056323,12549045.0,0.4594293828733581,12253122.399721231
2022-05-23,5250.736328125,5312.268394470215,5168.693572998047,5271.247016906738,11788700,5193.305981445313,102.14242053458031,5397.590822514473,4989.021140376152,0.6405643864202443,7.867236854482712,False,12.327178332574697,116.62096778139214,12583925.0,0.9368062826184994,12253122.399721231
2022-05-24,5148.18212890625,5271.246243541459,5148.18212890625,5250.735557768925,8924500,5199.4591796875,94.92938942637318,5389.317958540247,5009.600400834754,0.3649600216247562,7.303020267740905,False,12.711869156026129,117.08119255666477,12738925.0,0.7005693180547025,12253122.399721231
2022-05-25,5250.736328125,5250.736328125,5127.67219543457,5148.182884216309,8163400,5210.740087890625,86.11790234611104,5382.975892582846,5038.504283198403,0.6161089597655,6.610800070127662,False,13.290252901550119,117.50854542336226,12705920.0,0.6424879111469299,12253122.399721231
2022-05-27,5271.24609375,5291.756778939689,5189.203352991245,5250.735408560311,8665600,5219.969873046875,81.90768683236917,5383.785246711614,5056.154499382137,0.6565061311280396,6.276487322679502,False,13.180372057952692,116.44032260372524,12839010.0,0.6749430057301926,12253122.399721231
2022-05-30,5291.7568359375,5312.267521348111,5230.224779705669,5312.267521348111,4042200,5229.199658203125,78.87107787213677,5386.941813947398,5071.457502458852,0.6982893457972981,6.033128052275478,False,12.768594989396604,113.98335253506212,12397110.0,0.326059863952163,12253122.399721231
2022-05-31,5414.8212890625,5414.8212890625,5250.735795454546,5291.757168856534,20679300,5243.557153320313,85.29112318253405,5414.139399685381,5072.9749069552445,1.0019987114475541,6.5063559479676,False,12.652938146785251,117.56207689741154,12809875.0,1.61432488607422,12253122.399721231
2022-06-02,5496.86376953125,5496.86376953125,5394.310340995219,5496.86376953125,19442300,5259.965673828125,100.36559523962113,5460.696864307367,5059.234483348882,1.090087905964029,7.632414465288824,False,13.368063729662822,116.49003058588436,13052125.0,1.4895888600515241,12253122.399721231
2022-06-03,5476.353515625,5496.864202949438,5414.821453651685,5496.864202949438,12168900,5275.348681640625,108.85821912565027,5493.065119891925,5057.632243389325,0.9616207108632847,8.254106084361828,False,14.03211298679007,114.02951049387494,13185130.0,0.9229260538197196,12253122.399721231
2022-06-06,5681.46044921875,5681.46044921875,5476.35357379569,5496.864261337996,27810700,5300.987036132812,138.70776381895647,5578.4025637707255,5023.571508494899,1.1857464258138737,10.466561255365534,False,16.044769831855756,120.53504071529458,13942840.0,1.9946223294536838,12253122.399721231
2022-06-07,5681.46044921875,5722.4818243033615,5599.417699049526,5660.949761676444,14439800,5324.57431640625,160.73175435102266,5646.037825108295,5003.1108077042045,1.0550958711510976,12.074712065208347,False,18.14908757750168,120.71568961090465,14146115.0,1.0207608237314627,12253122.399721231
2022-06-08,5722.4814453125,5742.992131496416,5640.438700576838,5722.4814453125,14006900,5352.263720703125,179.11425176795723,5710.492224239039,4994.03521716721,1.0167340411987325,13.386055778613773,False,20.219069375628596,119.41838541866704,14396040.0,0.9729689553516105,12253122.399721231
2022-06-09,5640.43896484375,5722.481713423295,5578.906903409091,5722.481713423295,15634600,5383.029760742187,172.6947657533682,5728.419292248924,5037.6402292354505,0.8726360827710007,12.832532861906968,False,21.218418234907688,121.1438443183483,14086230.0,1.1099208233856752,12253122.399721231
2022-06-10,5640.43896484375,5640.43896484375,5558.396216264205,5599.417590553977,7714700,5402.514892578125,178.85758801831903,5760.230068614763,5044.799716541487,0.8325607748904347,13.24254289527495,False,21.853450078957785,118.35090890843381,13361225.0,0.5773946625402985,12253122.399721231
2022-06-13,5599.41796875,5619.92865728022,5435.332460508242,5558.39659168956,12818500,5417.89794921875,182.03258885587192,5781.963126930494,5053.832771507006,0.7492960473069088,13.439351612897807,False,20.910723280794627,124.54773715322486,12858320.0,0.9969031724206584,12253122.399721231
2022-06-14,5640.43896484375,5640.43896484375,5455.842780539772,5578.906903409091,11888800,5437.383081054688,184.04368667896026,5805.470454412608,5069.295707696768,0.775825657827734,13.53913703967028,False,20.222880513173585,128.8369119497072,12720835.0,0.9345927370333788,12253122.399721231
2022-06-15,5578.90673828125,5640.438797894646,5537.885365205653,5619.928111356848,8012700,5451.740576171875,183.28417430868745,5818.308924789249,5085.1722275545,0.6734549131001376,13.447754657275832,False,19.58416937181119,126.95953249887789,12290250.0,0.6519558186367242,12253122.399721231
2022-06-16,5578.90673828125,5619.928111356848,5496.8639921300555,5578.90673828125,8840900,5464.04697265625,183.13915693293683,5830.325286522123,5097.768658790376,0.656793019511197,13.40685084512784,False,18.494234903448458,126.68128869372892,12053775.0,0.7334548720214207,12253122.399721231
2022-06-17,5599.41796875,5599.41796875,5455.843149038462,5496.8645260989015,20368400,5477.378930664063,182.7852088396682,5842.949348343399,5111.808512984727,0.6669159102925349,13.34837053659953,False,17.334259860903117,127.8879694807153,12723950.0,1.6007922068225668,12253122.399721231
2022-06-20,5660.94970703125,5660.94970703125,5517.374895621037,5578.906957653985,10905200,5495.83857421875,181.6917166264577,5859.222007471665,5132.455140965835,0.7271858286637718,13.223948569288938,False,16.610384515643354,129.00845818996515,12604075.0,0.8652122428658985,12253122.399721231
2022-06-21,5640.43896484375,5701.971026278409,5619.928277698864,5660.949651988636,7172600,5513.272680664062,177.76487629521145,5868.802433254485,5157.74292807364,0.6788405657376669,12.897230853003979,False,16.35084552623011,125.65376464636375,12674435.0,0.5659108275832414,12253122.399721231
2022-06-22,5722.4814453125,5742.992131496416,5619.928014392922,5681.460072944668,14873800,5536.859936523438,172.3097687401629,5881.479474003763,5192.240399043112,0.7693136758093112,12.448194154490755,False,16.500372025969593,125.46878982187307,12828690.0,1.1594169007123876,12253122.399721231
2022-06-23,5845.54541015625,5845.54541015625,5681.459924958882,5742.991981907895,18142900,5571.728100585938,159.60856359074188,5890.945227767422,5252.510973404454,0.9288888130595814,11.458460334699907,False,17.482024282975377,128.227125205837,13289610.0,1.3651943134523887,12253122.399721231
2022-06-24,5804.5244140625,5886.567161964443,5742.992353136042,5866.056474988957,15927400,5599.417504882813,148.65136202977587,5896.720228942365,5302.114780823261,0.8449462325454553,10.619058993200547,False,18.68587295760679,129.32338832173443,13677810.0,1.1644700430843826,12253122.399721231
2022-06-27,5907.07763671875,5907.07763671875,5742.9921468098955,5804.524205525716,9670700,5631.20908203125,142.64263688959906,5916.494355810448,5345.9238082520515,0.9834959600841752,10.132292004199286,False,19.94735839721543,131.8063955779573,13728065.0,0.7044474221239483,12253122.399721231
2022-06-28,5948.09912109375,5948.09912109375,5845.545687971444,5886.567061220367,13067400,5664.026196289063,135.77142654055183,5935.569049370166,5392.4833432079595,1.0230719968900115,9.588333234016881,False,21.400062023900546,129.7168982596965,14179325.0,0.9215812459337803,12253122.399721231
2022-06-29,5825.03466796875,5927.588095221721,5804.523982518156,5927.588095221721,10225300,5684.536865234375,126.83404332712126,5938.204951888618,5430.868778580132,0.7769323579238363,8.92484621590308,False,22.123008429589213,130.7067725679749,13656625.0,0.7487428262839464,12253122.399721231
2022-06-30,5784.01416015625,5866.05691420102,5763.503471645058,5804.524848667443,12205400,5698.894384765625,120.56934898960996,5940.033082744844,5457.755686786405,0.6764954694205918,8.462648426117017,True,22.202142312513462,128.69582042425967,13294780.0,0.9180595692444704,12253122.399721231
2022-07-01,5763.5029296875,5825.034989435053,5722.481556522464,5784.013616270017,6190600,5713.25185546875,109.23886833304988,5931.7295921348505,5494.77411880265,0.6150027343416424,7.648104518864233,True,21.716063291618518,126.82850703056887,12995865.0,0.4763515164246474,12253122.399721231
2022-07-04,5599.41796875,5784.014165521979,5517.375214629121,5763.503476991758,8577700,5709.149731445313,112.00103114259696,5933.151793730507,5485.147669160118,0.2550652847213418,7.847125152504509,True,21.167072326025348,136.81496730644665,12034215.0,0.7127760306758688,12253122.399721231
2022-07-05,5681.46044921875,5763.503199387974,5619.928386591831,5619.928386591831,7717600,5709.149731445313,112.00103114259696,5933.151793730507,5485.147669160118,0.4381941354823124,7.847125152504509,True,20.65729500083169,138.76284325869858,11698105.0,0.659730785456277,12253122.399721231
2022-07-06,5742.99267578125,5742.99267578125,5578.907170758928,5681.460611397879,6837000,5710.17529296875,112.22321819082765,5934.621729350405,5485.728856587095,0.5731073821922849,7.861280078670377,True,20.52686707507267,140.5716048132431,11339610.0,0.6029307886250056,12253122.399721231
2022-07-07,5660.94970703125,5763.5031437528305,5660.94970703125,5742.992456408514,6754100,5711.200830078125,111.64462691110917,5934.490083900344,5487.911576255907,0.3874752766049257,7.819345194315787,True,20.15796560541734,137.85602137812435,10895585.0,0.6198932870515902,12253122.399721231
2022-07-08,5763.5029296875,5763.5029296875,5681.460183357429,5701.970869939946,5318200,5717.354028320313,110.92837013711093,5939.210768594535,5495.497288046091,0.604006083633397,7.76081869953401,True,19.815414240737386,135.33439289799048,10775760.0,0.49353363475058837,12253122.399721231
2022-07-11,5763.5029296875,5763.5029296875,5681.460183357429,5742.992243104982,2961000,5725.558276367187,107.76963148903708,5941.097539345262,5510.019013389113,0.5880226015344884,7.529021715410156,True,19.49733083067743,131.5278467145677,10282885.0,0.287954207403856,12253122.399721231
2022-07-12,5784.01416015625,5825.0355371786345,5722.482094622673,5784.01416015625,5209400,5732.737036132812,106.57655446580688,5945.890145064426,5519.583927201198,0.6202823742061607,7.4363469870720875,True,18.389479277640454,129.4582464175244,9948915.0,0.5236148866484436,12253122.399721231
2022-07-13,5599.41796875,5742.992788461539,5578.907280219781,5742.992788461539,10978800,5733.76259765625,105.10692674260069,5943.976451141451,5523.548744171049,0.18045724228230242,7.3324924045906155,False,18.72253900493484,134.8617202403062,10097220.0,1.087309180150576,12253122.399721231
2022-07-14,5681.46044921875,5701.971136761055,5578.90701150722,5599.417699049526,7611600,5738.890283203125,99.50698713982736,5937.90425748278,5539.876308923471,0.35571406683312873,6.935625685758056,True,19.03181095143234,134.0190348841297,10035755.0,0.7584481685732662,12253122.399721231
2022-07-15,5660.94970703125,5701.971081719882,5599.4176449983015,5681.460394375566,4235000,5741.966870117188,95.85187818426328,5933.670626485714,5550.263113748661,0.288691769476357,6.67728535203526,True,19.31899204460859,131.77149215823331,9229085.0,0.4588753923059545,12253122.399721231
2022-07-18,5784.01416015625,5784.01416015625,5640.439340577904,5660.950029089096,8349100,5748.120092773437,94.31498719480082,5936.750067163039,5559.490118383836,0.5951441240952413,6.563188358807882,False,18.494654092014805,132.61458697395568,9101280.0,0.9173544820069265,12253122.399721231
2022-07-19,5866.056640625,5866.056640625,5784.013890406469,5784.013890406469,10570700,5759.4009765625,94.25041019238951,5947.901796947279,5570.90015617772,0.7829050394708851,6.545848123854227,False,17.52575800130397,129.0023129199968,9271185.0,1.14016708759452,12253122.399721231
2022-07-20,5825.03466796875,5886.566724320533,5804.523982518156,5866.056038869939,9147600,5764.528637695313,94.92338408956081,5954.375405874434,5574.681869516191,0.6593549125270056,6.586723047490086,False,16.835005453620425,125.64805784016677,8984875.0,1.0181109920839189,12253122.399721231
2022-07-21,5886.5673828125,5907.078070557492,5784.013944087544,5845.546007322518,12515300,5766.579736328125,97.1824453151015,5960.944626958329,5572.214845697922,0.8086659480920912,6.741080485049021,False,16.40469614139863,125.46349131372257,8703495.0,1.4379625656130095,12253122.399721231
2022-07-22,5784.01416015625,5907.078291223404,5784.01416015625,5886.567602712212,3703400,5765.554223632813,96.8686720612037,5959.29156775522,5571.816879510406,0.5476416578513995,6.72051069533903,False,16.005125575978184,125.29210843896772,8092295.0,0.45764520448154694,12253122.399721231
2022-07-25,5763.5029296875,5804.524302852536,5742.992243104982,5784.013616270017,4355300,5758.37548828125,90.96902290615833,5940.313534093567,5576.437442468933,0.5140911742328467,6.319075446975461,False,15.086028372142898,120.73781924672387,7826525.0,0.5564794081664596,12253122.399721231
2022-07-26,5742.99267578125,5784.01405203683,5701.97129952567,5763.50336390904,6311400,5748.120166015625,79.26306660300128,5906.6462992216275,5589.594032809622,0.48382761841635374,5.515755712389251,False,14.295551734631813,117.97388590846938,7488725.0,0.8427869897746278,12253122.399721231
2022-07-27,5742.99267578125,5763.50336390904,5681.460611397879,5742.99267578125,7768600,5744.01806640625,77.16828737118247,5898.354641148615,5589.681491663885,0.4966780699043254,5.373819265820164,False,13.808484491032134,115.40737638009021,7365890.0,1.0546722799281554,12253122.399721231
2022-07-28,5660.94970703125,5742.992456408514,5640.4390196869335,5701.971081719882,13846500,5737.86484375,78.70242715881228,5895.269698067625,5580.459989432375,0.25567736760029114,5.486530568564336,False,13.832022184121136,114.48925350253494,7447945.0,1.8591034171170706,12253122.399721231
2022-07-29,5578.90673828125,5681.460170970244,5578.90673828125,5660.949484432445,17090700,5728.635034179688,86.02140153616212,5900.677837252012,5556.592231107364,0.06485161475922262,6.006415212204556,False,14.492848326158994,113.63669487299629,7992950.0,2.138221807968272,12253122.399721231
2022-08-01,5660.94970703125,5681.460394375566,5599.4176449983015,5599.4176449983015,14285000,5731.71162109375,82.17084086949642,5896.053302832743,5567.369939354758,0.2847109956715538,5.734471397136764,False,15.10646901949477,112.84504924594766,8278315.0,1.7255927081779323,12253122.399721231
2022-08-02,5727.62939453125,5770.372897475513,5663.514140114856,5727.62939453125,11697200,5734.020068359375,81.32902648085059,5896.678121321076,5571.3620153976735,0.48035549512685505,5.673438565702168,False,14.369428486233799,112.60063076011305,8477295.0,1.37982693772011,12253122.399721231
2022-08-03,5620.77099609375,5706.2580074411835,5578.027490420033,5706.2580074411835,10883100,5727.908984375,85.12274053077765,5898.154465436555,5557.663503313444,0.18534263695812261,5.944419910510564,False,14.592143266597118,115.24357885662046,8679600.0,1.2538711461357666,12253122.399721231
2022-08-04,5684.88623046875,5684.88623046875,5599.399219484258,5599.399219484258,14150300,5729.105810546875,84.29600191165294,5897.697814370181,5560.513806723568,0.3688562355410722,5.8854561042646605,False,14.798949848363055,113.11810972289703,9049410.0,1.5636710017559157,12253122.399721231
2022-08-05,5663.51416015625,5706.257663251769,5599.398905512972,5684.88591170401,10508000,5724.106372070312,85.10974893805377,5894.3258699464195,5553.886874194205,0.32201741671754947,5.947461029259024,False,14.678531187049318,112.67101315260419,9308900.0,1.1288122119691908,12253122.399721231
2022-08-08,5663.51416015625,5684.88591170401,5599.398905512972,5642.142408608491,9518400,5719.10693359375,85.60901256434728,5890.3249587224445,5547.8889084650555,0.33765502085509347,5.9875790789281575,False,14.566713858686562,110.72929836963517,9636770.0,0.9877168387333101,12253122.399721231
2022-08-09,5599.3994140625,5706.25818150644,5599.3994140625,5663.514674528864,10862800,5709.876196289062,88.15714723424796,5886.190490757558,5533.561901820566,0.18670497602137912,6.175765932826543,False,14.12843234149518,110.45283187494269,9919440.0,1.0951021428629035,12253122.399721231
2022-08-10,5663.51416015625,5663.51416015625,5556.655402417453,5599.398905512972,11884700,5713.081005859375,85.04022943871779,5883.161464736811,5543.00054698194,0.3542841252008721,5.9540713216913845,False,14.25686859323922,110.19611229378944,9964735.0,1.1926759718146043,12253122.399721231
2022-08-11,5642.142578125,5684.886082504735,5642.142578125,5684.886082504735,7552600,5711.1151123046875,86.25545841297013,5883.626029130628,5538.604195478747,0.3000922624239509,6.041234099948818,False,14.026554893231049,105.37806887135699,9961785.0,0.7581572981147455,12253122.399721231
2022-08-12,5663.51416015625,5684.88591170401,5620.7706570607315,5684.88591170401,6935600,5711.243334960937,86.17883240918539,5883.600999779308,5538.885670142567,0.36154031834039996,6.035731791124938,False,14.089046052036455,102.43072499792282,10096815.0,0.686909683895367,12253122.399721231
2022-08-15,5663.51416015625,5663.51416015625,5599.398905512972,5663.51416015625,3707800,5705.218334960938,85.02801413922029,5875.2743632393785,5535.162306682497,0.3773810748525673,5.961420520450781,False,14.419005698513796,99.69390568687675,9864750.0,0.3758635545756355,12253122.399721231
2022-08-16,5599.3994140625,5684.886428017652,5513.912400107347,5663.514674528864,15973400,5691.885473632812,79.18628277278398,5850.25803917838,5533.512908087244,0.20801110895781602,5.564854257142595,False,15.663585322760845,104.78534298855021,10134885.0,1.5760810310131788,12253122.399721231
2022-08-18,5620.77099609375,5642.142748930609,5556.655737583175,5599.399243256892,10405500,5681.672290039062,74.1198385223509,5829.9119670837645,5533.43261299436,0.2945850424142946,5.21817061869589,False,16.81926640241882,103.40689072847046,10197780.0,1.0203691391655831,12253122.399721231
2022-08-19,5620.77099609375,5684.886254604326,5620.77099609375,5642.142748930609,9669600,5668.382470703125,57.38872133412474,5783.159913371375,5553.605028034875,0.2925921962428172,4.049742347538258,True,17.08563169568014,100.6003455700494,10055495.0,0.9616234705501817,12253122.399721231
2022-08-22,5684.88623046875,5684.88623046875,5599.399219484258,5599.399219484258,6047100,5663.42607421875,50.77619134851671,5764.978456915784,5561.873691521716,0.6056605255340158,3.5862526098583416,True,17.583214747421632,99.52082167108105,10172680.0,0.5944451216395287,12253122.399721231
2022-08-23,5684.88623046875,5684.88623046875,5642.142724976504,5684.88623046875,4805600,5659.4952392578125,45.37698383966662,5750.249206937146,5568.741271578479,0.639889152288378,3.207139995447176,True,18.04525615261016,95.46529908687856,10195195.0,0.4713593021026081,12253122.399721231
2022-08-24,5684.88623046875,5684.88623046875,5620.770972230381,5684.88623046875,5240700,5656.589916992188,41.43886121979057,5739.4676394317685,5573.712194552607,0.6707112155331657,2.930306904186891,True,18.73822331914771,93.22601045484218,10141660.0,0.5167497234180598,12253122.399721231
2022-08-25,5620.77099609375,5706.2580074411835,5620.77099609375,5684.886254604326,4791100,5650.478833007813,36.7760338030334,5724.03090061388,5576.926765401746,0.2980489340342334,2.6033923771700707,True,18.927410418367394,92.673224804313,9992785.0,0.4794559274516564,12253122.399721231
2022-08-26,5556.65576171875,5642.142773437499,5556.65576171875,5599.399267578125,6220300,5645.264135742187,42.20646292192178,5729.6770615860305,5560.851209898344,-0.024850744940146878,2.990574889468676,True,19.88112422172014,92.15992386962988,9611475.0,0.647174341087086,12253122.399721231
2022-08-29,5663.51416015625,5663.51416015625,5513.9118993219345,5535.283650869694,4316400,5649.4945068359375,39.34875316470396,5728.192013165345,5570.79700050653,0.5890730467470584,2.7860016939279406,True,21.204376482109566,96.262947938536,8972760.0,0.4810559961483423,12253122.399721231
2022-08-30,5556.65576171875,5663.5145263671875,5556.65576171875,5663.5145263671875,7090200,5644.279809570313,44.34441326510213,5732.968636100517,5555.590983040109,0.006002890782857572,3.142609137832796,True,22.433102470824753,97.01979198924326,8613020.0,0.8231955806441875,12253122.399721231
2022-08-31,5321.56640625,5428.425169427711,5300.194653614458,5385.6816641566265,28438200,5623.97666015625,81.5360890763695,5787.048838308989,5460.904482003511,-0.4272282290330411,5.7991769172174505,False,25.27382557529439,108.40845742603247,9450070.0,3.0093110421404288,12253122.399721231
2022-09-01,5364.3095703125,5449.796575417082,5321.566067760209,5321.566067760209,13391800,5611.153588867188,100.11641663995567,5811.386422147099,5410.920755587276,-0.11639246299236324,7.136957850420762,False,27.523393950854867,109.82431815680678,9575505.0,1.3985476484007893,12253122.399721231
2022-09-02,5471.1689453125,5492.540699005127,5385.681930541992,5407.053684234619,13138800,5600.467724609375,103.19069848701965,5806.849121583415,5394.086327635336,0.18674797924461295,7.3701486062375015,False,28.858462694016563,111.1390903379368,9524930.0,1.3794117122120582,12253122.399721231
2022-09-05,5449.796875,5513.912132352941,5407.053370098039,5471.16862745098,9181400,5589.7818603515625,107.30212702523639,5804.386114402036,5375.177606301089,0.17385319090962853,7.67844826191396,False,29.73284634944445,110.83335261772004,9458600.0,0.9706933372803587,12253122.399721231
2022-09-06,5428.42529296875,5492.5405523345225,5407.0535398468255,5449.797046090674,6556900,5578.027416992188,111.59073104499257,5801.208879082173,5354.845954902203,0.16484195725198872,8.002164399913617,False,30.544774029484632,109.02289975128983,9310525.0,0.7042460011653479,12253122.399721231
2022-09-07,5385.681640625,5449.796898251488,5364.3098880828375,5407.0533931671625,11491000,5567.341528320312,119.39622336911206,5806.133975058537,5328.549081582088,0.11962806994800752,8.578329370437206,False,31.61444709559924,107.34176478110128,9341935.0,1.2300449532136544,12253122.399721231
2022-09-08,5342.9375,5428.4245,5342.9375,5428.4245,10362500,5551.3126953125,127.07710630736611,5805.466907927233,5297.158482697768,0.09006149619016499,9.15654464319183,False,32.7588655113112,105.78071015387977,9265825.0,1.1183569730703957,12253122.399721231
2022-09-09,5321.56640625,5407.053416792169,5300.194653614458,5385.6816641566265,14636800,5535.28388671875,134.98890083597257,5805.261688390696,5265.306085046805,0.10419434645141352,9.754795135972156,False,34.110280552664506,105.85771394129628,9620035.0,1.5214913459254567,12253122.399721231
2022-09-12,5321.56640625,5364.309911521084,5278.822900978916,5300.194653614458,10782800,5518.186499023437,139.47340979200385,5797.133318607444,5239.23967943943,0.1475670648142606,10.11009032164364,False,35.502915476462924,104.40266369850146,9812395.0,1.0988958353184926,12253122.399721231
2022-09-13,5300.19482421875,5385.681837512601,5300.19482421875,5321.566577542213,9240200,5500.020532226563,143.16056553131523,5786.341663289193,5213.699401163933,0.15104617450658445,10.411638625164164,False,36.34393436235749,103.05154581245502,10089015.0,0.9158674062829721,12253122.399721231
2022-09-14,5321.56640625,5342.938158885542,5257.4511483433735,5300.194653614458,8907600,5486.128881835937,146.4517446758246,5779.032371187586,5193.225392484288,0.21908413254106116,10.677966036176267,False,37.43188436967057,101.79693615029171,9735725.0,0.9149395653636478,12253122.399721231
2022-09-15,5278.82275390625,5342.938010026569,5278.82275390625,5321.566257986463,15583400,5469.031469726562,149.82710361611666,5768.685676958796,5169.3772624943285,0.18261964753109677,10.958218430116862,False,38.442123662175575,99.10538757672222,9994620.0,1.5591788382149596,12253122.399721231
2022-09-16,5385.681640625,5385.681640625,5257.451125372024,5257.451125372024,18158600,5457.277001953125,146.4804672587123,5750.23793647055,5164.3160674357005,0.3778073236179772,10.736524256055759,False,38.44499443358256,101.1857538393118,10419070.0,1.7428234957630575,12253122.399721231
2022-09-19,5300.19482421875,5364.310084189138,5300.19482421875,5364.310084189138,9070800,5438.042431640625,140.13968486974747,5718.32180138012,5157.763061901131,0.2540889157307626,10.308097932767911,False,38.447660149889046,100.06440116552167,10570255.0,0.8581439142196664,12253122.399721231
2022-09-20,5300.19482421875,5364.310084189138,5300.19482421875,5342.938330865676,6634700,5418.807861328125,130.54828148647317,5679.904424301071,5157.711298355179,0.27285599672626637,9.636679124066697,False,38.450135457887924,97.49660536586929,10661710.0,0.6222922964515073,12253122.399721231
2022-09-21,5342.9375,5342.9375,5300.194,5300.194,7204000,5401.710424804687,115.37727329628441,5632.464971397256,5170.9558782121185,0.37265055949588843,8.543758492974462,False,38.4524430993986,93.58566926830717,10759875.0,0.6695245065579294,12253122.399721231
2022-09-22,5342.9375,5342.9375,5278.82225,5321.56575,6200900,5387.81875,103.7541473848151,5595.32704476963,5180.31045523037,0.3918567326433233,7.702868429626742,False,38.695833217596956,91.48063932057094,10830365.0,0.5725476472861256,12253122.399721231
2022-09-23,5300.19482421875,5364.310084189138,5300.19482421875,5342.938330865676,6647900,5374.995703125,97.44551625111544,5569.88673562723,5180.104670622769,0.30809563696730513,7.251765146116187,False,38.35615126268324,89.52596936698646,10851745.0,0.6126111514784027,12253122.399721231
2022-09-26,5300.19482421875,5342.938330865676,5257.451317571825,5321.566577542213,8771700,5356.829736328125,71.14446701703969,5499.118670362204,5214.540802294046,0.30098623798878477,5.312430711363689,True,38.54718711096293,89.23747250461966,11074510.0,0.7920621318685883,12253122.399721231
2022-09-27,5257.451171875,5321.566430068598,5236.079419143801,5300.194677337398,9551400,5341.8695068359375,56.95735148512738,5455.784209806192,5227.954803865683,0.1294669047990191,4.264975129942015,True,38.95471456047903,88.96958239177518,11197570.0,0.8529886394994628,12253122.399721231
2022-09-28,5214.70751953125,5257.451023789703,5214.70751953125,5257.451023789703,13294700,5336.5265625,63.58817827657788,5463.702919053156,5209.350205946845,0.02106253760370217,4.766259665859407,True,39.554411478439924,85.66773024548766,10440395.0,1.2733905182706209,12253122.399721231
2022-09-29,5150.59228515625,5257.451046259076,5150.59228515625,5214.707541817946,7205400,5325.8406982421875,75.51283543165968,5476.866369105507,5174.815027378868,-0.08019412224475327,5.671430274404047,True,40.68367542883353,87.18137530672612,10131075.0,0.7112177138161547,12253122.399721231
2022-09-30,5150.59228515625,5278.822798479642,5150.59228515625,5171.964037376815,12140400,5309.811865234375,77.04913508323395,5463.910135400843,5155.713595067907,-0.016617025960525954,5.8042836197423755,True,41.157344041061876,90.11345659363084,10081155.0,1.2042667730036887,12253122.399721231
2022-10-03,5150.59228515625,5214.707541817946,5150.59228515625,5150.59228515625,5291700,5294.851635742188,77.48470732528294,5449.821050392754,5139.882221091621,0.034555412397918074,5.853588554000869,True,41.5971791809882,88.25644231277833,9886670.0,0.5352358276345828,12253122.399721231
2022-10-04,5171.96435546875,5236.0796160737345,5150.592601933755,5171.96435546875,8703800,5282.028588867188,75.40922344862433,5432.847035764436,5131.210141969939,0.135110174972748,5.710625921833335,True,41.40918186496149,88.05864864168592,9994015.0,0.8709012343887816,12253122.399721231
2022-10-05,5150.59228515625,5257.451046259076,5150.59228515625,5214.707541817946,8316000,5270.27412109375,76.71295271921808,5423.700026532187,5116.848215655314,0.1099686177653892,5.822312157326487,True,40.663596433786644,89.40151381748166,9835265.0,0.845528818999793,12253122.399721231
2022-10-06,5214.70751953125,5214.70751953125,5171.964015272797,5214.70751953125,5066900,5263.862622070313,75.67179804353914,5415.206218157391,5112.519025983234,0.33760428650452984,5.750286698308775,True,39.971267104838574,87.59535100016154,9570485.0,0.5294298042366714,12253122.399721231
2022-10-07,5193.33642578125,5236.0799354584615,5150.592916104038,5193.33642578125,6908800,5257.451123046875,75.95714533572581,5409.365413718327,5105.536832375424,0.2889773997487586,5.7790091478173125,False,38.74325449574721,87.44475588260886,9184085.0,0.7522578460456322,12253122.399721231
2022-10-10,5236.0791015625,5257.450852997449,5171.9638472576535,5193.335598692602,6180000,5253.1767578125,74.55159302278861,5402.279943858077,5104.073571766923,0.44266502043499695,5.676686428791162,False,37.04954145092145,87.30491658669364,8953945.0,0.6901985661068948,12253122.399721231
2022-10-11,5236.0791015625,5257.450852997449,5171.9638472576535,5214.707350127551,6202100,5249.970971679688,73.79807100907502,5397.567113697838,5102.374829661538,0.45293958931704476,5.622741261402744,False,35.47680790929754,87.17506581191522,8802040.0,0.704620747008648,12253122.399721231
2022-10-12,5193.33642578125,5236.0799354584615,5150.592916104038,5236.0799354584615,5408900,5243.55947265625,72.81424439584158,5389.187961447934,5097.930983864567,0.3275644851782996,5.554566113003845,False,34.430298721143075,87.05449106495155,8627105.0,0.6269658245726695,12253122.399721231
2022-10-13,5171.96435546875,5236.0796160737345,5150.592601933755,5214.707862538739,7809000,5238.216552734375,74.00134973397597,5386.219252202327,5090.213853266423,0.2761790916524092,5.650881286711747,False,33.45854629493798,86.94252842745355,8238385.0,0.9478799546270295,12253122.399721231
2022-10-14,5171.96435546875,5214.707862538739,5171.96435546875,5193.336109003744,5931800,5227.530688476562,66.65205926607594,5360.834807008714,5094.226569944411,0.29158058423224853,5.1000798073172104,False,32.55620475631897,83.78545547334896,7627045.0,0.7777323983272683,12253122.399721231
2022-10-17,5236.0791015625,5257.450852997449,5150.592095822704,5171.9638472576535,10678400,5224.32490234375,64.4796583722764,5353.284219088303,5095.365585599197,0.5455732843328914,4.936879660248493,False,30.462111820607806,85.43354845202009,7707425.0,1.3854692066416474,12253122.399721231
2022-10-18,5278.82275390625,5278.82275390625,5214.707497785931,5257.451001866144,7913800,5223.256298828125,63.32282910960549,5349.9019570473365,5096.610640608914,0.7193776551816119,4.8492990186074225,False,28.590861170924395,83.91081328547,7771380.0,1.0183262174800358,12253122.399721231
2022-10-19,5321.56640625,5342.938158885542,5236.079395707831,5300.194653614458,12959800,5222.187744140625,61.346421062938724,5344.880586266502,5099.494902014748,0.9049896488966206,4.698905827870338,False,28.153643263860364,85.54995256348721,8059170.0,1.608081229208467,12253122.399721231
2022-10-20,5428.42529296875,5428.42529296875,5300.194774237204,5321.5665273591285,12801200,5226.462133789062,72.21761668610291,5370.8973671612675,5082.026900416857,1.199147827245291,5.527074708469886,False,28.93545335821044,88.59856443263428,8389185.0,1.5259169990887076,12253122.399721231
2022-10-21,5364.3095703125,5449.796575417082,5364.3095703125,5428.424824140936,7353500,5229.66787109375,76.93201719404311,5383.5319054818365,5075.803836705664,0.9375346706402725,5.884275567041181,False,29.898901418378827,88.37631019491624,8424465.0,0.8728744199186536,12253122.399721231
2022-10-24,5385.681640625,5428.425145709325,5364.3098880828375,5385.681640625,7061800,5233.942211914063,83.1780004754028,5400.298212864868,5067.586210963257,0.9560683950193338,6.356814585079984,False,30.793531759963756,86.64340056648116,8338970.0,0.8468431952627243,12253122.399721231
2022-10-25,5300.19482421875,5407.053590836063,5300.19482421875,5385.681837512601,11860800,5236.07939453125,84.35464045095934,5404.7886754331685,5067.370113629331,0.690017494428106,6.444107057586816,False,30.00036117085721,88.08735528439776,8454440.0,1.4029078212158346,12253122.399721231
2022-10-26,5407.05322265625,5428.424974524456,5321.566215183424,5364.309718919837,10509600,5245.6966796875,92.37334182936497,5430.44336334623,5060.94999602877,0.9366967237875095,7.043742516570206,False,29.57473757912529,90.95469778591979,8315185.0,1.2639045312882395,12253122.399721231
2022-10-27,5385.681640625,5428.425145709325,5364.3098880828375,5407.0533931671625,8558700,5257.451147460937,94.56589028724066,5446.582928035418,5068.319366886456,0.8389977421419268,7.194808863447889,False,29.179518208977395,89.03759491738893,8382850.0,1.020977352571023,12253122.399721231
2022-10-28,5449.796875,5449.796875,5385.681617647058,5428.42512254902,11249000,5272.411376953125,100.26631318403204,5472.9440033211895,5071.8787505850605,0.9422858795089423,7.606865702651235,False,29.13338677354371,87.25742794849984,8338280.0,1.3490791865948373,12253122.399721231
2022-10-31,5513.91162109375,5535.283371563106,5449.796369685683,5449.796369685683,15454700,5290.57734375,109.51946893284371,5509.6162816156875,5071.538405884313,1.0098049678288168,8.28034158216959,False,30.12694575348937,87.13096894342291,8846430.0,1.7469985067422678,12253122.399721231
2022-11-01,5513.91162109375,5535.283371563106,5428.424619216328,5513.91162109375,10859900,5307.67470703125,116.49678768002565,5540.668282391302,5074.681131671199,0.9425806886387237,8.779497170442529,False,30.51998797299063,88.54009632937682,8954235.0,1.2128227592865275,12253122.399721231
2022-11-02,5492.5400390625,5513.911790187257,5428.42478568823,5492.5400390625,8049600,5324.7720947265625,117.31927190820711,5559.410638542977,5090.133550910148,0.8575029524288268,8.813092453244742,False,30.8849557482418,88.32201834149467,8940915.0,0.9003105386864767,12253122.399721231
2022-11-03,5449.796875,5492.5403799019605,5407.053370098039,5471.16862745098,6507700,5336.5265625,117.48819747602077,5571.502957452041,5101.550167547959,0.7410248751222828,8.806342185316954,False,30.67455994492176,88.11951773166804,9012955.0,0.7220384435515322,12253122.399721231
2022-11-04,5513.91162109375,5513.91162109375,5428.424619216328,5428.424619216328,8342600,5352.555322265625,118.78544907862779,5590.126220422881,5114.98442410837,0.8395960954807649,8.876915187368727,False,30.77539559987161,87.93148088493616,9084645.0,0.9183187675467781,12253122.399721231
2022-11-07,5556.65576171875,5556.65576171875,5449.7969970703125,5513.912255859374,9420800,5368.584155273437,123.765798563518,5616.115752400473,5121.052558146402,0.8798941400373879,9.221485217248238,False,31.40400382322265,89.28342972518627,9246685.0,1.0188299915050638,12253122.399721231
2022-11-08,5535.28369140625,5599.398946519063,5471.168436293437,5599.398946519063,4847400,5383.544384765625,124.98346453705427,5633.511313839734,5133.577455691517,0.8035187638674358,9.286332988410607,False,32.4458777719526,92.06536404664632,9178950.0,0.5280996192374945,12253122.399721231
2022-11-09,5599.3994140625,5599.3994140625,5492.540646618559,5535.284153596135,11459700,5403.8475341796875,125.43952836141953,5654.726590902526,5152.968477456849,0.8897333688137435,9.285201151069215,False,33.413336977107434,93.12203571788169,9481490.0,1.208639148488265,12253122.399721231
2022-11-10,5535.28369140625,5599.398946519063,5471.168436293437,5599.398946519063,6477700,5422.013500976563,116.04718597900354,5654.10787293457,5189.919129018555,0.7440175293224716,8.561187533605537,False,33.70698598219252,95.6298172929661,9414925.0,0.6880245992400364,12253122.399721231
2022-11-11,5471.1689453125,5556.655960083008,5449.797191619873,5556.655960083008,6379700,5436.97373046875,100.3382572021048,5637.650244872959,5236.29721606454,0.5851998425059178,7.381919588083346,False,33.402285356871204,96.43188523369243,9437320.0,0.6760075953766536,12253122.399721231
2022-11-14,5535.28369140625,5535.28369140625,5449.796684589165,5492.540187997708,3416300,5451.9339599609375,90.64609565015718,5633.226151261252,5270.641768660623,0.7298767830194124,6.650564465077036,False,33.119335177154845,95.65010820393475,9074215.0,0.3764843570490671,12253122.399721231
2022-11-15,5556.65576171875,5556.65576171875,5471.16875,5535.284008789062,6211600,5465.825610351562,83.74685714948744,5633.319324650537,5298.331896052588,0.7711449553415978,6.128761736626337,False,33.178239888366214,94.92417274070728,8989105.0,0.6910142889642518,12253122.399721231
2022-11-16,5556.65576171875,5556.65576171875,5471.16875,5556.65576171875,5248500,5477.580078125,78.78459432045982,5635.1492667659195,5320.0108894840805,0.7509236871618143,5.753240898117774,False,33.23293712020534,94.25008981056749,8603540.0,0.6100395883554909,12253122.399721231
2022-11-17,5578.02734375,5578.02734375,5513.912086925287,5556.655591475096,5720700,5485.0601806640625,80.94431332401582,5646.948807312094,5323.171554016031,0.7871330896149401,5.902893361816563,False,33.6088784431189,92.09760174014927,8249515.0,0.6934589487988082,12253122.399721231
2022-11-18,5556.65576171875,5578.027514648437,5513.912255859374,5556.65576171875,3196400,5494.677490234375,77.18161077317302,5649.040711780721,5340.314268688029,0.7007546579538272,5.61864538257955,True,33.957969421517255,90.09886295792882,8041660.0,0.3974801222633138,12253122.399721231
2022-11-21,5578.02734375,5599.399096024905,5535.283839200192,5556.655591475096,3922700,5504.294775390625,74.83324590566001,5653.961267201945,5354.6282835793045,0.7463228992242555,5.438171388657096,True,34.60725125542224,88.24289109127051,7884705.0,0.4975075161340849,12253122.399721231
2022-11-22,5513.91162109375,5578.026872501817,5513.91162109375,5578.026872501817,4377700,5514.980615234375,57.37789293353469,5629.736401101445,5400.224829367306,0.49534230830912673,4.1616025104448315,True,34.455890498637125,86.51952191734047,7510550.0,0.5828734247158996,12253122.399721231
2022-11-23,5513.91162109375,5556.655122032462,5471.168120155039,5535.283371563106,4470700,5520.32353515625,51.47002917706931,5623.263593510388,5417.3834768021115,0.46885607913470717,3.7294936682085105,True,33.01713265694921,86.44577048591778,7208605.0,0.6201893431530788,12253122.399721231
2022-11-24,5492.5400390625,5578.0270435615275,5471.168287937743,5513.911790187257,3331400,5525.666455078125,41.29907682966813,5608.2646087374615,5443.068301418789,0.2994724182803763,2.9896177893049627,True,32.10214919293844,87.90384085290826,6947240.0,0.4795285609824909,12253122.399721231
2022-11-25,5407.05322265625,5492.540230129076,5385.681470788043,5471.168478260869,7401400,5523.529272460937,46.2420496303076,5616.013371721552,5431.045173200322,-0.1297085160361681,3.34873211306111,True,30.328383167213193,89.25776360206002,6754860.0,1.0957147890555836,12253122.399721231
2022-11-28,5364.3095703125,5428.424824140936,5342.937819036354,5407.053072864791,7771700,5516.049169921875,58.38510605893328,5632.819382039741,5399.278957804008,-0.14973590805937165,4.233835070020602,True,29.407213025813835,88.98842370938301,6370710.0,1.219911124505746,12253122.399721231
2022-11-29,5407.05322265625,5449.796726392663,5364.309718919837,5364.309718919837,6442200,5510.70625,63.275589007324385,5637.257428014649,5384.155071985351,0.09046992303875742,4.592920481459121,True,28.084434160315407,88.73833316443873,6149825.0,1.047542003227734,12253122.399721231
2022-11-30,5513.91162109375,5556.655122032462,5407.052868746972,5407.052868746972,27602900,5511.774829101562,63.13295456013509,5638.040738221833,5385.508919981292,0.5084614762887121,4.5816787889665,True,27.128707499280583,93.08575603022807,7127490.0,3.87273780812039,12253122.399721231
2022-12-01,5706.2578125,5727.629564606742,5578.027299859551,5599.399051966292,23432500,5524.597875976562,74.84136995993593,5674.280615896434,5374.91513605669,1.1068165795892164,5.418774118230751,False,27.974757450761818,101.70234085042549,7973730.0,2.9387124971625576,12253122.399721231
2022-12-02,5791.74462890625,5813.116380304427,5599.398866322647,5706.257623313538,18869100,5538.489526367188,95.64655743607224,5729.782641239332,5347.196411495043,1.161955613792821,6.907772018397866,False,29.339488440946134,109.70342464552225,8500055.0,2.2198797537192405,12253122.399721231
2022-12-05,5791.74462890625,5791.74462890625,5706.257623313538,5791.74462890625,5681800,5550.243969726563,111.18069955553645,5772.605368837636,5327.882570615489,1.0430363816407129,8.012671166310122,False,30.606738646117286,107.9736804274644,8313105.0,0.6834750673785547,12253122.399721231
2022-12-06,5791.74462890625,5791.74462890625,5684.8858719153595,5791.74462890625,10495400,5563.0670166015625,123.47425876060619,5810.015534122775,5316.11849908035,0.9630066513459526,8.878142822448728,False,31.39380142209977,107.8940430391377,8595505.0,1.2210335518390136,12253122.399721231
2022-12-07,5855.8603515625,5855.8603515625,5749.001586023039,5770.373339130931,13883500,5575.890063476562,139.69727462629177,5855.284612729146,5296.495514223979,1.001030332973378,10.021522880541923,False,32.570833555977,107.82009464630367,8716695.0,1.5927481688874052,12253122.399721231
2022-12-08,5898.603515625,5898.603515625,5770.373004415761,5855.860011888587,12426900,5594.0560546875,156.7240740304918,5907.504202748484,5280.6079066265165,0.9858019784475605,11.206471476035071,False,33.92943950053282,109.27798154365621,9014155.0,1.3785984376794054,12253122.399721231
2022-12-09,5919.9755859375,5941.347338955325,5834.488573866201,5877.23207990185,13036900,5616.49638671875,169.78890940778314,5956.074205534316,5276.918567903183,0.9468477951199423,12.092158364725785,False,35.437721116078606,109.10518036833248,9347015.0,1.3947661365687334,12253122.399721231
2022-12-12,5962.71875,5984.090501792115,5834.488239247312,5919.975246415771,11385900,5637.868139648437,185.2276817851024,6008.323503218642,5267.412776078232,0.9384477082756563,13.141682437195335,False,37.06739756134659,111.99782909522325,9745495.0,1.1683244411905194,12253122.399721231
2022-12-13,5919.9755859375,5962.71909197315,5855.860326884025,5962.71909197315,6947300,5656.034130859375,194.43111133975077,6044.896353538877,5267.171908179874,0.8393765705233653,13.750349226425826,False,38.580668546238286,111.63075309478766,9782280.0,0.7101923069059565,12253122.399721231
2022-12-14,5941.3466796875,5984.090180980216,5898.603178394785,5919.974929041143,8285900,5675.2686767578125,202.92512479999343,6081.118926357799,5269.418427157826,0.8278031776399533,14.302415364477227,False,40.10433028059738,109.76334234411938,9934150.0,0.8340824328201205,12253122.399721231
2022-12-15,5962.71875,5984.090501792115,5898.603494623656,5941.346998207886,7323000,5694.503247070313,211.28252637621873,6117.06829982275,5271.938194317875,0.8173659312129902,14.841155915393934,False,41.519160873223,108.02931840300079,10014265.0,0.731256862086234,12253122.399721231
2022-12-16,5941.3466796875,5984.090180980216,5898.603178394785,5941.3466796875,18611800,5713.73779296875,215.54047232316083,6144.818737615072,5282.656848322428,0.7639978518483235,15.089279916792972,False,42.8329243493369,106.41915298746014,10785035.0,1.725706036188107,12253122.399721231
2022-12-19,5984.0908203125,5984.0908203125,5855.860302734374,5941.347314453124,7004500,5734.040966796875,221.13645049266512,6176.313867782205,5291.768065811545,0.7826872875983858,15.426220480332239,False,43.0215102835277,107.97710760107911,10939125.0,0.6403162958646144,12253122.399721231
2022-12-20,5962.71875,5962.71875,5855.859991039427,5962.71875,4376800,5756.4813232421875,220.39324575768683,6197.267814757561,5315.694831726814,0.7339425444377753,15.31444181832633,False,43.196618425786056,109.42380200622155,10939080.0,0.40010677314728477,12253122.399721231
2022-12-21,5898.603515625,5962.718771229619,5855.860011888587,5962.718771229619,2354800,5775.71591796875,214.82547839901704,6205.366874766783,5346.064961170716,0.6430086395851041,14.87784243201272,False,43.359219046169194,109.24058467299373,10833285.0,0.21736712363793623,12253122.399721231
2022-12-22,5813.11669921875,5919.975462072036,5813.11669921875,5898.603709501378,3586200,5791.7447509765625,204.2858559019041,6200.316462780371,5383.173039172754,0.526154463983608,14.108760982082917,False,42.45714315317854,109.0704545430146,10846025.0,0.3306464810840838,12253122.399721231
2022-12-23,5834.48876953125,5877.232277000343,5770.37350832761,5813.1170157967035,3652000,5813.116528320313,183.19186509950384,6179.500258519321,5446.732798121305,0.5291664714469289,12.605414958191924,False,40.70065152374393,108.91247698085165,10658555.0,0.34263556363878594,12253122.399721231
2022-12-26,5877.23193359375,5877.23193359375,5791.744923650568,5791.744923650568,1596500,5838.762646484375,149.93938449525552,6138.641415474886,5538.883877493864,0.5641413982704993,10.2719972414386,False,39.06962358212608,107.2392293353038,10349795.0,0.15425426300714168,12253122.399721231
2022-12-27,5813.11669921875,5898.603709501378,5813.11669921875,5877.231956930721,1878100,5859.0658203125,110.78544272429411,6080.636705761089,5637.494934863912,0.3963105621915925,7.563351982851444,True,37.87178685165311,105.68549940296982,10121590.0,0.18555385072898625,12253122.399721231
2022-12-28,5749.00146484375,5855.8602281308085,5706.257959528927,5813.116722815986,5291600,5870.8203125,80.59458367834563,6032.0094798566915,5709.6311451433085,0.12212458301654952,5.491197440108726,True,35.5411427984113,108.82241148860638,9006025.0,0.587562215294761,12253122.399721231
2022-12-29,5813.11669921875,5813.11669921875,5727.629688936121,5727.629688936121,4037800,5876.163256835937,72.21758094133726,6020.598418718612,5731.728094953262,0.2817478902111101,4.91596831366619,True,33.37697332040104,107.15559711675084,8036290.0,0.5024457803289827,12253122.399721231
2022-12-30,5749.00146484375,5813.116722815986,5727.629712186338,5813.116722815986,3503600,5874.026098632812,75.40922344842089,6024.844545529654,5723.20765173597,0.08551279249488145,5.135096247936156,True,31.367386942958895,105.60784093910061,7268015.0,0.4820573430296993,12253122.399721231
2023-01-02,5791.74462890625,5834.488131702606,5749.001126109893,5749.001126109893,1627200,5874.026098632812,75.40922344842089,6024.844545529654,5723.20765173597,0.22721682453459538,5.135096247936156,True,29.152738136379156,104.17063841435859,7065285.0,0.2303091807336859,12253122.399721231
2023-01-03,5770.373046875,5855.860054976852,5770.373046875,5770.373046875,3939000,5872.95751953125,76.77559449570253,6026.508708522655,5719.406330539845,0.1659600185121585,5.229092445526859,True,27.482341275737454,102.83609339203667,6737465.0,0.5846412560213671,12253122.399721231
2023-01-04,5855.8603515625,5919.975610886177,5770.373339130931,5770.373339130931,5506500,5872.95751953125,76.77559449570253,6026.508708522655,5719.406330539845,0.4443274647332526,5.229092445526859,True,26.93497095829197,106.1765555791181,6318615.0,0.87147262493442,12253122.399721231
2023-01-05,5855.8603515625,5877.232104670392,5791.7450922388225,5877.232104670392,7888600,5870.820361328125,76.61887682288577,6024.058114973896,5717.582607682353,0.4511869320395848,5.220318259273238,True,26.42669852066402,104.69873106857891,6091700.0,1.2949751300950474,12253122.399721231
2023-01-06,5941.3466796875,5941.3466796875,5749.000923870279,5855.859677102068,6807500,5871.888916015625,77.48462758201116,6026.858171179647,5716.919660851603,0.7241017535973823,5.278344239154183,True,26.799162570869438,110.95923283633908,5780230.0,1.1777213017475083,12253122.399721231
2023-01-09,5941.3466796875,5984.090180980216,5813.116175809353,5941.3466796875,6662300,5870.8203125,76.30443411346054,6023.429180726921,5718.211444273079,0.731069032903878,5.198894195483725,True,27.612420415548314,115.24600228880509,5544050.0,1.2017027263462632,12253122.399721231
2023-01-10,5706.2578125,5898.603581460674,5642.142556179775,5898.603581460674,14808700,5860.134423828125,83.66781994968217,6027.47006372749,5692.798783928761,0.04021566648722747,5.710982984245364,True,25.794360494588723,128.38586809015652,5937120.0,2.4942564745196325,12253122.399721231
2023-01-11,5706.2578125,5749.001316713483,5578.027299859551,5706.2578125,8614300,5848.37998046875,88.05650699104112,6024.492994450832,5672.266966486667,0.09650293650868716,6.022625567087965,True,24.843258130470737,131.4278787161405,5953540.0,1.4469206556099397,12253122.399721231
2023-01-12,5663.51416015625,5727.629414799529,5642.142408608491,5706.257663251769,5670600,5833.419750976563,92.89237349538631,6019.204497967336,5647.63500398579,0.0427353602156824,6.3696683908155585,True,23.960091649504037,128.1463878214903,5870920.0,0.9658792829743891,12253122.399721231
2023-01-13,5727.62939453125,5727.62939453125,5556.655382754198,5663.514140114856,10145600,5822.73388671875,92.11277175735972,6006.95943023347,5638.50834320403,0.24188027791080718,6.327802269477763,False,24.01662827362871,131.20550381831612,5447610.0,1.8623947015296616,12253122.399721231
2023-01-16,5727.62939453125,5749.001146003382,5663.514140114856,5706.257643059119,5525400,5809.910815429687,86.1243510296916,5982.159517489071,5637.662113370304,0.26115517877728206,5.929478352815107,False,23.744954659568403,127.93989682333113,5373655.0,1.0282386941476518,12253122.399721231
2023-01-17,5834.48876953125,5877.232277000343,5727.630000858517,5749.001754593063,10513800,5803.49931640625,78.59367107606782,5960.686658558386,5646.311974254114,0.598574900181869,5.416984945885109,False,22.239373219066614,129.48725294088555,5680505.0,1.8508565699704516,12253122.399721231
2023-01-18,5941.3466796875,5941.3466796875,5813.116175809353,5834.487926455711,8657000,5805.636474609375,81.83040082418816,5969.297276257751,5641.975672960999,0.914608152078154,5.637996879898952,False,21.48760033631394,129.39748515068993,5995615.0,1.4438885752337334,12253122.399721231
2023-01-19,5877.23193359375,5941.347191051136,5855.860181107954,5898.603686079545,5746900,5808.842236328125,83.3800724977675,5975.60238132366,5642.082091332591,0.7050540831187696,5.7415966284168425,False,20.78953055160673,126.26102263586793,6103650.0,0.9415513668051084,12253122.399721231
2023-01-20,5877.23193359375,5898.603686079545,5791.744923650568,5877.23193359375,8859000,5810.97939453125,84.61073417902747,5980.200862889305,5641.757926173195,0.6957568968799991,5.8241978457989525,False,19.36476986998014,124.87514690680428,6364000.0,1.392049025769956,12253122.399721231
2023-01-24,5919.9755859375,5919.9755859375,5834.488573866201,5877.23207990185,2858200,5813.1165771484375,86.88164067645552,5986.879858501348,5639.353295795527,0.8074844350229361,5.978317449747362,False,18.2808552029612,122.06170870426821,6427085.0,0.44471171612013843,12253122.399721231
2023-01-25,5813.11669921875,5941.347214642693,5813.11669921875,5919.975462072036,4065400,5813.1165771484375,86.88164067645552,5986.879858501348,5639.353295795527,0.5000003512546252,5.978317449747362,False,17.013316774725624,122.50233775567355,6536450.0,0.6219584024967681,12253122.399721231
2023-01-26,5727.62939453125,5855.859903364039,5727.62939453125,5813.116400419776,7859300,5812.0479736328125,87.83790176483633,5987.723777162485,5636.37217010314,0.2597319112665855,6.0452289563558645,False,16.702472343525187,122.91149283261039,6664835.0,1.1792189904176171,12253122.399721231
2023-01-27,5727.62939453125,5791.744648947645,5706.257643059119,5727.62939453125,11380600,5807.773608398437,89.84032417295904,5987.454256744355,5628.09296005252,0.27698150968128954,6.187591337447699,False,16.62677637501548,120.23831519374724,7031975.0,1.6184073464425002,12253122.399721231
2023-01-30,5813.11669921875,5813.11669921875,5706.257936365464,5727.629688936121,4366900,5810.9793701171875,88.77032419620794,5988.520018509604,5633.438721724771,0.5060192669141277,6.1105241331750175,False,16.263605088855794,119.2826328837143,7075140.0,0.6172174684882561,12253122.399721231
2023-01-31,5749.00146484375,5855.8602281308085,5684.886206871515,5813.116722815986,13151600,5808.842211914062,89.76670795046742,5988.375627814997,5629.308796013128,0.3333437071588608,6.181383805974535,False,15.361095945401466,122.97487491054137,7651360.0,1.7188578239685495,12253122.399721231
2023-02-01,5684.88623046875,5749.001488707119,5663.514477722627,5727.629735960996,6670400,5804.56787109375,93.64630662830592,5991.860484350362,5617.275257837138,0.1804955664187812,6.453283600638486,False,14.776356202415736,120.29717034439503,7787930.0,0.8565048735671739,12253122.399721231
2023-02-02,5642.142578125,5706.257834694602,5620.770825935132,5684.886082504735,12490700,5793.881982421875,99.49617212063659,5992.874326663148,5594.889638180603,0.11873054746042022,6.8690506587810365,False,14.720297266789583,117.8107302311861,8137140.0,1.5350233620166298,12253122.399721231
2023-02-03,5727.62939453125,5749.001146003382,5642.142388642724,5663.514140114856,7031300,5787.470434570312,99.42365632678471,5986.317747223881,5588.623121916743,0.3495301765950518,6.871648500035317,False,14.07150427388635,117.02844645471983,8094275.0,0.8686756998001675,12253122.399721231
2023-02-06,5706.2578125,5749.001316713483,5642.142556179775,5727.629564606742,5734700,5775.715991210937,94.02420117035504,5963.764393551647,5587.6675888702275,0.3153183493016558,6.511691455288596,False,13.469051259115718,116.30204031750469,8040635.0,0.713214814501591,12253122.399721231
2023-02-07,5706.2578125,5727.629564606742,5663.514308286517,5706.2578125,3099300,5763.9615478515625,86.6323242698686,5937.2261963913,5590.696899311825,0.333480932671824,6.011998765131222,False,12.909630602542988,112.57441288912757,7862485.0,0.39418835139272124,12253122.399721231
2023-02-08,5813.11669921875,5813.11669921875,5706.257936365464,5727.629688936121,6700000,5769.3044921875,86.1802270973487,5941.664946382197,5596.944037992803,0.62709471913366,5.975086058574264,False,12.752483001619073,112.1661610198149,7457050.0,0.8984786209023675,12253122.399721231
2023-02-09,5791.74462890625,5834.488131702606,5770.372877508072,5813.116380304427,4626300,5773.578833007812,85.0005806283061,5943.579994264424,5603.5776717512,0.5534284465004833,5.888935309403169,False,12.861643540533201,108.73395338943769,7257650.0,0.637437738110821,12253122.399721231
2023-02-10,5898.603515625,5898.603515625,5727.629500679347,5791.744756283967,6431600,5785.33330078125,85.23356894801417,5955.800438677278,5614.8661628852215,0.8322347528144579,5.893079241363969,False,13.663641518748872,113.17967207202449,7295700.0,0.8815603711775429,12253122.399721231
2023-02-13,5749.00146484375,5877.23198078822,5749.00146484375,5855.8602281308085,5797100,5786.401904296875,84.60368521067414,5955.609274718223,5617.194533875527,0.38948342096448596,5.848448594477953,False,14.408353927091994,115.78127055125489,7078275.0,0.8189989792710795,12253122.399721231
2023-02-14,5770.373046875,5813.116550925925,5727.629542824074,5749.001294849537,4590400,5788.539086914063,83.5745028004876,5955.688092515038,5621.390081313088,0.44565914414582414,5.7751706636599485,False,14.724381247271804,113.6173946620118,7031525.0,0.6528313559291903,12253122.399721231
2023-02-15,5706.2578125,5770.373068820225,5642.142556179775,5727.629564606742,7480200,5782.1275390625,84.77398083888218,5951.675500740264,5612.579577384735,0.2762588066181113,5.864552814940324,False,13.707914311524167,114.66118880332881,6879845.0,1.087262867114012,12253122.399721231
2023-02-16,5642.142578125,5706.257834694602,5642.142578125,5706.257834694602,5561500,5767.167333984375,81.5361813603972,5930.239696705169,5604.09497126358,0.11665866069090843,5.655197890994168,False,12.764052156901364,111.05076507234833,6725070.0,0.8269802396108888,12253122.399721231
2023-02-17,5642.142578125,5642.142578125,5556.65556936553,5642.142578125,11153200,5755.412866210938,81.77905142377267,5918.970969058483,5591.8547633633925,0.15373073509076285,5.6836271054598875,False,12.906770140359669,109.2247824785713,6995385.0,1.5943654280643595,12253122.399721231
2023-02-20,5663.51416015625,5663.51416015625,5599.398905512972,5599.398905512972,4762600,5744.726977539062,78.93707502149273,5902.601127582047,5586.852827496077,0.24279254279215393,5.496315165550845,False,12.717413747343436,106.0026733474789,6790565.0,0.7013554836747752,12253122.399721231
2023-02-21,5578.02734375,5663.514352849617,5578.02734375,5642.142600574713,6341600,5727.629565429687,75.95720318189434,5879.543971793476,5575.715159065899,0.007610156072243611,5.30461701925348,False,12.801658161389591,104.53726875834593,6964735.0,0.9105299770917343,12253122.399721231
2023-02-22,5642.142578125,5642.142578125,5578.027321555398,5578.027321555398,2984600,5719.080859375,75.44911322414006,5869.97908582328,5568.18263292672,0.2450656543124775,5.277009720921163,False,12.879885396356016,101.64998217343565,6910695.0,0.4318813086093367,12253122.399721231
2023-02-23,5620.77099609375,5663.514501767467,5599.399243256892,5642.142748930609,4014800,5713.737939453125,78.5324676199543,5870.802874693034,5556.673004213217,0.20404933724585597,5.497799755756446,False,12.586920110780783,98.9689304832313,6718470.0,0.5975765315615014,12253122.399721231
2023-02-24,5620.77099609375,5663.514501767467,5599.399243256892,5620.77099609375,2435400,5708.39501953125,81.12970936997407,5870.654438271198,5546.135600791302,0.22998786721301429,5.684940099091889,False,12.314880917032353,96.47938248518442,6271210.0,0.38834610864569996,12253122.399721231
2023-02-27,5642.142578125,5642.142578125,5578.027321555398,5620.770825935132,6349700,5699.8463134765625,78.47886520660207,5856.804043889767,5542.888583063358,0.3161806519511573,5.507437280970114,False,12.385050030924742,94.16765920549996,6370350.0,0.9967584198670403,12253122.399721231
2023-02-28,5535.28369140625,5642.142449927606,5535.28369140625,5642.142449927606,15811400,5689.160424804688,85.65554541324828,5860.471515631184,5517.849333978192,0.05088508088981767,6.0223680836835385,False,13.047272606335884,95.0741754564464,6503340.0,2.4312737762442067,12253122.399721231
2023-03-01,5364.3095703125,5556.655331797809,5364.3095703125,5535.283580521663,14766000,5673.131591796875,112.33687961616118,5897.8053510291975,5448.4578325645525,-0.1872676687735472,7.920625693124831,False,15.304255098689802,102.02214588707942,6908120.0,2.137484583359872,12224787.63378298
2023-03-02,5342.9375,5428.4245,5342.9375,5385.6810000000005,9675100,5658.171337890625,134.4312681489269,5927.033874188479,5389.3088015927715,-0.08623607853903457,9.503513423051839,False,17.550275435881446,100.84106403800232,6767340.0,1.429675470716707,12177769.07909548
2023-03-03,5364.3095703125,5407.053072864791,5342.937819036354,5342.937819036354,7910700,5640.005346679687,148.37608747347352,5936.757521626634,5343.25317173274,0.03547808635863289,10.523116795328827,False,19.635865748987968,98.21781466848722,6811310.0,1.161406542941079,12224787.63378298
2023-03-06,5342.9375,5407.05275,5342.9375,5385.6810000000005,5126200,5621.839331054687,161.49851509414583,5944.8363612429785,5298.842300866396,0.06825944979726108,11.4907954912221,False,21.572487827831548,95.7819171921667,6780885.0,0.7559780176186441,12177769.07909548
2023-03-07,5342.9375,5407.05275,5300.194,5342.9375,8384500,5603.673315429687,171.6197305024661,5946.912776434619,5260.433854424755,0.12018380015761009,12.250516462472005,False,23.700530509603986,96.57311953558332,7045145.0,1.19011035259033,12177769.07909548
2023-03-08,5257.451171875,5364.309935530996,5257.451171875,5342.938182799797,9222400,5575.8900390625,180.66810786891304,5937.226254800326,5214.553823324674,0.05935932613719877,12.960665049218909,False,25.973201750255647,97.30780840132708,7171265.0,1.2860213644315195,11989699.15722048
2023-03-09,5257.451171875,5342.938182799797,5257.451171875,5278.822924606199,5789000,5549.175366210938,186.47914686372945,5922.133659938397,5176.217072483479,0.10890507163635237,13.44193575133383,False,28.083539330860763,96.46346572443207,7229400.0,0.8007580158796027,11989699.15722048
2023-03-10,5236.0791015625,5300.1943558673465,5214.707350127551,5257.450852997449,5466400,5516.049145507813,179.86797518675783,5875.785095881329,5156.313195134297,0.11086729911950967,13.043246747229567,False,30.329439794785216,95.67943286838661,7181140.0,0.7612161857309564,11942680.60253298
2023-03-13,5236.0791015625,5321.566107302296,5214.707350127551,5236.0791015625,5179700,5490.40302734375,181.46469228025023,5853.332411904251,5127.4736427832495,0.14962340251226733,13.220500671918266,False,31.887634273535095,96.47795603312649,7150270.0,0.7244062112339814,11942680.60253298
2023-03-14,5278.82275390625,5321.566257986463,5236.079249826038,5257.451001866144,7033700,5465.825512695313,174.71196929572776,5815.249451286768,5116.4015741038575,0.23241278267470764,12.785769973075741,False,33.33452532826822,95.69289891818624,7272435.0,0.9671726182495959,12036716.63768923
2023-03-15,5214.70751953125,5321.566280177382,5214.70751953125,5278.822775918929,6553100,5441.247998046875,173.68038450346148,5788.608767053798,5093.887229039952,0.17391182492587384,12.767687454481303,False,34.852173058349784,96.4904604701824,7226080.0,0.9068679007151872,11861662.4558469
2023-03-16,5257.451171875,5278.822924606199,5171.964160950203,5214.707666412602,3570900,5422.013427734375,171.54958012314168,5765.112587980659,5078.914267488091,0.26018266010728675,12.65578423289335,False,36.5821307302277,97.23105355488337,7126550.0,0.5010699426791365,11861662.4558469
2023-03-17,5236.0791015625,5321.566107302296,5214.707350127551,5257.450852997449,17695500,5401.71025390625,168.12061206412332,5737.951478034496,5065.4690297780035,0.25370189545738725,12.449435764722603,False,37.095258644038324,97.91874667058777,7453665.0,2.3740669858385104,11861662.4558469
2023-03-20,5300.19482421875,5300.19482421875,5236.079564248362,5236.079564248362,2325300,5383.544287109375,157.64555746141312,5698.835402032201,5068.253172186548,0.3678214213061063,11.713142796197491,False,37.571734564005325,95.50424495527793,7331800.0,0.31715267737799724,11861662.4558469
2023-03-21,5236.0791015625,5321.566107302296,5236.0791015625,5321.566107302296,7628100,5366.446875,153.94226627476758,5674.331407549535,5058.562342450465,0.2882846332715252,11.474427669594137,False,37.47150000517554,94.78872786845777,7396125.0,1.0313643968970239,11861662.4558469
2023-03-24,5407.05322265625,5471.168478260869,5278.822711447011,5300.194463315217,9974300,5354.692407226563,140.13970662128142,5634.971820469125,5074.412993984,0.5934082436236094,10.468553258607503,False,34.9824401411595,104.81020278488,7745610.0,1.287735891685742,11861662.4558469
2023-03-27,5449.796875,5492.5403799019605,5428.42512254902,5492.5403799019605,7332800,5346.143701171875,127.71865603715534,5601.581013246186,5090.706389097565,0.7028935651303175,9.555946355064059,False,32.963221363110364,103.4299852463679,7911510.0,0.9268521432697424,11861662.4558469
2023-03-28,5449.796875,5513.912132352941,5428.42512254902,5449.796875,7110100,5337.594995117188,113.27453114659966,5564.144057410387,5111.045932823989,0.7476326292130062,8.488806756617748,False,31.37650528601985,102.14834414333599,8145245.0,0.8729141971788449,11861662.4558469
2023-03-29,5428.42529296875,5535.284058578371,5428.42529296875,5471.168799212598,10059800,5326.909130859375,90.90435329635339,5508.717837452082,5145.100424266669,0.7791839951229466,6.8260487320674805,True,30.186923005782997,102.48480281949918,8330750.0,1.2075503406055876,11861662.4558469
2023-03-30,5471.1689453125,5535.284206390381,5428.425437927246,5471.1689453125,7313600,5323.703393554688,84.0406634239299,5491.7847204025475,5155.622066706828,0.938673214102159,6.314451216472827,True,29.082312908094636,102.79723929108002,7905860.0,0.9250859489037245,11861662.4558469
2023-03-31,5300.19482421875,5492.540604129915,5300.19482421875,5471.168850806452,15207500,5320.49765625,83.63205293173522,5487.7617621134705,5153.233550386529,0.43930905878927246,6.287536116738454,True,27.891458919986107,109.19356362108607,7927935.0,1.9182170388632096,11861662.4558469
2023-04-03,5278.82275390625,5342.938010026569,5278.82275390625,5300.194505946357,7453300,5317.291918945312,83.95481276397844,5485.201544473269,5149.382293417356,0.38544681426659094,6.315606819693338,True,27.040439413068192,105.97368451388841,7816845.0,0.9534921058304213,11861662.4558469
2023-04-04,5428.42529296875,5428.42529296875,5278.82302111528,5278.82302111528,7999600,5320.497705078125,87.013074373192,5494.523853824509,5146.471556331741,0.8100901464179164,6.541724417258391,True,25.204046725538458,109.09003126736067,7821290.0,1.0227980294810703,11861662.4558469
2023-04-05,5364.3095703125,5449.796575417082,5364.3095703125,5449.796575417082,6600000,5321.56630859375,87.43338035186532,5496.433069297481,5146.69954789002,0.6222166566897404,6.572003450237564,True,23.77105523331971,107.40410082716218,7894980.0,0.8359742519930387,11861662.4558469
2023-04-06,5342.9375,5428.4245,5342.9375,5385.6810000000005,6684600,5321.56630859375,87.43338035186532,5496.433069297481,5146.69954789002,0.5611070718078262,6.572003450237564,True,22.140481601939584,105.83859362522203,7809985.0,0.8559043327227901,11861662.4558469
2023-04-10,5407.05322265625,5407.05322265625,5300.194463315217,5364.309718919837,5879200,5329.046411132813,88.0566644822019,5505.159740097217,5152.933082168409,0.7214676537606187,6.609562588777192,True,21.06274175870335,105.9114626049228,7642825.0,0.7692443566351447,11861662.4558469
2023-04-11,5428.42529296875,5428.42529296875,5342.938280481053,5407.0535398468255,4139000,5337.5951171875,89.03406308565778,5515.663243358816,5159.526991016185,0.7550433301405778,6.672223061577716,True,19.74919904170074,104.45257331083525,7560325.0,0.5474632373608277,11861662.4558469
2023-04-12,5364.3095703125,5428.424824140936,5342.937819036354,5407.053072864791,7923000,5344.006640625,85.90087044558535,5515.808381516171,5172.204899733829,0.5590882536526833,6.429697881927714,True,18.529487416588076,103.09792335523244,7683155.0,1.0312169935397633,11861662.4558469
2023-04-13,5364.3095703125,5407.053072864791,5364.3095703125,5385.681321588645,2624900,5350.4181640625,82.12376216575419,5514.665688394009,5186.170639730992,0.5422880232336474,6.139614486012342,True,17.396898050412027,98.78689329787947,7555415.0,0.3474196983223291,11861662.4558469
2023-04-14,5385.681640625,5471.16865079365,5364.3098880828375,5364.3098880828375,8912100,5355.7611083984375,80.6841153326328,5517.129339063703,5194.392877733172,0.5927088687259273,6.025968201315844,True,16.93796477801331,99.36347809668452,7649335.0,1.1650816704981544,11861662.4558469
2023-04-17,5407.05322265625,5471.168478260869,5364.309718919837,5407.05322265625,10704300,5365.378393554687,74.18807020367763,5513.754533962043,5217.002253147331,0.6404364238992459,5.530873296302708,True,16.511809460485857,99.89885532842364,7856895.0,1.3624084323387293,11861662.4558469
2023-04-18,5428.42529296875,5471.168799212598,5407.0535398468255,5471.168799212598,4925100,5373.927099609375,70.87369948399673,5515.6744985773685,5232.179700641381,0.6922370137164947,5.27537483633886,True,16.116098714897756,97.34290684470396,7924605.0,0.6214946991048765,11861662.4558469
2023-04-26,5556.65576171875,5556.65576171875,5449.7969970703125,5471.16875,14098900,5389.9559326171875,74.22858292262165,5538.413098462431,5241.498766771944,1.061440830937511,5.5086597256522385,False,16.90099233320508,99.54916126651082,7744775.0,1.8204402322856377,11861662.4558469
2023-04-27,5492.5400390625,5556.655292436771,5449.796536812986,5535.283541312014,7393900,5399.573193359375,74.44686418828503,5548.466921735945,5250.679464982805,0.812191946285342,5.51501842996353,False,17.62981258270853,100.0713086693146,7998205.0,0.9244449223294476,11861662.4558469
2023-04-28,5513.91162109375,5556.655122032462,5471.168120155039,5492.539870624395,11951800,5413.464819335937,67.97359732035916,5549.4120139766555,5277.517624695219,0.8694331538921194,5.022557610613414,False,18.306574242961737,99.02957246989376,8214390.0,1.454983267168956,11861662.4558469
2023-05-02,5556.65576171875,5556.65576171875,5471.16875,5535.284008789062,6229800,5420.9449462890625,75.08986901479844,5571.124684318659,5270.765208259466,0.9518279802929952,5.540721756726305,False,18.935004602703707,98.06224670195493,8027165.0,0.7760896904448831,11861662.4558469
2023-05-03,5684.88623046875,5813.116746945489,5599.399219484258,5791.7449941993655,20460100,5432.6994140625,95.4767807529181,5623.652975568337,5241.7458525566635,1.1603354617152335,7.029785635168949,False,21.71773973732944,109.37644231086804,8683530.0,2.3561961552502266,11861662.4558469
2023-05-04,5663.51416015625,5727.629414799529,5599.398905512972,5642.142408608491,13351700,5443.385278320313,108.55507152955693,5660.495421379426,5226.2751352611995,1.0069520906169773,7.977026499439993,False,24.301701796331738,110.72316138056007,8995610.0,1.4842462045375466,11861662.4558469
2023-05-05,5727.62939453125,5727.62939453125,5620.770637170593,5684.885891586987,8005500,5458.345483398438,125.65504770479254,5709.655578808023,5207.035387988853,1.0357602341719163,9.208288342097259,False,26.70109513683387,110.4471325219956,8892895.0,0.9002130352376814,11861662.4558469
2023-05-08,5877.23193359375,5877.23193359375,5706.257913707386,5727.629666193181,15963300,5478.6486328125,156.78541968988728,5792.219472192275,5165.077793432725,1.1355554323380717,11.447014050207535,False,29.636837742197866,114.77048161945048,9325380.0,1.7118122800357733,11861662.4558469
2023-05-09,5834.48876953125,5898.60403073489,5791.745262062156,5877.232277000343,8982000,5505.363330078125,169.76060990295844,5844.884549884042,5165.842110272208,0.984690529271286,12.334198469734751,False,32.44323746205329,114.2053592661136,9014105.0,0.9964383596596668,11861662.4558469
2023-05-10,5898.603515625,5898.603515625,5813.116508152174,5855.860011888587,8697100,5536.352368164063,182.33361991353237,5901.0196079911275,5171.685128336998,0.9966872643025553,13.173556001385581,False,35.0491800590619,112.15404842373593,9076295.0,0.9582213887935551,11861662.4558469
2023-05-11,5813.11669921875,5898.603709501378,5770.373194077435,5898.603709501378,4955500,5555.586938476563,190.45876712855807,5936.504472733679,5174.669404219447,0.8380387322474327,13.712953769798093,False,36.564473043879275,113.3023674951793,8924090.0,0.5552947135226113,11861662.4558469
2023-05-12,5749.00146484375,5813.116722815986,5727.629712186338,5813.116722815986,8843800,5574.821533203125,189.5478070925979,5953.917147388321,5195.725919017929,0.7297308714781578,13.600278033201135,False,37.13776781745678,111.31555629049846,9036280.0,0.9786991992280009,11861662.4558469
2023-05-15,5749.00146484375,5791.744970158574,5706.257959528927,5749.00146484375,8207300,5595.124731445312,185.09785446923797,5965.320440383788,5224.929022506836,0.7078316005332347,13.232795574973654,False,37.27076227856515,109.4706601718662,9112415.0,0.9006723245155099,11861662.4558469
2023-05-16,5834.48876953125,5855.8605232657965,5727.630000858517,5749.001754593063,12010300,5616.496508789062,186.90727955004533,5990.311067889153,5242.681949688972,0.791578077198191,13.311307449942172,False,37.87812933836251,110.8106503315386,9418970.0,1.2751181923288852,11861662.4558469
2023-05-17,5813.11669921875,5855.860204360064,5749.001441506778,5834.488451789407,8442300,5635.7310791015625,186.32761681758817,6008.386312736739,5263.075845466386,0.7380023197136222,13.224734409952863,False,38.44211303674578,110.52837265452055,9634135.0,0.8762903986709757,11861662.4558469
2023-05-19,5941.3466796875,5941.3466796875,5791.744425162995,5813.116175809353,13551700,5664.582934570312,186.76248687879482,6038.107908327902,5291.057960812723,0.8704755566046863,13.18808385620091,False,39.53346813317979,113.31936421666231,9915570.0,1.3667091251435872,11861662.4558469
2023-05-22,5898.603515625,5984.090523097826,5877.231763756793,5941.347019361413,9774100,5691.297631835938,179.62714917184326,6050.551930179625,5332.043333492251,0.788522482187171,12.624688483487246,False,40.788656416724535,112.85789243983164,10273030.0,0.9514330241418549,11861662.4558469
2023-05-23,5941.3466796875,5962.718430333858,5898.603178394785,5898.603178394785,17598400,5719.080883789063,172.7086917841828,6064.498267357429,5373.663500220697,0.8217351043573722,12.07947187973731,False,41.9541883943018,109.37627526120606,10707345.0,1.6435820457825914,11861662.4558469
2023-05-24,5941.3466796875,5962.718430333858,5877.2314277484265,5941.3466796875,10056700,5745.795556640625,162.95057370440463,6071.696704049435,5419.894409231816,0.8000160088445101,11.34398689254279,False,42.57986534017496,107.66989864150788,10674965.0,0.942082714088524,11861662.4558469
2023-05-25,6069.5771484375,6133.692400005502,5941.346645301497,5962.718395824164,18238400,5777.8531494140625,160.27308106644594,6098.399311546955,5457.30698728117,0.9550421023329775,11.095683945009892,False,44.074620001169876,113.71817407454341,11340630.0,1.6082351685929266,11861662.4558469
2023-05-26,6155.064453125,6197.807956271701,6069.577446831598,6069.577446831598,12859400,5807.773583984375,172.21730229760655,6152.208188579589,5463.338979389162,1.0041463089180136,11.861158139671032,False,45.70992215697851,114.75479077166183,11278655.0,1.1401536796719112,11861662.4558469
2023-05-29,6155.064453125,6219.179707845052,6090.949198404948,6155.064453125,8783500,5840.8998046875,172.1090558468863,6185.117916381273,5496.681692993728,0.9563453196747974,11.786475481655314,False,47.306126730123125,115.71734210512196,11348135.0,0.7740038341101864,11861662.4558469
2023-05-30,6112.3212890625,6155.064794580419,6112.3212890625,6133.69304182146,4062300,5870.820288085937,164.10084486457563,6199.021977815089,5542.618598356786,0.867915535681522,11.1807779364391,False,48.78831669090027,110.50492520603606,10953660.0,0.3708623419021587,11861662.4558469
2023-05-31,6069.5771484375,6219.179402096171,6069.5771484375,6133.692400005502,30276400,5896.466357421875,152.0566343386729,6200.579626099221,5592.353088744529,0.7846156495711633,10.315102308505814,False,50.399220461407985,113.2975915240814,12155990.0,2.4906568695762337,11861662.4558469
2023-06-05,6197.80810546875,6219.179857556574,6112.321097117457,6155.064601293104,16147500,5922.112451171875,157.64541113448504,6237.403273440846,5606.821628902905,0.9372084989865047,10.647917440560592,False,51.89506128700676,115.89081420943799,11940360.0,1.352346160417274,11861662.4558469
2023-06-06,6304.6669921875,6390.154002251059,6197.808229608051,6219.179982123941,20431800,5954.170092773437,167.19205634898412,6288.554205471406,5619.785980075469,1.024093230067195,11.231930142667908,False,53.77793199195476,121.35189153607163,12294365.0,1.6618833099554144,11861662.4558469
2023-06-07,6368.7822265625,6390.153979000629,6326.038721686241,6347.41047412437,15381300,5986.227734375,182.25765109083227,6350.743036556665,5621.712432193335,1.0247440778176777,12.178464246807433,False,55.52631193226361,118.79011262729003,12663155.0,1.2146499035982739,11861662.4558469
2023-06-08,6347.41015625,6411.525410353535,6304.6666535143095,6411.525410353535,7128700,6009.736645507813,197.17190675736043,6404.080459022533,5615.392831993092,0.9281460735145806,13.123497310301834,False,56.71952477753878,117.9378729281426,12221425.0,0.5832953194901577,11861662.4558469
2023-06-09,6347.41015625,6390.1536589856905,6261.92315077862,6261.92315077862,7917400,6035.38271484375,206.32315223905013,6448.029019321851,5622.73641036565,0.8780809836657696,13.674238204089873,False,56.99283033118446,118.67306116235174,12168195.0,0.6506634714515999,11861662.4558469
2023-06-12,6368.7822265625,6390.153979000629,6347.41047412437,6368.7822265625,9202800,6058.891650390625,216.45576962945765,6491.80318964954,5625.980111131709,0.8579144329374597,14.290123152507775,False,57.24661560121554,113.24954413294299,12193480.0,0.7547312170110584,11861662.4558469
2023-06-13,6283.29541015625,6390.154175635098,6283.29541015625,6390.154175635098,6909100,6082.4005859375,213.8749294717282,6510.1504448809565,5654.650726994044,0.734827458172588,14.065165649642125,False,56.27164371845811,112.79305994336478,12291160.0,0.5621194419403864,11861662.4558469
2023-06-14,6347.41015625,6368.781907617845,6283.294902146465,6283.294902146465,7028600,6112.321020507812,206.50954788526988,6525.340116278352,5699.301924737272,0.7845983855826315,13.514312955252022,False,55.36630344485202,110.84262748108017,12200400.0,0.576095865709321,11861662.4558469
2023-06-15,6368.7822265625,6390.153979000629,6326.038721686241,6368.7822265625,6013200,6143.31005859375,195.3192413839245,6533.948541361599,5752.671575825901,0.7885944139081975,12.717524560603719,False,54.683608956776496,107.50495818345932,12090695.0,0.49734113713066125,11861662.4558469
2023-06-16,6219.1796875,6390.153699527491,6219.1796875,6347.410196520618,20763800,6162.544604492187,181.77904052864838,6526.102685549484,5798.986523434891,0.5778900070699942,11.798959825533133,False,52.23402520512179,112.03846202946158,12528370.0,1.6573424954722762,11861662.4558469
2023-06-19,6326.03857421875,6326.03857421875,6219.179814519109,6219.179814519109,12730100,6188.190698242188,165.32340659499195,6518.837511432172,5857.543885052204,0.7084518441999277,10.686380860367054,False,49.95941172144242,111.66849236441077,12742760.0,0.999006494668345,11861662.4558469
2023-06-20,6112.3212890625,6304.667063893137,6090.949536303539,6304.667063893137,15719800,6196.739428710937,156.04778763601237,6508.835003982962,5884.643853438913,0.36475594923949517,10.072896524453268,False,46.61348575684851,120.48424561803932,12851165.0,1.2232198403802301,11861662.4558469
2023-06-21,6304.6669921875,6326.03874470339,6133.692972060381,6133.692972060381,9816700,6217.0426025390625,140.8968057297853,6498.836213998633,5935.248991079492,0.6554761820088479,9.065198020180365,False,43.31072774587724,127.14376061967153,12853295.0,0.7637496844194427,11861662.4558469
2023-06-22,6176.43603515625,6326.038292063149,6176.43603515625,6304.666541076449,6933500,6228.7970703125,125.66948895231431,6480.1360482171285,5977.458092407872,0.3958358238089939,8.07022528001602,True,40.24388102140391,128.74793892590208,12320050.0,0.5627818068920175,11861662.4558469
2023-06-23,6240.55224609375,6326.039263163527,6197.808737558861,6197.808737558861,6846700,6243.757348632813,105.90408946826288,6455.565527569339,6031.949169696287,0.4924339500128006,6.784638387105334,True,37.39610747412448,130.23760243171455,12159550.0,0.5630718242040207,11861662.4558469
2023-06-26,6261.923828125,6347.41084284343,6240.5520744453925,6283.2955818046075,10303900,6253.374682617187,97.6673364926096,6448.7093556024065,6058.040009631968,0.5218833281801936,6.247336291177325,True,35.040458868861485,128.56768571502334,11762825.0,0.8759715459509089,11861662.4558469
2023-06-27,6283.29541015625,6283.29541015625,6197.808397773172,6283.29541015625,5117200,6259.78623046875,95.04775905613047,6449.8817485810105,6069.690712356489,0.5618351761287108,6.0735466392444515,True,32.82145050745846,125.49049476274152,11375715.0,0.4498354608919088,11861662.4558469
2023-07-03,6197.80810546875,6304.666865907866,6176.436353380926,6283.295113820043,13036000,6261.923413085938,93.02821865828761,6447.979850402513,6075.866975769362,0.32769930312033385,5.942469271590303,True,31.04544224515921,125.6862103173271,11588340.0,1.1249238458657582,11861662.4558469
2023-07-04,6304.6669921875,6304.6669921875,6197.808229608051,6219.179982123941,7371300,6271.540698242187,86.45872591026513,6444.458150062717,6098.623246421657,0.5957864391261509,5.514353175416561,True,29.39628968062935,124.34140148885731,11753790.0,0.6271423940703381,11861662.4558469
2023-07-05,6347.41015625,6390.1536589856905,6283.294902146465,6304.6666535143095,9377600,6285.432348632812,73.67583858457884,6432.78402580197,6138.080671463655,0.7103057420447216,4.688672759359473,True,27.9725172354118,123.09264115674078,10708850.0,0.8756869318367518,11861662.4558469
2023-07-06,6368.7822265625,6390.153979000629,6304.666969248112,6347.41047412437,18386200,6293.9810546875,72.88853829769069,6439.758131282881,6148.203978092119,0.7565601314760159,4.632269316629487,True,26.650447028948438,120.40652462786767,10820785.0,1.6991558375847964,11861662.4558469
2023-07-07,6441.38623046875,6507.792274081829,6397.115534726697,6463.521578339776,13723700,6300.8170166015625,80.00708204486422,6460.831180691291,6140.802852511834,0.9392399093756573,5.079156041767871,True,26.74718456047776,121.73534769154351,10485380.0,1.3088414535286275,11861662.4558469
2023-07-10,6419.2509765625,6485.657021147629,6419.2509765625,6463.521672952586,5040100,6303.3404541015625,83.00333181010984,6469.3471177217825,6137.3337904813425,0.8491140654633917,5.26725994983184,True,26.837012268326415,117.78325461251391,9968320.0,0.5056117781130621,11861662.4558469
2023-07-11,6463.52197265625,6485.657321877675,6419.251274213399,6419.251274213399,6802300,6309.146044921875,90.01268661565031,6489.171418153175,6129.120671690574,0.9287615822243839,5.706806339542568,True,26.92042683372537,114.1134753769897,9952000.0,0.6835108520900322,11861662.4558469
2023-07-12,6552.06298828125,6618.469032081398,6441.386248614337,6485.656944481102,7082100,6319.378686523438,104.97963495639576,6529.337956436229,6109.419416610646,1.0541177149607626,6.644933950881782,False,28.150156782418826,118.61128309770908,9910235.0,0.7146248297845611,11861662.4558469
2023-07-13,6596.33349609375,6662.739538000734,6552.062801489094,6552.062801489094,13443000,6330.75625,121.62670004620304,6574.009650092406,6087.502849907594,1.0458859896570063,7.6848133299210835,False,29.589108394126104,118.04452977013267,10122245.0,1.328065068569275,11861662.4558469
2023-07-14,6596.33349609375,6684.874885303062,6574.198148791422,6618.468843396078,8083900,6346.408154296875,134.6432184623576,6615.694591221591,6077.12171737216,0.9640511134742865,8.486262792360536,False,31.067619382055963,117.5182588230975,10180985.0,0.7940194391800007,11861662.4558469
2023-07-17,6463.52197265625,6596.3340679848025,6463.52197265625,6574.198718763378,8103500,6352.2137451171875,137.1682934875563,6626.5503320923,6077.877158142075,0.7028679965118183,8.637511204215667,False,30.59558125588722,118.61067571634429,10234730.0,0.7917649024449106,11861662.4558469
2023-07-18,6507.79248046875,6507.79248046875,6397.115737603635,6485.657131895727,4210000,6359.1642578125,141.50538576492235,6642.175029342345,6076.153486282656,0.7625840385028886,8.90087942553627,False,29.268695085702557,118.04396622697075,10144570.0,0.4150003400834141,11861662.4558469
2023-07-20,6485.6572265625,6529.927924354736,6419.251179874147,6507.792575458618,4843300,6372.488134765625,140.17019487328471,6652.828524512194,6092.147745019055,0.7018422887604268,8.798459371533387,False,28.2542598117096,117.51773610222921,9348545.0,0.5180806211020004,11861662.4558469
2023-07-21,6485.6572265625,6507.792575458618,6419.251179874147,6485.6572265625,4121300,6380.469067382813,141.91950332194514,6664.308074026703,6096.630060738922,0.6852954610140287,8.897120373011,False,27.31228420014471,115.44799749381788,8918105.0,0.46212732413444335,11861662.4558469
2023-07-24,6441.38623046875,6507.792274081829,6441.38623046875,6507.792274081829,2613300,6396.922314453125,127.5426133116594,6652.007541076444,6141.8370878298065,0.5871550199206247,7.975248536221313,False,26.437592560834453,111.94500078805085,8262780.0,0.3162736996507229,11861662.4558469
2023-07-25,6352.84521484375,6485.657309927591,6352.84521484375,6485.657309927591,7641300,6399.331225585937,126.15590504228149,6651.6430356705005,6147.019415501374,0.40787983581385395,7.88556807548154,False,24.685453850233106,113.43550752346444,8154010.0,0.937121735195321,11861662.4558469
2023-07-26,6352.84521484375,6419.25126238567,6330.70986566311,6352.84521484375,6788300,6408.151684570313,115.46555843463891,6639.08280143959,6177.220567701035,0.3802533186598022,7.207417309590798,False,23.326113560612807,111.65735675197129,8146750.0,0.833252524012643,11861662.4558469
2023-07-27,6419.2509765625,6485.657021147629,6352.844931977371,6352.844931977371,4790800,6417.08662109375,108.51887277028796,6634.124366634326,6200.048875553174,0.5049861268678383,6.764370137287733,False,22.085102619218773,113.16840906756323,8043955.0,0.5955776729233319,11861662.4558469
2023-07-28,6485.6572265625,6485.6572265625,6374.980482081912,6441.386528770265,6679800,6428.273291015625,103.07742954053829,6634.428150096701,6222.118431934548,0.6391767717788973,6.41400418893843,False,20.93273777488409,112.99043302563645,7862750.0,0.8495500937966997,11861662.4558469
2023-07-31,6485.6572265625,6529.927924354736,6419.251179874147,6485.6572265625,10226200,6438.391381835938,97.89924681620234,6634.1898754683425,6242.592888203533,0.62070022564959,6.082217809398589,False,20.388598907724912,112.82516955813307,8118200.0,1.2596634721982705,11861662.4558469
2023-08-01,6197.8974609375,6441.386289760045,6197.8974609375,6441.386289760045,15284400,6438.395849609375,97.88769094671913,6634.171231502813,6242.620467715937,-0.11422020058369689,6.081495654086441,False,20.381400856031803,125.32049784862357,8230620.0,1.8570168468475037,11861662.4558469
2023-08-02,6242.16845703125,6242.16845703125,6109.356362200798,6197.897758754433,10482500,6435.270922851562,103.23312393865605,6641.737170728875,6228.80467497425,0.032363115507725276,6.416707248304141,False,21.01965300511708,125.85561191875419,8386180.0,1.2499731701442134,11861662.4558469
2023-08-03,6242.16845703125,6308.574504446477,6197.897758754433,6242.16845703125,7667100,6430.008837890625,110.38204872167607,6650.772935333977,6209.244740447272,0.07456764248640074,6.866680995597964,False,20.8380758003191,124.77140718827485,8300655.0,0.9236740955984799,11861662.4558469
2023-08-04,6242.16845703125,6286.439155308068,6197.897758754433,6242.16845703125,3234300,6423.678149414062,117.48090445838015,6658.639958330823,6188.716340497302,0.11374639304229374,7.315491326046364,False,20.669468395863834,122.18354928580054,7543060.0,0.4287782411912407,11861662.4558469
2023-08-07,6264.3037109375,6308.574408541299,6242.168362135601,6286.439059739399,6723400,6414.8240234375,122.63600825715464,6660.096039951809,6169.552006923191,0.19315636851051354,7.647038036216484,False,20.247289132801548,118.1994419372218,7193045.0,0.9347084579618229,11861662.4558469
2023-08-08,6197.8974609375,6286.438853236607,6175.762112862723,6220.032809012277,10356300,6403.75634765625,131.85715687496872,6667.470661406187,6140.042033906313,0.1096933765340616,8.236238214980037,False,20.41583338057811,117.66210611126913,7458855.0,1.3884570755162824,11861662.4558469
2023-08-09,6175.76171875,6197.897065412187,6131.491025425627,6197.897065412187,8377200,6389.368334960937,140.41465084300683,6670.197636646951,6108.539033274924,0.11968602469808459,8.790518466415204,False,20.91509035457458,114.0009867827408,7537600.0,1.111388240288686,11861662.4558469
2023-08-10,6264.3037109375,6286.439059739399,6175.762315729903,6175.762315729903,11422100,6374.98037109375,137.5807034232234,6650.141777940197,6099.8189642473035,0.29888774842248644,8.632541304569935,False,20.30657137125719,113.76358351178784,7754600.0,1.4729450906558688,11861662.4558469
2023-08-11,6242.16845703125,6286.439155308068,6197.897758754433,6286.439155308068,10644900,6357.272119140625,130.1842224976691,6617.640564135963,6096.903674145287,0.2789600385111254,8.191200254317083,False,19.741516930208793,111.9619987290626,7614695.0,1.3979417429063148,11861662.4558469
2023-08-14,6242.16845703125,6264.303806169659,6175.762409616024,6242.16845703125,9921900,6339.5638671875,119.61287804604332,6578.789623279587,6100.338111095413,0.2964361953594178,7.5470729881050245,False,19.423503235055207,110.28909857367488,7706595.0,1.2874557440737446,11861662.4558469
2023-08-15,6197.8974609375,6242.168157087054,6153.626764787947,6242.168157087054,5207500,6326.282641601562,119.87131498793491,6566.025271577432,6086.540011625692,0.23224373846865642,7.579257632257058,False,19.33604132950767,108.73571240721976,7561795.0,0.6886592402994263,11861662.4558469
2023-08-16,6286.4384765625,6286.4384765625,6175.761742820202,6197.897089568662,4884000,6315.21494140625,112.20408265196316,6539.623106710176,6090.806776102323,0.43588365021215625,7.10690506613085,False,18.673250727756947,108.8743567882968,7595495.0,0.64301273320567,11861662.4558469
2023-08-18,6242.16845703125,6286.439155308068,6197.897758754433,6242.16845703125,6531000,6303.040502929687,105.7619582332937,6514.564419396274,6091.5165864631,0.3561107251717027,6.711805718788251,False,18.057793370793487,107.42200248582091,7679880.0,0.8504039125611338,11861662.4558469
2023-08-21,6197.8974609375,6242.168157087054,6153.626764787947,6242.168157087054,7689000,6288.652514648437,98.96627596011099,6486.585066568659,6090.719962728215,0.27074247557946735,6.294911396651953,False,17.961584682034236,106.07340889706965,7858265.0,0.978460258084959,11861662.4558469
2023-08-22,6197.8974609375,6242.168157087054,6175.762112862723,6175.762112862723,3011900,6276.478076171875,94.04274071770486,6464.563557607285,6088.392594736465,0.29110398464923487,5.993344648154212,False,17.872248042472073,103.24002570615974,7878195.0,0.3823083840905182,11861662.4558469
2023-08-23,6264.3037109375,6330.709757343197,6197.897664531803,6197.897664531803,8107300,6272.051000976562,92.3269362407552,6456.704873458072,6087.397128495052,0.4790221295255048,5.88814958464972,False,16.623032206738117,105.35233075612673,7901495.0,1.0260463368008206,11861662.4558469
2023-08-24,6220.03271484375,6308.5741058023805,6220.03271484375,6264.303410323065,5008100,6265.410375976562,90.97635292711287,6447.363081830787,6083.457670122337,0.37530369246289946,5.808165624773306,False,15.463046073556587,104.15154934201986,7812485.0,0.6410380307930191,11861662.4558469
2023-08-25,6308.57421875,6330.709566885966,6197.897478070176,6220.03282620614,6990900,6259.876538085938,84.24305648250913,6428.362651050956,6091.39042512092,0.6445154137842006,5.383049072611119,False,14.675775781117153,106.19873073300344,7922490.0,0.8824119689643029,11861662.4558469
2023-08-28,6286.4384765625,6352.844516807878,6264.30312981404,6308.573823310959,3667400,6249.915600585938,65.92865781876685,6381.772916223472,6118.0582849484035,0.6384939311102046,4.219491080013061,True,14.231588778248058,104.93749189449159,7771870.0,0.47188128468438095,11861662.4558469
2023-08-29,6330.70947265625,6374.980168269231,6286.4387770432695,6330.70947265625,7986000,6242.168212890625,41.255472197101675,6324.679157284829,6159.657268496421,1.0365425181816539,2.643662957490041,True,14.102257323539666,103.76636330965158,7659860.0,1.0425778016830596,11861662.4558469
2023-08-30,6242.16845703125,6352.845202723293,6220.033107892841,6330.7098535848845,6222700,6244.381762695312,39.92121860596375,6324.224199907239,6164.539325483385,0.48613954094244705,2.5572567548292895,True,13.19320594542791,105.8410584182802,7206775.0,0.8634514051014497,11861662.4558469
2023-08-31,6286.4384765625,6286.4384765625,6220.032436317121,6242.167783065581,8339000,6246.595263671875,41.00465116916682,6328.604566010208,6164.5859613335415,0.7429188625837231,2.625728060701234,True,12.349096224292163,103.0242714059301,7099600.0,1.1745732153924164,11861662.4558469
2023-09-01,6197.8974609375,6286.438853236607,6197.8974609375,6286.438853236607,7093600,6244.3817138671875,42.42648766238448,6329.234689191956,6159.528738542419,0.22608943439064783,2.7177382553770406,True,11.884352962489853,101.98978004115706,7070925.0,1.00320679401917,11861662.4558469
2023-09-04,6109.35595703125,6242.168043053669,6087.2206093608465,6197.897347712862,10757100,6237.7410888671875,52.08557166991166,6341.912232207011,6133.569945527364,-0.11622215001098896,3.3400278035182542,True,12.771487120650198,105.77246958770459,7447065.0,1.444475105293159,11861662.4558469
2023-09-05,6065.08544921875,6109.356145928376,6042.950100863937,6109.356145928376,9101400,6227.78017578125,64.34497075529717,6356.470117291845,6099.090234270656,-0.1321190477388879,4.132770838991627,True,14.01635521302431,102.96058212175701,7565965.0,1.202939743971853,11861662.4558469
2023-09-06,6087.220703125,6109.356051136364,6042.950007102273,6065.085355113636,11380400,6222.246337890625,71.42045683632533,6365.0872515632755,6079.4054242179745,0.027356583999930822,4.591297287695436,False,15.17230504160384,100.34954368692372,7617170.0,1.4940456888844544,11833893.742007282
2023-09-07,6153.62646484375,6153.62646484375,6065.085076860387,6087.220423856227,11387100,6221.139575195312,72.34425017218014,6365.828075539673,6076.451074850952,0.2666949681872426,4.651511145040268,False,15.475251489553049,99.50610399381225,7767665.0,1.4659617787327337,11960064.689272907
2023-09-08,6131.49169921875,6175.762397408055,6087.221001029445,6175.762397408055,6631800,6214.498974609375,74.2441802278582,6362.987335065091,6066.010614153659,0.22049231624663107,4.77877174209526,False,15.392312536885001,98.72291059272641,7528150.0,0.8809335626946859,11918008.634585407
2023-09-11,6153.62646484375,6153.62646484375,6087.220423856227,6131.491117847909,4051500,6210.071875,75.14184678434363,6360.355568568687,6059.788181431312,0.31220380995476665,4.839998524773511,False,15.315305134232599,96.4145627637833,7198480.0,0.5628271523988397,11960064.689272907
2023-09-12,6065.08544921875,6175.762190992815,6042.950100863937,6175.762190992815,7691500,6201.217724609375,81.338344400028,6363.894413409431,6038.5410358093195,0.08158640800113644,5.246604651679213,False,15.795388759688253,99.01438614700432,7086960.0,1.0853031483174733,11791836.759585407
2023-09-13,6109.35595703125,6109.35595703125,6020.814566349638,6065.085261690444,7498200,6196.7906494140625,83.89786378970534,6364.586376993473,6028.994921834652,0.23946090986901508,5.415568705561371,False,16.498920292984117,98.26631504233345,7201495.0,1.0412004729573512,11875950.724429157
2023-09-14,5932.27294921875,6087.220376996852,5932.27294921875,6065.085030171409,14765100,6179.082373046875,99.84182205323756,6378.76601715335,5979.398728940399,-0.11800110102287865,6.463213534019038,False,18.035055392437965,103.89607881163106,7695550.0,1.9186542872179377,11646481.570354147
2023-09-15,5976.5439453125,5976.5439453125,5888.002553530093,5932.273249421296,16267700,6165.8011474609375,108.31570349352299,6382.432554447983,5949.169740473892,0.06318152390582345,7.026869722396229,False,19.825261942168677,102.79931545240078,8182385.0,1.9881367107512051,11646481.570354147
2023-09-18,5843.73193359375,5976.544022993608,5821.59658536044,5976.544022993608,10488700,6148.09287109375,129.64329300185938,6407.379457097469,5888.8062850900305,-0.08691994482050455,8.43469971713657,False,21.963793495490833,106.52418132245559,8322370.0,1.2603020533814286,11646481.570354147
2023-09-19,5910.1376953125,5932.273042485955,5843.731653792134,5843.731653792134,4209900,6133.7048828125,139.4240350349121,6412.5529528823245,5854.856812742675,0.09912365998441781,9.092321048937192,False,23.94957279500426,105.23969613469593,8382270.0,0.5022386537298369,11646481.570354147
2023-09-20,6020.81494140625,6131.491686652688,5910.138196159812,5910.138196159812,13558600,6121.530444335937,138.04383653135363,6397.618117398644,5845.44277127323,0.317602318472922,9.020217266685728,False,22.695605505603584,113.53357436365967,8654835.0,1.566592546247271,11646481.570354147
2023-09-21,5932.27294921875,6087.220376996852,5888.002255567864,6020.814336520522,14277900,6107.1424560546875,142.17138162476957,6391.485219304227,5822.799692805148,0.19250227289506955,9.311810402183726,False,21.755141397008416,119.65389915404023,9118325.0,1.565846797520378,11646481.570354147
2023-09-22,5998.67919921875,6020.814546817343,5932.273156422971,5932.273156422971,8640500,6091.647705078125,135.80735392328253,6363.26241292469,5820.03299723156,0.32885958828140305,8.917610505287131,False,20.881853296170043,117.43159190007975,9200805.0,0.9391026111302218,11646481.570354147
2023-09-25,5998.67919921875,6042.949894415937,5932.273156422971,6020.814546817343,10989900,6077.259741210937,129.16503897087634,6335.589819152689,5818.929663269185,0.34790671179624444,8.501531576475886,False,19.778423689983196,116.94910233528593,9566930.0,1.1487384145175097,11646481.570354147
2023-09-26,5932.27294921875,6020.814336520522,5932.27294921875,5998.6789896950795,8020900,6057.337915039063,118.2849723241236,6293.90785968731,5820.767970390816,0.235670213715714,7.811020219324223,False,18.75381303023239,114.91997983289211,9568675.0,0.838245629619566,11646481.570354147
2023-09-27,5976.5439453125,5998.679293258102,5888.002553530093,5932.273249421296,6313500,6044.056689453125,111.13597079974149,6266.328631052608,5821.784747853641,0.3481303045836584,7.355058134624971,False,18.341448312741555,114.6168912539719,9573215.0,0.659496313411952,11646481.570354147
2023-09-29,5865.8671875,5998.679274764151,5865.8671875,5976.543926886792,10802800,6023.028125,102.29766513032585,6227.623455260651,5818.4327947393485,0.11592247169136456,6.793769712328921,False,18.214633693919914,115.91654811184185,9696405.0,1.1141036291285276,11646481.570354147
2023-10-02,5976.5439453125,6020.814641203704,5865.867205584491,5865.867205584491,6077200,6011.96044921875,94.02213034488858,6200.004709908527,5823.916188528973,0.405829340985105,6.255671915280582,False,17.743133894809574,118.70446993983201,9645585.0,0.6300499140280242,11646481.570354147
2023-10-03,5954.40869140625,6042.9500845870125,5954.40869140625,5976.544039701441,8195600,6004.2130859375,91.93503027059705,6188.083146478694,5820.343025396306,0.36456632911128006,6.124701369171496,False,16.956501707349474,116.54996445704134,9517510.0,0.861107579608532,11646481.570354147
2023-10-04,5976.5439453125,5998.679293258102,5910.137901475695,5954.408597366898,10500800,5999.7860107421875,90.97631353444652,6181.7386378110805,5817.8333836732945,0.4361315475239406,6.065303887275974,False,16.79979924717061,114.5493521231389,9587480.0,1.0952617371822417,11646481.570354147
2023-10-05,6087.220703125,6175.762095170455,5954.408615056818,5998.679311079545,15362100,5999.7860107421875,90.97631353444652,6181.7386378110805,5817.8333836732945,0.7402677383429781,6.065303887275974,False,16.763482000145828,122.17821840817446,9786565.0,1.5697131731102791,11646481.570354147
2023-10-06,6087.220703125,6286.438835227273,6065.085355113636,6131.491399147728,11936900,5996.46572265625,86.14997837812334,6168.765679412497,5824.165765900004,0.7633633292118033,5.746716973808462,False,17.650969340335525,129.26216567285033,9814055.0,1.2163066133214049,11646481.570354147
2023-10-09,6065.08544921875,6131.491494283189,6020.814752509124,6109.356145928376,6425200,5993.14541015625,81.84411361702546,6156.833637390301,5829.4571829221995,0.7197471384415314,5.462514790869498,False,17.900752143955813,127.93463539436564,9803725.0,0.6553835404399858,11646481.570354147
2023-10-10,6020.81494140625,6153.627035701976,6020.81494140625,6109.356337603401,4329100,5986.504833984375,73.0537685001765,6132.612370984728,5840.397296984022,0.6174138861220827,4.881230068367271,True,18.31532735546089,128.28302531589136,9817605.0,0.44095275782637416,11646481.570354147
2023-10-11,5976.5439453125,6109.356032986111,5976.5439453125,6042.949989149306,14465700,5982.0777587890625,70.6855658109592,6123.448890410981,5840.706627167144,0.480428064014646,4.726489267519523,True,18.123457487441147,128.6065297700142,10156315.0,1.4243059613649243,11646481.570354147
2023-10-12,5954.40869140625,6065.085432882202,5954.40869140625,5976.544039701441,7306700,5974.330395507813,64.19458078952744,6102.719557086868,5845.941233928757,0.42241672172110906,4.298026827427992,True,17.66482894478021,127.32583060615265,10146740.0,0.7201032055615892,11646481.570354147
2023-10-13,5932.27294921875,5998.6789896950795,5932.27294921875,5976.543642869637,3865100,5974.330395507813,64.19458078952744,6102.719557086868,5845.941233928757,0.33621107197913314,4.298026827427992,True,16.957466209678465,122.974417025451,9601740.0,0.40254162266422544,11646481.570354147
2023-10-16,5954.40869140625,5998.679387996631,5910.137994815869,5932.27334311106,6263100,5973.2236328125,64.34504678537026,6101.913726383241,5844.533539241759,0.4268982526774392,4.308899230352336,True,16.01889219939795,120.5149153222589,9101510.0,0.6881385616232911,11646481.570354147
2023-10-17,6065.08544921875,6065.08544921875,5954.408707444685,5976.544055799498,6085400,5984.29130859375,59.774153925788326,6103.839616445326,5864.7430007421735,0.837914195846708,3.9954040231931476,True,15.873880973669644,119.81218978584756,8881345.0,0.6851890113490693,11646481.570354147
2023-10-18,6020.81494140625,6065.085639504825,5976.544243307674,6065.085639504825,6339600,5989.825170898437,57.63258618832663,6105.09034327509,5874.559998521784,0.6344281619019634,3.8486990550798983,True,15.739229697530266,117.57856167236922,8987830.0,0.7053537950762309,11646481.570354147
2023-10-19,5976.5439453125,6020.814641203704,5932.273249421296,6020.814641203704,8549100,5987.61162109375,57.22844979209708,6102.0685206779435,5873.154721509556,0.4516513385324206,3.823123703647499,True,14.998789080962467,115.50449955183956,8737355.0,0.97845400581755,11646481.570354147
2023-10-20,5910.1376953125,5976.543736832865,5888.002348139044,5954.40838965941,4622200,5986.504858398437,58.55368923804274,6103.612236874523,5869.3974799223515,0.1739438450433249,3.9123789672298113,True,14.110194221552828,113.57857795338356,8254570.0,0.5599564847108934,11646481.570354147
2023-10-23,5843.73193359375,5954.408674760299,5843.73193359375,5932.273326526989,6392900,5978.757495117187,66.56125657932888,6111.880008275845,5845.634981958529,-0.0071477330153437765,4.453183233050622,False,13.806953402775067,113.37130389718108,8142190.0,0.7851573102568228,11646481.570354147
2023-10-24,5954.40869140625,6020.814736291822,5843.731949930298,5843.731949930298,5377200,5976.543969726563,66.59998922305559,6109.743948172674,5843.3439912804515,0.4169096024693873,4.457424863627515,False,12.963948957168412,117.92212524010183,7861555.0,0.6839868194015052,11646481.570354147
2023-10-25,5976.5439453125,6042.949989149306,5954.408597366898,5954.408597366898,3305700,5978.75751953125,65.78181376184027,6110.32114705493,5847.19389200757,0.49158743848731384,4.401035736735988,False,12.442492268182164,115.82350142169513,7625795.0,0.43348922964753184,11646481.570354147
2023-10-26,5976.5439453125,6042.949989149306,5865.867205584491,5976.5439453125,13444300,5978.75751953125,65.78181376184027,6110.32114705493,5847.19389200757,0.49158743848731384,4.401035736735988,False,12.194870571154773,120.19916443191799,7982335.0,1.6842565489922434,11646481.570354147
2023-10-27,5976.5439453125,6020.814641203704,5932.273249421296,5976.5439453125,3881200,5984.291357421875,60.20399489404911,6104.699347209973,5863.883367633776,0.4678284965847822,4.02413527672797,False,11.964936138200768,117.93789495695299,7636255.0,0.5082596115504262,11646481.570354147
2023-10-30,5954.40869140625,5998.679387996631,5865.867298225488,5976.544039701441,7559900,5983.184594726563,60.556346915555785,6104.297288557675,5862.071900895451,0.3812019516284558,4.048435809179534,False,12.450686438135792,119.0003374436808,7710390.0,0.9804821805382088,11646481.570354147
2023-10-31,5888.00244140625,5976.543831502584,5843.731746358082,5954.408483978501,5296800,5979.864282226563,63.943005905434106,6107.750294037431,5851.978270415695,0.1408448448757301,4.277221213564074,False,13.117434975552468,119.98689085088232,7565450.0,0.7001301971462371,11646481.570354147
2023-11-01,5888.00244140625,6153.626611695254,5843.731746358082,5932.273136454417,17099100,5975.43720703125,67.1686978107328,6109.774602652716,5841.099811409785,0.17457026682513274,4.496320217820772,False,12.734504073937062,133.55174617133156,7895365.0,2.165713681381418,11646481.570354147
2023-11-02,5733.05517578125,5932.273309302606,5733.05517578125,5932.273309302606,14730300,5957.728930664062,81.33843636708608,6120.405803398235,5795.05205792989,-0.1905522312626089,5.461036399185082,False,12.351152458359142,138.24220241061906,7863775.0,1.8731843166926825,11618952.012705563
2023-11-03,5644.513671875,5799.461106004902,5600.242976409314,5755.190410539216,17258700,5935.593579101563,101.8872149434,6139.368008988363,5731.819149214763,-0.21422088479958476,6.866185400707449,False,13.01104653369032,142.59762578097397,8129865.0,2.122876579131388,11441869.004893063
2023-11-06,5622.37841796875,5688.784462275468,5600.243069866511,5644.51376607099,11673400,5913.458227539062,118.93722443519991,6151.332676409462,5675.5837786686625,-0.11183496368056788,8.04518911667,False,13.623805317926417,138.73646625440134,8392275.0,1.390969671513386,11397598.497080563
2023-11-07,5644.513671875,5666.649019607844,5600.242976409314,5622.378324142157,8637700,5894.6431640625,130.28325042950715,6155.209664921514,5634.076663203486,0.02002753354154604,8.840789632444366,False,14.192796319335987,133.57000746469623,8607705.0,1.0034846686776557,11441869.004893063
2023-11-08,5622.37841796875,5666.649114173229,5511.701677457554,5644.51376607099,9490600,5876.934887695313,142.09883040840208,6161.132548512117,5592.737226878508,0.05214890053114917,9.671628706039815,False,15.35597955550325,135.09696669690896,8358950.0,1.1353818362354124,11397598.497080563
2023-11-09,5600.2431640625,5666.649209486166,5578.107815587945,5622.378512537055,4705100,5859.226611328125,153.54305638087092,6166.312724089867,5552.140498566383,0.07832113452398005,10.482138109081733,False,16.43607705014853,131.77156863985982,8228870.0,0.5717796003582509,11353327.989268063
2023-11-10,5600.2431640625,5644.513861011611,5578.107815587945,5600.2431640625,4843800,5842.6251220703125,162.89460633047062,6168.414334731254,5516.835909409371,0.12800800550129518,11.152151844563292,False,17.439024723747718,127.10260269584599,8277805.0,0.5851551226442275,11353327.989268063
2023-11-13,5710.91943359375,5710.91943359375,5600.242700384569,5622.378047026405,5301800,5830.450659179687,163.19908309367736,6156.848825367042,5504.052492992332,0.316893539902235,11.196327188652596,False,17.475770933171866,125.92932630394138,8229740.0,0.6442244833980174,11574680.528330563
2023-11-14,5644.513671875,5755.190410539216,5644.513671875,5710.91971507353,4049000,5809.4220703125,158.39988059639532,6126.2218315052905,5492.62230911971,0.23972771031045031,10.90641228537038,False,16.966713339724986,124.8398557582467,8127920.0,0.4981594307030581,11441869.004893063
2023-11-15,5688.7841796875,5733.0548736928495,5688.7841796875,5688.7841796875,4640400,5792.820532226562,152.36283817099797,6097.546208568558,5488.094855884567,0.3292950666515192,10.520805008432372,False,16.494017002952884,122.24709476250405,8042960.0,0.5769517690004675,11530410.020518063
2023-11-16,5710.91943359375,5733.054780235586,5622.378047026405,5710.91943359375,4296200,5779.539306640625,146.9872771141025,6073.51386086883,5485.56475241242,0.3832894343066049,10.172940735619944,False,16.7008589464697,121.42064036583815,7830315.0,0.5486624739873173,11574680.528330563
2023-11-17,5688.7841796875,5710.919526690175,5622.378138679474,5710.919526690175,4205400,5768.471630859375,144.95564077104765,6058.38291240147,5478.56034931728,0.36256579815038237,10.05158038712256,False,16.892926465449605,119.0721223404712,7809475.0,0.5384997070865839,11530410.020518063
2023-11-20,5666.6494140625,5733.055461883545,5666.6494140625,5710.920112609863,2162700,5759.617504882813,145.52380123018065,6050.665107343174,5468.569902422451,0.3402871385395207,10.106490655451367,False,16.7512808489907,115.31025987479791,7597965.0,0.28464200611611135,11486140.489268063
2023-11-21,5688.7841796875,5710.919526690175,5622.378138679474,5688.7841796875,4177300,5746.336279296875,138.77514799409397,6023.8865752850625,5468.785983308687,0.3963213146567425,9.660078439480017,False,17.07422751275548,113.39819759879097,7537970.0,0.5541677666533563,11530410.020518063
2023-11-22,5622.37841796875,5688.784462275468,5622.37841796875,5688.784462275468,5321400,5728.628002929688,130.1842041452326,5988.996411220153,5468.259594639222,0.29596298633433626,9.090079095982848,False,17.374106557679923,110.04161522078579,7638755.0,0.6966318464199991,11397598.497080563
2023-11-23,5622.37841796875,5688.784462275468,5600.243069866511,5644.51376607099,4273200,5710.9197265625,118.22494436866616,5947.369615299832,5474.469837825168,0.3127694010207195,8.2806237894594,False,17.88626437266477,108.50588501994088,7180200.0,0.595136625720732,11397598.497080563
2023-11-24,5688.7841796875,5688.7841796875,5622.378138679474,5622.378138679474,1745400,5696.53173828125,100.35701655426682,5897.245771389784,5495.817705172716,0.48070000768316834,7.046885449956012,False,18.36183948657927,105.49875330480408,7073410.0,0.24675510114640606,11530410.020518063
2023-11-27,5666.6494140625,5755.190811157227,5666.6494140625,5688.784763336182,5362700,5682.143774414062,80.00369890284684,5842.151172219756,5522.136376608369,0.45158236255308065,5.631937668532271,True,17.679625222246766,104.28751357551283,6963550.0,0.7701100731667038,11486140.489268063
2023-11-28,5644.513671875,5710.91971507353,5644.513671875,5666.649019607844,5766500,5669.9693359375,63.94287735385878,5797.855090645217,5542.083581229782,0.40047498206239457,4.5109857613214945,True,17.328707880623437,101.58169426287121,6987035.0,0.8253143142978387,11441869.004893063
2023-11-29,5688.7841796875,5710.919526690175,5644.51348568215,5666.648832684825,4533600,5660.0084228515625,38.74091214071872,5737.490247133,5582.526598570125,0.6856935939673757,2.7378695751975988,True,17.00285851198039,99.06914760181081,6358760.0,0.7129691952519045,11491742.785570309
2023-11-30,5688.7841796875,5688.7841796875,5555.972097671449,5644.51348568215,27474900,5657.794873046875,35.47462192191773,5728.744116890711,5586.84562920304,0.7183906759375374,2.508017538134163,True,17.744162175436063,101.47935720282798,6995990.0,3.927235459170182,11491742.785570309
2023-12-01,5600.2431640625,5688.784557960721,5578.107815587945,5688.784557960721,10269200,5655.58134765625,37.66077270842228,5730.902893073095,5580.259802239405,0.13265368967473398,2.663618142388108,True,18.43250856400857,102.1363132863957,6646515.0,1.5450503007967333,11491742.785570309
2023-12-04,5622.37841796875,5666.649114173229,5600.243069866511,5622.37841796875,6679200,5655.58134765625,37.66077270842228,5730.902893073095,5580.259802239405,0.27959208415236303,2.663618142388108,True,19.07168735339733,99.58415121641868,6396805.0,1.0441462573894311,11491742.785570309
2023-12-05,5733.05517578125,5733.05517578125,5622.378434936052,5644.5137831050915,7961900,5660.0084228515625,41.31780737568883,5742.64403760294,5577.372808100185,0.9419810583454844,2.91998204164316,True,18.43102606328845,100.37648025899593,6363015.0,1.2512778926342307,11491742.785570309
2023-12-06,5755.1904296875,5865.867168719952,5688.784386268029,5710.9197340745195,10236700,5666.6490234375,45.42067032075671,5757.4903640790135,5575.807682795986,0.9873409266349905,3.2061749462791935,True,18.171082522155988,105.855501844205,6400320.0,1.599404404779761,11491742.785570309
2023-12-07,5710.91943359375,5755.190126877423,5666.648740310077,5755.190126877423,5407500,5672.182836914062,43.61034267690902,5759.40352226788,5584.962151560244,0.722060836386171,3.0753834233337383,True,17.609928860961258,104.61880095372055,6435440.0,0.8402688860435339,11491742.785570309
2023-12-08,5666.6494140625,5688.784763336182,5600.243366241455,5666.6494140625,7280800,5675.503149414062,40.24280943686271,5755.988768287788,5595.017530540336,0.44499802899290125,2.836246117915911,True,16.497014005391925,105.05146283933301,6557290.0,1.1103367397202197,11491742.785570309
2023-12-11,5644.513671875,5666.649019607844,5600.242976409314,5666.649019607844,4425400,5672.182861328125,39.90497844527389,5751.992818218673,5592.372904437577,0.3266557799857561,2.814082650073834,True,15.463598018602003,102.29110389746538,6513470.0,0.6794227961439908,11491742.785570309
2023-12-12,5688.7841796875,5688.7841796875,5622.378138679474,5644.51348568215,3053800,5674.39638671875,39.51532988521805,5753.427046489186,5595.365726948315,0.5910266535199287,2.78551776733157,True,14.51630057985384,99.72788511964826,6463710.0,0.47245312676465995,11491742.785570309
2023-12-13,5666.6494140625,5688.784763336182,5622.378715515137,5666.6494140625,3848400,5673.2896484375,39.400957929295586,5752.091564296091,5594.487732578908,0.45786755751652386,2.77799727289772,True,13.636675468902853,97.34775388403375,6424110.0,0.5990557446868127,11491742.785570309
2023-12-14,5666.6494140625,5710.920112609863,5644.514064788818,5666.6494140625,2822100,5671.076147460937,38.406670527644444,5747.889488516226,5594.262806405648,0.47118512658334416,2.7089511428859976,True,13.14040285880057,95.1376320223917,6350405.0,0.4443968534290333,11491742.785570309
2023-12-15,5600.2431640625,5644.513861011611,5600.2431640625,5622.378512537055,11985300,5666.649096679687,41.25538946531023,5749.159875610308,5584.138317749067,0.09759237836655762,2.9121541681120364,True,12.409409340648562,93.08539044936371,6739400.0,1.7783927352583315,11491742.785570309
2023-12-18,5555.97216796875,5644.513557099726,5533.836820686006,5600.242862534238,14586700,5661.115234375,48.109002302007426,5757.333238979015,5564.897229770985,-0.046379374832009185,3.3992597083969267,False,12.610394719852954,94.34191516110349,7360600.0,1.9817270331222998,11465063.56281694
2023-12-19,5600.2431640625,5622.378512537055,5533.837118638834,5555.972467113389,2670000,5656.68818359375,49.483069291918135,5755.654322177586,5557.722045009914,0.2148266046399575,3.4990841061690654,False,12.797024000542745,93.92759221375474,7285235.0,0.3664946978374754,11553605.55500444
2023-12-20,5555.97216796875,5622.378209816982,5555.97216796875,5600.242862534238,5902400,5653.36787109375,53.93415823634921,5761.236187566448,5545.499554621052,0.0485435097633538,3.8160727881955063,False,12.970322618326122,91.96176718764599,7314285.0,0.8069688288055497,11465063.56281694
2023-12-21,5555.97216796875,5600.242862534238,5533.836820686006,5578.107515251494,5786000,5650.04755859375,57.84464782086687,5765.736854235484,5534.358262952016,0.09341359067336599,4.095161835081199,False,13.435004722670303,90.13635823483072,7389925.0,0.7829578784629073,11465063.56281694
2023-12-22,5555.97216796875,5622.378209816982,5555.97216796875,5578.107515251494,6712600,5643.406958007812,60.715802214966324,5764.838562437745,5521.975353577879,0.1399833863287515,4.303485654445867,False,13.429102391659782,88.44133563578798,7638285.0,0.878809837548612,11465063.56281694
2023-12-27,5622.37841796875,5666.649114173229,5555.972373662033,5555.972373662033,3536000,5641.193408203125,60.630787650593504,5762.454983504312,5519.931832901938,0.4224198177054745,4.299146174455027,False,12.618683272901924,90.02959353355159,7546950.0,0.46853364604244097,11597876.06281694
2023-12-28,5710.91943359375,5755.190126877423,5622.378047026405,5622.378047026405,8530100,5644.513696289063,62.60820696914955,5769.730110227362,5519.297282350763,0.7651638679630638,4.436747634100769,False,12.854523299084725,93.08548541337062,7685130.0,1.1099486931255556,11736140.40358486
2023-12-29,5710.91943359375,5733.054780235586,5666.648740310077,5733.054780235586,4935900,5645.620458984375,63.61947392662845,5772.8594068376315,5518.381511131118,0.7565997900449629,4.507527517219839,False,13.073517609111613,91.17981073566618,7705245.0,0.6405896243403033,11736140.40358486
2024-01-02,5710.91943359375,5733.054780235586,5644.513393668241,5710.91943359375,5426000,5646.727221679687,64.59495768904529,5775.917137057778,5517.537306301597,0.7484412646536539,4.575744862690974,False,12.874067536704596,90.99135186650035,6602800.0,0.8217725813291331,11736140.40358486
2024-01-03,5666.6494140625,5733.055461883545,5666.6494140625,5710.920112609863,4723600,5650.047534179687,63.78141094186531,5777.610356063418,5522.484712295956,0.5650733483222279,4.515460130628845,False,12.68887423690154,89.2352587203964,6325520.0,0.7467528361304683,11736140.40358486
2024-01-04,5710.91943359375,5755.190126877423,5666.648740310077,5688.784086951914,3613500,5654.474584960937,64.82410688160253,5784.122798724142,5524.826371197732,0.7176846367351666,4.585685612878224,False,12.859151449048872,89.1856964237499,6172235.0,0.5854443325634879,11736140.40358486
2024-01-05,5710.91943359375,5799.4608201610945,5710.91943359375,5733.054780235586,8987300,5653.3677978515625,63.589035779661245,5780.545869410885,5526.18972629224,0.7262639896821463,4.499196801158186,False,13.643072542194627,89.13967429114952,6223505.0,1.4440897854183454,11736140.40358486
2024-01-08,5666.6494140625,5755.190811157227,5666.6494140625,5710.920112609863,5581500,5648.940747070313,59.046957833814865,5767.034662737942,5530.846831402683,0.5749770506468244,4.181099464669588,False,13.486577261530133,89.09694020569073,5990745.0,0.9316871273940053,11736140.40358486
2024-01-09,5644.513671875,5688.784367340687,5622.378324142157,5666.649019607844,7189600,5645.620458984375,57.217073506024,5760.054605996423,5531.186311972327,0.4951640872140284,4.053908612646422,False,12.567354579869622,87.4761618480364,6079850.0,1.182529174239496,11736140.40358486
2024-01-10,5622.37841796875,5710.919810377707,5622.37841796875,5644.51376607099,8212600,5643.406909179687,57.21706406098566,5757.841037301659,5528.972781057716,0.4081196686860593,4.055498033850094,False,12.066895758801452,87.55224974524502,6126440.0,1.3405174946624794,11736140.40358486
2024-01-11,5622.37841796875,5688.784462275468,5622.37841796875,5666.649114173229,3817600,5642.300146484375,57.40829301044557,5757.116732505266,5527.483560463484,0.4132454238275302,4.069850346136986,False,11.60218399638101,86.04180649963597,6096050.0,0.6262415826641842,11736140.40358486
2024-01-12,5644.513671875,5666.649019607844,5622.378324142157,5622.378324142157,5482500,5640.08662109375,56.365662596925326,5752.8179462876005,5527.3552958999,0.5196354064570657,3.9975033281311205,False,11.170664087517562,83.05815571149675,6217485.0,0.8817874108260816,11736140.40358486
2024-01-15,5710.91943359375,5755.190126877423,5666.648740310077,5666.648740310077,6476000,5642.300122070313,58.2997626178754,5758.899647306063,5525.700596834562,0.7942521051637949,4.133049384582085,False,12.112628728756698,85.03089137513432,6348865.0,1.0200248390854114,11736140.40358486
2024-01-16,5710.91943359375,5777.325473519259,5688.784086951914,5733.054780235586,9762800,5644.513623046875,60.085953462596,5764.685529972067,5524.341716121683,0.7762950686478367,4.258007507839943,False,13.262119842266436,85.28164103172077,6695900.0,1.4580265535626278,11736140.40358486
2024-01-17,5666.6494140625,5710.920112609863,5622.378715515137,5710.920112609863,7956300,5647.833935546875,59.34100582313322,5766.515947193142,5529.151923900608,0.5792684512784658,4.202744379550349,False,13.037081817469517,85.51448075050689,6494450.0,1.2250921941041966,11736140.40358486
2024-01-18,5644.513671875,5666.649019607844,5600.242976409314,5644.513671875,6634800,5652.261010742188,55.29166891775116,5762.84434857769,5541.677672906686,0.46497058680435016,3.9128885812363214,False,12.44885320338767,84.14962052926968,6096855.0,1.0882331956393911,11736140.40358486
2024-01-19,5710.91943359375,5733.054780235586,5622.378047026405,5666.648740310077,7319600,5657.79482421875,55.349937835207434,5768.4946998891655,5547.094948548335,0.7399488213210221,3.913180986929869,False,12.819190683120853,86.04441429212052,6329335.0,1.1564564049777741,11736140.40358486
2024-01-22,5688.7841796875,5733.0548736928495,5666.648832684825,5710.919526690175,7346000,5664.4354248046875,50.22016372805812,5764.875752260804,5563.995097348571,0.6212100532699416,3.546349103611844,False,13.163076687634248,84.64167334325653,6401515.0,1.1475408555630973,11736140.40358486
2024-01-23,5666.6494140625,5688.784763336182,5622.378715515137,5688.784763336182,7874600,5669.969287109375,43.254073782839065,5756.477434675053,5583.461139543697,0.480811789754518,3.0514503054665036,True,12.68938763458414,83.33912866309856,6505945.0,1.2103699001451749,11736140.40358486
2024-01-24,5710.91943359375,5710.91943359375,5644.513393668241,5666.648740310077,4089900,5677.716650390625,34.81418468164659,5747.345019753918,5608.0882810273315,0.7384285565405564,2.452689123135538,True,12.572407569243166,82.12962232469927,6374810.0,0.6415720625399032,11736140.40358486
2024-01-25,5666.6494140625,5733.055461883545,5666.6494140625,5710.920112609863,6866400,5679.930200195313,32.43673140739622,5744.803663010105,5615.056737380521,0.39764084144291567,2.2843049308092356,True,12.778316173185534,81.00650986015253,6541330.0,1.049694786839985,11736140.40358486
2024-01-26,5688.7841796875,5710.919526690175,5644.51348568215,5666.648832684825,5164900,5678.8234375,31.69281110289066,5742.209059705781,5615.437815294219,0.578572567728075,2.232350517792662,True,12.552103474571087,79.96361922785776,6373070.0,0.8104257445783586,11736140.40358486
2024-01-29,5688.7841796875,5688.7841796875,5644.51348568215,5688.7841796875,6407200,5677.7166748046875,30.88928973205694,5739.495254268802,5615.938095340573,0.5895739670514875,2.176176903587364,True,12.34204882585767,77.41412456910724,6446635.0,0.9938828551639731,11736140.40358486
2024-01-30,5666.6494140625,5688.784763336182,5644.514064788818,5666.6494140625,4531400,5675.503173828125,29.95688614319895,5735.416946114523,5615.589401541727,0.4261124827585339,2.1113113833741766,True,12.147008073482079,75.04673699612555,6401905.0,0.7078205627856083,11736140.40358486
2024-01-31,5644.513671875,5688.784367340687,5644.513671875,5644.513671875,9544700,5674.39638671875,30.700888154254898,5735.79816302726,5612.994610410241,0.2566624563627726,2.1641694419594573,True,11.965890018013804,72.84844831537993,6642960.0,1.4368143116923782,11736140.40358486
2024-02-01,5622.37841796875,5710.919810377707,5622.37841796875,5622.37841796875,10779600,5669.9693359375,31.529690838611653,5733.028717614723,5606.909954260276,0.12264997925012071,2.2243288434573834,True,12.20923006006263,73.96937289349258,7001265.0,1.5396646177512208,11736140.40358486
2024-02-02,5666.6494140625,5666.6494140625,5622.378715515137,5622.378715515137,7356800,5667.755834960937,30.02141896338422,5727.798672887706,5607.712997034168,0.4907864040355106,2.118751748492797,True,12.43518867053654,71.84806026493953,6919740.0,1.0631613326512268,11736140.40358486
2024-02-05,5578.10791015625,5688.784654405382,5578.10791015625,5666.649305555556,9865400,5663.328759765625,36.10508981017185,5735.538939385969,5591.118580145282,-0.09008889091148761,2.550096689895562,False,11.583564438281865,74.62153769238184,7133935.0,1.382883359604482,11709354.88721108
2024-02-06,5622.37841796875,5666.649114173229,5578.107721764272,5600.243069866511,9445700,5662.221997070313,37.039379599701974,5736.300756269717,5588.143237870909,0.23107285048935286,2.616596779064227,False,10.792766270505794,75.61581302928,7246740.0,1.3034412715234713,11797895.90283608
2024-02-07,5622.37841796875,5710.919810377707,5600.243069866511,5644.51376607099,10270400,5662.221997070313,37.039379599701974,5736.300756269717,5588.143237870909,0.23107285048935286,2.616596779064227,False,10.982018804532734,78.12016499227401,7349630.0,1.3974036788246482,11797895.90283608
2024-02-12,5666.6494140625,5710.920112609863,5622.378715515137,5622.378715515137,7077000,5664.435546875,35.83624477531412,5736.108036425629,5592.763057324371,0.5154443301842903,2.5306136492335742,False,11.157759208038396,78.86455996719111,7512600.0,0.94201741074994,11847921.112291256
2024-02-13,5622.37841796875,5710.919810377707,5622.37841796875,5666.649114173229,5485300,5663.328784179687,36.81240842531749,5736.953601030323,5589.703967329052,0.22189834920734403,2.6000544787830004,False,11.320938516759767,79.55576228446012,7512740.0,0.7301330806070755,11847921.112291256
2024-02-15,5666.6494140625,5733.055461883545,5644.514064788818,5688.784763336182,12271900,5661.115283203125,35.09091935850557,5731.297121920136,5590.933444486113,0.5394270865550417,2.4794350655689805,False,11.936595260352446,81.77871097234117,7802535.0,1.5728093497818336,11847921.112291256
2024-02-16,5688.7841796875,5733.0548736928495,5666.648832684825,5666.648832684825,5762300,5660.008520507812,33.761310596235695,5727.531141700283,5592.485899315341,0.7130816211774703,2.385954754231108,False,12.508276522259933,80.68066311774714,7602510.0,0.7579470464359797,11847921.112291256
2024-02-19,5733.05517578125,5821.5965684574085,5688.784479443171,5710.919827612211,8429500,5663.32880859375,37.50643586196947,5738.341680317689,5588.315936869812,0.964762683957134,2.6490735134471164,False,14.51621150192522,84.40435780718724,7626170.0,1.1053385906687105,11847921.112291256
2024-02-20,5799.46142578125,5821.596774734613,5733.055378921159,5733.055378921159,5677400,5671.076196289063,47.96136694248009,5766.998930174023,5575.153462404102,1.1692116888899282,3.382875862176873,False,16.38072530315148,84.69987503191408,7578300.0,0.7491653800984389,11847921.112291256
2024-02-21,5843.73193359375,5843.73193359375,5755.190540660512,5799.4612371271305,10104200,5677.716821289063,61.149568022886086,5800.015957334835,5555.417685243291,1.1787256135748752,4.308039301544634,False,18.40757213189746,84.97426916772294,7717530.0,1.309253090043058,11847921.112291256
2024-02-22,5954.40869140625,5954.40869140625,5821.596601635107,5843.731949930298,9489900,5690.998046875,87.04330719579718,5865.084661266595,5516.911432483405,1.2565505408093232,6.117964299326646,False,21.366151131708158,88.39125635368153,7824725.0,1.2128093958573625,11847921.112291256
2024-02-23,5954.40869140625,5976.544039701441,5865.867298225488,5976.544039701441,8713200,5705.386010742188,104.78204217168626,5914.95009508556,5495.821926398816,1.094144462884291,7.3461842528726935,False,24.27265343651479,89.98307671955803,7866655.0,1.107611812136162,11847921.112291256
2024-02-26,5865.8671875,5932.273231132076,5799.461143867925,5910.137883254717,7884800,5713.1333984375,110.76988947571903,5934.673177388938,5491.5936194860615,0.844709626834059,7.755456191939354,False,25.211587736304615,94.62339606375568,8056400.0,0.9787001638448936,11847921.112291256
2024-02-27,5821.5966796875,5843.732028279467,5777.325982503565,5843.732028279467,5456800,5720.88076171875,112.74855342629093,5946.377868571332,5495.383654866168,0.723319756458322,7.8833003603744,False,25.575462463895246,94.18895384466137,7985920.0,0.6833026125981728,11847921.112291256
2024-02-28,5865.8671875,5865.8671875,5799.461143867925,5821.596491745283,2090500,5729.734912109375,116.96950641640169,5963.673924942178,5495.795899276572,0.7909567620684098,8.165788345230082,False,26.176155592080352,92.20446025804807,7832200.0,0.2669109573299967,11847921.112291256
2024-02-29,5865.8671875,5888.002535377359,5777.325795990566,5865.8671875,10783000,5738.5890625,120.3596709710606,5979.308404442121,5497.869720557879,0.764370374173345,8.389495721697566,False,26.73394206825224,93.52390876724415,8050990.0,1.3393383919244715,11847921.112291256
2024-03-01,5910.1376953125,5910.1376953125,5799.460959445225,5799.460959445225,6023600,5750.7634765625,124.92773717048023,6000.61895090346,5500.908002221539,0.8189328134001844,8.689471419204002,False,27.523935718239894,94.74911070296065,8125600.0,0.7413114108496603,11847921.112291256
2024-03-04,5799.46142578125,5910.138170548067,5799.46142578125,5910.138170548067,5809200,5758.5108642578125,122.77790811828578,6004.066680494384,5512.955048021241,0.5833834077951248,8.528448483468129,False,28.25750717756854,95.88679885037898,7938825.0,0.7317455668817489,11847921.112291256
2024-03-05,5755.1904296875,5821.596473106972,5733.05508188101,5821.596473106972,6990600,5765.15146484375,118.54621806802245,6002.2439009797945,5528.059028707705,0.4789933510351761,8.225020195283653,False,27.29323603704538,95.36212687720632,7749375.0,0.9020856520687153,11847921.112291256
2024-03-06,5755.1904296875,5799.4611253004805,5733.05508188101,5755.1904296875,4956200,5769.578515625,116.3061982299234,6002.190912084847,5536.966119165154,0.46907283069072364,8.063410380147959,False,26.397841406559586,93.29383520165378,7629345.0,0.6496232638581687,11847921.112291256
2024-03-07,5622.37841796875,5755.190506582186,5622.37841796875,5733.055158479946,11093000,5771.792041015625,112.83998574730936,5997.472012510243,5546.112069521007,0.16897013045209938,7.820100581964377,False,25.46006449860062,96.11656758820962,7690725.0,1.4423867710781493,11847921.112291256
2024-03-08,5622.37841796875,5666.649114173229,5600.243069866511,5644.51376607099,11796000,5771.792041015625,112.83998574730936,5997.472012510243,5546.112069521007,0.16897013045209938,7.820100581964377,False,24.89886162078954,93.99438735381732,7808240.0,1.5107117609089884,11847921.112291256
2024-03-13,5578.10791015625,5688.784654405382,5578.10791015625,5622.378607855902,13159000,5769.578515625,116.3061982299234,6002.190912084847,5536.966119165154,0.08843421850519897,8.063410380147959,False,23.94874757044035,95.1859842749112,7952670.0,1.6546644083056383,11847921.112291256
2024-03-14,5688.7841796875,5688.7841796875,5578.107444674124,5600.242791676799,9245200,5770.68525390625,115.37680387274797,6001.438861651746,5539.931646160754,0.32253565823100605,7.997442161285647,False,23.06650611234441,96.29246647051583,8061080.0,1.1468934683690026,11847921.112291256
2024-03-15,5688.7841796875,5755.190220695525,5644.51348568215,5688.7841796875,21189100,5774.005541992187,111.78379335476598,5997.573128701719,5550.437955282656,0.30940581870794504,7.743933914978358,False,21.79318507880379,97.31991422357721,8846270.0,2.395258114436932,11847921.112291256
2024-03-18,5710.91943359375,5755.190126877423,5666.648740310077,5710.91943359375,5242800,5776.21904296875,109.96967041588225,5996.1583838005145,5556.279702136985,0.351550865961382,7.615339348998249,False,20.610815547658937,96.69287653384637,8494815.0,0.6171764776513673,11847921.112291256
2024-03-19,5688.7841796875,5733.0548736928495,5644.51348568215,5710.919526690175,9572300,5776.21904296875,109.96967041588225,5996.1583838005145,5556.279702136985,0.30122959596362014,7.615339348998249,False,19.178613611272308,96.11062735362162,8685315.0,1.1021246782644039,11847921.112291256
2024-03-20,5733.05517578125,5733.05517578125,5688.784479443171,5710.919827612211,5278100,5776.21904296875,109.96967041588225,5996.1583838005145,5556.279702136985,0.4018732459953206,7.615339348998249,False,17.848705995139614,92.40779654934508,8527745.0,0.6189326721190654,11847921.112291256
2024-03-21,5710.91943359375,5777.325473519259,5688.784086951914,5733.054780235586,7929300,5771.791943359375,110.7641130898113,5993.320169538998,5550.263717179752,0.36260777956966167,7.6762374095794605,False,17.34793918839754,92.13162440777361,8640340.0,0.9177069420879271,11847921.112291256
2024-03-22,5688.7841796875,5733.0548736928495,5666.648832684825,5710.919526690175,3483700,5764.0445556640625,110.8862794739052,5985.817114611873,5542.271996716252,0.3303208108035732,7.69503277797826,False,16.427546676691943,90.29408273636298,8309315.0,0.4192523691784461,11847921.112291256
2024-03-25,5710.91943359375,5755.190126877423,5688.784086951914,5755.190126877423,5631900,5751.870092773437,101.88719149404821,5955.644475761534,5548.095709785341,0.39951960943471665,7.085500183466088,False,15.970963221585203,88.58779396415909,8116415.0,0.6938900980297336,11847921.112291256
2024-03-26,5644.513671875,5666.649019607844,5511.701585477941,5666.649019607844,14396800,5736.375341796875,92.60577651524103,5921.586894827356,5551.163788766393,0.2520088017761068,6.4574419208930545,False,16.742175467582854,96.48994068927693,8400595.0,1.7137833689161304,11847921.112291256
2024-03-27,5600.2431640625,5644.513861011611,5555.972467113389,5622.378512537055,9153300,5723.094140625,92.10314374187004,5907.300428108741,5538.88785314126,0.1665396761406845,6.437297131849158,False,17.458301124580675,95.92218734705872,8464020.0,1.0814364805376169,11847921.112291256
2024-03-28,5644.513671875,5644.513671875,5600.242976409314,5600.242976409314,6138100,5714.239990234375,90.63547955815392,5895.5109493506825,5532.9690311180675,0.3076737754925293,6.344534336188162,False,18.123274948935794,92.23279506981781,8498085.0,0.7222921399350559,11847921.112291256
2024-04-01,5688.7841796875,5688.7841796875,5600.242791676799,5666.648832684825,9236200,5705.38583984375,83.40462081644726,5872.195081476644,5538.576598210855,0.4502375887758493,5.8474307019860685,False,17.884524341614636,91.96912313702373,8855370.0,1.0430055435289547,11847921.112291256
2024-04-02,5843.73193359375,5843.73193359375,5666.649147727273,5688.784495960583,12799100,5704.279077148438,81.28286054015486,5866.844798228748,5541.713356068128,0.9289122439792216,5.699781475683919,False,17.70560523404012,98.04867047484183,8956175.0,1.4290810530164941,11847921.112291256
2024-04-03,5799.46142578125,5843.732123687977,5777.326076827886,5843.732123687977,10251600,5698.745263671875,69.43403227493992,5837.613328221755,5559.877199121996,0.8626325549932272,4.873636498024581,True,17.539468161096558,95.78848307378821,9167575.0,1.1182455556676656,11847921.112291256
2024-04-04,5755.1904296875,5799.4611253004805,5733.05508188101,5799.4611253004805,4924100,5696.531713867187,66.7063191683968,5829.944352203981,5563.119075530393,0.7198394265775321,4.683995281269993,True,16.725089873790058,93.68975884710622,9123320.0,0.5397267661333812,11847921.112291256
2024-04-05,5755.1904296875,5821.596473106972,5755.1904296875,5755.1904296875,6930600,5696.531713867187,66.7063191683968,5829.944352203981,5563.119075530393,0.7198394265775321,4.683995281269993,True,16.24607853641539,91.74092203084662,9120320.0,0.7599075471036104,11847921.112291256
2024-04-16,5445.2958984375,5644.514041063262,5423.16054925686,5578.107993521341,31099400,5681.0369873046875,85.66206134110257,5852.361109986892,5509.712864622483,-0.18799736189069,6.031438382290404,False,17.51685509474733,108.90441905940331,10427480.0,2.9824463820597114,11820465.957597815
2024-04-17,5356.75439453125,5489.566486957645,5356.75439453125,5467.431138219912,12128500,5667.755786132812,111.82984076827628,5891.415467669365,5444.0961045962595,-0.19525582229431715,7.892354221887141,False,19.070968835391426,110.61211001418843,10479255.0,1.1573818940373146,11634528.79939469
2024-04-18,5423.16015625,5423.16015625,5356.754113520408,5356.754113520408,11611100,5657.794873046875,124.26539368055165,5906.325660407979,5409.2640856857715,0.027956436930363326,8.785429409789227,False,20.514076021219914,107.45453377957438,10470010.0,1.1089865243681716,11773980.899004065
2024-04-19,5401.02490234375,5401.02490234375,5334.618858462474,5401.02490234375,10631200,5648.94072265625,135.9970509514677,5920.9348245591855,5376.946620753314,0.04426250683742484,9.629915244535912,False,21.98328004302787,106.1035883515709,10343620.0,1.0278026454954843,11727496.86580094
2024-04-22,5445.2958984375,5445.2958984375,5334.619152534298,5401.025200076219,8102700,5636.76630859375,142.9626645574606,5922.691637708672,5350.840979478829,0.16517410201302468,10.145012706274628,False,22.740100525601726,106.43024246240168,10286495.0,0.7877027111761586,11820465.957597815
2024-04-23,5334.61865234375,5445.295387869553,5334.61865234375,5445.295387869553,7475600,5619.058032226562,157.38719133270058,5933.832414891964,5304.283649561161,0.048185310579791606,11.203813196450348,False,23.442865934324136,106.73359986464085,9600820.0,0.7786418243441706,11588043.74080094
2024-04-24,5356.75439453125,5401.025092006715,5334.619045793517,5356.75439453125,5024200,5601.349780273437,166.1858296351083,5933.721439543654,5268.978121003221,0.13204536409746603,11.867555939489696,False,24.09543381385209,103.85308842166398,9589890.0,0.5239059050729467,11634528.79939469
2024-04-25,5489.56640625,5489.56640625,5356.754315776209,5378.889664188508,7265800,5591.388891601562,166.6391045127124,5924.667100626987,5258.110682576137,0.3472410097718175,11.92112426756862,False,23.462105846840437,105.92158856824446,9474565.0,0.7668742575516659,11913434.024004065
2024-04-26,5356.75439453125,5489.566486957645,5356.75439453125,5489.566486957645,5110600,5572.5738525390625,170.98893918473087,5914.551730908524,5230.595974169601,0.18445406609802975,12.273605964455532,False,22.87401453442664,107.84233884382664,9466190.0,0.5398792967392372,11634528.79939469
2024-04-29,5467.4306640625,5467.4306640625,5356.753929972166,5378.8892767902325,5155300,5560.3994140625,169.2799581490819,5898.959330360663,5221.839497764337,0.3626997090846925,12.177539456677525,False,22.32793456612379,108.04479564714862,9327490.0,0.552699600857251,11866948.965410315
2024-04-30,5533.83642578125,5578.1071171875,5423.159697265625,5489.565734375,8890900,5552.652026367187,166.61978216538404,5885.8915906979555,5219.412462036419,0.4717686574465971,12.002897453265755,False,21.041617647217663,111.39498309534335,9597850.0,0.9263428788739144,12006401.06501969
2024-05-02,5511.70166015625,5555.972356221762,5445.295616057982,5533.837008189006,9811900,5542.691137695312,162.56575327312072,5867.8226442415535,5217.559631149071,0.4523431643579354,11.731900568482088,False,19.847180508233404,111.3436800288031,9806850.0,1.0005149461855745,11959918.05720719
2024-05-03,5511.70166015625,5533.837008189006,5423.160268025226,5533.837008189006,3416500,5536.050537109375,160.89150092636308,5857.833538962102,5214.267535256648,0.46216568803676433,11.62500232596302,False,18.45594570122273,111.29604146701574,9257835.0,0.3690387655429158,11959918.05720719
2024-05-06,5511.70166015625,5555.972356221762,5445.295616057982,5555.972356221762,5501200,5531.623461914062,160.2490858656016,5852.121633645265,5211.125290182859,0.46892056879731525,11.587852063245956,False,17.442876189149423,111.25180565964176,9075230.0,0.6061774742899078,11959918.05720719
2024-05-07,5445.2958984375,5533.83729516006,5445.2958984375,5511.70194597942,4465300,5521.662573242187,159.04972468788816,5839.762022617963,5203.563123866411,0.37996415121977484,11.521872086761574,False,16.50216878508135,109.62963359270738,8991590.0,0.49660849749599345,11820465.957597815
2024-05-08,5489.56640625,5489.56640625,5401.025012600806,5467.431057837702,6840500,5511.701684570313,154.19666698470186,5820.095018539717,5203.308350600909,0.46411193777212295,11.19049439242088,False,15.638654614786635,108.1233307395993,8871805.0,0.7710381371096412,11913434.024004065
2024-05-13,5401.02490234375,5467.430946225026,5334.618858462474,5467.430946225026,10170800,5489.566333007812,134.5482535543894,5758.662840116591,5220.469825899034,0.33548387228179316,9.803925876284534,False,15.646592485383565,111.46791767159405,8740390.0,1.1636551687052865,11727496.86580094
2024-05-14,5467.4306640625,5467.4306640625,5378.8892767902325,5423.159970426366,7383800,5472.964794921875,113.06826446057808,5699.101323843031,5246.828266000719,0.4877637397067665,8.263766985345072,False,15.653963365223571,109.83030835735643,8597000.0,0.8588810050017448,11866948.965410315
2024-05-15,5401.02490234375,5467.430946225026,5356.7542064229,5445.295598264601,7161400,5455.256518554687,92.38266934811568,5640.021857250918,5270.491179858456,0.35324191054010834,6.773846035206524,True,15.924627823621375,109.89076774626852,8708865.0,0.8223115182058741,11727496.86580094
2024-05-16,5445.2958984375,5467.43124761814,5401.025200076219,5401.025200076219,8487800,5439.761791992188,59.60118605431835,5558.964164100825,5320.559419883551,0.5232130718014097,4.382632058782924,True,16.175953621941254,106.78473756970581,8786725.0,0.9659799299511479,11781603.125808982
2024-05-17,5445.2958984375,5489.566596798781,5401.025200076219,5445.2958984375,6993300,5439.761791992188,59.60118605431835,5558.964164100825,5320.559419883551,0.5232130718014097,4.382632058782924,True,15.996532484478179,105.48164179490978,7581420.0,0.9224261418045696,11781603.125808982
2024-05-20,5511.70166015625,5533.837008189006,5445.295616057982,5445.295616057982,6498900,5447.5091552734375,58.29977432678923,5564.108703927016,5330.909606619859,0.7752690967678219,4.280839015780444,True,15.063702462612216,104.27162396177506,7299940.0,0.8902675912404759,11781603.125808982
2024-05-21,5445.2958984375,5511.70194597942,5401.025200076219,5511.70194597942,9376200,5448.615942382812,58.022652220266075,5564.661246823344,5332.57063794228,0.4856950526291501,4.259625037538716,True,14.837140572962904,104.7291326718769,7188195.0,1.3043886538971188,11781603.125808982
2024-05-22,5445.2958984375,5467.43124761814,5401.025200076219,5445.2958984375,3596200,5450.8294921875,56.9459830790025,5564.721458345505,5336.9375260294955,0.47570683018008714,4.1788856657960975,True,14.6267616754314,101.99176944830862,6836445.0,0.5260336329773735,11781603.125808982
2024-05-27,5423.16015625,5467.430851403061,5334.618765943877,5445.295503826531,9550900,5449.722705078125,57.273364216650876,5564.2694335114265,5335.175976644823,0.3840536556939221,4.2037635539351585,True,15.30180581013744,104.19322059194253,6908855.0,1.382414307435892,11781603.125808982
2024-05-28,5423.16015625,5467.430851403061,5378.889461096938,5423.16015625,5510700,5454.1497802734375,50.98460700304187,5556.118994279521,5352.180566267354,0.34804421449404965,3.7391424186730435,True,15.92863250665019,103.07523271438396,6810610.0,0.8091345709121504,11781603.125808982
2024-05-29,5423.16015625,5423.16015625,5356.754113520408,5401.024808673469,8131100,5457.470068359375,46.25056599802112,5549.971200355417,5364.968936363332,0.3145432852062684,3.3898905843692484,True,16.785916716139408,100.45600485832736,6965955.0,1.1672627801930964,11781603.125808982
2024-05-30,5356.75439453125,5423.160440744447,5334.619045793517,5423.160440744447,9246200,5450.8294677734375,50.718367260286364,5552.26620229401,5349.392733252865,0.03628695912372986,3.721882517891643,True,17.848741484836733,99.60496129351328,7064975.0,1.308737822851461,11781603.125808982
2024-05-31,5201.80712890625,5401.025274268617,5201.80712890625,5378.88992478391,30407000,5443.082104492188,72.85034258004467,5588.782789652277,5297.381419332099,-0.3279816094235799,5.353609677864016,True,20.060096923708144,106.72018872700285,8329795.0,3.6503899555751373,11781603.125808982
2024-06-03,5356.75439453125,5356.75439453125,5223.942302104855,5223.942302104855,11655600,5437.548291015625,75.07309953030432,5587.694490076234,5287.402091955017,0.23094924483648885,5.5225697694930895,False,22.11349840266017,110.16497993400264,8654810.0,1.3467193387260956,11781603.125808982
2024-06-04,5401.02490234375,5445.295598264601,5334.618858462474,5356.7542064229,6440500,5430.90771484375,71.91517048586127,5574.738055815473,5287.077373872027,0.39611784169421177,5.296733014947239,False,22.293539196354697,110.20153421029723,8532290.0,0.7548383845368594,11781603.125808982
2024-06-05,5423.16015625,5489.566198979592,5401.024808673469,5445.295503826531,4633000,5426.480639648437,69.359637262872,5565.199914174182,5287.761365122693,0.4880316437287124,5.11267923862828,False,21.74463937414581,108.65438107428474,8273345.0,0.5599911523090116,11781603.125808982
2024-06-06,5489.56640625,5489.56640625,5423.160361013104,5467.431057837702,5444400,5425.373876953125,68.0932485568778,5561.56037406688,5289.187379839369,0.7356787591182986,5.020354364600496,False,21.234943362003566,105.63665742612154,8374740.0,0.6500977940807715,11781603.125808982
2024-06-07,5489.56640625,5533.837103074597,5445.295709425403,5489.56640625,3728000,5424.267114257813,66.7835528416975,5557.834219941208,5290.700008574418,0.7444437635227764,4.92479823983266,False,20.063133638057533,104.41556715634096,8286080.0,0.44991117633428596,11781603.125808982
2024-06-10,5467.4306640625,5511.701357698634,5401.024623608299,5511.701357698634,4207500,5425.373852539063,67.33154439755478,5560.036941334172,5290.710763743953,0.6561556767327197,4.9641957385881375,False,19.547124118121932,104.86279336591191,8273190.0,0.5085704546855566,11781603.125808982
2024-06-11,5423.16015625,5467.430851403061,5401.024808673469,5445.295503826531,5396100,5422.053540039063,65.61487617975814,5553.283292398579,5290.8237876795465,0.5042163312474508,4.8405922734053535,False,19.067972421038874,102.11588260617475,8200970.0,0.6579831410186844,11781603.125808982
2024-06-12,5489.56640625,5489.56640625,5401.025012600806,5423.160361013104,6352800,5426.480615234375,67.0917404715792,5560.664096177534,5292.297134291217,0.7350728665414056,4.945506690522395,False,18.248008034636722,101.14627625210471,8010070.0,0.7931016832562012,11781603.125808982
2024-06-13,5423.16015625,5489.566198979592,5401.024808673469,5489.566198979592,5135700,5424.26708984375,66.39628089075325,5557.059651625256,5291.474528062244,0.4958320948895793,4.896239789893217,False,17.486615580251527,100.24594206099229,7897665.0,0.6502808108472568,11781603.125808982
2024-06-14,5378.89013671875,5445.296187789352,5334.619436005016,5423.160837432484,7040000,5423.1603515625,66.98594801936662,5557.132247601234,5289.188455523767,0.334777978991389,4.9407315053899925,False,17.699333167949753,100.99099989837403,7891595.0,0.8920883547622502,11781603.125808982
2024-06-19,5246.0771484375,5401.024574762659,5179.671108583861,5378.889228144779,12196300,5413.1994140625,77.5069777113457,5568.213369485192,5258.1854586398085,-0.03905554880298236,5.72725826504724,False,19.370136067584795,109.58831891840433,8077020.0,1.5099999752383924,11753892.874163993
2024-06-20,5246.0771484375,5268.21249505538,5179.671108583861,5268.21249505538,8634300,5403.2384765625,85.54917395578278,5574.336824474066,5232.1401286509345,0.040728095731728114,6.333177728643108,False,20.921595902960192,108.08496660076968,8159070.0,1.0582456088745409,11753892.874163993
2024-06-21,5290.34814453125,5401.02488395659,5223.9421008760455,5246.077448761113,17023600,5392.17080078125,85.09581536272144,5562.362431506694,5221.979170055807,0.20085880305635348,6.312545986146613,False,20.296694029118417,113.01338206361075,8685305.0,1.9600463081031696,11851289.065570243
2024-06-24,5246.0771484375,5334.618534909019,5246.0771484375,5334.618534909019,6285700,5382.20986328125,90.06469364595601,5562.339250573163,5202.080475989338,0.12212519320032503,6.693510356063925,False,19.716428003408197,111.26538237846135,8530780.0,0.7368259408869998,11753892.874163993
2024-06-25,5268.212890625,5290.348238904937,5201.80684578519,5268.212890625,5323200,5373.355712890625,92.21510155738011,5557.785916005385,5188.925509775865,0.21495226787718472,6.864619167955464,False,19.638176124549048,109.6422402885532,8617130.0,0.6177462797938524,11802591.506976493
2024-06-26,5223.9423828125,5268.213080971928,5201.807033732786,5268.213080971928,7732400,5363.39482421875,97.17817296447448,5557.751170147699,5169.038478289801,0.1412454639962474,7.247512155969593,False,19.56551366560841,106.55394078502383,8526205.0,0.9068982038315991,11705196.389788993
2024-06-27,5334.61865234375,5356.753999448911,5246.077263923106,5268.212611028268,6280500,5358.967749023437,96.32525546644175,5551.618259956321,5166.3172380905535,0.43680500362604807,7.189836548950693,False,18.265128871887356,108.42948906012289,8564695.0,0.733301069098199,11948684.182757743
2024-06-28,5378.89013671875,5445.296187789352,5312.484085648148,5312.484085648148,10535600,5356.754248046875,95.2754418645743,5547.305131776024,5166.203364317726,0.5580839307555758,7.114415741533254,False,17.844181505446286,110.17110428020014,8684920.0,1.2130911971555294,12005864.508819623
2024-07-01,5401.02490234375,5401.02490234375,5334.618858462474,5378.889554383325,8021400,5358.9677734375,95.78833122157246,5550.544435880645,5167.391110994355,0.609765793938318,7.149759824745459,False,17.453301808036723,107.04502853741984,8623680.0,0.9301597461872426,12005864.508819623
2024-07-02,5401.02490234375,5423.160250304175,5356.7542064229,5401.02490234375,6210100,5368.928662109375,88.67968123228808,5546.288024573952,5191.569299644799,0.5904836366921011,6.606880948755034,False,17.326909447260952,104.14224391912377,7413835.0,0.8376366617277023,12005864.508819623
2024-07-03,5401.02490234375,5401.02490234375,5334.618858462474,5401.02490234375,6800500,5371.1421875,88.91201841642267,5548.966224332845,5193.318150667154,0.5840232720389767,6.621460785256682,False,16.886367099193734,101.44680105927749,7171080.0,0.94832298621686,12005864.508819623
2024-07-04,5378.89013671875,5423.160837432484,5378.89013671875,5401.025487075617,3875700,5370.03544921875,88.65787287657024,5547.35119497189,5192.719703465609,0.5249687005020065,6.603894794733137,False,16.733775533694622,97.36279389173869,7042840.0,0.5503035707186306,12005864.508819623
2024-07-05,5423.16015625,5423.16015625,5378.889461096938,5401.024808673469,5046400,5370.03544921875,88.65787287657024,5547.35119497189,5192.719703465609,0.649802564926215,6.603894794733137,False,16.592072476670793,93.57050112469034,7063510.0,0.714432343126859,12005864.508819623
2024-07-08,5489.56640625,5489.56640625,5423.160361013104,5423.160361013104,11876600,5370.03544921875,88.65787287657024,5547.35119497189,5192.719703465609,0.8370568037360355,6.603894794733137,False,17.21121470360647,91.63019747292674,7385120.0,1.6081796910544446,12005864.508819623
2024-07-09,5505.2958984375,5551.558889180672,5459.032907694327,5528.4273938090855,10614700,5370.821923828125,89.835967074731,5550.493857977587,5191.149989678664,0.8742208688461917,6.690668083867439,False,18.374851247979667,91.69418204531375,7729455.0,1.3732792286131428,12005864.508819623
2024-07-10,5551.55859375,5574.690087890625,5505.29560546875,5528.427099609375,7017700,5375.0283203125,96.33224807429134,5567.692816461083,5182.363824163917,0.9581287081075904,7.168873712553064,False,19.656917830475788,90.10134635792528,7869965.0,0.891706634019338,12005864.508819623
2024-07-11,5482.1640625,5574.6900382383965,5482.1640625,5551.558544303797,6350700,5377.978515625,98.75686756602163,5575.492250757044,5180.464780492956,0.7637425361971636,7.345277953721599,False,20.421882958399866,90.27453417081608,7917695.0,0.8020894970063889,12005864.508819623
2024-07-12,5505.2958984375,5551.558889180672,5505.2958984375,5528.4273938090855,3555500,5378.764990234375,99.74993647893119,5578.264863192237,5179.265117276513,0.8171202726275696,7.4180550115155315,False,21.132207720043652,88.78312649294864,7777830.0,0.45713264496652667,12005864.508819623
2024-07-15,5528.42724609375,5551.55874084728,5482.16425658669,5528.42724609375,3834200,5384.028344726563,104.86200174179197,5593.752348210147,5174.304341242979,0.8442593574618887,7.7905980450121595,False,21.342615977107396,87.39822347635165,7712755.0,0.49712456832869706,12005864.508819623
2024-07-16,5505.2958984375,5528.4273938090855,5482.164403065914,5528.4273938090855,3606700,5390.3486328125,108.2893896606222,5606.927412133745,5173.769853491255,0.765370563970402,8.035798575360104,False,21.537995072952302,84.4599925668388,7541090.0,0.47827303480000904,12005864.508819623
2024-07-17,5597.82177734375,5597.82177734375,5505.295797552944,5528.427292500646,7001500,5407.935864257813,112.12067668084032,5632.177217619494,5183.694510896132,0.9233962876144183,8.293047809377299,False,22.49876300196725,85.03613451140787,7281350.0,0.9615661930823267,12005864.508819623
2024-07-18,5620.95361328125,5620.95361328125,5551.559124228395,5597.822116930299,5349000,5426.6796875,114.93741454084223,5656.554516581685,5196.804858418315,0.9225645899495499,8.47202496993461,False,23.618715405206487,83.91887412151121,7117085.0,0.7515717460168032,12005864.508819623
2024-07-19,5620.95361328125,5620.95361328125,5528.427627877443,5597.822116930299,6000100,5443.2099609375,118.03047015098174,5679.2709012394635,5207.1490206355365,0.8764783197855278,8.673593045134197,False,24.163398530785845,84.53366778453233,6565910.0,0.9138261109275028,12005864.508819623
2024-07-22,5574.6904296875,5644.084916364108,5551.55893412863,5644.084916364108,4423500,5459.640625,111.85495289719256,5683.350530794385,5235.930719205615,0.7571406131502373,8.195041438075794,False,24.920965454301683,85.10454738817127,6472800.0,0.6833982202447163,12005864.508819623
2024-07-23,5644.08447265625,5644.08447265625,5574.689991435067,5597.821485175461,5032300,5478.4342041015625,109.55173313058482,5697.537670362733,5259.330737840392,0.8780183658921062,7.998762350641464,False,25.62442045470925,83.98239980481496,6458255.0,0.7792042897036429,12005864.508819623
2024-07-24,5551.55859375,5667.216064453125,5528.427099609375,5644.0845703125,9933700,5494.815014648438,92.69205739588358,5680.199129440205,5309.43089985667,0.6530432614609388,6.747601668029161,False,25.25451753097526,87.8971544504532,6568320.0,1.512365414596122,12005864.508819623
2024-07-25,5644.08447265625,5644.08447265625,5528.427003954278,5551.558497694672,9087300,5510.288305664062,90.34279002559097,5690.973885715244,5329.60272561288,0.8702458352080115,6.558117108516962,False,24.911034208625253,89.8800340398474,6708660.0,1.3545626101188613,12005864.508819623
2024-07-26,5667.21630859375,5690.347803730868,5597.821823182398,5667.21630859375,5425500,5524.704614257813,91.27139827386387,5707.24741080554,5342.161817710085,0.8903514601264372,6.608237337309669,False,25.21565796686981,90.06903021903474,6453155.0,0.8407515393633037,12005864.508819623
2024-07-29,5620.95361328125,5690.3481023341055,5620.95361328125,5620.95361328125,4808700,5535.7010498046875,88.80127473409091,5713.303599272869,5358.098500336506,0.7400094022632144,6.416623581016823,False,25.498526743997015,88.59227727859337,6292520.0,0.7641930418973638,12005864.508819623
2024-07-30,5597.82177734375,5667.216262186855,5551.558787448347,5667.216262186855,4096800,5545.5408935546875,83.85844309504067,5713.257779744768,5377.824007364607,0.6558605247709234,6.048711547146288,False,24.282123151936307,90.52550566858724,6186855.0,0.6621781179613875,12005864.508819623
2024-07-31,5667.21630859375,5667.21630859375,5574.690328045281,5620.953318319515,14631000,5558.8504638671875,80.78225207612881,5720.414968019445,5397.28595971493,0.8353640247131235,5.812874629473669,False,23.152606285508767,90.66839673143598,6578380.0,2.2241038067122907,12005864.508819623
2024-08-01,5690.34814453125,5782.87413062119,5574.690661918827,5620.953654963796,15237800,5574.423364257813,74.00045835578315,5722.424280969379,5426.422447546247,0.8916353454058638,5.30999915293556,True,23.650344399207274,99.06233044364504,7146485.0,2.1322090510229854,12005864.508819623
2024-08-02,5644.08447265625,5713.478953877434,5644.08447265625,5690.347460137039,6432100,5585.469580078125,66.32337967864414,5718.116339435413,5452.822820720837,0.7209435528697857,4.749708415937074,True,24.112529790498744,96.94319835632639,7215770.0,0.8913948199568446,12005864.508819623
2024-08-05,5597.82177734375,5644.084767239153,5505.295797552944,5620.953272291452,12489900,5590.882348632813,62.38514495345176,5715.6526385397165,5466.112058725909,0.5278088185741772,4.46334879278634,True,22.540697522782494,99.93218202274653,7246435.0,1.7235923595533529,12005864.508819623
2024-08-06,5644.08447265625,5690.347460137039,5574.689991435067,5574.689991435067,11577400,5597.82177734375,60.03881728264769,5717.899411909046,5477.744142778454,0.692636603310766,4.290155683458517,True,21.375654927320483,101.05541678554836,7294570.0,1.587125766152083,12005864.508819623
2024-08-07,5667.21630859375,5690.347803730868,5620.953318319515,5620.953318319515,4240800,5603.604663085937,60.911936214382614,5725.428535514702,5481.7807906571725,0.7610803787451794,4.348053788708061,True,20.293834034198422,98.79392168739152,7155725.0,0.5926443512013109,12005864.508819623
2024-08-08,5759.7421875,5759.7421875,5667.216208584337,5690.347703313253,9398000,5617.483569335937,63.35931027828562,5744.202189892509,5490.764948779366,1.061316945920169,4.511579570905666,True,20.12233274834114,98.34621148941089,7308090.0,1.2859721213066615,12005864.508819623
2024-08-09,5806.00537109375,5806.00537109375,5713.4793890842875,5759.742380089019,7072600,5632.51904296875,70.60144946662865,5773.7219419020075,5491.3161440354925,1.1143157450577623,5.013845416449166,False,20.44385166326641,97.93048081227171,7483945.0,0.9450363411275737,12005864.508819623
2024-08-12,5782.87353515625,5829.1365234375,5759.742041015625,5806.005029296875,5556100,5645.241357421875,73.7138686202813,5792.669094662438,5497.813620181313,0.9667784377297879,5.223080038791857,False,20.970008724189338,95.89219521295767,7570040.0,0.7339591336373388,12005864.508819623
2024-08-13,5852.2685546875,5875.400050951087,5806.005562160326,5806.005562160326,10450200,5662.589990234375,79.63633851202614,5821.862667258428,5503.317313210323,1.095452302294387,5.625435615106582,False,21.888912306421226,95.65178954023476,7912215.0,1.3207679518314404,12005864.508819623
2024-08-14,6014.18896484375,6152.9779409555285,5852.268492713341,5852.268492713341,29984700,5683.408349609375,110.32388146878046,5904.056112546937,5462.760586671814,1.2495671173606655,7.764628172555174,False,24.39786903441121,110.29876516180279,9061375.0,3.309067332496448,12005864.508819623
2024-08-15,5991.05712890625,6060.451613024856,5921.662644787645,6014.188623612452,9582600,5701.913525390625,128.79076550819403,5959.495056407013,5444.331994374237,1.0612661792456477,9.034915379525742,False,26.72761456754477,112.33377966718906,9273055.0,1.033381124127917,12005864.508819623
2024-08-16,6037.3203125,6037.3203125,5921.6628352490425,6014.188817049809,9525600,5722.731860351562,147.33229688144715,6017.396454114457,5428.067266588668,1.0338076898400204,10.298039501183009,False,28.890949705454503,112.57118663745824,9449330.0,1.0080714717339747,12005864.508819623
2024-08-19,5967.92578125,6037.3202670784885,5898.5312954215115,6037.3202670784885,10034100,5742.393627929688,152.67809272236573,6047.749813374419,5437.037442484956,0.8692935726712712,10.635153395251383,False,30.505205980190787,114.44388881181756,9729860.0,1.031268692458062,12005864.508819623
2024-08-20,6037.3203125,6037.3203125,5944.794330699234,6014.188817049809,15255400,5762.055419921875,164.23454632477913,6090.524512571434,5433.586327272316,0.919011862513048,11.401108413983712,False,32.004158493075444,112.87832402531389,10241015.0,1.4896375017515353,12005864.508819623
2024-08-21,6129.84619140625,6152.977686468161,6037.320211158609,6060.45170622052,15685700,5790.969799804688,175.7281166138079,6142.426033032303,5439.513566577072,0.9821032600410504,12.138078607816917,False,33.98313419160888,113.0768348313309,10528615.0,1.4898160869212143,12005864.508819623
2024-08-22,6152.97802734375,6152.97802734375,6060.452041970159,6083.583538313557,12105900,5816.414477539062,189.6330352880222,6195.680548115107,5437.148406963018,0.9437037424590887,13.04123260268456,False,35.820756030799316,111.60891701292088,10679545.0,1.133559528987424,12005864.508819623
2024-08-23,6199.24072265625,6222.372217890042,6083.58324648729,6152.977732188666,12451800,5843.015698242188,204.34702357745905,6251.7097453971055,5434.32165108727,0.9358089222168596,13.989147668313445,False,37.83064301279689,113.55034946933735,11030860.0,1.1288149790678152,12005864.508819623
2024-08-26,6338.029296875,6338.029296875,6176.108840385493,6199.240334169708,14052700,5878.869482421875,225.1798615970519,6329.229205615979,5428.509759227771,1.0097700691311917,15.321303680603998,False,40.10672717605905,117.0053571136352,11493060.0,1.2227117930298805,12005864.508819623
2024-08-27,6291.7666015625,6384.292580997242,6222.372116986443,6361.161086138557,12167700,5913.566723632813,232.9255221852785,6379.41776800337,5447.715679262255,0.9059236128156573,15.755332311000844,False,42.35912846495661,120.2135790348612,11896605.0,1.0227875936033852,12005864.508819623
2024-08-28,6314.8984375,6314.8984375,6199.240956959707,6314.8984375,9438700,5945.950830078125,241.73013328055018,6429.411096639225,5462.490563517025,0.8815697306897988,16.261831971952173,False,44.04119855440016,119.88814342810636,11636990.0,0.8110946215473245,12005864.508819623
2024-08-29,6291.7666015625,6314.898096421185,6245.503611845129,6314.898096421185,13268500,5976.021752929688,245.63626257092832,6467.294278071545,5484.749227787831,0.8213540677260951,16.44145705798394,False,45.60312078031203,116.28147787287527,11538525.0,1.1499303420497855,12005864.508819623
2024-08-30,6338.029296875,6338.029296875,6222.3718279539235,6291.766309306569,22109100,6010.718994140625,245.29203102375718,6501.30305618814,5520.13493209311,0.8335924748230752,16.3236399015075,False,46.61157997910557,116.23690580488966,12322375.0,1.7942239219306344,12005864.508819623
2024-09-02,6222.3720703125,6314.898049053206,6222.3720703125,6314.898049053206,7855400,6041.946508789062,229.1867991035699,6500.3201069962015,5583.572910581923,0.6968105953627628,15.173043903661021,False,47.54800637798529,116.19550014471898,12090650.0,0.649708659170516,12005864.508819623
2024-09-03,6268.63525390625,6268.63525390625,6176.109272298778,6199.240767700646,11645700,6073.174047851562,214.1808866887129,6501.5358212289875,5644.812274474137,0.7281496835181753,14.106685235835192,False,47.50934228419061,114.50482024920136,12094065.0,0.9629268570989159,12005864.508819623
2024-09-04,6199.24072265625,6222.372217890042,6152.977732188666,6222.372217890042,8269000,6099.7752685546875,193.10948814318775,6485.994244841063,5713.556292268312,0.628768212087811,12.663383789806018,False,47.04183568613459,114.58715606837156,12295475.0,0.6725238349880749,12005864.508819623
2024-09-05,6453.68701171875,6453.68701171875,6199.240570396506,6199.240570396506,24214500,6134.472509765625,191.13060684590798,6516.733723457441,5752.211296073809,0.9175345163457785,12.46272480912693,False,47.9015794487508,124.57710501507674,13036300.0,1.8574672261301135,12005864.508819623
2024-09-06,6499.9501953125,6546.213186026468,6384.29271852758,6407.424213884564,14297700,6169.169750976563,191.35150558245962,6551.872762141482,5786.4667398116435,0.9321633677888587,12.406953499839695,False,49.04115160386386,127.24448804963468,13397555.0,1.0671872591678109,12005864.508819623
2024-09-09,6407.42431640625,6499.950299314643,6338.0298292249545,6476.818803587545,7130200,6200.397290039063,175.2787047980242,6550.954699635111,5849.839880443014,0.7952826280376546,11.307578956568435,False,49.407110085663994,129.72134390963856,13476260.0,0.5290933834758308,12005864.508819623
2024-09-10,6523.08154296875,6523.08154296875,6407.4240688026375,6430.55556363586,12142200,6233.937939453125,169.23385722701448,6572.405653907154,5895.470224999096,0.927136165678361,10.858873403661809,False,49.847974266332805,128.71678178510098,13560860.0,0.8953856908780121,12005864.508819623
2024-09-11,6476.81884765625,6499.950343540737,6430.555855887277,6476.81884765625,9456400,6257.06943359375,169.23388884071386,6595.5372112751775,5918.601655912322,0.8246238320938967,10.818731716935057,False,50.25734814838242,126.13170359198469,12534445.0,0.7544330841931972,12005864.508819623
2024-09-12,6615.607421875,6638.738916357081,6453.686960500437,6523.0814439466785,22469600,6288.296948242188,175.08582299818673,6638.468594238561,5938.125302245814,0.96735719093059,11.137249047828748,False,51.19844291360987,130.34029303946033,13178795.0,1.7049813734867263,12005864.508819623
2024-09-13,6569.34423828125,6661.87021346831,6523.08125068772,6615.60722587478,10834600,6314.89814453125,175.36303660717957,6665.62421774561,5964.172071316891,0.8627419133941683,11.10789327672976,False,52.15265148446097,130.94376944954104,13244245.0,0.8180609766732645,12005864.508819623
2024-09-17,6569.34423828125,6615.60722587478,6499.9497568909555,6569.34423828125,7883900,6344.969067382813,163.9254457102016,6672.819958803216,6017.11817596241,0.8421908812361915,10.334199834188814,False,52.66185570882152,129.851890844847,13136735.0,0.6001415115704168,12005864.508819623
2024-09-18,6546.21337890625,6615.607867021864,6523.081882867712,6592.476370983326,5432300,6370.413720703125,152.7747554515335,6675.9632316061925,6064.864209800058,0.7876778589557217,9.5927682031095,True,53.13469098628064,127.18575465265448,12645580.0,0.4295809286723108,12005864.508819623
2024-09-19,6546.21337890625,6615.607867021864,6546.21337890625,6569.344874944788,10922700,6391.232080078125,146.50796531125408,6684.248010700633,6098.216149455618,0.7644588273730873,9.169309671474988,True,53.57375231534982,123.05780704286589,12407430.0,0.8803354119265634,12005864.508819623
2024-09-20,6615.607421875,6661.870410839161,6546.212938428759,6569.344432910839,26483100,6414.363549804688,143.3995332557015,6701.162616316091,6127.564483293285,0.8508447124989348,8.942401355474646,True,54.19710724293631,122.52921171197562,13126290.0,2.0175617025069537,12005864.508819623
2024-09-23,6569.34423828125,6638.738719671545,6546.2127444844855,6615.60722587478,12867300,6432.868725585938,137.9545022342951,6708.777730054528,6156.959721117348,0.7473197874751655,8.578101504580564,True,54.7759329377549,120.38612338876736,13147065.0,0.9787203455676229,12005864.508819623
2024-09-24,6638.7392578125,6638.7392578125,6546.2132751252175,6592.476266468859,15044300,6447.904223632812,143.3553339778653,6734.614891588543,6161.193555677081,0.8328007212643256,8.893142888347537,True,55.31341663371387,118.39611333866131,13196645.0,1.1400094493714121,12005864.508819623
2024-09-25,6638.7392578125,6638.7392578125,6546.2132751252175,6638.7392578125,17985300,6465.252856445312,144.45611897071063,6754.1650943867335,6176.340618503891,0.8002406588992661,8.937384023685942,False,55.812508637104344,116.54824686356284,13487525.0,1.3334766756688126,12005864.508819623
2024-09-26,6685.001953125,6708.133447772491,6638.738963830017,6661.870458477509,17996900,6483.758032226562,147.84739989077067,6779.4528320081035,6188.063232445021,0.8402899223238224,9.121092993039964,False,56.626369846076024,113.18012094062793,13915435.0,1.2933048805157725,12005864.508819623
2024-09-27,6638.7392578125,6708.133744827961,6638.7392578125,6708.133744827961,9528100,6501.106665039062,144.45126460272152,6790.009194244505,6212.204135833619,0.738199009804385,8.88779538902419,False,57.38209951675487,110.05257566025887,13728415.0,0.6940422474116641,12005864.508819623
2024-09-30,6523.08154296875,6638.7390171348625,6523.08154296875,6638.7390171348625,11723100,6510.35927734375,139.29023837498988,6788.93975409373,6231.778800593771,0.5228340940711679,8.55806768512601,False,55.68344582003968,110.45294274479394,13209115.0,0.8875007901740578,12005864.508819623
2024-10-01,6638.7392578125,6638.7392578125,6523.081779453397,6523.081779453397,10450000,6531.17763671875,124.28963327537545,6779.756903269501,6282.598370168,0.7163527606028026,7.612081017463685,True,54.10612666641459,110.82471218043366,13338845.0,0.7834261512147416,12005864.508819623
2024-10-02,6546.21337890625,6615.607867021864,6499.950386829174,6592.476370983326,9654400,6545.05654296875,107.8389237049865,6760.734390378723,6329.3786955587775,0.5026818608201812,6.590557193632563,True,52.21641492612792,112.82215209492597,13239280.0,0.7292239457130599,12005864.508819623
2024-10-03,6569.34423828125,6615.60722587478,6523.08125068772,6546.2127444844855,6836300,6563.56171875,70.75082882252954,6705.063376395059,6422.060061104941,0.5204326918408073,4.311733894139636,True,50.461682595861724,111.37242517293554,13167645.0,0.5191740816220365,12005864.508819623
2024-10-04,6523.08154296875,6592.476027468418,6476.818553302305,6569.344532635195,5621400,6567.0314453125,66.66227890214819,6700.356003116796,6433.706887508204,0.3351770181444622,4.060420874014916,True,47.97848268087855,111.67850010101961,12237990.0,0.45934013673814084,12005864.508819623
2024-10-07,6407.42431640625,6476.818803587545,6314.898333497857,6476.818803587545,10832200,6562.4051513671875,74.33204972953811,6711.069250826264,6413.741051908111,-0.021244992990389667,4.5307808960287685,True,45.58615138821381,118.57169362743917,12064715.0,0.8978413497542213,12005864.508819623
2024-10-08,6476.81884765625,6476.81884765625,6338.029872349331,6407.42436000279,8899500,6565.8748779296875,68.07310113022653,6702.02108019014,6429.728675669235,0.1729397192326013,4.147084883328804,True,43.36470027688811,120.01578517597348,12153180.0,0.732277477993414,12005864.508819623
2024-10-09,6407.42431640625,6499.950299314643,6407.42431640625,6476.818803587545,9822000,6560.092016601562,76.31357611145079,6712.719168824464,6407.46486437866,-0.00013283341731753248,4.653201565973454,True,40.9631153305985,118.05222787114633,12037170.0,0.8159725251034919,12005864.508819623
2024-10-10,6499.9501953125,6569.344681383452,6407.424213884564,6476.818699955516,11875300,6561.248583984375,75.15154553125731,6711.55167504689,6410.94549292186,0.29608407172950524,4.58153929510904,True,38.26667794433071,121.18567355884215,12158115.0,0.9767385815975586,12005864.508819623
2024-10-11,6476.81884765625,6569.344831194197,6453.687351771764,6569.344831194197,4466300,6554.309155273438,76.26743970430091,6706.84403468204,6401.7742758648355,0.24599151381760082,4.654491443568123,True,35.762845125966244,120.7908025490986,11257950.0,0.39672409275223286,12005864.508819623
2024-10-14,6523.08154296875,6569.344532635195,6453.687058469082,6476.818553302305,3970200,6551.996020507812,76.4886723716095,6704.973365251031,6399.018675764593,0.40549424953218766,4.669640954127517,True,33.43785324266113,120.42413623602818,10914730.0,0.36374697312714105,12005864.508819623
2024-10-15,6661.87060546875,6708.133595784505,6523.081634521484,6523.081634521484,17967100,6556.622338867188,80.29656555263776,6717.215469972463,6396.029207761912,0.8276860780943599,4.8986543011114385,True,32.85334785422238,125.04041599172294,11418890.0,1.5734541623572869,12005864.508819623
2024-10-16,6638.7392578125,6731.265240499782,6615.607762140679,6708.133744827961,8884800,6561.2486328125,82.30559882716402,6725.859830466828,6396.637435158172,0.7353747075053949,5.0176790079594,False,32.52025627041311,124.37020616082147,11591515.0,0.7664916967281671,12005864.508819623
2024-10-17,6638.7392578125,6731.265240499782,6638.7392578125,6638.7392578125,5424900,6565.874926757812,83.99896821332388,6733.87286318446,6397.876990331165,0.7168607918779476,5.11730541019013,False,32.210956942590215,122.09561876985434,11316625.0,0.4793743717760375,12005864.508819623
2024-10-18,6870.05419921875,6916.317190459281,6661.870738636364,6685.002234256629,23782600,6578.597265625,107.81935602918195,6794.235977683364,6362.958553566636,1.1757991893284578,6.555765715744184,False,33.29353775053071,133.20149833249195,11181600.0,2.126940688273592,12005864.508819623
2024-10-21,6846.92236328125,6870.053857751795,6777.527879869615,6846.92236328125,8431800,6592.476171875,123.3172024324775,6839.110576739955,6345.841767010044,1.0158367737574416,7.482299470937906,False,34.29879135790403,130.29612840510927,10959825.0,0.7693371016416777,12005864.508819623
2024-10-22,6870.05419921875,6916.317190459281,6800.659712357955,6846.922703598485,14443100,6604.041918945312,137.87283880777352,6879.787596560859,6328.2962413297655,0.9823507707785728,8.350815485422732,False,35.5024188750004,129.25051052626762,10929765.0,1.321446526983883,12005864.508819623
2024-10-23,6939.44873046875,6985.711722005208,6870.054243164062,6893.185738932291,19206700,6619.077392578125,156.93478170748733,6932.946955993099,6305.207829163151,1.0103574465853105,9.483785875261463,False,36.983012687722194,128.27958283056694,10990835.0,1.7475196379528943,12005864.508819623
2024-10-24,6962.57958984375,6985.711083497716,6916.316602535818,6939.448096189783,9344600,6632.956274414062,174.37666929661572,6981.709613007293,6284.202935820831,0.9725737060457856,10.515773786675204,False,38.35784979953529,124.073504125662,10558220.0,0.8850544883512562,12005864.508819623
2024-10-25,6939.44873046875,7008.843217773438,6893.185738932291,7008.843217773438,6074400,6647.991748046875,187.38085428217317,7022.753456611221,6273.230039482529,0.8888564062993545,11.274433626499247,False,39.75534171444161,123.47235946248232,10385535.0,0.5848904269255267,12005864.508819623
2024-10-28,6962.57958984375,6962.57958984375,6823.790627919954,6939.448096189783,4958500,6669.966650390625,197.46087296530945,7064.888396321244,6275.0449044600055,0.8704695201875922,11.841790720422589,False,39.8006321134927,124.56640249543328,10047305.0,0.49351542528070963,12005864.508819623
2024-10-29,7008.84326171875,7008.84326171875,6893.185782152434,6939.44877397896,10860100,6688.471850585937,211.2417534565851,7110.955357499108,6265.988343672767,0.8791525655919344,12.633184869460404,False,40.15703042205309,123.93005085763923,10067810.0,1.0786953667182833,12005864.508819623
2024-10-30,6916.31689453125,7008.842873053407,6893.185399900711,7008.842873053407,9561400,6706.977026367187,214.31230904265948,7135.601644452506,6278.3524082818685,0.7441995388636232,12.781454786568183,False,40.487964914766344,123.33918021195352,10063160.0,0.9501389225650789,12005864.508819623
2024-10-31,7031.974609375,7078.237600226151,6939.4486276726975,6962.580123098272,25840000,6730.108544921875,223.44725645504096,7177.003057831957,6283.214032011793,0.8377374925543805,13.280454837456704,False,41.244087496063095,126.09500346073546,11013345.0,2.3462444879371342,12005864.508819623
2024-11-01,6754.396484375,7170.763390946062,6708.1334947559935,7124.5004013270545,15829400,6741.674291992187,218.08970224581486,7177.853696483817,6305.4948875005575,0.5145836693019019,12.939794644476576,False,38.81624463404654,150.13321008425925,11523745.0,1.3736333110460184,12005864.508819623
2024-11-04,6893.185546875,6962.580032246225,6754.39657613255,6754.39657613255,15494300,6765.962353515625,205.5971612815139,7177.156676078653,6354.768030952598,0.6546995986792524,12.15479191513293,False,36.56181911931689,154.2796627833282,11756850.0,1.3178955247366428,12005864.508819623
2024-11-05,7286.4208984375,7286.4208984375,6939.448474702381,6962.579969618056,29732300,6806.442456054688,224.50343073024882,7255.449317515186,6357.43559459419,1.0344889840007925,13.193584294864133,False,36.58943299111088,171.34792626755475,12798490.0,2.323109991881855,12005864.508819623
2024-11-06,7217.0263671875,7402.078325320513,7147.63188288762,7286.42085148738,13926400,6846.92255859375,221.7424912470501,7290.40754108785,6403.43757609965,0.917267577486317,12.954286504598207,False,37.10885831339111,177.28353456507887,13003710.0,1.0709559041227465,12005864.508819623
2024-11-07,7309.55224609375,7309.55224609375,7124.50029049644,7217.026268295095,19304100,6887.402661132813,228.8516583324115,7345.105977797635,6429.69934446799,0.9611607231044806,13.291028249233836,False,37.354118036170824,177.83842178166677,13375150.0,1.4432810099325988,12005864.508819623
2024-11-08,7124.50048828125,7263.289458832183,7124.50048828125,7263.289458832183,5888900,6919.7867431640625,212.96778670145363,7345.722316566969,6493.851169761156,0.7403106923914311,12.31065607111899,False,37.58185920732342,178.35366006958344,13446280.0,0.4379575614965626,12005864.508819623
2024-11-11,7217.0263671875,7217.0263671875,7101.368893354367,7170.763377654247,11979400,6954.483984375,201.13476662392745,7356.753517622855,6552.2144511271445,0.8263264566580251,11.568637850102323,False,37.53173728734558,173.87536105269413,13846740.0,0.8651422645330237,12005864.508819623
2024-11-12,7263.28955078125,7309.552541550558,7170.763569242636,7217.026560011943,13959400,6984.554931640625,200.03969915097883,7384.634329942583,6584.475533338667,0.8483491281026319,11.456117167596865,False,37.9402145615674,171.36919042806758,13646355.0,1.0229398253233188,12005864.508819623
2024-11-13,7147.6318359375,7263.289309010923,7124.500341322816,7240.157814396238,5007600,7009.999560546875,185.57999511321114,7381.159550773297,6638.839570320452,0.6854082862038335,10.589444036925643,False,37.79212302453924,169.0420489302366,13452495.0,0.3722432158495506,12005864.508819623
2024-11-14,7124.50048828125,7240.157963740361,7078.237498097606,7170.763478464894,16757100,7034.287622070313,165.0895783239547,7364.4667787182225,6704.108465422403,0.6366119944196488,9.387707025568915,False,37.144255705847726,168.53336440970224,14019105.0,1.1953045504688067,12005864.508819623
2024-11-15,7147.6318359375,7217.026319781554,7101.368846708131,7124.500341322816,4657800,7048.16650390625,162.19848707318062,7372.563478052612,6723.769529759888,0.6533080453246971,9.205145025066408,False,36.54266462420561,164.75651502853944,13062865.0,0.3565680269986714,12005864.508819623
2024-11-18,7147.6318359375,7147.6318359375,7101.368846708131,7147.6318359375,10756900,7063.201977539063,156.39549626047904,7375.9929700600205,6750.410985018105,0.634962099960056,8.856917684518473,False,35.984044334109356,156.29269175717013,13179120.0,0.8162077589398988,12005864.508819623
2024-11-19,7217.0263671875,7217.0263671875,7124.500388120994,7147.63188288762,8208700,7080.5505859375,153.05105238278003,7386.65269070306,6774.448481171939,0.722925257822917,8.646279722187197,False,35.921941822467545,151.73792656497983,12867400.0,0.6379455056965665,12005864.508819623
2024-11-20,7217.0263671875,7217.0263671875,7147.63188288762,7217.0263671875,5830300,7094.429467773438,152.16530244662775,7398.760072666693,6790.098862880182,0.7014205890614637,8.579424357538043,False,35.864275204514435,145.8562521174727,12198580.0,0.4779490727609279,12005864.508819623
2024-11-21,7055.10595703125,7193.894926677766,7031.974462090164,7193.894926677766,7336900,7099.0557861328125,149.32571214781132,7397.707210428435,6800.40436183719,0.42641952201430255,8.413835115340378,True,34.38483913410764,148.65594161603437,12098195.0,0.6064458375815566,12005864.508819623
2024-11-22,6916.31689453125,7055.105862314486,6823.790916009093,7055.105862314486,11199100,7097.899194335938,150.7101669561208,7399.319528248179,6796.4788604236965,0.19878890145222322,8.493226676219132,False,32.677690076485646,154.560163002186,12354430.0,0.9064845565517794,12005864.508819623
2024-11-25,7031.974609375,7031.974609375,6893.185636821546,6939.4486276726975,19268900,7101.3689453125,148.20885088998298,7397.7866470924655,6804.951243532534,0.3829450206232757,8.348184809511308,False,31.09248023726523,153.43364939870514,13069950.0,1.4742902612481303,12005864.508819623
2024-11-26,7078.2373046875,7101.368799147263,6939.448337928921,6985.711326848447,8590100,7104.838647460938,146.7336828862679,7398.306013233474,6811.371281688402,0.4546775112397739,8.26105645277146,False,28.995100532172035,154.03985024296492,12956450.0,0.6629979662639072,12005864.508819623
2024-11-28,7078.2373046875,7078.2373046875,6939.448337928921,7078.2373046875,8604300,7112.93466796875,140.10164906095736,7393.137966090664,6832.731369846835,0.43808537673572806,7.878697364780732,False,27.047533663156923,152.95050142265163,12908595.0,0.6665558877631531,12005864.508819623
2024-11-29,6985.71142578125,7124.500394505381,6985.71142578125,7101.368899718026,12609500,7110.621508789062,141.8793367025173,7394.380182194097,6826.862835384028,0.27990085464362746,7.981262202025395,False,25.41157699286252,151.93896337275734,12247070.0,1.029593200659423,12005864.508819623
2024-12-02,6985.71142578125,7031.97441535596,6916.316941419185,6916.316941419185,7732700,7122.187255859375,118.87545632036006,7359.938168500095,6884.436343218655,0.21298568623296557,6.676345456801188,True,23.93504543178129,149.34742841304433,11842235.0,0.6529764018363088,12005864.508819623
2024-12-03,7193.89501953125,7263.289505250201,6985.711562374397,7008.843057614047,18804600,7137.222729492188,106.78927097150654,7350.801271435201,6923.644187549175,0.6326731831847218,5.984920186404471,True,23.64076164953941,158.50676063132335,12007750.0,1.5660386000707875,12005864.508819623
2024-12-04,7263.28955078125,7263.28955078125,7193.89506462729,7217.026560011943,16801400,7136.066162109375,105.2018151606877,7346.46979243075,6925.662531788,0.8023317337194971,5.896908059472959,True,23.367498422089547,152.14160138980026,11361205.0,1.4788396125234955,12005864.508819623
2024-12-05,7286.4208984375,7286.4208984375,7217.026413690476,7263.289403521825,7087100,7139.535888671875,109.08524629621265,7357.7063812643,6921.36539607945,0.8366289547689386,6.111615544606779,True,23.265358124396514,146.2310930581734,11019240.0,0.643156878332807,12005864.508819623
2024-12-06,7332.68408203125,7332.68408203125,7240.1580999236,7286.421090977425,15943900,7140.69248046875,111.08700642808087,7362.866493324911,6918.518467612588,0.932074838758929,6.2227581838554915,True,23.471259626893083,142.39501370456458,10851230.0,1.4693173031997295,12005864.508819623
2024-12-09,7587.13037109375,7587.13037109375,7286.420935654059,7286.420935654059,17366100,7163.823974609375,149.1748225717639,7462.173619752903,6865.474329465847,1.2094132729414413,8.329340480753391,False,24.939673598471252,153.70318668564505,11425090.0,1.5199967790188087,12005864.508819623
2024-12-10,7540.8671875,7633.393165260736,7471.472704179449,7587.1301763803685,9525000,7180.016015625,171.20269182322318,7522.421399271447,6837.610631978554,1.0269355990144122,9.53773314436377,False,26.484155780309976,154.29013485676236,11302370.0,0.8427436015632119,12005864.508819623
2024-12-11,7587.13037109375,7679.6563512290395,7471.472895924638,7471.472895924638,12998600,7196.208056640625,193.37185951440364,7582.951775669432,6809.464337611817,1.0054022796217752,10.748541898310519,False,28.095725824936316,158.13965774587948,11254330.0,1.154986569613651,12005864.508819623
2024-12-12,7587.13037109375,7587.13037109375,7425.209905856993,7587.13037109375,8878600,7218.1829833984375,211.66800016565898,7641.518983729756,6794.846983067119,0.9357618858383894,11.729710962023985,False,29.08470423008474,158.4097154237993,11447880.0,0.775567179250656,12005864.508819623
2024-12-13,7563.9990234375,7656.5250053755735,7471.4730414994265,7587.130518922018,7183300,7240.15791015625,223.8911717689197,7687.94025369409,6792.375566618411,0.8616054964591116,12.369408211655315,False,30.299541169238974,160.31273317039557,10969190.0,0.6548614802004523,12005864.508819623
2024-12-16,7517.73583984375,7587.130324519231,7425.209860276443,7563.998829627404,5622300,7258.663110351563,231.02260803915186,7720.708326429866,6796.6178942732595,0.7803543035150501,12.730862668619563,False,30.918108296798938,160.42757110413794,11017415.0,0.510310267880442,12005864.508819623
2024-12-17,7448.34130859375,7517.735792835307,7332.683834857823,7517.735792835307,10833500,7273.698583984375,233.19136355793182,7740.081311100238,6807.315856868511,0.6872311241985478,12.823812307613908,False,30.54802096543168,162.18645923855146,11021245.0,0.9829651731723594,12005864.508819623
2024-12-18,7240.158203125,7448.341665834665,7170.763715555112,7448.341665834665,7359400,7274.85517578125,232.95272748620394,7740.760630753658,6808.949720808842,0.46276393387763076,12.808652370797857,False,28.83868557240289,170.42870859862302,10978780.0,0.6703294901619306,12005864.508819623
2024-12-19,7078.2373046875,7193.894776986315,6985.711326848447,7193.894776986315,9507300,7267.91572265625,236.8014699854977,7741.518662627245,6794.312782685255,0.2997495349370438,13.03270313095773,False,27.50668282252533,176.43000628990373,11162630.0,0.8517078860447762,12005864.508819623
2024-12-20,7055.10595703125,7170.76343173668,7031.974462090164,7078.237451972335,14593200,7267.91572265625,236.8014699854977,7741.518662627245,6794.312782685255,0.2753289225379035,13.03270313095773,False,26.26982312621045,173.74136081537608,11525445.0,1.2661723690495248,12005864.508819623
2024-12-23,7147.6318359375,7217.026319781554,7078.237352093447,7101.368846708131,5529200,7279.481469726563,224.0294781963865,7727.540426119336,6831.4225133337895,0.35286575359350475,12.310188802763822,False,24.77727675651404,172.89700381072805,11241950.0,0.491836380699078,12005864.508819623
2024-12-24,7055.10595703125,7147.631936795594,7031.974462090164,7147.631936795594,3634000,7280.638037109375,222.74045631772455,7726.118949744824,6835.157124473925,0.24686673022208203,12.23741409378781,False,23.695201113019902,168.80846601749246,10460205.0,0.3474119293073128,12005864.508819623
2024-12-27,7124.50048828125,7147.631983373072,7055.106003005783,7078.237498097606,3653300,7282.951196289063,220.75930811790974,7724.469812524882,6841.432580053243,0.3205616907405975,12.124717146554266,False,22.69041620522496,163.35972032637315,10213365.0,0.3576979771113634,12005864.508819623
2024-12-30,7124.50048828125,7170.763478464894,7078.237498097606,7124.50048828125,4827500,7285.26435546875,218.73447080385094,7722.733297076452,6847.7954138610485,0.3162568220309632,12.009692998423912,False,21.55844883432919,158.30016747215285,10024525.0,0.4815689521448647,12005864.508819623
2025-01-02,6916.31689453125,7170.7633354671825,6777.527926748015,7170.7633354671825,6664900,7281.79462890625,224.21795045733484,7730.230529820919,6833.358727991581,0.09249724026383735,12.316631373659758,False,22.25319233057212,175.08125613265392,9727295.0,0.6851750666552212,12005864.508819623
2025-01-03,6985.71142578125,7078.237404930671,6893.18544663183,6962.579930993895,6037900,7281.79462890625,224.21795045733484,7730.230529820919,6833.358727991581,0.169871209551819,12.316631373659758,False,22.898311291369126,175.79344914452443,9642555.0,0.6261722126552558,12005864.508819623
2025-01-06,6823.791015625,6939.448490466102,6777.52802568856,6939.448490466102,5623300,7263.2894287109375,246.06291628078756,7755.415261272513,6771.163596149362,0.053469474668405154,13.551045635501163,False,24.01159950816361,178.10701706939344,8983490.0,0.6259593988527844,12005864.508819623
2025-01-07,6893.185546875,6893.185546875,6731.265081008809,6823.791061503775,9008100,7244.784228515625,259.60701588810053,7763.998260291826,6725.570196739423,0.1614125773548281,14.33345743362691,False,25.2351162352713,176.95083484059327,8593825.0,1.0482061247465477,12005864.508819623
2025-01-08,6916.31689453125,6916.31689453125,6823.790916009093,6916.31689453125,4544100,7226.279028320312,269.48572658183235,7765.250481483977,6687.3075751566475,0.21245032369558658,14.916984275071481,False,26.14214361194693,170.92048796070497,8466675.0,0.5367041961572873,12005864.508819623
2025-01-09,6939.44873046875,7008.843217773438,6823.791251627604,6916.31723470052,4878300,7206.617260742188,275.5899377526709,7757.797136247529,6655.437385236846,0.25763943664626,15.296493640861875,False,26.105920722479752,171.92987925964277,7913395.0,0.6164610764406427,12005864.508819623
2025-01-10,7147.6318359375,7286.420803625607,6962.579879020024,6962.579879020024,9687000,7184.642333984375,260.77592388562823,7706.194181755632,6663.090486213118,0.46451886978731677,14.51851946210997,False,24.417065170816453,184.43289310944377,7529440.0,1.2865498629380139,12005864.508819623
2025-01-13,7147.6318359375,7193.894825166869,6962.579879020024,7124.500341322816,9607900,7164.98056640625,246.96254731044294,7658.9056610271355,6671.055471785364,0.48243789325781705,13.78719984075615,False,22.848842158557677,187.78161118354384,7533585.0,1.2753423502887404,12005864.508819623
2025-01-14,6962.57958984375,7124.5000454215115,6939.448096189783,7124.5000454215115,11063800,7133.75302734375,229.65328667190673,7593.059600687563,6674.446453999936,0.3136610192035419,12.876996766871141,False,21.237792517765175,189.23890608098475,7436845.0,1.4877007655800276,12005864.508819623
2025-01-15,7124.50048828125,7124.50048828125,6962.5800226384945,6962.5800226384945,8521800,7110.621533203125,203.3800283543264,7517.381589911778,6703.861476494472,0.5170603711564355,11.440914266334731,False,19.741820957948267,187.28761982073584,7419005.0,1.1486445958723575,12005864.508819623
2025-01-16,7008.84326171875,7217.026724938119,7008.84326171875,7124.5007412850655,12172900,7082.863745117187,174.00893120475354,7430.881607526694,6734.84588270768,0.3936541893482777,9.827038184926963,False,18.989224972401658,188.78018006349532,7668485.0,1.5873930769897835,12005864.508819623
2025-01-17,7031.974609375,7055.106104800576,6893.185636821546,7008.843113949424,7870400,7058.57568359375,140.85842488391998,7340.29253336159,6776.85883382591,0.4527875697874095,7.982257679056554,True,17.813022184050837,186.86162920031924,7780890.0,1.0115038253978659,12005864.508819623
2025-01-20,6823.791015625,7031.974470338983,6823.791015625,7031.974470338983,6379800,7027.348168945313,117.13336209862075,7261.614893142554,6793.081444748072,0.0655440310231009,6.667286679561254,True,17.17263835817175,188.3846266681536,7558205.0,0.8440893042726415,12005864.508819623
2025-01-21,6893.185546875,6939.448537122483,6823.791061503775,6846.922556627516,6124100,7009.999536132813,109.39456907475558,7228.788674282324,6791.210397983302,0.2330443589526203,6.242201216184668,True,16.577996234141168,183.1898334416771,7496440.0,0.8169344382133386,12005864.508819623
2025-01-22,7055.10595703125,7124.500441854508,6893.1854924436475,6893.1854924436475,11271200,7008.84296875,108.75557004603023,7226.354108842061,6791.33182865794,0.6063462502694558,6.206763115163722,True,16.061370152138515,186.6273417251902,7584635.0,1.4860570086760931,12005864.508819623
2025-01-23,6939.44873046875,7193.8951839192705,6939.44873046875,7101.369200846354,10736000,7003.060107421875,109.23999962030085,7221.540106662476,6784.580108181273,0.354422882702703,6.2395580186169015,True,15.991090445551066,191.47156399128522,7391775.0,1.4524251617507298,12005864.508819623
2025-01-24,6985.71142578125,7193.894878867446,6939.4484362065405,7008.842920568605,8203900,6994.964086914062,103.82760355290408,7202.619294019871,6787.308879808254,0.477721095315232,5.93727729050912,True,15.925828344517091,195.96976961054384,7525510.0,1.0901453854954681,12005864.508819623
2025-01-30,7055.10595703125,7078.237451972335,6939.448482325819,6985.711472207991,6145500,6994.964086914062,103.82760355290408,7202.619294019871,6787.308879808254,0.6448118517118215,5.93727729050912,True,15.8652278221284,191.88542675597046,7651085.0,0.8032194126715362,12005864.508819623
2025-01-31,7263.28955078125,7263.28955078125,7008.84310155006,7055.106092319367,11044600,7001.903540039062,116.77215985304043,7235.447859745143,6768.359220332981,1.0596068683476132,6.670880807500482,True,16.8641906266191,196.35407121848615,8020650.0,1.3770205656648775,12005864.508819623
2025-02-03,7055.10595703125,7263.289411501024,6962.579977266905,7263.289411501024,10474800,6998.433813476562,113.93412557154082,7226.302064619644,6770.565562333481,0.6243528733608059,6.511978457359594,True,17.37682846432985,203.80803566819034,8303015.0,1.261565828798334,12005864.508819623
2025-02-04,7124.50048828125,7240.157963740361,7031.974507913961,7055.106003005783,7501300,7008.842993164062,115.53566596947275,7239.914325103007,6777.771661225117,0.7502636180496581,6.593708324307338,True,17.852849313632692,204.12056567949105,8344835.0,0.898915317079367,12005864.508819623
2025-02-05,6962.57958984375,7124.5000454215115,6893.185108881852,7008.842577151681,9710600,7007.6864013671875,115.89464160327576,7239.475684573739,6775.897118160636,0.4026986690250861,6.615286984341368,True,17.101437931894992,206.06305237377012,8528470.0,1.1386098561641185,12005864.508819623
2025-02-06,6962.57958984375,6985.711083497716,6893.185108881852,6962.57958984375,6866800,7014.625830078125,108.20394710830946,7231.0337242947435,6798.217935861506,0.3797496726661051,6.1701906690070345,True,16.403698791709985,197.95326110534825,8590645.0,0.7993346250485266,12005864.508819623
2025-02-07,7078.2373046875,7078.2373046875,6846.9223600898695,6985.711326848447,7629300,7023.87841796875,105.14157345182457,7234.161564872399,6813.595271065101,0.6292516483588126,5.987664774085351,True,16.380119385451117,200.33623849765414,8521705.0,0.8952785856820906,12005864.508819623
2025-02-10,7193.89501953125,7563.998943365655,7101.369038572649,7101.369038572649,14592500,7037.75732421875,108.46390173191884,7254.685127682587,6820.829520754913,0.8598840093785597,6.1646855232513476,True,18.443214088578742,220.7237670819756,9024125.0,1.617054285041486,12005864.508819623
2025-02-11,7124.50048828125,7217.026468648539,7078.237498097606,7193.894973556717,6946200,7047.009912109375,107.52515760761514,7262.060227324606,6831.959596894145,0.6801684784658862,6.1033067328511725,False,20.177121468906265,214.8712816154726,9127520.0,0.761017231405683,12005864.508819623
2025-02-12,7217.0263671875,7263.289356720754,7147.63188288762,7147.63188288762,5349600,7050.479638671875,111.9707608089094,7274.421160289694,6826.538117054057,0.8718531679887739,6.352518781545004,False,21.93598944725037,209.43682353147483,8910650.0,0.60036024307991,12005864.508819623
2025-02-13,7217.0263671875,7355.81533578726,7124.500388120994,7217.0263671875,8661800,7053.949365234375,116.13740898375515,7286.224183201885,6821.674547266865,0.8510432241000302,6.5856672890872785,False,23.85564659082342,210.9995466839599,8863345.0,0.9772608422666612,12005864.508819623
2025-02-14,7170.763671875,7309.552646169354,7170.763671875,7217.026663306451,3998600,7064.358569335937,116.84451506712757,7298.047599470193,6830.669539201682,0.7276638798105594,6.616001377637396,False,25.638185366998393,205.84164865613093,8510085.0,0.4698660471663914,12005864.508819623
2025-02-17,7240.158203125,7332.684186551518,7170.763715555112,7170.763715555112,4776400,7070.141455078125,122.69341311191485,7315.528281301954,6824.754628854295,0.8464259892497138,6.941496935611674,False,27.368824198018764,202.7044248004443,8322815.0,0.5738923669455587,12005864.508819623
2025-02-18,7263.28955078125,7286.421046165904,7193.89506462729,7240.158055396597,2868600,7082.86376953125,129.03107978592217,7340.925929103094,6824.801609959406,0.849578143400311,7.28694403757882,False,28.975845969680538,194.83453599602788,7857600.0,0.36507330482590106,12005864.508819623
2025-02-19,7402.07861328125,7471.473100280762,7240.158143615723,7263.289639282227,12307500,7101.368969726563,146.6809880098281,7394.730945746219,6808.0069937069065,1.0125232104629314,8.262124592322149,False,31.043338604582846,197.44028032952866,8079455.0,1.5233081934363146,12005864.508819623
2025-02-20,7378.94677734375,7402.078271943574,7193.894820545161,7402.078271943574,7553700,7129.1267578125,143.889752262501,7416.906262337502,6841.347253287498,0.9340476225775589,8.073345145943357,False,32.4955061745561,198.20767407285442,8138150.0,0.9281839238647605,12005864.508819623
2025-02-21,7124.50048828125,7378.946934291294,7124.50048828125,7378.946934291294,8930700,7140.6925048828125,132.79560324093296,7406.283711364678,6875.101298400947,0.46951703180227833,7.438808107204007,False,33.16529239334082,202.22472921122514,8278480.0,1.0787849943467882,12005864.508819623
2025-02-24,7309.55224609375,7309.55224609375,7124.50029049644,7124.50029049644,4720100,7153.414819335938,136.30657818819776,7426.0279757123335,6880.801662959542,0.786371774629677,7.621902637031826,False,33.78723478703735,200.9981025245169,7950925.0,0.5936541974675903,12005864.508819623
2025-02-25,7240.158203125,7355.815682408147,7170.763715555112,7309.552690694889,5652200,7168.45029296875,127.7810215685452,7424.01233610584,6912.888249831659,0.6402945235450794,7.13018944660219,False,34.55692149290402,199.85909283369676,7696735.0,0.7343633371812853,12005864.508819623
2025-02-26,7147.6318359375,7193.894825166869,6893.185395175971,7170.763330552185,11788900,7176.546313476562,120.5166080714383,7417.579529619439,6935.513097333685,0.4400197242484564,6.717248258824717,False,32.89446096706128,210.36721534193475,7875985.0,1.4968159538140309,12005864.508819623
2025-02-27,7031.974609375,7124.5005910773025,6939.4486276726975,7124.5005910773025,7256500,7175.38974609375,121.84702836168553,7419.083802817121,6931.695689370378,0.20574757003297192,6.792496724126725,False,31.350747621635875,210.2112148364253,7931535.0,0.9148922623426613,12005864.508819623
2025-02-28,6592.47607421875,7055.105974163926,6523.081589226974,6985.711489172149,22647000,7141.849072265625,176.46375880626977,7494.7765898781645,6788.921554653086,-0.27830853451614834,9.883365331342105,False,30.57857487307968,233.19786984360576,8511655.0,2.6607046455712786,12005864.508819623
2025-03-03,6800.65966796875,6939.448640784439,6569.344713275936,6661.870695153061,7086800,7129.1267578125,191.5722209743314,7512.271199761162,6745.982315863837,0.07135344548758829,10.74870611688286,False,29.861557320848927,242.976873962527,8342255.0,0.849506518321485,12005864.508819623
2025-03-04,6777.5283203125,6893.185800181313,6638.739344469923,6800.659816286262,6242600,7111.778149414063,207.09506789053853,7525.96828519514,6697.588013632985,0.09650194412375833,11.648004959637346,False,29.19575530806323,243.79612980173155,8279320.0,0.7539991207007338,12005864.508819623
2025-03-05,6870.05419921875,6916.317190459281,6731.265225497159,6777.52821673769,7505800,7107.151879882813,211.5881284939414,7530.328136870696,6683.97562289493,0.21985942411833864,11.908462465413374,False,28.409992211391494,239.6001180274737,8169080.0,0.918806034461653,12005864.508819623
2025-03-06,6754.396484375,6939.448442851028,6754.396484375,6870.053958422517,6797700,7096.742724609375,223.84080315852438,7544.424330926424,6649.061118292326,0.1176454031127599,12.616537577574105,False,27.507092020345357,235.70382091665613,8165625.0,0.8324776119402985,12005864.508819623
2025-03-07,6708.1337890625,6777.5282765355605,6685.002293238146,6731.265284886854,6418600,7078.237548828125,240.15510575907635,7558.547760346278,6597.927337309972,0.11472424394662556,13.571463466853356,False,27.04279863223291,225.47683251528173,8105090.0,0.7919221131412483,12005864.508819623
2025-03-10,6985.71142578125,6985.71142578125,6685.001993545634,6685.001993545634,9491200,7067.828369140625,239.38874287632322,7546.6058548932715,6589.0508833879785,0.41424310269071474,13.548079006645741,False,25.165741688655405,230.85058963816275,7850025.0,1.2090662131649261,12005864.508819623
2025-03-11,6731.2646484375,6916.316597535438,6731.2646484375,6916.316597535438,9518800,7048.166577148438,250.38539996751845,7548.9373770834745,6547.395777213401,0.18358585529343144,14.209959269652783,False,23.422760241047722,232.53603161713326,7978655.0,1.1930331616043055,12005864.508819623
2025-03-12,6916.31689453125,6939.448389161789,6731.264937486936,6731.264937486936,8069300,7033.131103515625,248.7350654165732,7530.601234348771,6535.660972682479,0.38259173592117124,14.146476825505994,False,21.847018300547674,230.7965822676444,8114640.0,0.9944125679019649,12005864.508819623
2025-03-13,6754.396484375,6916.3169480415245,6708.1334947559935,6916.3169480415245,7096800,7009.999609375,252.2204259509741,7514.440461276948,6505.558757473052,0.24664708058806947,14.39203651958329,False,20.35008466630245,229.181358768922,8036390.0,0.8830830758586878,12005864.508819623
2025-03-14,6638.7392578125,6777.528231843423,6592.476266468859,6754.396736171602,8582900,6983.398388671875,262.22974941269126,7507.857887497257,6458.938889846493,0.17141492180873924,15.020179850433118,False,19.716587232690447,226.0292592407536,8265605.0,1.0383873896708105,12005864.508819623
2025-03-17,6731.2646484375,6777.527635711985,6615.607180251289,6661.8701675257735,6236900,6957.9537109375,260.6895286099086,7479.332768157317,6436.574653717682,0.2826062829328167,14.98656297181857,False,19.128339615765018,221.45005897074947,8338630.0,0.7479526013265968,12005864.508819623
2025-03-18,6546.21337890625,6731.265347214554,6384.292906636484,6731.265347214554,11584800,6922.09990234375,265.74738601723317,7453.594674378216,6390.605130309284,0.14638737461266652,15.356460598163505,False,19.838034462524462,230.41594337127233,8774440.0,1.3202893859893052,12005864.508819623
2025-03-19,6661.87060546875,6661.87060546875,6523.081634521484,6546.213129679362,6108300,6885.089501953125,246.20873895113056,7377.506979855387,6392.672024050864,0.2733438530296426,14.303880225887408,False,20.49703682022966,223.87115962670043,8464480.0,0.7216391319962951,12005864.508819623
2025-03-20,6499.9501953125,6661.870662811388,6499.9501953125,6661.870662811388,7613900,6841.139672851563,231.42142546086876,7303.9825237733,6378.2968219298255,0.13141973905441726,13.53116214710502,False,21.223064065733315,219.44611018899954,8467490.0,0.8991920864388384,12005864.508819623
2025-03-21,6453.68701171875,6546.212990381385,6222.372065062164,6546.212990381385,15614200,6807.5989990234375,236.74195634259988,7281.082911708637,6334.115086338238,0.12626820275941505,13.910452503242965,False,23.013632914153067,226.90288269830103,8801665.0,1.774005259232202,12005864.508819623
2025-03-24,6291.7666015625,6430.555570714614,6037.320158116958,6430.555570714614,6570900,6756.709716796875,232.51711233920653,7221.743941475288,6291.675492118462,9.795993413282261e-05,13.765108881986121,False,25.21067316942907,240.43602347712184,8894205.0,0.7387844107483468,12005864.508819623
2025-03-25,6291.7666015625,6476.818560431985,6291.7666015625,6338.029591279871,7669000,6709.29013671875,225.3298486378409,7159.949833994431,6258.630439443068,0.03676406201813245,13.433900996747816,False,26.853765524094356,236.48001886229065,8995045.0,0.852580504044171,12005864.508819623
2025-03-26,6407.42431640625,6499.950299314643,6268.63534204366,6291.766837770758,8108100,6672.279760742187,209.79707522123846,7091.873911184664,6252.68561029971,0.1843909238765156,12.577234932841124,False,28.17737499008358,236.11108589148301,8811005.0,0.9202241968992186,12005864.508819623
2025-03-27,6569.34423828125,6615.60722587478,6384.29228790713,6407.423781703896,9073700,6649.1482421875,192.87239267873042,7034.89302754496,6263.403456830039,0.39655854474831415,11.602833063940064,False,28.43841495712811,235.7685038969235,8901865.0,1.0193032583621522,12005864.508819623
2025-04-08,6661.87060546875,6661.87060546875,6060.451731363933,6106.7147216796875,18379600,6652.61796875,192.42288696781748,7037.463742685635,6267.772194814364,0.5120212268724271,11.569754215360314,False,29.749164959422508,261.88638748320164,8688495.0,2.1153951288456745,12005864.508819623
2025-04-09,6176.10888671875,6638.7387658737125,6176.10888671875,6569.344284000468,13927700,6621.3904296875,216.3265268042078,7054.043483295915,6188.737376079084,-0.014594245036536828,13.06834442713371,False,30.96628996155302,277.87748257368725,9030540.0,1.5422887224905708,12005864.508819623
2025-04-10,6546.21337890625,6569.344874944788,6338.029914559408,6407.424402675022,6975500,6609.824682617187,213.70705179529713,7037.238786207781,6182.410579026593,0.4255858625434266,12.932691080737039,False,32.09647746353136,286.1173758345695,9067185.0,0.7693126367224227,12005864.508819623
2025-04-11,6384.29296875,6523.081946331522,6338.029976222826,6361.161472486413,5546900,6585.53662109375,210.149111190826,7005.834843475402,6165.238398712098,0.2605942142660185,12.764281684666933,False,33.14593728679695,280.55066346663057,8969240.0,0.6184358986937578,12005864.508819623
2025-04-14,6592.47607421875,6661.870559210526,6453.687104235198,6476.818599232456,6748100,6577.440600585937,206.38669905284274,6990.213998691623,6164.667202480252,0.5182127454213546,12.551185884336663,False,32.9431936758419,280.3383011090517,8966760.0,0.7525683747529766,12005864.508819623
2025-04-15,6754.396484375,6754.396484375,6592.476020708476,6661.870505136986,8352000,6579.753735351563,208.18003150324674,6996.113798358057,6163.393672345069,0.70972562517447,12.655794722817157,False,32.060600267025265,271.87988414887116,9063430.0,0.921505434476793,12005864.508819623
2025-04-16,6846.92236328125,6846.92236328125,6592.475924105258,6685.001901987437,4270600,6572.814282226563,195.8858279114473,6964.585938049458,6181.042626403668,0.8498314349451064,11.920971413486551,False,30.600543424302487,270.6346380793798,8802400.0,0.48516313732618377,12005864.508819623
2025-04-17,6754.396484375,6800.659473994007,6685.00199994649,6777.527979184503,5807700,6573.970874023437,196.9360993674843,6967.8430727584055,6180.098675288469,0.7290408042647469,11.982778940847615,False,29.244776356059905,262.8693327404784,8616845.0,0.6739937877494605,12005864.508819623
2025-04-21,6800.65966796875,6823.791163438032,6615.607704214498,6731.265181560906,1676700,6568.188012695313,187.8424450783931,6943.872902852099,6192.503122538526,0.8093971322301765,11.439529119161767,False,28.369369881991314,258.9631989178395,8297215.0,0.20207985450539728,12005864.508819623
2025-04-22,6661.87060546875,6800.659576416016,6615.607615152995,6777.528081258138,5953600,6563.56171875,184.117479749616,6931.796678249232,6195.326759250768,0.6334866288258474,11.22058343558505,False,27.55649293965854,253.6838313391192,8240055.0,0.7225194492027056,12005864.508819623
2025-04-23,6800.65966796875,6870.054154376595,6685.002190622343,6685.002190622343,9914800,6571.657739257813,191.02749110790555,6953.712721473624,6189.602757042002,0.7996976081594207,11.62735484331414,False,26.25165688221207,250.43381116545675,8306650.0,1.1935979004773285,12005864.508819623
2025-04-24,6708.1337890625,6777.5282765355605,6615.607805765087,6754.396780711207,6334700,6570.501196289062,190.07798118559896,6950.65715866026,6190.345233917864,0.6810212207576115,11.57159708260629,False,25.46890424956535,245.7636719539001,8311540.0,0.7621571934924214,12005864.508819623
2025-04-25,6916.31689453125,6916.31689453125,6731.264937486936,6731.264937486936,5156600,6589.006372070313,205.01770246594413,6999.041777002201,6178.970967138424,0.8991247079204138,12.446046695901204,False,23.714491752438448,243.07934577638937,7990130.0,0.645371226751004,12005864.508819623
2025-04-28,6870.05419921875,6939.448686079546,6800.659712357955,6916.317190459281,2930700,6599.415551757813,214.0000703842302,7027.415692526273,6171.4154109893525,0.816166540243438,12.970849840012233,False,22.113693227536825,235.63003348676094,7831250.0,0.3742314445331205,12005864.508819623
2025-04-29,6939.44873046875,6962.580226236979,6870.054243164062,6870.054243164062,4792000,6621.390478515625,225.50479394319532,7072.400066402015,6170.380890629234,0.8526069738823873,13.622805945360806,False,20.78971205223065,225.40831873900865,7690155.0,0.6231343841574064,12005864.508819623
2025-04-30,7402.07861328125,7402.07861328125,6870.054212951661,6939.448699951172,12400500,6668.81005859375,281.21662461416634,7231.243307822083,6106.376809365417,1.1518716271606948,16.86757440342912,False,21.76736542527425,247.30946742405013,7529470.0,1.6469286682860813,12005864.508819623
2025-05-02,7124.50048828125,7263.289458832183,7101.368993189428,7240.157963740361,6382300,6710.446752929687,284.0860435022537,7278.6188399341945,6142.27466592518,0.8643735276881687,16.933957094777675,False,22.67518641452902,251.12376404317672,7520040.0,0.848705591991532,12005864.508819623
2025-05-05,7031.974609375,7170.763581928453,7031.974609375,7147.632086502878,4796000,6747.4571533203125,274.7328291385053,7296.922811597323,6197.991495043302,0.7589037656574066,16.286599404536485,False,22.985739542382504,243.09985036533934,7376390.0,0.6501825418666854,12005864.508819623
2025-05-06,6962.57958984375,7193.894526383409,6962.57958984375,7101.368551767545,5787600,6775.214916992188,266.4908297382633,7308.196576468714,6242.2332575156615,0.6757702816974833,15.733276833471724,False,22.76301696662588,242.25807080636218,7260365.0,0.7971500055437984,12005864.508819623
2025-05-07,7170.763671875,7355.815637600806,6985.711706149194,6985.711706149194,12039700,6805.285888671875,275.80701669811754,7356.89992206811,6253.67185527564,0.8312803528156393,16.211340490910317,False,23.265930454582545,253.04221201712605,7408665.0,1.625083601431567,12005864.508819623
2025-05-08,7193.89501953125,7263.289505250201,7078.237543332998,7170.763524291599,8457100,6831.887109375,286.6886549819207,7405.264419338841,6258.509799411159,0.8156803590458428,16.78532741494012,False,23.732921550542304,248.18576558141723,6912540.0,1.2234431916488007,12005864.508819623
2025-05-09,7378.94677734375,7402.078271943574,7124.50033674569,7193.894820545161,7224600,6892.02900390625,267.3953869679675,7426.819777842185,6357.238229970315,0.9552413739806118,15.519109789956707,False,24.716775570521627,250.2852062683077,6577385.0,1.0984000480434093,12005864.508819623
2025-05-14,7286.4208984375,7517.735847594246,7286.4208984375,7402.078373015873,8262400,6929.039379882813,268.23661273726856,7465.5126053573495,6392.566154408276,0.8330842077333551,15.484779233095075,False,26.03054433496663,248.93018790319613,6641730.0,1.2440132314923973,12005864.508819623
2025-05-15,7494.6044921875,7540.867482880016,7309.552529417439,7309.552529417439,10055700,6984.554956054688,264.4301109240423,7513.4151779027725,6455.694734206603,0.9822158247697859,15.143705652702542,False,27.327453591403746,249.32421622743325,6867170.0,1.4643149943863338,12005864.508819623
2025-05-16,7818.4453125,7841.576807507397,7517.735877403846,7587.130362426035,12696200,7045.85341796875,307.3691108708235,7660.591639710397,6431.115196227103,1.128390969689813,17.449645494296135,False,29.36740436190452,256.2990804483235,7164575.0,1.7720799907880092,12005864.508819623
2025-05-19,7610.26171875,7864.708159194529,7610.26171875,7818.445170022796,12109700,7088.6466796875,323.7952534447138,7736.237186576927,6441.056172798073,0.9027352420343331,18.271202844545662,False,31.315426324380798,256.166749019481,7352460.0,1.6470269814456657,12005864.508819623
2025-05-20,7286.4208984375,7702.787806919642,7286.4208984375,7633.393322172619,12129200,7110.621606445313,321.43182998749427,7753.485266420302,6467.757946470324,0.6367313965133966,18.0817851252913,False,30.834325565258958,267.6096175525283,7745390.0,1.5659895757347273,12005864.508819623
2025-05-21,7378.94677734375,7425.209766543398,7286.420798944456,7286.420798944456,10053600,7141.84912109375,315.2817379636634,7772.412597021077,6511.285645166423,0.6880045905777499,17.658269314733392,False,30.387588543481986,258.40814255584354,7957685.0,1.263382503831202,12005864.508819623
2025-05-22,7309.55224609375,7540.867190590388,7309.55224609375,7378.946729442741,12044100,7167.29375,306.7155740543127,7780.724898108625,6553.862601891375,0.6159531078038438,17.117511002214055,False,30.393766541478197,256.47291412304315,8476055.0,1.4209558574124401,12005864.508819623
2025-05-23,7263.28955078125,7355.815532319865,7263.28955078125,7309.552541550558,5849700,7197.364697265625,283.1302308992879,7763.6251590642005,6631.10423546705,0.5582107157068958,15.73521658597362,False,30.095982925050677,244.7624189384412,8470860.0,0.6905674276283635,12005864.508819623
2025-05-26,7263.28955078125,7309.552541550558,7240.158055396597,7263.28955078125,5293300,7220.49619140625,267.47963138887707,7755.455454184003,6685.536928628496,0.5399968393413712,14.817797796623896,False,29.664082247260776,232.23613802526407,8239785.0,0.642407538546212,12005864.508819623
2025-05-27,7286.4208984375,7309.552393353174,7240.15790860615,7286.4208984375,5098100,7249.410546875,238.908895603246,7727.228338081492,6771.592755668508,0.5387285197868504,13.182252215318796,False,29.263030574260128,220.60459136253263,8177955.0,0.6233954576663726,12005864.508819623
2025-05-28,7286.4208984375,7355.815383184524,7193.894918774801,7309.552393353174,13336000,7267.915747070312,225.72005061866938,7719.355848307651,6816.475645832973,0.5204956884827773,12.422821533651215,False,29.099160168057754,216.41286800876048,8586925.0,1.553058865659127,12005864.508819623
2025-06-02,7101.369140625,7355.8155919177525,7078.237645052931,7332.684096345683,9732500,7279.481494140625,209.612413569767,7698.706321280159,6860.256667001091,0.28756941146481485,11.517985930096113,True,28.096445312658034,220.78180221276486,8927015.0,1.0902300489021246,12005864.508819623
2025-06-03,7240.158203125,7286.421194838259,7078.237732128595,7101.369227985224,8012300,7294.5169677734375,194.15303866402633,7682.82304510149,6906.210890445385,0.43000526154202623,10.646519270393249,True,27.165352946929723,219.88192081968626,9088030.0,0.8816322129218324,12005864.508819623
2025-06-04,7610.26171875,7610.26171875,7286.420794547872,7355.815278305471,19738900,7304.926123046875,205.4738907657376,7715.8739045783495,6893.9783415154,0.8715016961099465,11.251250857553345,True,27.717134137166227,230.61203473435154,9454950.0,2.087678940660712,12005864.508819623
2025-06-05,7540.8671875,7656.524659700921,7494.604198619632,7587.1301763803685,10392100,7325.744458007813,207.31587782206992,7740.376213651953,6911.112702363673,0.7594141989414067,11.319853102189597,False,28.39074413504235,225.70549375913276,9655440.0,1.0762948141151516,12005864.508819623
2025-06-10,7587.13037109375,7633.393361161395,7517.735885992282,7540.867381026105,7197900,7353.50224609375,203.03351633491963,7759.569278763589,6947.435213423911,0.7876718696712769,11.044180557245245,True,29.01623913307018,217.84492100270273,9775535.0,0.7363177565217658,12005864.508819623
2025-06-11,7864.70849609375,7864.70849609375,7540.867558019302,7656.525035903033,20164400,7398.60869140625,211.64133576034442,7821.891362926939,6975.3260198855605,1.0505774699127013,11.4422235091943,False,30.34856264678485,225.416065079256,10494375.0,1.9214483949734977,12005864.508819623
2025-06-12,7610.26171875,7772.182180851064,7610.26171875,7772.182180851064,10971300,7420.58359375,209.54521801225488,7839.674029774509,7001.49315772549,0.7262973676985884,11.295349772152399,False,31.585720195234185,227.4896873838627,10440955.0,1.050794683053418,12005864.508819623
2025-06-13,7702.78759765625,7818.44506909253,7610.261620507225,7656.524609081737,11957200,7446.02822265625,211.45829211505693,7868.944806886364,7023.111638426137,0.8035579409440871,11.359521387342927,False,32.874219242524205,226.11067032682283,10615960.0,1.126341847557828,12005864.508819623
2025-06-16,7610.26171875,7725.919191679331,7610.26171875,7656.524707921732,7501300,7457.593969726562,213.90787092235848,7885.409711571279,7029.778227881845,0.6784269886436894,11.473291347890408,False,34.070682643579225,218.22115622700198,10629795.0,0.7056862338361182,12005864.508819623
2025-06-17,7587.13037109375,7725.919341296684,7587.13037109375,7679.6563512290395,7753400,7472.629443359375,211.80093896784575,7896.231321295067,7049.027565423683,0.6351515818253264,11.337424962564677,False,34.95496173025495,212.5474286538543,10604345.0,0.731153126383572,12005864.508819623
2025-06-18,7517.73583984375,7702.787798978366,7494.604344951923,7610.261819411057,8305600,7473.7860107421875,211.99032357213466,7897.766657886456,7049.805363597919,0.5518299943612845,11.345806436921663,False,34.90018105307299,212.23571618046776,10516840.0,0.7897429265825096,12005864.508819623
2025-06-19,7448.34130859375,7656.52476131842,7425.209813846564,7540.867287582492,4749400,7455.280810546875,195.8606645404111,7847.002139627697,7063.559481466053,0.4911422975493721,10.508560013639189,False,34.242156078537384,213.5985184155669,10119500.0,0.4693314887099165,12005864.508819623
2025-06-20,7448.34130859375,7517.735792835307,7425.209813846564,7448.34130859375,13421400,7447.184790039062,192.43382487831357,7832.05243979569,7062.317140282435,0.5015024886547612,10.335923187280246,False,33.63113288789718,204.95047988507943,10185085.0,1.3177504164177325,12005864.508819623
2025-06-23,7332.68408203125,7402.078568611987,7217.026604396688,7402.078568611987,4733500,7449.49794921875,190.66961386432587,7830.837176947402,7068.158721490098,0.34683733183801757,10.237984635424839,False,31.44243185263945,206.8336387645068,9815300.0,0.4822572921866881,12005864.508819623
2025-06-24,7332.68408203125,7425.2100641389,7309.552586504337,7355.815577558163,12219000,7447.184814453125,191.84754517965504,7830.879904812435,7063.489724093815,0.35079202822917116,10.304433149413814,False,29.556639418459692,200.3210558266536,9923570.0,1.2313109092796242,12005864.508819623
2025-06-25,7448.34130859375,7494.604298088121,7378.946824352193,7425.209813846564,7393900,7454.124267578125,189.0975276981853,7832.319322974496,7075.929212181754,0.4923545285668607,10.14726993595581,False,28.23942069726469,197.57813870024057,9691060.0,0.762960914492326,12005864.508819623
2025-06-26,7448.34130859375,7494.604298088121,7332.683834857823,7448.34130859375,7694800,7463.37685546875,183.71931830862752,7830.815492086005,7095.938218851496,0.4795400573366183,9.846444678671586,False,26.667792426062945,195.031161880959,9783315.0,0.7865227686116618,12005864.508819623
2025-06-30,7517.73583984375,7540.867334735577,7355.8153756009615,7494.604344951923,9281800,7476.099169921875,177.8505869750812,7831.800343872037,7120.397995971713,0.5585275969987507,9.515689020852818,False,25.51081961579251,194.3183616847916,9982740.0,0.9297848085796084,12005864.508819623
2025-07-01,7587.13037109375,7587.13037109375,7448.341400890816,7448.341400890816,8235500,7491.1346435546875,173.63218323943258,7838.399010033552,7143.870277075823,0.6382170714957375,9.2713422733003,False,24.733022492961744,190.35197657894466,10139610.0,0.8122107260535661,12005864.508819623
2025-07-02,7639.81884765625,7711.6666738097565,7544.02174611824,7639.81884765625,11433200,7508.804541015625,169.63883239293912,7848.082205801503,7169.526876229746,0.6930782958013312,9.036795749113699,False,24.733429027070077,188.73004451555693,10044470.0,1.1382581659360822,12005864.508819623
2025-07-03,7759.5654296875,7783.514705705054,7544.021945529515,7591.920497564623,8038300,7541.71435546875,149.02942763205303,7839.773210732856,7243.655500204644,0.8654497599571657,7.9042732518229935,False,25.10244612797716,192.35595277698428,9959760.0,0.8070776805866808,12005864.508819623
2025-07-04,7759.5654296875,7903.261085792825,7711.666877652392,7783.514705705054,7561600,7567.684716796875,138.60573009307186,7844.896176983019,7290.473256610731,0.8460908736633383,7.326189463756558,True,25.99385115340252,192.30154244580203,9937225.0,0.7609367806404705,12005864.508819623
2025-07-07,7759.5654296875,7759.5654296875,7663.768325617284,7759.5654296875,5535000,7575.14990234375,144.89746771554087,7864.944837774832,7285.354966912668,0.818182798932328,7.651200020250943,False,26.378562849273315,185.40836827611733,9227030.0,0.5998679965275934,12005864.508819623
2025-07-08,7687.7177734375,7759.565603095794,7639.81922033197,7711.667049990265,4585500,7582.492431640625,146.7773489611425,7876.04712956291,7288.93773371834,0.6792261247079956,7.742960525679521,False,26.513399164903237,180.71822645381067,8936700.0,0.513108865688677,12005864.508819623
2025-07-09,7831.4130859375,7855.362361429663,7663.7681574923545,7687.717432984518,7330800,7594.706567382813,156.99220440045983,7908.690976183732,7280.722158581893,0.8769399242762559,8.268506650392435,False,27.113230628817202,181.49508198834624,8943345.0,0.819693302673664,12005864.508819623
2025-07-10,7807.4638671875,7855.362418519939,7711.6667645226225,7831.413142853719,4624300,7591.8443359375,152.26107640003084,7896.366488737562,7287.322183137438,0.8540293033977863,8.022349756528754,False,27.670217264561867,178.7951228461298,8166340.0,0.5662634668652052,12005864.508819623
2025-07-11,7903.26123046875,7903.26123046875,7759.565571732955,7807.464124644886,8348300,7606.494311523437,167.46313323422888,7941.420577991895,7271.56804505498,0.9430332115699582,8.806323984521013,False,28.42442310533578,176.2880182668202,8035190.0,1.0389673424026065,12005864.508819623
2025-07-14,7999.05810546875,7999.05810546875,7783.5146235848615,7903.261002409244,10098800,7621.307836914062,188.24385689737423,7997.795550708811,7244.820123119313,1.0016767542653828,9.87987158768782,False,29.561273191654468,179.09197995375362,7942270.0,1.2715256469498015,12005864.508819623
2025-07-15,7975.10888671875,7999.058162654843,7879.311782974381,7999.058162654843,17749200,7639.5501953125,204.12544348100786,8047.801082274516,7231.299308350484,0.9109711725347339,10.687825239043836,False,30.61691995323931,174.8530085056614,8454665.0,2.099338057746818,12005864.508819623
2025-07-16,7927.21044921875,8094.855383190144,7927.21044921875,7975.109001782005,12711100,7656.55419921875,213.4792727001914,8083.512744619133,7229.595653818367,0.8169584646047904,11.152759695580766,False,32.006380917541584,174.338146038928,8702550.0,1.460617864878685,12005864.508819623
2025-07-17,7879.31201171875,8094.855501401025,7831.4134584560215,7999.058394875569,7185300,7674.6330078125,216.3948921114114,8107.422792035323,7241.843223589677,0.7364646895187228,11.278448983352263,False,32.2269613307795,180.7027101036477,8646535.0,0.8310034019407775,12005864.508819623
2025-07-18,7879.31201171875,7927.210564981478,7855.362735087386,7879.31201171875,3995500,7696.18154296875,214.12084775995794,8124.423238488666,7267.939847448834,0.7138167192333598,11.128679673913322,False,32.431786000214714,172.92736151725086,8608840.0,0.4641159552274174,12005864.508819623
2025-07-21,7951.15966796875,8023.007496293769,7879.311839643731,7927.210391860411,4406300,7721.3224609375,213.0054062559086,8147.333273449318,7295.3116484256825,0.7697551332982587,11.034659274159953,False,33.102858350020696,170.8393825981642,8158085.0,0.5401144999102118,12005864.508819623
2025-07-22,7879.31201171875,7951.159841612842,7855.362735087386,7951.159841612842,3519800,7748.653857421875,194.8056471017781,8138.265151625431,7359.042563218319,0.6676775753690184,10.056231737087485,False,33.45078176183468,165.4792200215422,8097400.0,0.4346827376688814,12005864.508819623
2025-07-23,7999.05810546875,7999.05810546875,7855.362450879491,7951.159553938996,4557000,7781.97255859375,175.9940607786592,8133.960680151069,7429.984437036432,0.8083705579531167,9.046244224251673,False,34.01876438817222,163.9232510620934,7714300.0,0.5907211282942069,12005864.508819623
2025-07-24,7999.05810546875,8094.855208528255,7999.05810546875,7999.05810546875,4995300,7809.5083984375,163.70000696481432,8136.908412367128,7482.108384507871,0.7894772433821463,8.38465104910147,False,34.99149890880898,159.05709763333715,7594370.0,0.6577635801258037,12005864.508819623
2025-07-25,8046.95654296875,8046.95654296875,7951.159441266741,7999.057992117745,3388300,7839.43916015625,148.17825288609947,8135.795665928449,7543.082654384051,0.8501144377981239,7.560655799930774,False,35.323336458719595,154.53852649538513,7379045.0,0.4591786606532417,12005864.508819623
2025-07-28,8023.00732421875,8118.804426597481,7999.058048624068,8118.804426597481,3305800,7864.702734375,132.70830276849995,8130.119339911999,7599.286128838,0.7982190762395278,6.749564846918325,True,35.97849566796085,152.05337302953004,7080245.0,0.4669047469402542,12005864.508819623
2025-07-29,7951.15966796875,8046.956772402109,7927.210391860411,7999.0582201854295,3728500,7882.90419921875,116.62375331537638,8116.151705849503,7649.656692587998,0.6463155378077694,5.917806451431159,True,35.7636144300893,149.74573070897065,6854895.0,0.5439178864154739,12005864.508819623
2025-07-30,8023.00732421875,8046.956599813433,7927.210221840019,7975.108773029385,6796700,7902.063623046875,105.53563228944704,8113.13488762577,7690.992358467981,0.7864996839175807,5.3421808440846155,True,35.56407992142748,147.60291979928806,6623070.0,1.0262159391339665,12005864.508819623
2025-07-31,8166.703125,8454.094437316717,8046.9567448680355,8070.906020894428,16887300,7922.4205078125,115.40726505180757,8153.235037916114,7691.605977708885,1.0291751283548736,5.8268689443081865,True,37.02543263006089,167.85179074919367,7065520.0,2.390100091712995,12005864.508819623
2025-08-01,8118.8046875,8334.348174778761,8094.855411135693,8310.398898414454,7232800,7940.382470703125,116.67548947734242,8173.7334496578105,7707.03149174844,0.8823044102838814,5.877575288486621,True,38.38240300236335,172.9690030987561,7049080.0,1.0260629755939783,12005864.508819623
2025-08-04,8023.00732421875,8166.702977786847,8023.00732421875,8118.804426597481,3449300,7953.5545654296875,109.85929028052949,8173.273145990746,7733.835984868629,0.6580493525211034,5.525041131070398,True,38.90958970655732,170.87804956085193,6944795.0,0.49667412789002413,12005864.508819623
2025-08-05,7975.10888671875,8070.905990463119,7855.362507038289,8046.9567145270275,4715600,7967.92412109375,90.31463008714292,8148.553381268036,7787.294860919464,0.5198881554906102,4.533910148468918,True,37.92265977358087,174.06843769399327,6951300.0,0.6783767065153281,12005864.508819623
2025-08-06,7855.3623046875,8023.007231921685,7783.514478729992,7999.057956602515,5560300,7969.12158203125,88.55094795387812,8146.223477939006,7792.019686123494,0.17883100076183955,4.44470307259674,True,36.457338803786655,178.7416030866861,6862775.0,0.810211612649402,12005864.508819623
2025-08-07,7855.3623046875,7975.108681283346,7663.768102134147,7855.3623046875,8381800,7971.51650390625,84.50393347574814,8140.524370857746,7802.508636954754,0.15636451925611913,4.240293973390828,True,34.263852034962056,188.21295851972278,7050650.0,1.1887981959110152,12005864.508819623
2025-08-08,7807.4638671875,7927.210245518597,7783.514591521281,7879.311694186158,3960800,7966.726635742188,91.03874513702651,8148.804126016241,7784.6491454681345,0.06265113190275744,4.570948611621105,True,32.22704289248207,185.03315105383658,6831275.0,0.5798039165455936,12005864.508819623
2025-08-11,7735.6162109375,7855.362591911765,7639.819106158088,7807.4640395220595,5238000,7953.554541015625,104.21880629748473,8161.992153610594,7745.116928420655,-0.022790314485171315,5.241370044552507,True,30.431696396522096,187.2124606752537,6588235.0,0.795053606922036,12005864.508819623
2025-08-12,7711.6669921875,7807.464097680512,7663.768439440994,7735.616268560753,3719100,7940.3824462890625,117.1918236336569,8174.766093556376,7705.998799021749,0.012091699296936733,5.903585849995248,False,28.764588935987835,184.10411764412973,5886730.0,0.6317768948125699,12005864.508819623
2025-08-13,7687.7177734375,7783.514879648559,7639.81922033197,7687.7177734375,5999800,7928.4078125,130.1300251201783,8188.667862740356,7668.147762259643,0.037597032582956075,6.5652538667354685,False,27.368748836288002,181.21779919216252,5551165.0,1.0808181706002253,12005864.508819623
2025-08-14,7807.4638671875,7831.413142853719,7663.768213190184,7663.768213190184,8223400,7924.815405273437,132.5263782635781,8189.868161800593,7659.762648746281,0.27862607500572456,6.689184365121766,False,25.70539944149699,180.2483085115463,5603070.0,1.4676596937036304,12005864.508819623
2025-08-15,7711.6669921875,7831.413374053765,7711.6669921875,7807.464097680512,10269600,7916.433154296875,140.61107658789658,8197.655307472667,7635.211001121082,0.13593522096857272,7.104769223577698,False,24.160858898767923,175.92674232259768,5916775.0,1.73567526228393,12005864.508819623
2025-08-19,7591.92041015625,7711.666788865339,7496.123307188979,7711.666788865339,9976000,7898.47119140625,157.83201770855757,8214.135226823366,7582.807155989135,0.014435053006708234,7.993041381490798,False,24.077760861783066,178.75652394230647,6195260.0,1.6102633303525598,12005864.508819623
2025-08-20,7639.81884765625,7663.768123040752,7567.971021502743,7591.920296887245,5064200,7886.496533203125,168.1124439560388,8222.721421115202,7550.271645291047,0.1331656364305478,8.526596987560426,False,24.000598398868558,172.83085091342807,6272480.0,0.8073680585669464,12005864.508819623
2025-08-21,7591.92041015625,7639.818961639886,7591.92041015625,7615.869685898068,3961700,7866.1396484375,178.11749700035782,8222.374642438215,7509.904654436785,0.11511468146122186,9.05742867332584,False,23.928947540447943,163.90711523987147,6242715.0,0.6346117034014848,12005864.508819623
2025-08-22,7520.07275390625,7663.768411624204,7520.07275390625,7639.819135337879,4607300,7842.190380859375,191.03797403384223,8224.26632892706,7460.114432791691,0.07846387795122019,9.744113047809368,False,24.27972639554251,162.4634397025917,6223315.0,0.7403289083069071,12005864.508819623
2025-08-25,7376.376953125,7567.971159699675,7376.376953125,7520.072608056006,9881300,7808.661401367188,211.01057119104445,8230.682543749277,7386.640258985099,-0.01215970579360979,10.809052171431052,False,25.319408122928355,164.54420876488336,6547965.0,1.509064266531663,12005864.508819623
2025-08-26,7472.17431640625,7472.17431640625,7304.529379820213,7376.377209785657,15558500,7781.1197509765625,217.41208695285064,8215.943924882264,7346.295577070861,0.1447467124524309,11.176390746360868,False,26.59202982382726,164.7656893235372,7160600.0,2.1727927827277043,12005864.508819623
2025-08-27,7280.580078125,7400.326460988897,7256.63080155222,7400.326460988897,12730200,7747.590771484375,240.3106363507317,8228.212044185839,7266.969498782912,0.014159360098218702,12.406986555625226,False,27.968944187500387,168.39267686142955,7610685.0,1.6726746672605686,12005864.508819623
2025-08-28,7280.580078125,7328.478631270559,7232.681524979441,7280.580078125,12993000,7710.469409179687,252.5574073695539,8215.584223918795,7205.35459444058,0.07446374714160228,13.102050937073795,False,29.345037247161994,163.20727896355018,7920500.0,1.6404267407360646,12005864.508819623
2025-08-29,7136.88427734375,7280.579933934564,7136.88427734375,7232.681381737626,10405300,7658.978466796875,259.5283164136969,8178.035099624269,7139.921833969482,-0.002926035844283078,13.55420008236353,False,30.992231505465888,161.81360195052875,7596400.0,1.369767258174925,12005864.508819623
2025-09-01,7088.98583984375,7136.8843928156675,6777.645245526288,6801.594522012247,10597600,7607.487524414062,265.58466704071714,8138.656858495497,7076.318190332628,0.011924304264504344,13.964382652664181,False,33.48578066892095,175.91542661758953,7764640.0,1.3648540048218591,12005864.508819623
2025-09-02,7184.78271484375,7280.5798177083325,7112.934887695312,7112.934887695312,5774100,7565.5762939453125,262.6845936611457,8090.945481267604,7040.207106623021,0.13759429721945043,13.888411587171262,False,34.511272534450995,177.0353231352319,7880880.0,0.7326719858695984,12005864.508819623
2025-09-03,7376.376953125,7424.275504768669,7208.732022372159,7208.732022372159,9930600,7535.639697265625,247.21779964865942,8030.075296562944,7041.204097968306,0.3389449056995839,13.122591290470778,False,34.355454347604145,181.49657076306667,8141630.0,1.2197311840503684,12005864.508819623
2025-09-04,7208.73193359375,7376.376862281977,7208.73193359375,7376.376862281977,4236900,7503.308178710938,245.4808136152222,7994.269805941382,7012.346551480493,0.2000007446825155,13.086537712083993,False,34.2107663686963,180.50717424650833,8075460.0,0.5246636104940152,12005864.508819623
2025-09-08,7112.93505859375,7256.630716343118,7088.985782302188,7208.732163759995,8650500,7466.18681640625,245.57611337171966,7957.339043149689,6975.0345896628105,0.14038465207139728,13.15670874091117,False,34.52145358071391,179.58844280325275,8088895.0,1.0694291371071079,12005864.508819623
2025-09-09,7041.0869140625,7112.934739716199,7041.0869140625,7088.9854644983,8540500,7427.86796875,249.28509799710542,7926.438164744211,6929.297772755789,0.11210973119220406,13.424314974142243,False,34.97736855781958,171.8927072123954,8317880.0,1.0267640312194934,12005864.508819623
2025-09-10,7112.93505859375,7160.833611176873,6993.188677135942,7065.036506010627,9453600,7396.733911132813,247.70582170674817,7892.1455545463095,6901.322267719316,0.2135726861568841,13.395416121914385,False,35.00354376806703,171.5892948430051,8528660.0,1.108450800008442,12005864.508819623
2025-09-11,7160.83349609375,7208.732047907086,7136.884220187082,7160.83349609375,5294000,7369.192236328125,241.38859163869682,7851.969419605518,6886.415053050731,0.2842081736134408,13.102580792978433,False,34.63375409019763,166.175558733743,8607405.0,0.6150518071358324,12005864.508819623
2025-09-12,7232.68115234375,7256.630427682637,7136.884050988204,7184.7826016659765,4229700,7346.440405273437,231.00745410915962,7808.455313491756,6884.425497055118,0.3768878980892844,12.577925709073318,False,33.90039028345421,162.859188588078,8518900.0,0.49650776508704175,12005864.508819623
2025-09-15,7328.478515625,7328.478515625,7232.681410845588,7280.579963235295,3733700,7322.491137695312,203.93924300606662,7730.3696237074455,6914.612651683179,0.5073396589119309,11.140429625443268,False,32.65430905148293,158.0690582090189,8294415.0,0.4501462731247472,12005864.508819623
2025-09-16,7328.478515625,7376.377068014706,7304.529239430148,7376.377068014706,3203500,7303.331713867187,182.30532724065165,7667.942368348491,6938.721059385884,0.5344844582141828,9.98477595612972,False,31.133923425671405,151.9103989501289,7941110.0,0.4034070803703764,12005864.508819623
2025-09-17,7448.224609375,7472.173884646302,7328.478233018489,7328.478233018489,5049900,7296.146923828125,172.92339433384197,7641.993712495809,6950.300135160442,0.7198627983979965,9.48025834124035,False,29.038146410703476,151.32363128424922,7694805.0,0.6562739406651631,12005864.508819623
2025-09-18,7328.478515625,7448.224896599265,7280.579963235295,7448.224896599265,4903700,7280.579907226563,153.25173757643665,7587.083382379436,6974.076432073689,0.5781371375553688,8.419754444248166,True,27.402470861871546,152.48943857565786,7686780.0,0.6379394232695615,12005864.508819623
2025-09-19,7496.12353515625,7544.022088096545,7328.478599865215,7376.37715280551,9938400,7275.790063476563,144.2408623480616,7564.271788172686,6987.30833878044,0.8818846270275511,7.929907877476025,True,25.66636222481784,156.99330528250698,7985615.0,1.244537834593829,12005864.508819623
2025-09-22,7520.07275390625,7520.07275390625,7424.275648760948,7496.123477619924,6114900,7275.790063476563,144.2408623480616,7564.271788172686,6987.30833878044,0.9233937014329182,7.929907877476025,True,24.05426134755368,152.6221481298495,8060995.0,0.7585788106803193,12005864.508819623
2025-09-23,7448.224609375,7544.021710460209,7424.275334103698,7520.072435188907,4161400,7279.3824462890625,147.7303637342386,7574.843173757539,6983.921718820586,0.7857269129007197,8.117741570759177,True,22.727638130110908,150.2738787174682,7775000.0,0.5352282958199357,12005864.508819623
2025-09-24,7544.02197265625,7615.869800967263,7424.275592137898,7472.174144345238,9415800,7282.974829101562,153.42891658750463,7589.832662276572,6976.116995926553,0.9253551894922712,8.426716839631423,True,21.992999098854714,153.22533086831797,7467865.0,1.2608422889272906,12005864.508819623
2025-09-25,7424.275390625,7591.920318800403,7400.3261151713705,7567.971043346774,8761000,7290.159594726562,156.64171541786345,7603.443025562289,6976.876163890835,0.7140486580165846,8.59469334696993,False,21.103962816172366,155.96596463694044,7269405.0,1.20518804496379,12005864.508819623
2025-09-26,7328.478515625,7496.123448988971,7328.478515625,7472.174172794118,8003900,7292.554516601563,156.85356441375856,7606.26164542908,6978.847387774045,0.5572572245292983,8.603490810068282,False,19.677318595324603,156.80017668887123,7019950.0,1.1401648159887179,12005864.508819623
2025-09-29,7256.63037109375,7400.326022006498,7208.731820789501,7376.376746854373,6642100,7298.541821289063,152.8325773360101,7604.206975961083,6992.876666617042,0.43144221780810477,8.376060921660489,False,19.066354929449027,159.28546415516587,6831790.0,0.9722342168011605,12005864.508819623
2025-09-30,6921.3408203125,7304.529239430148,6921.3408203125,7256.630687040441,15147300,7290.1595703125,168.704004313646,7627.567578939792,6952.751561685209,-0.04654711887323013,9.25653287484428,False,20.0130925850859,175.2785323667717,7059275.0,2.145730262668617,12005864.508819623
2025-10-01,6801.59423828125,7041.086993150308,6777.644962794345,6969.239166689591,11257700,7271.000146484375,200.13283903231138,7671.265824548998,6870.734468419752,-0.08636792251687848,11.009920781205231,False,21.442377466355403,181.57592508028543,7333455.0,1.5351154401301979,12005864.508819623
2025-10-02,6729.74658203125,6849.49296249444,6705.797305938612,6825.543686401801,9613900,7238.668627929687,231.9204173551929,7702.509462640073,6774.827793219301,-0.0485955610357153,12.81563940973073,False,23.01694167079737,178.87019161425275,7317620.0,1.3138014819025858,12005864.508819623
2025-10-03,6849.49267578125,6873.4419508713945,6729.746300330529,6729.746300330529,6066500,7220.7066650390625,247.73325994569768,7716.173184930458,6725.240145147667,0.1253894316217558,13.723491144996263,False,24.270911884010022,176.35772439472507,7409100.0,0.8187904063921394,12005864.508819623
2025-10-06,6801.59423828125,6897.391340228874,6729.746411820533,6897.391340228874,5279100,7205.139624023437,264.10299479863113,7733.3456136207,6676.933634426175,0.11800377722914923,14.661922382076083,False,25.22042527375855,175.73538182426907,7240530.0,0.7291040849219601,12005864.508819623
2025-10-07,6921.3408203125,6945.290096507353,6801.594439338235,6825.543715533088,7673100,7199.152319335937,269.32361265764354,7737.799544651224,6660.50509402065,0.24212110824405952,14.96418471015134,False,25.669144851617553,173.44684442440007,7197160.0,1.0661288619399873,12005864.508819623
2025-10-08,6945.2900390625,6993.188591056034,6921.340763065733,6993.188591056034,7314000,7190.770068359375,274.7033191062091,7740.176706571793,6641.3634301469565,0.276595319183271,15.280884605945113,False,25.66027746498288,166.18977182196443,7090180.0,1.0315676047716702,12005864.508819623
2025-10-09,6849.49267578125,6969.239051231972,6753.695575420673,6969.239051231972,11257300,7175.20302734375,285.11343652341685,7745.429900390584,6604.976154296916,0.21440283950301564,15.894375974415631,False,26.42772256872634,169.71503639263116,7388345.0,1.5236565157690931,12005864.508819623
2025-10-10,6897.3916015625,6969.239430745443,6801.594495985243,6849.493048773872,10190700,7158.438549804688,291.34517973446094,7741.12890927361,6575.748190335766,0.2759985693944618,16.279817320910585,False,27.14034670058326,169.56717199031468,7686395.0,1.3258100839210059,12005864.508819623
2025-10-13,6897.3916015625,6945.290154351129,6729.746666802301,6801.594495985243,5518800,7136.884204101562,294.03708897564866,7724.95838205286,6548.810026150265,0.2963755156080867,16.47985762788001,False,28.109120724186,172.8511945302085,7775650.0,0.7097541684618006,12005864.508819623
2025-10-14,6753.69580078125,6945.290007895612,6753.69580078125,6945.290007895612,4104000,7108.145068359375,302.29861482168474,7712.742298002744,6503.547838716006,0.20687157482742516,17.011392531495304,False,29.00869660324568,174.1899811433623,7820675.0,0.5247628881138776,12005864.508819623
2025-10-15,6610.0,6801.59420289855,6586.050724637681,6753.695652173913,8979000,7066.233837890625,310.65872187510155,7687.551281640828,6444.916394140422,0.1328496467628138,17.585533057753306,False,30.49896616309175,177.14380236604137,8017130.0,1.1199768495708564,12005864.508819623
2025-10-16,6777.64501953125,6921.340673655587,6562.101538344744,6610.000089719523,13547200,7038.692163085938,310.602838815566,7659.89784071707,6417.486485454806,0.2898867050361249,17.651167666886,False,30.74478244014646,190.15061186209866,8449305.0,1.6033508081433916,12005864.508819623
2025-10-17,6825.54345703125,6897.391282894737,6777.644906455592,6849.492732319079,6505800,7005.163159179688,294.3962041021412,7593.95556738397,6416.370750975405,0.3474677155771697,16.810241098602223,False,30.97304041169726,185.12173790331624,8277675.0,0.7859453288513985,12005864.508819623
2025-10-20,6945.2900390625,6993.188591056034,6825.543659078664,6825.543659078664,10833500,6976.4240234375,268.3916537364346,7513.207330910369,6439.640715964631,0.47099948532157565,15.38849432515941,False,30.326094606940487,183.87340905484965,8513605.0,1.2724926749596674,12005864.508819623
2025-10-21,6969.2392578125,7017.137809412586,6873.442154612328,7017.137809412586,4968000,6952.474755859375,244.37158889558873,7441.217933650552,6463.731578068198,0.5171506250265119,14.059545556185624,False,29.519845227351123,181.00356946523596,8553935.0,0.5807853344688731,12005864.508819623
2025-10-22,6873.4423828125,7065.036595573824,6873.4423828125,6921.340936002831,8148100,6918.945776367187,201.11088231191843,7321.167540991024,6516.72401174335,0.443434943659448,11.62667775191106,False,28.35988930281859,181.76004398638514,8490550.0,0.9596669238153005,12005864.508819623
2025-10-23,7065.03662109375,7112.935174457098,6801.594577595339,6801.594577595339,6107200,6900.983837890625,166.70144189878525,7234.386721688195,6567.580954093055,0.7460278407530685,9.662473978477802,True,27.731721163054097,191.01579776319755,8357860.0,0.7307133644258219,12005864.508819623
2025-10-24,6993.1884765625,7112.93485458583,6993.1884765625,7088.9855789811645,7664600,6884.2193359375,135.36054569346484,7154.940427324429,6613.49824455057,0.7012572054632709,7.8649757707077,True,27.148422176129927,185.9251249246356,8340895.0,0.9189181736492307,12005864.508819623
2025-10-27,7136.88427734375,7136.88427734375,6993.188620752937,6993.188620752937,12897100,6878.23203125,119.77164817827641,7117.775327606552,6638.688734893447,1.0398862126969202,6.9652577949749634,True,26.374020434005523,182.9087446286795,8653645.0,1.4903661982898535,12005864.508819623
2025-10-28,7184.78271484375,7256.630541992187,7112.934887695312,7184.78271484375,8341000,6891.404125976563,137.87953910400455,7167.163204184571,6615.645047768554,1.0319472903189209,8.002986711185848,True,24.59176696185335,180.10780960497922,8313330.0,1.0033283894660743,12005864.508819623
2025-10-29,7112.93505859375,7136.884334885312,7017.137953427504,7136.884334885312,5612700,6906.971166992187,144.61711000647458,7196.205387005136,6617.736946979238,0.856050351843468,8.375139059365814,True,23.636056133186745,179.21759187721258,8031080.0,0.6988723808005897,12005864.508819623
2025-10-30,7088.98583984375,7184.782945787584,7065.036563357791,7088.98583984375,10517900,6924.933129882813,143.75348179341546,7212.440093469644,6637.426166295982,0.7853021504492896,8.303530393561983,True,22.34540038692239,174.96964834525403,8076280.0,1.302319879944727,12005864.508819623
2025-10-31,7088.98583984375,7136.8843928156675,6969.239457413957,7088.98583984375,11495400,6936.907788085938,147.07505920728613,7231.0579065005095,6642.757669671366,0.7585041484557135,8.480727361542023,True,21.81168648809785,174.44645456357236,8347725.0,1.377069800454615,12005864.508819623
2025-11-03,6897.3916015625,7112.935089111328,6897.3916015625,7088.985812717014,7609300,6941.69765625,143.96331829428559,7229.624292838572,6653.771019661429,0.42306016697091686,8.295568342113976,True,21.76441091079413,177.38195691966206,8464235.0,0.8989944159159097,12005864.508819623
2025-11-04,6777.64501953125,6945.289949342977,6753.69574384386,6897.391397968198,18602600,6934.512866210937,148.54553545322398,7231.603937117386,6637.421795304489,0.2359936698853467,8.568477026095152,True,22.492350910974487,178.39711753248022,9010710.0,2.064498801981198,12005864.508819623
2025-11-05,6825.54345703125,6849.492732319079,6729.7463558799345,6777.644906455592,10041400,6928.525537109375,150.48884701558208,7229.503231140539,6627.547843078211,0.3289207437620571,8.688073455719232,True,23.284975667388537,174.20777888295623,9147080.0,1.0977710919768933,12005864.508819623
2025-11-06,6729.74658203125,6825.543686401801,6729.74658203125,6825.543686401801,8261500,6922.538232421875,156.07705450384518,7234.692341429566,6610.384123414185,0.19119155438399912,9.018487107682827,False,24.02098436977301,168.60701641778445,8997290.0,0.9182209309692141,12005864.508819623
2025-11-07,6825.54345703125,6849.492732319079,6753.695631167763,6777.644906455592,4622900,6918.945825195313,157.50662768431127,7233.9590805639355,6603.93256982669,0.35174851125746254,9.10581650232043,False,24.445949014684107,165.11695455135904,8718900.0,0.5302159676105931,12005864.508819623
2025-11-10,6801.59423828125,6873.442064741967,6801.59423828125,6849.492789255062,5129400,6914.15595703125,159.63879807725402,7233.433553185758,6594.878360876743,0.32372437010029304,9.23547568607627,False,24.577417548858183,158.45487397345607,8699430.0,0.5896248374893528,12005864.508819623
2025-11-11,6753.69580078125,6849.492904338431,6729.746524891955,6849.492904338431,4661800,6914.15595703125,159.63879807725402,7233.433553185758,6594.878360876743,0.2487137240717183,9.23547568607627,False,25.14121053905954,155.6899815072432,8727320.0,0.5341616899575127,12005864.508819623
2025-11-12,6873.4423828125,6873.4423828125,6753.695999836673,6753.695999836673,5851900,6927.328076171875,143.24859247116456,7213.825261114204,6640.830891229546,0.4059577263032756,8.271506179353667,False,25.388104490341988,153.12259583038653,8570965.0,0.6827585925272125,12005864.508819623
2025-11-13,6849.49267578125,6945.289776141827,6801.594125600962,6849.49267578125,8371600,6930.920458984375,140.16498802213928,7211.250435028654,6650.590482940096,0.3547644023801024,8.08925676476042,False,24.824654077821407,152.4492425954207,8312185.0,1.0071479400422392,12005864.508819623
2025-11-14,6801.59423828125,6873.442064741967,6801.59423828125,6849.492789255062,5161800,6929.722998046875,141.21102798079616,7212.145054008467,6647.300942085282,0.273160847283384,8.151034494198175,False,24.301450123338014,146.69199858579904,8244985.0,0.6260532917888875,12005864.508819623
2025-11-17,6801.59423828125,6849.492789255062,6777.644962794345,6801.59423828125,4245000,6922.5382080078125,144.00525505752242,7210.548718122857,6634.527697892768,0.2900354926661325,8.320951115354818,False,24.005871777569457,141.34598629115035,7915560.0,0.536285493382654,12005864.508819623
2025-11-18,6705.79736328125,6825.543744768415,6705.79736328125,6801.594468470982,7331100,6909.36611328125,151.36889069416804,7212.103894669586,6606.6283318929145,0.163787008898514,8.763113038876616,False,24.270042696771203,139.80315737657997,8033715.0,0.9125417070433791,12005864.508819623
2025-11-19,6729.74658203125,6753.695858123888,6705.797305938612,6729.74658203125,5448800,6902.181323242187,156.4875172030713,7215.1563576483295,6589.206288836045,0.22452316917525794,9.068873150354365,False,24.515344683835153,133.23854272005823,7898750.0,0.6898306694097167,12005864.508819623
2025-11-20,6777.64501953125,6873.442122280809,6729.746468156471,6729.746468156471,8110900,6887.811743164062,153.92005170806976,7195.651846580202,6579.971639747922,0.3210650230261127,8.938690977483855,False,23.334843863932008,133.98547924893538,7998935.0,1.0139974884156453,12005864.508819623
2025-11-21,6825.54345703125,6825.54345703125,6729.7463558799345,6753.695631167763,7423400,6879.4294921875,152.43706292762198,7184.303618042743,6574.555366332256,0.41162576521525596,8.863354910504379,False,22.238665555727447,131.25773795624823,7986875.0,0.929449878707254,12005864.508819623
2025-11-24,7136.88427734375,7136.88427734375,6801.594411965185,6849.492964162123,18591600,6879.4294921875,152.43706292762198,7184.303618042743,6574.555366332256,0.9222312805883887,8.863354910504379,False,22.529824539176957,145.83146134355658,8271600.0,2.2476425359059915,12005864.508819623
2025-11-25,6945.2900390625,7041.087143049569,6873.442211072198,7017.137867052802,7894800,6867.454858398438,135.67245558532218,7138.799769569082,6596.109947227794,0.6434248026400483,7.902342767897699,False,22.80018645238007,154.2322188384134,8249290.0,0.9570278169393972,12005864.508819623
2025-11-26,7112.93505859375,7112.93505859375,6921.3408482612585,6945.29012455282,7662600,6867.454858398438,135.67245558532218,7138.799769569082,6596.109947227794,0.9523397898568547,7.902342767897699,False,23.463638894251744,156.90093251656182,8351785.0,0.9174805146444742,12005864.508819623
2025-11-27,7065.03662109375,7112.935174457098,6969.239514367055,7112.935174457098,4580000,6866.257397460938,133.70572318620987,7133.668843833358,6598.845951088518,0.8716729899362188,7.789147155226241,False,24.079702536076223,155.95769877181047,8054890.0,0.5685987021548401,12005864.508819623
2025-11-28,7041.0869140625,7088.9854644983,6993.1883636267,7041.0869140625,4591700,6863.862451171875,129.88048622048316,7123.623423612842,6604.101478730909,0.8411298880375508,7.5689445786203775,False,24.651761632056097,151.66051320750967,7709705.0,0.5955740200176272,12005864.508819623
2025-12-01,7041.0869140625,7112.934739716199,6921.340537973002,6921.340537973002,4108900,6871.047216796875,135.67797837366717,7142.403173544209,6599.691260049541,0.8133148417006254,7.8985327326518915,False,24.341929971326874,154.51291953148734,7534685.0,0.5453313575816374,12005864.508819623
2025-12-02,6897.3916015625,7136.884365505643,6897.3916015625,7065.0365363227,7221100,6877.0345458984375,133.97070702110554,7144.975959940649,6609.093131856226,0.5379878857787461,7.792353295709862,False,24.23071817776645,160.58290841803412,6965610.0,1.0366787689807497,12005864.508819623
2025-12-03,6753.69580078125,6969.239283784907,6753.69580078125,6897.391456117021,9217900,6873.442163085938,136.36596773772663,7146.1740985613915,6600.710227610484,0.2804687557107421,7.935818153535067,False,22.663579035244478,164.5086637455786,6924435.0,1.3312133047678258,12005864.508819623
2025-12-04,6729.74658203125,6801.594410309163,6729.74658203125,6753.695858123888,4479400,6873.442163085938,136.36596773772663,7146.1740985613915,6600.710227610484,0.23656260532125925,7.935818153535067,False,21.093648737106157,157.89003264074535,6735330.0,0.6650602123429735,12005864.508819623
2025-12-05,6801.59423828125,6825.543513768156,6705.797136333627,6753.695687307439,8852600,6872.244702148438,136.91277015272735,7146.070242453892,6598.419161842983,0.3709936556897203,7.969027651761286,False,19.851322993145804,155.1654858403013,6946815.0,1.2743393915053158,12005864.508819623
2025-12-08,6681.84814453125,6849.493080057124,6681.84814453125,6849.493080057124,8844700,6866.257397460938,142.66254455262904,7151.582486566196,6580.932308355679,0.1768436075706301,8.310934839429946,False,18.463120116607964,156.05687510355648,7132580.0,1.2400421726780493,12005864.508819623
2025-12-09,6562.1015625,6705.797217153285,6562.1015625,6681.847941377738,12610800,6856.677685546875,156.39098641965893,7169.459658386193,6543.895712707557,0.029103099560337152,9.123426451811435,False,18.210456366166508,155.17393078567991,7530030.0,1.6747343636081131,11977505.008875951
2025-12-10,6610.0,6657.898550724637,6610.0,6610.0,3688400,6843.50556640625,165.7206595532036,7174.946885512657,6512.064247299843,0.14774222019783095,9.68630231656135,False,17.97584002647087,150.9327206027483,7421855.0,0.49696470761015943,12063722.196375951
2025-12-11,6298.65966796875,6657.8988125297055,6274.7103916646865,6610.000259921578,35995900,6815.963916015625,205.63812882329114,7227.240173662207,6404.687658369043,-0.1289011806893613,12.06802919482003,False,19.709683119488243,167.52241347862477,8803070.0,4.08901667259263,11617152.874322064
2025-12-12,6490.25390625,6490.25390625,6346.558247809041,6370.507524215867,6481400,6800.396899414062,218.18481340354037,7236.766526221143,6364.027272606982,0.14463269885053584,12.833651719495354,False,21.319680277290093,169.24182953595516,8869050.0,0.7307885286473749,11617152.874322064
2025-12-15,6490.25390625,6562.10173547048,6418.406077029521,6538.152459063654,6213700,6784.8298828125,228.93670070564733,7242.703284223794,6326.956481401206,0.1783215888337977,13.496975143656604,False,22.06361059472928,167.41710302916974,8967485.0,0.6929144570634911,11617152.874322064
2025-12-16,6490.25390625,6538.152459063654,6466.304629843174,6514.203182656827,5528400,6774.052709960937,237.75641708098988,7249.565544122917,6298.539875798957,0.2015865994331259,14.039242223868738,False,22.754403032351384,160.59072632854904,8877350.0,0.6227534117726574,11617152.874322064
2025-12-17,6490.25390625,6586.051011877306,6490.25390625,6514.203182656827,6792100,6762.078076171875,245.9936942204863,7254.065464612848,6270.090687730903,0.2237488436611745,14.551366692278561,False,22.887145497638308,155.96261056417458,8944515.0,0.75935922741479,11617152.874322064
2025-12-18,6586.05078125,6610.000056818182,6490.253678977273,6610.000056818182,9005600,6752.498364257813,249.06698692620117,7250.632338110215,6254.364390405411,0.3329288989058881,14.754064258322956,False,22.75862748559854,153.37573679822705,8989250.0,1.0018188391690075,11617152.874322064
2025-12-19,6466.3046875,6633.949623842593,6466.3046875,6586.051070601852,12787800,6734.53642578125,256.36851825721465,7247.27346229568,6221.79938926682,0.23843147736637016,15.227092233150968,False,22.383596278727843,154.3949653371103,9257470.0,1.381349331944905,11617152.874322064
2025-12-22,6562.1015625,6562.1015625,6490.253735173358,6490.253735173358,3858800,6705.797290039062,240.6244897048106,7187.046269448683,6224.548310629441,0.35070542101165275,14.353221804795044,False,22.03535301520505,150.20938745588813,8520830.0,0.4528666808280414,11617152.874322064
2025-12-23,6514.203125,6538.152401194853,6466.304572610295,6514.203125,2079500,6684.242944335938,237.32750042889663,7158.897945193731,6209.587943478145,0.32088061957775327,14.202206736366582,False,21.90730606433214,146.3227876297322,8230065.0,0.25267115144291086,11617152.874322064
2025-12-24,6514.203125,6562.101677389706,6490.253848805147,6490.253848805147,1566700,6654.30634765625,217.32526213204233,7088.956871920334,6219.655823392166,0.33883233214378167,13.063736520551833,False,21.492364357518458,141.00314769793417,7925270.0,0.19768411675564365,11617152.874322064
2025-12-29,6490.25390625,6586.051011877306,6466.304629843174,6514.203182656827,3540900,6625.567211914063,197.2268543159074,7020.020920545878,6231.113503282248,0.3284801198429538,11.90701704519759,False,20.810253704722527,139.48480729337692,7873315.0,0.4497343241061738,11617152.874322064
2025-12-30,6490.25390625,6586.051011877306,6490.25390625,6514.203182656827,4210100,6598.025561523437,173.13706570457924,6944.2996929325955,6251.751430114279,0.34438390642283623,10.496295541152948,False,20.17686524141202,136.3642571743719,7854235.0,0.5360292886576478,11617152.874322064
2026-01-02,6394.45654296875,6514.202920177903,6370.507267526919,6490.253644736073,7568100,6565.69404296875,143.96323877544245,6853.620520519635,6277.767565417866,0.20263676085548993,8.770633406508702,False,20.669778717524913,136.88792827984417,8027195.0,0.9428075436064528,11617152.874322064
2026-01-05,6562.1015625,6562.1015625,6346.558080520073,6394.456632071168,9359300,6548.929541015625,120.99402622916381,6790.917593473952,6306.941488557297,0.5272162640894094,7.39015593137072,True,20.501765780322124,142.50618211556434,8134105.0,1.150624438705918,11617152.874322064
2026-01-06,6705.79736328125,6705.79736328125,6538.152429199219,6562.101705496652,12215300,6546.534619140625,117.14029213498834,6780.8152034106015,6312.254034870649,0.8398974452724949,7.157392357935189,True,19.26831505226199,144.30180725602622,8283975.0,1.474569877383744,11617152.874322064
2026-01-07,6442.35498046875,6705.797005692379,6418.40570544842,6705.797005692379,16067800,6532.1650390625,110.9462150211998,6754.0574691049,6310.2726090201,0.29762703356624437,6.793840287729341,True,18.6970527494463,154.52251086865508,8863395.0,1.8128268005656976,11617152.874322064
2026-01-08,6346.55810546875,6490.25376068691,6346.55810546875,6466.304484817217,25370300,6509.413232421875,98.77596559925863,6706.965163620393,6311.861301223358,0.08781691992300873,6.069730838858314,True,18.694073198264277,153.74916403647688,9689280.0,2.618388569635721,11617152.874322064
2026-01-09,6322.60888671875,6418.405991062973,6298.659610632694,6346.558162804806,13134000,6491.45126953125,98.43153074812935,6688.314331027508,6294.588208034991,0.07116794402867557,6.0653019894108855,True,19.01891557034835,151.32039377889132,9903745.0,1.3261650012192359,11617152.874322064
2026-01-12,6322.60888671875,6394.456714976917,6298.659610632694,6322.60888671875,11215000,6479.476635742188,103.80523460905339,6687.087104960295,6271.866166524081,0.12220655438469515,6.408248100560561,True,19.32055491585499,147.35444453355788,9833955.0,1.1404363758020044,11617152.874322064
2026-01-13,6418.40576171875,6418.40576171875,6322.608660797575,6322.608660797575,7063700,6469.896923828125,99.89280921969753,6669.68254226752,6270.11130538873,0.37113396221511546,6.175851664764554,True,19.32194117448806,143.67177713267338,10002720.0,0.7061779196058672,11617152.874322064
2026-01-14,6442.35498046875,6466.30425548908,6370.5071554077595,6418.40570544842,9495000,6477.081689453125,91.76538650570612,6660.612462464537,6293.5509164417135,0.40539268043562354,5.667082238912066,True,18.77904544685968,140.25215734329103,8677675.0,1.0941870950456198,11617152.874322064
2026-01-15,6466.3046875,6514.203240740741,6418.4061342592595,6418.4061342592595,6184100,6475.884228515625,91.74070877151779,6659.365646058661,6292.40281097259,0.4738950648411622,5.66660585855138,True,17.76158432137959,137.07679656744753,8662810.0,0.7138676711136456,11617152.874322064
2026-01-19,6538.15234375,6538.15234375,6442.355239812271,6466.304515796703,10624000,6478.279150390625,92.75517088522886,6663.789492161082,6292.768808620167,0.6613742737681434,5.727148752435957,True,16.566827069794748,134.1282470938962,8883325.0,1.195948589069971,11617152.874322064
2026-01-20,6418.40576171875,6538.152137870219,6418.40576171875,6490.253587409631,12443600,6474.686743164062,93.65396355243787,6661.994670268938,6287.378816059187,0.3497634822102327,5.785852954280271,True,15.703402254910824,133.10098530370718,9229085.0,1.3483026757257084,11617152.874322064
2026-01-21,6418.40576171875,6466.304312179337,6322.608660797575,6418.40576171875,11404500,6471.0943359375,94.40041742905625,6659.895170795612,6282.293501079387,0.36046519799992904,5.835205764490217,True,15.79109689415225,133.85774716642538,9459705.0,1.2055872778273742,11617152.874322064
2026-01-22,6466.3046875,6514.203240740741,6418.4061342592595,6418.4061342592595,8856900,6465.10703125,90.43995899277249,6645.986949235545,6284.227113264455,0.5033106390785075,5.595573812196353,True,15.324697873159304,131.1391565846801,9452270.0,0.9370130138051495,11617152.874322064
2026-01-23,6538.15234375,6538.15234375,6442.355239812271,6514.2030677655675,7862000,6468.6994140625,91.90510451489178,6652.509623092284,6284.889205032717,0.6889256588469634,5.683065397356164,True,14.625382936455333,128.61472425275502,9205980.0,0.8540101108192718,11617152.874322064
2026-01-26,6514.203125,6538.152401194853,6466.304572610295,6538.152401194853,9878400,6466.3044921875,89.9462792427168,6646.197050672933,6286.411933702067,0.633131223480761,5.56399899518425,True,13.976018402411013,124.55994599074099,9506960.0,1.0390703232158334,11617152.874322064
2026-01-27,6418.40576171875,6514.202862639925,6418.40576171875,6514.202862639925,17356900,6461.514624023437,89.81193287765794,6641.138489778753,6281.890758268121,0.38000240913584904,5.559806831899365,False,13.867799387175591,122.50547579720592,10270830.0,1.6899218466277799,11617152.874322064
2026-01-28,6562.1015625,6562.1015625,6346.558080520073,6466.30445939781,29694200,6463.9095458984375,91.90510652394634,6647.71975894633,6280.099332850545,0.7671016342709368,5.687276770898703,False,14.429498760218502,129.15104766740026,11677205.0,2.5429201594045834,11617152.874322064
2026-01-29,6490.25390625,6562.10173547048,5939.420548892989,6514.203182656827,38464300,6463.9095458984375,91.90510652394634,6647.71975894633,6280.099332850545,0.571661851413823,5.687276770898703,False,17.145778916196488,164.40320044669244,13423375.0,2.8654716120200767,11617152.874322064
2026-01-30,6514.203125,6562.101677389706,6466.304572610295,6490.253848805147,15374100,6465.107006835938,92.4209944310774,6649.948995698092,6280.265017973783,0.6328056424470622,5.718141669324589,False,19.668039061033188,159.50276504188668,13981575.0,1.0995971483899347,11617152.874322064
2026-02-02,6729.74658203125,6729.74658203125,6442.355268919595,6538.152373290147,17102800,6481.871508789062,108.023586659564,6697.91868210819,6265.824335469934,1.0736596073766862,6.666197348286829,False,20.29091175916583,168.63766133258443,14458310.0,1.1829045026700908,11617152.874322064
2026-02-03,6897.3916015625,6969.239430745443,6657.898837619357,6729.746666802301,18698500,6498.636010742188,141.8509087009434,6782.337828144075,6214.934193340301,1.2027723587957182,8.731118866572313,False,19.07717842957969,178.8307278892631,14925270.0,1.2528081569043643,11617152.874322064
2026-02-04,6753.69580078125,6897.391456117021,6705.79724900266,6873.442180227726,13541400,6501.030932617187,145.87970588261973,6792.790344382427,6209.271520851948,0.9330020866085479,8.975789064513284,False,17.95014033782113,179.74241536573294,14991575.0,0.9032673351532444,11617152.874322064
2026-02-05,6705.79736328125,6849.493021065849,6705.79736328125,6753.6959158761165,10782800,6514.203051757812,152.06529284849404,6818.333637454801,6210.072466060824,0.8149869176826678,9.337461030322686,False,16.903604966902467,177.1676469670805,14727325.0,0.7321628333726593,11617152.874322064
2026-02-06,6562.1015625,6705.797217153285,6562.1015625,6681.847941377738,10579300,6524.980224609375,147.1160842604575,6819.21239313029,6230.74805608846,0.5630817121003991,9.018637862263557,False,16.814140969030085,174.77680081094974,13987775.0,0.7563247192637857,11617152.874322064
2026-02-09,6538.15234375,6610.0001717032965,6514.2030677655675,6610.0001717032965,8702900,6535.757397460938,139.19242643190634,6814.14225032475,6257.372544597125,0.50430150251428,8.518824550371527,False,16.995225099239903,169.13539389143395,13766220.0,0.6321924246452548,11617152.874322064
2026-02-10,6610.0,6705.797101449275,6538.152173913043,6586.050724637681,8380100,6550.126953125,130.5990436300391,6811.325040385078,6288.928865864922,0.6146123379061802,7.975359535144978,False,16.427796085209085,169.02893200891953,13624475.0,0.6150769112204324,11617152.874322064
2026-02-11,6418.40576171875,6514.202862639925,6418.40576171875,6418.40576171875,44043400,6550.126953125,130.5990436300391,6811.325040385078,6288.928865864922,0.24785192191110172,7.975359535144978,False,16.576945871544932,170.64073959980027,15473460.0,2.846383420385615,11617152.874322064
2026-02-12,6490.25390625,6514.203182656827,6418.406077029521,6442.355353436347,13363300,6552.521899414062,128.94743156599293,6810.416762546049,6294.627036282076,0.37927639890175985,7.871621555512778,False,16.715439566279972,165.29478826682006,15666875.0,0.8529652531216341,11617152.874322064
2026-02-13,6394.45654296875,6490.253644736073,6394.45654296875,6466.304369294242,13926900,6548.9294921875,132.4296245133486,6813.788741214197,6284.070243160802,0.2083867190094253,8.088627289167166,False,16.98122341239404,160.3306864821365,16054015.0,0.867502615389359,11617152.874322064
2026-02-18,6466.3046875,6490.253964120371,6394.456857638889,6418.4061342592595,7616100,6545.337109375,133.70570799569228,6812.7485253663845,6277.925693383616,0.3522269111398996,8.171050979432861,False,17.228019786116512,155.72116752995686,15903620.0,0.4788909694773894,11617152.874322064
2026-02-19,6442.35498046875,6538.1520805500695,6442.35498046875,6466.30425548908,11967400,6546.5345703125,132.61185631368195,6811.758282939864,6281.310857685136,0.30360053629495526,8.102720906114559,False,17.011267078904933,151.44087699791135,15879810.0,0.7536236264791581,11617152.874322064
2026-02-20,6370.50732421875,6466.304426838581,6370.50732421875,6418.405875528666,14729900,6544.1396484375,135.44975200074464,6815.039152438989,6273.240144436011,0.1795263157480795,8.279148018064365,False,17.28355786662161,147.46632168519133,16046080.0,0.9179749820516911,11617152.874322064
2026-02-23,6370.50732421875,6418.405875528666,6370.50732421875,6370.50732421875,18992200,6539.349780273437,139.9656193034718,6819.2810188803805,6259.418541666494,0.1984215536377449,8.56143953184404,False,17.536399312358526,140.3543380869574,16552845.0,1.147367718358989,11617152.874322064
2026-02-24,6322.60888671875,6418.405991062973,6322.60888671875,6394.456714976917,26059800,6528.572607421875,148.1232326822029,6824.81907278628,6232.326142057469,0.1523777584151533,9.07538242058069,False,18.089990664452706,137.17167853390495,17462735.0,1.4923091944074052,11617152.874322064
2026-02-25,6298.65966796875,6394.456773185005,6274.7103916646865,6274.7103916646865,25622600,6517.795434570313,156.81029063871256,6831.416015847738,6204.174853292888,0.15063554549100538,9.623517166985177,False,18.90947706036533,135.9270144615059,18249945.0,1.4039823133713554,11617152.874322064
2026-02-26,6442.35498046875,6442.35498046875,6298.65933034677,6322.6086053671,24736800,6518.992895507812,156.1012078150995,6831.195311138011,6206.7904798776135,0.3772624566591452,9.578240707865625,False,19.133136205635665,136.48191700868264,18618940.0,1.3285826153368558,11617152.874322064
2026-02-27,6178.9130859375,6418.405841206395,6178.9130859375,6322.608739098837,290204300,6499.833471679687,173.11973401823633,6846.072939716159,6153.594003643215,0.03656296383232964,10.653795040905782,False,20.093571030894033,145.55048683172316,31644445.0,9.170781791243297,11617152.874322064
2026-03-02,6131.0146484375,6250.761028289795,6083.116096496582,6131.0146484375,44951600,6481.871508789062,191.79502736413892,6865.46156351734,6098.281454060784,0.04266689656474913,11.835780891619065,False,21.487755050497842,147.1286614718296,31968810.0,1.406108015906754,11617152.874322064
2026-03-03,6131.0146484375,6226.811752319336,6107.065372467041,6178.913200378418,18791500,6462.712084960937,206.9369151941113,6876.58591534916,6048.8382545727145,0.09927710793855005,12.808054109398698,False,22.782354497272806,145.1727842132914,32139680.0,0.5846822370353407,11617152.874322064
2026-03-04,5867.57275390625,6154.964072464923,5867.57275390625,6131.014795918368,43486700,6419.6033935546875,236.12564293506915,6891.854679424826,5947.352107684549,-0.0844670582858266,14.712786971988987,False,24.986124945445226,155.33125095224727,33458875.0,1.299705982343997,11617152.874322064
2026-03-05,5963.36962890625,6035.217455760542,5867.572526433861,5939.420353288153,17643600,6372.902294921875,228.91033521564577,6830.722965353167,5915.081624490584,0.05273681108607054,14.367729152103811,False,27.032484005383054,156.21079940756402,33406130.0,0.5281545632493199,11617152.874322064
2026-03-06,6011.26806640625,6083.115891901145,5939.420240911354,6035.217341571215,25222700,6335.780908203125,224.05527559219763,6783.891459387521,5887.67035701873,0.13790984061950826,14.14539289400658,False,28.37179700932567,155.31686023486597,33990195.0,0.7420581141120255,11617152.874322064
2026-03-09,5795.724609375,5891.521710356405,5771.775334129648,5867.572435111054,18757800,6290.277270507812,236.9934011848895,6764.264072877591,5816.290468138033,-0.021694547886365902,15.07045816857972,False,30.240986553179535,161.3294225235614,34388945.0,0.5454601762281455,11617152.874322064
2026-03-10,5747.826171875,5939.420377604166,5723.876896158854,5939.420377604166,24380900,6249.563500976563,256.94194511196565,6763.447391200494,5735.679610752632,0.011818390645672337,16.44543303363927,False,31.45400884358299,165.20185530368644,35079025.0,0.6950278692181439,11617152.874322064
2026-03-11,5771.775390625,5843.623217064315,5747.826115145228,5795.724666104772,10903300,6211.244653320313,268.5237788653525,6748.292211051018,5674.197095589608,0.09084697773108724,17.292751701339554,False,32.580386684671915,160.24437291907222,35189045.0,0.30984927269268037,11617152.874322064
2026-03-12,5795.724609375,5795.724609375,5675.978233148244,5795.724609375,21623200,6170.5308837890625,266.6057839160421,6703.742451621147,5637.319315956978,0.14853887553683548,17.282518404791176,False,33.913188108785505,157.35165886962108,35851200.0,0.6031374124157629,11617152.874322064
2026-03-13,5652.029296875,5819.674233646716,5652.029296875,5795.724956965042,12186300,6132.212060546875,283.63519310279116,6699.482446752458,5564.941674341293,0.0767602404879865,18.501329719344138,False,34.86352182792622,158.086893005485,34258345.0,0.35571770907205236,11617152.874322064
2026-03-16,5723.876953125,5795.724780988494,5652.029125261506,5723.876953125,15644300,6093.893212890625,284.4853569006933,6662.863926692012,5524.922499089239,0.17483716578882752,18.673471750303165,False,35.74597534077992,157.05894748559234,34372395.0,0.45514140053377133,11617152.874322064
2026-03-17,5723.876953125,5771.775505033996,5699.927677170503,5747.826229079498,11855500,6060.364233398437,286.7050855307715,6633.77440445998,5486.954062336894,0.20659111291093363,18.923290712512014,False,36.565396459858356,150.9724389411567,34268825.0,0.3459558359529397,11617152.874322064
2026-03-25,5771.775390625,5819.673941584543,5652.029013226141,5795.724666104772,36909800,6025.637768554688,276.8405997758875,6579.318968106462,5471.956569002913,0.27075040823564295,18.377513578436723,False,37.56111912667872,152.16333104238853,35733510.0,1.0329184006832801,11617152.874322064
2026-03-26,5819.673828125,5891.521653163581,5771.77527809928,5795.72455311214,11366700,5994.5037109375,262.1324449464919,6518.768600830484,5470.238821044516,0.3332618813667007,17.49151940423079,False,37.502930283395884,149.84783418681084,35703475.0,0.3183639687733477,11617152.874322064
2026-03-27,5723.876953125,5843.6233328974895,5723.876953125,5819.674056942992,9763500,5962.172192382813,253.03510659084907,6468.242405564511,5456.101979201115,0.26456306550860376,16.97603480249182,False,37.72717422683461,147.69773030007363,35455155.0,0.27537603488124646,11617152.874322064
2026-03-30,5699.927734375,5747.826286764706,5652.029181985295,5675.978458180147,10150600,5928.643212890625,240.18186801386943,6409.006948918364,5448.279476862886,0.26193511149807314,16.204845485836824,False,38.31906663429459,143.9905427628835,35013075.0,0.28990884119718136,11617152.874322064
2026-03-31,6083.1162109375,6131.014763779527,5819.674170306348,5819.674170306348,34136900,5916.6685791015625,224.99641899057983,6366.661417082722,5466.675741120403,0.684944756657334,15.211020592587957,False,35.862140907107914,164.49743466585807,35416930.0,0.9638582451951652,11617152.874322064
2026-04-01,6298.65966796875,6298.65966796875,6011.268352319986,6107.0654575362405,20919900,5916.6685791015625,224.99641899057983,6366.661417082722,5466.675741120403,0.924441298422599,15.211020592587957,False,34.5330560645696,173.27556902177994,35181795.0,0.5946228724259237,11617152.874322064
2026-04-02,6346.55810546875,6346.55810546875,6250.761001989977,6298.659553729363,17333500,5911.878735351563,213.96560752261843,6339.8099503968,5483.947520306326,1.0078846258869396,14.47699569635334,False,33.54093641344791,167.74139291156519,34811630.0,0.4979226769904196,11617152.874322064
2026-04-06,6298.65966796875,6370.507496880941,6226.811839056559,6322.6089442728135,11555400,5917.866064453125,223.3029009753224,6364.471866403769,5471.26026250248,0.9263195886086001,15.09347447497245,False,32.74197413246146,166.02384040533786,20879185.0,0.5534411424583862,11617152.874322064
2026-04-07,6298.65966796875,6370.507496880941,6250.761115360622,6322.6089442728135,11285700,5926.248315429688,234.58650442304966,6395.421324275787,5457.075306583589,0.8968806234772371,15.833727642648778,False,32.000080585831185,162.71830762783654,19195890.0,0.5879227272087931,11617152.874322064
2026-04-08,6370.50732421875,6418.405875528666,6322.608772908835,6346.558048563793,12894700,5938.22294921875,251.11904408700073,6440.461037392752,5435.984861044748,0.9303580166248104,16.91543387538448,False,31.57548940568134,159.64887190869936,18901050.0,0.6822213580726997,11617152.874322064
2026-04-09,6322.60888671875,6394.456714976917,6298.659610632694,6370.5074388908615,17733300,5960.974755859375,264.6311152988564,6490.236986457088,5431.712525261662,0.8416398431180037,17.757573292101984,False,30.955949833640574,155.08803136837963,17613380.0,1.0068084603863654,11617152.874322064
2026-04-10,6418.40576171875,6418.40576171875,6322.608660797575,6346.557936027868,11637300,5983.7265625,283.72034156137573,6551.167245622752,5416.285879377248,0.8830173022020683,18.966130126296243,False,30.52515115845132,150.85296490786502,17313065.0,0.6721686772388367,11617152.874322064
2026-04-13,6466.3046875,6466.3046875,6346.558304398149,6418.4061342592595,11177700,6006.4783935546875,303.59405098382706,6613.666495522341,5399.290291587034,0.8786522598641173,20.21777361654054,False,30.411959441387637,148.63106620743548,16610815.0,0.672917012199582,11617152.874322064
2026-04-14,6538.15234375,6562.101619734432,6442.355239812271,6466.304515796703,11118600,6043.599780273437,321.33911361137996,6686.2780074961975,5400.921553050677,0.8847590773486284,21.268060447036508,False,30.831194289808785,146.56787432991584,16228855.0,0.6851130286147729,11617152.874322064
2026-04-15,6538.15234375,6610.0001717032965,6514.2030677655675,6562.101619734432,12647200,6083.1160888671875,331.48685220517905,6746.089793277546,5420.142384456829,0.8431782074128541,21.79717416945824,False,31.460314407080677,142.94139073047393,15642170.0,0.8085323200041938,11617152.874322064
2026-04-16,6681.84814453125,6705.797421034947,6586.051038516465,6610.000315020162,13791900,6128.6197265625,348.5249031154248,6825.669532793349,5431.56992033165,0.8968356443280694,22.74736685683777,False,32.483959378990754,144.7059397700791,15786600.0,0.8736460035726502,11617152.874322064
2026-04-17,6681.84814453125,6705.797421034947,6633.949591523858,6681.84814453125,8501300,6172.9259033203125,360.109948938386,6893.145801197084,5452.706005443541,0.8533103172456455,23.33479808948874,False,33.434486852907256,139.50178903729412,15130505.0,0.5618649212303225,11617152.874322064
2026-04-20,6633.94921875,6681.847769065885,6609.999943592057,6681.847769065885,7789700,6222.021899414062,352.20397927147025,6926.429857957003,5517.6139408711215,0.7923925790020915,22.64241334828076,False,34.018194439239885,134.66938988742973,14910675.0,0.5224243704594191,11617152.874322064
2026-04-21,6705.79736328125,6705.79736328125,6586.050981794085,6633.949534388951,8007700,6271.117919921875,347.51653838804646,6966.150996697968,5576.084843145782,0.8127041416328219,22.166161939584512,False,34.68527989568173,133.60346071598227,14528845.0,0.5511587466175047,11617152.874322064
2026-04-22,6729.74658203125,6729.74658203125,6657.898753753336,6705.797305938612,8697100,6321.411401367188,336.76995373701897,6994.951308841226,5647.87149389315,0.8031261964828725,21.30979506660065,False,35.43128054400401,129.19234411326312,14370925.0,0.6051872095915886,11617152.874322064
2026-04-23,6681.84814453125,6753.695974042339,6657.898868027554,6729.746697538642,9401600,6366.9150390625,319.64365963140864,7006.202358325318,5727.627719799682,0.7463157769435418,20.081540756885925,False,36.25172932265742,126.80696996337181,12995515.0,0.7234495901085874,11617152.874322064
2026-04-24,6610.0,6705.797101449275,6538.152173913043,6705.797101449275,9547700,6406.43134765625,296.4399199000612,6999.311187456373,5813.5515078561275,0.6716778330769173,18.508895440424062,False,35.44691441676087,129.72396693286183,12904565.0,0.7398699607464491,11617152.874322064
2026-04-27,6610.0,6633.949275362318,6538.152173913043,6610.0,4716400,6450.7375,251.93513034213936,6954.607760684279,5946.867239315721,0.6580391942399161,15.62209780460851,False,34.69958628985693,127.30061939831992,12652210.0,0.37277281992632116,11617152.874322064
2026-04-28,6538.15234375,6633.949447687729,6466.304515796703,6610.0001717032965,12570200,6492.64873046875,179.87567549656535,6852.40008146188,6132.897379475619,0.5632431444046462,11.081805467309103,True,33.165498589942366,130.18235600494182,12773190.0,0.984108120211161,11617152.874322064
2026-04-29,6562.1015625,6681.847941377738,6538.152286724453,6562.1015625,5758000,6516.597998046875,152.24381018348856,6821.085618413852,6212.110377679897,0.5747215344884681,9.344987076331455,True,32.13327554521278,131.1475916226806,11354245.0,0.5071231068204006,11617152.874322064
2026-04-30,6466.3046875,6681.848177083334,6466.3046875,6610.000347222222,12872200,6524.980249023438,144.0051965042589,6812.990642031956,6236.96985601492,0.39813638162407816,8.82793148842475,True,30.38827990857911,137.17587004844157,10951860.0,1.175343731567058,11617152.874322064
2026-05-04,6657.89892578125,6729.74675591558,6538.152542224034,6538.152542224034,11508000,6540.547290039062,140.48762706057718,6821.522544160217,6259.572035917908,0.7088291300051399,8.591796425019856,True,29.17953103794916,146.19488421752288,10660585.0,1.0794904782429857,11617152.874322064
2026-05-05,6657.89892578125,6705.797479204137,6657.89892578125,6705.797479204137,6591100,6558.509252929687,130.5469942140159,6819.603241357719,6297.415264501656,0.6903331314710811,7.9619919209963985,True,28.057121372364207,139.17371773219176,10412370.0,0.6330067026046904,11617152.874322064
2026-05-06,6753.69580078125,6753.69580078125,6633.949421334774,6657.898697224069,8219400,6581.261059570313,122.26608683685625,6825.793233244025,6336.7288858966,0.8525808866383017,7.43116467984869,True,27.432222328981354,137.78605071178347,10259055.0,0.8011849044575743,11617152.874322064
2026-05-07,6825.54345703125,6873.442007606908,6705.797080592105,6753.695631167763,11398100,6604.012866210937,123.31704591565853,6850.6469580422545,6357.37877437962,0.949107804147016,7.469218998442802,True,27.73853585787613,139.9188275905706,10184225.0,1.11919169107124,11617152.874322064
2026-05-08,6681.84814453125,6849.493080057124,6586.051038516465,6825.543803553428,6743500,6621.974829101562,104.96923637388133,6831.913301849325,6412.036356353799,0.6425972920685781,6.340660548123714,True,26.685890661199736,148.74191430129116,9634735.0,0.6999154621273963,11617152.874322064
2026-05-11,6633.94921875,6705.797044223827,6514.202842960289,6657.898493907942,8963200,6632.752001953125,93.39568986794887,6819.543381689023,6445.960622217227,0.5032046896344143,5.6323945077667315,True,25.02958549413312,151.80279194145163,9501030.0,0.9433924532392803,11617152.874322064
2026-05-12,6681.84814453125,6681.84814453125,6610.000315020162,6657.898868027554,5254700,6643.5291748046875,85.25970124342176,6814.048577291531,6473.009772317844,0.6123595589936431,5.133398168356998,True,23.491587838999834,146.09172319642565,9204880.0,0.5708602393513006,11617152.874322064
2026-05-13,6538.15234375,6681.847999656593,6490.253791781135,6681.847999656593,7820400,6643.5291748046875,85.25970124342176,6814.048577291531,6473.009772317844,0.1910121970934715,5.133398168356998,True,22.597542226204855,149.34191102168919,9039970.0,0.8650913664536497,11617152.874322064
2026-05-14,6538.15234375,6538.15234375,6538.15234375,6538.15234375,0,6643.5291748046875,85.25970124342176,6814.048577291531,6473.009772317844,0.1910121970934715,5.133398168356998,True,21.767357014323803,138.67463166299711,8407610.0,0.0,11617152.874322064
2026-05-15,6538.15234375,6538.15234375,6538.15234375,6538.15234375,0,6636.344384765625,87.87509837992555,6812.094581525476,6460.594188005774,0.2206488447071351,5.296596637248141,True,20.996470746148542,128.7693008299259,7718015.0,0.0,11617152.874322064
2026-05-18,6442.35498046875,6538.1520805500695,6394.456430428089,6514.20280552974,9733400,6624.3697265625,97.17376552920405,6818.717257620908,6430.0221955040915,0.031728689573504366,5.867653500048778,True,21.382441311394775,129.83548743649624,7779620.0,1.2511408012216536,11617152.874322064
2026-05-19,6370.50732421875,6466.304426838581,6322.608772908835,6466.304426838581,6597300,6611.1976318359375,112.45966399671659,6836.116959829371,6386.278303842504,-0.03505919158760456,6.80419314377607,True,22.18946404134297,130.82549932887125,7720000.0,0.8545725388601036,11617152.874322064
2026-05-20,6322.60888671875,6466.3045432350855,6250.761058460582,6370.5074388908615,11119500,6592.0382080078125,127.17353015903603,6846.385268325885,6337.69114768974,-0.029648978352903487,7.71679569481557,False,23.343552314898005,136.8767840035593,7875590.0,1.4118942199885978,11617152.874322064
2026-05-21,6466.3046875,6538.152517361112,6322.6090277777785,6322.6090277777785,11456400,6578.86611328125,125.79521139796545,6830.456536077181,6327.2756904853195,0.27630025711958284,7.6484433172466115,False,23.593949891496727,142.49584447775948,8013555.0,1.4296276746088346,11617152.874322064
2026-05-22,6442.35498046875,6466.30425548908,6298.65933034677,6466.30425548908,2979100,6566.891455078125,126.87051228096695,6820.632479640059,6313.150430516191,0.2545992516890438,7.727888493290629,False,23.97782930456418,144.2922382402931,7692430.0,0.38727684229820747,11617152.874322064
2026-05-25,6657.89892578125,6681.848202492693,6418.406158666817,6418.406158666817,8238700,6569.286401367188,128.1725211880277,6825.631443743243,6312.941358991133,0.6728383814110761,7.804349718188722,False,22.314794628833294,152.80293863926335,7626980.0,1.0802047468329536,11617152.874322064
2026-05-26,6538.15234375,6657.8987236721605,6490.253791781135,6657.8987236721605,13244900,6565.694018554687,127.97806899104562,6821.650156536779,6309.737880572596,0.44619844825402405,7.796773265971828,False,20.77054814422604,153.86309545075275,8053405.0,1.6446335432031545,11617152.874322064
2026-05-27,6538.15234375,6538.15234375,6538.15234375,6538.15234375,0,6565.694018554687,127.97806899104562,6821.650156536779,6309.737880572596,0.44619844825402405,7.796773265971828,False,19.336604979947875,142.87287434712755,7424895.0,0.0,11617152.874322064
2026-05-28,6538.15234375,6538.15234375,6538.15234375,6538.15234375,0,6564.496557617187,128.12541071923198,6820.747379055651,6308.245736178723,0.4485968206476298,7.807173610019516,False,18.005086327403866,132.66766903661843,7136995.0,0.0,11617152.874322064
2026-05-29,6633.94921875,6753.695594539711,6466.304292644404,6538.152118118231,37316900,6572.8787841796875,126.8407810283759,6826.56034623644,6319.197222122935,0.6203682957389117,7.719039720231577,False,18.307219304165645,143.71935709795335,8359230.0,4.464155191327431,11617152.874322064
2026-06-02,6298.65966796875,6633.949536225641,6298.65966796875,6633.949536225641,9446300,6554.916821289063,139.0187696350011,6832.954360559065,6276.87928201906,0.039168067029500805,8.48332776296999,False,17.189180235005733,157.4029650378775,8256145.0,1.1441538393523853,11589931.893848408
2026-06-03,5987.31884765625,6346.557978515625,5987.31884765625,6322.608703125,11477700,6521.3878173828125,185.85172523352864,6893.09126784987,6149.684366915755,-0.2184073339317777,11.399519883675028,False,17.5508972272976,171.81983402512734,8500475.0,1.3502421923480747,11133506.401588682
2026-06-04,5987.31884765625,6083.11594921875,5771.775369140625,5987.31884765625,13518400,6483.0689697265625,212.52521772763578,6908.119405181834,6058.018534271291,-0.08316623242523534,13.112630374290118,False,18.737489195652287,181.78560160034144,8765425.0,1.5422412489981947,11107630.945851577
2026-06-05,5795.724609375,5987.31881133781,5795.724609375,5963.3695360924585,11566100,6431.57802734375,247.12020807445828,6925.818443492667,5937.337611194834,-0.14326327551606496,15.369180442114253,False,19.839324594838786,182.48621850612062,8773825.0,1.318250591959607,10762761.316945327
2026-06-08,5675.978515625,5795.724897811181,5604.130686313291,5795.724897811181,16754300,6381.2845458984375,291.818829212064,6964.922204322565,5797.64688747431,-0.10423279760410308,18.292168425533077,False,21.503822936228353,183.13678943410414,9274365.0,1.806517211690504,10587221.41079792
2026-06-09,5939.42041015625,6011.268237698462,5652.029099987399,5652.029099987399,10906900,6346.55810546875,301.33844557250177,6949.2349966137535,5743.8812143237465,0.16222556290569384,18.992243705314362,False,21.59955957930339,195.71552859674412,9371550.0,1.1638309564586435,10587221.41079792
2026-06-10,5987.31884765625,6083.11594921875,5843.6231953125,5915.471021484374,12536900,6311.831640625,300.684062524565,6913.19976567413,5710.46351557587,0.23018790034619982,19.055265073248446,False,21.26343221982123,198.84247326170885,9735660.0,1.287729850878112,10587221.41079792
2026-06-11,5963.36962890625,6059.16673137864,5939.420353288153,6011.268180142445,8452500,6283.092504882812,305.34649499881726,6893.785494880447,5672.399514885177,0.23822945308591115,19.43924873055884,False,20.951313957444942,193.19275217805017,9767265.0,0.8653906697524845,10587221.41079792
2026-06-12,6154.9638671875,6394.456624665612,6011.268212700632,6011.268212700632,11991600,6263.933081054687,300.48319982106244,6864.899480696812,5662.966681412562,0.40933834742501557,19.188148783381877,False,19.98235540944446,210.1851981481439,10366845.0,1.1567260820432832,10587221.41079792
2026-06-15,6370.50732421875,6418.405875528666,6226.811670289004,6226.811670289004,7175600,6255.550830078125,294.71391451475,6844.9786591076245,5666.123001048625,0.5975153262867674,18.844953707206578,False,19.186641537931926,213.98925601907408,10725625.0,0.6690146261872851,10587221.41079792
2026-06-17,6466.3046875,6562.101793981482,6394.456857638889,6394.456857638889,6440200,6256.748315429688,295.56032914798436,6847.868973725656,5665.627657133719,0.6772534668932085,18.895459062600082,False,19.048378576388636,212.38962842933535,10560965.0,0.6098116980787267,10587221.41079792
2026-06-18,6514.203125,6538.152401194853,6394.456744025735,6514.203125,3259000,6263.93310546875,300.181672876464,6864.296451221678,5663.569759715822,0.7084321280618667,19.16889390880558,False,18.919990882879098,207.4829161964627,10394050.0,0.3135447684011526,10587221.41079792
2026-06-19,6442.35498046875,6538.1520805500695,6442.35498046875,6514.20280552974,42676900,6269.92041015625,302.5980710718891,6875.116552300028,5664.724268012472,0.6424617229892505,19.30474719147819,False,18.800773738905956,199.5053579025239,11971920.0,3.564749847977601,10587221.41079792
2026-06-22,6442.35498046875,6538.1520805500695,6442.35498046875,6538.1520805500695,6044100,6268.722924804688,301.8264120265696,6872.375748857827,5665.070100751549,0.6438178111205005,19.259196212502776,False,18.690072105216608,192.09762520100932,11701305.0,0.5165321303905847,10587221.41079792
2026-06-23,6466.3046875,6514.203240740741,6442.35541087963,6442.35541087963,8861900,6269.92041015625,302.5980710718891,6875.116552300028,5664.724268012472,0.6622484544003375,19.30474719147819,False,18.5872777310765,183.5083848489366,11995445.0,0.7387720922400127,10587221.41079792
2026-06-24,6466.3046875,6514.203240740741,6442.35541087963,6466.3046875,5758100,6260.3406982421875,292.5343252829492,6845.409348808086,5675.272047676289,0.6760169418226365,18.69127188972886,False,18.491825812232115,175.5326309212348,11871415.0,0.48503906231902433,10587221.41079792
2026-06-25,6442.35498046875,6514.20280552974,6442.35498046875,6466.30425548908,9285900,6255.550830078125,288.50260691336723,6832.5560439048595,5678.54561625139,0.6618738842511737,18.447782761267355,False,18.403188277936756,168.12657335978872,11673465.0,0.7954707535423287,10587221.41079792
2026-06-26,6442.35498046875,6514.20280552974,6442.35498046875,6442.35498046875,9093200,6250.760961914062,284.32881706456084,6819.418596043184,5682.10332778494,0.6684616604577084,18.19482900062753,False,18.32088199609106,161.2495199098745,12128125.0,0.7497614017005926,10587221.41079792
2026-06-29,6322.60888671875,6538.152371493253,6322.60888671875,6538.152371493253,3207500,6239.9837890625,276.8488108113052,6793.681410685111,5686.28616743989,0.5746121117642847,17.74676474618849,False,17.22195421567426,165.12766025734794,12288500.0,0.26101639744476546,10587221.41079792
2026-06-30,6394.45654296875,6418.405818410581,6322.608716643259,6322.608716643259,4441900,6228.0091552734375,263.7827307431479,6755.5746167597335,5700.4436937871415,0.6577504592760723,16.941704751335855,False,16.201519903688514,160.17547750806034,10644750.0,0.41728551633434324,10587221.41079792
