Date,Close,High,Low,Open,Volume,BB_SMA,BB_STD,BB_Upper,BB_Lower,Pct_B,BandWidth,BW_Squeeze,ADX,ATR,Vol_MA,Vol_Ratio,Equity
2018-02-06,2640.468505859375,2698.7753813830836,2582.1616303356664,2682.1162740905957,9721100,2838.2953857421876,128.8391616936131,3095.9737091294137,2580.6170623549615,0.11613596890428333,18.157259084564632,False,38.68040289157722,90.65556706010284,6904910.0,1.4078532522509344,10000000.0
2018-02-07,2740.42333984375,2765.4120025170973,2665.4573518237084,2665.4573518237084,7831900,2839.961315917969,127.25926841233205,3094.479852742633,2585.442779093305,0.30445829738760843,17.92408476820362,False,36.66139626206865,93.10470488850423,6895695.0,1.1357665906047179,10000000.0
2018-02-08,2698.775390625,2757.0822663483796,2698.775390625,2748.752712673611,3016600,2842.0437255859374,124.41905601570525,3090.881837617348,2593.2056135545267,0.21212541802508786,17.511209260519614,False,34.7866043918107,90.6191456624239,6731995.0,0.4480989662054116,10000000.0
2018-02-09,2665.457275390625,2698.7754913330077,2640.468613433838,2673.786829376221,4837300,2841.62724609375,125.02438977441098,3091.676025642572,2591.578466544928,0.14772879311588957,17.598985221763495,False,33.6444443942825,88.31112653647716,6773250.0,0.7141770937142435,10000000.0
2018-02-12,2757.08251953125,2798.7302917296074,2665.457420694864,2690.4460840138786,5472300,2845.3755737304687,121.05106058275169,3087.477694895972,2603.2734525649653,0.31765328247813934,17.01723480026168,False,31.33402200478762,91.52269009379897,6867780.0,0.7968077020521915,10000000.0
2018-02-13,2848.707275390625,2857.0368288274394,2782.0708478961074,2790.4004013329222,4569000,2849.9568115234374,119.25415321417819,3088.4651179517937,2611.448505095081,0.4973805186252753,16.73767865281174,False,29.615929114019245,92.12494860825544,6795610.0,0.6723458232594278,10000000.0
2018-02-14,2823.71875,2898.6847345132746,2823.71875,2848.7074115044247,8599600,2849.1238647460937,119.38269034564921,3087.889245437392,2610.358484054795,0.44679899851364946,16.760617791713784,False,28.425635089890555,90.89930831575681,6783760.0,1.2676745639586307,10000000.0
2018-02-15,2873.696044921875,2873.696044921875,2840.377829908288,2840.377829908288,2427900,2847.4579467773438,118.76320539200252,3084.9843575613486,2609.931535993339,0.5552319593807,16.68340078931309,False,27.320362067485345,87.97630735905098,6480355.0,0.37465540082294874,10000000.0
2018-02-16,2873.696044921875,2873.696044921875,2873.696044921875,2873.696044921875,0,2843.7096435546873,116.56361260134365,3076.8368687573748,2610.582418352,0.5643133836923522,16.39599357347006,False,26.294037118109078,81.69228540483306,6208710.0,0.0,10000000.0
2018-02-19,3023.628173828125,3023.628173828125,2873.6961982663997,2873.6961982663997,8114500,2852.4556884765625,123.32461978285379,3099.10492804227,2605.806448910855,0.8469957694841426,17.29381743331744,False,26.682146807377357,86.56655994064856,6363340.0,1.275195101943319,10000000.0
2018-02-20,2998.639404296875,3023.628065999349,2948.6620808919274,3023.628065999349,3003500,2855.7875122070313,126.4474447196538,3108.682401646339,2602.892622767724,0.7824333311095376,17.711043861513584,False,27.04253437598362,85.73795515461636,6173190.0,0.4865393742943276,10000000.0
2018-02-21,3015.29833984375,3015.29833984375,2956.991465868871,2998.639232993785,6934400,2856.620458984375,127.48856177784675,3111.5975825400687,2601.6433354286814,0.8111610144600199,17.851662635388855,False,27.377179975403724,83.77859221320657,6284500.0,1.103413159360331,10000000.0
2018-02-22,3023.628173828125,3023.628173828125,2973.650848640883,3006.9690654323776,2435500,2856.620458984375,127.48856177784675,3111.5975825400687,2601.6433354286814,0.8274954876633689,17.851662635388855,False,27.75983390690146,81.36421599706625,5952615.0,0.4091479123040882,10000000.0
2018-02-23,2890.35498046875,3065.275598883285,2890.35498046875,3031.957385851945,6156300,2849.5403442382812,121.0058268617535,3091.5519979617884,2607.528690514774,0.5843237001245786,16.98601349602579,False,26.8158844379006,88.04681616974258,6081710.0,1.012264642674511,10000000.0
2018-02-26,2965.3212890625,2998.6395057935397,2898.6848556004215,2940.3326265142205,4218600,2848.707409667969,120.10015270050289,3088.9077150689745,2608.5071042669633,0.7427429873576732,16.863810202887926,False,25.93935993097123,89.49236682367453,5906390.0,0.7142433872466938,10000000.0
2018-02-27,2965.3212890625,3023.6281683418188,2915.343963965941,3006.9690599762994,3607000,2851.62275390625,122.27793911698215,3096.1786321402146,2607.0668756722857,0.7324592154098121,17.152049856451974,False,25.403234353222032,90.8346409345462,5901465.0,0.6112041671008809,10000000.0
2018-02-28,2865.3662109375,2956.99129326399,2865.3662109375,2956.99129326399,6827800,2851.206262207031,122.21296697233298,3095.632196151697,2606.7803282623654,0.5289657249170509,17.14544031307389,False,24.15020834487392,91.48610073386433,6072505.0,1.1243794776620193,10000000.0
2018-03-01,2973.650390625,2981.979943539916,2865.3662027310925,2873.6957556460084,5175100,2857.8698974609374,125.18857406308877,3108.247045587115,2607.49274933476,0.7312121813643214,17.52194166351827,False,23.288532898183785,93.28093216778998,5814530.0,0.8900289447298406,10000000.0
2018-03-02,2890.35498046875,2948.661853273595,2873.6958739530796,2948.661853273595,3791100,2862.0346557617186,124.79417038757208,3111.622996536863,2612.446314986574,0.5567340698268942,17.44132205196638,False,22.488405697685803,93.75761677522787,5280130.0,0.7179936857615248,10000000.0
2018-03-05,2948.662109375,2948.662109375,2882.0256775247176,2898.684785487288,2150900,2874.1125244140626,120.63028594404113,3115.373096302145,2632.8519525259803,0.6545001414394392,16.78852653392667,False,21.7454338633243,91.82038928058891,4944520.0,0.43500683585059824,10000000.0
2018-03-06,2840.377685546875,2948.6618788375185,2815.3890255567267,2940.332325507469,4795800,2884.1079833984377,107.85760100407417,3099.823185406586,2668.392781390289,0.39863881301719567,14.958885260181159,False,20.389775372313817,94.78129603328067,4698255.0,1.020761963750371,10000000.0
2018-03-07,2715.434814453125,2865.366798073236,2715.434814453125,2840.378134136551,4712600,2882.8585571289063,109.73799409245633,3102.334545313819,2663.3825689439936,0.11858300750712726,15.226275159575847,False,20.355515786136422,98.72063086091143,4542290.0,1.0374943035341204,10000000.0
2018-03-08,2757.08251953125,2773.741628410593,2690.4460840138786,2715.434747332893,6486200,2885.7739135742186,105.27386164837965,3096.3216368709777,2675.2261902774594,0.19438901540250128,14.592114947493037,False,20.5829592441985,97.61883897061165,4715770.0,1.375427554778965,10000000.0
2018-03-09,2723.763916015625,2782.0707888355314,2707.104809495652,2765.411682315558,3170100,2888.689245605469,99.50058661880705,3087.690418843083,2689.6880723678546,0.08561719283705596,13.777956458303887,False,20.65290575796501,96.00077756841651,4632410.0,0.6843306184038114,10000000.0
2018-03-12,2840.377685546875,2840.377685546875,2748.752598916331,2773.7412589064793,6255900,2892.85400390625,95.35908321085758,3083.572170327965,2702.135837484535,0.3624244366859641,13.18546778815567,False,19.782865477288805,97.47313413719034,4671590.0,1.3391372102431933,10000000.0
2018-03-13,2848.707275390625,2915.3437028851426,2765.411741022478,2840.37772195381,6271800,2892.85400390625,95.35908321085758,3083.572170327965,2702.135837484535,0.38426186832667014,13.18546778815567,False,18.769947707397787,101.2201932604385,4756730.0,1.3185108257143037,10000000.0
2018-03-14,2990.309814453125,2990.309814453125,2782.0709694354982,2848.707399841139,6264600,2901.183557128906,96.27374971632099,3093.731056561548,2708.6360576962643,0.7314396644641898,13.273720579279194,False,18.656041143417642,108.86438267166623,4639980.0,1.3501351298928013,10000000.0
2018-03-15,2832.048095703125,2998.63916015625,2832.048095703125,2965.320947265625,5484600,2899.1011596679687,97.34406799970513,3093.789295667379,2704.4130236685583,0.3277936567099119,13.430930849043424,False,18.63580306228825,112.98771708462758,4792815.0,1.1443379308402264,10000000.0
2018-03-16,2840.377685546875,2915.3436655173205,2782.0708122365286,2840.377685546875,20836700,2897.4352416992188,98.08401469200017,3093.603271083219,2701.2672123152183,0.35456968617283413,13.540805092779673,False,17.89460569782751,114.4366553843536,5834650.0,3.5711996435090367,10000000.0
2018-03-19,2882.02587890625,2882.02587890625,2823.71899696306,2840.3781060896854,733100,2890.355126953125,93.4990111599687,3077.353149273062,2703.3571046331876,0.47772904776333863,12.939449590546454,False,17.206351002256827,110.42738585284194,5465580.0,0.13413032102722858,10000000.0
2018-03-20,2790.400634765625,2832.048405433769,2790.400634765625,2832.048405433769,2575300,2879.9431884765627,92.39403124996068,3064.7312509764843,2695.155125976641,0.2577155350309069,12.832757482113463,False,16.088084694220502,109.08437573054073,5444170.0,0.47303813069760864,10000000.0
2018-03-21,2857.036865234375,2857.036865234375,2782.070883347759,2807.059543976631,2853600,2872.0301147460937,86.79917266381123,3045.6284600737163,2698.431769418471,0.456816266066872,12.088894502623964,False,15.384869650915633,106.64734759883183,5240130.0,0.5445666424306267,10000000.0
2018-03-22,2790.400634765625,2873.6961761019124,2765.411972364739,2873.6961761019124,3745800,2860.3687377929687,80.82127044251655,3022.011278678002,2698.7261969079354,0.28357150709135465,11.302217000858075,False,14.953474749494257,106.76426589442767,5305645.0,0.7060027574404243,10000000.0
2018-03-23,2857.036865234375,2857.036865234375,2723.7640085470575,2773.7413298048014,4379500,2858.70283203125,80.51345070617668,3019.7297334436034,2697.675930618897,0.4948270544167989,11.265732108148901,False,13.914029936191923,108.65773666534838,5216805.0,0.839498505311201,10000000.0
2018-03-26,2773.7412109375,2857.0367427974847,2765.4116577515015,2823.718530053491,2503400,2849.123828125,78.53317586256054,3006.190179850121,2692.057476399879,0.2600293877092606,11.02558970408007,False,12.948831180982614,107.44112743802876,5131045.0,0.4878928171551799,10000000.0
2018-03-27,2665.457275390625,2815.389247131348,2665.457275390625,2798.7301391601563,3353400,2834.1306274414064,83.64000737508285,3001.410642191572,2666.8506126912407,-0.004164685490662692,11.804679229001,False,13.32522306649909,110.47618774536406,5118365.0,0.6551701568762681,10000000.0
2018-03-28,2682.115966796875,2748.7523883322015,2682.115966796875,2723.763730256454,3302900,2824.968115234375,89.84522616144564,3004.6585675572665,2645.2776629114837,0.1025049005363829,12.721591536121338,False,13.67472981733582,108.53468240223637,4942120.0,0.6683164310053176,10000000.0
2018-03-29,2873.696044921875,2873.696044921875,2690.445862347147,2690.445862347147,8105800,2819.9703979492188,83.70989288548068,2987.39018372018,2652.5506121782573,0.6604519045501456,11.873868313845772,False,13.185852019503645,114.46649638243377,5088655.0,1.592916006292429,10000000.0
2018-03-30,2873.696044921875,2873.696044921875,2873.696044921875,2873.696044921875,0,2819.137451171875,83.05298145748777,2985.2434140868504,2653.0314882568996,0.6642282817322064,11.784169150456112,False,12.731894064373769,106.2903180694028,4899100.0,0.0,10000000.0
2018-04-02,2898.684814453125,2907.014368517646,2790.400611614359,2832.0483819369615,2249200,2816.6385864257813,79.63218612456033,2975.902958674902,2657.3742141766606,0.7575787254509354,11.308825563681692,False,12.40871584483782,107.02770655753737,4904015.0,0.458644600393759,10000000.0
2018-04-03,2907.014404296875,2907.014404296875,2840.377970960557,2873.696187628716,2524100,2819.970422363281,82.03549850587964,2984.0414193750403,2655.899425351522,0.7652631589949908,11.636362971088124,False,12.108621280555376,104.14261561316458,4790430.0,0.526904682878155,10000000.0
2018-04-04,2790.400634765625,2907.014392636427,2790.400634765625,2907.014392636427,843500,2823.718713378906,78.65056716552745,2981.019847709961,2666.417579047851,0.3940946015584346,11.141416713056802,False,12.414897765447833,105.03341232159926,4596975.0,0.18349022998819875,10000000.0
2018-04-05,2857.036865234375,2865.3664187773325,2815.389097519588,2815.389097519588,933500,2828.7164306640625,77.35852824249002,2983.433487149043,2673.999374179082,0.5915233110483259,10.939029081020983,False,12.699297358562259,102.88572458517842,4319340.0,0.21612098144623948,10000000.0
2018-04-06,2915.34375,2932.0028571428575,2848.7073214285715,2848.7073214285715,4407400,2838.2954223632814,75.51807606194774,2989.331574487177,2687.259270239386,0.7550658453398479,10.642736547708392,False,11.955468894586932,101.48642538011468,4381205.0,1.0059789487138813,10000000.0
2018-04-09,3006.96875,3006.96875,2915.343663434903,2915.343663434903,5081800,2846.6249755859376,84.42229155861905,3015.4695587031756,2677.7803924686996,0.974826528200573,11.862790818273048,False,11.873904470260255,100.78204403618484,4322500.0,1.1756622325043378,10000000.0
2018-04-10,3123.58251953125,3123.58251953125,3006.9687721354167,3006.9687721354167,14125800,2860.3687377929687,104.71481776003661,3069.798373313042,2650.9391022728955,1.128406245096705,14.643541075873099,False,12.923451608742543,101.91288157154665,4715200.0,2.9958008143875126,10000000.0
2018-04-11,3131.912109375,3148.5712163397607,3040.2870210688166,3123.58255589262,18796500,2867.4488525390625,117.91772931783622,3103.2843111747347,2631.6133939033903,1.0606944315453652,16.449148407780328,False,14.103467930549627,102.36797540721791,5341795.0,3.518761015725987,10000000.0
2018-04-12,3156.900634765625,3156.900634765625,3048.6164441272263,3131.911975387533,3670100,2883.6914794921877,134.05416990409117,3151.79981930037,2615.5831396840053,1.0095126012657876,18.59480056829073,False,15.269071848013867,102.79056220944513,5251070.0,0.6989242192543615,10000000.0
2018-04-13,3131.912109375,3165.2303233045213,3123.58255589262,3156.9007698221412,2552400,2898.268200683594,144.53695015543647,3187.342100994467,2609.194300372721,0.9041248767878095,19.94804347249099,False,16.424535115164172,98.42321972390629,4336855.0,0.5885370850535699,10000000.0
2018-04-16,3131.912109375,3131.912109375,3131.912109375,3131.912109375,0,2910.7625122070312,153.57685816065364,3217.9162285283387,2603.608795885724,0.8599982442286789,21.104690955251716,False,17.49746529180374,91.39298974362727,4300200.0,0.0,10000000.0
2018-04-17,3131.912109375,3131.912109375,3131.912109375,3131.912109375,0,2927.8380859375,158.39986614649027,3244.6378182304807,2611.0383536445197,0.8220867990645421,21.64052266514188,False,18.493757598683334,84.8649190476539,4171435.0,0.0,10000000.0
2018-04-18,3098.593994140625,3148.571316626764,3031.957564159106,3073.6053328975554,7893900,2939.9159423828123,161.8880557533255,3263.6920538894633,2616.1398308761613,0.7450428646811288,22.02621556888659,False,17.72266678260973,87.13269286336849,4423450.0,1.7845573025579582,10000000.0
2018-04-19,3098.593994140625,3098.593994140625,3098.593994140625,3098.593994140625,0,2955.3256103515623,161.574791037251,3278.4751924260645,2632.17602827706,0.7216750256480792,21.86896638005723,False,17.00665388196995,80.9089290874136,4236160.0,0.0,10000000.0
2018-04-20,3098.593994140625,3098.593994140625,3098.593994140625,3098.593994140625,0,2967.403466796875,162.8640874966871,3293.131641790249,2641.675291803501,0.7013803800460595,21.953750383999996,False,16.3417847599473,75.12971986688406,4017185.0,0.0,10000000.0
2018-04-23,3073.605224609375,3181.8894195143125,3065.275671155149,3181.8894195143125,5162700,2982.3966674804688,157.8219068926803,3298.0404812658294,2666.752853695108,0.6444801911925455,21.167124898380255,False,16.76789715402046,78.09286475918972,4150150.0,1.243979133284339,10000000.0
2018-04-24,3031.957275390625,3081.934593116844,3031.957275390625,3081.934593116844,7740600,3000.7216674804686,139.27195937742965,3279.2655862353276,2722.1777487256095,0.5560694486704021,18.5651286337887,False,16.605956362009202,76.08461139969182,4369510.0,1.7715029831720261,10000000.0
2018-04-25,3031.957275390625,3031.957275390625,3031.957275390625,3031.957275390625,0,3018.213732910156,117.40248323860874,3253.0186993873735,2783.4087664329386,0.5292658683644207,15.559200723059394,False,16.45558276942732,70.64999629971383,4204365.0,0.0,10000000.0
2018-04-26,3031.957275390625,3031.957275390625,3031.957275390625,3031.957275390625,0,3026.1267944335937,112.37500899975483,3250.876812433103,2801.376776434084,0.5129710355730518,14.853972306310876,False,16.315950147744143,65.60356799259142,3799075.0,0.0,10000000.0
2018-04-27,3031.957275390625,3031.957275390625,3031.957275390625,3031.957275390625,0,3034.0398559570312,106.49468495860464,3247.0292258742406,2821.050486039822,0.49511106923501447,14.039984972446968,False,16.18629128475262,60.91759885026347,3799075.0,0.0,10000000.0
2018-04-30,3065.275634765625,3090.2642948316493,2998.639207922894,3065.275634765625,8844100,3042.3693969726564,101.76037438663451,3245.8901457459256,2838.8486481993873,0.5562749447686218,13.379095186520395,False,16.8635805834357,63.110990854441454,4128820.0,2.142040583023721,10000000.0
2018-05-01,3065.275634765625,3065.275634765625,3065.275634765625,3065.275634765625,0,3050.2824584960936,96.70892108877567,3243.700300673645,2856.864616318542,0.5387585139528343,12.68196272373502,False,17.492492075069986,58.603062936267065,4002615.0,0.0,10000000.0
2018-05-02,3198.548583984375,3206.878137588501,3015.2984046936035,3065.2757263183594,9130900,3070.6898559570313,80.72524459522054,3232.1403451474725,2909.23936676659,0.8959688467605883,10.51558423441774,True,19.50442876958803,68.10139650474066,4416985.0,2.0672245887183225,10000000.0
2018-05-03,3098.593994140625,3198.548639112903,3098.593994140625,3198.548639112903,5321100,3082.767712402344,63.25732133244518,3209.282355067234,2956.2530697374536,0.5625472332882504,8.207860887857798,True,21.372655700211933,70.37662853813619,4636365.0,1.1476878977388536,10000000.0
2018-05-04,3023.628173828125,3090.264607411114,3015.2986196302513,3090.264607411114,5973200,3088.18193359375,51.762977704070124,3191.70788900189,2984.6559781856095,0.18822427423573004,6.704653911867564,True,21.4944303271058,71.29939610758173,4714655.0,1.2669431803599627,10000000.0
2018-05-07,3048.61669921875,3081.934914510758,2915.3438380507173,3081.934914510758,5888400,3090.2643310546873,49.0927212704691,3188.4497735956256,2992.078888513749,0.28791340774080443,6.354501235007833,True,20.140152931405186,78.10594470418594,4754985.0,1.238363527960656,10000000.0
2018-05-08,2890.35498046875,3048.616492367615,2873.6958739530796,3048.616492367615,4830000,3078.6029541015623,65.66490004983152,3209.932754201225,2947.2731540018995,-0.21669938387919457,8.531778995709386,True,19.030842375981006,85.02129331572054,4290195.0,1.1258229521035756,10000000.0
2018-05-09,2757.08251953125,2907.0144994453362,2748.7529650915785,2890.3553905659933,12575700,3059.861474609375,96.09051807423576,3252.0425107578462,2867.6804384609036,-0.2877441009429518,12.561420688039831,False,19.252743396241588,90.25273910415177,3979155.0,3.1603946063925634,9976169.377809033
2018-05-10,2757.08251953125,2757.08251953125,2757.08251953125,2757.08251953125,0,3039.870568847656,114.63905286240978,3269.1486745724756,2810.5924631228368,-0.11669222279734297,15.084728150891857,False,19.458794343626412,83.80611488242664,3795650.0,0.0,9976169.377809033
2018-05-11,2865.3662109375,2981.9799520803053,2773.7411286110105,2773.7411286110105,9748700,3026.5432739257812,118.79392291981796,3264.131119765417,2788.9554280861453,0.16080532777533052,15.700277467465826,False,18.906306032908393,93.88406614432868,4155465.0,2.345994972885104,10365990.666871533
2018-05-14,2915.34375,2932.0028571428575,2807.0595535714288,2865.3664285714285,7898300,3015.7148559570314,118.55391317526338,3252.8226823075584,2778.6070296065045,0.2883429081572187,15.724817343533706,False,18.393281172955948,96.10258310340726,4550380.0,1.7357451465591884,10545909.807496533
2018-05-15,2915.34375,2973.650625,2865.3664285714285,2940.3324107142857,10287300,3004.886437988281,117.2655647281504,3239.417567444582,2770.3553085319804,0.3091027655990432,15.60998289261908,False,18.271248089824194,96.97269834091901,5064745.0,2.031158528218104,10545909.807496533
2018-05-16,2840.377685546875,2915.3436655173205,2807.0594722266774,2915.3436655173205,8481800,2991.975622558594,120.57347207535511,3233.122566709304,2750.8286784078837,0.18567311199893471,16.1195794733443,False,17.506913840362575,97.78066830037642,5094140.0,1.6650111696969458,10276031.975465283
2018-05-17,2815.38916015625,2915.3438048955254,2798.730052699704,2915.3438048955254,11788300,2977.815380859375,123.97502588980669,3225.7654326389884,2729.865329079762,0.17246181330202873,16.653151392351038,False,16.70593950104306,99.12588857862248,5683555.0,2.0741067870373384,10186073.284059033
2018-05-18,2840.377685546875,2890.355005527172,2823.7185788867764,2832.0481322168257,4011400,2964.9045654296874,124.18030130433371,3213.2651680383547,2716.54396282102,0.24930226739901884,16.75336235132234,False,15.962177614532079,97.40017120664389,5884125.0,0.6817326280458011,10276031.975465283
2018-05-21,2857.036865234375,2882.0255258632474,2790.4004368907163,2840.3777581484605,3908800,2954.0761474609376,123.64395235681556,3201.3640521745688,2706.7882427473064,0.30379290620999483,16.742148297441688,False,14.875150725439259,96.98766533277869,5821430.0,0.6714501419754253,10336005.022340283
2018-05-22,2798.729736328125,2907.013922555106,2798.729736328125,2865.3661586216517,3227500,2942.4147705078126,126.86835183500088,3196.151474177814,2688.678066837811,0.21686194369704234,17.24683455325442,False,14.152635116679974,97.79455968236458,5595775.0,0.5767744414312584,10126099.358277783
2018-05-23,2798.729736328125,2873.6957114083425,2798.729736328125,2798.729736328125,3877000,2930.7533935546876,128.90710034483087,3188.5675942443495,2672.9391928650257,0.24395580834299518,17.59371506702999,False,13.481727765689211,96.16394649649693,5789625.0,0.669646134248764,10126099.358277783
2018-05-24,2981.97998046875,3056.9459576313725,2848.707132179644,2848.707132179644,7655800,2928.254528808594,127.31660099195518,3182.8877307925045,2673.6213268246834,0.6054957704682024,17.391466450664865,False,14.600450311978653,107.73910898269341,6172415.0,1.2403248971431766,10749316.368158596
2018-05-25,3123.58251953125,3123.58251953125,2981.980111979167,2981.980111979167,7222500,2932.835791015625,132.7759937713955,3198.387778558416,2667.2838034728343,0.8591513855359266,18.108888902425157,False,16.100464649889382,110.15792541696531,6533540.0,1.1054497255699054,10749316.368158596
2018-05-28,3123.58251953125,3148.5711796875003,3098.593859375,3131.9120729166666,6807400,2935.7511352539063,136.4269311860434,3208.6049976259933,2662.8972728818194,0.8441977743038152,18.588350973999603,False,17.656607783953998,105.85931076664637,6431705.0,1.0584129713660686,10749316.368158596
2018-05-29,3123.58251953125,3123.58251953125,3123.58251953125,3123.58251953125,0,2938.6664794921876,139.91875308064647,3218.5039856534804,2658.8289733308948,0.8303989564795514,19.04520353801087,False,19.101597837014,98.29793142617163,6431705.0,0.0,10749316.368158596
2018-05-30,3040.287353515625,3123.58289744756,3031.9577991224314,3081.9351254815924,8239400,2930.75341796875,128.45307452790118,3187.6595670245524,2673.8472689129476,0.7131788903252043,17.531747807965314,False,19.151736518978733,97.82130049038284,6387130.0,1.2900003600991368,10749316.368158596
2018-05-31,3065.275634765625,3115.252954897673,3040.286974699601,3081.934741476308,21525100,2929.0875,126.36078607792815,3181.8090721558565,2676.3659278441437,0.76944303488591,17.255993353278548,False,19.19829386651741,96.18877761236064,7197330.0,2.9907062757994978,10749316.368158596
2018-06-01,3065.275634765625,3065.275634765625,3065.275634765625,3065.275634765625,0,2931.169873046875,128.32862018217213,3187.827113411219,2674.512632682531,0.7612545851587447,17.512273357091754,False,19.241525689231896,89.31815064004917,6898670.0,0.0,10749316.368158596
2018-06-04,3095.725341796875,3138.016671602843,3087.267075835681,3104.1836077580683,8139700,2933.5253051757813,131.0022588207731,3195.5298228173274,2671.5207875342353,0.8095367173076821,17.8627753562771,False,19.940847041910377,88.13407108270408,7011235.0,1.1609509594244096,10749316.368158596
2018-06-05,3163.3916015625,3171.8498678768383,3095.725471047794,3095.725471047794,10257300,2947.177136230469,140.17238108525214,3227.5218984009734,2666.8323740599644,0.8856224451244257,19.0246292782438,False,20.866478127968517,87.27624643965116,7282600.0,1.4084667563782165,10749316.368158596
2018-06-06,3163.3916015625,3171.8498678768383,3121.100269990809,3163.3916015625,10094500,2967.4925903320313,140.6144430286354,3248.721476389302,2686.2637042747606,0.8482910556893769,18.953973935672348,False,21.725992707879644,84.66720011439246,7158540.0,1.410133909987232,10749316.368158596
2018-06-07,3095.725341796875,3154.9332035252305,3095.725341796875,3154.9332035252305,6454700,2984.4247314453123,134.18630073169228,3252.7973329086967,2716.052129981928,0.7073620961019526,17.984879875554142,False,22.094479664112384,83.45284723233763,7481275.0,0.8627807425873264,10749316.368158596
2018-06-08,2926.560302734375,3112.642171694364,2867.352435338015,3104.1839049234554,24179400,2987.4844360351562,132.0086575586016,3251.5017511523592,2723.4671209179533,0.3846209513309085,17.674891419189713,False,21.359403006635567,95.01262502690989,8202810.0,2.947697191572156,10749316.368158596
2018-06-11,2926.560302734375,2926.560302734375,2926.560302734375,2926.560302734375,0,2988.045263671875,131.70953061109913,3251.4643248940733,2724.626202449677,0.3832943966692742,17.631530848933284,False,20.67683182469281,88.22600895355919,7807895.0,0.0,10749316.368158596
2018-06-12,2926.560302734375,2926.560302734375,2926.560302734375,2926.560302734375,0,2988.606091308594,131.4072032794219,3251.420497867438,2725.79168474975,0.3819589280005339,17.587758207624333,False,20.043015727174534,81.92415117116211,7293530.0,0.0,10749316.368158596
2018-06-13,2926.560302734375,2926.560302734375,2926.560302734375,2926.560302734375,0,2992.9152221679688,127.64998522492306,3248.215192617815,2737.6152517181226,0.3700451877909065,17.060287478835786,False,19.454472208050422,76.07242608750768,6869440.0,0.0,10749316.368158596
2018-06-14,2926.560302734375,2926.560302734375,2926.560302734375,2926.560302734375,0,2998.473779296875,121.79909629841097,3242.071971893697,2754.8755867000527,0.35239324685482487,16.24814559185137,False,18.907967511720884,70.63868136697143,6280025.0,0.0,10749316.368158596
2018-06-15,2926.560302734375,2926.560302734375,2926.560302734375,2926.560302734375,0,3002.78291015625,117.3548775476185,3237.4926652514873,2768.073155061013,0.3376236910328958,15.632815432736294,False,18.400498865129173,65.59306126933062,6079455.0,0.0,10749316.368158596
2018-06-18,2926.560302734375,2926.560302734375,2926.560302734375,2926.560302734375,0,3006.25908203125,113.7859207028808,3233.8309234370113,2778.6872406254884,0.3248931440626444,15.139868866657839,False,17.9292779790083,60.90784260723558,5884015.0,0.0,10749316.368158596
2018-06-19,2926.560302734375,2926.560302734375,2926.560302734375,2926.560302734375,0,3012.6506103515626,104.74628812966185,3222.1431866108865,2803.1580340922387,0.2945265909790062,13.907525521844502,False,17.491715727610348,56.557282421004466,5722640.0,0.0,10749316.368158596
2018-06-20,3214.14111328125,3214.14111328125,2926.560066303454,2960.393130653783,25666100,3033.421179199219,101.2219719451168,3235.8651230894525,2830.977235308985,0.9463456169872353,13.347565796562153,False,18.672693559631178,73.05897988934673,6812095.0,3.7677249069485965,10749316.368158596
2018-06-21,3171.849853515625,3222.599451171875,3104.183723307292,3205.682918619792,13272400,3042.9146728515625,104.97760086807746,3252.8698745877173,2832.9594711154077,0.8070540277113305,13.799611511249015,False,19.82971621277776,76.29874760186361,7092925.0,1.8712167406253415,10749316.368158596
2018-06-22,3061.892333984375,3180.30805960808,3061.892333984375,3180.30805960808,9278900,3039.8301635742187,103.37672627740179,3246.583616129022,2833.076711019415,0.5533538137756331,13.602960785921258,False,20.282153055536277,79.30710317485227,7195745.0,1.289498168709425,10749316.368158596
2018-06-25,3087.26708984375,3104.183621842894,3044.9757598458905,3061.8922918450344,3447800,3038.0143920898436,102.13975655281617,3242.293905195476,2833.7348789842113,0.6205522203502561,13.448225501335356,False,20.45843693438107,77.87144309072022,7027765.0,0.49059693942526533,10749316.368158596
2018-06-26,3146.47509765625,3171.8498968308973,3070.3507001323087,3095.725499306956,6034200,3039.1590209960937,103.27115157787186,3245.7013241518375,2832.61671784035,0.7597920014943242,13.592069498755546,False,21.198132092341723,79.55913977699653,7329475.0,0.8232786113602952,10749316.368158596
2018-06-27,3087.26708984375,3154.933217840325,3087.26708984375,3129.5584198416095,4219700,3041.5080078125,103.83094625117643,3249.169900314853,2833.8461153101475,0.6101768877280442,13.655192882540284,False,21.884991881876616,78.70963893553785,7128490.0,0.5919486455055699,10749316.368158596
2018-06-28,3011.14306640625,3087.267469770453,3002.684799365783,3078.809202729986,10334000,3038.801379394531,103.88431202586088,3246.570003446253,2831.032755342809,0.4334396299862009,13.674380001309524,False,21.294622726566434,79.129141183333,6568935.0,1.5731621640342004,10749316.368158596
2018-06-29,3112.6416015625,3112.6416015625,3011.142418902853,3011.142418902853,6841400,3041.169677734375,105.05296180310121,3251.2756013405774,2831.0637541281726,0.6700854564245496,13.817441699782309,False,20.99775724462176,80.72700128878401,6911005.0,0.9899283823409186,10749316.368158596
2018-07-02,3087.26708984375,3163.3914838398973,3044.9757598458905,3112.6418878424656,6934500,3040.7467651367188,104.83858387491372,3250.423932886546,2831.0695973868915,0.6109332151093727,13.791162760007062,False,21.199509587855236,83.41905291058565,6850745.0,1.012225677645278,10749316.368158596
2018-07-03,3028.05908203125,3087.266941177112,2968.8512228853874,3087.266941177112,3544400,3033.9801391601563,100.7954994733588,3235.571138106874,2832.3891402134386,0.48531418277640626,13.288880592509129,False,20.367271582382834,85.91882534256972,6515100.0,0.5440284876671118,10749316.368158596
2018-07-04,3028.05908203125,3087.266941177112,2994.2260196621855,3044.975613215782,1338100,3027.213513183594,96.08299848017104,3219.379510143936,2835.047516223252,0.5022001000724144,12.695899785294568,False,19.59447914872989,86.42754649773806,6077280.0,0.22018073875154676,10749316.368158596
2018-07-05,3163.3916015625,3188.766400505515,3011.1428079044117,3087.267204733456,9777500,3030.596826171875,99.74403406534215,3230.0848943025594,2831.1087580411904,0.832838892659062,13.164936121355977,False,19.85436225711598,92.94154979083557,6243420.0,1.566048736109376,10749316.368158596
2018-07-06,3095.725341796875,3188.766267370005,3078.8088098744875,3188.766267370005,5116800,3039.055078125,97.60712310003382,3234.2693243250674,2843.8408319249324,0.6451488935233649,12.847035751685581,False,20.095682286331638,94.15697176974143,5290290.0,0.9672059565732691,10749316.368158596
2018-07-09,3104.18408203125,3138.0171510452146,3078.8092802707765,3104.18408203125,1611400,3047.9362670898436,94.87528140960575,3237.686829909055,2858.185704270632,0.6482151465210609,12.451084681005135,False,20.31976517060332,91.66060741293406,5370860.0,0.30002643896880576,10749316.368158596
2018-07-10,3138.0166015625,3163.391398879717,3104.1835384728774,3129.5583357900946,6624200,3058.50908203125,92.38697648258108,3243.283034996412,2873.7351290660877,0.7151480721588523,12.082615941911676,False,20.775186478530628,89.34255405535589,5702070.0,1.1617184636456586,10749316.368158596
2018-07-11,3163.3916015625,3171.8498678768383,3121.100269990809,3138.016802619485,9928600,3070.3506469726562,89.72388181418869,3249.7984106010335,2890.902883344279,0.7592424466836057,11.689072960139683,False,21.28151554082238,86.58591432897542,6198500.0,1.6017746228926353,10749316.368158596
2018-07-12,3205.6826171875,3205.6826171875,3146.474758822559,3163.391289783971,7242300,3084.3067626953125,87.86974215253538,3260.046247000383,2908.567278390242,0.8453289252900278,11.395720194284143,False,22.08264516130935,84.63033890297297,6560615.0,1.1039056551862898,10749316.368158596
2018-07-13,3256.4326171875,3256.4326171875,3180.3082183441556,3214.141284496753,10088700,3100.8003784179687,87.66062462865494,3276.1216276752784,2925.479129160659,0.943848761712615,11.308128732024914,False,23.279824207704618,84.02277175585664,7065050.0,1.4279729088966109,10749316.368158596
2018-07-16,3273.348876953125,3298.7236744488855,3171.8496869700825,3256.4323452892845,7163200,3118.1398071289063,85.65646861845772,3289.4527443658217,2946.826869891991,0.9529986827835834,10.988149847883529,False,24.731354740898006,87.08357287892424,7423210.0,0.9649733740524652,10749316.368158596
2018-07-17,3222.599609375,3273.3492095226375,3188.766542609908,3273.3492095226375,4162300,3132.9417724609375,75.82207772317952,3284.5859279072965,2981.2976170145785,0.7956191639900593,9.680623928560408,False,26.07920452172044,86.90493673848177,7631325.0,0.545422977005959,10749316.368158596
2018-07-18,3273.348876953125,3273.348876953125,3205.6827502977635,3222.5992819616035,3899500,3135.9021606445312,80.1893502619411,3296.2808611684136,2975.523460120649,0.9285067651116373,10.22855257007886,False,27.33077931819841,85.53073601825889,6542995.0,0.5959808925423297,10749316.368158596
2018-07-19,3391.7646484375,3408.6811803499063,3197.224531444825,3239.5158612258415,12748200,3146.897900390625,98.39008192388557,3343.6780642383965,2950.117736542854,1.122183514991641,12.506294775139985,False,29.44849748151853,94.52544408160335,6516785.0,1.956210002324766,10749316.368158596
2018-07-20,3349.473388671875,3484.8056468000314,3298.723791873816,3391.764719336924,5631800,3161.276953125,106.03060511012602,3373.3381633452523,2949.215742904748,0.9437314003617382,13.416174119804621,False,31.801017184099145,101.06518771336135,6334430.0,0.8890776281370226,10749316.368158596
2018-07-23,3569.388427734375,3662.429358315129,3349.4735009071387,3349.4735009071387,22526900,3185.383020019531,138.23373832272313,3461.8504966649775,2908.915543374085,1.1944856812349554,17.358507589693325,False,34.63020536864489,116.20024356549654,7288385.0,3.0907944626964685,10749316.368158596
2018-07-24,3721.63720703125,3823.1364035866477,3518.6388139204546,3594.7632113370028,19957100,3214.1411254882814,182.46512512702017,3579.071375742322,2849.210875234241,1.1953329864949305,22.70779259567213,False,37.64428265178398,129.65005400126057,7984530.0,2.49947085175959,10749316.368158596
2018-07-25,3687.803955078125,3806.2196784063217,3653.970891270069,3730.0952848381953,9174800,3244.16796875,208.09969078024187,3660.3673503104837,2827.9685871895163,1.0329608908412735,25.65831273655342,False,40.443068700413136,131.2642492251886,8232285.0,1.1144900838588556,10749316.368158596
2018-07-26,3721.63720703125,3747.012006170099,3594.7632113370028,3687.804141512784,7327400,3279.69267578125,226.09270536351283,3731.8780865082754,2827.5072650542243,0.9886762385140201,27.574864807679656,False,42.09589592654303,132.76314534003916,8081955.0,0.9066370698673774,10749316.368158596
2018-07-27,3848.5107421875,3966.9264573317305,3721.636761675824,3721.636761675824,12435000,3316.4861328125,255.4472938344517,3827.3807204814034,2805.5915451435962,1.0206794338950704,30.809390855836117,False,44.230344166067184,140.80075607688684,8361635.0,1.4871493433999452,10749316.368158596
2018-07-30,3907.718994140625,3933.0937928038757,3806.2197994876215,3882.344195477374,10789400,3357.5087280273438,281.27257232564904,3920.0538726786417,2794.963583376046,0.9890365434176286,33.509675787607755,False,46.2123318170539,139.8059873082702,8554380.0,1.2612720033479925,10749316.368158596
2018-07-31,3823.13671875,4144.550867671461,3755.4705821349557,3907.7193895188057,18178700,3397.2626098632813,288.356127857643,3973.9748655785675,2820.550354147995,0.8692258181322282,33.95158525813788,False,48.46208578736025,157.61129432457267,9286095.0,1.9576258911846154,10749316.368158596
2018-08-01,4059.967529296875,4059.9675292968745,3823.1360900878904,3823.1360900878904,7661500,3448.8580322265625,310.30211815422496,4069.4622685350123,2828.2537959181127,0.9923504073267249,35.988969711681136,False,50.55114304550187,163.26987610203062,9602265.0,0.7978846657533405,10749316.368158596
2018-08-02,4059.967529296875,4186.841514587402,4043.0509979248045,4059.9675292968745,5918100,3493.6868286132812,330.9660501553138,4155.618928923909,2831.754728302654,0.9277483297893035,37.89304152217689,False,52.68934110077473,161.87849328492828,9409295.0,0.6289631688665304,10749316.368158596
2018-08-03,3983.843017578125,4136.091795319964,3933.093424997512,4059.9674064490446,7781500,3538.0927124023438,334.3236766842987,4206.740065770941,2869.445359033746,0.8333224179607704,37.797050994437626,False,53.331953118898184,164.81562735903714,9542530.0,0.8154546016622426,10749316.368158596
2018-08-06,3933.093017578125,4076.8835149949596,3907.7182239163308,3983.842604901714,11207400,3579.5381591796877,329.0391222499561,4237.6164036796,2921.4599146797755,0.7686267638790515,36.76889113822003,False,53.63723829363622,165.12631762472228,10022330.0,1.1182429634625881,10749316.368158596
2018-08-07,4051.509521484375,4136.092183728308,3933.0937943428694,3933.0937943428694,10763000,3625.2128051757813,327.9249232680741,4281.06265171193,2969.3629586396332,0.8249956667368812,36.18269501860855,False,54.10127739975049,167.8315210908266,10229270.0,1.0521767437950118,10749316.368158596
2018-08-08,4178.3837890625,4186.842055841978,4059.9680541497974,4136.092455165106,12094500,3675.9624145507814,331.2154019254532,4338.393218401688,3013.5316106998753,0.879225552005579,36.04121746341947,False,54.68072576500188,165.5101648955964,10337565.0,1.1699563678680618,10749316.368158596
2018-08-09,4127.6337890625,4212.216448674436,4034.59286348937,4186.841650790855,7914200,3722.0599731445313,326.44121350029195,4374.942400145115,3069.1775461439474,0.8106024906974606,35.081778999332194,False,54.90219540056154,166.3754092019871,10371160.0,0.7630968956220905,10749316.368158596
2018-08-10,4093.80078125,4169.925175942665,4017.676386557335,4127.633845557852,4386800,3763.9283813476563,317.1448758471035,4398.218133041863,3129.6386296534492,0.7600328942894352,33.7036036518369,False,54.89101876074051,165.36636492936879,10086065.0,0.43493671714390103,10749316.368158596
2018-08-13,3780.84521484375,4085.3428160392195,3763.9286814440015,4085.3428160392195,14931800,3789.3031982421876,295.38350412911905,4380.070206500426,3198.5361899839495,0.49284152357849625,31.180772683077357,False,52.25991643700343,177.11677456341377,10474495.0,1.4255388923284606,10749316.368158596
2018-08-14,3738.55419921875,3916.1778150187356,3730.095931799703,3780.8455363139847,9691600,3815.100927734375,264.16590899702203,4343.432745728419,3286.7691097403313,0.42755809331505373,27.696872402680967,False,49.53911788814436,177.75713946738654,10750960.0,0.9014636832431708,10749316.368158596
2018-08-15,3865.427978515625,3975.3854483639907,3730.095707933021,3763.9287755786722,11088500,3844.7048828125,231.4028802119721,4307.510643236444,3381.8991223885555,0.5223885455575816,24.07496931652085,False,47.37084849755703,182.58089667907103,11110410.0,0.9980279755652581,10749316.368158596
2018-08-16,4034.592529296875,4059.9673250786163,3865.427224085266,3865.427224085266,11025800,3876.8462768554687,208.71028075814314,4294.266838371755,3459.4257153391823,0.688953620143185,21.534026974877026,True,45.83352351530633,183.4351255586624,11024290.0,1.0001369702720084,10749316.368158596
2018-08-17,4034.592529296875,4034.592529296875,4034.592529296875,4034.592529296875,0,3911.1022338867188,170.28334741254065,4251.6689287118,3570.5355390616373,0.6813011919347874,17.41538187748356,True,44.406007460359255,170.33261659018652,10742700.0,0.0,10749316.368158596
2018-08-20,4153.00927734375,4313.716357322429,4026.1352668342665,4026.1352668342665,14027100,3940.2832763671877,158.22235806950877,4256.727992506205,3623.83856022817,0.8361187438552614,16.062028739759494,True,44.3511562045885,178.70750758289907,10317710.0,1.3595167920013258,10749316.368158596
2018-08-21,4356.00634765625,4356.00634765625,4161.4662583434465,4161.4662583434465,8893500,3972.0017333984374,174.8006888017156,4321.6031110018685,3622.4003557950064,1.049203519863424,17.603284241485603,True,44.45187786551923,180.44247634929914,9764530.0,0.9107965257928441,10749316.368158596
2018-08-22,4356.00634765625,4356.00634765625,4356.00634765625,4356.00634765625,0,4005.4118530273436,181.3569872991508,4368.125827625645,3642.697878429042,0.9832933374254232,18.111194948612212,True,44.54540512209777,167.55372803863492,9305790.0,0.0,10749316.368158596
2018-08-23,4482.8818359375,4482.8818359375,4334.862152675412,4377.153490750295,7561300,4043.474084472656,197.80261900511184,4439.079322482879,3647.8688464624324,1.055361392173337,19.567591123157538,True,45.0812039147703,166.1584391260244,9317485.0,0.8115172710232429,10749316.368158596
2018-08-24,4546.31787109375,4588.60920012718,4313.715561409884,4313.715561409884,5010700,4078.3644409179688,221.7022748822307,4521.76899068243,3634.959891153507,1.0276822603921867,21.74423380685708,False,45.90138540361567,173.92523909682953,8946270.0,0.5600881708242653,10749316.368158596
2018-08-27,4169.9248046875,4609.754601530806,4169.9248046875,4567.463274911257,8704400,4091.4747314453125,218.81401769114933,4529.102766827611,3653.846696063014,0.5896309958451998,21.392190547768898,False,45.307145328980155,192.91842179300644,8842020.0,0.9844356832488503,10749316.368158596
2018-08-28,4178.3837890625,4313.7160575341595,4144.550721944585,4186.842055841978,11852500,4109.237084960938,210.1315106527672,4529.500106266472,3688.9740636554034,0.5822659865323863,20.454552152448,True,44.534026547160664,191.22177277847555,8525710.0,1.3902067980262054,10749316.368158596
2018-08-29,4195.30029296875,4271.424693446005,4144.55069265058,4178.38375952936,9821400,4116.003723144531,210.63980510842305,4537.283333361377,3694.7241129276854,0.5941139422620078,20.47032211598672,False,43.816130266497524,186.62550335111487,8633705.0,1.1375649272241755,10749316.368158596
2018-08-30,4119.17529296875,4250.278408042704,4085.3422310141814,4220.674478832457,8977300,4118.964111328125,210.22646289136074,4539.417037110847,3698.5111855454034,0.5002511358914102,20.415469249968783,False,42.59768226785907,185.07626575664398,8786665.0,1.0216959449347391,10749316.368158596
2018-08-31,4212.21630859375,4292.569832552867,4076.884057715236,4119.175386114772,19994600,4130.382775878907,208.6975515722322,4547.777879023371,3712.987672734442,0.5980288605428611,20.210964735860173,False,41.687663092736834,187.2626592624288,9397320.0,2.1276917248747513,10749316.368158596
2018-09-03,4250.27880859375,4334.861471451337,4220.6748765935945,4229.133142879353,7175800,4146.2420654296875,204.93389964390605,4556.1098647174995,3736.3742661418755,0.6269149995984524,19.770567797050997,False,41.06103082807467,182.64712380494012,9195740.0,0.7803395920284828,10749316.368158596
2018-09-04,4017.6767578125,4271.424763569079,3958.468889802631,4250.279096422697,10235800,4144.550427246094,205.89441748616542,4556.339262218425,3732.761592273763,0.3459481430062098,19.871339109074356,False,38.33897574593495,191.95489165933355,9169380.0,1.1163023017913971,10749316.368158596
2018-09-05,3882.343994140625,4169.925030743634,3823.136133663535,3975.384917747481,15621900,4129.7484375,213.8227562933233,4557.393950086647,3702.102924913354,0.21073653753206614,20.710487287963122,False,36.208424770962594,203.01446347510253,9345750.0,1.6715512398683894,10749316.368158596
2018-09-06,4093.80078125,4127.633845557852,3848.5110650180786,3848.5110650180786,13061900,4128.056787109375,213.9741474423065,4556.005081993988,3700.1084922247624,0.45997646646937623,20.73364379196337,False,34.23005600848826,208.4507718368647,9603135.0,1.360170402686206,10749316.368158596
2018-09-07,4153.00927734375,4186.842346812945,4102.259673139956,4119.176207874554,5244900,4131.0172119140625,213.88482515874497,4558.786862231553,3703.2475615965727,0.5257054999266133,20.710136432439967,False,31.97851240370558,200.2072571030133,9646040.0,0.5437360823716261,10749316.368158596
2018-09-10,4161.466796875,4186.841594416921,4059.967606707317,4186.841594416921,4957100,4150.048291015625,197.38431128494824,4544.816913585521,3755.279668445729,0.5144622763899543,19.02477247913113,False,30.162369694909664,194.96916643205552,9147305.0,0.5419191772877366,10749316.368158596
2018-09-11,4161.466796875,4161.466796875,4161.466796875,4161.466796875,0,4171.193920898438,172.00229525958437,4515.198511417607,3827.189330379269,0.48586192700400044,16.494298612953166,False,28.475951465313457,181.0427974011944,8662725.0,0.0,10749316.368158596
2018-09-12,4212.21630859375,4313.715496752636,4144.550183154493,4161.466714514308,9039300,4188.533337402344,156.32084404801532,4501.175025498374,3875.8916493063134,0.5378755810455637,14.928456474452965,False,27.051634678134498,180.1944057009764,8560265.0,1.0559603002944418,10749316.368158596
2018-09-13,4220.6748046875,4271.42440153745,4178.383473979208,4212.216538545842,6202000,4197.837451171875,152.15848563295066,4502.154422437776,3893.5204799059734,0.5375223133639677,14.498749644579382,False,25.729054804325468,173.96915726220962,8319075.0,0.7455155771525079,10749316.368158596
2018-09-14,4220.6748046875,4250.278736183304,4161.466941695892,4220.6748046875,3575700,4207.141564941407,147.26152886491985,4501.664622671246,3912.618507211567,0.5229748391355273,14.00110042334369,True,24.362017939917237,167.88648849258124,8497860.0,0.4207765249133311,10749316.368158596
2018-09-17,4110.7177734375,4250.27917932581,4085.3429723668983,4220.675244743441,5191800,4205.026989746094,148.37913994248152,4501.7852696310565,3908.268709861131,0.34110095201867274,14.114453039593048,False,22.759481691058795,167.67575409731913,8056095.0,0.6444561540051352,10749316.368158596
2018-09-18,4085.342529296875,4161.466924252718,4068.4259970844655,4102.259061509285,9362000,4191.493798828125,146.2113957436744,4483.916590315474,3899.0710073407768,0.31849692872547003,13.95315396000851,False,21.402860156032695,162.34469503095724,8079520.0,1.1587322019129849,10749316.368158596
2018-09-19,4195.30029296875,4195.30029296875,4085.342825612714,4127.634159211189,7371100,4183.45849609375,141.0181887365131,4465.494873566776,3901.4221186207237,0.5209933856424829,13.483407459946065,True,19.892941508530424,158.60277136245136,8448075.0,0.8725182955880482,10749316.368158596
2018-09-20,4313.71533203125,4377.1523222081805,4195.299617034314,4195.299617034314,11921500,4175.000170898437,126.43244568149508,4427.865062261428,3922.1352795354474,0.7742871111626275,12.113287713163137,True,19.798640449498794,160.2634809204096,8666085.0,1.3756500195878532,10749316.368158596
2018-09-21,4504.02685546875,4525.172521456866,4292.570195587588,4356.007193551936,21535100,4172.8856201171875,120.08996655576846,4413.065553228725,3932.7056870056504,1.1893607452163455,11.511455380116177,True,20.517261735149482,165.4305412739002,9492305.0,2.268690270698213,10749316.368158596
2018-09-24,4504.02685546875,4609.755185409331,4377.152859540052,4504.02685546875,8453900,4189.59072265625,141.06268550304418,4471.716093662339,3907.465351650162,1.0572631268346904,13.467920361787385,False,21.578312913592946,170.2285258878558,9479780.0,0.8917822987453295,10749316.368158596
2018-09-25,4377.1533203125,4504.02732959692,4334.86198388436,4504.02732959692,3245400,4199.52919921875,147.10426126007982,4493.73772173891,3905.320676698591,0.8018677358022119,14.011500268882147,False,22.170984329694235,170.15258444676329,9049425.0,0.3586305207236924,10749316.368158596
2018-09-26,4229.13330078125,4482.881298828125,4212.216767578125,4377.152966308594,8051400,4201.220849609375,147.24753514101278,4495.7159198914005,3906.7257793273498,0.5473903538438594,14.01949960852009,False,21.677372109583175,177.33200921842308,8960925.0,0.8985009918060914,10749316.368158596
2018-09-27,4229.13330078125,4292.570300292969,4203.758500976563,4292.570300292969,9951400,4206.71875,146.07099731742196,4498.860744634844,3914.5767553651563,0.5383624251098619,13.889304800081725,False,21.150778903811123,171.00913708256473,9009630.0,1.1045292647977776,10749316.368158596
2018-09-28,4292.5712890625,4334.862631811884,4229.134274938424,4229.134274938424,7509000,4210.736499023437,147.32984441605117,4505.39618785554,3916.076810191335,0.6388632261905564,13.995636578087497,False,20.923322135301134,166.34629379314111,8385350.0,0.8954903492400437,10749316.368158596
2018-10-01,4229.13330078125,4398.2986328125,4212.216767578125,4313.715966796874,5145300,4209.679223632813,147.10684793914584,4503.892919511105,3915.465527754521,0.5330611345103468,13.977962702079486,False,21.090399099734235,167.75597746751498,8283825.0,0.6211261102208219,10749316.368158596
2018-10-02,4229.13330078125,4292.570300292969,4169.925434570312,4250.278967285156,5189000,4220.25205078125,140.00862572292704,4500.269302227103,3940.2347993353956,0.5158583979275254,13.270167187953492,False,20.85552556251255,164.53375520002507,8031485.0,0.6460822624956655,10749316.368158596
2018-10-03,4356.00634765625,4482.880318947208,4229.132376365291,4229.132376365291,7395500,4243.935168457031,118.20487642005165,4480.3449212971345,4007.5254156169276,0.7370274023234115,11.141063350694635,False,21.675073242893628,170.90619715587454,7620165.0,0.9705170426099697,10749316.368158596
2018-10-04,4356.00634765625,4377.1520095380765,4144.549728837986,4377.1520095380765,6757500,4257.045446777343,115.17892040611953,4487.403287589583,4026.6876059651045,0.7147982038075443,10.822428075632784,False,21.698886598311322,175.3130602661757,7304945.0,0.925058299549141,10749316.368158596
2018-10-05,4229.13330078125,4334.861633300781,4203.758500976563,4313.715966796874,6276000,4260.851647949219,112.79308265672782,4486.437813262674,4035.2654826357634,0.429697933550367,10.58878289846265,False,21.72099899977061,173.665545009998,7356500.0,0.8531230884252022,10749316.368158596
2018-10-08,4220.6748046875,4271.42440153745,4186.841740120867,4229.133070829159,6399200,4263.812048339843,110.80681650866569,4485.425681357175,4042.198415322512,0.40267466160583665,10.395093897425365,False,21.586673272280894,167.30248189618263,7428605.0,0.8614268762439247,10749316.368158596
2018-10-09,4271.423828125,4271.423828125,4186.841178063119,4220.674238087871,4463900,4269.309899902344,108.15771193492031,4485.625323772185,4052.9944760325034,0.5048862170455488,10.133507706938245,False,21.4619367971285,161.39392247944684,7651800.0,0.5833790742047623,10749316.368158596
2018-10-10,4220.6748046875,4334.861397599888,4220.6748046875,4313.7157322457415,8369200,4269.732824707031,107.93902747169778,4485.610879650427,4053.8547697636354,0.3863756206428801,10.112017018685858,False,21.756853658811632,158.02197036751406,7618295.0,1.0985660177244383,10749316.368158596
2018-10-11,4169.9248046875,4229.132661954868,4144.550008715771,4144.550008715771,5466700,4267.195324707031,109.73461114654015,4486.664547000111,4047.726102413951,0.278395988733136,10.286345273315932,False,21.269618941435166,152.77630485834146,7581530.0,0.7210549849436724,10749316.368158596
2018-10-12,4220.6748046875,4250.278736183304,4169.92520783755,4195.300006262525,4232500,4267.195324707031,109.73461114654015,4486.664547000111,4047.726102413951,0.39401584528921435,10.286345273315932,False,20.96757965875288,147.6032781895888,7614370.0,0.5558568863871863,10749316.368158596
2018-10-15,4178.3837890625,4250.279056688069,4169.925522283022,4229.133389739372,2410500,4270.578625488281,105.62230204959656,4481.823229587475,4059.3340213890883,0.28178179551869154,9.893020249687615,False,20.687117004590515,142.79972506212158,7475305.0,0.32246175908541524,10749316.368158596
2018-10-16,4398.298828125,4398.298828125,4186.842153695913,4186.842153695913,5703600,4286.2264404296875,99.75451439339805,4485.735469216484,4086.7174116428914,0.7808704658050285,9.30930885521744,False,21.418158966306265,148.30796177643433,7292385.0,0.7821309489282313,10749316.368158596
2018-10-17,4377.1533203125,4525.172997810991,4271.42497924215,4398.29898852657,4886200,4295.319091796875,99.31738245878358,4493.953856714442,4096.684326879308,0.705991706813221,9.24889446732449,False,22.757103106050018,155.83939440446338,7168140.0,0.6816552132073314,10749316.368158596
2018-10-18,4525.17236328125,4525.17236328125,4313.715710791472,4377.152706538405,6588600,4305.891943359375,111.8441838275293,4529.580311014433,4082.203575704316,0.990147123474966,10.38987371710686,False,24.000408378669217,159.81205569627159,6901495.0,0.9546627216277053,10749316.368158596
2018-10-19,4778.92041015625,4884.648737814574,4440.589761649613,4482.8810927129425,18672400,4319.63662109375,148.3937634077611,4616.4241479092725,4022.849094278228,1.2737585773744162,13.741319136255228,False,26.46007659791007,180.11540715832083,6758360.0,2.76285962866731,10749316.368158596
2018-10-22,4694.337890625,4863.503220016892,4694.337890625,4778.920555320946,5816200,4329.152172851563,165.9080023605986,4660.9681775727595,3997.3361681303654,1.050283459172319,15.32937589036671,False,28.74405423006229,179.33325874643305,6626475.0,0.8777215638782309,10749316.368158596
2018-10-23,4715.4833984375,4778.920394829036,4673.19206750981,4694.337732973655,3783100,4346.068676757813,186.9714562109703,4720.011589179753,3972.125764335872,0.9939453448750705,17.20832965303731,False,30.633938303123987,174.0757636444897,6653360.0,0.5685999254512006,10749316.368158596
2018-10-24,4673.19189453125,4842.357211980345,4673.19189453125,4694.337559212387,6096000,4368.2716064453125,198.37292088027573,4765.017448205864,3971.5257646847613,0.8842766022863153,18.16488888535041,False,32.58675323669236,173.72501748767579,6555590.0,0.9298934192040685,10749316.368158596
2018-10-25,4800.06640625,4863.503407213656,4546.3184023953745,4630.901070346916,5479600,4396.81826171875,217.45822944602057,4831.734720610792,3961.901802826709,0.9635926466872888,19.783235649227358,False,33.07353307815969,183.9721594398619,6332000.0,0.8653821857233102,10749316.368158596
2018-10-26,4652.04638671875,4863.503040660511,4652.04638671875,4821.211709872159,3679000,4414.792016601563,223.16932404666224,4861.130664694887,3968.4533685082383,0.7657784298208254,20.220143844371123,False,33.525542930950785,185.935337618569,6140500.0,0.5991368781043889,10749316.368158596
2018-10-29,4504.02685546875,4715.483515349912,4440.589857504401,4652.046517385564,6532700,4428.536694335938,219.56916798952196,4867.675030314982,3989.398358356894,0.5859525973341742,19.832209431196468,False,32.101538091528695,192.28950334906483,6209870.0,1.0519865955325958,10749316.368158596
2018-10-30,4609.7548828125,4652.046212012615,4504.026559812213,4567.463553612385,5697800,4447.5677734375,217.86481203511335,4883.2973975077275,4011.8381493672737,0.6861098034372567,19.594063374258777,False,30.7792478834939,189.12737112416033,6235310.0,0.9137957856145084,10749316.368158596
2018-10-31,4652.04638671875,4673.192052112926,4504.026728959517,4652.04638671875,7273000,4462.369775390625,221.34546391280603,4905.060703216237,4019.6788475650133,0.7142314190396553,19.841068764269306,False,29.68116705789192,187.70151055482097,6229185.0,1.1675684700325966,10749316.368158596
2018-11-01,4546.31787109375,4715.483187227471,4504.026542060319,4673.191858194041,3208000,4471.8853515625,220.6218071146152,4913.12896579173,4030.6417373332692,0.5843440189624843,19.734120154715388,False,28.92327235987564,189.39830588427319,6051710.0,0.5300981045026942,10749316.368158596
2018-11-02,4673.19189453125,4673.19189453125,4546.317906444428,4546.317906444428,6283300,4494.08828125,217.22435867883792,4928.536998607677,4059.6395638923245,0.7061274508652717,19.334231557945145,False,28.21951299743195,184.93228570950367,6052075.0,1.0382059045864436,10749316.368158596
2018-11-05,4694.337890625,4757.774889146959,4652.046558277027,4694.337890625,4802500,4517.771435546875,211.5940949087826,4940.95962536444,4094.58324572931,0.7086145825031671,18.73437803815493,False,28.093832037702768,179.27486036382004,5972240.0,0.8041371411731612,10749316.368158596
2018-11-06,4715.4833984375,4736.629063901345,4588.609405654429,4694.337732973655,4296800,4539.9744140625,207.64501470352897,4955.264443469558,4124.684384655442,0.7113089310446342,18.29481805539271,False,27.356733933680086,177.04234592689832,5963885.0,0.7204699621136222,10749316.368158596
2018-11-07,4546.31787109375,4715.483187227471,4525.172206577035,4694.337522710755,5485500,4556.256567382812,193.58099339315075,4943.418554169114,4169.09458059651,0.4871646796066424,16.994740355839706,False,26.09290954005176,177.99012063643883,5819700.0,0.9425743595030671,10749316.368158596
2018-11-08,4482.8818359375,4630.901519199587,4440.590497862618,4630.901519199587,8584900,4571.9044189453125,172.1738616746801,4916.252142294673,4227.556695595952,0.3707373724705971,15.063644896968237,False,24.24381132131382,178.870184972191,5975610.0,1.4366566760548296,10749316.368158596
2018-11-09,4504.02685546875,4588.609519421215,4356.007193551936,4482.881189480634,9207500,4586.072021484375,152.2573369925492,4890.586695469474,4281.557347499276,0.36528536549335583,13.279977835434714,False,23.156585345872376,182.70819503626868,6224360.0,1.4792685513048731,10749316.368158596
2018-11-12,4567.4638671875,4673.19219744647,4461.735536928531,4504.026869032118,4435400,4605.526025390625,118.55068644711606,4842.627398284858,4368.424652496393,0.4197344204748567,10.296386192894106,True,21.534645575638535,184.76165685638804,6325605.0,0.7011819422806198,10749316.368158596
2018-11-13,4567.4638671875,4673.19219744647,4567.4638671875,4567.4638671875,5717600,4613.98427734375,108.60498582211841,4831.1942489879875,4396.774305699513,0.3929137327257586,9.41528876510537,True,20.028558646135682,179.11641924228678,6326305.0,0.9037819074483446,10749316.368158596
2018-11-14,4630.90087890625,4630.90087890625,4525.172548337614,4567.463880565068,2602200,4626.671655273438,93.21274308311571,4813.097141439669,4440.246169107207,0.5113429330929599,8.058729905924709,True,18.909989241223897,173.8744129084546,6212105.0,0.41889182491281135,10749316.368158596
2018-11-15,4694.337890625,4694.337890625,4546.318227407094,4630.90089210304,4428500,4635.129931640625,91.1705915009886,4817.471114642602,4452.788748638648,0.6623548723596174,7.86779165594766,True,17.783312956366032,172.0276450734154,6104100.0,0.7254959781130715,10749316.368158596
2018-11-16,4715.4833984375,4736.629063901345,4630.900736582119,4694.337732973655,6214800,4631.958081054688,86.90867061398014,4805.775422282648,4458.140739826727,0.740267503785107,7.505134467381984,True,17.076777188206783,167.29197951954475,5481220.0,1.133835168083018,10749316.368158596
2018-11-19,4757.7744140625,4778.920078125,4694.337421875,4715.4830859375,6132500,4635.129907226563,90.39286269976385,4815.915632626091,4454.344181827035,0.8391985361811573,7.800675666831587,True,16.75107475591348,161.38417071457732,5497035.0,1.1156014105786118,10749316.368158596
2018-11-20,4757.7744140625,4757.7744140625,4757.7744140625,4757.7744140625,0,4637.244458007813,92.83320864557464,4822.910875298962,4451.578040716663,0.8245873912288627,8.007618272982443,True,16.448636783069695,149.85672994925037,5307880.0,0.0,10749316.368158596
2018-11-21,4609.7548828125,4757.774535012902,4609.7548828125,4757.774535012902,5102100,4634.072607421875,92.62383851114801,4819.32028444417,4448.824930399579,0.434364292712702,7.995026954286612,True,15.740456929019068,149.72551011004688,5258185.0,0.9703158028863572,10749316.368158596
2018-11-22,4461.7353515625,4694.337668468602,4461.7353515625,4609.755007775474,7439800,4617.1560546875,91.60186367033567,4800.359782028171,4433.9523273468285,0.07582548843017906,7.935782337470548,True,16.112460127647747,155.6452820240508,5356195.0,1.3890084285579596,10749316.368158596
2018-11-23,4609.7548828125,4609.7548828125,4461.735230612098,4546.317889012328,3447100,4615.041479492187,91.24147851787713,4797.524436527941,4432.558522456433,0.4855148207658337,7.908182747507336,True,16.457892435529946,155.10059417950444,5344600.0,0.6449687535082139,10749316.368158596
2018-11-26,4757.7744140625,4757.7744140625,4609.754765625,4630.9004296875,6377100,4627.728857421875,92.62379861563636,4812.976454653148,4442.4812601906015,0.8510047055516445,8.005983191265676,True,15.467892552261672,154.59481234078987,5336820.0,1.194925067736967,10749316.368158596
2018-11-27,4778.92041015625,4778.92041015625,4757.774744624585,4757.774744624585,5437800,4636.1871337890625,98.43757476928347,4833.062283327629,4439.311984250496,0.8624969344829039,8.492976830193854,True,14.381446525565352,145.0627540374299,5323820.0,1.0214094390869715,10749316.368158596
2018-11-28,4800.06640625,5053.8144101046255,4736.629405286343,4736.629405286343,8760600,4643.588134765625,105.03597632601983,4853.660087417665,4433.516182113585,0.8724397034181033,9.047828814931824,False,15.069120468213644,157.35720052177652,5398200.0,1.6228742914304768,10749316.368158596
2018-11-29,5011.5234375,5032.669106012659,4778.92108386076,4800.066752373417,10920800,4666.848413085938,130.72925859136575,4928.306930268669,4405.389895903207,1.159139025433185,11.204928638761704,False,15.707674843529915,164.2422592096424,5783840.0,1.8881573487510028,10749316.368158596
2018-11-30,5032.66845703125,5244.125114889706,4948.085793887868,5011.522791245405,20079300,4684.822241210937,154.2444295387711,4993.31110028848,4376.3333821333945,1.0637905642045848,13.169714588692875,False,17.264536643054875,173.6563350519421,6473640.0,3.1017016701577473,10749316.368158596
2018-12-03,5074.95947265625,5286.41611735026,4926.939821370443,5074.95947265625,6262800,4703.8533203125,177.24624696074525,5058.3458142339905,4349.360826391009,1.0234330186211769,15.072429762667007,False,18.874647357212815,186.92918940393318,6546655.0,0.9566412160103137,10749316.368158596
2018-12-04,5244.12548828125,5392.145159321447,5074.9601499495975,5074.9601499495975,21470100,4730.285424804688,214.5612466821856,5159.4079181690595,4301.162931440316,1.098710241740062,18.143619457470265,False,20.75772296003774,196.2332249225949,7405320.0,2.899280517249761,10749316.368158596
2018-12-05,5751.62060546875,5878.494589412913,5117.250685747932,5244.124669692095,10088600,4790.550561523438,308.7613453570804,5408.073252237598,4173.027870809277,1.2781657730130058,25.78086517545419,False,23.714658124750294,236.59113054705108,7635475.0,1.3212799465652103,10749316.368158596
2018-12-06,5857.34912109375,6174.53409155009,5413.290162454874,5836.203456396661,11121300,4859.27392578125,381.153298724787,5621.580523230824,4096.967328331676,1.1546415829613241,31.3753292814014,False,26.91560963234553,274.0663304433486,7762295.0,1.4327334892580095,10749316.368158596
2018-12-07,5920.7861328125,5920.7861328125,5540.164167131697,5857.349138532366,8237000,4930.111889648438,438.9296939062894,5807.971277461016,4052.2525018358588,1.0642556523958764,35.612148667691926,False,29.887921746541107,281.677447246024,7713770.0,1.0678306457153894,10749316.368158596
2018-12-10,5920.7861328125,6026.514456612724,5667.038155691965,5857.349138532366,6825500,4997.778002929687,482.25752335419673,5962.29304963808,4033.2629562212937,0.9784830122830995,38.59775468790317,False,32.79450394741675,287.2345082227908,7833275.0,0.8713469142855319,10749316.368158596
2018-12-11,5328.7080078125,6005.369342137897,5328.7080078125,5920.786675347222,6367200,5035.8402099609375,476.5138667244553,5988.8679434098485,4082.812476512027,0.6536512462190913,37.84980037944069,False,33.25796412765382,315.05071008726264,7865755.0,0.8094836414304794,10749316.368158596
2018-12-12,5497.873046875,5624.747040264423,5328.707722355769,5328.707722355769,10330700,5079.188818359375,477.17150629535394,6033.531830950083,4124.845805768667,0.7193573081124385,37.578560148861314,False,33.688318350746016,313.69275350307635,8252180.0,1.2518752620519669,10749316.368158596
2018-12-13,5878.4951171875,6089.951776079137,5497.873131182554,5497.873131182554,12540500,5138.3966796875,499.8330872922881,6138.062854272076,4138.730505102924,0.8701727918360133,38.909653609902776,False,35.069620601164566,333.5774660531521,8657780.0,1.4484660039871653,10749316.368158596
2018-12-14,5920.7861328125,5984.223127092634,5751.620814732143,5878.494803292411,7097700,5198.66181640625,518.4729128954551,6235.60764219716,4161.71599061534,0.8481977064016164,39.89279789342919,False,36.35225840512465,326.36495507510483,8701925.0,0.815647112564174,10749316.368158596
2018-12-17,5709.33056640625,5920.787254050926,5709.33056640625,5920.787254050926,3938500,5246.2396240234375,519.5441818934651,6285.327987810368,4207.151260236507,0.7228352075347518,39.61269168982541,False,37.288506957233,318.15722168721703,8592225.0,0.45837952334814325,10749316.368158596
2018-12-18,5667.03857421875,5815.058238470732,5476.727577323344,5667.03857421875,4139500,5291.70283203125,514.3075268513819,6320.3178857340135,4263.087778328487,0.6824471364853074,38.87652373358704,False,36.862779964267276,319.5981816486578,8799200.0,0.4704404945904173,10749316.368158596
2018-12-19,6005.36865234375,6132.242637956647,5688.18368831151,5688.18368831151,9138600,5361.4835205078125,511.58224215596215,6384.648004819737,4338.319036195888,0.8146537735176317,38.16721548796315,False,37.209177158408195,329.9986017978892,9001025.0,1.0152843703911498,10749316.368158596
2018-12-20,5772.7666015625,6068.805914463141,5709.329605940934,6047.660249255952,9315800,5427.035083007812,472.74552393520605,6372.526130878225,4481.5440351374,0.6828317250244728,34.84374187411352,False,37.530831695824766,332.1041522781976,9094825.0,1.024296784160223,10749316.368158596
2018-12-21,5624.7470703125,5772.766730057566,5561.3100732789,5772.766730057566,12533700,5477.784692382813,433.21994686503047,6344.224586112874,4611.344798652752,0.5848081782667045,31.634682353795235,False,37.06377177796335,323.4864740282311,9549155.0,1.3125454555926677,10749316.368158596
2018-12-24,5624.7470703125,5624.7470703125,5624.7470703125,5624.7470703125,0,5521.133325195313,399.4411876332032,6320.0157004617195,4722.250949928906,0.5648491870174471,28.939072042356294,False,36.63007328280632,300.38029731192887,9230300.0,0.0,10749316.368158596
2018-12-25,5624.7470703125,5624.7470703125,5624.7470703125,5624.7470703125,0,5563.424658203125,359.5023347522112,6282.429327707547,4844.419988698703,0.542643959566801,25.847556628425565,False,36.22735325158908,278.92456178964824,8958410.0,0.0,10749316.368158596
2018-12-26,5815.05810546875,5878.495102982954,5476.727452059659,5624.747112926136,3081500,5614.174243164062,314.95110803836064,6244.076459240783,4984.2720270873415,0.6594563863863439,22.439710233208494,True,36.540490857852056,287.6990681563373,8674455.0,0.35523845590299336,10749316.368158596
2018-12-27,6047.6611328125,6047.6611328125,5836.204449847028,5857.350118143575,6144500,5665.981127929687,295.20141495028787,6256.383957830263,5075.5782980291115,0.8232369371832854,20.840268139625987,True,37.21717591208232,283.76363666972395,8435640.0,0.7283976082431208,10749316.368158596
2018-12-28,6111.0966796875,6132.242342939014,5878.494383920848,6005.3683634299305,7882500,5719.9025390625,270.92688624418895,6261.756311550878,5178.048766574122,0.8609775925601684,18.9462589192014,True,38.025597328664304,281.6196596946126,7825800.0,1.0072452656597408,10749316.368158596
2018-12-31,6111.0966796875,6111.0966796875,6111.0966796875,6111.0966796875,0,5771.709399414062,238.19811052253078,6248.105620459124,5295.3131783690005,0.8562027418363332,16.50797668688673,True,38.77627435834758,261.503969716426,7512660.0,0.0,10749316.368158596
2019-01-01,6111.0966796875,6111.0966796875,6111.0966796875,6111.0966796875,0,5815.057958984375,214.87884562706242,6244.815650238499,5385.30026773025,0.8444251571614941,14.780856675388442,True,39.47333160019633,242.82511473668131,6439155.0,0.0,10749316.368158596
2019-01-02,5878.4951171875,6132.243107857465,5836.203785409173,6132.243107857465,4153100,5821.401684570313,214.78025070877834,6250.96218598787,5391.841183152756,0.5664556359683653,14.757974958371687,True,38.42995761154694,246.6261295732249,6142380.0,0.6761385651815746,10749316.368158596
2019-01-03,6111.0966796875,6343.698975454152,5878.494383920848,5878.494383920848,12804200,5834.0890625,224.29915956206375,6282.687381624128,5385.490743375873,0.808747943737671,15.378521456163579,True,38.08693242034973,262.2388768560877,6226525.0,2.0563958227100994,10749316.368158596
2019-01-04,6343.69970703125,6343.69970703125,5963.077724609376,6132.243050130209,4767100,5855.2347412109375,251.22185404858647,6357.67844930811,5352.791033113765,0.986089245370591,17.162205455600954,True,37.76841108833428,270.6948129679296,6053030.0,0.787555984358247,10749316.368158596
2019-01-07,6407.13623046875,6534.010215230507,6259.116581580033,6343.699238087871,5373200,5879.55224609375,279.81266544357794,6439.1775769809055,5319.9269152065945,0.9713725016151775,19.036324790172884,True,37.987076514467496,270.99472873096846,5980415.0,0.8984660763508887,10749316.368158596
2019-01-08,6407.13623046875,6576.3015434844265,6301.407909833952,6407.13623046875,7707900,5933.473657226563,271.87192623892713,6477.217509704417,5389.729804748708,0.9355567157988958,18.328011006355844,True,38.29709895481706,271.27322193950465,6047450.0,1.2745702734210287,10749316.368158596
2019-01-09,6428.2822265625,6491.719222219367,6364.845230905633,6407.136561343545,5092600,5979.994116210937,273.012155862751,6526.018427936439,5433.969804485435,0.9105019691659139,18.26170063429681,True,38.584976935141654,260.9589911805211,5785545.0,0.8802282239616147,10749316.368158596
2019-01-10,6512.865234375,6512.865234375,6407.136902648133,6428.282568993506,6728300,6011.712622070312,296.4443159941321,6604.601254058576,5418.823990082048,0.9226363816624906,19.724450227765054,False,38.91188183259213,249.8710869338315,5494935.0,1.2244548843616894,10749316.368158596
2019-01-11,6745.4677734375,6745.4677734375,6491.719769421043,6512.865436422414,7954800,6052.946704101562,337.62556514181625,6728.197834385195,5377.6955738179295,1.0127877898146211,22.31148441555162,False,39.809351343080984,250.14800958259048,5537790.0,1.4364575038056697,10749316.368158596
2019-01-14,6703.17626953125,6766.6132689274455,6534.010937808064,6745.467602462047,3967100,6102.638989257813,356.9733438450581,6816.585676947929,5388.692301567697,0.9205757170863832,23.39796566524229,False,40.691654045876945,248.89474683521837,5539220.0,0.7161838670426522,10749316.368158596
2019-01-15,7274.10888671875,7464.4198750340665,6703.175921772802,6703.175921772802,9057100,6182.992504882813,427.63915221963975,7038.270809322092,5327.714200443534,1.137872126635595,27.665513220785936,False,42.65266538857489,285.4911187227931,5785100.0,1.565590914590932,10749316.368158596
2019-01-16,7041.5068359375,7274.109163851351,6893.487172719594,7274.109163851351,8489000,6234.7994140625,466.0272836248247,7166.853981312149,5302.7448468128505,0.9327576143183713,29.898462014589068,False,44.4736044925087,292.2861810377191,5752620.0,1.4756754313686633,10749316.368158596
2019-01-17,7168.38037109375,7189.526035905235,7020.360717413348,7062.652047036319,5753900,6304.580102539063,496.68158530238867,7297.94327314384,5311.216931934286,0.9347857330108132,31.512429200628826,False,46.16447651759009,283.4918337130169,5574525.0,1.0321776294841265,10749316.368158596
2019-01-18,6978.06982421875,7189.526485558713,6787.758829012784,7168.380819424717,8578300,6372.246240234375,491.346199959661,7354.938640153698,5389.553840315053,0.808246804409046,30.842888453198825,False,46.26787378307352,291.9401067725106,5376755.0,1.5954418603786114,10749316.368158596
2019-01-21,7020.36083984375,7147.234830925264,6851.195518401732,7104.943500564759,10279100,6442.026928710938,478.53456739183105,7399.0960634946,5484.957793927276,0.802138001380402,29.713291961515388,False,46.36388552959385,292.2329071832978,5890710.0,1.7449679240702733,10749316.368158596
2019-01-22,7020.36083984375,7104.943500564759,6935.778179122742,7020.36083984375,8030400,6511.8076171875,454.2227698136209,7420.2531568147415,5603.3620775602585,0.7799029773787663,27.901485824902366,False,46.45303929421987,283.44236534463494,6292230.0,1.27624069685946,10749316.368158596
2019-01-23,6851.19580078125,7041.506795247396,6808.904468677662,7020.361129195602,7576800,6563.614501953125,428.95795148036353,7421.530404913852,5705.698598992398,0.6676045972779279,26.14156887810637,False,45.72601622992036,279.8109340035706,6516995.0,1.1626217298003143,10749316.368158596
2019-01-24,6914.6328125,6914.6328125,6808.904482033639,6851.195814220184,12002100,6606.9630859375,417.733076394672,7442.429238726844,5771.496933148156,0.6841305752095957,25.290474365373118,False,45.050923384499384,267.3764623223413,6809875.0,1.762455257989317,10749316.368158596
2019-01-25,6893.48779296875,6956.924797198523,6830.050788738976,6935.779129121932,10748600,6646.0826416015625,405.3019447116563,7456.686531024875,5835.47875217825,0.6526054553866,24.393433941049352,False,44.55530793496732,257.3405727607132,6953180.0,1.5458538395381682,10749316.368158596
2019-01-28,7020.36083984375,7041.506505024003,6893.486848762237,6914.632513942489,11127300,6691.545849609375,392.94165804668165,7477.429165702739,5905.6625335160115,0.7092008975765757,23.488842003204393,False,44.35358617281812,249.53193586793125,7509545.0,1.4817542207950016,10749316.368158596
2019-01-29,6682.03076171875,7104.944101068038,6660.885094751286,7062.65276713311,12399800,6720.092553710938,368.53413736574475,7457.160828442427,5983.024278979448,0.4741802806489985,21.936253670329858,False,42.67187424408299,263.42672661427565,8129535.0,1.525277891047889,10749316.368158596
2019-01-30,6428.2822265625,6745.467204846834,6195.679909153989,6703.175874408923,16841000,6747.5819091796875,319.72722965384025,7387.036368487368,6108.127449872007,0.25033430608734497,18.9535886459634,False,40.21920579345322,283.8810529770306,8763930.0,1.9216264849217188,10749316.368158596
2019-01-31,6259.11767578125,6470.574354017103,6153.389336663324,6449.428686193518,40785600,6754.982958984375,305.6204108852612,7366.223780754897,6143.742137213852,0.09437813580022388,18.09747931214393,False,38.092796290349945,286.2599075753699,10163000.0,4.013145724687592,10749316.368158596
2019-02-01,6534.01025390625,6534.01025390625,6280.262282880764,6301.407947132888,17538600,6764.498486328125,294.9163122403635,7354.331110808852,6174.665861847398,0.30461556138507,17.43906442355927,True,35.83479787170206,285.44795547177205,10801575.0,1.62370765374494,10749316.368158596
2019-02-04,6724.32080078125,6724.32080078125,6407.135857348172,6555.155497616942,14629700,6780.35771484375,282.97416240658345,7346.306039656916,6214.409390030583,0.45049290579577295,16.693760082131845,True,33.6033631229163,287.7148831832939,11264400.0,1.298755370903022,10749316.368158596
2019-02-05,6724.32080078125,6724.32080078125,6724.32080078125,6724.32080078125,0,6796.216943359375,269.5247974101627,7335.266538179701,6257.16734853905,0.4333121263154927,15.863225065145508,True,31.53131657047238,267.16382009877293,10879005.0,0.0,10749316.368158596
2019-02-06,6766.61328125,6766.61328125,6555.1566162109375,6724.321948242187,14429600,6813.13349609375,255.46714051943812,7324.067777132626,6302.199215054874,0.45447534392372224,14.998510783087276,True,29.67440960567369,263.1847375945079,11345855.0,1.2717948537152997,10749316.368158596
2019-02-07,6597.447265625,6766.612580128205,6534.010272686298,6766.612580128205,10830800,6817.36259765625,250.8939336427677,7319.150464941786,6315.574730370714,0.2808682250321231,14.720879521885669,True,28.03697525738679,261.0003283780218,11550980.0,0.9376520433764062,10749316.368158596
2019-02-08,6470.57421875,6534.011220894608,6322.554547079249,6512.865553513072,9734300,6803.617919921875,262.309835230123,7328.237590382121,6278.998249461629,0.18258557587089955,15.421785192378067,True,27.327235016648643,261.99264196143105,11639955.0,0.8362833017825241,10749316.368158596
2019-02-11,6259.11767578125,6512.865689664273,6237.972007957665,6470.574354017103,7748100,6781.414990234375,288.72269818638273,7358.860386607141,6203.96959386161,0.047751772086204285,17.030233283299133,False,26.95964011285594,262.9141448003723,11829005.0,0.6550085996243978,10749316.368158596
2019-02-12,6259.11767578125,6343.700347075591,6153.389336663324,6259.11767578125,12610200,6730.6654296875,286.75975490684516,7304.1849395011905,6157.14591987381,0.08889998872101633,17.041985396689615,False,26.901347729144174,257.72820662979336,12006660.0,1.0502671017585241,10749316.368158596
2019-02-13,6301.408203125,6364.8451984584735,6237.971207791527,6343.699533347316,5990000,6693.660498046875,292.2367525296594,7278.134003106194,6109.186992987556,0.16443962683811952,17.46349415928283,False,26.725367803984888,248.3814769181614,11881710.0,0.5041361891512248,10749316.368158596
2019-02-14,6195.68017578125,6407.136837070712,6153.3888435233575,6364.84550481282,7237100,6645.02548828125,290.0056470459832,7225.036782373216,6065.014194189283,0.11264089417131957,17.457007354293456,False,26.85908280648895,248.76479953453236,11955870.0,0.6053177225914969,10749316.368158596
2019-02-15,6322.5537109375,6322.5537109375,6026.514406746446,6259.1167171822735,6072700,6612.249682617187,287.4155875893453,7187.080857795878,6037.418507438497,0.24801647493315476,17.386856297633553,False,27.39975856628651,252.14154986714104,11830590.0,0.5133049154775882,10749316.368158596
2019-02-18,6428.2822265625,6449.427891781455,6280.262570029811,6449.427891781455,3779200,6582.645751953125,273.31379053315425,7129.273333019433,6036.018170886817,0.35880375347187243,16.608142125956554,False,27.125602512729653,246.21467643031983,11505595.0,0.3284662809702584,10749316.368158596
2019-02-19,6237.97119140625,6407.136511851166,6237.97119140625,6407.136511851166,3030500,6543.52626953125,263.16969812755195,7069.865665786354,6017.186873276147,0.20973569497265462,16.087331954512294,False,27.025000627914693,242.22155919645772,11255600.0,0.26924375422012153,10749316.368158596
2019-02-20,6407.13623046875,6428.28189459571,6216.825253326114,6280.262245706993,10340600,6521.323291015625,254.43329882153438,7030.189888658693,6012.456693372556,0.38780255859221435,15.606237413321614,False,27.010950108935535,240.02406505882473,11393790.0,0.9075645592906312,10749316.368158596
2019-02-21,6364.84521484375,6449.427875506126,6301.4082193469685,6449.427875506126,8585000,6493.833911132812,238.93067216688868,6971.6952554665895,6015.972566799035,0.3650354356775863,14.717387320748923,False,26.854286466350032,233.45232156599135,11222935.0,0.7649514142245322,10749316.368158596
2019-02-22,6068.806640625,6385.99165668554,6047.660972887631,6385.99165668554,11199600,6452.599853515625,237.48567393884204,6927.571201393309,5977.628505637941,0.0959827739025422,14.721859673939065,False,27.62192347246458,240.94363315398547,11245485.0,0.9959196957712362,10749316.368158596
2019-02-25,6047.6611328125,6174.5351425917825,6026.515464515953,6089.9524694055945,5690800,6403.964868164063,213.48056180746545,6830.925991778994,5977.003744549132,0.08274452210676332,13.33427438796477,False,28.401718975811555,234.30620779126008,10973660.0,0.5185872352524135,10749316.368158596
2019-02-26,6089.95166015625,6301.408315022786,5899.640670776367,6026.514663696289,12034300,6374.360913085938,213.943035414204,6802.246983914346,5946.474842257529,0.1676577337758886,13.425222596040964,False,29.514429723008327,246.26773896662857,10955385.0,1.0984826183653063,10749316.368158596
2019-02-27,6428.2822265625,6428.2822265625,6195.679909153989,6280.262570029811,7115700,6374.360913085938,213.943035414204,6802.246983914346,5946.474842257529,0.5630089609743173,13.425222596040964,False,29.652588869979397,252.84365521231584,10469120.0,0.6796846344296369,10749316.368158596
2019-02-28,6174.5341796875,6428.282159674657,6174.5341796875,6428.282159674657,11263800,6370.13173828125,217.15296899072834,6804.437676262707,5935.825800299794,0.2748159287173945,13.63569721396809,False,29.856193568280485,252.90825461679327,8993030.0,1.2525033275770234,10749316.368158596
2019-03-01,6026.51513671875,6322.554476768091,6005.369469572368,6322.554476768091,4018000,6344.756982421875,226.44756139530426,6797.652105212484,5891.861859631267,0.14865834308149362,14.276200776337136,False,30.609376562332823,257.499451229574,8317000.0,0.48310688950342673,10749316.368158596
2019-03-04,6089.95166015625,6216.825653076172,6047.660329182942,6068.805994669596,4844600,6313.038525390625,214.60211811558207,6742.242761621789,5883.834289159461,0.2401157230025295,13.59739005250587,False,31.30876077109571,252.70024159584887,7827745.0,0.6189011011472653,10749316.368158596
2019-03-05,6089.95166015625,6132.242991129557,6005.368998209635,6132.242991129557,5481900,6281.320068359375,196.75268231367994,6674.825432986735,5887.814703732015,0.2568414240243634,12.529384280528793,False,32.09787434134437,243.71265240471124,8101840.0,0.6766240755186476,10749316.368158596
2019-03-06,6089.95166015625,6195.679987589518,6068.805994669596,6089.95166015625,3963400,6247.486987304687,164.43516714120327,6576.357321587094,5918.616653022281,0.2604902134268531,10.528083850376738,True,32.318784477247476,235.36703387008342,7578530.0,0.5229774111866021,10749316.368158596
2019-03-07,6089.95166015625,6089.95166015625,6089.95166015625,6089.95166015625,0,6222.11220703125,145.67576706356058,6513.463741158372,5930.760672904129,0.2731940089642078,9.365036323127757,True,32.52391531772893,218.55510287936318,7036990.0,0.0,10749316.368158596
2019-03-08,5963.0771484375,6132.2424576130325,5963.0771484375,6089.951130319149,3581000,6196.737353515625,144.31239498432484,6485.362143484274,5908.112563546975,0.09521805957224777,9.31537915851485,True,33.198383478876856,215.0272604719467,6729325.0,0.5321484695716138,10749316.368158596
2019-03-11,5963.0771484375,6089.951130319149,5920.785821143617,5963.0771484375,1239100,6181.935327148438,152.52593683074133,6486.987200809921,5876.883453486955,0.14127711119420075,9.869138304369658,True,33.974622308233414,211.75140680791714,6403875.0,0.19349222150650974,10749316.368158596
2019-03-12,5899.640625,6047.660282258064,5899.640625,6005.368951612903,1900200,6163.961474609375,163.72169311533486,6491.404860840044,5836.518088378705,0.09638694698940675,10.624446229246445,False,34.77174706973513,207.19913898292765,5868375.0,0.3238034379193559,10749316.368158596
2019-03-13,6111.0966796875,6111.0966796875,5878.494383920848,5984.222700178417,2244900,6154.4458984375,160.8175204351541,6476.080939307808,5832.810857567191,0.4326111691177965,10.452120180371251,False,34.90924211699092,209.01365018176512,5681120.0,0.39515095614949164,10749316.368158596
2019-03-14,6343.69970703125,6364.845372721355,6132.243050130209,6174.534381510417,6759300,6161.846875,166.13318564157134,6494.113246283143,5829.5805037168575,0.7736551871454408,10.784635776368354,False,33.081359075392115,212.2090103854858,5657230.0,1.1948073527150214,10749316.368158596
2019-03-15,6660.884765625,6682.030431547619,6385.991108630952,6385.991108630952,7837600,6178.763427734375,197.60316507307374,6573.969757880523,5783.557097588227,1.1099615581971274,12.792408538323391,False,31.710949344706165,221.21770425197747,5745475.0,1.3641343840152467,10749316.368158596
2019-03-18,6555.15673828125,6724.322073462701,6428.282736895161,6724.322073462701,4510200,6185.107153320312,207.80819119925874,6600.723535718829,5769.490770921795,0.9451816634673857,13.439262153296871,False,30.620414186845057,226.56210656023194,5782025.0,0.7800381354283318,10749316.368158596
2019-03-19,6449.42822265625,6682.030551997951,6385.991223744877,6639.739219390369,1969600,6195.680004882813,215.8625244320703,6627.405053746953,5763.954956018672,0.7938771081745705,13.936324940083992,False,29.350916449925556,231.5247652525778,5728980.0,0.3437959287691701,10749316.368158596
2019-03-20,6428.2822265625,6491.719222219367,6385.990896124589,6385.990896124589,1735700,6196.7373046875,217.00153530420653,6630.740375295913,5762.734234079087,0.7667549351095672,14.007470359607224,False,28.172095046095475,222.53930531273494,5298735.0,0.3275687498997402,10749316.368158596
2019-03-21,6576.30224609375,6597.447912479904,6407.136915004521,6407.136915004521,4095800,6207.31015625,230.36324081393144,6668.036637877863,5746.583674622137,0.9004459311086354,14.844641882892478,False,27.589067554918113,220.23728332435263,5074275.0,0.8071694971202783,10749316.368158596
2019-03-22,6555.15673828125,6639.739405871976,6449.428403792843,6639.739405871976,3949900,6231.627661132812,240.42335813086058,6712.474377394533,5750.780944871091,0.8364160201234937,15.432459781280011,False,27.243036635853795,218.09969180683694,4711790.0,0.838301367420874,10749316.368158596
2019-03-25,6512.865234375,6597.447899756494,6343.699903612013,6491.719568029626,3859600,6254.887866210937,244.16286387518207,6743.213593961302,5766.562138460573,0.7641447639391453,15.614212059286062,False,26.18269047045869,220.64599925952575,4620230.0,0.8353696677438136,10749316.368158596
2019-03-26,6534.01025390625,6682.029903671117,6428.281932645631,6470.573261149879,1803900,6277.090795898437,248.52623829812836,6774.1432724946935,5780.038319302181,0.7584429915400083,15.837033197641153,False,25.621724471965695,223.01042581423718,4108710.0,0.4390429112787225,10749316.368158596
2019-03-27,6449.42822265625,6682.030551997951,6428.282556352458,6682.030551997951,2700000,6278.148095703125,249.24723654989873,6776.642568802923,5779.653622603328,0.6717974182221622,15.880303092594328,False,25.1008307336272,225.20596651646972,3887925.0,0.6944578406219256,10749316.368158596
2019-03-28,6111.0966796875,6407.135965208694,6089.951016435986,6385.99030195718,6588500,6274.976220703125,251.03246066132164,6777.041142025769,5772.911299380482,0.33679447213330505,16.00212984604381,False,24.018852075453566,234.79676935245502,3654160.0,1.8030135516780874,10749316.368158596
2019-03-29,5392.14404296875,6111.09658203125,5265.270065487132,6089.950919117648,20057300,6243.257666015625,315.8003232696527,6874.85831255493,5611.657019476319,-0.17377513600590358,20.23304756352899,False,25.493834617023772,278.44175827016306,4456125.0,4.501063143426183,10749316.368158596
2019-04-01,5434.4365234375,5540.164860469358,5328.708186405642,5497.873525656615,10672100,6210.481909179687,363.0333422335938,6936.548593646875,5484.415224712499,-0.03441743185866972,23.381975669037587,False,26.863461262767537,273.65710939827403,4747500.0,2.247941021590311,10749316.368158596
2019-04-02,5476.7275390625,5582.4558699324325,5392.144874366554,5413.29054054054,5760100,6179.820703125,397.9643390195734,6975.749381164147,5383.892025085854,0.05831899046869143,25.758956975456034,False,27.903631737317895,267.7038155531029,4761410.0,1.2097466926813696,10749316.368158596
2019-04-03,5476.7275390625,5476.7275390625,5476.7275390625,5476.7275390625,0,6149.159497070313,427.7602654234191,7004.680027917151,5293.638966223474,0.1070041958302247,27.825608727646117,False,28.86950432082894,248.582114442167,4563240.0,0.0,10749316.368158596
2019-04-04,5222.9794921875,5540.1644815916,5180.688160266954,5476.72748371078,7629900,6105.810888671875,475.35692104477613,7056.524730761427,5155.097046582322,0.035700776931984424,31.141280312281346,False,30.41052712819292,256.50312921948694,4944735.0,1.543035167708684,10749316.368158596
2019-04-05,5370.99853515625,5413.289862204724,5053.8135822926915,5180.687563438115,9393000,6076.206958007812,502.3821289029864,7080.971215813785,5071.442700201839,0.14906772042654462,33.07208805591448,False,32.07631555949864,263.8583542689545,5235335.0,1.7941545287932863,10749316.368158596
2019-04-08,5497.873046875,5540.164378004807,5222.979394531249,5392.1447190504805,6632300,6052.946752929687,518.4094744874164,7089.76570190452,5016.127803954854,0.23231888431267442,34.25832049399747,False,32.89088720093784,267.6673992121404,5504995.0,1.204778569281171,10749316.368158596
2019-04-09,5603.6005859375,5730.47456146816,5434.435285229953,5561.309260760613,8559100,6038.144750976562,527.1695275726094,7092.483806121781,4983.805695831344,0.2939257950663648,34.92261608914553,False,32.65067429445522,269.69396185685946,5837940.0,1.4661164725913594,10749316.368158596
2019-04-10,5561.310546875,5667.038884268061,5497.873544439163,5561.310546875,5280500,6010.655444335937,537.4002791181139,7085.456002572165,4935.85488609971,0.2909635913297614,35.76317319100538,False,32.42761945272136,262.51334599771934,5989720.0,0.8815937973728322,10749316.368158596
2019-04-11,5244.12548828125,5434.43649390436,5244.12548828125,5434.43649390436,4494000,5955.676733398437,557.4084139742389,7070.493561346915,4840.859905449959,0.1808662969204516,37.437116816524714,False,32.878484916495324,266.41846832600726,5876455.0,0.7647467733523017,10749316.368158596
2019-04-12,5032.66845703125,5307.562112247243,5011.522791245405,5222.97944910386,7128200,5874.26591796875,567.7958376389939,7009.857593246737,4738.674242690762,0.12944538989708576,38.66327099031504,False,33.7972571554159,268.53424351713807,5840985.0,1.220376357754728,10749316.368158596
2019-04-15,5096.10595703125,5244.125632131743,4948.086281930758,4948.086281930758,8701700,5801.31337890625,569.437825637581,6940.189030181413,4662.437727631088,0.19039314297157803,39.262683357742695,False,34.77627433762942,270.4988939945557,6050560.0,1.4381644013116142,10749316.368158596
2019-04-16,5222.9794921875,5244.125158147774,5117.251162386134,5138.396828346407,6176000,5739.990942382812,561.957936124131,6863.906814631075,4616.07507013455,0.2699954849996508,39.16089358084239,False,35.6853617211134,261.7503445032677,6260880.0,0.9864428003731105,10749316.368158596
2019-04-17,5222.9794921875,5222.9794921875,5222.9794921875,5222.9794921875,0,5679.725805664062,548.7332748279969,6777.192355320056,4582.259256008068,0.2919087768006544,38.645053906002076,False,36.52951429149139,243.05389132446285,6174095.0,0.0,10749316.368158596
2019-04-18,5096.10595703125,5392.145307232236,4990.377617673756,5370.999639360737,8981400,5605.715991210937,520.5396841458512,6646.795359502639,4564.636622919235,0.25524919151173747,37.14349317460907,False,37.79887834886509,254.39059119832123,6418375.0,1.3993261534266852,10749316.368158596
2019-04-19,5096.10595703125,5096.10595703125,5096.10595703125,5096.10595703125,0,5532.763452148438,481.2315827381402,6495.2266176247185,4570.300286672157,0.2731562563741827,34.79140844535997,False,38.97757354499781,236.21983468415544,6220880.0,0.0,10749316.368158596
2019-04-22,5117.25048828125,5201.833140980114,5074.959161931818,5159.541814630682,6272900,5462.98271484375,430.1014190012408,6323.185552846231,4602.779876841269,0.29904028951744605,31.49205783372443,False,39.3678673680142,228.4094164244512,6341545.0,0.9891753508017368,10749316.368158596
2019-04-23,5117.25048828125,5180.687477805398,5074.959161931818,5117.25048828125,4495800,5392.1447265625,354.4326640294781,6101.010054621456,4683.279398503544,0.30610263515499003,26.292518617572743,False,39.73028306081514,219.64648067081754,6476140.0,0.6942098225177343,10749316.368158596
2019-04-24,4757.7744140625,5138.3963671875,4715.4830859375,5074.959375,16112100,5307.562036132813,283.61579136796337,5874.79361886874,4740.330453396886,0.015376401100126327,21.374468310472068,True,40.865447317559344,234.16553785504487,7146745.0,2.2544668936697754,10749316.368158596
2019-04-25,4398.298828125,4778.9208420973555,4356.007493239183,4757.775174654447,22018800,5221.922143554688,286.7906130722215,5795.50336969913,4648.340917410245,-0.21796571949016186,21.96820290981941,True,42.484143826545434,247.6475243552683,7918260.0,2.7807624402330817,10749316.368158596
2019-04-26,4398.298828125,4525.172832782452,4356.007493239183,4398.298828125,15379100,5172.2298828125,337.3832518778927,5846.996386568286,4497.463379056715,-0.07348064136242681,26.091899201853263,False,43.98721915631823,242.04165401155413,7684350.0,2.0013534000923956,10749316.368158596
2019-04-29,4356.00634765625,4419.44333330173,4250.278038247117,4398.297671419903,10973000,5118.308374023438,377.1108778078865,5872.530129639211,4364.086618407665,-0.005356694295312316,29.47152459369652,False,45.5321560125783,236.836199800344,7699395.0,1.4251769132509762,10749316.368158596
2019-04-30,4461.7353515625,4461.7353515625,4356.00702569609,4356.00702569609,14678300,5067.558764648437,394.24498448109904,5856.048733610635,4279.068795686239,0.11583315138218207,31.119124832364903,False,46.68187849377441,227.471400093623,8145305.0,1.802056522131461,10749316.368158596
2019-05-01,4461.7353515625,4461.7353515625,4461.7353515625,4461.7353515625,0,5016.809155273438,404.00921777100274,5824.827590815443,4208.790719731433,0.1565215722221712,32.2124446249925,False,47.74947794059938,211.2234429440785,8145305.0,0.0,10749316.368158596
2019-05-02,4440.58984375,4525.172507440476,4334.861514136905,4461.735509672619,9854900,4977.689672851562,420.53608155387,5818.7618359593025,4136.617509743822,0.18070526367381376,33.79367611825896,False,48.95269742214824,209.72969654118512,8256555.0,1.193584975816185,10749316.368158596
2019-05-03,4229.13330078125,4398.2986328125,4153.008901367188,4398.2986328125,12951800,4920.596411132812,441.3265464966725,5803.249504126157,4037.943318139467,0.1083041481185998,35.875858097053,False,50.3395718735067,215.29049981558705,8434495.0,1.5355750403551132,10749316.368158596
2019-05-06,4136.091796875,4186.841389474693,4110.717000575153,4186.841389474693,11112900,4852.507348632813,452.48379204391034,5757.474932720634,3947.539764544992,0.10417612500455611,37.29896810327528,False,51.68613839597204,208.3709141291949,8658525.0,1.283463407451038,10749316.368158596
2019-05-07,4229.13330078125,4229.13330078125,4127.634101562499,4186.841967773437,9502900,4783.783984375,436.49839908659493,5656.78078254819,3910.78718620181,0.1823294857699379,36.49816969263701,False,52.60729447624736,200.7372202070203,8705715.0,1.0915703075508445,10749316.368158596
2019-05-08,4356.00634765625,4356.00634765625,4068.42534606341,4220.67411161256,17094200,4723.518774414062,405.6115873558247,5534.7419491257115,3912.295599702413,0.2734825395684455,34.34825660504669,False,52.51169138947864,206.94034744886457,9296400.0,1.8387978142076502,10749316.368158596
2019-05-09,4229.13330078125,4292.570300292969,4161.46716796875,4250.278967285156,17126700,4672.7691650390625,400.5108333596351,5473.790831758332,3871.747498319792,0.2230812331988449,34.284666690252564,False,52.42291709462198,206.05454975162425,9928035.0,1.7250845711160365,10749316.368158596
2019-05-10,4195.30029296875,4250.279026646767,4161.46722608997,4229.13335984753,16845800,4630.9007568359375,404.65445795020395,5440.209672736345,3821.5918409355295,0.23088121525106764,34.952548473673964,False,52.340483820826506,197.68006766627948,10413915.0,1.6176241115853163,10749316.368158596
2019-05-13,4093.80078125,4195.299974173554,4085.3425151730376,4153.00864378874,8901200,4580.785498046875,406.07162310012563,5392.928744247126,3768.6422518466234,0.20018545430543533,35.45868919409248,False,52.46288552159851,191.41418981838186,10423890.0,0.8539230555963273,10749316.368158596
2019-05-14,3941.552490234375,4051.509963137909,3907.7194216486723,4043.0516959914835,12557800,4516.714147949218,400.4663106111895,5317.646769171597,3715.7815267268393,0.14094254468182688,35.465278296880335,False,52.98869266261294,191.03327337430656,10742980.0,1.1689307808447935,10749316.368158596
2019-05-15,3789.30322265625,4017.6764079502655,3755.470158168248,3958.4685450962616,8922600,4445.030334472656,395.6764087396416,5236.383151951939,3653.677516993373,0.08569231237142055,35.6061829923672,False,53.77505264018962,196.11705740342876,11189110.0,0.7974360784727292,10749316.368158596
2019-05-16,3670.88720703125,3840.0525161110313,3552.4714906754034,3721.6367997551843,13155000,4373.769396972656,400.55699899514923,5174.883394962954,3572.655398982358,0.0613095066965,36.632658253304186,False,54.83904162395288,202.65019797715726,11397790.0,1.1541711156285561,10749316.368158596
2019-05-17,3620.137939453125,3763.928465085609,3620.137939453125,3687.8040691625292,9480600,4299.97099609375,396.4140889043886,5092.799173902527,3507.1428182849727,0.07126078785472081,36.87597793236333,False,55.82703139459019,198.44593566682346,11871820.0,0.79858016715213,10749316.368158596
2019-05-20,3873.8857421875,3890.802273812773,3544.013375494678,3603.221236183133,11122300,4237.802758789063,357.03777983868963,4951.878318466443,3523.7271991116836,0.24518311705978188,33.700273482356415,False,55.70837882051679,209.0418615704857,12114290.0,0.9181140619879498,10749316.368158596
2019-05-21,3730.095458984375,3950.010384003862,3730.095458984375,3873.8859868817317,9921900,4168.445007324219,308.6619670373088,4785.768941398836,3551.121073249601,0.14495986293084565,29.618907433824404,False,55.1420001627733,209.8185089597001,12385595.0,0.8010838397347887,10749316.368158596
2019-05-22,3772.386474609375,3814.677802800063,3662.429021313586,3704.720349504274,6307800,4119.175610351563,287.56470485973057,4694.305020071024,3544.0462006321013,0.1985120827751221,27.924490923579505,False,54.79704084225305,205.7063855687556,11895380.0,0.5302730976227745,10749316.368158596
2019-05-23,3916.177490234375,3958.4688238222193,3780.8452227532734,3780.8452227532734,7707600,4095.069543457031,283.1079529073718,4661.285449271774,3528.8536376422876,0.34202841055370625,27.653542866905628,False,53.40381505681925,204.3046686861905,11179820.0,0.6894207599049,10749316.368158596
2019-05-24,3933.093017578125,4009.217398563508,3899.259959362399,3933.093017578125,11496700,4071.8092529296873,275.9023206762119,4623.613894282111,3520.0046115772634,0.37430675192258167,27.1036586969489,False,51.756494652530364,197.56558086582757,10985700.0,1.0465150149740117,10749316.368158596
2019-05-27,3924.63623046875,3975.385836897225,3899.2614272545125,3933.094498206829,12022100,4050.2407470703124,269.29807605045056,4588.836899171213,3511.644594969411,0.3833963851100524,26.59575989355632,False,50.22683999140497,188.89121149274794,11038155.0,1.0891403499950851,10749316.368158596
2019-05-28,3873.8857421875,3975.3849319391375,3873.8857421875,3975.3849319391375,42883100,4020.8482666015625,253.64734548746597,4528.142957576494,3513.5535756266304,0.35515073681174747,25.233217338176228,False,48.90983503441003,182.64892422552578,12448395.0,3.4448698004843195,10749316.368158596
2019-05-29,4000.760009765625,4009.218276171049,3840.052948062566,3840.052948062566,9010800,3997.7994995117188,231.44849883812734,4460.696497187973,3534.902501835464,0.50319780671377,23.15758945553881,True,47.41417998677519,181.6858102171656,12898935.0,0.6985693004887613,10749316.368158596
2019-05-30,4000.760009765625,4000.760009765625,4000.760009765625,4000.760009765625,0,3975.8080078125,206.73816470944917,4389.284337231398,3562.3316783936016,0.5301734345811195,20.79961248663987,True,46.02535744254284,168.70825234451092,12406190.0,0.0,10749316.368158596
2019-05-31,4144.55029296875,4144.55029296875,4034.592836216518,4051.5093680245536,18065100,3971.578857421875,202.096283291264,4375.771424004403,3567.386290839347,0.7139715693058861,20.354251097252902,True,43.59355187160391,166.92839740584049,12661855.0,1.426734076484054,10749316.368158596
2019-06-03,4144.55029296875,4144.55029296875,4144.55029296875,4144.55029296875,0,3972.0017822265627,202.46718767852167,4376.9361575836065,3567.0674068695193,0.7130573757661912,20.389435733337045,True,41.33544669858918,155.00494044828045,12106210.0,0.0,10749316.368158596
2019-06-04,4144.55029296875,4144.55029296875,4144.55029296875,4144.55029296875,0,3967.7726318359373,197.63934938845182,4363.051330612841,3572.4939330590337,0.7236114185760693,19.92446319153139,True,39.23863475221836,143.93315898768898,11631065.0,0.0,10749316.368158596
2019-06-05,4144.55029296875,4144.55029296875,4144.55029296875,4144.55029296875,0,3957.1998291015625,180.70828139498565,4318.616391891534,3595.7832663115914,0.75918909529343,18.266278095540432,True,37.291595087731174,133.65221905999692,10776355.0,0.0,10749316.368158596
2019-06-06,4144.55029296875,4144.55029296875,4144.55029296875,4144.55029296875,0,3952.9706787109376,174.90581606302894,4302.782310836996,3603.15904658488,0.7738325382341412,17.69867072427319,True,35.48362968499307,124.10563198428287,9920020.0,0.0,10749316.368158596
2019-06-07,4144.55029296875,4144.55029296875,4144.55029296875,4144.55029296875,0,3950.4331787109377,171.54087649865963,4293.514931708257,3607.3514257136185,0.7829021254583148,17.36932318441442,True,33.804804668164834,115.24094398540552,9077730.0,0.0,10749316.368158596
2019-06-10,4229.13330078125,4356.007299804687,4229.13330078125,4229.13330078125,11944800,3957.1998046875,179.9565617075872,4317.112928102674,3597.2866812723255,0.8777765777382669,18.19029319615549,True,32.31645003651204,122.11351990330064,9229910.0,1.294140462908089,10749316.368158596
2019-06-11,4262.05126953125,4314.027504525534,4158.098799542683,4305.364798693153,8408500,3973.224743652344,192.3342104558689,4357.893164564081,3588.556322740606,0.8754227149636201,19.363033592614517,False,30.33255676933109,124.52889026612566,9022445.0,0.9319535890770185,10749316.368158596
2019-06-12,4396.32421875,4504.608066502463,4227.401416256158,4296.7030788177335,16388000,4003.575793457031,208.95968349237526,4421.495160441782,3585.6564264722806,0.9698854089086754,20.87730511647855,False,29.69925068002917,135.4344445504242,9395715.0,1.7441993504485822,10749316.368158596
2019-06-13,4288.03955078125,4504.607204861111,4253.388726128473,4417.980143229167,18321300,4034.4334106445312,202.72004549996765,4439.873501644466,3628.993319644596,0.8127541476118596,20.09898539558064,False,29.1111807399631,143.70473270629665,9654030.0,1.8977877632449869,10749316.368158596
2019-06-14,4071.47216796875,4331.353370179521,4002.170514045878,4288.039836477727,16733000,4057.0001220703125,177.75780727625772,4412.515736622828,3701.4845075177973,0.5203536009475327,17.52603420534744,False,27.348658382306795,156.95317009396427,10016650.0,1.6705185865533887,10749316.368158596
2019-06-17,3794.265380859375,4071.471984027183,3794.265380859375,4071.471984027183,26789000,4053.0191040039062,182.8920620602001,4418.803228124307,3687.234979883506,0.14630268773042626,18.049958055171693,False,26.8021613897477,165.5427141664936,10799985.0,2.4804664080551966,10749316.368158596
2019-06-18,3750.951416015625,3880.891996247113,3733.626005318093,3811.590353456986,11482100,4054.061901855469,181.00364637134143,4416.069194598152,3692.0546091127862,0.08134754200201019,17.858991870696332,False,26.56868634113499,164.23723393524548,10877995.0,1.0555345907035258,10749316.368158596
2019-06-20,3898.217529296875,3993.507291124132,3880.8921180555553,3889.554823676215,10176600,4060.3534545898438,172.6936486538848,4405.740751897613,3714.966157282074,0.26528389063988683,17.012671491312762,False,25.58242552805546,169.83142259047844,11071435.0,0.919176240478312,10749316.368158596
2019-06-21,3802.927734375,3958.85643418992,3768.2769121939064,3958.85643418992,18917400,4054.690966796875,179.39648045491836,4413.483927706711,3695.898005887038,0.1491524920340595,17.69767234287036,False,25.201564980409966,171.31342969087382,11631925.0,1.6263344201411203,10749316.368158596
2019-06-24,3828.91650390625,3880.892746040724,3707.6386055924772,3802.928382839013,5704700,4049.482141113281,184.55127034483112,4418.584681802943,3680.3796004236187,0.20121360205905442,18.229616915321856,False,25.118036761561736,171.45205188782904,11342325.0,0.5029568452676149,10749316.368158596
2019-06-25,3837.578369140625,3880.891894751693,3820.252958896198,3837.578369140625,6907400,4045.129248046875,188.63247612648257,4422.39420029984,3667.86429579391,0.2249269012841109,18.652800893080055,False,25.04047484405981,163.5368293140909,11086590.0,0.623040989158975,10749316.368158596
2019-06-26,3837.578369140625,3863.566484507266,3820.252958896198,3846.241074262839,4272400,4043.3138793945313,190.5323743331357,4424.378628060803,3662.24913072826,0.2300517681391658,18.84913019532059,False,24.968453063522304,154.94945047816074,9156055.0,0.46662017648430465,10749316.368158596
2019-06-27,4123.447265625,4132.109969964548,3828.9153180803573,3854.9034310990023,25859300,4049.4482421875,191.06447621325646,4431.577194614013,3667.319289760987,0.5968246752406581,18.87313676196479,False,23.309332889262297,165.53839343573435,9998480.0,2.5863231211144093,10749316.368158596
2019-06-28,4097.4599609375,4184.087021422437,4019.4956065010574,4149.436197228462,17187300,4054.283239746094,190.99105579435508,4436.265351334804,3672.3011281573836,0.5565166795531719,18.84338557523339,False,22.060089611266807,165.47075211328044,10857845.0,1.5829384191798648,10749316.368158596
2019-07-01,4080.134033203125,4123.4475579717355,4036.820508434514,4114.784853018014,10309800,4051.0624267578123,189.9288972739331,4430.920221305679,3671.204632209946,0.5382664339952742,18.753490049368512,False,20.90007799598528,159.83905907213338,10470080.0,0.9846916164919466,10749316.368158596
2019-07-02,4353.009765625,4353.009765625,4036.820996579602,4080.134526585821,22499300,4061.485400390625,200.74154384857155,4462.968488087768,3660.0023126934816,0.8630593344622844,19.77025881508914,False,21.00257235613633,171.00689549879516,11595045.0,1.9404236896018947,10749316.368158596
2019-07-03,4417.9794921875,4482.9497788373155,4270.713509114583,4374.665967754289,18812300,4075.1568603515625,215.46721155680672,4506.091283465176,3644.222437237949,0.8977665898200408,21.14934162688584,False,21.63346880153982,173.95185080050499,12535660.0,1.500702795066235,10749316.368158596
2019-07-04,4374.666015625,4461.293065439357,4331.352490717822,4461.293065439357,13672200,4086.662646484375,225.28798986569487,4537.238626215764,3636.086666752985,0.8195946766983876,22.05104843283337,False,22.219301215128773,170.8081882234357,13219270.0,1.0342628602033244,10749316.368158596
2019-07-05,4872.77197265625,4894.428736979166,4331.352864583333,4374.666393229167,33341000,4123.07373046875,285.84504833704545,4694.7638271428405,3551.383633794659,1.155685874697676,27.731257505749017,False,24.125705745601657,198.82730852146412,14886320.0,2.239707328607742,10749316.368158596
2019-07-08,4937.74267578125,5154.310336999726,4764.4885468064695,4851.11561129386,21922300,4162.733349609375,339.0549545140168,4840.843258637409,3484.6234405813416,1.071448164857767,32.58003105539617,False,26.44118431271722,212.46977149802072,15982435.0,1.3716495640370194,10749316.368158596
2019-07-09,4742.83154296875,5024.369488441781,4742.83154296875,4937.742428296233,13693800,4188.41826171875,362.9642325173597,4914.346726753469,3462.4897966840304,0.8818649549880127,34.66360901295607,False,28.44332578012578,217.40321249623574,16069885.0,0.852140510028541,10749316.368158596
2019-07-10,4959.3994140625,4981.056180062773,4634.547924058406,4742.831754059771,16467700,4223.285668945313,401.8243294713655,5026.934327888044,3419.637010002582,0.957982314115728,38.057982430699624,False,29.568655479740322,226.6250013182451,16472845.0,0.9996876677950894,10749316.368158596
2019-07-11,4764.48828125,5002.7126953125,4742.831516335227,4981.055930397727,14263400,4241.693872070313,418.2654491026776,5078.224770275669,3405.1629738649576,0.8124776444607482,39.443247128867235,False,30.669892407461617,229.00044257960423,16366615.0,0.8714935861813821,10749316.368158596
2019-07-12,4547.9208984375,4872.772391183035,4547.9208984375,4764.488560267857,11048900,4254.687939453125,423.78146592366284,5102.250871300451,3407.1250076057995,0.6729859506392357,39.8413676353555,False,30.445632203429156,235.84694616288505,16002995.0,0.6904270106939357,10749316.368158596
2019-07-15,4721.17431640625,4764.487842244839,4569.576975971187,4612.890501809777,9710200,4287.173046875,433.7814003938776,5154.735847662755,3419.610246087245,0.7501267165542211,40.472488108224965,False,30.237390585399016,234.4698031374889,15651855.0,0.6203865292644226,10749316.368158596
2019-07-16,4656.2041015625,4786.144681140989,4612.890575036337,4742.831154614826,6487500,4330.269982910157,424.96060482554975,5180.191192561256,3480.348773259057,0.6917437257426148,39.25488309068019,False,30.123106406451647,230.09725334942908,14636780.0,0.4432327328825056,10749316.368158596
2019-07-17,4504.607421875,4699.518319936899,4461.2938889723555,4677.861553485577,8888100,4367.952783203125,403.77315604693507,5175.499095296996,3560.406471109255,0.5846110226901697,36.97596343986471,False,29.06805865361746,230.67776603622298,14507080.0,0.6126732602287986,10749316.368158596
2019-07-18,4547.9208984375,4634.547963169643,4526.264132254464,4547.9208984375,4459600,4400.437951660157,389.8889220819971,5180.2157958241505,3620.6601074961623,0.5945672846959772,35.44091986888745,False,28.08837145455714,223.48224998325296,14221230.0,0.313587502628113,10749316.368158596
2019-07-19,4851.115234375,4872.7719988141735,4547.9205322265625,4591.23406110491,15839200,4452.847326660156,375.5284530057019,5203.90423267156,3701.790420648752,0.7651383034541972,33.73378204613774,False,28.136405704420937,230.72290831213567,14067320.0,1.1259571830313095,10749316.368158596
2019-07-22,4677.861328125,4894.428982204861,4677.861328125,4872.772216796875,8894300,4495.294567871094,348.28278172415077,5191.860131319396,3798.7290044227925,0.6310477935128757,30.99087514428159,False,28.258717211699977,229.71181872411609,14226800.0,0.6251792391823882,10749316.368158596
2019-07-23,4569.5771484375,4677.860967120853,4526.263620964159,4677.860967120853,8244400,4531.894506835937,312.1110816025611,5156.1166700410595,3907.672343630815,0.5301836780418674,27.547956478843087,False,27.414781579969734,224.13223932673932,14293650.0,0.5767875944912602,10749316.368158596
2019-07-24,4526.263671875,4612.8907277960525,4461.293379934211,4591.233963815789,5457500,4566.328771972656,266.07237369710316,5098.473519366862,4034.1840245784497,0.4623550732259919,23.307333920431642,False,26.252847576771128,218.9511756506752,14352905.0,0.3802366141209741,10749316.368158596
2019-07-25,4612.89111328125,4634.547879071303,4353.009923800616,4526.264050121039,14379100,4590.800964355469,244.85676928341908,5080.514502922307,4101.087425788631,0.5225541537920605,21.334557623784587,True,24.574738095055537,223.4216599092475,13778895.0,1.0435597339264142,10749316.368158596
2019-07-26,4439.63671875,4656.204363567073,4439.63671875,4634.547599085366,8556500,4607.909802246094,219.1794444634748,5046.268691173043,4169.5509133191445,0.3080647070850936,19.026365868241363,True,23.127591497744206,222.93208740266363,13347355.0,0.6410633417632182,10749316.368158596
2019-07-29,4374.666015625,4482.949827892946,4331.352490717822,4417.979540532178,6990800,4622.636401367187,189.77422816073025,5002.184857688648,4243.087945045727,0.17333500951961772,16.421298296755744,True,21.758288059021147,217.83674810069652,13181405.0,0.5303531755529854,10749316.368158596
2019-07-30,4569.5771484375,4591.233912174171,4374.666274807465,4417.979802280806,7380600,4633.464770507812,179.4791566641938,4992.4230838362,4274.506457179425,0.4110096915183217,15.494163918680107,True,20.505693613454458,217.7461158470161,12425470.0,0.5939896036125797,10749316.368158596
2019-07-31,4656.2041015625,4721.174391351745,4417.979705668605,4591.233811773256,12355200,4645.376000976563,172.182309996572,4989.7406209697065,4301.011380983419,0.5157218540426027,14.826124727933774,True,19.97397702525955,223.84958512102497,12102615.0,1.0208702829925598,10749316.368158596
2019-08-01,4547.9208984375,4634.547963169643,4482.950599888392,4634.547963169643,9816100,4654.038745117187,161.89680725051485,4977.832359618217,4330.245130616157,0.33613350923671503,13.914521654583984,True,19.48024019336428,220.23557916053088,11909810.0,0.8242029050001637,10749316.368158596
2019-08-02,4396.32421875,4482.95129695197,4374.667449199507,4417.980988300493,6873700,4630.216357421875,163.06656324483973,4956.349483911555,4304.083230932195,0.14141615850348754,14.087165752715375,True,18.360410926166733,216.87971273749244,10586445.0,0.6492925623285248,10749316.368158596
2019-08-05,4192.74951171875,4396.32309338278,4192.74951171875,4396.32309338278,10231800,4592.96669921875,173.85375596535286,4940.674211149456,4245.259187288045,-0.07550839968588231,15.140867970579865,True,17.734145020207556,215.92935518704655,10001920.0,1.022983587151267,10749316.368158596
2019-08-06,4054.145751953125,4175.423616327791,4010.832228962173,4036.820342756744,14289600,4558.532409667969,207.5460096973567,4973.624429062682,4143.440390273256,-0.10756005192576334,18.211651561996785,True,17.94054708576977,213.49992144201303,10031710.0,1.4244430909585704,10749316.368158596
2019-08-07,3984.844970703125,4140.77368694803,3984.844970703125,4062.8093288255777,11532200,4509.8046875,222.35186445963186,4954.508416419264,4065.1009585807365,-0.09023534395883376,19.721640280869206,False,18.23667137379435,209.3876924993625,9784935.0,1.178566847914677,10724441.092974333
2019-08-08,4279.376953125,4279.376953125,3984.8449361083,3984.8449361083,16236100,4485.54912109375,219.54896813273533,4924.6470573592205,4046.451184828279,0.2652321373652485,19.57833586976311,False,17.677083707538138,215.46942996488661,9883570.0,1.6427363796684802,11490224.247271208
2019-08-09,4244.7255859375,4396.32292829241,4244.7255859375,4305.364522879464,10114700,4470.38935546875,225.4052030122477,4921.199761493245,4019.5789494442547,0.2497132203299359,20.16873118548417,False,16.52657788191191,210.90713799274545,9836860.0,1.0282447854294967,11400130.692583708
2019-08-12,4201.41259765625,4244.72612959085,4175.42447849549,4244.72612959085,3350100,4444.40126953125,224.9316144908626,4894.2644985129755,3994.5380405495252,0.22993050307199997,20.24404196199737,False,15.79977054873181,200.79246035721795,9518855.0,0.3519435898540318,11287516.923052458
2019-08-13,4028.157470703125,4192.748851226478,4028.1574707031245,4158.098034274193,9308800,4412.998937988281,237.30579036025102,4887.610518708783,3938.387357267779,0.09457219027300925,21.509707452449994,False,15.794086643746713,198.82550797121135,9659920.0,0.9636518728933573,10837053.592974333
2019-08-14,4080.134033203125,4175.423787694068,4062.8086232956807,4080.134033203125,7286200,4391.7752685546875,247.44640804835606,4886.6680846514,3896.8824524579754,0.18514269634229083,22.537255931111392,False,15.78880873197484,195.14270861547791,9579825.0,0.7605775679618365,10972192.655474333
2019-08-15,4071.47216796875,4088.7975814494685,3976.182393824801,4002.170514045878,7487100,4367.95283203125,254.4578572428501,4876.86854651695,3859.03711754555,0.20871339239139308,23.302253209041023,False,16.168520579210295,189.2478856875629,9731200.0,0.7693912364353831,10949671.805864958
2019-08-16,4028.157470703125,4106.121808845766,4028.1574707031245,4097.459104607695,6824800,4326.804943847656,238.2368599835881,4803.278663814833,3850.33122388048,0.18660656335347844,22.0242754711964,False,16.40369734940618,181.29906086292567,9280480.0,0.7353929969139528,10837053.592974333
2019-08-19,4071.47216796875,4106.122994930186,4036.821341007314,4088.7975814494685,6083300,4296.485485839844,229.6390850718788,4755.763655983602,3837.2073156960864,0.255035910153684,21.37924923323611,False,16.622067239494754,173.9180939603639,9139930.0,0.6655740251840003,10949671.805864958
2019-08-20,3993.50732421875,4088.7970868356833,3984.8446185263015,4088.7970868356833,7884800,4267.681994628906,229.71056921591665,4727.103133060739,3808.260856197073,0.2016085596909938,21.530242366232443,False,17.08428319778428,168.92054927100804,9121950.0,0.8643765861466024,10746963.212114958
2019-08-21,3984.844970703125,4028.1585029933767,3984.844970703125,3984.844970703125,3678100,4240.611059570312,229.53586514591137,4699.682789862135,3781.5393292784893,0.22143123613318372,21.65120657579661,False,17.513483730481695,159.94861948666832,9032980.0,0.40718566851692356,10724441.092974333
2019-08-22,3976.181884765625,4106.12246923509,3967.5191791343273,4002.170001659518,9581200,4208.775598144532,219.10199167827727,4646.979581501086,3770.571614787977,0.23460566059066218,20.823347462370748,False,17.27240602048209,158.42395310196076,8793085.0,1.0896289527509402,10701917.069536833
2019-08-23,4028.157470703125,4045.482879179267,3984.8439495127686,3984.8439495127686,5236300,4188.201635742187,215.57368562743528,4619.349006997058,3757.0542644873167,0.31439737812473767,20.588663524480346,False,17.04854814691103,152.05802748136657,8627075.0,0.6069612238215154,10837053.592974333
2019-08-26,4019.496337890625,4062.809876014446,3976.1827997668033,3984.8455073915675,6336800,4170.443151855468,214.028220264713,4598.499592384895,3742.386711326042,0.3236835149844373,20.528103366616087,False,16.690624699647433,147.38438810752916,8594375.0,0.7373194676750782,10814534.647661833
2019-08-27,4140.7734375,4210.075084989539,4010.832848457113,4028.158260329498,23634000,4149.002966308593,192.3172017815503,4533.637369871694,3764.368562745493,0.4893021415500557,18.541052232860345,False,15.792404917984975,151.08852013787896,9407045.0,2.512372376235045,11129855.106646208
2019-08-28,4262.05126953125,4270.71397536363,4158.098799542683,4158.098799542683,12269100,4129.295324707031,153.980743913916,4437.256812534863,3821.3338368791988,0.7155398484411102,14.91593425082433,False,15.369905628846652,149.57794997543263,9402740.0,1.3048430563856919,11407517.004638089
2019-08-29,4288.03955078125,4305.364963107639,4253.388726128473,4262.051432291667,9963400,4116.301257324219,125.040364644283,4366.381986612784,3866.2205280356525,0.8433657082366879,12.150749600437633,True,15.20714655800477,142.6063990471279,9410105.0,1.0587979624031825,11407517.004638089
2019-08-30,4353.009765625,4374.666530628109,4236.063234608208,4305.364882618159,11212900,4114.135534667968,120.21713138732935,4354.5697974426275,3873.7012718933097,0.99675580385336,11.68820330534216,True,15.498808466120682,142.3204631166117,9627065.0,1.164726736549509,11407517.004638089
2019-09-02,4236.06298828125,4374.6662762413725,4201.412166291219,4353.009512497603,5126700,4116.301208496094,122.08352589308247,4360.468260282259,3872.134156709929,0.7452455786091083,11.863420066646299,True,15.454474336722168,144.53000931900752,9371810.0,0.5470341374825141,11407517.004638089
2019-09-03,4175.423828125,4262.050878501037,4166.761123087396,4236.062763388226,4435500,4122.3651123046875,121.8454852803715,4366.056082865431,3878.6741417439443,0.6088647554282011,11.82287177006032,True,15.098975427820333,141.01284832576704,8879105.0,0.4995435913867445,11407517.004638089
2019-09-04,4062.8095703125,4166.7620539878735,4045.4841563666046,4132.111226096082,8301900,4126.263342285156,118.41303108349476,4363.089404452146,3889.437280118166,0.36603296235210453,11.478960140039614,True,14.267716230224305,140.22190714238334,8717590.0,0.9523159497062835,11407517.004638089
2019-09-05,4140.7734375,4184.086967180962,4080.134495946653,4088.797201882845,6189200,4119.333166503906,112.9083212142022,4345.14980893231,3893.5165240755014,0.5474727432963489,10.963747446534216,True,13.35512065001625,138.86872783710328,8215245.0,0.753379844423386,11407517.004638089
2019-09-06,4166.76171875,4175.424425025988,4123.448187370062,4175.424425025988,2957000,4115.434973144531,109.65010895335925,4334.73519105125,3896.1347552378124,0.6170239275076808,10.657450273799626,True,12.507710468394485,132.6621213955906,7857360.0,0.3763350540130527,11407517.004638089
2019-09-09,4396.32421875,4417.980988300493,4166.762461514778,4166.762461514778,9286400,4125.180554199219,125.24646667029047,4375.6734875398,3874.687620858638,1.041220187202093,12.144580342578799,True,13.219755666529824,141.13048912094075,8154175.0,1.1388521830841256,11407517.004638089
2019-09-10,4396.32421875,4482.95129695197,4314.028494458128,4439.6377578509855,8296700,4143.588891601563,136.762364250246,4417.1136201020545,3870.064163101071,0.9619972178273872,13.202310154604657,False,14.234099054562648,143.11565436186228,8103570.0,1.0238327058321208,11407517.004638089
2019-09-11,4656.2041015625,4656.2041015625,4353.009415879361,4396.3229424055235,12720000,4172.392395019531,177.3385016937919,4527.069398407115,3817.7153916319476,1.1820454976245942,17.001133633114264,False,15.978513799960831,154.54987088481062,8375260.0,1.5187588206216882,11407517.004638089
2019-09-12,4504.607421875,4699.518319936899,4504.607421875,4677.861553485577,6828000,4194.049157714844,190.33648375398153,4574.722125222807,3813.376190206881,0.9079069052278572,18.153004563989207,False,17.77364238546853,157.43280139745983,8342305.0,0.8184788256962554,11407517.004638089
2019-09-13,4461.29296875,4569.576778671117,4396.32268279733,4547.920016686893,4193100,4215.7059326171875,195.05066125204678,4605.807255121281,3825.604610113094,0.8147733959941081,18.507046209549596,False,18.460388918782247,158.56289386005457,8210720.0,0.5106860299705751,11407517.004638089
2019-09-16,4634.54736328125,4634.54736328125,4314.02726525993,4482.950019622517,7503300,4243.859692382813,212.9519997854232,4669.763691953659,3817.9556928119664,0.9586569641187991,20.07154008108655,False,18.427270408334785,170.1312655858593,8281720.0,0.9060074477282497,11407517.004638089
2019-09-17,4547.9208984375,4656.204729352678,4526.264132254464,4634.547963169643,5103900,4271.58037109375,214.7251264018831,4701.030623897516,3842.130118289984,0.8217375301791026,20.10732401103362,False,18.516394856338426,167.2605035510275,8142675.0,0.626808757564314,11407517.004638089
2019-09-18,4634.54736328125,4634.54736328125,4396.322966103242,4547.920309761974,7298100,4304.065490722656,218.18062361410756,4740.426737950871,3867.704243494441,0.8786792189474074,20.276701094292576,False,17.600770420885397,172.32935309581183,8323675.0,0.8767881975209267,11407517.004638089
2019-09-19,4591.23486328125,4656.205167950324,4547.9213268352005,4612.891631504274,3915300,4334.818139648438,212.8128640568424,4760.443867762123,3909.192411534753,0.8012232422711099,19.63753561980822,False,16.88885915814247,167.75467366861977,8040380.0,0.48695459667329155,11407517.004638089
2019-09-20,4526.263671875,4591.233963815789,4461.293379934211,4591.233963815789,16220300,4359.723449707031,203.99975794653867,4767.722965600108,3951.723933813954,0.7040936516841524,18.716761308357498,False,15.761974157847717,165.05373150279257,8589580.0,1.8883693964082062,11407517.004638089
2019-09-23,4417.9794921875,4547.920065487132,4374.665967754289,4547.920065487132,3453100,4379.647607421875,187.84119290119247,4755.329993224261,4003.9652216194904,0.5510163454745887,17.155827111101043,False,15.283969664956597,165.63947194779615,8445395.0,0.40887371164995834,11407517.004638089
2019-09-24,4262.05126953125,4396.323209933149,4244.725857866489,4396.323209933149,6081600,4385.711499023438,181.5770932780241,4748.865685579486,4022.5573124673892,0.32974142379451515,16.56078775983836,False,15.587262355376657,166.1833406887401,7567775.0,0.8036179722573676,11407517.004638089
2019-09-25,4482.95068359375,4482.95068359375,4166.761891417573,4244.726251132246,6480100,4396.7564697265625,180.3736406176753,4757.503750961913,4036.0091884912117,0.6194662002330581,16.40970036522336,False,15.217543774728293,176.8980157949856,7278325.0,0.8903284753016663,11407517.004638089
2019-09-26,4504.607421875,4547.9209547776445,4439.637122521033,4504.607421875,4039900,4407.58486328125,180.00376189616753,4767.592387073585,4047.577339488915,0.6347507373897495,16.335818138930872,False,14.416488056816496,171.99700268510173,6982150.0,0.5786040116583001,11407517.004638089
2019-09-27,4504.607421875,4547.9209547776445,4461.2938889723555,4504.607421875,3637400,4415.16474609375,180.77487813962597,4776.714502373002,4053.614989814498,0.6236934532907924,16.377633772290263,False,13.672650604469826,165.8991500508294,6603375.0,0.5508395328146591,11407517.004638089
2019-09-30,4634.54736328125,4634.54736328125,4396.322966103242,4504.606783002337,8478600,4435.08896484375,181.95189907718526,4798.99276299812,4071.185166689379,0.7740537464147168,16.41021413725761,False,13.021954510419908,171.06523913134217,6770970.0,1.2521987248503539,11407517.004638089
2019-10-01,4526.263671875,4612.8907277960525,4504.606907894737,4612.8907277960525,5841600,4452.63095703125,172.25375897739883,4797.138474986047,4108.123439076452,0.606866629908221,15.4743351191402,False,12.417736708802126,168.12775457814013,6841275.0,0.8538759222513347,11407517.004638089
2019-10-02,4461.29296875,4591.23354065534,4439.636206765777,4504.606492718447,5497700,4472.555126953125,145.80640699900056,4764.167940951126,4180.942312955124,0.48068987770338106,13.040099259622037,False,11.704124873586208,166.94701024324175,6701065.0,0.8204218284705491,11407517.004638089
2019-10-03,4374.666015625,4547.920115253713,4374.666015625,4417.979540532178,3358600,4484.249755859375,125.80238468837359,4735.854525236122,4232.644986482628,0.2822303994756813,11.221710791107734,True,11.509538037407141,167.3975166279183,6559535.0,0.512018001276005,11407517.004638089
2019-10-04,4547.9208984375,4547.9208984375,4396.32353515625,4396.32353515625,2341300,4503.30771484375,101.74524547251622,4706.798205788782,4299.817223898717,0.6096198239695668,9.037378914804755,True,11.328843474450185,167.81589992681697,6528750.0,0.3586138234730997,11407517.004638089
2019-10-07,4417.9794921875,4547.920065487132,4396.322729970894,4504.606541053921,3878100,4504.390478515625,100.6562137990496,4705.702906113724,4303.078050917526,0.2853808943662537,8.938498052435252,True,11.161061941570456,166.6574905368019,6258335.0,0.6196696086099578,11407517.004638089
2019-10-08,4504.607421875,4612.89125413161,4417.980356069712,4526.264188326322,4396100,4509.804638671875,97.39697988173519,4704.598598435346,4315.010678908405,0.4866597075104743,8.63868727674362,True,10.402855921931728,168.67565278018108,6063305.0,0.7250336244012136,11407517.004638089
2019-10-09,4396.32421875,4482.95129695197,4396.32421875,4461.294527401477,2701500,4496.81064453125,94.11789566619636,4685.046435863643,4308.5748531988565,0.2330836365656749,8.37196876685542,True,9.890812027916255,164.3619063762396,5562380.0,0.48567339879691784,11407517.004638089
2019-10-10,4417.9794921875,4482.9497788373155,4396.322729970894,4396.322729970894,1614000,4492.479248046875,95.71991167788643,4683.919071402648,4301.039424691102,0.3054225224578166,8.522680363587764,True,9.415356528480523,158.80941655410973,5301680.0,0.3044318027493172,11407517.004638089
2019-10-11,4569.5771484375,4569.5771484375,4417.979802280806,4461.293329754147,2330100,4497.89345703125,96.91802216592946,4691.729501363109,4304.0574126993915,0.6849080537454708,8.618970021570792,True,9.333388681488826,158.2942908181019,5208530.0,0.44736230759926504,11407517.004638089
2019-10-14,4764.48828125,4786.145046164773,4591.234161931819,4612.890926846591,9773400,4504.3905029296875,110.02947822462268,4724.449459378933,4284.331546480442,1.090972943153762,9.770864950812669,True,10.769238442226676,162.45669131161412,5322035.0,1.8364028045662983,11407517.004638089
2019-10-15,4937.74267578125,4937.74267578125,4742.831780684622,4786.145312928316,10579200,4523.881591796875,146.597263377704,4817.076118552283,4230.687065041467,1.2057790071395678,12.962077844259056,False,12.849387919812592,164.77484872482944,5595800.0,1.8905607777261517,11407517.004638089
2019-10-16,4872.77197265625,4959.3990299479165,4807.8016796875,4937.742265625,6932300,4535.792822265625,164.63107585705598,4865.054973979737,4206.530670551512,1.011718623954103,14.518394671723398,False,14.876647722101719,163.83359883451425,5577510.0,1.242902298696013,11407517.004638089
2019-10-17,5024.36962890625,5046.026394548087,4807.801972487877,4872.772269413389,9157200,4557.449560546875,197.5131736358905,4952.475907818655,4162.423213275094,1.0909986404503436,17.335412801557332,False,17.126832307211856,169.14722906492113,5839605.0,1.5681197615249662,11407517.004638089
2019-10-18,5370.8779296875,5414.1914613785275,5024.369676159274,5024.369676159274,17300100,4599.6802734375,268.1557001838011,5135.9916738051015,4063.3688730698973,1.2189830905341572,23.319507812954924,False,20.312427593017226,184.90970073687515,5893595.0,2.9354069969178407,11407517.004638089
2019-10-21,5305.90673828125,5435.847311463648,5262.593213887118,5414.190549266582,7141200,4644.076635742187,307.1569132082933,5258.3904621587735,4029.7628093256008,1.0386742688176565,26.455800564902205,False,23.319161420969508,184.0771576539934,6078000.0,1.1749259624876605,11407517.004638089
2019-10-22,5652.416015625,5652.416015625,5305.907754130747,5327.564520474138,11987200,4713.594873046875,367.5460039617054,5448.686880970286,3978.5028651234643,1.138573901265935,31.190292238596502,False,26.5432143433725,195.67945191754745,6373280.0,1.8808525594356438,11407517.004638089
2019-10-23,5804.01318359375,5804.01318359375,5500.818465047808,5695.729355541628,9384500,4779.647998046875,436.20771723537575,5652.063432517626,3907.2325635761235,1.087085661871803,36.50542612457024,False,29.78072246588664,203.35911381957564,6518500.0,1.4396717036127944,11407517.004638089
2019-10-24,6367.08837890625,6497.028958067602,5674.071956712372,5804.012535873724,16883800,4872.772045898438,556.59416177012,5985.960369438678,3759.5837223581975,1.1711875706059698,45.69014569344548,False,33.485256184105616,247.61610578640807,7160695.0,2.357843756786178,11407517.004638089
2019-10-25,5739.0419921875,6367.088096992924,5717.38522995283,6367.088096992924,17929300,4934.4937744140625,581.5058107804565,6097.505395974976,3771.4821528531493,0.8458900164271914,47.13803177101031,False,36.925180351023236,276.3366088697661,7875290.0,2.2766526692985276,11407517.004638089
2019-10-28,5695.7294921875,5933.9539196173955,5435.848298627614,5760.6997905774715,13076900,4987.552880859375,600.7906082551549,6189.134097369685,3785.9716643490656,0.7946852870190687,48.18319705928702,False,38.29397244771836,292.1772525926243,8105205.0,1.613395342869181,11407517.004638089
2019-10-29,5522.47412109375,5695.728211167279,5457.503837316176,5652.414688648897,7956000,5037.3634033203125,601.8291845591813,6241.021772438675,3833.70503420195,0.7015151185002619,47.7892211757042,False,39.564993680363834,288.3235670411029,8210925.0,0.968952949880799,11407517.004638089
2019-10-30,5565.7890625,5652.416129620623,5479.161995379378,5652.416129620623,5660800,5092.588208007813,596.8403617557622,6286.268931519337,3898.9074844962884,0.698210813482915,46.87913786685235,False,40.74522768210605,280.10432184111306,8219080.0,0.6887388856173684,11407517.004638089
2019-10-31,5457.5048828125,5609.102240668403,5370.877821180556,5587.445475260417,10644400,5146.730151367187,577.074055067751,6300.878261502689,3992.5820412316853,0.6346338172354787,44.84976193394993,False,41.135340333822136,277.1129002444512,8583370.0,1.240118974249042,11407517.004638089
2019-11-01,5933.95361328125,5998.923908317176,5457.504783017792,5522.475078053718,13456000,5216.031787109375,584.5542052609668,6385.140197631308,4046.9233765874415,0.8070381752926439,44.827503291341365,False,42.25479533149228,295.9919163198036,9139105.0,1.4723542403769296,11407517.004638089
2019-11-04,5933.95361328125,6063.894203353102,5847.326553233349,5933.95361328125,6172000,5291.830493164062,573.8138413122986,6439.458175788659,4144.202810539466,0.779761080112963,43.373561723380654,False,43.399686998630166,290.3187544483714,9253800.0,0.6669692450668915,11407517.004638089
2019-11-05,6323.775390625,6323.775390625,5977.267150042808,5977.267150042808,9931300,5382.788891601563,586.5019256777084,6555.792742956979,4209.785040246146,0.9011011975519599,43.58349825628803,False,44.84505721270668,297.42611322661276,9530560.0,1.0420478964509956,11407517.004638089
2019-11-06,6280.4619140625,6323.77544450431,6172.178087957974,6323.77544450431,7073300,5476.995776367187,570.8217174608764,6618.63921128894,4335.352341445435,0.8518901406157439,41.688673190067284,False,46.187186771604374,287.0097734637359,9749150.0,0.7255299179928506,11407517.004638089
2019-11-07,6410.40283203125,6410.40283203125,6193.835168786951,6280.462234084671,8215300,5576.616943359375,549.7442913957806,6676.105526150936,4477.128360567814,0.8791698712118151,39.43209992577418,False,47.556182148580255,281.97819416234756,10079215.0,0.8150733960928505,11407517.004638089
2019-11-08,6583.65625,6626.969777960527,6388.745374177632,6410.402138157895,9771500,5677.3208984375,539.9478638437015,6757.216626124902,4597.425170750097,0.9196402154046012,38.04244103885723,False,49.106681341388324,278.8529234209581,10451285.0,0.9349568019626294,11407517.004638089
2019-11-11,6302.1181640625,6713.596669619846,6150.520819909794,6583.656088917526,9858100,5754.202392578125,511.8708292561077,6777.9440510903405,4730.4607340659095,0.7676045108297394,35.58240008494161,False,49.12070009020441,299.15456101303624,10455520.0,0.9428608046276034,11407517.004638089
2019-11-12,6237.1484375,6345.432264539931,6150.521375868056,6280.461968315973,4346100,5819.172680664063,484.5198826781026,6788.212446020268,4850.132915307858,0.7156649147841191,33.305069931199284,False,49.13371749981935,291.708584417239,10143865.0,0.42844615932881597,11407517.004638089
2019-11-13,5998.923828125,6302.118534239621,5933.953533957581,6302.118534239621,5772200,5875.4802734375,431.25618789243015,6737.99264922236,5012.967897652639,0.571560454176191,29.359723312635357,False,47.96650068171947,297.1697569790105,10085860.0,0.5723061791458537,11407517.004638089
2019-11-14,5977.26708984375,6063.894149116848,5825.6697361158285,5998.9238546620245,4417500,5923.125146484375,382.1150722602997,6687.355291004975,5158.895001963776,0.535422538450991,25.804963617025795,True,46.34960791086019,292.9593752662969,9848875.0,0.4485283852216624,11407517.004638089
2019-11-15,6107.20703125,6302.1178939494675,5912.296168550532,5977.266456117021,7368400,5959.9416015625,360.99473425740945,6681.931070077319,5237.952133047681,0.6019858572109332,24.228071910152188,True,45.47490692766152,299.8781145614854,9352290.0,0.7878712058757802,11407517.004638089
2019-11-18,6020.58056640625,6258.804977307217,5933.953507896807,6150.521154170414,5690200,5995.67529296875,326.5774924327538,6648.830277834258,5342.520308103242,0.5190653627504874,21.78753694788895,True,44.662684586119894,301.6619256221229,9279740.0,0.6131852832083657,11407517.004638089
2019-11-19,6193.83544921875,6193.83544921875,5998.924543474104,6020.581310779065,4789500,6022.746264648437,318.9776496541206,6660.701563956679,5384.790965340196,0.6340918280291981,21.18486389017687,True,43.908478126116954,294.03685277373165,8919855.0,0.5369481903012997,11407517.004638089
2019-11-20,6388.74560546875,6388.74560546875,6193.8347225900425,6215.491487354343,6373600,6051.982885742187,324.62154767409055,6701.225981090368,5402.739790394006,0.7593502511920911,21.455549614250458,True,43.71272444537439,286.9564263526585,8769310.0,0.726807468318488,11407517.004638089
2019-11-21,5977.26708984375,6410.402386209239,5977.26708984375,6410.402386209239,10779900,6032.4918212890625,316.3023854292434,6665.096592147549,5399.887050430576,0.4563513160275658,20.97324918455695,True,42.384555741319744,297.39777421071784,8464115.0,1.273600370505363,11407517.004638089
2019-11-22,5847.3271484375,6063.894820601852,5652.416243489583,5977.267751736111,9069000,6037.906079101563,311.9112265453653,6661.728532192294,5414.083626010832,0.3472490612354216,20.66353616363491,True,39.76459528565759,305.54640298940006,8021100.0,1.1306429292740396,11407517.004638089
2019-11-25,5847.3271484375,5955.610984519676,5717.386545138889,5890.64068287037,5666000,6045.4859619140625,304.9219116056409,6655.329785125345,5435.64213870278,0.33753314706615484,20.175179532406005,True,37.33177486254274,300.73769130307056,7650555.0,0.740599864977116,11407517.004638089
2019-11-26,5630.7587890625,5825.669670222356,5522.474966195913,5782.356141075721,33444500,6050.9001953125,295.97662026842517,6642.85343584935,5458.94695477565,0.1451228091352552,19.56579092133839,True,34.99347901610712,302.460154941536,8924980.0,3.7472913104567183,11407517.004638089
2019-11-27,5890.6396484375,5890.6396484375,5565.788197236902,5565.788197236902,6826100,6067.142724609375,276.20694679625984,6619.556618201895,5514.728831016856,0.34024381155222133,18.210018081553727,True,32.5696903098786,304.0595332457547,8983245.0,0.759870180541664,11407517.004638089
2019-11-28,5760.69970703125,6128.864725901669,5652.415877951716,5933.953833558506,10745100,6082.302465820312,247.85054298611337,6578.003551792539,5586.601379848085,0.1756081760863028,16.29978412806119,True,31.01751175334278,316.37305572462606,8988280.0,1.195456750346006,11407517.004638089
2019-11-29,5825.66943359375,5890.639724674721,5652.415324044494,5760.699142512779,8043700,6076.888256835938,252.40264402582565,6581.693544887589,5572.082968784286,0.25117255188451687,16.613940119231,True,29.576200759429543,310.79100893216895,8717665.0,0.9226897340056082,11407517.004638089
2019-12-02,5890.6396484375,5933.953175264246,5782.355831370634,5890.6396484375,6136900,6074.72255859375,253.87514817306825,6582.472854939887,5566.972262247614,0.31872692986991397,16.716822585677942,True,28.39213543434131,299.4200328579863,8715910.0,0.7041031860127055,11407517.004638089
2019-12-03,6063.89404296875,6150.521100725446,5847.326398577009,5912.296691894531,8031500,6061.728491210937,247.01504899850264,6555.758589207942,5567.698393213932,0.5021917204706685,16.29997446151911,True,28.00978440033464,299.6896520930185,8620920.0,0.9316291068702645,11407517.004638089
2019-12-04,6020.58056640625,6150.521154170414,5955.610272524168,6063.894095660971,4982400,6048.734423828125,241.68097500449116,6532.096373837107,5565.372473819142,0.47087704418877857,15.982250703712408,True,27.654744323067145,292.2054542039633,8516375.0,0.5850376480603543,11407517.004638089
2019-12-05,5977.26708984375,6150.521208389946,5977.26708984375,6128.8644435716715,3096300,6027.07763671875,226.49589210634588,6480.0694209314415,5574.0858525060585,0.44502047430995717,15.031888139383865,True,27.325064435514864,283.7089302284085,8260425.0,0.37483543522276397,11407517.004638089
2019-12-06,5977.26708984375,6085.5509139351225,5912.2967953889265,6042.2373842985735,3376000,5996.7581787109375,184.82186883877517,6366.401916388488,5627.114441033387,0.4736353049159593,12.32811884894144,True,26.654670799834225,275.8193008225362,7940650.0,0.42515411206891124,11407517.004638089
2019-12-09,6063.89404296875,6085.5508074079235,5890.639927455357,6042.237278529576,4864100,5984.84697265625,171.28743276515627,6327.421838186562,5642.2721071259375,0.6153719643006118,11.448074348282546,True,25.908658288633518,270.0401279032527,7690950.0,0.6324446264765731,11407517.004638089
2019-12-10,6150.52099609375,6258.804816447513,6020.580411669234,6063.8939398107395,5560100,5980.515600585937,165.57156904456713,6311.658738675072,5649.372462496803,0.7566947279790109,11.074066525524687,True,25.887094989849047,267.7675762514689,7751650.0,0.7172795469351686,11407517.004638089
2019-12-11,5977.26708984375,6215.4915028447695,5977.26708984375,6215.4915028447695,3775000,5979.432763671875,165.51565108169967,6310.464065835275,5648.401461508476,0.4967288987265374,11.072331281140391,True,25.604132339208544,265.6573503050082,7651790.0,0.4933486151606356,11407517.004638089
2019-12-12,5652.416015625,6063.894576149425,5652.416015625,6020.581043462644,9316600,5963.190209960938,180.95827327197864,6325.106756504895,5601.2736634169805,0.07065489640690947,12.138353257268582,True,23.87607939816454,276.07315103496654,7896745.0,1.179802564221081,11407517.004638089
2019-12-13,5890.6396484375,5890.6396484375,5674.072014303769,5717.385541130515,6824200,5952.361840820313,178.34763573074605,6309.057112281805,5595.666569358821,0.4134805009750791,11.98499960184996,True,22.27145881005225,273.3696140190761,7869535.0,0.8671668656407272,11407517.004638089
2019-12-16,5717.3857421875,5977.266912286931,5674.072213837594,5890.639855587121,6111800,5937.202099609375,185.00545106914566,6307.213001747667,5567.191197471084,0.20295962071447435,12.46415048470846,False,20.984656397542924,275.49997719266617,7890615.0,0.7745657341031086,11407517.004638089
2019-12-17,5890.6396484375,5912.2964118508735,5717.385541130515,5717.385541130515,9647000,5922.042309570313,175.0224530900469,6272.087215750406,5571.997403390219,0.45514481059659184,11.821763097315392,False,19.789768443069978,269.7436124446442,8133490.0,1.186083710682622,11407517.004638089
2019-12-18,5868.98291015625,5933.953200674585,5804.012619637915,5890.639673662362,6463800,5896.054174804687,136.40496848476792,6168.864111774223,5623.244237835152,0.45038438674713643,9.253983388935625,True,18.78927924156743,259.7576816297889,8138000.0,0.79427377734087,11407517.004638089
2019-12-19,5847.3271484375,5868.983915653936,5804.01361400463,5868.983915653936,4583300,5889.557177734375,135.42419888516625,6160.4055755047075,5618.708779964042,0.4220412052562999,9.19758106073856,True,17.860253554457927,245.8442973454687,7828170.0,0.5854880514858517,11407517.004638089
2019-12-20,5868.98291015625,5890.639673662362,5760.699092625692,5825.669383144027,12706700,5890.639965820313,135.15508358164604,6160.950132983605,5620.329798657021,0.4599403605655354,9.177616311019937,True,16.72808322811487,237.56546046626877,8010055.0,1.5863436643069242,11407517.004638089
2019-12-23,5868.98291015625,5998.92349119292,5825.669383144027,5890.639673662362,5872600,5891.72275390625,134.87628152669384,6161.475316959637,5621.970190852862,0.4578505510891121,9.157001248048873,True,16.29001446892344,232.97179243645618,8020385.0,0.7322092393320271,11407517.004638089
2019-12-26,5998.923828125,6020.580592847473,5825.669710345216,5868.983239790163,4325700,5910.131005859375,121.88286430619945,6153.896734471774,5666.365277246977,0.6821273703466543,8.249080379799576,True,16.00151493818711,230.2531560125848,6564445.0,0.6589589828233765,11407517.004638089
2019-12-27,5955.6103515625,6063.894176136364,5912.296821732954,6020.580646306818,4333400,5913.379541015625,122.20143376633155,6157.782408548288,5668.976673482963,0.5863958982421326,8.266097781732656,True,15.974062908972442,224.6348844690723,6439810.0,0.6729080516350637,11407517.004638089
2019-12-30,5630.7587890625,5998.923786808894,5630.7587890625,5955.61025766226,9760200,5906.882495117187,133.6629192167488,6174.208333550685,5639.55665668369,-0.016455325966139796,9.051334224253742,False,15.465720585649088,234.88703541745244,6390565.0,1.527282798938748,11380478.66400889
2020-01-02,5695.7294921875,5760.6997905774715,5630.7591937975285,5717.3862583174905,4949800,5900.385498046875,140.78642902654838,6181.958356099972,5618.812639993778,0.13658428004310236,9.544219039461135,False,14.993688428277398,227.3908901387038,6235870.0,0.7937625383466942,11510420.07025889
2020-01-03,5977.26708984375,5998.9238546620245,5717.385912024457,5739.042676842731,8940400,5904.716870117188,141.79973559014834,6188.3163412974845,5621.117398936891,0.6279096526954363,9.605861802300723,False,14.627464560089638,232.80542387697673,6376045.0,1.402185837772475,12032867.183435012
2020-01-06,5933.95361328125,6042.237438341127,5868.983318245324,5933.95361328125,3840100,5898.2198486328125,137.0188854224384,6172.257619477689,5624.182077787936,0.5651986121078636,9.292219614648573,False,14.497164288328687,228.55175932117862,6166475.0,0.6227382742977147,12032867.183435012
2020-01-07,6345.43212890625,6345.43212890625,5933.953594949872,5933.953594949872,16621000,5914.462426757813,168.03188541028146,6250.526197578376,5578.39865593725,1.1412022651179317,11.364135793649345,False,15.604302314855463,241.61795750940715,6748405.0,2.462952356890258,12032867.183435012
2020-01-08,6302.1181640625,6345.4316909632735,6150.520819909794,6302.1181640625,6083400,5930.70498046875,188.8351703575033,6308.375321183757,5553.034639753744,0.9917161126428269,12.736102772225772,False,16.632359053773186,238.28176832991062,6897760.0,0.8819384843775371,12032867.183435012
2020-01-09,6367.08837890625,6388.745142099809,6258.804562938457,6323.774852519133,6584100,5950.196044921875,212.52617402236405,6375.248392966603,5525.143696877147,0.9904011657647701,14.287003145299193,False,17.745169787607907,230.54311196072783,7058165.0,0.9328345256876256,12032867.183435012
2020-01-10,6280.4619140625,6367.08897494612,6237.14838362069,6323.77544450431,3594400,5961.024438476563,223.84009161463834,6408.70462170584,5513.344255247286,0.8567697293207405,15.020243176311778,False,18.620321268576408,223.35721762963516,6994680.0,0.5138762602434993,12032867.183435012
2020-01-13,6063.89404296875,6345.431980678013,6020.580514090401,6323.775216238839,6677500,5956.693090820312,220.79775747290023,6398.288605766113,5515.097575874512,0.6213791224324314,14.826868136830168,False,18.013997894645662,230.6068068409192,7050550.0,0.9470892341732206,12032867.183435012
2020-01-14,6107.20703125,6128.863793772163,6020.579981161347,6085.550268727837,6615700,5963.190087890625,223.3322144021271,6409.85451669488,5516.525659086371,0.6612138040014918,14.98072079611516,False,17.450980147403282,221.86945011019756,7192585.0,0.9197944827902624,12032867.183435012
2020-01-15,6237.1484375,6280.461968315973,6128.864610460069,6128.864610460069,10017800,5992.426708984375,218.7338366809194,6429.894382346214,5554.959035622536,0.7797026425232685,14.600684984797521,False,17.636650042652985,218.39698489275295,7227645.0,1.3860392977242242,12032867.183435012
2020-01-16,6323.775390625,6323.775390625,6193.8348004066775,6237.148330479452,7199100,6014.08349609375,229.3120546153263,6472.707605324403,5555.459386863097,0.8376315028997949,15.251670833254542,False,17.99661890589284,212.07867098743648,7246390.0,0.9934739918773348,12032867.183435012
2020-01-17,6388.74560546875,6453.7158997616525,6280.461781647246,6323.7753111758475,5197700,6047.6514892578125,232.70743832379299,6513.066365905399,5582.236612610226,0.8664409254253544,15.391590519866535,False,18.860718881985562,209.3054886393629,7200685.0,0.7218341032832293,12032867.183435012
2020-01-20,6302.1181640625,6388.745217864047,6128.864056459407,6388.745217864047,5404300,6068.225415039063,236.25779042132265,6540.740995881708,5595.709834196417,0.7474973932143489,15.57343534640608,False,18.66355579851035,212.91806438007578,6988550.0,0.7733077677057473,12032867.183435012
2020-01-21,6107.20703125,6258.804368905142,5998.923218639185,6237.147606382979,6680100,6080.13662109375,231.64418963227172,6543.425000358294,5616.848241829207,0.5292155074116289,15.239406879683006,False,17.731440200854635,219.36641302602146,6999365.0,0.9543865764965822,12032867.183435012
2020-01-22,6107.20703125,6193.834081338652,6063.8935062056735,6085.550268727837,3891100,6093.130615234375,225.09381203242256,6543.31823929922,5642.94299116953,0.5156339437860662,14.77689064925875,False,16.865904288745757,212.9788531765184,6964755.0,0.5586844045483295,12032867.183435012
2020-01-23,6193.83544921875,6215.49221652371,6107.208379998907,6107.208379998907,1872200,6109.3732421875,219.7247166917028,6548.822675570906,5669.923808804095,0.5961000295084682,14.386072546651537,False,16.177884533793907,205.50073404060356,6423030.0,0.29148236891311424,12032867.183435012
2020-01-24,6215.4921875,6323.776023519164,6193.835420296167,6193.835420296167,2200000,6126.698706054687,213.3406414060827,6553.379988866853,5700.0174232425215,0.6040512966260131,13.92858709994991,False,16.099455141650214,200.1035818393459,6239400.0,0.35259800621854664,12032867.183435012
2020-01-27,6085.55078125,6215.491367326512,6063.894016903914,6193.834602980427,2487700,6131.030053710938,211.4812268725696,6553.992507456077,5708.067599965799,0.44623722264442184,13.79743534250438,False,15.216673768926183,196.63890960768447,6147500.0,0.40466856445709637,12032867.183435012
2020-01-28,5912.296875,6085.550995879121,5847.32657967033,6085.550995879121,5556100,6128.8643798828125,213.58348617609693,6556.031352235006,5701.697407530619,0.24650719870700186,13.939514594394117,False,14.97615605815362,199.60930293633493,6208635.0,0.8948987982060469,12032867.183435012
2020-01-29,5782.35595703125,5955.610068103348,5760.699193147238,5912.296540335323,3816000,6136.44423828125,197.02391361795662,6530.492065517164,5742.396411045337,0.05070392884312166,12.842871602342845,False,15.135641325577076,199.27370093774746,5911425.0,0.6455296311802992,12032867.183435012
2020-01-30,5804.01318359375,5977.267308477146,5739.042886762477,5782.356417983326,3693700,6141.858422851563,185.42194825718641,6512.702319365936,5771.01452633719,0.044491304247852706,12.075950664528555,False,15.148896011295435,202.05589527895617,5848620.0,0.6315506905902589,12032867.183435012
2020-01-31,5760.69970703125,5955.610599374413,5630.759112135808,5760.69970703125,9636800,6131.030053710938,201.19266325352865,6533.415380217995,5728.64472720388,0.039831198748753814,13.126189987064413,False,15.6438795544504,210.82700899035967,5883440.0,1.6379533062290088,12005204.879511818
2020-02-03,5370.8779296875,5652.415885679183,5284.250866305443,5630.759119833669,8736200,6102.87626953125,260.7913749992588,6624.459019529768,5581.293519532732,-0.20170873159228297,17.093014079362277,False,17.303999535801562,229.79999697146303,6128245.0,1.4255631098299757,11341458.440637331
2020-02-04,5414.19140625,5522.475234375,5392.534640625,5392.534640625,3756700,6056.314233398438,295.96618903845314,6648.246611475344,5464.3818553215315,-0.042395424655255566,19.547611146482723,False,18.845539518484784,224.21409037975138,5485030.0,0.6849005383744483,11341458.440637331
2020-02-05,5868.98291015625,5868.98291015625,5457.504403540129,5457.504403540129,6009300,6034.657470703125,292.8639760558779,6620.385422814881,5448.929518591369,0.35857379697386843,19.412135815672414,False,18.291940704214866,240.68390563164414,5481325.0,1.096322513260936,11341458.440637331
2020-02-06,5630.7587890625,5782.356141075721,5587.445259915866,5739.042611929087,7938800,5997.840991210937,295.14774480554587,6588.136480822029,5407.545501599846,0.18906911147984146,19.683599164302397,False,17.777884662392797,243.60203024655416,5549060.0,1.4306567238415155,11341458.440637331
2020-02-07,5522.47412109375,5630.757927389705,5522.47412109375,5630.757927389705,2198800,5959.9416015625,305.43355160451756,6570.808704771535,5349.074498353465,0.14192908885531247,20.499096939100404,False,17.5653447532277,233.93650436956815,5479280.0,0.40129360061905944,11341458.440637331
2020-02-10,5392.5341796875,5544.131526104417,5392.5341796875,5522.474762330572,3871400,5926.373608398438,329.3624066596816,6585.098421717801,5267.648795079074,0.09479329006836631,22.23028303129135,False,17.86948853826779,228.05513594437883,5338975.0,0.7251204585149771,11341458.440637331
2020-02-11,5457.5048828125,5522.475179036458,5392.534586588542,5392.534586588542,2069400,5893.888500976563,342.37128310625417,6578.6310671890715,5209.145934764054,0.18135205864459747,23.235681031259865,False,18.151907767233592,221.0469833304202,5111660.0,0.40483913249316267,11341458.440637331
2020-02-12,5522.47412109375,5544.130882352941,5392.533553538603,5457.503837316176,4086000,5858.15478515625,341.9546832900326,6542.064151736316,5174.245418576184,0.25458687914957684,23.34896880201926,False,18.277723646183656,216.0862937221286,4815070.0,0.8485857941836775,11341458.440637331
2020-02-13,5327.564453125,5565.788879890752,5284.250920985772,5522.475347751524,3977500,5808.34423828125,343.11489894356015,6494.57403616837,5122.11444039413,0.1496947621361272,23.62910219281985,False,18.83991374566486,220.76141266376084,4653990.0,0.8546430052492593,11341458.440637331
2020-02-14,5609.10205078125,5674.072344805743,5284.250580658783,5284.250580658783,4110600,5769.362060546875,316.9981190623513,6403.358298671577,5135.365822422173,0.3736112297451022,21.97803609727368,False,18.664911331991732,232.8371520554179,4599635.0,0.8936796071862224,11341458.440637331
2020-02-17,5695.7294921875,5760.6997905774715,5544.1321292775665,5609.102427667538,3353400,5739.042626953125,291.3196535651827,6321.681934083491,5156.40331982276,0.4628302328425517,20.304407721037975,False,17.982956191462726,231.6750455728813,4497090.0,0.7456822078277286,11341458.440637331
2020-02-18,5782.35595703125,5868.983012567299,5674.07213761119,5695.728901495201,3655100,5722.800073242188,278.48559213071906,6279.771257503626,5165.82888898075,0.5534640619406865,19.464988366993296,False,16.745008775218825,229.04903338596898,4345840.0,0.8410571949266424,11341458.440637331
2020-02-19,5890.6396484375,5933.953175264246,5782.355831370634,5782.355831370634,2491700,5711.971704101563,266.7135875148267,6245.398879131217,5178.544529071909,0.6674717306312757,18.677514618870358,False,15.845599336566426,223.5167698508006,4275870.0,0.5827352094427567,11341458.440637331
2020-02-20,5933.95361328125,5977.267143305201,5890.640083257299,5890.640083257299,3995500,5698.977612304688,247.65138785755966,6194.280388019807,5203.674836589568,0.737204405565165,17.382162535459308,False,15.237305859660111,213.73896449486492,4382035.0,0.9117909829565487,11341458.440637331
2020-02-21,5695.7294921875,5933.9539196173955,5695.7294921875,5933.9539196173955,6293200,5672.989477539062,215.82260858727412,6104.634694713611,5241.3442603645135,0.5263410941945434,15.217557475949908,False,14.686197895966668,215.48792613308137,4586695.0,1.3720554778549696,11341458.440637331
2020-02-24,5587.4453125,5804.012960271318,5457.504723837209,5695.729136385658,4098800,5648.084204101562,193.2702077844054,6034.624619670373,5261.543788532751,0.4215620292740549,13.687487707357857,True,15.192172419444251,224.8465197260119,4667250.0,0.8782045101505169,11341458.440637331
2020-02-25,5522.47412109375,5630.757927389705,5457.503837316176,5479.160598575368,6062200,5628.59306640625,184.6882949644019,5997.9696563350535,5259.216476477446,0.35635399182585725,13.12500603866336,True,15.662009355765464,221.16134617940602,4692555.0,1.2918761740672193,11341458.440637331
2020-02-26,5154.31005859375,5457.504767922795,5154.31005859375,5414.191238018645,9996000,5597.190771484375,208.96547461991437,6015.121720724203,5179.259822244546,-0.029849145769386968,14.93359673817205,False,17.133602739233698,231.6615402023056,5001555.0,1.9985784421045054,11315470.435093453
2020-02-27,5110.99609375,5240.936672404661,4764.4878840042375,5154.30961996822,6026400,5562.5399169921875,229.33094246262246,6021.201801917432,5103.878032066943,0.00775959581230209,16.49109549844831,False,19.429553084184715,249.1463436450283,5118190.0,1.1774474960874841,11224511.108921578
2020-02-28,4937.74267578125,4981.056208024945,4786.145312928316,4981.056208024945,10463800,5521.392065429687,263.229169587959,6047.850404605605,4994.933726253769,-0.054316786549570305,19.0697683822222,False,21.561506975924946,254.55380344336086,5159540.0,2.028049012121236,10860678.931187203
2020-03-02,4851.115234375,5284.250523158482,4851.115234375,4937.742292131697,9557300,5495.4039306640625,301.7153748447039,6098.8346803534705,4891.9731809746545,-0.033854710437514576,21.961288280277138,False,21.882899040315106,267.3096238247981,5200595.0,1.8377320287390193,10678761.304234078
2020-03-03,5219.28076171875,5262.594295011022,5024.369861903527,5024.369861903527,9358000,5485.6583984375,307.56772495749334,6100.793848352487,4870.522948522514,0.28348050274491227,22.42704176002639,False,22.181334528677397,277.60744073988553,5480660.0,1.7074585907536683,11451908.911655953
2020-03-04,5565.7890625,5630.759362840467,5175.967260457199,5197.624027237354,6662800,5470.498706054687,294.89044529959546,6060.279596653878,4880.717815455497,0.5807845404659534,21.562234899952635,False,20.84064947082972,290.2634880001271,5513335.0,1.2084881473735951,12139853.557218025
2020-03-05,5630.7587890625,5782.356141075721,5457.504672475961,5674.072318209135,5925500,5470.498706054687,294.89044529959546,6060.279596653878,4880.717815455497,0.6358640857666613,21.562234899952635,False,19.653409378717747,292.734058042958,5412670.0,1.0947462158232444,12139853.557218025
2020-03-06,5370.8779296875,5522.4752906060985,5284.250866305443,5522.4752906060985,5373300,5462.918896484375,295.4319678479696,6053.7828321803145,4872.054960788436,0.42211323010561963,21.631803323171642,False,18.568024578901206,296.57504837967934,5571395.0,0.9644442729334395,12139853.557218025
2020-03-09,5024.36962890625,5219.280519682785,4872.772269413389,4937.7425663389,8806100,5444.510668945312,311.1028853184712,6066.716439582255,4822.30489830837,0.16237773750557594,22.856260496867513,False,18.758308382811332,310.9700920864244,5818130.0,1.5135619176608293,12139853.557218025
2020-03-10,5089.33935546875,5305.906987616357,5024.369065824468,5024.369065824468,6916800,5426.102392578125,321.0275950888839,6068.157582755893,4784.047202400357,0.23774603627444094,23.665428468728393,False,18.6035127661373,308.8677942082433,6060500.0,1.1412919726095208,12139853.557218025
2020-03-11,5110.99609375,5240.936672404661,4937.741988877118,5132.65285685911,5780800,5405.528491210937,327.64345034433086,6060.8153918995995,4750.241590522275,0.27526454660439287,24.245063244199677,False,18.695661601871784,308.46257201676474,6145240.0,0.9406955627444982,12139853.557218025
2020-03-12,4721.17431640625,5024.368997276376,4699.517553486955,4981.055471437787,5151900,5375.208984375,361.54137682396953,6098.291738022939,4652.126230727061,0.04774563169349763,26.904358723533996,False,19.381744446161278,315.8208554629276,6203960.0,0.8304212148369751,12139853.557218025
2020-03-13,4721.17431640625,4721.17431640625,4721.17431640625,4721.17431640625,0,5330.81259765625,385.0608819448042,6100.934361545858,4560.690833766641,0.10419357701895385,28.893222178855105,False,20.018821373001522,293.26222292986137,5998430.0,0.0,12139853.557218025
2020-03-16,4721.17431640625,4721.17431640625,4721.17431640625,4721.17431640625,0,5282.0848388671875,397.90056796808034,6077.885974803348,4486.283702931027,0.1475812253012832,30.132084592069177,False,20.610392805067463,272.31492129201416,5830760.0,0.0,12139853.557218025
2020-03-17,4175.423828125,4482.949856959933,4175.423828125,4482.949856959933,8445100,5201.738232421875,450.35005305693517,6102.438338535745,4301.038126308005,-0.06973147739760822,34.630735568349166,False,22.34245583577414,291.8460332198167,6070260.0,1.391225417033208,12139853.557218025
2020-03-18,3889.55517578125,4244.726138380429,3889.55517578125,4175.424487141565,9860300,5101.684008789062,507.8598281172495,6117.403665023561,4085.9643525545634,-0.09668473754925962,39.81899523704882,False,24.4047655413054,296.36924246119975,6438690.0,1.531413998810317,12139853.557218025
2020-03-19,3621.01123046875,3854.904300379411,3621.01123046875,3854.904300379411,3540200,4986.036889648438,568.133812716178,6122.304515080794,3849.769264216082,-0.10066203974626496,45.57798711001809,False,26.683659826469935,294.3817212362926,6415925.0,0.5517832580648933,12139853.557218025
2020-03-20,3646.998779296875,3811.5901731368763,3369.792221250557,3621.0106644800326,18277900,4883.600354003906,616.1100016297116,6115.82035726333,3651.380350744483,-0.0017779176754224868,50.46358890727682,False,29.096842068248062,304.91145199700884,7015160.0,2.605485833537653,12139853.557218025
2020-03-23,3395.781005859375,3794.2655116489955,3395.781005859375,3595.0232587541855,10281400,4774.017138671875,676.3010157240315,6126.619170119938,3421.415107223812,-0.009475847576908359,56.665151890273904,False,31.33765414989918,311.59524155362396,7324290.0,1.4037401577490787,12139853.557218025
2020-03-24,3317.81640625,3551.7094688315924,3291.8282881853784,3421.7688785084856,14329000,4663.784252929688,725.751340267692,6115.286933465071,3212.281572394304,0.036353647592565826,62.24570442440949,False,33.54176515321048,307.90138006023756,7737630.0,1.8518590317707102,12139853.557218025
2020-03-26,3646.998779296875,3785.6020583200343,3369.792221250557,3387.1176311284516,13758700,4588.418688964844,749.9902777910274,6088.399244546898,3088.4381333827887,0.18618929553301494,65.3811544787537,False,34.47946326380808,319.32168520379446,7925765.0,1.7359459938567445,12139853.557218025
2020-03-27,4253.38916015625,4331.353523580703,3724.964030279404,3811.5911007510185,8642300,4545.538342285156,743.0239097022271,6031.586161689611,3059.490522880702,0.40170263085948754,65.38489866339488,False,33.318860497511864,345.39547513808253,8056560.0,1.072703486351495,12139853.557218025
2020-03-30,3967.51904296875,4262.051024324509,3958.856337634757,4253.3883189905155,7714500,4497.027160644531,747.7271333736442,5992.48142739182,3001.572893897243,0.32296077872461576,66.50857169975171,False,32.24115792880824,342.3811331060589,7919095.0,0.9741643457996148,12139853.557218025
2020-03-31,4279.376953125,4612.891148864499,4054.146587171053,4071.4719999367408,13706500,4468.440246582031,744.3991031076845,5957.2384527974,2979.6420403666625,0.436504728220474,66.63614702486711,False,30.173800614024476,364.0233454481796,8126555.0,1.6866310509188702,12139853.557218025
2020-04-01,4114.78564453125,4547.92097553454,4036.821284950658,4288.039776932566,9473500,4413.215490722656,726.5196449196504,5866.254780561957,2960.176200883355,0.39730840443261145,65.84946023568719,False,28.300197509248786,374.52879867215836,8132330.0,1.1649182952487172,12139853.557218025
2020-04-02,4236.06298828125,4305.364632261311,3967.5191178585123,4114.785111316142,7307300,4346.729187011719,674.4718672205723,5695.672921452863,2997.7854525705743,0.4589804244962386,62.06707049851954,False,26.752115391937263,371.9085640814898,8164555.0,0.8950028507371192,12139853.557218025
2020-04-03,4201.41259765625,4482.950555231153,4123.448240173969,4244.72612959085,11006700,4275.261877441406,603.2179958235799,5481.697869088566,3068.825885794246,0.4693936187678184,56.43799262978341,False,24.913063271262384,371.0224034368966,8418615.0,1.307424083415146,12139853.557218025
2020-04-06,4192.74951171875,4210.074922924199,4097.4597500887785,4201.412217321475,21309600,4216.355456542969,545.3439999486295,5307.043456440228,3125.6674566457095,0.4891784154467445,51.73605551708038,False,23.142227241247955,352.5647441082197,9215430.0,2.312382601788522,12139853.557218025
2020-04-07,4227.400390625,4374.666387839396,4158.098744877049,4244.725802061987,16035500,4176.506994628906,511.2460823069586,5198.999159242823,3154.0148300149885,0.5248869369161919,48.963986696484326,False,21.986186115415112,342.85066545494306,9576900.0,1.674393592916288,12139853.557218025
2020-04-08,3932.86767578125,4227.39961625826,3932.86767578125,4227.39961625826,13193800,4118.683410644531,465.9627519677704,5050.608914580072,3186.7579067089905,0.4003054782390987,45.25356338518402,False,20.639692497458917,339.39938326842923,9890750.0,1.333953441346713,12139853.557218025
2020-04-09,3785.60205078125,3984.844263980263,3707.637706485984,3984.844263980263,13289600,4052.413708496094,408.0589289864432,4868.531566468981,3236.2958505232073,0.33653607434987165,40.27811159861855,False,20.027629953935108,334.9570385702757,10266190.0,1.2945016603043582,12139853.557218025
2020-04-13,3742.2890625,3828.9161241319443,3707.638237847222,3785.602593315972,6816800,4003.469445800781,381.4622440675359,4766.393933935853,3240.5449576657093,0.3288294665051173,38.11316651537329,True,19.459286163520144,319.69424197845046,10349435.0,0.6586639753764336,12139853.557218025
2020-04-14,4019.496337890625,4036.8217531401533,3733.6269862734034,3768.277816772461,22502000,3968.385546875,342.2291022441815,4652.843751363363,3283.927342386637,0.5373366778865853,34.49554970924414,True,18.212043327424396,318.51570804190044,11474535.0,1.961038072566775,12139853.557218025
2020-04-15,3854.904296875,4140.773604283708,3837.5788843047753,4054.146541432584,12558500,3925.0720458984374,293.25400210546326,4511.580050109364,3338.564041687511,0.44018176348859966,29.885209614116853,True,17.104796015746274,317.42135175168846,12102460.0,1.0376815953120275,12139853.557218025
2020-04-16,3586.3603515625,3837.578830295139,3586.3603515625,3837.578830295139,16978500,3895.6188720703126,296.3515065550447,4488.321885180402,3302.915858960223,0.23911173583795295,30.42920945678137,True,16.476288936590475,313.9301084346036,12529130.0,1.3551220236361183,12139853.557218025
2020-04-17,3672.987060546875,3768.276819193138,3629.6735338894823,3638.336239220961,17102500,3884.7904663085938,300.51212086721824,4485.81470804303,3283.766224574157,0.32379795101900044,30.942427754953883,True,15.892675220231515,304.5005626628918,12891240.0,1.3266760994287594,12139853.557218025
2020-04-20,3508.39599609375,3707.638237847222,3491.0705837673613,3698.975531684028,12748800,3879.159704589844,306.705959251867,4492.571623093578,3265.74778608611,0.19778569888201727,31.62602033517421,True,15.771375137601742,298.21964062124675,13351670.0,0.9548468468738368,12139853.557218025
2020-04-21,3413.106201171875,3508.395968209669,3387.1180828888405,3465.0824377379445,10542400,3867.4650756835936,320.18697245612134,4507.839020595837,3227.091130771351,0.14523941197046647,33.11595230367031,True,15.960981055424698,285.5809458057941,12964895.0,0.8131496629937998,12139853.557218025
2020-04-22,3560.372314453125,3612.348552620324,3326.47924270073,3395.7808935903286,14940000,3875.6946411132812,309.35755472240675,4494.409750558095,3256.9795316684676,0.24517971046229842,31.92795959111421,True,15.710465953414293,285.6015432424941,13197825.0,1.1320047053207631,12139853.557218025
2020-04-23,3733.6259765625,3811.590324100928,3595.022692049739,3612.348102613834,23762000,3896.4851196289064,282.7171114650434,4461.919342558993,3331.0508966988195,0.3559875433233699,29.022783640653937,True,14.720574469866962,283.14557655715896,13669475.0,1.7383257220924724,12139853.557218025
2020-04-24,3534.384033203125,3733.626270368987,3534.384033203125,3733.626270368987,12681300,3890.854382324219,288.9991801039352,4468.852742532089,3312.8560221163484,0.1916337712507581,29.710613835031292,True,14.01152324718344,277.15248088635207,13615605.0,0.931379839529716,12139853.557218025
2020-04-27,3569.034912109375,3612.3484425961396,3439.0943206490824,3595.023030401434,10934500,3856.636669921875,284.29129476877546,4425.219259459426,3288.054080384324,0.24708884592613256,29.48592974660841,True,13.681418776265806,269.7311695335453,13730215.0,0.7963822853465878,12139853.557218025
2020-04-28,3724.963623046875,3750.9517413472017,3551.7095010446947,3586.3603254451305,13144800,3844.508898925781,284.48573170945264,4413.480362344686,3275.5374355068757,0.3949461584939888,29.599175258919814,True,12.825558839150647,264.6962460170426,14001730.0,0.9387982770700478,12139853.557218025
2020-04-29,3785.60205078125,3785.60205078125,3698.9750015642876,3768.2766409378573,6384900,3819.8201538085937,265.555981694916,4350.932117198426,3288.7081904187617,0.4677863563748913,27.808218293224147,True,11.923006720369042,251.97701767417973,13635650.0,0.4682505051097674,12139853.557218025
2020-04-30,3984.844970703125,4036.821209451427,3785.6027221679688,3785.6027221679688,19464700,3813.3231201171875,259.47963406576156,4332.282388248711,3294.3638519856645,0.6652556001201113,27.218216331773903,True,11.98798459351425,251.92288488817954,14135210.0,1.377036492560068,12139853.557218025
2020-05-04,3724.963623046875,3976.182099950036,3724.9636230468745,3976.182099950036,12314300,3787.7681518554687,240.09879610530507,4267.9657440660785,3307.5705596448583,0.4346055354843929,25.355173440348054,True,11.791404296470997,252.49134651447034,14385560.0,0.8560181181684967,12139853.557218025
2020-05-05,3724.963623046875,3794.265271847747,3707.638210846657,3750.9517413472017,6779600,3763.945703125,219.66406240820373,4203.273827941407,3324.6175783085923,0.4556344359988163,23.344020316321622,True,11.533077625361432,240.6438975492289,14174205.0,0.4783054852106344,12139853.557218025
2020-05-06,3716.30126953125,3768.2775110631555,3681.650441843313,3724.9639764532344,7778000,3740.123291015625,195.18423757724617,4130.491766170117,3349.7548158611326,0.469487775011869,20.87463138406266,True,11.17384000061891,229.64269552570133,13497625.0,0.5762495253794649,12139853.557218025
2020-05-08,3785.60205078125,3837.578280311427,3724.963116329376,3768.2766409378573,10091900,3718.0333740234373,158.73030793824947,4035.4939898999364,3400.572758146938,0.6064205658570554,17.07680291922511,True,11.12394910177612,221.9022894724496,13200445.0,0.7645121054631113,12139853.557218025
2020-05-11,3898.217529296875,3915.542940538194,3785.6023562282985,3811.5904730902776,12372900,3716.3008666992187,156.43452026369638,4029.1699072266115,3403.431826171826,0.7907233363374745,16.837659368805625,True,11.390616520923684,215.33361806419924,13159400.0,0.9402328373634056,12139853.557218025
2020-05-12,4019.496337890625,4088.797998888739,3820.2540625210463,3898.218431143925,27767500,3727.9955810546876,170.03914970741837,4068.0738804695243,3387.917281639851,0.9285788851236828,18.244565586025995,True,12.275924089515081,219.13435508587736,13883295.0,2.0000655463994677,12139853.557218025
2020-05-13,3984.844970703125,4106.122861115829,3898.2179061226225,4106.122861115829,7549300,3740.1233764648437,179.49909443430192,4099.1215653334475,3381.12518759624,0.8408395944970232,19.19713082876577,True,13.15878002171214,218.33225507925806,13919920.0,0.5423378869993506,12139853.557218025
2020-05-14,4158.0986328125,4227.400276692709,3898.2174682617188,4002.1699340820314,19524900,3747.0534912109374,193.01923911295725,4133.091969436852,3361.015012985023,1.0323888223404165,20.604908850722506,False,14.396514195458414,226.25015174723893,13771065.0,1.4178206260735826,12139853.557218025
2020-05-15,4296.7021484375,4396.32326679845,4158.098853326613,4192.749677104334,13188900,3769.1433837890627,228.10370329874956,4225.350790386562,3312.9359771915633,1.0782005695425825,24.207484839108506,False,16.063762141620682,227.1054719071469,13802585.0,0.9555384009589508,12139853.557218025
2020-05-18,4166.76171875,4353.009903683732,4132.11089364605,4331.353137993763,7758400,3798.1634521484375,240.22381075166695,4278.611073651771,3317.715830645104,0.8835988046399402,25.298943953113323,False,17.444780997893663,226.66215320218515,13341580.0,0.5815203296760953,12139853.557218025
2020-05-19,4253.38916015625,4461.294129288124,4244.726453109089,4244.726453109089,12341600,3827.183557128906,258.6564569935114,4344.496471115929,3309.870643141883,0.9119417778907752,27.033608723753144,False,19.054002633863508,231.5100287261808,13103535.0,0.9418527137905917,12139853.557218025
2020-05-20,4062.8095703125,4279.3772446361945,4028.158742420709,4262.051830690299,14297300,3854.9042358398438,252.32450708086714,4359.553250001578,3350.2552216781096,0.7059900333086007,26.18218162048788,False,19.224866679700938,232.9177768325597,13180960.0,1.0846933758997828,12139853.557218025
2020-05-26,4210.07568359375,4331.353583944187,4062.8096617396477,4088.797783243313,11123200,3894.7527099609374,241.58345149254848,4377.919612946034,3411.5858069758406,0.8263085402628858,24.811172311370843,False,19.569137048062423,235.4625080324974,13210000.0,0.8420287660862983,12139853.557218025
2020-05-27,4396.32421875,4439.6377578509855,4227.401416256158,4253.389539716749,8577100,3936.5503051757814,252.74406306527268,4442.038431306327,3431.062179045236,0.9547821104065648,25.681781607918435,False,20.263656508072373,235.04104847712154,12891855.0,0.6653115474848267,12139853.557218025
2020-05-28,4504.607421875,4591.234487680288,4353.010056715745,4504.607421875,9687500,3975.0993774414064,277.7258826630839,4530.551142767574,3419.6476121152386,0.976646288199895,27.946559951599852,False,21.385029876529437,235.26843294050877,12188130.0,0.7948307082382613,12139853.557218025
2020-05-29,5002.7119140625,5002.7119140625,4331.352306547619,4331.352306547619,20590000,4048.515771484375,341.7801559179864,4732.076083320348,3364.955459648402,1.1979604623440268,33.76844011084821,False,23.415009001892553,266.41780255296396,12583565.0,1.6362612661833114,12139853.557218025
2020-06-02,5024.36962890625,5154.310222757274,4851.115503771552,5002.712863264413,12373900,4121.282507324218,386.3424118201784,4893.967330964575,3348.5976836838618,1.0843825929745259,37.49729955503728,False,25.583191103598324,269.0447251553038,12655535.0,0.9777461008167573,12139853.557218025
2020-06-03,5197.62353515625,5500.818241373699,5046.026182047526,5110.996476236979,15655400,4194.915502929687,443.0132297877566,5080.9419625052005,3308.8890433541737,1.0658454222162566,42.242875164313624,False,28.134034112995202,283.85928853474275,12781065.0,1.2248901010987738,12139853.557218025
2020-06-04,5110.99609375,5327.563724841101,5024.369041313559,5284.250198622882,11472500,4261.185205078125,476.4333714881531,5214.051948054432,3308.318462101819,0.9459232599604989,44.72308510978397,False,30.377810291213063,285.24038817708555,13035445.0,0.880100372484407,12139853.557218025
2020-06-05,4981.05615234375,5110.996747622283,4916.085854704484,5110.996747622283,11658700,4310.995764160156,497.62672607324765,5306.249216306651,3315.7423120136605,0.8366280150741771,46.17278729061265,False,31.83294512275898,278.7882813728508,12645145.0,0.9219902183802559,12139853.557218025
2020-06-08,5024.36962890625,5132.653457115436,5002.712863264413,5067.683160189924,6120400,4375.966064453125,501.8943385145927,5379.75474148231,3372.1773874239398,0.8229781224331706,45.877351983287426,False,33.22542994676478,269.70321161562475,12335450.0,0.49616349626483025,12139853.557218025
2020-06-09,5046.02587890625,5262.593513194071,4937.742061762339,5024.369115477468,8320400,4442.019177246094,498.62845125732395,5439.276079760742,3444.7622747314463,0.8028340541625303,44.901062454796254,False,34.763520027788736,273.64237160248956,12412490.0,0.6703248099293534,12139853.557218025
2020-06-10,4829.45849609375,5110.996435327915,4764.488202424327,5089.33967077144,6278700,4497.677038574218,474.9217724681223,5447.5205835104625,3547.833493637974,0.6746505828714148,42.23707201695161,False,35.17570355799238,278.8470759811394,12337525.0,0.5089108228757389,12139853.557218025
2020-06-11,4851.115234375,5002.712585449219,4677.861118861607,4829.458469935826,8695500,4550.952697753906,449.9453160991057,5450.8433299521175,3651.062065555695,0.6667772315219409,39.54735159705556,False,35.08506009446533,282.13310388160176,12267705.0,0.7088122839602028,12139853.557218025
2020-06-12,5024.36962890625,5067.683160189924,4591.234316069504,4851.115503771552,9442300,4607.260302734375,434.1485572267508,5475.557417187876,3738.963188280873,0.7401881333179371,37.692557285646465,False,34.538611950774886,296.0127996129459,12121175.0,0.7789921356634155,12139853.557218025
2020-06-15,4937.74267578125,5175.967103121573,4829.458845172012,5110.9968047560305,5877300,4653.172619628906,416.9316319552631,5487.035883539433,3819.30935571838,0.6706335249845459,35.84063313675336,False,34.347825899971355,299.61961806556127,11026665.0,0.5330079402974517,12139853.557218025
2020-06-16,5132.65380859375,5132.65380859375,4981.056438719673,5046.026740094278,4956700,4710.563061523438,398.6935795166509,5507.95022055674,3913.1759024901357,0.7646711464365857,33.855280085154824,False,34.170667424225215,292.14044054748547,10897035.0,0.45486685139581545,12139853.557218025
2020-06-17,5154.31005859375,5197.6235884979,5024.369468881303,5132.653293641676,4883600,4760.3736328125,388.12961947642503,5536.63287176535,3984.1143938596497,0.7537402493995811,32.61337444616609,False,34.20459650610336,283.6485604809934,10164970.0,0.4804342757529043,12139853.557218025
2020-06-18,4807.8017578125,5132.653227934966,4807.8017578125,5132.653227934966,6677000,4785.92861328125,372.5053492986953,5530.939311878641,4040.9179146838596,0.5146797519635823,31.13338115950746,False,33.00811114366676,288.1385419310118,9839375.0,0.6786000127040589,12139853.557218025
2020-06-19,4916.0859375,5024.369768722467,4894.429171255507,4937.742703744493,18565100,4823.39482421875,343.50694594913784,5510.4087161170255,4136.380932320474,0.5674594170324104,28.48673670455962,False,31.897089021404206,283.02636114379425,10379710.0,1.7885952497709474,12139853.557218025
2020-06-22,4937.74267578125,4981.056208024945,4872.7723774157075,4981.056208024945,4753200,4857.6125,316.7844530148965,5491.181406029793,4224.043593970207,0.5632371435992487,26.085609176515938,True,30.743004681547884,270.54475181989733,10000290.0,0.4753062161197325,12139853.557218025
2020-06-23,4851.115234375,4981.055821010044,4764.488176618303,4981.055821010044,5321900,4897.027783203125,255.8735944283636,5408.774972059852,4385.280594346398,0.4551413766134246,20.90031796887194,True,29.069103400421717,266.6892441464576,9551520.0,0.5571783339196275,12139853.557218025
2020-06-24,4894.4287109375,4959.399003560564,4872.771946729812,4916.085475145188,7029900,4931.245434570313,198.49980046461104,5328.245035499534,4534.245833641091,0.45363128382668516,16.10139289138078,True,27.514766496518845,255.37456736353664,9346855.0,0.7521139463487986,12139853.557218025
2020-06-25,4807.8017578125,4916.085581186655,4764.4882284628375,4916.085581186655,5712100,4951.819311523437,157.15784737586233,5266.135006275162,4637.503616771713,0.27090301865979766,12.694958154885692,True,25.62453199796242,247.9619091749853,9203605.0,0.6206372394295496,12139853.557218025
2020-06-26,4786.14501953125,4872.772078708286,4764.488254736992,4851.115313914027,3662300,4965.89619140625,124.13055874741617,5214.157308901083,4717.635073911418,0.13797961257718558,9.99864306162749,True,23.869314249302885,237.9849030890074,8902345.0,0.41138598874790855,12139853.557218025
2020-06-29,4786.14501953125,4872.772078708286,4764.488254736992,4786.14501953125,4196000,4955.067846679687,130.0545517221534,5215.176950123994,4694.95874323538,0.17528466917997382,10.498710067859193,True,22.23946919697617,228.72054029488507,8082645.0,0.5191369904282571,12139853.557218025
2020-06-30,4829.45849609375,4981.05584798907,4829.45849609375,4851.115260650224,10074500,4945.322290039063,131.8781328387139,5209.078555716491,4681.566024361635,0.28035821509731745,10.666898948474584,True,21.21587213837797,226.30556087795182,7967675.0,1.2644215533389602,12139853.557218025
2020-07-01,4829.45849609375,4937.742318876121,4786.144966980802,4851.115260650224,4612500,4926.914038085937,119.96407843047832,5166.842194946894,4686.98588122498,0.29690682563642457,9.739490277535538,True,19.981800444014205,220.96926023633523,7415530.0,0.6220054399348395,12139853.557218025
2020-07-02,4916.0859375,4937.742703744493,4829.4588725220265,4829.4588725220265,5619900,4917.168530273438,111.86640722757936,5140.901344728596,4693.435715818279,0.4975806124459793,9.100066962427944,True,18.83587914356772,212.92032790879296,7122900.0,0.7889904392873689,12139853.557218025
2020-07-03,5219.28076171875,5305.907828303293,4937.742795318984,4981.056328611255,26215000,4929.079760742187,130.20639327896254,5189.492547300112,4668.6669741842625,1.0571942238558472,10.566385581016188,True,19.59808579115909,225.5561538298287,7850715.0,3.3391863034131286,12139853.557218025
2020-07-06,5630.7587890625,5652.415553635818,5219.280262169471,5219.280262169471,20560900,4959.39921875,203.52270031099084,5366.444619371981,4552.353818128018,1.3246740649650335,16.415109277069895,True,21.375629159367918,240.38323508957998,8572740.0,2.3984047107459223,12139853.557218025
2020-07-07,5500.81787109375,5717.385503813976,5370.877291461615,5674.071977269931,13143500,4982.138818359375,236.45367770939575,5455.046173778167,4509.231462940584,1.048393936773355,18.984109943950564,False,23.18932589358577,247.9635906083501,8813895.0,1.4912249351733824,12139853.557218025
2020-07-08,5500.81787109375,5587.444924181841,5457.504344549705,5500.81787109375,5643600,5015.706787109375,260.10898533235894,5535.9247577740925,4495.4888164446575,0.966257522173365,20.743555903295803,False,24.87347286107378,239.53337553862053,8782140.0,0.6426224132159132,12139853.557218025
2020-07-09,5240.9365234375,5565.787960840651,5219.279760943957,5500.81767336002,10296700,5035.1978515625,261.7267582590032,5558.651368080506,4511.744335044494,0.6965204792620047,20.791775495200064,False,24.876512914079175,247.1744344213401,8862200.0,1.1618672564374535,12139853.557218025
2020-07-10,5197.62353515625,5435.847947184245,5197.62353515625,5262.593829345704,13797400,5043.860546875,264.20496730957603,5572.270481494153,4515.450612255848,0.6454959286411537,20.952598895563707,False,24.75115138729451,246.53514710752972,9079955.0,1.519544975718492,12139853.557218025
2020-07-13,5327.564453125,5414.191517403455,5240.937388846544,5240.937388846544,8974500,5063.351635742188,270.27372900562347,5603.8990937534345,4522.804177730941,0.7443937284941547,21.35136948402017,False,24.63474425528018,244.39463533179224,9234815.0,0.9718115630903272,12139853.557218025
2020-07-14,5479.1611328125,5500.8178961833,5327.563789216897,5327.563789216897,11167200,5080.677001953125,285.62040171367664,5651.917805380478,4509.436198525772,0.8487882242204463,22.486798637573514,False,24.869765757845762,239.31316901997872,9545340.0,1.1699111817913244,12139853.557218025
2020-07-15,5349.22119140625,5565.788850977353,5305.90765949203,5522.475319063133,12055300,5090.42255859375,291.5291716739096,5673.48090194157,4507.364215245931,0.7219320208390494,22.90805278487104,False,25.335336642388143,240.78231348178903,9903925.0,1.2172244842322615,12139853.557218025
2020-07-16,5349.22119140625,5392.534723320471,5305.90765949203,5349.22119140625,7583800,5117.4935302734375,289.0311735106914,5695.555877294821,4539.431183252054,0.7004348339991782,22.591620042184836,False,25.767652463748927,229.77122422083565,9949265.0,0.7622472614811245,12139853.557218025
2020-07-17,5305.90673828125,5349.220262675382,5262.593213887118,5349.220262675382,9627100,5136.9845703125,287.87587526637986,5712.73632084526,4561.232819779741,0.6466970511270189,22.415942374447688,False,25.83296278775673,219.54670659928541,9502365.0,1.0131267321345792,12139853.557218025
2020-07-20,5219.28076171875,5349.221361595565,5154.310461780342,5327.564594949429,10252300,5151.061474609375,284.48383707109826,5720.0291487515715,4582.093800467179,0.5599500553456096,22.091278737275925,False,25.097825513189562,217.78700611470956,9777320.0,1.0485797744167114,12139853.557218025
2020-07-21,5197.62353515625,5305.907358805339,5154.310005696615,5219.280299886068,17850600,5168.386889648437,275.67017820360405,5719.727246055645,4617.04653324123,0.5265141533428936,21.335103899108873,False,24.415194751753234,213.05917375713915,10403755.0,1.7157843490162927,12139853.557218025
2020-07-22,5132.65380859375,5262.594411342959,5132.65380859375,5240.93764421809,10406700,5180.29814453125,268.25685898002115,5716.811862491292,4643.784426571207,0.4555982127366143,20.71362315415882,False,23.616340826364674,207.1221329708584,10572595.0,0.9843089610450414,12139853.557218025
2020-07-23,5284.25,5305.9067622950815,5132.652663934426,5175.96618852459,19177000,5204.120556640625,254.22486825740566,5712.570293155437,4695.670820125813,0.578797802029189,19.540275094742512,False,23.13038961861976,204.70298764155822,11245840.0,1.7052527868082776,12139853.557218025
2020-07-24,5197.62353515625,5305.907358805339,5197.62353515625,5284.250594075521,10647900,5224.694482421875,234.5037674924227,5693.702017406721,4755.68694743703,0.47114017873241626,17.953491311799734,False,22.67915284935432,197.81590449923897,11595120.0,0.9183087367789208,12139853.557218025
2020-07-27,5349.22119140625,5349.22119140625,5219.280595663588,5219.280595663588,10290300,5252.848291015625,211.78152266164642,5676.411336338918,4829.285245692333,0.6137645286276877,16.126985660246344,False,22.53162676358717,194.51460105286475,11899835.0,0.8647430825721533,12139853.557218025
2020-07-28,5370.8779296875,5500.818524760584,5305.907632150957,5500.818524760584,12907500,5279.919262695313,188.0918281450798,5656.102918985473,4903.735606405153,0.6208966225290083,14.249598812922917,False,23.22768822727731,194.5429075926335,12041485.0,1.0719192857027187,12139853.557218025
2020-07-29,5370.8779296875,5414.1914613785275,5305.907632150957,5370.8779296875,5735800,5306.990234375,156.08600989000826,5619.162254155017,4994.818214594983,0.602327709186622,11.764559797302175,True,23.874031014989583,188.38154485227184,12097650.0,0.4741251400065302,12139853.557218025
2020-07-30,5392.5341796875,5414.190943461345,5262.593597044427,5392.5341796875,10088200,5330.812646484375,126.91801292139819,5584.648672327172,5076.976620641579,0.6215775676407522,9.523351979372196,True,24.03560342792707,185.75410210688943,12321065.0,0.8187766236116765,12139853.557218025
2020-08-03,5132.65380859375,5392.535014092167,5024.369972969409,5327.564712717563,14895500,5326.481298828125,132.28911924441763,5591.05953731696,5061.903060339289,0.1337047760589845,9.934447288758713,True,22.394924122508286,198.78345489373723,11755090.0,1.2671532076742926,12139853.557218025
2020-08-04,5414.19140625,5414.19140625,4959.399328125,5154.31021875,13789800,5315.6529296875,113.61778276645063,5542.888495220401,5088.4173641545985,0.7168201010511119,8.549676532258474,True,21.29238149987543,217.06978512454174,11416535.0,1.207879623721208,12139853.557218025
2020-08-05,5370.8779296875,5457.504993069556,5327.564397996472,5435.848227224042,5812500,5309.155932617187,105.92711902030833,5521.010170657804,5097.30169457657,0.6456709047719859,7.980712592714598,True,19.95526053451371,210.84627154943763,11049985.0,0.5260188136001994,12139853.557218025
2020-08-06,5435.8486328125,5457.505400273904,5370.878330428287,5457.505400273904,6890500,5305.907470703125,100.60245572521984,5507.112382153565,5104.702559252685,0.8229075303695599,7.584184705873759,True,18.713645167321147,201.97350005207812,11112330.0,0.6200769775555621,12139853.557218025
2020-08-07,5414.19140625,5435.848171875,5370.877875,5435.848171875,5720300,5314.57021484375,102.16074842309251,5518.891711689936,5110.248717997565,0.7437853895550824,7.689107061771781,True,17.56072009248541,192.18758989210826,10883510.0,0.5255933058360768,12139853.557218025
2020-08-10,5435.8486328125,5457.505400273904,5370.878330428287,5414.191865351096,4183600,5326.481469726563,101.69456870203601,5529.870607130635,5123.092332322491,0.7688618588038404,7.636903969723688,True,16.30718256151001,184.64755274593037,10402820.0,0.40216018348870786,12139853.557218025
2020-08-11,5457.5048828125,5674.072536892361,5414.191351996528,5457.5048828125,18987200,5332.978491210937,105.833945635467,5544.646382481871,5121.310599940003,0.7941551287109712,7.938074065731754,True,16.65556470784696,190.02138361378059,10903455.0,1.7413929804818749,12139853.557218025
2020-08-12,5370.8779296875,5479.16175891507,5349.221163841986,5457.504993069556,6694800,5327.5643310546875,100.602499983043,5528.769331020773,5126.359331088602,0.6076354927564257,7.553357874751504,True,16.424356976741077,185.72989871801656,10679835.0,0.626863617274986,12139853.557218025
2020-08-13,5349.22119140625,5435.848255234691,5349.22119140625,5414.191489277581,5183600,5327.5643310546875,100.602499983043,5528.769331020773,5126.359331088602,0.5538178980522673,7.553357874751504,True,16.20966408357133,178.6511247973326,10336250.0,0.501497158060225,12139853.557218025
2020-08-14,5414.19140625,5414.19140625,5284.2508124999995,5370.877875,6627200,5330.812841796875,102.37201796175887,5535.556877720393,5126.068805873357,0.7036165890670227,7.681531578756539,True,15.449857339467822,175.17180115109463,10288420.0,0.6441416660672873,12139853.557218025
2020-08-18,5522.47412109375,5544.130882352941,5435.847076056985,5435.847076056985,7320600,5341.6412109375,110.71281758965495,5563.06684611681,5120.2155757581895,0.9083377925275278,8.290546910036594,True,15.618985210381979,171.94092079051222,10173095.0,0.7196040143142278,12139853.557218025
2020-08-19,5392.5341796875,5544.131526104417,5392.5341796875,5522.474762330572,6029000,5350.303881835937,107.36225176756717,5565.028385371072,5135.579378300803,0.5983360006806413,8.02662832906053,True,15.401704611777035,170.48780833525547,9961930.0,0.605204011672437,12139853.557218025
2020-08-24,5305.90673828125,5435.847311463648,5284.249976084184,5349.220262675382,7761500,5355.718041992188,101.84610797335453,5559.410257938897,5152.025826045478,0.37772899548608757,7.606532470515988,True,14.339940272672468,169.13848883841322,9457475.0,0.8206735941675765,12139853.557218025
2020-08-25,5284.25,5370.877049180328,5284.25,5370.877049180328,9272200,5363.2978515625,89.23090183964337,5541.759655241787,5184.836047883213,0.278530055359755,6.654927942414966,True,13.354016243503942,163.24481457712142,9400750.0,0.9863255591309205,12139853.557218025
2020-08-26,5284.25,5370.877049180328,5284.25,5305.9067622950815,7839300,5363.2978515625,89.23090183964337,5541.759655241787,5184.836047883213,0.278530055359755,6.654927942414966,True,12.438515359276025,157.77211704877902,8833865.0,0.8874145122208682,12139853.557218025
2020-08-27,5414.19140625,5414.19140625,5284.2508124999995,5305.907578124999,7022100,5374.126245117188,80.8110257171679,5535.748296551524,5212.504193682852,0.6239470752203944,6.014821537963759,True,11.94875897036698,155.78420913458052,8652575.0,0.81156187608891,12139853.557218025
2020-08-28,5392.5341796875,5500.817998556727,5392.5341796875,5435.847707235191,7278000,5376.29189453125,80.68874743138228,5537.669389394015,5214.914399668486,0.5503238855271055,6.00330108664364,True,12.15818238002033,152.39132411562667,8501960.0,0.8560379018485149,12139853.557218025
2020-08-31,5457.5048828125,5565.788709852431,5175.966932508681,5414.191351996528,31163900,5380.6232421875,82.68323583625401,5545.989713860008,5215.256770514992,0.7324583691222981,6.146740413858747,False,11.946611776191423,169.3506422033498,9414780.0,3.3101039004628894,12139853.557218025
2020-09-01,5414.19140625,5414.19140625,5284.2508124999995,5370.877875,8047900,5382.788916015625,82.98125341207034,5548.751422839765,5216.826409191484,0.5946071821741357,6.166413337530122,False,11.750153358350296,169.62945849686056,9530385.0,0.8444464730438487,12139853.557218025
2020-09-02,5327.564453125,5500.8185816819105,5305.907687055385,5457.505049542682,10846400,5379.5404296875,83.84685218582787,5547.2341340591565,5211.846725315844,0.3450270486979432,6.2344992686075065,False,10.945127530061523,171.43527536326516,9568295.0,1.13357708975319,12139853.557218025
2020-09-03,5398.6689453125,5398.6689453125,5310.88571042937,5398.6689453125,7896400,5392.8411865234375,60.45889930345621,5513.75898513035,5271.923387916525,0.5240980188863996,4.484381958403776,True,10.19760354665052,165.46012961468406,9218340.0,0.8565967408448809,12139853.557218025
2020-09-04,5354.7763671875,5420.613781538166,5223.1015384861685,5354.7763671875,8645300,5389.870434570313,60.81329617430385,5511.497026918921,5268.243842221705,0.3557302860125131,4.5131545859990325,True,10.11186523261284,167.7495662887779,8961115.0,0.9647571758648338,12139853.557218025
2020-09-07,5332.8310546875,5332.8310546875,5245.0478274498455,5310.885247878086,3036000,5387.968090820313,62.02176197912819,5512.011614778569,5263.924566862056,0.27775125063615774,4.604463941410281,True,10.032251083863565,163.60520724941196,8822290.0,0.34412833856062314,12139853.557218025
2020-09-08,5442.560546875,5486.452164188508,5332.83150359123,5332.83150359123,6225500,5388.303686523437,62.311956142594305,5512.927598808626,5263.679774238249,0.7176823827653631,4.625719689737698,True,9.923891526611557,162.89205741024023,8789040.0,0.7083253688684998,12139853.557218025
2020-09-09,5266.9931640625,5420.613798014323,5266.9931640625,5398.667993164063,7357900,5380.943774414062,67.56498641267889,5516.07374723942,5245.813801588704,0.07836663484409886,5.022537996694546,False,9.288165518377873,163.79743779611593,8870920.0,0.8294404638977694,12139853.557218025
2020-09-10,4915.86083984375,5223.102142333984,4915.86083984375,5223.102142333984,11455300,5354.944384765625,122.79716859861905,5600.538721962863,5109.350047568387,-0.39392033613797184,9.172619528820269,False,10.600429597821206,177.17850111201835,9234505.0,1.240488797179708,12111526.99061781
2020-09-11,5179.2099609375,5201.155765856726,4586.6732281183795,4586.6732281183795,11327900,5341.029638671875,126.28190612619201,5593.593450924259,5088.46582641949,0.17964595503359357,9.457495252364408,False,12.970171403273103,208.41450372818468,8851540.0,1.2797660068191523,12743564.88124281
2020-09-14,5442.560546875,5442.560546875,5179.210842993952,5266.994077620968,10704900,5344.61376953125,128.17667934823794,5600.967128227726,5088.260410834774,0.6910386074943524,9.592961053908274,False,13.634040321092144,212.33850960027866,9052045.0,1.1825946512638856,13331213.933541013
2020-09-15,5288.93994140625,5464.506412490275,5288.93994140625,5442.560603604772,5023100,5341.59970703125,128.7700146513274,5599.139736333905,5084.059677728595,0.3977639208794313,9.642805280360122,False,14.124409140208662,209.71193542054624,9044020.0,0.5554056713718015,13331213.933541013
2020-09-16,5266.9931640625,5354.776383463542,5223.10155436198,5288.93896891276,2218000,5334.239794921875,128.60912469181162,5591.458044305498,5077.021545538251,0.3692809879926501,9.644045235030186,False,14.832817399483906,204.13785639776168,8823560.0,0.2513724619087987,13331213.933541013
2020-09-17,5288.93994140625,5332.831559177256,5223.102514749741,5223.102514749741,2905800,5322.5630859375,120.9956146771498,5564.554315291799,5080.5718565832,0.4305281752959278,9.093033767646768,False,15.49062506881092,197.39436982845834,8602820.0,0.3377729628191686,13331213.933541013
2020-09-18,5574.23486328125,5574.23486328125,5201.156151959277,5266.993571604331,14418200,5331.648120117187,132.77420668995586,5597.196533497099,5066.0997067372755,0.9567655669194328,9.961213020715073,False,14.6898913619379,209.9432513637094,9022280.0,1.5980661207588325,13331213.933541013
2020-09-21,5442.560546875,5530.343781502016,5332.83150359123,5530.343781502016,4964000,5338.480810546875,134.8792918015998,5608.239394150074,5068.722226943675,0.6929127424564572,10.106192873083133,False,13.946352919841525,212.19040195844588,8882405.0,0.5588576517283326,13331213.933541013
2020-09-22,5288.93994140625,5354.77736806276,5266.994132520747,5266.994132520747,2981200,5338.715307617187,134.78408872716605,5608.283485071519,5069.147130162855,0.4076757377651342,10.098615937422869,False,13.583926949603534,209.57440284386067,8567855.0,0.34795173354357656,13331213.933541013
2020-09-23,5354.7763671875,5398.667976754611,5245.047343269724,5398.667976754611,6612300,5342.241625976562,134.2054690201582,5610.652564016878,5073.830687936246,0.5233499076126602,10.048625907715305,False,12.988464968725546,205.57770503250546,8506505.0,0.7773227665180941,13331213.933541013
2020-09-24,5179.2099609375,5310.88479045286,5025.589326502913,5288.938985533633,6913300,5330.4925537109375,137.8123799582618,5606.117313627461,5054.867793794414,0.22556421850624858,10.341436823681196,False,13.464476090528898,214.40694329336847,8501065.0,0.8132275191402489,13331213.933541013
2020-09-25,5332.8310546875,5332.8310546875,5179.210407021605,5266.993634259259,5255900,5327.507397460938,137.0422277221051,5601.591852905148,5053.422942016728,0.5097117095129204,10.289406846242478,False,13.76880913762046,210.06509689741358,8399960.0,0.6257053605017167,13331213.933541013
2020-09-28,5223.10205078125,5398.668506269695,5223.10205078125,5376.72269933364,3453100,5315.787255859375,135.35232139554006,5586.491898650455,5045.082613068295,0.328807507469208,10.184931403817687,False,13.635423839629786,207.60090822534443,7014420.0,0.49228589106440734,13331213.933541013
2020-09-29,5069.48095703125,5288.939007119183,5025.589347013663,5223.101592092803,6060400,5298.551733398437,143.84328434543414,5586.238302089306,5010.8651647075685,0.1018743985692753,10.859064256275532,False,14.378702795430145,211.5829619310712,6915045.0,0.8764078903318778,13331213.933541013
2020-09-30,4981.6982421875,5135.318892827643,4937.806627718887,5069.4814711247245,5887100,5281.2584228515625,160.04935813803775,5601.357139127638,4961.159706575487,0.03208156510427761,12.122062230131947,False,15.40459396822733,210.5779121580487,6667080.0,0.8830102533642914,13331213.933541013
2020-10-01,5091.42724609375,5113.373053188981,4981.698210617592,5047.535631903287,7610100,5265.896337890625,162.9063204430083,5591.708978776641,4940.083697004608,0.2322554899613123,12.374441879595674,False,16.35720720011043,204.94197861614447,6652765.0,1.143900318138398,13331213.933541013
2020-10-02,5025.58984375,5113.373072461791,4937.80661503821,5091.427265283843,4640300,5249.43701171875,169.93191805807368,5589.3008478348975,4909.5731756026025,0.1706811019866043,12.948582309205406,False,17.418075542874604,202.84372710238992,6452515.0,0.7191459454181819,13331213.933541013
2020-10-05,5047.53564453125,5069.481451681386,4959.752415930707,5025.589837381114,2463400,5235.1722412109375,174.47669137643948,5584.125623963817,4886.218858458058,0.23114374877321747,13.3311137313092,False,18.40316757544134,196.19267772012486,6423885.0,0.3834751089099509,13331213.933541013
2020-10-06,5025.58984375,5157.264686817685,5025.58984375,5135.318879639738,4637800,5214.323706054687,173.29953449625432,5560.9227750471955,4867.724637062179,0.22773460867437217,13.294114003319352,False,18.62092530122582,191.58426095923633,6344500.0,0.7309953503034125,13331213.933541013
2020-10-07,5179.2099609375,5179.2099609375,5003.643521583686,5025.589326502913,4835400,5209.934545898437,173.00676184344323,5555.9480695853235,4863.921022211551,0.45560204607964927,13.28283573002998,False,18.933260315703738,190.44013084456327,6218375.0,0.7775986491647737,13331213.933541013
2020-10-08,5266.9931640625,5266.9931640625,5113.372530110677,5179.209944661458,4010200,5227.491162109375,158.82912020652833,5545.149402522432,4909.832921696318,0.5621768884411115,12.153372643288284,False,18.538364908711106,187.81016678079612,5846120.0,0.6859592345008313,13331213.933541013
2020-10-09,5223.10205078125,5266.9936646533615,5157.264629973083,5245.047857717306,3136400,5229.685766601562,158.42962296438824,5546.545012530339,4912.826520672786,0.48961097726371533,12.117716439191836,False,18.1716724381725,182.23294305933058,5436545.0,0.5769105194567505,13331213.933541013
2020-10-12,5245.0478515625,5266.993658472804,5179.21043083159,5266.993658472804,1911000,5219.810131835938,150.4149911267468,5520.640114089431,4918.980149582444,0.541946815835158,11.526472214715758,False,17.83117228695808,175.4865348151794,4996850.0,0.38244093779080823,13331213.933541013
2020-10-13,5223.10205078125,5245.047857717306,5157.264629973083,5245.047857717306,2961300,5216.518237304687,149.5403301215787,5515.598897547845,4917.43757706153,0.5110067522774792,11.466677451805056,False,17.661987897004263,169.22201288153968,4893760.0,0.605117537435428,13331213.933541013
2020-10-14,5245.0478515625,5288.939465383107,5179.21043083159,5223.102044652197,6047800,5215.420971679688,149.23066517554923,5513.882302030786,4916.959641328589,0.5496326942052432,11.445339962843908,False,17.103298309174054,164.97251442939518,5085250.0,1.1892827294626616,13331213.933541013
2020-10-15,5113.37353515625,5266.994199302575,5091.427725992489,5245.048390138814,3991400,5206.642651367188,149.84088040795183,5506.324412183091,4906.960890551284,0.3443863984965146,11.511516379454676,False,17.195811416798122,165.72922577801592,5139530.0,0.7766079777722865,13331213.933541013
2020-10-16,5223.10205078125,5223.10205078125,5113.373016100972,5135.318823037028,2270800,5189.086010742188,122.59811631498316,5434.282243372154,4943.889778112221,0.5693649320672823,9.450459372705453,False,17.281716445306188,161.72921212817752,4532160.0,0.5010414460213232,13331213.933541013
2020-10-19,5288.93994140625,5288.93994140625,5201.156705864238,5266.994132520747,3632200,5181.40498046875,110.05194152517475,5401.5088635191,4961.301097418401,0.744282289451706,8.495915060877449,True,16.71647407672779,156.44735665773715,4465570.0,0.8133788071847491,13331213.933541013
2020-10-20,5266.9931640625,5288.93896891276,5179.209944661458,5266.9931640625,2193800,5180.307641601563,109.02791847455934,5398.363478550682,4962.251804652444,0.698769094360827,8.418644298187054,True,16.364130139487713,153.11040237824105,4426200.0,0.49563960056030004,13331213.933541013
2020-10-21,5245.0478515625,5288.939465383107,5223.102044652197,5266.993658472804,2784700,5174.821215820312,102.3422005750031,5379.505616970318,4970.136814670306,0.6715485775848669,7.910781556056505,True,16.036948442454985,146.87661797486024,4234820.0,0.6575722226682598,13331213.933541013
2020-10-22,5266.9931640625,5266.9931640625,5135.318334960937,5223.10155436198,3552500,5179.210375976562,104.40198293480383,5388.01434184617,4970.406410106954,0.7102038333427908,8.063158308383528,True,16.426418369097153,145.79077591248188,4066780.0,0.8735412291788589,13331213.933541013
2020-10-23,5266.9931640625,5266.9931640625,5157.264139811198,5266.9931640625,3171000,5175.918481445313,100.25900152213555,5376.436484489584,4975.400478401042,0.7270985179247959,7.748112871680253,True,16.788069015264877,143.2149365081119,3962535.0,0.8002452975178768,13331213.933541013
2020-10-26,5201.15576171875,5266.993176424051,5179.209956816983,5266.993176424051,3190800,5174.8211669921875,99.83460782140892,5374.4903826350055,4975.1519513493695,0.5659455556075095,7.716951338006284,True,17.123887316491423,139.2555281580373,3949420.0,0.8079160990727753,13331213.933541013
2020-10-27,5135.31884765625,5179.210461738782,5047.535619491186,5179.210461738782,6700600,5178.113061523438,97.2298339163023,5372.572729356042,4983.653393690834,0.3899663504927248,7.510831282443759,True,18.394096852675126,140.28157202014637,3981430.0,1.682963156453837,13331213.933541013
2020-11-02,5113.37353515625,5157.265153483771,5003.644489337446,5113.37353515625,5970400,5184.696826171875,87.16731562285739,5359.03145741759,5010.36219492616,0.2954414148640997,6.724969157914497,True,19.84232652707433,141.23436431487343,3985595.0,1.4979946532449986,13331213.933541013
2020-11-03,5223.10205078125,5245.047857717306,5135.318823037028,5157.264629973083,5199600,5191.28056640625,84.68937401340791,5360.659314433065,5021.901818379434,0.5939358825877089,6.525509298144942,True,20.090503857248542,140.5515041896008,3865070.0,1.34527964564678,13331213.933541013
2020-11-04,5135.31884765625,5245.04788286258,5135.31884765625,5223.1020758213135,3066100,5196.767016601562,76.55400124338323,5349.875019088328,5043.659014114796,0.2993306425945188,5.89243281438818,True,20.32095393443467,138.3498992622243,3786360.0,0.8097750874190516,13331213.933541013
2020-11-05,5486.45166015625,5486.45166015625,5157.264560546875,5157.264560546875,14381100,5218.712817382812,92.72614287694623,5404.165103136705,5033.26053162892,1.2218537147844735,7.107204103516726,False,19.50258580973221,153.54867877920827,4382245.0,3.281674119087363,13331213.933541013
2020-11-06,5618.12646484375,5618.12646484375,5354.776786804199,5508.3974323272705,11694600,5248.3396484375,118.77542062544903,5485.890489688398,5010.788807186602,1.2783319445618935,9.05241875196168,False,19.607918175300945,161.39160729780417,4735085.0,2.4697761497417683,13331213.933541013
2020-11-09,5618.12646484375,5683.963884353638,5420.614206314087,5662.018077850342,5461000,5270.285473632813,143.33901686749405,5556.963507367801,4983.607439897824,1.106675347041918,10.879032461115653,False,20.082721226885415,168.67432663650035,4766365.0,1.1457368455835841,13331213.933541013
2020-11-10,5859.52978515625,5859.52978515625,5618.125936329588,5705.909154084738,9643200,5299.9123046875,194.66819792281677,5689.248700533134,4910.575908841866,1.2186811796175228,14.692182566918543,False,21.37134600717215,173.8692925072262,5048015.0,1.910295432957311,13331213.933541013
2020-11-11,5881.47607421875,5969.2592992070895,5771.747042983326,5947.313492960005,5133000,5332.831005859375,232.906376441741,5798.643758742857,4867.018252975893,1.0889116012422833,17.469623634113912,False,22.999898826574427,175.55807562983603,5147845.0,0.9971162690407345,13331213.933541013
2020-11-12,5947.3134765625,5947.3134765625,5705.909608510147,5859.53025181619,8293900,5367.944287109375,269.10047016109235,5906.14522743156,4829.743346787191,1.0382461698285919,20.05240410615381,False,23.900414558127594,180.26134651715864,5466990.0,1.5170870991166985,13331213.933541013
2020-11-13,5837.58447265625,5925.367697808975,5815.638666368069,5881.476085232613,4792600,5398.668408203125,286.2267591938624,5971.12192659085,4826.2148898154,0.8833639329262059,21.20721167160028,False,24.736607737426965,176.79087963696384,5558555.0,0.8622024968719388,13331213.933541013
2020-11-16,5947.3134765625,5947.3134765625,5881.476058002768,5925.367670375923,5389000,5433.781689453125,308.5912541912688,6050.964197835663,4816.599181070587,0.9160291162943013,22.716499986757963,False,25.6163237203045,172.00074565619857,5525615.0,0.9752760552445293,13331213.933541013
2020-11-17,5881.47607421875,5947.313492960005,5815.638655477495,5947.313492960005,4720800,5472.18681640625,314.35920473145785,6100.905225869165,4843.468406943334,0.8254948890093234,22.97868952784817,False,25.77122707955296,169.1203236437922,5562085.0,0.8487464682758354,13331213.933541013
2020-11-18,5727.85546875,5881.476113505747,5705.909662356322,5815.638694324713,8530500,5497.424487304687,313.5700140962187,6124.564515497124,4870.28445911225,0.6837157341953345,22.815775992583585,False,24.927153530473767,169.580761322766,5875070.0,1.4519826997805985,13331213.933541013
2020-11-19,5618.12646484375,5727.8554973602295,5618.12646484375,5727.8554973602295,6243000,5513.883813476563,310.67684125982555,6135.237495996214,4892.530130956911,0.583883506527613,22.537786559847056,False,23.449106680856726,165.30563783660267,6005610.0,1.0395280412814019,13331213.933541013
2020-11-20,5683.9638671875,5749.801286498552,5640.072254313465,5640.072254313465,2922500,5534.732348632812,307.20821824152074,6149.148785115854,4920.315912149771,0.6214416718804744,22.202209529962698,False,22.23019093817007,162.90343668075977,6042045.0,0.4836938486886476,13331213.933541013
2020-11-23,5662.01806640625,5749.801292242006,5662.01806640625,5683.963872865189,5414900,5555.580859375,300.591717840377,6156.764295055754,4954.397423694246,0.5885230702595168,21.642505109659652,False,21.098340647982493,157.53770733468806,6173555.0,0.8771121339325558,13331213.933541013
2020-11-24,5793.69287109375,5793.69287109375,5683.963839444247,5683.963839444247,6134900,5581.915844726563,297.0288023443253,6175.9734494152135,4987.858240037912,0.6782462043206912,21.285079217017522,False,20.378286660360143,155.6903571456032,6302675.0,0.9733803504067717,13331213.933541013
2020-11-25,5640.07275390625,5903.422454477748,5640.07275390625,5881.476646096789,11187000,5600.56982421875,287.78122093105276,6176.1322660808555,5025.0073823566445,0.5343168063222619,20.553710066185754,False,20.457006329228047,163.38031024745283,6703475.0,1.6688359395686565,13331213.933541013
2020-11-26,5815.638671875,5815.638671875,5640.072221403302,5640.072221403302,4883800,5631.293969726563,275.43135020665073,6182.156670139864,5080.4312693132615,0.6673236380046489,19.564338263095486,False,20.530097832440966,164.2507488348989,6788125.0,0.7194622962894761,13331213.933541013
2020-11-27,5705.90966796875,5881.476119290865,5705.90966796875,5881.476119290865,11818400,5659.823510742188,249.7033641571729,6159.230239056534,5160.416782427842,0.546140905412025,17.647431138673696,False,21.02215485096691,165.05901329827154,7044015.0,1.6777931336034917,13331213.933541013
2020-11-30,5332.8310546875,5749.801384066358,5310.885247878086,5705.909770447531,35802600,5670.79638671875,228.33401684370563,6127.4644204061615,5214.1283530313385,0.12996607261700005,16.105957701353827,False,20.549803898360544,184.62023636184296,8535625.0,4.194490737350809,13331213.933541013
2020-12-01,5552.2890625,5574.234869071146,5354.776803359684,5442.560029644269,10939900,5687.2557373046875,205.04012505135196,6097.335987407391,5277.175487201984,0.33543870404526266,14.421023743062753,False,20.111192299511774,188.67620622054318,8822640.0,1.239980323349927,13331213.933541013
2020-12-02,5662.01806640625,5705.909679324128,5530.343227652616,5552.289034111555,14546700,5713.5906982421875,159.09606685177835,6031.782831945744,5395.398564538631,0.4189599201657431,11.138079379800507,True,18.78361286163945,187.73979518132663,9396670.0,1.548069688517315,13331213.933541013
2020-12-03,5552.2890625,5683.963901926878,5530.343255928854,5662.018095355731,8502400,5716.882568359375,154.77130125642555,6026.425170872226,5407.339965846524,0.2341343250925504,10.82906982298512,True,17.5508605264723,185.30271309680504,9102735.0,0.9340489424332358,13331213.933541013
2020-12-04,5596.18017578125,5640.071785003064,5530.342761948529,5552.288566559437,5541200,5715.78525390625,155.58398912549677,6026.953232157243,5404.617275655256,0.307812682401844,10.888022010215902,True,16.40616537595574,179.90459237950003,8795065.0,0.6300351390239868,13331213.933541013
2020-12-07,5530.34326171875,5640.07229468936,5442.560035342262,5596.180681501116,11061100,5711.39609375,159.66863295087458,6030.733359651749,5392.05882784825,0.21651784592069168,11.182459092662175,True,15.946248134990114,181.1622828771856,9075070.0,1.2188445929342693,13331213.933541013
2020-12-08,5618.12646484375,5640.072271347046,5486.451625823975,5530.343238830566,9198600,5699.325927734375,156.9829406778415,6013.291809090058,5385.360046378692,0.37068744135507464,11.017649642665472,True,15.519182125522033,179.19502306617744,9052840.0,1.0161010246508277,13331213.933541013
2020-12-10,5530.34326171875,5662.018101283483,5530.34326171875,5618.1264880952385,7458400,5681.769287109375,155.16391715692643,5992.097121423228,5371.441452795522,0.25602248872481254,10.923633770836666,True,14.932112136424506,175.8007242446457,9169110.0,0.8134268211418556,13331213.933541013
2020-12-11,5508.3974609375,5574.234880789343,5486.451654320219,5552.289074172062,4131700,5659.823486328125,146.42272844160436,5952.6689432113335,5366.9780294449165,0.2414574448204328,10.348218724156549,True,14.71569847553205,169.51376011782273,8961000.0,0.46107577279321504,13331213.933541013
2020-12-14,5793.69287109375,5793.69287109375,5486.4515824751425,5530.343195134943,16326900,5657.62890625,143.92586047651227,5945.480627203025,5369.777185296975,0.736343844659443,10.175701719673905,True,14.500412771964937,179.35144072502163,9537715.0,1.7118251069569599,13331213.933541013
2020-12-15,5903.421875,5903.421875,5662.0180065055765,5815.638650092937,15557300,5655.434326171875,139.5442058876721,5934.522737947219,5376.345914396531,0.9442813430529426,9.869742823598731,True,14.943791228946122,183.78375699426465,10046130.0,1.548586371070253,13331213.933541013
2020-12-16,6144.82568359375,6232.608907645089,5837.584399414062,5947.313429478237,25621800,5668.601806640625,170.89863116707858,6010.3990689747825,5326.8045443064675,1.1966467105396905,12.059314589137326,False,16.759260630228425,198.87238208260482,11091180.0,2.3101058679058495,13331213.933541013
2020-12-17,6013.15087890625,6232.608940180201,5859.530236014484,6166.771521798016,8973400,5682.8665771484375,187.23105536008381,6057.328687868605,5308.40446642827,0.94101164350461,13.178634607609101,False,18.445053758085468,211.3156908028271,11113325.0,0.8074451165605253,13331213.933541013
2020-12-18,5793.69287109375,6035.096740722656,5793.69287109375,6013.1509343927555,15912400,5691.6448974609375,188.1494228241309,6067.943743109199,5315.346051812676,0.6355943219238572,13.222850421189486,False,19.465391522337814,213.46484643326133,11596795.0,1.3721377328822317,13331213.933541013
2020-12-21,6122.87939453125,6232.60841593862,5837.583938872088,5837.583938872088,12791900,5713.590673828125,211.370932635681,6136.332539099487,5290.848808556762,0.9840882277420038,14.797765167455504,False,21.130707456432916,229.56846774837624,12090265.0,1.058033053866065,13331213.933541013
2020-12-22,5837.58447265625,6144.825760690789,5793.692860079887,6100.9341481144265,7933200,5722.368994140625,212.75749751940063,6147.883989179426,5296.853999101823,0.6353835703311927,14.871987300172501,False,22.325029544585362,238.2516415242709,12216180.0,0.6494010402597211,13331213.933541013
2020-12-23,5793.69287109375,5991.205128062856,5508.397388805043,5837.5844837535515,7224400,5722.368994140625,212.75749751940063,6147.883989179426,5296.853999101823,0.5838088878003248,14.871987300172501,False,21.517809120641306,255.71993421952388,12270655.0,0.5887542270563388,13331213.933541013
2020-12-28,5947.3134765625,5969.259282749077,5683.96380232357,5793.692833256458,6301400,5737.731030273438,217.54089853780246,6172.812827349043,5302.6492331978325,0.7408540735302731,15.165639336526059,False,20.768247298407537,257.83247323423694,12026375.0,0.5239650351830871,13331213.933541013
2020-12-29,5793.69287109375,6013.1509343927555,5727.855452104049,5969.259321732955,7087700,5736.633740234375,217.18229722074722,6170.99833467587,5302.26914579288,0.5656811484977745,15.143535882203574,False,20.28550219346329,259.7941167381276,12136570.0,0.5839953133381177,13331213.933541013
2020-12-30,5727.85546875,5815.638694324713,5552.289017600575,5793.692887931034,11367200,5737.731030273438,217.07430971427036,6171.879649701978,5303.582410844897,0.48862651971986387,15.133111578004762,False,18.864370719075374,260.0480853085569,12114010.0,0.9383515450292678,13331213.933541013
2021-01-04,5683.9638671875,5749.801286498552,5530.343222128378,5727.855480061535,5616100,5755.287670898438,195.75576456077854,6146.799200019995,5363.776141776881,0.40891225620996596,13.605280969750016,False,17.663695664222654,257.1487980986724,10604685.0,0.5295866873933549,13331213.933541013
2021-01-05,5683.9638671875,5771.7470929355695,5596.1806414394305,5683.9638671875,5835500,5761.871411132813,190.71855884513582,6143.308528823084,5380.434293442541,0.39787629424075355,13.240042703947777,False,16.419863597549178,251.32148762706285,10349465.0,0.5638455707613872,13331213.933541013
2021-01-06,5640.07275390625,5859.530837715832,5530.343712001459,5705.910179049124,10127700,5760.774145507812,191.38524769681052,6143.544640901433,5378.003650114191,0.3423319024662034,13.288856175418754,False,15.736065043222956,256.8833189190136,10128515.0,0.9999195341074185,13331213.933541013
2021-01-07,5640.07275390625,5727.855987430083,5596.181137144334,5683.964370668166,7026200,5765.163330078125,187.31558579564614,6139.7945016694175,5390.5321584868325,0.33304836108466734,12.996376690206132,False,15.101109242777177,247.93985687378043,10054705.0,0.6987972297546273,13331213.933541013
2021-01-08,5881.47607421875,5881.47607421875,5662.018011747901,5705.909624242071,10681000,5779.428125,184.61326654266318,6148.654658085326,5410.201591914674,0.6381915166903335,12.77726879198194,False,15.3473898402198,247.47296140511756,10311695.0,1.035814189616741,13331213.933541013
2021-01-11,5705.90966796875,6057.042570612981,5705.90966796875,5881.476119290865,14068500,5788.2064453125,176.12489912525396,6140.456243563009,5435.956647061992,0.3831840674537113,12.17129352861189,False,16.355162450772205,254.87724292219707,10462065.0,1.34471540752232,13331213.933541013
2021-01-12,5618.12646484375,5771.747110366821,5618.12646484375,5705.909690856934,7443800,5788.2064453125,176.12489912525396,6140.456243563009,5435.956647061992,0.2585804430357755,12.17129352861189,False,16.669041406796314,247.64462882225953,10374325.0,0.7175213809091194,13331213.933541013
2021-01-13,5640.07275390625,5705.910179049124,5574.235328763375,5683.964370668166,6952600,5793.692919921875,169.24410317792297,6132.181126277721,5455.204713566029,0.2730789978334919,11.684713395559477,False,16.65906783272979,239.36107321250878,10349035.0,0.6718114297613256,13331213.933541013
2021-01-14,5837.58447265625,6100.9341481144265,5640.072216062617,5662.018022350799,27207900,5810.152270507812,155.48608463707842,6121.124439781969,5499.1801012336555,0.5441071659442507,10.704441288144677,False,18.158406601262328,255.18256312960165,11502845.0,2.365319188426863,13331213.933541013
2021-01-15,5815.638671875,5925.367703419812,5705.909640330189,5881.476090801887,7225500,5811.249560546875,155.44124556986313,6122.132051686601,5500.367069407149,0.5070591163111732,10.699333694093495,False,19.550649743471112,252.630813126746,11047775.0,0.6540230951481181,13331213.933541013
2021-01-18,5859.52978515625,5859.52978515625,5662.017545207163,5815.638176278675,7290000,5809.054956054688,154.37762218886013,6117.810200432408,5500.2997116769675,0.5817392255203494,10.630136802403964,False,20.532981187757386,248.69377218548468,10634410.0,0.6855105266770795,13331213.933541013
2021-01-19,5640.07275390625,5881.476646096789,5640.07275390625,5859.530837715832,8011800,5783.817309570312,136.8615861661654,6057.5404819026435,5510.094137237981,0.2374271340653249,9.465138944807592,True,21.52479703249213,248.17306647156002,9753910.0,0.8213936769972247,13331213.933541013
2021-01-20,5618.12646484375,5705.909690856934,5618.12646484375,5640.072271347046,7249400,5764.066088867187,130.37358006634977,6024.813248999887,5503.318928734488,0.22015107671898407,9.04733416004064,True,22.275956749846024,236.7166492959617,9667710.0,0.7498569981929537,13331213.933541013
2021-01-21,5574.23486328125,5683.963896023007,5574.23486328125,5640.072282926304,7455400,5753.093188476562,136.82455041512617,6026.742289306814,5479.44408764631,0.17319767422466248,9.513112055211295,False,22.627373242246335,227.64610525637565,9244860.0,0.8064373067845267,13331213.933541013
2021-01-22,5574.23486328125,5749.801315668062,5574.23486328125,5574.23486328125,20702100,5725.660961914063,111.42524412772684,5948.511450169516,5502.810473658609,0.16025181318150628,7.784271186778602,True,23.244694619663,223.9261300514068,9640370.0,2.1474383244626503,13331213.933541013
2021-01-25,5574.23486328125,5662.018089474655,5398.668410894439,5662.018089474655,10594900,5712.493481445313,113.05132877124622,5938.596138987805,5486.390823902821,0.19425698117219312,7.916075817920622,True,22.51971897573662,226.74209780346465,9773455.0,1.0840485785221297,13331213.933541013
2021-01-26,5442.560546875,5618.127016129032,5398.6689295614915,5574.235398815524,11080000,5694.936865234375,126.26980483177549,5947.476474897926,5442.397255570823,0.00032329840137603817,8.868916921808864,False,21.84652730637641,226.22181128661293,9966235.0,1.1117538368300568,13331213.933541013
2021-01-27,5376.72265625,5464.505883290816,5266.993622448979,5442.560076530613,7389100,5666.40732421875,130.6310278439304,5927.669379906611,5405.145268530889,-0.054394833964803026,9.221435761287502,False,20.35312417131188,224.1711291119861,10020620.0,0.7373895028451334,13331213.933541013
2021-01-28,5091.42724609375,5376.722738331762,5091.42724609375,5332.8311241412985,9385000,5631.29404296875,179.76102157414104,5990.816086117032,5271.7719998204675,-0.25081181691595983,12.76871853627258,False,19.796254326633193,228.53715504955937,10135485.0,0.9259547027103291,13331213.933541013
2021-01-29,5047.53564453125,5288.939523182745,5047.53564453125,5157.26468028193,13914000,5597.278051757812,220.31968140890973,6037.9174145756315,5156.638688939993,-0.12380083761814423,15.744773039439682,False,19.49618334774346,229.4562067354119,10262825.0,1.355767052444137,13299704.843706096
2021-02-01,5354.7763671875,5508.397000672388,4937.8060762999485,5091.426709784836,13204900,5580.818676757813,225.7325961375842,6032.283869032981,5129.3534844826445,0.24965699079571585,16.17917436219045,False,18.29098246189314,253.82297228091386,10642265.0,1.240797894057327,14098530.722612346
2021-02-02,5266.9931640625,5398.667993164063,5179.209944661458,5354.776383463542,5620200,5559.970141601562,234.77908854783914,6029.528318697241,5090.411964505884,0.18802909646767332,16.890672616469175,False,17.171867353603556,251.36833486817747,10631500.0,0.5286365987866246,13870294.394487346
2021-02-03,5069.48095703125,5332.830617136769,5069.48095703125,5288.939007119183,9281500,5531.4405517578125,258.04810340190505,6047.536758561622,5015.344344954003,0.05244817861820374,18.6604629291298,False,16.371758522178542,252.2241438137019,10589190.0,0.8765070793894528,13356762.656206096
2021-02-04,5069.48095703125,5179.209982075216,5003.64354200487,5113.372567048837,7795600,5502.910961914063,276.30214312370913,6055.5152481614805,4950.306675666645,0.10782967516763628,20.08407150586376,False,15.973564363614175,246.74859354631934,10627660.0,0.7335198905497541,13356762.656206096
2021-02-05,5157.26513671875,5201.156754903591,5047.536091256649,5091.427709441489,6461400,5466.700415039062,271.49198201994915,6009.684379078961,4923.7164509991635,0.21506038961256072,19.86514433994345,False,15.460614393890964,240.09659855350665,10416680.0,0.6202936060241843,13585001.523393596
2021-02-08,5179.2099609375,5266.993180614407,5157.264156018273,5201.155765856726,6065700,5440.3654296875,272.6101028328578,5985.585635353216,4895.145224021784,0.26050459425735306,20.043514087877515,False,14.555147257842997,230.7846289851229,10016540.0,0.6055683898831333,13642058.066362346
2021-02-09,5179.2099609375,5266.993180614407,5135.318351099047,5223.101570775953,7001400,5418.419604492187,275.2013524611453,5968.822309414478,4868.016899569897,0.28269579580966947,20.315986767284482,False,13.849345629591342,223.70535759442558,9994420.0,0.700530896240102,13642058.066362346
2021-02-10,5223.10205078125,5223.10205078125,5091.427209164916,5201.156243845195,2758500,5397.571069335938,273.3135372570876,5944.198143850113,4850.943994821762,0.34041312012421787,20.254557744301344,False,13.467592510313073,217.13174931027615,9784715.0,0.28191929964235035,13756177.499956096
2021-02-11,5332.8310546875,5332.8310546875,5245.0478274498455,5310.885247878086,5543000,5372.3333984375,253.10141269534842,5878.536223828197,4866.130573046804,0.4609817036091099,18.844803099447308,False,12.65482871198791,209.46012463856002,8701470.0,0.6370188025701404,14041472.910112346
2021-02-15,5376.72265625,5442.560076530613,5310.885235969387,5354.7768494897955,6609800,5350.38759765625,230.6756111201316,5811.738819896514,4889.036375415987,0.528541225561157,17.24552525661353,False,12.565497779078616,203.9040329187504,8670685.0,0.7623157801257917,14108081.116138011
2021-02-16,5552.2890625,5574.234869071146,5354.776803359684,5420.614223073123,9410000,5335.025561523437,203.62919151165622,5742.28394454675,4927.767178500125,0.7667391391230441,15.267345144903796,False,13.17542286103544,205.01503526108695,8776685.0,1.0721587934396644,14108081.116138011
2021-02-17,5442.560546875,5574.235398815524,5398.6689295614915,5574.235398815524,6704900,5325.149951171875,192.54412139282027,5710.238193957515,4940.061708386234,0.6524463521059534,14.463000903886144,False,13.741784538978173,202.91156626058304,8711340.0,0.7696749294597617,14108081.116138011
2021-02-18,5332.8310546875,5530.343315972222,5310.885247878086,5420.614281925154,7223700,5310.885180664062,179.84578528500268,5670.576751234068,4951.193610094057,0.5305065169982437,13.545447070841425,False,13.59255624427265,204.09345924869393,8710055.0,0.8293518238403775,14108081.116138011
2021-02-19,5442.560546875,5464.506355531754,5332.83150359123,5332.83150359123,4668300,5304.30146484375,171.93390156853022,5648.16926798081,4960.43366170669,0.7010352245396787,12.965620653960677,False,13.453987113474666,198.9207336483768,8570700.0,0.5446812979103224,14108081.116138011
2021-02-22,5223.10205078125,5486.451734013918,5201.156243845195,5442.560120141807,9974800,5286.74482421875,160.46456508563654,5607.673954390023,4965.815694047477,0.4008460631112928,12.140897313639428,False,12.614042747109568,205.09035911411584,8034335.0,1.2415215447202537,14108081.116138011
2021-02-23,5310.88525390625,5354.776867574897,5245.0478334032805,5245.0478334032805,5244200,5273.57734375,145.76355101070644,5565.104445771413,4982.050241728587,0.5639870356779204,11.056142084155363,True,11.834094406913406,199.8463918055109,7766800.0,0.6752072925786682,14108081.116138011
2021-02-24,5310.88525390625,5398.668481243543,5288.939447071927,5310.88525390625,4761100,5266.993579101562,140.6119859652395,5548.217551032041,4985.769607171083,0.5780368659602356,10.678728489296915,True,11.188612855151332,193.40943768880416,7450855.0,0.6390004905477291,14108081.116138011
2021-02-25,5354.7763671875,5420.613781538166,5332.830562403945,5376.722171971055,5137700,5265.896264648438,139.79386080880465,5545.483986266047,4986.308543030828,0.6589485082263786,10.61880855855695,True,10.750538742969047,187.43222982759787,7338285.0,0.7001227125956542,14108081.116138011
2021-02-26,5398.6689453125,5398.6689453125,5245.048284267023,5266.994092987805,9548500,5281.258349609375,136.4538518646205,5554.166053338616,5008.350645880134,0.7151104459469774,10.334949955607696,True,10.304193411146679,185.01711777173213,7346460.0,1.2997416442749297,14108081.116138011
2021-03-01,5486.45166015625,5530.3432734375,5376.722626953126,5530.3432734375,6003300,5303.204150390625,132.1122028051778,5567.42855600098,5038.979744780269,0.84676492003516,9.964708056388632,True,10.203034288265792,182.774512679778,6950925.0,0.8636692238802749,14108081.116138011
2021-03-02,5530.34326171875,5574.234874906994,5464.505841936384,5508.397455124628,6377900,5311.982495117188,141.23708028431315,5594.4566556858135,5029.508334548562,0.886514586258081,10.63535735775779,True,10.395274409026852,177.55697841483746,6609575.0,0.9649485783881717,14108081.116138011
2021-03-03,5596.18017578125,5618.125980392157,5442.559543504902,5552.288566559437,5210700,5328.441845703125,154.29575521148777,5637.0333561261,5019.85033528015,0.9338070248775566,11.582804855863243,False,10.855093606436844,177.41479687715298,6589100.0,0.7908060281373784,14108081.116138011
2021-03-04,5530.34326171875,5618.1264880952385,5486.451648530507,5596.180681501116,5822300,5351.4849609375,147.8655431522844,5647.216047242068,5055.753874632931,0.8024002363367494,11.052300005072274,False,11.282071921337344,174.14765706912289,6416140.0,0.9074459098461068,14108081.116138011
2021-03-05,5574.23486328125,5705.909702571359,5376.722604346088,5486.451637087845,13936800,5376.72265625,140.07001889354987,5656.8626940371,5096.5826184629,0.8525240600941074,10.420475657655865,True,10.711343076704438,185.22190286599064,6723200.0,2.07294145644931,14108081.116138011
2021-03-08,5530.34326171875,5618.1264880952385,5464.505841936384,5596.180681501116,7353300,5395.3765625,134.01706820638327,5663.410698912766,5127.342426087233,0.7517714740090137,9.935697103171979,True,10.18138057811674,182.96467024405234,6767795.0,1.0865134065083235,14108081.116138011
2021-03-09,5793.69287109375,5991.205128062856,5508.397388805043,5618.126420454546,29855200,5426.1007080078125,151.1881603132205,5728.477028634254,5123.724387381371,1.1078388716490546,11.145252803000714,False,11.855989613014632,204.38203231646378,7957270.0,3.751940049790946,14108081.116138011
2021-03-10,6013.15087890625,6078.988297288435,5749.801205377509,5793.692817632299,19268900,5467.79775390625,189.6255764989817,5847.048906904214,5088.546600908287,1.2189867726030719,13.872171944436786,False,13.7600584380767,213.29667943035395,8570645.0,2.248243860292895,14108081.116138011
2021-03-12,5947.3134765625,6078.988313681965,5903.421864189345,6078.988313681965,8364300,5504.008325195313,208.63397281943074,5921.276270834174,5086.740379556451,1.0311996236476555,15.162329741717983,False,15.528122412098233,210.60166300623015,8850935.0,0.9450188030982037,14108081.116138011
2021-03-15,5837.58447265625,5969.259310385339,5793.692860079887,5947.3135040971565,5236300,5529.24599609375,217.19105647511847,5963.628109043987,5094.863883143514,0.8549161756089888,15.712164488869362,False,16.21568577994061,208.0991478133174,8835600.0,0.5926366064557019,14108081.116138011
2021-03-16,5881.47607421875,5969.2592992070895,5793.6928492304105,5837.58446172458,5323300,5554.483666992188,227.6112802835575,6009.7062275593025,5099.261106425073,0.8591566362826967,16.391174692700915,False,16.854137386845505,205.77538368212893,8771275.0,0.606901505197363,14108081.116138011
2021-03-17,5881.47607421875,5969.2592992070895,5793.6928492304105,5903.421880465835,5599800,5570.943017578125,239.0586821808463,6049.060381939818,5092.825653216432,0.8247456375645333,17.16468335264167,False,17.446985307542906,203.61760270316825,8580765.0,0.6525991563689252,14108081.116138011
2021-03-18,5925.36767578125,5969.259288194444,5881.476063368055,5881.476063368055,8356100,5595.0833740234375,249.55873271027878,6094.200839443995,5095.96590860288,0.8308683072025079,17.841287861333203,False,17.997486948190495,195.34371856911255,8663325.0,0.9645372879350596,14108081.116138011
2021-03-19,6100.9345703125,6144.826185926259,5881.476492243705,5903.422300050584,21133200,5633.488549804688,265.6592260794461,6164.80700196358,5102.170097645796,0.9398925151276522,18.86285726727225,False,19.427578813233247,200.20128822007268,9358800.0,2.258110014104372,14108081.116138011
2021-03-22,6013.15087890625,6100.934103415831,5969.25926665146,6100.934103415831,5560500,5662.01806640625,274.5650128271997,6211.148092060649,5112.888040751851,0.8197173675593085,19.39697186458956,False,20.755521259344373,195.30657503728463,9403410.0,0.5913280395090718,14108081.116138011
2021-03-23,5947.3134765625,6057.042507495387,5947.3134765625,5947.3134765625,4511500,5698.2286376953125,261.0560609211527,6220.3407595376175,5176.1165158530075,0.7385357746419258,18.325418477889535,False,21.74893039090283,189.19389331554197,9130245.0,0.49412693744800934,14108081.116138011
2021-03-24,5947.3134765625,6035.09670130881,5837.584445629613,5925.367670375923,6966500,5730.050048828125,249.90644436714715,6229.86293756242,5230.23716009383,0.7173447630417894,17.44532366995689,False,21.557934363691952,189.78806205580307,9216360.0,0.7558841017494976,14108081.116138011
2021-03-25,6013.15087890625,6078.988297288435,5903.421848269275,5947.313460524065,8103200,5765.163330078125,236.9098753884191,6238.983080854963,5291.343579301287,0.7616897548292825,16.437340059554476,False,21.65512656020737,188.77223255318572,9383465.0,0.8635615947840164,14108081.116138011
2021-03-26,6035.09716796875,6078.988783735796,5969.259744318182,6078.988783735796,7849100,5799.179370117187,223.33648086328853,6245.852331843765,5352.50640839061,0.7640833653100939,15.40469549978935,False,21.745379578161298,183.12629018635914,9519035.0,0.8245688769922581,14108081.116138011
2021-03-29,6298.44677734375,6408.175815276568,6035.097086304987,6057.042893891551,18683300,5844.16826171875,228.9660772615535,6302.100416241857,5386.236107195643,0.9960107202977354,15.67142265641854,False,23.43882426659319,196.69432152816069,9975775.0,1.8728670203568143,14108081.116138011
2021-03-30,6364.2841796875,6474.013217268319,6122.880297009699,6232.609334590517,12779500,5888.059887695313,240.62568995587299,6369.311267607059,5406.808507783567,0.9947770664881205,16.346687672706942,False,25.24211058130523,207.7256500089078,10314585.0,1.238973744459908,14108081.116138011
2021-03-31,6144.82568359375,6364.283743722098,6013.150847516741,6364.283743722098,11095400,5918.784008789063,231.60785685378872,6381.99972249664,5455.568295081485,0.7439918035114249,15.652394580364074,False,25.895904019168007,217.96905587761145,10550460.0,1.0516508284946817,14108081.116138011
2021-04-01,6122.87939453125,6188.716807375672,6035.096177405354,6057.041981686828,7647100,5945.118969726563,222.7711686237728,6390.661306974108,5499.5766324790175,0.6994876916780222,14.98850870828031,False,26.502997925754872,213.37273974137622,10672280.0,0.716538546589857,14108081.116138011
2021-04-05,6232.60888671875,6320.392110475352,6144.825662962148,6276.500498597051,7451700,5980.232250976563,208.8648003709567,6397.961851718476,5562.502650234649,0.8020813407691851,13.970347077195841,False,27.61956005984246,212.23988089871375,10753750.0,0.6929396722073695,14108081.116138011
2021-04-06,6188.71728515625,6298.4463150349075,6144.825673204788,6276.500509059176,3513200,6010.956372070313,190.37612219910685,6391.708616468526,5630.204127672099,0.7334338348640492,12.668607816465435,False,28.656367755780934,208.05279239381417,10232570.0,0.34333505658891167,14108081.116138011
2021-04-07,6276.50048828125,6298.446294184331,6078.988235153519,6188.717264668925,6235500,6048.264233398438,162.27096825707656,6372.806169912591,5723.722296884284,0.851628293918279,10.731738032278317,True,28.96905075089486,208.8674542964569,10176680.0,0.6127243855559966,14108081.116138011
2021-04-08,6210.66357421875,6408.175843363516,6166.771958853246,6320.392612632509,5069700,6069.112768554687,154.4394302448419,6377.991629044371,5760.233908065004,0.7291364411272014,10.178715481776777,True,29.752461044174026,211.19148502601496,8937405.0,0.5672451902985263,14108081.116138011
2021-04-09,6078.98876953125,6254.555232189193,6035.0971538667645,6210.663616524707,5767000,6072.4046630859375,153.8844894175745,6380.1736419210865,5764.6356842507885,0.5106965076048797,10.136642595842543,True,29.304930256273014,211.7819559757588,8262310.0,0.6979888191074893,14108081.116138011
2021-04-12,6144.82568359375,6254.5547136579235,6100.93407156808,6100.93407156808,7317100,6082.2802734375,151.7572041560708,6385.794681749641,5778.765865125359,0.6030353229424398,9.980283534043892,True,28.88936595322207,209.1950979865384,8209950.0,0.8912478151511276,14108081.116138011
2021-04-13,6144.82568359375,6210.663101632254,6100.93407156808,6144.82568359375,6945900,6097.642333984375,140.84159945032712,6379.325532885029,5815.959135083721,0.5837525095453349,9.239085648914873,True,28.50348481467477,202.0903788492267,8295430.0,0.8373164501418251,14108081.116138011
2021-04-14,6276.50048828125,6342.337905990494,6144.825652862763,6144.825652862763,3046700,6117.3935546875,136.56518391383233,6390.5239225151645,5844.2631868598355,0.7912655499628309,8.929632052800535,True,28.844837852079266,201.76336986911988,8181600.0,0.3723843746944363,14108081.116138011
2021-04-15,6803.2001953125,6890.983423639113,6276.500825352823,6276.500825352823,20806700,6163.479760742188,195.54860247321034,6554.576965688609,5772.382555795767,1.3178534984134598,12.690792218950225,False,30.90057406859124,231.24333883260158,8941945.0,2.326865128336173,14108081.116138011
2021-04-16,6781.25341796875,6825.145025852044,6539.849574610639,6803.199221910397,8167200,6206.2740478515625,231.11466384390448,6668.5033755393715,5744.0447201637535,1.1219633152588817,14.89555002321626,False,32.809471983923785,235.10420400465892,8932500.0,0.9143240973971453,14108081.116138011
2021-04-19,6649.5791015625,6803.199740872525,6583.741684715347,6781.253935256807,2565800,6233.706274414062,249.76180158238242,6733.229877578827,5734.1826712492975,0.9162694460418369,16.026536419113437,False,34.58202004816115,233.9866220155531,8004130.0,0.3205595111523676,14108081.116138011
2021-04-20,6693.4716796875,6803.200723616804,6583.742635758197,6583.742635758197,3890500,6267.722314453125,264.06098965198544,6795.844293757096,5739.6003351491545,0.9030786275885389,16.85211797230206,False,36.22796000703253,232.94886957577123,7920630.0,0.4911856758868928,14108081.116138011
2021-04-21,6605.68798828125,6759.3086391715115,6561.796373741176,6671.525410091363,4015700,6300.641040039062,263.05112993758564,6826.743299914234,5774.538780163891,0.7899122200259758,16.699959782882974,False,37.53956711795043,230.417683565383,7895840.0,0.5085842671584024,14108081.116138011
2021-04-22,6561.7958984375,6693.470732519858,6474.012675715928,6605.687509798286,5487500,6331.365161132812,255.3845503797352,6842.134261892283,5820.596060373342,0.7255723153202266,16.13456459264097,False,37.91185134784701,229.63485308242207,7821890.0,0.7015567848691301,14108081.116138011
2021-04-23,6649.5791015625,6825.145546488243,6539.850073483911,6605.6874903310645,6556900,6363.186572265625,253.2890839817211,6869.764740229067,5856.608404302183,0.7826735807113812,15.922153537706937,False,38.70772197159822,233.6106116482728,7744575.0,0.8466442638879473,14108081.116138011
2021-04-26,6452.06640625,6693.470251381803,6320.391581632653,6671.524447278912,8344300,6384.0350341796875,241.76060817254964,6867.556250524787,5900.513817834588,0.5703499347811007,15.147824651849815,False,37.69008515458378,243.57261579833548,7769335.0,1.074004403208254,14108081.116138011
2021-04-27,6013.15087890625,6430.121195326757,6013.15087890625,6430.121195326757,11171200,6369.770239257812,255.123877140485,6880.017993538782,5859.522484976842,0.15054293981744002,16.020915515484052,False,35.02169287581771,257.5256809087222,7393730.0,1.5109018046371723,14108081.116138011
2021-04-28,6188.71728515625,6188.71728515625,5947.313419423205,6013.150837350399,8698700,6360.99189453125,258.32298730905376,6877.637869149357,5844.345919913143,0.333275958936541,16.24419534514057,False,32.856787402162794,256.37412268188814,7189690.0,1.2098852662632187,14108081.116138011
2021-04-29,6057.04296875,6232.609431612319,6013.151353034421,6232.609431612319,3868000,6356.602758789062,262.8944533212431,6882.391665431548,5830.813852146576,0.2151330255786948,16.543078955673142,False,30.617725532915113,253.73726238874602,6828320.0,0.566464371909928,14108081.116138011
2021-04-30,6188.71728515625,6320.392121010638,6057.042449301862,6276.500509059176,8700400,6359.8946533203125,260.2123189789098,6880.319291278132,5839.470015362493,0.3355406761334613,16.36582573537194,False,28.771067623583548,254.4238630544625,6880985.0,1.264411999154191,14108081.116138011
2021-05-03,6144.82568359375,6232.608907645089,5925.367623465401,6144.82568359375,6338900,6355.5054931640625,263.1955715554509,6881.896636274964,5829.114350053161,0.29988283206550287,16.564886732521416,False,27.0550254349299,258.1965359919786,6825345.0,0.928729610005062,14108081.116138011
2021-05-04,5991.205078125,6188.717333447802,5969.259271978022,6122.879915006868,2899200,6345.6298828125,273.29492468494703,6892.219732182394,5799.040033442606,0.1757854128684616,17.22728427166431,False,25.461557688322934,255.42950209753582,6794645.0,0.4266889587314716,14108081.116138011
2021-05-05,5925.36767578125,6166.7715440538195,5881.476063368055,6035.096706814235,7111500,6328.0732421875,288.80779787751,6905.68883794252,5750.45764643248,0.15140694835303004,18.255654561777757,False,24.42816175206387,257.56278628240926,6838445.0,1.03992939915434,14108081.116138011
2021-05-06,5815.638671875,6078.988347582547,5727.8554466391515,5925.367703419812,9094200,6308.321997070312,309.9907352798513,6928.303467630015,5688.340526510609,0.10266286285094073,19.655986832873538,False,24.167981189068634,264.24636590105115,7039670.0,1.2918503282114076,14108081.116138011
2021-05-07,5793.69287109375,5881.476096413353,5727.855452104049,5881.476096413353,4261500,6294.057202148438,327.1866185490901,6948.430439246618,5639.683965050257,0.11767665401968894,20.79336796859153,False,23.926384952001627,256.3445286444978,6964395.0,0.6118980902145843,14108081.116138011
2021-05-10,5793.69287109375,5903.421902743253,5749.801258433949,5793.69287109375,4132000,6276.500561523438,344.57451175365503,6965.649585030747,5587.351538016128,0.14970733907992936,21.959657830096294,False,23.5476092488457,249.00710833484106,6805140.0,0.6071880960568041,14108081.116138011
2021-05-11,5859.52978515625,5859.52978515625,5749.800762962313,5793.6923718398875,2814100,6262.235766601562,356.0275681400262,6974.290902881615,5550.18063032151,0.21722275359942955,22.741243313695165,False,23.19589148285021,239.0586736104908,6598550.0,0.4264724825908722,14108081.116138011
2021-05-17,5618.12646484375,5925.367755889893,5618.12646484375,5925.367755889893,5741700,6229.317065429687,383.978991258348,6997.275047946383,5461.359082912992,0.10206768176105922,24.65624961614386,False,23.513122639671508,243.92886057018023,6733300.0,0.8527319442175456,14108081.116138011
2021-05-18,5705.90966796875,5705.90966796875,5530.343216646635,5552.2890230619,5866700,6174.4525390625,375.97372393563916,6926.399986933779,5422.505091191222,0.1884470634083742,24.356732620879466,False,24.18845252905663,239.04583133817562,5986300.0,0.9800210480597364,14108081.116138011
2021-05-19,5530.34326171875,5705.909714471726,5376.722615559896,5683.9639078776045,4613800,6111.90703125,373.7575363985131,6859.422104047026,5364.391958452974,0.11100197795666193,24.460943825716043,False,25.399232534007293,245.48449330772235,5808630.0,0.7943008936702802,14108081.116138011
2021-05-20,5705.90966796875,5705.90966796875,5464.505797400841,5486.451603816106,4667500,6064.723559570312,361.67855953225916,6788.08067863483,5341.366440505794,0.25198012009227294,23.85457843080215,False,26.523528252890053,245.19302025487852,5913715.0,0.7892669836135153,14108081.116138011
2021-05-21,5530.34326171875,5705.909714471726,5442.560035342262,5705.909714471726,3721400,6006.567138671875,348.5315772470468,6703.630293165968,5309.503984177782,0.1584069363853026,23.210034563876448,False,27.650752546149917,246.48992446020605,5905260.0,0.6301839377097707,14108081.116138011
2021-05-24,5464.50537109375,5530.342785203314,5442.559566390562,5464.50537109375,2214700,5949.5080078125,338.55585138027885,6626.619710573058,5272.396305051942,0.14185921263698922,22.761939369488015,False,28.697462695988182,235.15376523649047,5815210.0,0.3808460915426958,14108081.116138011
2021-05-25,5354.7763671875,5530.342805455943,5288.938952836834,5486.451195888832,6994000,5889.15703125,331.16585775315104,6551.488746756302,5226.8253157436975,0.09659136686969129,22.49326047825624,False,30.24004881276835,235.60020004953464,5890535.0,1.1873284854431727,14108081.116138011
2021-05-27,5749.80126953125,5881.47610776479,5376.722561202886,5398.668367575143,24246400,5844.168139648437,279.5149913540412,6403.19812235652,5285.138156940355,0.41559766646142093,19.131208047060454,False,28.9435252484848,256.3930243729457,6775010.0,3.578799145683918,14108081.116138011
2021-05-28,5881.47607421875,5947.313492960005,5749.801236736241,5925.36768671292,7865700,5815.638623046875,240.6150988979445,6296.868820842764,5334.4084252509865,0.5684053613773833,16.549522038347252,False,27.34871620880158,252.18725521943276,6751080.0,1.16510247249329,14108081.116138011
2021-05-31,5925.36767578125,5925.36767578125,5727.855419921874,5837.584450954861,3798300,5811.249462890625,237.6043781491747,6286.458219188975,5336.0407065922755,0.6200716646927462,16.354787703846803,False,25.98271341907545,248.28189812228584,6382435.0,0.5951176941089098,14108081.116138011
2021-06-02,5991.205078125,6057.042496565934,5837.584435096154,5925.367659684066,6034100,5801.373852539063,224.8522886848602,6251.078429908783,5351.669275169343,0.711062145171217,15.503382088465123,False,24.3135189910329,246.22305264710684,6249205.0,0.9655788216261109,14108081.116138011
2021-06-03,6320.392578125,6320.392578125,5859.530619303386,5991.205464680989,7378200,5814.541333007813,247.21166857322964,6308.9646701542715,5320.117995861354,1.0115568047785568,17.00644328864708,False,23.99780665074426,261.5544030881431,6424715.0,1.148408917749659,14108081.116138011
2021-06-04,6188.71728515625,6298.4463150349075,6100.934061253324,6298.4463150349075,7903500,5814.541333007813,247.21166857322964,6308.9646701542715,5320.117995861354,0.8783963296594941,17.00644328864708,False,23.704645191904802,258.5475540726812,6384870.0,1.2378482255707635,14108081.116138011
2021-06-07,6232.60888671875,6232.60888671875,6100.9340510838465,6188.717274840449,3809000,5818.930493164063,254.0685781005609,6327.0676493651845,5310.793336962941,0.9070538716823854,17.464967378389172,False,23.432423769216573,249.48521704141135,6258375.0,0.6086244432460503,14108081.116138011
2021-06-08,6320.392578125,6386.230000813802,6144.826117621527,6232.609347873264,6623900,5835.389868164062,275.569599070426,6386.5290663049145,5284.25067002321,0.9400001955921377,18.889541593362384,False,23.834656919010435,248.90797890933013,6444610.0,1.0278201473789725,14108081.116138011
2021-06-09,6408.17578125,6452.067396190068,6166.771899079623,6320.392551369862,5108500,5859.5302734375,303.58957645718897,6466.7094263518775,5252.3511205231225,0.9517987032155798,20.724499220248084,False,24.46242940026528,251.50708735226692,6344460.0,0.805190670285572,14108081.116138011
2021-06-10,6144.82568359375,6430.121161760602,6144.82568359375,6408.175355747768,4347400,5875.9896240234375,309.94182660196935,6495.873277227376,5256.105970819499,0.716843965944902,21.09886820322493,False,24.877725870162735,253.92054383902303,6107120.0,0.7118576350227276,14108081.116138011
2021-06-11,6057.04296875,6210.663623754529,5947.313929461051,6144.82620018116,5290100,5889.15712890625,311.8497171856871,6512.856563277624,5265.457694534876,0.6345887382541573,21.181280129545776,False,23.901026861167736,254.5940545857698,6158550.0,0.8589846635977625,14108081.116138011
2021-06-14,5771.74755859375,6100.934681707462,5727.8559421785885,6057.0430652923005,6757100,5888.05986328125,312.2416556477493,6512.543174576748,5263.576551985751,0.4068731681186095,21.21185333694931,False,22.577592449927064,263.0572463674201,6289805.0,1.074294036142615,14108081.116138011
2021-06-15,5859.52978515625,5881.4755895950375,5705.909154084738,5771.7465674011,6821800,5888.05986328125,312.2416556477493,6512.543174576748,5263.576551985751,0.47715705319185087,21.21185333694931,False,21.455485673214444,256.8079027347687,6490190.0,1.051094035767828,14108081.116138011
2021-06-16,5640.07275390625,5859.530837715832,5618.126945525291,5837.585029334873,6974800,5889.157177734375,311.28018042265694,6511.717538579689,5266.596816889061,0.299951587433291,21.14259620032148,False,20.83743118388166,255.7076162673238,6551845.0,1.064555098601997,14108081.116138011
2021-06-17,5618.12646484375,5705.909690856934,5574.234851837158,5618.12646484375,3468000,5884.768017578125,314.6011984044184,6513.970414386962,5255.565620769288,0.28811146136226046,21.38410197069366,False,20.47014812072393,246.8481321782132,6431910.0,0.5391866490669179,14108081.116138011
2021-06-18,5596.18017578125,5705.909198835784,5420.613738893995,5618.125980392157,19036400,5888.05986328125,311.0215491448484,6510.102961570947,5266.016764991553,0.2653862824758277,21.128966509625457,False,20.798383905186057,249.59436987561148,7153040.0,2.6613020478006555,14108081.116138011
2021-06-21,5552.2890625,5705.909708498024,5310.885190217391,5310.885190217391,6501800,5880.378833007812,317.58438987062414,6515.54761274906,5245.2100532665645,0.24173024480086377,21.602988439313155,False,21.52474204645615,259.9822376188273,7244755.0,0.8974492581184595,14108081.116138011
2021-06-22,5464.50537109375,5662.01761342244,5464.50537109375,5574.234394609689,5479500,5877.086938476563,321.7179340636162,6520.522806603795,5233.65107034933,0.1793918494288623,21.896421640957435,False,22.19921746334981,255.5200950981032,7332660.0,0.7472731587173004,14108081.116138011
2021-06-23,5530.34326171875,5618.1264880952385,5486.451648530507,5486.451648530507,3801700,5880.378833007812,317.58438987062414,6515.54761274906,5245.2100532665645,0.22445467846226777,21.602988439313155,False,22.825516064751067,248.24159666263074,7412010.0,0.5129108028726351,14108081.116138011
2021-06-24,5398.6689453125,5596.181223799543,5376.723136591718,5530.343797637195,3798800,5882.573461914062,313.89129739338534,6510.356056700833,5254.790867127292,0.11459228033717409,21.34380807485925,False,23.848694614271505,246.1856317015732,7252250.0,0.5238098521148609,14108081.116138011
2021-06-25,5354.7763671875,5464.505391105276,5310.88475762039,5442.559586321721,5020900,5862.822216796875,334.4411103432448,6531.704437483365,5193.939996110385,0.12022772178937897,22.81775554340211,False,25.044376803995352,239.573846114667,6290975.0,0.7981115804783837,14108081.116138011
2021-06-28,5288.93994140625,5464.506412490275,5288.93994140625,5442.560603604772,4507000,5833.19541015625,358.10937873645685,6549.414167629164,5116.9766526833355,0.1200494171150061,24.556652301614882,False,26.236380225710885,235.0018907553354,6123040.0,0.7360722778227808,14108081.116138011
2021-06-29,5530.34326171875,5574.234874906994,5310.88519577753,5332.831002371652,5774500,5813.444189453125,363.6095142723927,6540.66321799791,5086.22516090834,0.30535374032987084,25.01852619017557,False,26.392017169555377,238.59425095143604,6221850.0,0.928100163134759,14108081.116138011
2021-06-30,5486.45166015625,5596.180693359375,5332.831013671876,5552.289080078125,7145900,5788.206518554687,368.1112588210609,6524.429036196809,5051.9840009125655,0.2950654515669674,25.438709392350983,False,26.354589762667924,240.36249586115488,6277440.0,1.138346204822348,14108081.116138011
2021-07-01,5530.34326171875,5574.234874906994,5442.560035342262,5530.34326171875,3881400,5748.704052734375,349.93793732852066,6448.579927391416,5048.828178077334,0.3440003442591673,24.34899651249727,False,26.31983574198672,232.5990918399818,6102600.0,0.6360239897748501,14108081.116138011
2021-07-02,5640.07275390625,5705.910179049124,5574.235328763375,5618.126945525291,5381700,5721.271826171875,334.8065594644688,6390.884945100812,5051.658707242937,0.43936866679411496,23.407841447623646,False,25.19709816409643,228.52536508929555,5976510.0,0.9004753610384656,14108081.116138011
2021-07-05,5618.12646484375,5705.909690856934,5530.343238830566,5705.909690856934,5424000,5690.547705078125,312.89035886001096,6316.328422798147,5064.766987358103,0.44213528942036184,21.9936902439668,False,24.420986820201907,224.74258558480068,6057260.0,0.8954543803633986,14108081.116138011
2021-07-06,5815.638671875,5815.638671875,5618.12641509434,5662.0180277122645,4176300,5665.310009765625,277.8026104667231,6220.915230699071,5109.7047888321795,0.6352837018493228,19.61429189137811,False,22.8755937207303,222.79756209879068,5934880.0,0.703687353408999,14108081.116138011
2021-07-07,5881.47607421875,5881.47607421875,5662.018011747901,5859.530267971665,3734800,5638.975024414062,223.29106578977343,6085.557155993609,5192.392892834516,0.7715077839623468,15.839124296385767,True,21.492392289365903,222.55902641108057,5866195.0,0.6366648227684214,14108081.116138011
2021-07-08,5618.12646484375,5881.476142883301,5574.234851837158,5881.476142883301,8363600,5612.640063476562,188.9024073933642,5990.444878263291,5234.835248689834,0.5072608939225467,13.462641841055808,True,20.304201588309855,228.6077595992993,6067005.0,1.3785385045833982,14108081.116138011
2021-07-09,5552.2890625,5596.180675642293,5442.560029644269,5596.180675642293,6411000,5587.402368164063,157.5148692514671,5902.432106666997,5272.3726296611285,0.44426985555248494,11.27642928663641,True,19.985891663288395,224.81909357074088,6123050.0,1.0470272168282146,14108081.116138011
2021-07-12,5771.74755859375,5771.74755859375,5596.181092933104,5596.181092933104,4063300,5587.402368164063,157.5148692514671,5902.432106666997,5272.3726296611285,0.7925837911457525,11.27642928663641,True,18.60358054678768,224.43619375095582,5988360.0,0.6785330207268768,14108081.116138011
2021-07-13,5618.12646484375,5793.692916870117,5618.12646484375,5793.692916870117,4178700,5575.332202148437,144.25573190397435,5863.843665956386,5286.820738340489,0.5741638861251614,10.349570334007058,True,17.453377758235877,220.9454979134852,5856205.0,0.7135508405187319,14108081.116138011
2021-07-14,5618.12646484375,5683.963884353638,5464.505819320679,5618.12646484375,3589000,5574.234887695313,143.8201609930782,5861.87520968147,5286.594565709156,0.5762959393964061,10.320351681666672,True,16.93654491540175,220.83925270773335,5686915.0,0.6310978799577627,14108081.116138011
2021-07-15,5618.12646484375,5662.018077850342,5530.343238830566,5530.343238830566,2272800,5574.234887695313,143.8201609930782,5861.87520968147,5286.594565709156,0.5762959393964061,10.320351681666672,True,16.456628704198632,214.47036601573635,5627155.0,0.40389859529371414,14108081.116138011
2021-07-16,5618.12646484375,5662.018077850342,5574.234851837158,5662.018077850342,3678200,5575.332202148437,144.07989895022712,5863.492000048892,5287.172404247983,0.574254394622556,10.336955268402233,True,16.010992222367165,205.42128458698258,4859245.0,0.756948867570991,14108081.116138011
2021-07-19,5662.01806640625,5815.6387116188225,5640.072259947311,5640.072259947311,4247000,5580.81865234375,145.24077258687228,5871.300197517495,5290.337107170005,0.639766906730568,10.409997646196684,True,15.19387385799303,204.85635331470328,4746505.0,0.8947636208115234,14108081.116138011
2021-07-21,5662.01806640625,5749.801292242006,5552.289034111555,5727.855485783067,4309100,5590.694287109375,143.62171816038344,5877.937723430142,5303.4508507886085,0.6241521481055308,10.275769754861114,True,14.35179553414037,204.33177508725666,4687985.0,0.9191795622212955,14108081.116138011
2021-07-22,5662.01806640625,5705.909679324128,5574.234840570494,5662.01806640625,5697600,5597.27802734375,143.72757182243424,5884.733170988618,5309.822883698882,0.6126089417667228,10.271247640034892,True,13.569865661991473,199.1419939205693,4782780.0,1.191273694378583,14108081.116138011
2021-07-23,5464.50537109375,5662.01761342244,5398.667956984187,5662.01761342244,9253900,5600.569848632813,139.6350453997264,5879.839939432266,5321.29975783336,0.256392678590182,9.972916983354017,True,13.880980493675656,203.7282878849617,5055535.0,1.8304492007275195,14108081.116138011
2021-07-26,5530.34326171875,5574.234874906994,5464.505841936384,5486.451648530507,4023300,5609.348193359375,128.4394437361362,5866.227080831647,5352.469305887103,0.34622143840226516,9.15895674924863,True,14.169872837382396,197.01408902269617,5005655.0,0.8037509576668788,14108081.116138011
2021-07-27,5486.45166015625,5574.23488671875,5464.505853515625,5552.289080078125,3102100,5619.223779296875,108.56205827452486,5836.347895845925,5402.099662747825,0.19424833765384356,7.727904247166981,True,14.4381299148825,190.77944217844112,4935410.0,0.6285394729110652,14108081.116138011
2021-07-28,5552.2890625,5618.126482213439,5486.451642786561,5486.451642786561,3784200,5620.321069335938,107.72409163138933,5835.769252598717,5404.872886073159,0.3421151531527183,7.666757133796093,True,14.309581223267696,186.55768483904376,4835895.0,0.7825231937417996,14108081.116138011
2021-07-29,5596.18017578125,5640.071785003064,5552.288566559437,5574.234371170343,5097800,5625.8074951171875,103.24851601043615,5832.30452713806,5419.310463096315,0.42826211823484506,7.341062850092094,True,14.00056689197572,179.50236581079974,4733490.0,1.076964353996734,14108081.116138011
2021-07-30,5376.72265625,5683.963950892857,5376.72265625,5640.072337372449,5840500,5618.12646484375,115.68895177261903,5849.504368388988,5386.748561298512,-0.02166564934441057,8.236835001601307,True,14.798979309655046,188.62657501308954,4831445.0,1.2088515961580852,14108081.116138011
2021-08-02,5640.07275390625,5640.07275390625,5420.614670096668,5420.614670096668,4900700,5618.12646484375,115.68895177261903,5849.504368388988,5386.748561298512,0.5474252051000392,8.236835001601307,True,15.540362268928705,193.96396948760102,4807395.0,1.0194086402303117,14108081.116138011
2021-08-03,5530.34326171875,5662.018101283483,5486.451648530507,5640.07229468936,5521100,5613.7373046875,117.34235424513865,5848.422013177777,5379.052596197223,0.3223274888568105,8.361086233740025,False,16.01521447563733,192.64986114941354,4812250.0,1.1473011585017403,14108081.116138011
2021-08-04,5719.8125,5719.8125,5563.411376953125,5563.411376953125,2267000,5608.94599609375,110.41643330296938,5829.778862699689,5388.113129487811,0.7510190299347143,7.8743088901099725,False,15.902402261189723,192.42267380168758,4716785.0,0.4806239843452691,14108081.116138011
2021-08-05,5585.75341796875,5719.8115,5563.410404296875,5697.468486328125,4170400,5594.15986328125,89.89369272702633,5773.947248735303,5414.372477827197,0.47662114810983625,6.427681362276941,True,15.797655090047815,189.849775366076,4738565.0,0.8800976666986735,14108081.116138011
2021-08-06,5541.06787109375,5630.439933530746,5496.381839875252,5630.439933530746,3648600,5590.30693359375,90.46200253504661,5771.230938663843,5409.382928523657,0.3639233569892402,6.472775367050736,True,16.180952430707812,185.86465524389158,4502815.0,0.8102931166392578,14108081.116138011
2021-08-09,5518.72509765625,5563.411130835653,5474.039064476847,5541.068114245952,1573800,5588.628735351563,91.50967100954998,5771.648077370663,5405.609393332463,0.3090266391406392,6.549704791137347,True,16.691452876488498,178.9723274663855,4260955.0,0.369353818568842,14108081.116138011
2021-08-10,5474.0390625,5541.068112244898,5407.010012755101,5541.068112244898,2608900,5573.743310546875,84.06549769252591,5741.874305931927,5405.612315161824,0.2034923637413375,6.0329651373398105,True,17.61163362384698,175.7641683252006,4188235.0,0.6229115605977219,14108081.116138011
2021-08-12,5474.0390625,5541.068112244898,5451.696045918367,5474.0390625,3105300,5566.5389404296875,86.20848775561589,5738.955915940919,5394.121964918456,0.23175530525513174,6.194764012480709,True,18.466087174965573,169.59330389672417,4134565.0,0.751058454758844,14108081.116138011
2021-08-13,5630.4404296875,5630.4404296875,5451.6962890625,5451.6962890625,5361400,5567.154638671875,86.63921253614402,5740.433063744163,5393.876213599587,0.6826130142550174,6.225026474695737,False,18.224037319704596,170.24693509160102,4223185.0,1.26951578015171,14108081.116138011
2021-08-16,5652.783203125,5652.783203125,5541.068120059288,5630.440186511857,3470100,5568.887475585938,88.04746905725342,5744.982413700444,5392.792537471431,0.7382116386687634,6.324241202089594,False,17.758928629529926,166.06608851832323,4283050.0,0.810193670398431,14108081.116138011
2021-08-18,5764.498046875,5809.184078246124,5608.096937076066,5652.78296844719,7814700,5576.2060546875,97.88891794595224,5771.983890579404,5380.428218795596,0.9808817896308313,7.021901055013139,False,17.095035853028392,168.56759227916143,4489875.0,1.7405161613630669,14108081.116138011
2021-08-19,5809.1845703125,5987.9287109375,5764.49853515625,5764.49853515625,13761900,5583.564379882812,109.51927330262552,5802.6029264880635,5364.525833277561,1.0150239396819452,7.845832221239594,False,17.667661539370258,172.48638312082846,4965620.0,2.771436396663458,14108081.116138011
2021-08-20,5809.1845703125,5876.213623046875,5742.155517578125,5809.1845703125,2850400,5590.922705078125,119.55213433934875,5830.026973756822,5351.818436399427,0.956415660081063,8.553302604649641,False,17.9858278238533,169.74150614568,4892685.0,0.582584000400598,14108081.116138011
2021-08-23,5876.212890625,5943.241935004753,5853.86987583175,5853.86987583175,5114800,5601.6324462890625,134.86904215565036,5871.370530600363,5331.894361977762,1.008976040659962,9.630695583748809,False,18.67995698926008,167.19263889900665,4863545.0,1.0516608769940445,14108081.116138011
2021-08-24,5898.55615234375,5943.2421838008995,5742.155042243727,5876.213136615175,6225000,5623.334985351563,146.0971847666572,5915.529354884878,5331.140615818248,0.9709556303767304,10.392209259966299,False,18.284816304567812,169.6136748031614,4712100.0,1.3210670401731712,14108081.116138011
2021-08-25,5898.55615234375,5943.2421838008995,5764.4980579723015,5943.2421838008995,4143200,5641.745629882813,156.58586916034824,5954.917368203509,5328.573891562117,0.9100154819812579,11.101944641456692,False,17.91789995449642,170.26584987640686,4718095.0,0.8781510334149694,14108081.116138011
2021-08-26,5876.212890625,5920.898920211502,5742.154801865495,5920.898920211502,3052900,5661.23369140625,160.44781779707387,5982.129327000397,5340.3380558121025,0.8349674713099637,11.336597395061316,False,17.369021386189946,170.8714404813783,4715635.0,0.647399554884973,14108081.116138011
2021-08-27,5831.52734375,5853.870360392721,5742.1552771791185,5809.184327107279,2259600,5675.19560546875,162.6036248473243,6000.402855163398,5349.988355774101,0.7403570929430955,11.460653422457236,False,16.859348429905364,168.24188140741424,4639405.0,0.48704521377202464,14108081.116138011
2021-08-30,5898.55615234375,5898.55615234375,5831.527105158026,5853.8701208866005,4081400,5690.314404296875,168.8091060882226,6027.93261647332,5352.69619212043,0.8083982743473035,11.86641679839351,False,16.747555213846585,161.0123932487221,4588585.0,0.8894681040015604,14108081.116138011
2021-08-31,5719.8125,5898.556640625,5675.12646484375,5898.556640625,12529200,5707.468896484375,151.8445522358808,6011.158000956137,5403.779792012614,0.5203227632039931,10.64181373494035,False,15.902119523766933,165.4708062867598,4923020.0,2.5450231768304823,14108081.116138011
2021-09-01,5652.783203125,5764.498286190711,5630.440186511857,5719.812252964427,2821900,5708.104418945312,151.57398750556482,6011.252393956442,5404.956443934183,0.4087554257647914,10.621668868038753,False,15.464590043298255,163.22704152905226,4819080.0,0.5855681997393694,14108081.116138011
2021-09-02,5719.8125,5719.8125,5585.75439453125,5652.783447265625,3645900,5717.577880859375,145.68566027926772,6008.94920141791,5426.20656030084,0.5038346587034397,10.192124239669864,False,15.394865897993794,161.14354609617354,4725320.0,0.7715667933600264,14108081.116138011
2021-09-03,5742.15478515625,5764.497799884484,5652.782726243312,5719.811770428016,4096000,5718.694995117187,145.7893203124094,6010.273635742006,5427.116354492368,0.5402289241571178,10.19738387425028,False,14.89469622434122,157.6129409208163,4816770.0,0.8503623797690153,14108081.116138011
2021-09-06,5652.783203125,5742.155269577569,5652.783203125,5742.155269577569,2554800,5722.046484375,143.32191300666938,6008.690310388339,5435.4026583616605,0.3791823249547743,10.018926857587324,False,14.430252955949545,152.7385927445129,4735990.0,0.5394437065956643,14108081.116138011
2021-09-07,5608.09716796875,5719.812250996016,5585.754151363297,5652.783201179656,4696200,5725.39794921875,139.6025912371114,6004.603131692973,5446.192766744527,0.2899380301423496,9.753214883947813,False,14.55371018655977,151.4042718079562,4788370.0,0.9807512786188202,14108081.116138011
2021-09-08,5563.4111328125,5608.097166007781,5451.696049824297,5608.097166007781,11592900,5727.632250976562,136.44258579532195,6000.517422567206,5454.747079385918,0.19910215859876215,9.528725296360184,False,15.59301338634397,151.76118940342027,5289325.0,2.1917541463230186,14108081.116138011
2021-09-09,5898.55615234375,5898.55615234375,5496.3818692294035,5563.410916415128,14447600,5748.85810546875,127.65284790567578,6004.163801280101,5493.552409657399,0.7931741228868112,8.881961987146108,False,14.842769117031718,169.64783895420072,5881260.0,2.4565484266976805,14108081.116138011
2021-09-10,5965.5849609375,5987.927975772473,5764.497827422753,5898.555916432584,5451100,5773.435400390625,118.98117873710301,6011.397757864831,5535.473042916418,0.9037394035476876,8.243353946875583,False,14.693075704507333,173.48943248245206,5998550.0,0.908736277933834,14108081.116138011
2021-09-13,5898.55615234375,5943.2421838008995,5764.4980579723015,5943.2421838008995,3497500,5786.8411865234375,117.1115608176761,6021.06430815879,5552.618064888085,0.7384797987498323,8.095025043397342,False,14.554074678591833,175.4606803740768,5905355.0,0.5922590597855675,14108081.116138011
2021-09-14,5898.55615234375,6032.6142467151985,5876.213136615175,5898.55615234375,4192400,5799.129833984375,115.18308296220522,6029.495999908786,5568.763668059964,0.715800610216344,7.944852849281162,False,14.958271942541053,174.09928249735867,5941470.0,0.7056166234955322,14108081.116138011
2021-09-15,5898.55615234375,5987.928215258049,5809.184089429451,5898.55615234375,4378900,5805.832739257812,116.94878832767247,6039.730315913157,5571.935162602467,0.6982137104878359,8.057330865692323,False,14.77853634298411,174.43105702101863,5769680.0,0.7589502364082583,14108081.116138011
2021-09-16,5853.8701171875,5943.242180045325,5764.498054329676,5898.556148616412,4216600,5808.0670166015625,117.44200757840322,6042.951031758369,5573.183001444756,0.5975015276270711,8.088199205877714,False,14.25542548966397,174.73913335634938,5292415.0,0.7967251245414428,14108081.116138011
2021-09-17,6032.61474609375,6032.61474609375,5764.49853515625,5809.1845703125,9478500,5819.238525390625,127.7300318019027,6074.698588994431,5563.778461786819,0.9176312682557912,8.779845077295837,False,14.346086217235408,181.40892461214585,5623820.0,1.685420230377217,14108081.116138011
2021-09-20,5697.46923828125,6032.614487591912,5675.126221660539,6032.614487591912,5461300,5810.301342773438,129.7707443684302,6069.842831510298,5550.759854036577,0.28263185388717577,8.933839173751817,False,13.721910286422885,193.98603888507907,5641145.0,0.9681190609353243,14108081.116138011
2021-09-21,5809.1845703125,5809.1845703125,5630.4404296875,5697.469482421875,3866600,5805.832763671875,128.0997653084443,6062.032294288763,5549.633233054987,0.5065413988709393,8.825591126908588,False,12.809043971802394,192.897331866502,5523225.0,0.7000620108722712,14108081.116138011
2021-09-22,5853.8701171875,5898.556148616412,5719.812022900764,5831.527101473044,4342400,5803.598461914063,126.7802836258113,6057.159029165685,5550.0378946624405,0.5991314537160465,8.738046538388403,False,12.576183572380678,191.88638857001249,5533185.0,0.7847921224394269,14108081.116138011
2021-09-23,5831.52734375,5898.556393678161,5809.184327107279,5876.21337703544,1977300,5801.364184570312,125.82337103784059,6053.010926645993,5549.7174424946315,0.5599315511317375,8.675433365999567,False,12.359957716378872,184.563936998646,5479405.0,0.3608603488882461,14108081.116138011
2021-09-24,5898.55615234375,5898.55615234375,5719.812026515152,5809.184089429451,3600600,5804.715625,127.54993091584397,6059.815486831688,5549.615763168312,0.6839290046453751,8.789400835865687,False,11.511384485707712,184.14823620078542,5546455.0,0.6491714076829254,14108081.116138011
2021-09-27,5831.52734375,5898.556393678161,5697.469243893678,5898.556393678161,4698700,5801.364184570312,125.82337103784059,6053.010926645993,5549.7174424946315,0.5599315511317375,8.675433365999567,False,10.894415099821979,185.35815859962096,5577320.0,0.8424655569341547,14108081.116138011
2021-09-28,5719.8125,5809.1845703125,5652.783447265625,5809.1845703125,3266400,5801.364184570312,125.82337103784059,6053.010926645993,5549.7174424946315,0.33796395713760863,8.675433365999567,False,10.663242508835195,184.88571130567485,5114180.0,0.6386947663163988,14108081.116138011
2021-09-29,5719.8125,5764.49853515625,5608.097412109375,5652.783447265625,3455100,5804.715649414063,122.50641576415529,6049.728480942374,5559.702817885752,0.32673734088850725,8.441854737640522,False,10.780845484182871,182.85109785861772,5145840.0,0.6714355673709249,14108081.116138011
2021-09-30,5742.15478515625,5764.497799884484,5652.782726243312,5719.811770428016,4317700,5805.832763671875,121.79123083011639,6049.415225332108,5562.250302011642,0.3692886628996143,8.390956873038844,False,10.890048247005712,177.76995327165733,5179430.0,0.8336245494195307,14108081.116138011
2021-10-01,5585.75341796875,5719.8115,5541.067390625,5719.8115,7442900,5798.0126953125,130.78426154902513,6059.581218410551,5536.444172214449,0.09425684170686091,9.02269576986336,False,11.789700748470203,179.43548479019964,5346775.0,1.3920353858166838,14108081.116138011
2021-10-04,5652.783203125,5675.126219738142,5585.754153285573,5585.754153285573,7560900,5798.0126953125,130.78426154902513,6059.581218410551,5536.444172214449,0.22238729173643773,9.02269576986336,False,12.625092356972948,173.0024360029991,5597080.0,1.3508650939418412,14108081.116138011
2021-10-05,5496.38134765625,5652.782442914761,5496.38134765625,5630.439429306402,10264600,5792.426904296875,141.2864725984276,6074.999849493731,5509.85395910002,-0.02383917440217808,9.756633958979794,False,13.978720707043989,171.81668025055276,5875500.0,1.7470172751255213,14075089.774146374
2021-10-06,5585.75341796875,5675.12547265625,5518.724376953125,5541.067390625,10101200,5793.544018554688,139.45688390926395,6072.457786373216,5514.63025073616,0.12750028044306824,9.628433543449919,False,14.975513863078552,172.31149773265614,5800915.0,1.7413114999961212,14298519.949927624
2021-10-07,5563.4111328125,5764.4982821912645,5541.068116214859,5630.440182605422,13945900,5776.786767578125,146.14947549741495,6069.085718572956,5484.487816583295,0.135004446578737,10.11977636548196,False,14.927567643076317,175.96283117863823,5775830.0,2.4145274358836737,14242664.237037
2021-10-08,5630.4404296875,5675.12646484375,5563.411376953125,5630.4404296875,7922100,5760.029541015625,142.53164275311184,6045.092826521849,5474.966255509401,0.2727011545909942,9.89797998348324,False,14.883046153074242,171.37372409668194,5899380.0,1.3428699287043724,14410237.4792245
2021-10-11,5630.4404296875,5652.783447265625,5585.75439453125,5630.4404296875,4604000,5746.623754882812,141.42126844887713,6029.466291780566,5463.781217985058,0.29461482973950326,9.843781286618162,False,14.841704769500886,163.9205332850886,5954705.0,0.7731701234569974,14410237.4792245
2021-10-12,5742.15478515625,5764.497799884484,5630.439711515078,5630.439711515078,11437100,5738.803686523437,136.82739359718494,6012.458473717807,5465.148899329068,0.5061228576835249,9.536997679045866,False,13.924161538251134,161.78750150539702,6316940.0,1.810544345838333,14640735.867533645
2021-10-13,5742.15478515625,5786.840814612719,5675.125740971547,5764.497799884484,6014700,5730.983618164062,131.58553097487396,5994.15468011381,5467.812556214314,0.5212241553258636,9.184149859219303,False,13.28076420484914,158.21089951509526,6398730.0,0.9399834029565242,14640735.867533645
2021-10-14,5719.8125,5831.527587890625,5675.12646484375,5764.49853515625,8468400,5724.280737304687,128.3714629050662,5981.02366311482,5467.537811494554,0.49129822702886955,8.970312169945105,False,13.092956951442158,158.08162976736526,6611320.0,1.2808939818372125,14640735.867533645
2021-10-15,5675.12646484375,5809.1845703125,5608.097412109375,5786.841552734375,8058900,5706.406323242188,106.14335024985994,5918.693023741907,5494.119622742468,0.4263263823762738,7.4402938898716755,False,12.216883118062105,161.15345322706239,6540340.0,1.232183647944908,14640735.867533645
2021-10-18,5675.12646484375,5764.49853515625,5630.4404296875,5675.12646484375,9070400,5705.2891845703125,106.3597181664799,5918.0086209032725,5492.5697482373525,0.4291021068724764,7.45692039268578,False,11.403385987066342,159.2180712443258,6720795.0,1.3496022419966685,14640735.867533645
2021-10-19,5742.15478515625,5742.15478515625,5652.782726243312,5719.811770428016,6136700,5701.9376953125,103.94218409231839,5909.822063497137,5494.053327127864,0.5967294707989546,7.291709565873929,False,10.647995793998847,154.2290703635124,6834300.0,0.89792663476874,14640735.867533645
2021-10-21,5809.1845703125,5853.87060546875,5697.469482421875,5764.49853515625,12349600,5699.70341796875,100.94140210491935,5901.586222178588,5497.820613758911,0.7711502665426488,7.08397575822586,False,11.051481296393899,154.3842169837526,7234660.0,1.7070048903473003,14640735.867533645
2021-10-22,5675.12646484375,5786.841552734375,5630.4404296875,5786.841552734375,7663200,5691.883374023438,96.13520741495945,5884.153788853357,5499.612959193519,0.45642358915564124,6.75595061231932,False,10.665576962340227,156.12421152955596,7518955.0,1.0191841818444185,14640735.867533645
2021-10-25,5563.4111328125,5697.469232398343,5563.4111328125,5675.126215800702,8563400,5675.126123046875,86.98849114649128,5849.103105339858,5501.149140753892,0.17893744114309426,6.131211131553769,True,10.177563813962578,154.5480606764336,7767095.0,1.1025228866133348,14640735.867533645
2021-10-26,5608.09716796875,5630.440184574203,5563.411134757844,5608.09716796875,5456500,5663.954614257813,79.90403489445632,5823.762684046726,5504.1465444689,0.3252358395829327,5.642985534757977,True,9.724408747611903,148.29670289681002,7804985.0,0.6991044825838871,14640735.867533645
2021-10-27,5697.46923828125,5697.46923828125,5608.097171798407,5652.783205039828,8036500,5662.837451171875,79.23536112929588,5821.308173430467,5504.366728913283,0.60926872363484,5.596866363374,True,9.455219489493675,144.0878005693593,8043490.0,0.9991309742412808,14640735.867533645
2021-10-28,5541.06787109375,5697.468980358493,5518.724855484501,5697.468980358493,9596900,5653.900219726563,82.48470318722329,5818.869626101009,5488.930813352116,0.15802038355915943,5.835596666487501,True,9.256817536571765,146.56327072845858,8350580.0,1.1492495132074658,14640735.867533645
2021-10-29,5541.06787109375,5585.753902312248,5496.381839875252,5585.753902312248,8898100,5643.845874023437,83.41124251065541,5810.668359044748,5477.023389002126,0.1919539865487623,5.911659841355129,True,9.27991287950079,142.47818442192553,8579600.0,1.0371229427945359,14640735.867533645
2021-11-01,5541.06787109375,5608.096917921497,5541.06787109375,5541.06787109375,5710400,5641.611596679688,85.61849796965882,5812.848592619005,5470.374600740371,0.20641938374821633,6.070499289249087,False,9.04768484174373,137.08896030805568,8492975.0,0.6723674566332764,14640735.867533645
2021-11-02,5474.0390625,5585.754145408163,5451.696045918367,5541.068112244898,9746700,5632.674389648438,93.36918592551466,5819.412761499467,5445.936017797409,0.0752471075548701,6.630540270327409,False,9.65433668073352,136.8724702496085,8602265.0,1.1330387985024875,14640735.867533645
2021-11-03,5518.72509765625,5541.068114245952,5429.353031297444,5474.039064476847,6542900,5633.791577148438,91.7725960757885,5817.336769300015,5450.246384996861,0.18654455574853063,6.515867320902166,False,10.405719042134953,135.07551401381556,8416180.0,0.7774192091899175,14640735.867533645
2021-11-04,5518.72509765625,5563.411130835653,5496.382081066548,5541.068114245952,2945400,5630.440161132812,94.79339545016714,5820.026952033147,5440.853370232478,0.20537223889376727,6.734350618236242,False,10.818082809166,130.21505228205052,8058390.0,0.3655072539303757,14640735.867533645
2021-11-05,5563.4111328125,5563.4111328125,5451.696049824297,5541.068116214859,5442400,5630.440161132812,94.79339545016714,5820.026952033147,5440.853370232478,0.3232233690912855,6.734350618236242,False,11.601030840658165,128.89362590391858,7633215.0,0.7129892188285015,14640735.867533645
2021-11-08,5518.72509765625,5585.754147425354,5496.382081066548,5563.411130835653,4727300,5624.85439453125,98.02958958112181,5820.913573693494,5428.795215369007,0.22934371823729863,6.971173488610185,False,12.025970976699584,126.07065736498193,7473475.0,0.6325437631088616,14640735.867533645
2021-11-09,5496.38134765625,5563.410388481326,5496.38134765625,5541.067374872967,3915100,5618.151440429688,102.12524208468264,5822.401924599053,5413.900956260322,0.2019099042319395,7.271092149617949,False,12.420565475771014,121.85339904070293,7439030.0,0.526291734271807,14640735.867533645
2021-11-10,5451.69580078125,5518.724847512167,5429.352785204278,5496.381831935195,9942500,5603.628491210938,104.19467249069773,5812.017836192334,5395.239146229542,0.1354595518229313,7.4376574145929215,False,13.421851906454615,119.53330355978764,7364300.0,1.3500943742107192,14640735.867533645
2021-11-11,5451.69580078125,5496.381831935195,5429.352785204278,5496.381831935195,3805300,5589.105541992188,104.11273064383568,5797.331003279859,5380.880080704516,0.17004577547531297,7.4511193150040675,False,14.351617877803672,115.78299950058259,7253830.0,0.5245918363126789,14640735.867533645
2021-11-12,5407.009765625,5474.038812306302,5384.666750064566,5429.352781185434,8012300,5573.465405273438,106.90183355418542,5787.269072381809,5359.661738165067,0.11072781889174503,7.672198589627081,False,15.619234018294293,113.89650398209355,7231025.0,1.1080448484136067,14640735.867533645
2021-11-15,5205.9228515625,5407.0100003353,5183.579835032188,5407.0100003353,17155700,5550.005224609375,131.96430828213693,5813.933841173648,5286.076608045101,-0.1518474152708669,9.510932184134996,False,18.113550938691493,121.72033693359484,7685865.0,2.232110504152753,14605738.21821636
2021-11-16,5384.66650390625,5407.009518445279,5205.922387594009,5228.265402133039,13367100,5535.4822265625,133.4442940958076,5802.370814754115,5268.593638370885,0.2174556550391536,9.642830643044121,False,20.42970236477461,127.38939364200024,7900700.0,1.6918880605515967,15106220.44477886
2021-11-17,5362.32373046875,5407.00976155599,5250.608652750651,5407.00976155599,8047900,5516.490673828125,129.4516674073557,5775.3940086428365,5257.587339013414,0.2022692977869377,9.386523067754863,False,22.58041030854416,129.4616590108101,7996260.0,1.0064580191239405,15043660.67915386
2021-11-18,5228.265625,5339.980702457265,5205.922609508547,5339.980702457265,10295500,5487.4447265625,125.43137573945698,5738.3074780414145,5236.581975083586,-0.0165754980254318,9.143153652722514,False,24.82513754328998,131.38590629290962,7893555.0,1.304291919166966,14668297.98384136
2021-11-19,5317.6376953125,5362.3237263655465,5250.608648732931,5272.951664259454,8037100,5469.570288085937,122.7208326025459,5715.0119532910285,5224.128622880846,0.19049143989778164,8.974806146644585,False,26.509426388699513,131.57677736952655,7912250.0,1.01577932952068,14918539.78071636
2021-11-22,5295.294921875,5362.3239715189875,5272.951905327004,5317.637938422996,5378300,5456.164477539062,126.51588964885111,5709.196256836764,5203.13269824136,0.18211590632891847,9.275078870489954,False,28.073404332260942,128.5621551425592,7752995.0,0.6937061097034114,14855980.01509136
2021-11-23,5272.9521484375,5339.981201171875,5272.9521484375,5295.295166015625,3511500,5439.4072265625,127.52424790004045,5694.455722362581,5184.358730762419,0.17367955336722407,9.377804792941076,False,29.525669565567984,124.16693354197461,7655745.0,0.4586751517977676,14793420.24946636
2021-11-24,5362.32373046875,5407.00976155599,5272.951668294271,5317.637699381511,6709300,5422.649951171875,113.02444545884472,5648.698842089564,5196.6010602541855,0.3665637764064693,8.337211251072493,False,29.602850114546623,124.87344495052776,7589385.0,0.8840373758875061,15043660.67915386
2021-11-25,5295.294921875,5384.666988066983,5295.294921875,5362.3239715189875,2954400,5410.361303710937,112.83249409598895,5636.026291902915,5184.69631551896,0.2450504334814048,8.341956313978335,False,29.674517767169643,122.33763218206029,7257260.0,0.4070957909734528,14855980.01509136
2021-11-26,5205.9228515625,5317.637934214055,5161.236818501878,5295.294917683745,7930400,5393.604052734375,117.20136237499091,5628.0067774843565,5159.201327984393,0.09966079453201937,8.69187735911565,False,30.81987216627863,124.77073814849726,7208875.0,1.1000884326611295,14605738.21821636
2021-11-29,5094.20751953125,5205.922596713953,5094.20751953125,5205.922596713953,6710900,5371.26103515625,129.55298147811683,5630.366998112483,5112.155072200017,-0.034633615652832635,9.64786336989842,False,32.29020917248904,123.83820914012246,7258900.0,0.924506467922137,14521763.172851076
2021-11-30,5429.35302734375,5429.35302734375,5116.550795315715,5116.550795315715,24799500,5369.0267333984375,128.06393135179266,5625.154596102023,5112.898870694852,0.6177659730349752,9.540941977819653,False,30.697137467884936,138.93158761672086,8011540.0,3.0954722812343194,14521763.172851076
2021-12-01,5295.294921875,5407.010004614979,5228.2658722310125,5407.010004614979,5737500,5357.855224609375,123.99867727410728,5605.852579157589,5109.857870061161,0.373869011932923,9.25733690634745,False,29.21785659932398,143.37127100929348,7971270.0,0.7197723825689005,14521763.172851076
2021-12-02,5451.69580078125,5451.69580078125,5250.608660588499,5295.294691742443,10348100,5354.503759765625,120.27163525668173,5595.047030278988,5113.960489252261,0.7020261070039493,8.984708249561207,False,27.375493570024055,147.49383309382614,8341405.0,1.2405703835265163,14521763.172851076
2021-12-03,5339.98095703125,5451.69603981433,5317.637940474634,5451.69603981433,5878100,5343.332250976562,109.76353239013429,5562.85931575683,5123.805186196294,0.4923670141796262,8.21685998433456,False,25.6647253607875,146.534137825674,8363190.0,0.7028538153503627,14521763.172851076
2021-12-06,5295.294921875,5407.010004614979,5228.2658722310125,5362.3239715189875,8313400,5332.1607421875,102.07363440203477,5536.308010991569,5128.01347338343,0.40970777976000833,7.657206099916588,False,24.914781303548192,148.8348517226949,8542495.0,0.9731817226700162,14521763.172851076
2021-12-07,5205.9228515625,5317.637934214055,5205.9228515625,5295.294917683745,4934800,5317.6378173828125,98.06303043720538,5513.763878257223,5121.511756508402,0.21519601902408764,7.3764354628776925,False,24.410454001746025,146.18343964618492,8593480.0,0.5742493145966477,14521763.172851076
2021-12-08,5183.57958984375,5295.294667211072,5183.57958984375,5228.265620790678,8302600,5304.232006835938,97.09370166621748,5498.419410168372,5110.044603503503,0.18934025863243178,7.321979999448431,False,24.1358097595168,143.7214137691233,8511485.0,0.97545845407705,14521763.172851076
2021-12-09,5295.294921875,5295.294921875,5183.579839135021,5183.579839135021,3733500,5296.411962890625,90.67808601352266,5477.76813491767,5115.055790863579,0.49692031155284294,6.848265327460163,False,23.88077947431326,141.43526507356094,8507895.0,0.4388277006239499,14521763.172851076
2021-12-10,5407.009765625,5407.009765625,5250.608656701963,5295.29468782283,6537300,5296.411962890625,90.67808601352266,5477.76813491767,5115.055790863579,0.8049187725408156,6.848265327460163,False,22.260537342487694,142.5042539199521,8434145.0,0.7750993135640898,14521763.172851076
2021-12-13,5272.9521484375,5407.01025390625,5272.9521484375,5407.01025390625,3709400,5299.763427734375,88.36682744812411,5476.4970826306235,5123.0297728381265,0.42414778239997764,6.669492225686055,False,20.75602132579355,141.90095760200913,7761830.0,0.47790276262170134,14521763.172851076
2021-12-14,5272.9521484375,5362.32421875,5272.9521484375,5317.63818359375,4151500,5294.177709960937,86.22233657508622,5466.622383111109,5121.733036810765,0.43845689421512885,6.514502632796755,False,19.358970738863274,138.14889422418707,7301050.0,0.5686168427828874,14521763.172851076
2021-12-15,5339.98095703125,5384.666990144482,5272.951907361401,5272.951907361401,3963200,5293.060571289063,85.43407200254053,5463.928715294144,5122.1924272839815,0.6372999806821563,6.456307903669746,False,18.169531223319108,136.26076483553666,7096815.0,0.5584476980166455,14521763.172851076
2021-12-16,5317.6376953125,5362.3237263655465,5250.608648732931,5339.980710839023,5262600,5297.5291748046875,84.19492237872616,5465.9190195621395,5129.1393300472355,0.5597082339994337,6.357297494776339,False,16.971008709325105,134.50750146389942,6845170.0,0.7688048653283994,14521763.172851076
2021-12-17,5250.60888671875,5317.637936336437,5205.9228536402925,5272.951903257979,7341500,5294.177734375,84.68499895458203,5463.547732284164,5124.807736465836,0.3713796770558602,6.398349523078835,False,16.41537479938195,132.8794715519169,6810390.0,1.0779852548826132,14521763.172851076
2021-12-20,5250.60888671875,5317.637936336437,5228.265870179522,5250.60888671875,3594800,5291.943432617188,85.24163370032194,5462.4267000178315,5121.460165216544,0.37877242579678067,6.443125085195006,False,15.899429025863306,129.7717997379882,6721215.0,0.5348437745258856,14521763.172851076
2021-12-21,5272.9521484375,5317.63818359375,5228.26611328125,5250.609130859375,2289200,5291.943432617188,85.24163370032194,5462.4267000178315,5121.460165216544,0.44430161836628446,6.443125085195006,False,15.42033256189716,126.88610477902476,6660100.0,0.3437185627843426,14521763.172851076
2021-12-22,5138.8935546875,5317.637678328804,5138.8935546875,5272.951647418478,4689100,5280.771923828125,90.03841660741291,5460.848757042951,5100.6950906133,0.10606157214190573,6.820095085049028,False,16.045842545534686,130.5902489834733,6559090.0,0.7149009999862785,14521763.172851076
2021-12-23,5228.265625,5228.265625,5138.893563034188,5138.893563034188,2289200,5277.420458984375,90.71434646898655,5458.849151922348,5095.991766046402,0.36453401281687053,6.875658073788901,False,16.626673244626673,127.64609336411804,6525830.0,0.3507906273991201,14521763.172851076
2021-12-24,5228.265625,5272.951655982906,5183.579594017094,5228.265625,1062000,5278.53759765625,89.92162971204905,5458.3808570803485,5098.6943382321515,0.36023392587180364,6.814131986251329,False,16.39136310340768,124.91223397852478,6182410.0,0.17177767246106293,14521763.172851076
2021-12-27,5272.9521484375,5317.63818359375,5228.26611328125,5228.26611328125,3546100,5287.474829101562,78.83634872803995,5445.147526557642,5129.802131645482,0.4539467488716381,5.964007491374524,False,15.476926067066003,122.37368573675516,6024170.0,0.5886454067531295,14521763.172851076
2021-12-28,5362.32373046875,5384.66674601237,5295.294683837891,5317.637699381511,3773600,5284.123364257813,73.74797635120511,5431.619316960223,5136.627411555402,0.765093261130749,5.582608222210836,False,15.017298488245746,121.6123222966205,4972875.0,0.7588366890380314,14521763.172851076
2021-12-29,5339.98095703125,5429.353023257714,5317.637940474634,5407.010006701098,2213600,5286.357666015625,74.77402489677625,5435.905715809177,5136.809616222073,0.6792844877938922,5.657886175767143,False,15.113499289106048,120.90537661708191,4796680.0,0.4614858610538956,14521763.172851076
2021-12-30,5317.6376953125,5362.3237263655465,5272.951664259454,5339.980710839023,2557000,5279.654760742187,64.47157832758667,5408.59791739736,5150.711604087014,0.6472855774420389,4.8845298603216545,True,14.539761557079464,118.65299700915406,4407125.0,0.5801968403437615,14521763.172851076
2022-01-03,5317.6376953125,5407.009757418593,5317.6376953125,5317.6376953125,2671900,5278.53759765625,63.55834291238865,5405.654283481027,5151.420911831473,0.6537960866528065,4.8163599661095065,True,14.53209079460952,116.56150165893543,4246815.0,0.6291538482368552,14521763.172851076
2022-01-04,5362.32373046875,5429.35277709961,5339.98071492513,5339.98071492513,3986200,5281.8890380859375,66.20075575941412,5414.290549604766,5149.487526567109,0.8037529234376378,5.013415108273782,False,14.774699271296006,116.21532881094788,4030455.0,0.989019850116178,14521763.172851076
2022-01-05,5384.66650390625,5451.69554752334,5339.9804748281895,5362.32348936722,3209900,5290.826220703125,67.458814929481,5425.743850562087,5155.908590844163,0.8477687953057822,5.100059016530388,False,15.247056452752442,115.89388194553378,3944210.0,0.8138258358454544,14521763.172851076
2022-01-06,5451.69580078125,5451.69580078125,5317.637707319416,5384.666754050333,6556800,5304.23203125,71.54167330178376,5447.315377853567,5161.148684646432,1.0153072423579088,5.395063630723119,False,15.309209983947529,117.19132562526949,3856920.0,1.7000093338726237,14521763.172851076
2022-01-07,5496.38134765625,5541.067374872967,5429.352306831173,5451.695320439532,9288200,5314.286352539062,83.37161882903409,5481.02959019713,5147.543114880994,1.0460341231066914,6.275282383998805,False,16.310995612168792,116.80016436930691,4134655.0,2.2464268481892686,14521763.172851076
2022-01-10,5429.35302734375,5541.068110210906,5429.35302734375,5518.725093637475,3864700,5315.403515625,84.81666201326998,5485.0368396515405,5145.77019159846,0.8358700667238048,6.382707296930189,False,17.241232171229036,116.4369442620104,4001025.0,0.9659274810829724,14521763.172851076
2022-01-11,5429.35302734375,5518.725093637475,5407.010010770319,5429.35302734375,4485500,5323.223559570312,87.85237852728183,5498.928316624876,5147.518802515749,0.8020107979787935,6.601441967947201,False,17.701418585815897,116.0996684480922,4039830.0,1.1103189985717221,14521763.172851076
2022-01-12,5496.38134765625,5496.38134765625,5429.352306831173,5474.038334047891,5019100,5334.39501953125,95.0354898499757,5524.465999231202,5144.324039831298,0.9261206218348363,7.126243144875081,False,18.128734542217984,112.5946236178768,4083210.0,1.2292044739310493,14521763.172851076
2022-01-13,5496.38134765625,5518.724361264609,5429.352306831173,5496.38134765625,4794000,5342.2150390625,101.71902890386406,5545.653096870228,5138.776981254772,0.8789023308988095,7.616243686193101,False,18.78841090409036,110.93586867613101,4124750.0,1.1622522577125887,14521763.172851076
2022-01-14,5518.72509765625,5541.068114245952,5429.353031297444,5496.382081066548,5102900,5352.2694091796875,108.85006679195672,5569.969542763601,5134.569275595774,0.8823049755098145,8.134872030564651,False,19.65712449427891,110.99152683844359,4116765.0,1.2395412417274243,14521763.172851076
2022-01-17,5496.38134765625,5518.724361264609,5429.352306831173,5518.724361264609,2334800,5364.558032226562,110.62777504775953,5585.813582322081,5143.302482131044,0.7978983247488662,8.248789509456994,False,20.463770988421647,109.44733140891739,3866430.0,0.6038645468817488,14521763.172851076
2022-01-18,5541.06787109375,5541.06787109375,5474.038824266003,5496.381839875252,7963600,5379.080981445312,113.89851946801068,5606.878020381334,5151.283942509291,0.8555509114715333,8.469738221892861,False,21.479916154566048,106.4174539388338,4084870.0,1.94953572573913,14521763.172851076
2022-01-19,5719.8125,5742.155517578125,5496.38232421875,5541.068359375,13145600,5401.423999023437,134.03358020997092,5669.491159443379,5133.356838603496,1.0938595769765125,9.925795881545582,False,24.029286561136953,116.37143532601532,4627690.0,2.8406397144147513,14521763.172851076
2022-01-20,5719.8125,5719.8125,5608.097412109375,5719.8125,6124900,5430.469946289062,137.05755113779304,5704.585048564648,5156.354844013476,1.0277756521055212,10.095446802459652,False,26.396559081524224,116.0388390806303,4699480.0,1.3033144092537898,14521763.172851076
2022-01-21,5831.52734375,5831.52734375,5630.440193965517,5719.812260536399,13641800,5460.633032226562,155.37304643283926,5771.37912509224,5149.886939360884,1.0967803297268792,11.381321214290505,False,29.150067689539775,122.11371841661976,5267110.0,2.5899971711242027,14521763.172851076
2022-01-24,5831.52734375,5831.52734375,5742.1552771791185,5831.52734375,3945100,5490.796118164062,166.07649330043196,5822.949104764926,5158.643131563198,1.0129130842279344,12.09853651284087,False,31.7068971112685,119.77502899906703,5411265.0,0.7290531881177507,14521763.172851076
2022-01-25,5809.1845703125,5831.527587890625,5630.4404296875,5831.527587890625,6924200,5517.607739257813,172.22760059296084,5862.062940443734,5173.152538071891,0.9232434726646895,12.48567196015478,False,32.032069902799535,125.58303822792833,5580170.0,1.2408582534223869,14521763.172851076
2022-01-26,5809.1845703125,5809.1845703125,5719.8125,5809.1845703125,2805700,5539.95078125,179.83973511920425,5899.630251488408,5180.271311011591,0.8742690525039453,12.984933781568825,False,32.33401606636407,122.99654051968345,5531775.0,0.5071970570024992,14521763.172851076
2022-01-27,5742.15478515625,5786.840814612719,5719.811770428016,5786.840814612719,2639600,5560.05947265625,178.7847302180056,5917.628933092262,5202.490012220239,0.7546292855630862,12.86207322761557,False,32.61438182649976,120.59484476002636,5553075.0,0.4753402394168996,14521763.172851076
2022-01-28,5786.8408203125,5786.8408203125,5719.811776061776,5742.154790812017,2348500,5583.51962890625,176.06360966426104,5935.646848234772,5231.392409577727,0.7887041674795365,12.613091481062815,False,32.874721511368904,116.76871615221904,5542650.0,0.4237142882917016,14521763.172851076
2022-01-31,5630.4404296875,5786.841552734375,5585.75439453125,5786.841552734375,2353700,5599.159765625,164.7303346165866,5928.620434858173,5269.699096391826,0.5474725316003679,11.768218197874477,False,30.983221602433698,122.79146201299805,5526740.0,0.42587492807694954,14521763.172851076
2022-02-02,5474.0390625,5585.754145408163,5429.353029336735,5541.068112244898,5802700,5604.745532226562,158.03488068451017,5920.815293595582,5288.675770857542,0.2932316126028282,11.278648051072423,False,29.95434958931586,128.38402903712426,5617565.0,1.0329564499921229,14521763.172851076
2022-02-03,5339.98095703125,5474.039056370946,5317.637940474634,5474.039056370946,6459000,5602.511254882813,161.58607098863584,5925.683396860085,5279.339112905541,0.09382282110500417,11.536688719567127,False,29.84769266627843,130.38524996485583,5780020.0,1.1174701817640769,14521763.172851076
2022-02-04,5339.98095703125,5429.353023257714,5317.637940474634,5362.323973587866,3724200,5596.925512695312,168.84186843437553,5934.609249564063,5259.241775826561,0.11954851890908533,12.066758298026114,False,29.748654094886533,129.051666594729,5638390.0,0.6605076981194986,14521763.172851076
2022-02-07,5429.35302734375,5429.35302734375,5339.980961050026,5362.323977623457,5111200,5593.5740966796875,171.5855967346771,5936.7452901490415,5250.4029032103335,0.2607301072160026,12.270193888128105,False,29.656689651725536,126.21740971742693,5429540.0,0.9413688820784081,14521763.172851076
2022-02-08,5272.9521484375,5474.039306640625,5272.9521484375,5451.6962890625,6946000,5585.754052734375,182.66989719216866,5951.093847118713,5220.414258350038,0.07190277502618865,13.081127129308312,False,30.064117989888118,131.5652488949768,5583605.0,1.2439991725775732,14521763.172851076
2022-02-09,5250.60888671875,5339.980952875665,5228.265870179522,5295.2949197972075,9900500,5576.816845703125,194.7009939197947,5966.2188335427145,5187.414857863536,0.08114240659866168,13.965026954027337,False,30.741441777795355,130.14737988077442,5854355.0,1.6911342069280049,14521763.172851076
2022-02-10,5228.265625,5317.637686965812,5228.265625,5250.608640491453,5168400,5563.411059570312,209.21970895694858,5981.8504774842095,5144.971641656415,0.09952932225988848,15.042549020140717,False,31.3703869474255,127.2348571725628,5861820.0,0.8817056818530763,14521763.172851076
2022-02-11,5228.265625,5272.951655982906,5161.236578525641,5228.265625,8102400,5550.0052734375,221.94357079196112,5993.8924150214225,5106.118131853578,0.1375884562803092,15.995917831227294,False,32.39161522632507,126.126301478613,6027240.0,1.3442968921098215,14521763.172851076
2022-02-14,5183.57958984375,5228.265620790678,5138.893558896821,5228.265620790678,6525600,5533.247998046875,236.59795237932872,6006.443902805533,5060.052093288217,0.1305246889430868,17.103730211466626,False,33.47600715592386,123.5009989517963,6098375.0,1.0700555475843976,14521763.172851076
2022-02-15,5228.265625,5250.608640491453,5183.579594017094,5183.579594017094,6722400,5519.842211914062,246.19782655986566,6012.237865033793,5027.446558794331,0.2039204295705241,17.84093219392906,False,34.09930826356012,119.4672883586468,6317755.0,1.0640488591279655,14521763.172851076
2022-02-16,5183.57958984375,5272.951651737608,5183.57958984375,5272.951651737608,5431700,5501.967797851563,257.3024183294685,6016.5726345104995,4987.362961192626,0.1906478667447599,18.70621041656704,False,34.29499476599534,117.31762932544758,6191160.0,0.8773315501456916,14521763.172851076
2022-02-17,5161.2373046875,5228.266360592533,5161.2373046875,5183.580323322511,3536000,5474.039038085937,262.6711770057786,5999.381392097494,4948.69668407438,0.20228772627044303,19.1939571623972,False,34.65279078048004,113.72558836684652,5710680.0,0.619190709337592,14521763.172851076
2022-02-18,5205.9228515625,5228.265868092811,5138.893801971566,5161.236818501878,5351500,5448.344555664063,262.4985577623038,5973.34167118867,4923.347440139455,0.2691209180651204,19.271803027905936,False,35.15991914875321,111.98605106358926,5672010.0,0.9434926948295225,14521763.172851076
2022-02-21,5138.8935546875,5228.265616508152,5138.8935546875,5183.579585597826,7204900,5413.712866210937,254.86303425369735,5923.438934718331,4903.986797703543,0.23042450788501267,18.83092366012947,False,35.63082606251787,110.37076611766514,5350165.0,1.346668747599373,14521763.172851076
2022-02-22,5362.32373046875,5362.32373046875,5138.893575032553,5161.236590576173,12436300,5390.252685546875,235.21686101914554,5860.686407585166,4919.818963508584,0.47031573867928234,17.454978439125355,False,33.84888627483864,118.44643823649264,5774725.0,2.153574412634368,14521763.172851076
2022-02-23,5362.32373046875,5362.32373046875,5250.608652750651,5317.637699381511,9878700,5367.909643554687,213.55442230020117,5795.0184881550895,4940.800798954285,0.49346078504747043,15.913414083384842,False,32.194227900565075,117.96562677089308,5922450.0,1.6680090165387635,14521763.172851076
2022-02-24,5205.9228515625,5362.323967274678,5138.893801971566,5362.323967274678,10848900,5337.746557617187,189.15661279602247,5716.059783209232,4959.433332025143,0.3257743886056475,14.175016423444674,False,31.772938475011202,125.49880809462297,6324610.0,1.7153468751432894,14521763.172851076
2022-02-25,5183.57958984375,5339.980698158001,5183.57958984375,5205.922605317214,13852700,5309.817797851562,166.13966637727117,5642.097130606105,4977.53846509702,0.3100420405907917,12.51565855570366,False,31.381741151282604,127.70611525316787,6885265.0,2.011934181182569,14521763.172851076
2022-03-01,5116.55078125,5228.265863810044,5049.521731713974,5183.579830786026,15520700,5276.303295898438,128.0999044865994,5532.503104871636,5020.103486925239,0.18822671006528832,9.711337449928514,True,32.04860754287201,131.3516878848037,7543875.0,2.057390929727759,14521763.172851076
2022-03-02,5094.20751953125,5272.951643023574,5094.20751953125,5116.550534967791,14308300,5249.491650390625,103.91053859874404,5457.312727588113,5041.670573193137,0.1263994659410513,7.917760081855691,True,32.00816895908648,134.73686185676948,8141605.0,1.7574298925089096,14521763.172851076
2022-03-04,5094.20751953125,5183.579581277412,5071.864504094709,5094.20751953125,6784300,5230.500073242188,95.04254492366466,5420.585163089517,5040.414983394859,0.141495937897065,7.268333321310999,True,32.13767193995369,133.09244866576472,8190685.0,0.8282945809782698,14521763.172851076
2022-03-07,4915.4638671875,5161.237060546875,4915.4638671875,5138.89404296875,11261900,5209.27421875,114.68024902158271,5438.634716793165,4979.913720706834,-0.14049902679232248,8.805852347630957,True,33.2253323803537,141.14107328673688,8430830.0,1.335799678086262,14521763.172851076
2022-03-08,4826.09130859375,4982.492415816696,4781.405277958623,4915.463369864005,11806800,5183.579736328125,138.8714652707611,5461.322666869648,4905.836805786603,-0.14355990454441256,10.716259599327255,True,34.83269163774363,145.42293504183235,8834960.0,1.3363727736175377,14521763.172851076
2022-03-09,4937.80615234375,5027.178209399745,4848.434095287755,4848.434095287755,10170700,5159.002392578125,136.5630028024989,5432.128398183123,4885.876386973127,0.09506558201148525,10.588326378678325,True,35.72500887598282,149.39893259641542,9087935.0,1.1191431276742185,14521763.172851076
2022-03-10,5116.55078125,5116.55078125,4982.492682177948,5027.178715201965,7063500,5151.18232421875,134.1511606194387,5419.484645457627,4882.880002979873,0.4354617157077878,10.417116085269567,True,35.457880301760476,151.49505376140363,9093810.0,0.776737143177612,14521763.172851076
2022-03-11,5161.2373046875,5161.2373046875,5049.522211512446,5116.551267417478,4679500,5146.7137451171875,132.13833288466407,5410.990410886516,4882.437079347859,0.527477945372198,10.269724677035088,True,34.709326289189654,148.6536280052358,8832760.0,0.529789103292742,14521763.172851076
2022-03-14,5228.265625,5228.265625,5138.893563034188,5183.579594017094,7497300,5146.7137451171875,132.13833288466407,5410.990410886516,4882.437079347859,0.6542926229325037,10.269724677035088,False,33.309139673755396,144.4192304309912,8949205.0,0.8377615665302114,14521763.172851076
2022-03-15,5071.86474609375,5250.6088781146755,5027.178713088519,5250.6088781146755,10866000,5138.893701171875,131.68519941002108,5402.264099991918,4875.523302351833,0.37274774352313333,10.25008159869052,False,32.76188733123297,150.0628686163602,9087385.0,1.19572352222339,14521763.172851076
2022-03-16,5183.57958984375,5205.922605317214,5071.864512476428,5094.207527949892,6318300,5138.893701171875,131.68519941002108,5402.264099991918,4875.523302351833,0.5848346831536066,10.25008159869052,False,32.253724441747856,148.91967034667636,9077020.0,0.6960764656241806,14521763.172851076
2022-03-17,5161.2373046875,5228.266360592533,5071.865230147457,5205.923341957521,8350200,5135.54228515625,130.13476803776396,5395.811821231778,4875.272749080722,0.5493623262996744,10.136009855388004,False,31.530604782637912,149.4540603537049,9158410.0,0.911752149117587,14521763.172851076
2022-03-18,5250.60888671875,5250.60888671875,5094.207770944149,5161.236820561835,13414100,5138.89375,132.282431704237,5403.458613408474,4874.3288865915265,0.7111299574695747,10.2965687277918,False,30.603841132025966,149.9502785980546,9557530.0,1.4035111582176567,14521763.172851076
2022-03-21,5138.8935546875,5250.608631963315,5094.207523777174,5250.608631963315,5543200,5137.7765625,132.17810878943803,5402.132780078876,4873.4203449211245,0.5021126648688838,10.290685644384741,False,29.743276913284863,150.41107033687757,9657890.0,0.5739555948556051,14521763.172851076
2022-03-22,5161.2373046875,5161.2373046875,5094.208248782467,5138.894286052489,5083300,5135.54228515625,131.3405870299208,5398.223459216091,4872.861111096408,0.5489091378992326,10.229929361855085,False,28.94418156731098,144.45521216317437,9644480.0,0.5270683333886327,14521763.172851076
2022-03-23,5071.86474609375,5183.579828606828,5049.521729591134,5161.236812104213,7231900,5132.190844726562,132.10354812965338,5396.397940985869,4867.983748467255,0.3858355822252309,10.29607449344116,False,28.598475178156253,143.71256122406865,9645830.0,0.7497436716176835,14521763.172851076
2022-03-24,5138.8935546875,5138.8935546875,5049.521492866847,5049.521492866847,5895500,5121.0193359375,120.56082330175397,5362.140982541007,4879.897689333992,0.5370647326811598,9.416939510905621,False,28.277464209415054,139.8310969809675,9318790.0,0.6326465131202657,14521763.172851076
2022-03-25,5027.17822265625,5138.893294270833,4960.1491796875,5138.893294270833,14282600,5104.262060546875,107.8804280430202,5320.022916632915,4888.501204460834,0.3213674174061368,8.454144929342599,False,28.719115094653816,142.61061683946983,9538985.0,1.4972871851669753,14521763.172851076
2022-03-28,5094.20751953125,5116.550534967791,4982.492442348547,5049.521488658169,8442800,5098.676293945313,105.19848656474105,5309.073267074795,4888.279320815831,0.48938013615977094,8.25300376018492,False,29.129219488089806,141.9997222523108,9418680.0,0.8963888782716899,14521763.172851076
2022-03-29,5049.52197265625,5138.89404296875,5027.178955078125,5116.551025390625,5611900,5091.973413085938,103.7650979110732,5299.503608908084,4884.443217263792,0.3977222561239502,8.151267847896113,False,29.1445041037348,139.83653408361894,9006640.0,0.6230847463649041,14521763.172851076
2022-03-30,5071.86474609375,5071.86474609375,5004.835696585903,5049.521729591134,8084800,5089.739111328125,103.68910634575093,5297.117324019627,4882.360898636623,0.4569039461706502,8.148873966052397,False,29.357403909211442,134.63599947106383,8634845.0,0.9362993776958359,14521763.172851076
2022-03-31,5049.52197265625,5138.89404296875,5004.8359375,5094.2080078125,11279600,5087.504833984375,104.06849879486893,5295.641831574113,4879.367836394637,0.4087551426032535,8.182282056987507,False,28.49010548215069,134.59472132804143,8483410.0,1.329606844417516,14521763.172851076
2022-04-01,5071.86474609375,5071.86474609375,5004.835696585903,5049.521729591134,5733400,5086.3876953125,104.11267245946297,5294.613040231426,4878.162350393574,0.46512684557106954,8.18755302946417,False,27.684759525551282,129.76860191231327,8430865.0,0.6800488443356643,14521763.172851076
2022-04-04,5116.55078125,5116.55078125,5027.178715201965,5071.864748225983,7538500,5096.442041015625,96.1420500992342,5288.726141214093,4904.157940817157,0.55228913938703,7.545817205453761,False,26.265058204193718,126.88313506486483,8244695.0,0.914345527639288,14521763.172851076
2022-04-05,5049.52197265625,5138.89404296875,5049.52197265625,5116.551025390625,7252200,5107.61357421875,73.35511798598817,5254.323810190726,4960.903338246773,0.30201926205886537,5.744766468337105,True,24.62779427748234,124.20377329683878,8016965.0,0.9046066684836469,14521763.172851076
2022-04-06,4982.4921875,5094.20725896861,4937.806158912556,5027.1782160874445,12677700,5109.847875976562,68.42570006707497,5246.699276110712,4972.996475842412,0.03469351299394679,5.356378642015672,True,24.36651892086443,126.50358235106845,8142315.0,1.5570141906816428,14521763.172851076
2022-04-07,4960.14990234375,5027.178955078125,4937.806884765625,4982.492919921875,6261300,5102.02783203125,76.12349550436117,5254.274823039972,4949.780841022528,0.03405341955371717,5.9680972358831115,True,24.123906089719227,123.8513314911707,8102205.0,0.77278962948975,14521763.172851076
2022-04-08,4915.4638671875,4982.492919921875,4915.4638671875,4960.14990234375,8454600,5089.73916015625,85.34174858680144,5260.422657329853,4919.055662982648,-0.010521801622961308,6.706964416163232,False,24.1277119745418,119.79259729425672,8290960.0,1.0197371595086697,14521763.172851076
2022-04-11,4826.09130859375,4960.149400499132,4714.376232005932,4937.806385181569,16411800,5069.630444335938,97.49884374962718,5264.628131835192,4874.632756836683,-0.12446672795316831,7.692777201033116,False,25.66016056351711,128.79120952275264,8736685.0,1.8784928150665843,14521763.172851076
2022-04-12,4759.0625,4848.4345657277,4647.347417840376,4826.091549295775,11699600,5053.99033203125,119.6859178728806,5293.362167777011,4814.618496285489,-0.11604539045373563,9.47258779775129,False,27.440805109244682,133.95520512022202,8778365.0,1.3327766617132006,14521763.172851076
2022-04-13,4669.6904296875,4759.062495327453,4625.0043968675245,4759.062495327453,11179500,5028.295874023437,143.24410441787663,5314.784082859191,4741.807665187684,-0.12586422979371048,11.395041819864803,False,29.207109687882806,133.96255497824012,9021425.0,1.2392166426035798,14521763.172851076
2022-04-14,4459.66650390625,4669.690878338709,4459.66650390625,4669.690878338709,19434100,4993.217333984375,187.91297715845374,5369.043288301283,4617.391379667467,-0.20983765749746294,15.0534586892101,False,31.541028455874624,139.3955420821129,9575620.0,2.029539601613264,14521763.172851076
2022-04-18,4468.60302734375,4557.975087890625,4450.728615234375,4459.6658212890625,9857100,4954.117041015625,211.4246853354482,5376.966411686521,4531.267670344729,-0.07409806818626039,17.070624984031834,False,33.740050358675525,137.09917998026557,9397770.0,1.0488764887840414,14521763.172851076
2022-04-19,4602.66162109375,4625.004638671875,4490.946533203125,4513.28955078125,10653000,4927.305444335938,220.56254294681023,5368.430530229558,4486.180358442318,0.1320274751723396,17.905327399611668,False,34.78222524060086,138.47792507654125,9653260.0,1.1035650132701285,14521763.172851076
2022-04-20,4490.9462890625,4647.347403606965,4490.9462890625,4602.661370879975,10036700,4893.7908935546875,233.68102038711686,5361.152934328921,4426.428852780454,0.06902297432539278,19.100204767219118,False,35.431863688199094,139.75815289567865,9900930.0,1.0137128532370192,14521763.172851076
2022-04-21,4468.60302734375,4557.975087890625,4459.6658212890625,4513.289057617188,10079600,4863.6278076171875,247.9821466455273,5359.592100908242,4367.663514326133,0.10176086704530282,20.394829247184518,False,36.20870370709086,136.79751816038467,10043315.0,1.00361285093617,14521763.172851076
2022-04-22,4468.60302734375,4535.632072753906,4370.293760742187,4468.60302734375,11702100,4830.11328125,254.04274733648367,5338.198775922967,4322.027786577033,0.14424269370360707,21.03824341533778,False,37.38099811712358,138.83614629262283,10333645.0,1.132427134858997,14521763.172851076
2022-04-25,4397.10595703125,4490.946632943503,4388.168749801512,4468.603614869156,7203000,4798.60966796875,267.05290533517797,5332.715478639106,4264.503857298394,0.12413467245977647,22.260856690869073,False,38.46955721215396,136.2605560675777,9979665.0,0.7217677146477361,14521763.172851076
2022-04-26,4490.9462890625,4513.289305425995,4388.168413790423,4397.105620335821,11296800,4768.446606445313,265.9748988921927,5300.396404229698,4236.496808660927,0.23916681749046234,22.311240606757394,False,39.12097145905968,135.46486575100585,10122365.0,1.1160237750762791,14521763.172851076
2022-04-27,4513.28955078125,4535.632568359375,4450.7291015625,4513.28955078125,11853100,4741.634985351562,263.16242643185865,5267.95983821528,4215.310132487844,0.2830755726925192,22.20014212353776,False,39.36440266855234,131.85333725428225,10434425.0,1.1359610136639058,14521763.172851076
2022-04-28,4602.66162109375,4692.03369140625,4513.28955078125,4557.9755859375,18224900,4718.174829101563,252.88744256064007,5223.949714222843,4212.399943980283,0.38580570980692935,21.43942958627457,False,37.49952753507735,135.20268035219067,10941430.0,1.6656780695027982,14521763.172851076
2022-05-09,4406.04248046875,4625.004023615777,4388.168068783279,4602.661009008938,14033700,4686.0008544921875,249.4226485063201,5184.8461515048275,4187.1555574795475,0.21939359186106172,21.290875204789046,False,36.699379517775014,142.46219995792697,11079135.0,1.266678310174937,14521763.172851076
2022-05-10,4535.63232421875,4602.661373345135,4289.859144088669,4388.168416140702,14890000,4659.189233398438,234.112432021277,5127.414097440992,4190.964369355884,0.36805815040136514,20.09898463390071,False,36.55050871212564,154.62934490782257,11536965.0,1.2906340619044956,14521763.172851076
2022-05-11,4535.63232421875,4625.004389720597,4535.63232421875,4535.63232421875,9794500,4630.143310546875,209.08036699321048,5048.304044533296,4211.982576560454,0.3869920360202998,18.06253957772342,False,36.15381433230065,149.96811066453859,11649765.0,0.8407465729995411,14521763.172851076
2022-05-12,4325.6083984375,4580.318810328965,4325.6083984375,4535.632773155024,10400900,4593.9476318359375,194.83297903753777,4983.613589911013,4204.281673760862,0.15568042596790369,16.964318677674978,False,36.83972821396341,157.44970360931904,11807200.0,0.8808947083135714,14521763.172851076
2022-05-13,4513.28955078125,4602.66162109375,4334.54541015625,4334.54541015625,13971700,4570.4875,172.5610804568438,4915.609660913688,4225.365339086313,0.417133763495044,15.102203470141307,False,37.227618409364695,165.99281211267126,11871900.0,1.1768714359116905,14521763.172851076
2022-05-17,4406.04248046875,4580.3179944020985,4397.105274626014,4557.974979795259,9331900,4542.78212890625,149.67030929059533,4842.122747487441,4243.441510325059,0.27159857374916846,13.178735413105189,False,37.58780216223732,167.2228055172008,12025430.0,0.7760138306904618,14521763.172851076
2022-05-18,4423.9169921875,4450.728610321969,4397.105374053031,4423.9169921875,5724200,4518.20478515625,123.28383048935208,4764.772446134954,4271.637124177546,0.3087993522863209,10.914408385771178,True,37.92225850419047,159.1085505708964,11888910.0,0.4814739114014657,14521763.172851076
2022-05-19,4441.7919921875,4441.7919921875,4361.357127137827,4414.980370504275,5683700,4498.989819335938,100.63996792311636,4700.26975518217,4297.709883489705,0.35791473226587806,8.947783566042476,True,38.420936938512966,153.48900160509476,11352505.0,0.5006560226135113,14521763.172851076
2022-05-20,4602.66162109375,4602.66162109375,4423.91748046875,4441.791894531249,7884500,4491.169775390625,84.08224082895106,4659.3342570485265,4323.005293732723,0.8314964153070503,7.488671774527855,True,37.01005509936126,155.29294010651654,11161750.0,0.7063856474119202,14521763.172851076
2022-05-23,4432.8544921875,4625.004434893208,4397.1056656376,4602.661418299521,9550900,4479.327978515625,73.64678376278087,4626.621546041187,4332.0344109900625,0.3422419691883036,6.576592213476308,True,35.88279529885103,160.47907076002303,11080320.0,0.8619696904060532,14521763.172851076
2022-05-24,4459.66650390625,4513.289748442197,4406.0432593703035,4513.289748442197,7846100,4479.327978515625,73.64678376278087,4626.621546041187,4332.0344109900625,0.4332575246167404,6.576592213476308,True,34.836054055520094,156.67674349658526,10500920.0,0.7471821516590927,14521763.172851076
2022-05-25,4361.35693359375,4468.603415567367,4343.482519931481,4459.666208736232,10238700,4473.965673828125,78.23049043641585,4630.4266547009565,4317.504692955293,0.1401379449170762,6.9942861559309595,True,34.305691382851705,154.42275436367817,10520000.0,0.9732604562737642,14521763.172851076
2022-05-27,4397.10595703125,4423.917578720465,4370.294335342035,4370.294335342035,11725900,4463.687890625,73.81067378118168,4611.309238187364,4316.066543062637,0.27448406110226564,6.614322111203603,True,33.813211758231056,147.8611751324665,10573645.0,1.1089742468183867,14521763.172851076
2022-05-30,4557.97509765625,4557.97509765625,4414.979800474877,4414.979800474877,15657500,4467.039331054688,76.58318826846872,4620.2057075916255,4313.87295451775,0.7968529015884634,6.8576238168368375,True,31.870492808511298,148.79031552479034,10854685.0,1.4424647053323059,14521763.172851076
2022-05-31,4826.09130859375,4826.09130859375,4535.632109465422,4625.004170735677,36522300,4484.913745117187,110.96720559862639,4706.8481563144405,4262.979333919934,1.2686450281324948,9.896931080954568,True,31.102338699010307,158.90952149647157,12176820.0,2.9993298743021577,14521763.172851076
2022-06-02,4826.09130859375,4848.434323911314,4669.690201370805,4826.09130859375,12516900,4502.788159179688,134.498462208575,4771.7850835968375,4233.791234762538,1.100942092766638,11.948015980665424,False,30.517580033034324,160.32627871390284,12217560.0,1.0245008004871676,14521763.172851076
2022-06-03,4810.58837890625,4878.985370075533,4742.191387736967,4833.387375962678,11293500,4523.4622802734375,148.45356391562473,4820.369408104687,4226.555152442188,0.9835284702157839,13.127428037856959,False,30.153524702882894,158.64540040137877,12422085.0,0.9091468944223131,14521763.172851076
2022-06-06,4878.98486328125,4901.78385796948,4764.989889840099,4810.5878792165595,9434600,4542.864208984375,168.0446483176412,4878.953505619657,4206.774912349093,1.000046650788803,14.796361113792567,False,29.95105924931932,157.0845838105218,12328975.0,0.7652379861261783,14521763.172851076
2022-06-07,4742.19140625,4878.985389122596,4742.19140625,4878.985389122596,13813200,4554.309301757812,173.62663222314637,4901.562566204105,4207.0560373115195,0.7705260450060454,15.249437024940946,False,29.520433174989382,155.6352551720985,12426980.0,1.1115492259583584,14521763.172851076
2022-06-08,4696.59326171875,4764.990250967081,4650.995268886529,4742.191254550971,14442800,4559.005883789063,176.25393788021333,4911.51375954949,4206.498008028636,0.6951550410510472,15.464243071669475,False,28.208143548642127,152.66094995127378,12237875.0,1.180172211270339,14521763.172851076
2022-06-09,4514.201171875,4742.191130050505,4514.201171875,4719.392134232954,14796800,4564.413818359375,172.94177694962679,4910.2973722586285,4218.5302644601215,0.42741394333683674,15.155661500629547,False,26.530238698587915,158.04159339586172,12276030.0,1.205340814579306,14521763.172851076
2022-06-10,4582.59814453125,4605.397140275187,4495.961960704291,4505.081559001866,6585200,4566.762109375,172.84923640269076,4912.460582180382,4221.063636569619,0.5229044042742487,15.139762681997595,False,25.108880671710654,154.56970669407843,11860790.0,0.5552075367661008,14521763.172851076
2022-06-13,4582.59814453125,4582.59814453125,4477.722764109142,4559.799148787313,6267900,4569.110400390625,172.72304253777082,4914.556485466166,4223.6643153150835,0.5195222130505195,15.1209340464178,False,23.93024877907604,151.02011196036625,11684460.0,0.5364304383771266,14521763.172851076
2022-06-14,4628.1962890625,4628.1962890625,4523.320905172414,4559.799299568966,4979100,4584.239794921875,163.26466803675933,4910.769130995393,4257.710458848356,0.5673086447135156,14.245735418780962,False,22.417447799564883,147.7240599553462,11413370.0,0.4362515190517787,14521763.172851076
2022-06-15,4582.59814453125,4650.995131763059,4532.44035389459,4628.1961360191235,5235600,4587.705224609375,162.41277149805717,4912.53076760549,4262.879681613261,0.49213873387077434,14.160698087300155,False,20.82680391989453,145.64053980628358,10976565.0,0.4769798201896495,14521763.172851076
2022-06-16,4696.59326171875,4719.392258134861,4605.397276054308,4650.995268886529,9597600,4602.232763671875,158.24939058010312,4918.7315448320805,4285.733982511669,0.6490692913586795,13.754140540587892,False,19.945682695432158,145.00865222037837,10989850.0,0.8733149224056743,14521763.172851076
2022-06-17,4582.59814453125,4742.191114738806,4582.59814453125,4673.794127506996,13680700,4610.166821289063,152.71999511727347,4915.606811523609,4304.726831054516,0.45487055127155623,13.250713133592928,False,18.901842410548163,146.05038921946252,11387675.0,1.2013602425429246,14521763.172851076
2022-06-20,4719.392578125,4742.191576086956,4541.560394021739,4582.598590353261,7415100,4624.046850585937,149.18579371472276,4922.418438015383,4325.675263156491,0.6597768211787403,12.905214720808356,False,17.572850191843685,149.94901727987357,11474245.0,0.6462385978336701,14521763.172851076
2022-06-21,4856.18603515625,4878.985030626467,4742.191057805165,4764.990053275382,14342600,4636.723071289062,157.7955308262124,4952.3141329414875,4321.132009636637,0.8477014886259552,13.61267674606615,False,17.44943525144256,150.63783408141597,11797150.0,1.2157682152045197,14521763.172851076
2022-06-22,4970.18115234375,5038.578140678756,4833.387175673739,4856.186171785407,24630900,4663.589404296875,166.74674441954966,4997.082893135974,4330.095915457776,0.9596667675793767,14.30200902900368,False,18.345845602943186,154.53448629024467,12551150.0,1.962441688610207,14521763.172851076
2022-06-23,5152.5732421875,5198.171235481194,4970.181269012721,5015.779262306416,23313500,4698.2347412109375,192.18956044442487,5082.613862099787,4313.855620322088,1.0910030960135617,16.362703954199556,False,19.944998362903533,159.7813146364732,13324520.0,1.7496690312296428,14521763.172851076
2022-06-24,5243.7685546875,5289.366542119566,5129.773586107337,5175.371573539403,22888800,4742.355322265625,211.13573666718048,5164.626795599986,4320.083848931264,1.0937095732072444,17.80851263302742,False,21.79497191215103,159.76786044902718,13957025.0,1.6399483414266292,14521763.172851076
2022-06-27,5380.56298828125,5380.56298828125,5152.573031150689,5243.7690140029135,14331200,4791.528173828125,239.1586349566789,5269.845443741482,4313.210903914767,1.1157365116252476,19.965123967171106,False,23.841509491498385,164.64086735485105,14087290.0,1.0173141888894173,14521763.172851076
2022-06-28,5266.568359375,5403.36234273539,5198.171367694805,5380.563345508658,8946500,4826.957836914063,254.71874259763757,5336.395322109338,4317.520351718787,0.9314666031028594,21.108014712677303,False,25.821032873299853,167.53730361811776,13751740.0,0.6505722184974411,14521763.172851076
2022-06-29,5403.3623046875,5471.759295886076,5289.36731935654,5289.36731935654,16124500,4855.82138671875,285.46641319917245,5426.754213117095,4284.888560320404,0.9795143076838306,23.51539650778402,False,27.8923568278114,170.22684882475764,12731850.0,1.2664695232821626,14521763.172851076
2022-06-30,5471.7587890625,5471.7587890625,5220.969844563801,5403.361804199219,16045300,4888.104760742188,316.72510657177355,5521.554973885735,4254.65454759864,0.9606944762271704,25.91802934466434,False,29.067464278265454,175.98128423003914,12908270.0,1.2430248205220373,14521763.172851076
2022-07-01,5403.3623046875,5471.759295886076,5106.975342827004,5471.759295886076,13033400,4917.74345703125,336.22467193283023,5590.19280089691,4245.29411316559,0.8610821038686787,27.347882204152434,False,29.04208688989329,189.4671891463986,12995265.0,1.0029345303847208,14521763.172851076
2022-07-04,5266.568359375,5380.563345508658,5106.975378787879,5380.563345508658,11747400,4937.122631835938,344.93013067438267,5626.982893184703,4247.262370487172,0.7387771451677427,27.945842661486875,False,29.018522172119138,197.10431320020018,13110905.0,0.8960022210518649,14521763.172851076
2022-07-05,5084.17626953125,5266.568243326093,5084.17626953125,5243.769246601738,9419700,4954.221875,343.23062778999787,5640.683130579996,4267.760619420004,0.5946553017194324,27.712172482383856,False,28.77135796354655,196.0534401033109,12891230.0,0.7307060691648508,14521763.172851076
2022-07-06,5220.97021484375,5220.97021484375,4970.181252558679,5038.578242272789,8729700,4980.44072265625,342.5424774419228,5665.525677540096,4295.355767772404,0.6755472007324123,27.51101731890367,False,27.496451591088583,199.9631202591509,12605575.0,0.6925269176534985,14521763.172851076
2022-07-07,5152.5732421875,5220.970232128042,5129.774245540652,5220.970232128042,4509500,5012.359326171875,326.1615654491595,5664.682457070194,4360.036195273557,0.6074727457713597,26.028586078904365,False,26.312610080623102,192.19403928259655,12091210.0,0.3729568835542514,14521763.172851076
2022-07-08,5243.7685546875,5243.7685546875,5152.57257982337,5152.57257982337,3871600,5045.4178466796875,313.5739827908014,5672.56581226129,4418.269881098085,0.658137089565352,24.860100179584506,False,25.380824385423505,184.97989182413468,11955530.0,0.3238334059636001,14521763.172851076
2022-07-11,5198.1708984375,5220.969893606085,5106.9749177631575,5220.969893606085,1858000,5076.196484375,295.4416086524149,5667.07970167983,4485.313267070171,0.6032136389140113,23.280549487145443,False,24.081470032468715,181.53801647414954,11735035.0,0.15832931047926146,14521763.172851076
2022-07-12,5106.9755859375,5198.171578543527,5038.57859148298,5175.372580392021,4399300,5100.13544921875,275.98730288076314,5652.110054980277,4548.160843457224,0.5061960610572953,21.64548809565751,False,22.458515187111747,179.97051437317793,11706045.0,0.3758143762474858,14521763.172851076
2022-07-13,5152.5732421875,5198.171235481194,5106.975248893805,5129.774245540652,3038200,5128.634204101562,247.71291909740467,5624.060042296372,4633.208365906753,0.5241600621529598,19.319991189802487,False,20.951485687851704,173.62947667419306,11596175.0,0.2620001854059636,14521763.172851076
2022-07-14,5357.76416015625,5357.76416015625,5129.774195894282,5152.5731923204785,10417600,5161.6927490234375,230.54351438639404,5622.779777796226,4700.605720250649,0.7126186586235885,17.86572937182375,False,20.643141703620486,177.51236864474845,11637175.0,0.8952000807756177,14521763.172851076
2022-07-15,5106.9755859375,5357.764565604074,5106.9755859375,5266.568572998047,8485300,5187.91162109375,186.90706252579238,5561.725746145335,4814.097496042165,0.39174294156877937,14.410967354635645,True,20.135331404698107,182.74641228916457,11377405.0,0.7458027555492663,14521763.172851076
2022-07-18,5243.7685546875,5243.7685546875,5015.778617527174,5129.773586107337,5248400,5214.130419921875,151.0685005978457,5516.267421117566,4911.993418726183,0.5490475093224825,11.589161638201544,True,18.830459539932093,185.97809263710468,11269070.0,0.465734971918712,14521763.172851076
2022-07-19,5289.3671875,5289.3671875,5129.774212015086,5243.769194504311,5438400,5235.789477539062,126.02552762662614,5487.840532792315,4983.73842228581,0.6062834470323971,9.628005722327933,True,17.986307945359126,184.0934414119482,10823860.0,0.5024455231313043,14521763.172851076
2022-07-20,5380.56298828125,5426.1609797073625,5289.367005429025,5289.367005429025,11519700,5256.308569335937,113.2666074947473,5482.841784325432,5029.775354346442,0.7742520979783803,8.619479317140401,True,18.164565453719938,180.7149080452617,10168300.0,1.1329032384961104,14521763.172851076
2022-07-21,5471.7587890625,5471.7587890625,5289.366829427083,5380.562809244791,9758700,5272.267846679688,120.15800376542683,5512.583854210541,5031.951839148835,0.9150596217715548,9.116229088482179,True,18.610836314023985,180.83469744455851,9490560.0,1.0282533380538135,14521763.172851076
2022-07-22,5403.3623046875,5517.35729001846,5403.3623046875,5471.759295886076,4113700,5280.247534179687,123.4207631029359,5527.089060385559,5033.406007973816,0.749380184120909,9.349619486890955,True,19.29810711093029,176.06043229358718,8551805.0,0.4810329515230995,14521763.172851076
2022-07-25,5448.96044921875,5471.759446914226,5312.1664630458945,5403.362453827798,2990100,5283.667407226562,127.23537187548179,5538.138150977526,5029.196663475599,0.8247780855978302,9.632352838973903,True,19.037104816491947,174.88418597749748,7984750.0,0.37447634553367354,14521763.172851076
2022-07-26,5334.96484375,5448.959819043804,5334.96484375,5448.959819043804,3000600,5287.087231445313,127.67003169607408,5542.427294837461,5031.747168053164,0.5937526443532628,9.659007018968623,True,18.794745543084915,170.5350016554441,7687455.0,0.39032423604430855,14521763.172851076
2022-07-27,5380.56298828125,5403.361983994306,5289.367005429025,5334.9649968551375,3132400,5285.947265625,126.67507894514176,5539.297423515283,5032.597107734717,0.6867291566820823,9.58579967446299,True,18.124793626155952,166.49642857757527,7037850.0,0.44507910796621125,14521763.172851076
2022-07-28,5243.7685546875,5403.361510699729,5243.7685546875,5380.562516983696,8625300,5274.54775390625,119.10611830921007,5512.759990524671,5036.33551728783,0.43539542792662256,9.032517961070841,True,17.0742214095303,166.00332339433623,6666850.0,1.2937594216159056,14521763.172851076
2022-07-29,5106.9755859375,5289.367571149553,5106.9755859375,5243.76957484654,16609700,5259.72841796875,120.66353166145016,5501.055481291651,5018.40135464585,0.18351491555080154,9.17640775894274,True,16.7220895965213,167.17394209560175,6845665.0,2.426309204438137,14521763.172851076
2022-08-01,5357.76416015625,5357.76416015625,5106.975199468085,5106.975199468085,8064300,5264.2882080078125,122.64249667675931,5509.5732013613315,5019.0032146542935,0.690545599366763,9.31882844029709,True,15.79473734619229,173.146443423642,6661510.0,1.2105813847010662,14521763.172851076
2022-08-02,5380.56298828125,5380.56298828125,5243.7690140029135,5357.763992568194,4411800,5279.1075439453125,117.53380647473186,5514.175156894777,5044.039930995848,0.7158005585349371,8.905581520841213,True,14.739482932580762,170.54983848469163,6411115.0,0.6881486293725818,14521763.172851076
2022-08-03,5380.56298828125,5380.56298828125,5152.573031150689,5380.56298828125,8153700,5287.087182617188,118.78983721993231,5524.666857057053,5049.507508177323,0.6967251741640935,8.987166892990759,True,14.476612393355405,174.65270410225375,6382315.0,1.2775458434752907,14521763.172851076
2022-08-04,5312.166015625,5312.166015625,5220.970032524142,5312.166015625,9302300,5295.066821289062,114.5634593476846,5524.193739984432,5065.939902593693,0.5373138050153582,8.654354191495909,True,14.232518321217572,173.57700779188622,6621955.0,1.4047664171683438,14521763.172851076
2022-08-05,5243.7685546875,5312.165535835597,5220.969560971467,5289.366542119566,5605600,5295.066821289062,114.5634593476846,5524.193739984432,5065.939902593693,0.3880570932179192,8.654354191495909,True,14.005863403671846,167.69268256771812,6708655.0,0.8355773251121127,14521763.172851076
2022-08-08,5334.96484375,5334.96484375,5198.1708733974365,5243.768863514958,4403600,5301.906518554688,112.53966348611553,5526.985845526919,5076.827191582457,0.573437053593533,8.490505299727085,False,13.55189906398731,165.48563169520708,6835935.0,0.6441840070158654,14521763.172851076
2022-08-09,5220.97021484375,5403.36218741471,5220.97021484375,5334.965197700601,10679000,5307.60625,104.76570835370168,5517.137666707403,5098.074833292597,0.2932624221282496,7.895514732555867,False,12.731190234749187,166.6932274720466,7149920.0,1.4935831449862376,14521763.172851076
2022-08-10,5289.3671875,5289.3671875,5175.372205010776,5220.970198006466,5521600,5314.445947265625,98.38244922802316,5511.210845721672,5117.681048809579,0.4362722722334861,7.404907318975948,False,12.118019785405306,162.92906711613068,7274090.0,0.7590777678032579,14521763.172851076
2022-08-11,5152.5732421875,5289.367222068584,5152.5732421875,5289.367222068584,7383300,5304.1864013671875,104.15680472664215,5512.500010820472,5095.872791913903,0.13609396530165865,7.854686607529122,False,11.765805715457724,161.06227517077022,7122375.0,1.0366345495708946,14521763.172851076
2022-08-12,5175.37158203125,5198.170575784691,5106.974600770925,5152.572588277808,8393200,5307.606201171875,98.29906322583014,5504.204327623535,5111.008074720215,0.1636930841425417,7.408165526984771,False,11.86268633649997,156.0718251595557,7117770.0,1.17918954953588,14521763.172851076
2022-08-15,5084.17626953125,5198.171253153027,5061.377272806894,5175.372256428672,6351100,5299.6265869140625,109.5838095899395,5518.794206093941,5080.458967734184,0.008480499562335804,8.271058935399395,False,12.352454479690227,154.69483624431118,7172905.0,0.8854292647121355,14521763.172851076
2022-08-16,5198.1708984375,5198.1708984375,5084.1759225945725,5106.9749177631575,4470000,5295.0667724609375,111.90592347136823,5518.878619403674,5071.254925518201,0.2835327411237777,8.453598663070965,False,12.80723918408118,151.78770335849805,7124485.0,0.6274137709602869,14521763.172851076
2022-08-18,5403.3623046875,5448.960298819884,5152.573336959388,5220.970328157964,17745200,5296.20673828125,112.93409987823274,5522.074938037716,5070.338538524785,0.7372081738858914,8.52943289104931,False,13.025267731636285,162.11622182292646,7435760.0,2.38646755677967,14521763.172851076
2022-08-19,5380.56298828125,5471.758971133475,5357.763992568194,5471.758971133475,9894300,5291.646948242187,107.16679770274949,5505.980543647686,5077.313352836688,0.7074244120965778,8.100827492911176,False,13.394348617025313,158.67899016166606,7442540.0,1.3294251693642225,14521763.172851076
2022-08-22,5426.1611328125,5426.1611328125,5312.166151030725,5380.56314009979,5872800,5292.786889648438,108.53024893018198,5509.847387508802,5075.726391788074,0.8072282715620193,8.202124982016118,False,13.261339730450256,155.48727527738816,7530495.0,0.7798690524328082,14521763.172851076
2022-08-23,5357.76416015625,5471.759142287234,5357.76416015625,5426.16114943484,4907700,5288.227075195313,103.41879869350387,5495.064672582321,5081.389477808305,0.6680958535570984,7.822568677400021,False,13.49936870007069,152.523540052645,7626375.0,0.643516742882431,14521763.172851076
2022-08-24,5357.76416015625,5403.362153008643,5334.965163730053,5357.76416015625,2598200,5289.367041015625,104.0846081130523,5497.536257241729,5081.19782478952,0.6642825014682656,7.871233537468149,False,13.471498235327585,146.51450071164106,7606255.0,0.3415872857273389,14521763.172851076
2022-08-25,5357.76416015625,5426.16114943484,5334.965163730053,5357.76416015625,4369300,5288.227099609375,103.15394297022243,5494.53498554982,5081.91921366893,0.6685273934873931,7.802535029393284,False,13.639147466992188,142.5631782111515,7668100.0,0.5698021674208735,14521763.172851076
2022-08-26,5357.76416015625,5448.960145861037,5357.76416015625,5403.362153008643,3412600,5293.9268798828125,103.71597697695363,5501.35883383672,5086.494925928905,0.653875232471711,7.836600642980515,False,13.990178635784218,138.89409303212545,7407465.0,0.46069741807757447,14521763.172851076
2022-08-29,5426.1611328125,5426.1611328125,5312.166151030725,5334.96514738708,2121700,5309.886157226562,97.82482044282577,5505.535798112214,5114.23651634091,0.7971510069213339,7.369259343512661,False,13.762317492811798,137.11558508567188,6683065.0,0.31747409309949853,14521763.172851076
2022-08-30,5357.76416015625,5448.960145861037,5357.76416015625,5426.16114943484,7010900,5309.886157226562,97.82482044282577,5505.535798112214,5114.23651634091,0.6223564804743754,7.369259343512661,False,13.767473194433899,133.83561370132296,6630395.0,1.0573879836721642,14521763.172851076
2022-08-31,5357.76416015625,5426.16114943484,5243.769178025265,5357.76416015625,9086000,5308.7462158203125,97.0879454242008,5502.922106668714,5114.570324971911,0.6262204698064373,7.315320151102661,False,13.054705392523152,137.30392496619808,6864105.0,1.3236976998457919,14521763.172851076
2022-09-01,5357.76416015625,5426.16114943484,5357.76416015625,5357.76416015625,2228300,5307.606274414063,96.33123626299445,5500.268746940052,5114.943801888074,0.6301703572173905,7.259863017900968,False,12.392849576463174,132.3820009885118,6567835.0,0.33927466204616896,14521763.172851076
2022-09-02,5403.3623046875,5403.3623046875,5289.36731935654,5357.764310555116,7026200,5312.166088867188,98.68797784619746,5509.542044559583,5114.790133174793,0.731021594044715,7.431091287075524,False,12.44660638253452,131.0686427272581,6454030.0,1.088653136102559,14521763.172851076
2022-09-05,5357.76416015625,5403.362153008643,5334.965163730053,5380.563156582447,3487000,5317.865869140625,97.81783121705922,5513.501531574744,5122.230206706507,0.6019709047910949,7.357675701050873,False,12.496523416743628,126.5921068865573,6348100.0,0.549298215214001,14521763.172851076
2022-09-06,5334.96484375,5380.5628338675215,5289.3668536324785,5357.763838808761,4864800,5317.865869140625,97.81783121705922,5513.501531574744,5122.230206706507,0.543701067577934,7.357675701050873,False,12.976743072035193,124.06381212573484,6371160.0,0.7635658184694781,14521763.172851076
2022-09-07,5380.56298828125,5380.56298828125,5334.9649968551375,5334.9649968551375,5558700,5325.8455078125,95.98983011823235,5517.825168048965,5133.865847576035,0.6425085355431759,7.209358962998434,False,13.422659151503828,118.45912158327164,6115145.0,0.9090054283259024,14521763.172851076
2022-09-08,5312.166015625,5403.361998725858,5312.166015625,5380.563002950644,5826000,5326.98544921875,95.66866438580391,5518.322777990357,5135.648120447142,0.461274065837307,7.183700071854673,False,13.504841296632687,116.51175454881353,6130365.0,0.9503512433598978,14521763.172851076
2022-09-09,5357.76416015625,5380.563156582447,5266.568174451462,5312.166167303856,3440700,5337.2449951171875,86.54780212677429,5510.3405993707365,5164.1493908636385,0.5592711904139581,6.48632784936448,False,14.05369297017831,116.33198509039718,5933235.0,0.5799028691767645,14521763.172851076
2022-09-12,5312.166015625,5357.7640071754295,5312.166015625,5357.7640071754295,3606100,5344.084716796875,78.07224606319834,5500.2292089232715,5187.9402246704785,0.3977911396770969,5.843638355343513,False,14.56334095275639,111.27956790760095,5693880.0,0.6333291182813828,14521763.172851076
2022-09-13,5220.97021484375,5334.965197700601,5198.1712182723795,5312.16620112923,7067100,5350.9244140625,57.344474775889886,5465.6133636142795,5236.23546451072,-0.06655065604240201,4.286696678068242,True,16.068803804488272,113.10202587335954,5729680.0,1.2334196674159814,14521763.172851076
2022-09-14,5106.9755859375,5243.76957484654,5106.9755859375,5198.171578543527,10485000,5346.3646484375,71.90672024658598,5490.178088930672,5202.551207944329,-0.33229029803847443,5.3798590238397495,True,18.0938896359662,114.79430894733673,6030430.0,1.7386819845350996,14521763.172851076
2022-09-15,5061.37744140625,5175.37242882531,5061.37744140625,5129.774433857686,11049700,5329.265405273438,94.69125589975793,5518.6479170729535,5139.882893473922,-0.2072668994663555,7.107265163116742,False,20.246001227861363,114.7372145524598,5695655.0,1.9400227015154534,14521763.172851076
2022-09-16,5015.779296875,5198.171271306818,5015.779296875,5038.578293678977,24470100,5311.026220703125,116.83343654292094,5544.6930937889665,5077.359347617283,-0.1317688937440015,8.799311597256878,False,22.498234762545742,119.5696974009854,6424445.0,3.8089048937301198,14521763.172851076
2022-09-19,5084.17626953125,5175.372256428672,5015.779279358184,5061.377272806894,7040900,5293.926977539062,123.90746887532772,5541.741915289717,5046.112039788407,0.07679970805703058,9.362234832557307,False,24.58959457113305,122.42850309166415,6482850.0,1.0860809674757244,14521763.172851076
2022-09-20,5061.37744140625,5198.171426309122,5061.37744140625,5129.774433857686,6179400,5279.107641601562,133.24295232418365,5545.593546249929,5012.621736953195,0.09147895555186861,10.09586933020071,False,26.11658737562639,123.45460893532184,6546435.0,0.9439336066118429,14521763.172851076
2022-09-21,5129.7744140625,5175.372408854167,5084.176419270833,5084.176419270833,5632200,5267.708154296875,135.8859043960509,5539.4799630889775,4995.936345504773,0.24623243513110138,10.31840796155032,False,27.534509265513066,122.77892025765004,6698135.0,0.8408609262130429,14521763.172851076
2022-09-22,5175.37158203125,5175.37158203125,5084.175607017483,5106.974600770925,2770300,5258.588525390625,135.64411776793477,5529.876760926495,4987.300289854756,0.3466263323306321,10.317910755936834,False,28.85115712449949,120.52299559737266,6618185.0,0.4185890844695336,14521763.172851076
2022-09-23,5198.1708984375,5220.969893606085,5106.9749177631575,5175.371903268914,5712300,5250.608862304687,134.18922022591923,5518.987302756525,4982.230421852849,0.4023059307988688,10.2227550171786,False,29.16383403195767,120.05670847205513,6733170.0,0.8483819657011482,14521763.172851076
2022-09-26,5152.5732421875,5198.171235481194,5106.975248893805,5198.171235481194,4591400,5236.929467773438,129.2036450741401,5495.336757921718,4978.522177625157,0.33677661427908595,9.868656499517316,False,29.454176874597408,117.99522833743617,6856655.0,0.6696268078239317,14521763.172851076
2022-09-27,5220.97021484375,5220.97021484375,5129.77422855827,5152.5732251296395,3887700,5230.089770507812,126.0526418449134,5482.195054197639,4977.984486817985,0.48191320005160543,9.640571950081425,False,29.265383473045688,116.08099676229646,6700495.0,0.5802108650181815,14521763.172851076
2022-09-28,5129.7744140625,5220.970403645833,5129.7744140625,5220.970403645833,3591400,5218.690283203125,124.19415117934669,5467.078585561818,4970.3019808444315,0.3210143789053665,9.519181590758729,False,29.090071423314612,114.30349624951339,6425765.0,0.5589062158357798,14521763.172851076
2022-09-29,5175.37158203125,5198.170575784691,5106.974600770925,5129.773594524367,4444400,5209.570654296875,120.07260315691873,5449.715860610712,4969.425447983037,0.42879501366991474,9.219385713322266,False,29.203890521795493,112.65295901838861,6536570.0,0.6799284640109415,14521763.172851076
2022-09-30,5152.5732421875,5198.171235481194,5106.975248893805,5175.372238834347,7959100,5197.031201171875,111.56303719169105,5420.157275555257,4973.905126788493,0.400374801315273,8.586674420314015,False,29.309564294688858,111.1203181304601,6583215.0,1.2089989465633433,14521763.172851076
2022-10-03,5129.7744140625,5175.372408854167,5106.975416666667,5129.7744140625,3342600,5185.6317138671875,105.77268057725539,5397.177075021698,4974.086352712677,0.36797796108634634,8.158904173190917,False,29.40768994094698,108.06865199167721,6575995.0,0.5083033061916866,14521763.172851076
2022-10-04,5038.578125,5175.372101244344,5015.779128959276,5152.57310520362,6554200,5170.8123779296875,104.50420770652804,5379.820793342744,4961.803962516631,0.18366284996621463,8.08416164180144,False,30.533940707973965,111.74896058406226,6660465.0,0.9840454082410162,14521763.172851076
2022-10-05,5038.578125,5106.975113122172,5015.779128959276,5038.578125,4809700,5153.713134765625,96.0110618375642,5345.735258440754,4961.691011090496,0.20020379016218087,7.45179712777557,False,31.579744991641878,110.28089083969323,6623015.0,0.7262100418012039,14521763.172851076
2022-10-06,4856.18603515625,5061.376994388204,4856.18603515625,5061.376994388204,9806800,5130.914135742188,109.58378873774784,5350.0817132176835,4911.746558266692,-0.12675351835892298,8.543022614577165,False,33.71748327951855,117.06018143914045,6822055.0,1.4375140628447,14521763.172851076
2022-10-07,4833.38671875,4924.582694575472,4787.788730837264,4833.38671875,6906100,5104.695263671875,115.04611742593441,5334.787498523744,4874.603028820006,-0.0895647567084152,9.014925395815322,False,36.034868810589295,118.46973731764525,6995325.0,0.9872450529460747,14521763.172851076
2022-10-10,4947.3818359375,5015.7788198444705,4833.3868627592165,4833.3868627592165,7982400,5086.4560546875,109.1899841904928,5304.836023068486,4868.076086306514,0.18157743638058618,8.586723881345023,False,36.431392744557385,123.03562044456135,7214140.0,1.1064936361090858,14521763.172851076
2022-10-11,5038.578125,5084.176117081448,4947.382140837104,4992.980132918552,4543500,5077.336450195313,104.89631307795551,5287.129076351224,4867.543824039401,0.407627055570321,8.263885137958159,False,35.720417430274864,124.01838192308895,7087960.0,0.6410165971591262,14521763.172851076
2022-10-12,4992.98046875,5061.377461472603,4924.583476027397,5038.578463898401,4335900,5071.636694335937,106.28888201266646,5284.21445836127,4859.058930310604,0.314994230589979,8.383004416019864,False,35.25396659845094,124.93092503181154,6780505.0,0.6394656445205777,14521763.172851076
2022-10-13,4992.98046875,5061.377461472603,4924.583476027397,4992.98046875,7086000,5068.216845703125,107.7269561657158,5283.6707580345565,4852.762933371693,0.325400299908713,8.502158407610171,False,34.82083368318587,125.7782864899111,6582320.0,1.076520132719163,14521763.172851076
2022-10-14,4833.38671875,5038.577664357312,4833.38671875,4992.9796764445755,4920900,5059.097216796875,119.47890894693153,5298.055034690738,4820.139398903012,0.02771895049039983,9.446658471020918,False,35.15777346915342,131.45061928401114,5604860.0,0.8779701901564,14521763.172851076
2022-10-17,4878.98486328125,4924.58285265771,4810.5878792165595,4810.5878792165595,3986000,5048.837646484375,125.85189903482694,5300.541444554029,4797.133848414721,0.16259392089879876,9.970762210780194,False,35.63412852850463,130.20378743809252,5452115.0,0.7310924292682748,14521763.172851076
2022-10-18,4970.18115234375,4970.18115234375,4856.186171785407,4901.7841640087445,3154600,5044.27783203125,127.02031929859953,5298.318470628449,4790.237193434051,0.3541637273141445,10.072428484570647,False,35.312750638250655,129.0460155181104,5300875.0,0.5951092979932558,14521763.172851076
2022-10-19,5015.779296875,5015.779296875,4878.985316051137,4924.583309659091,3247400,5038.578076171875,125.53083609626937,5289.639748364414,4787.516403979336,0.4545952612006208,9.965576335111047,False,34.310980859526204,129.5994416113785,5181635.0,0.6267133829380109,14521763.172851076
2022-10-20,4924.58349609375,5084.176479763455,4924.58349609375,5015.779486762153,8284200,5026.038671875,123.6589948734268,5273.356661621853,4778.720682128146,0.29488921148620084,9.841467839505889,False,32.44358384031589,131.74183747268754,5457330.0,1.517995063520073,14521763.172851076
2022-10-21,5061.37744140625,5106.975436373874,4947.38245398719,4947.38245398719,10952400,5019.198999023438,117.25435598805738,5253.707710999553,4784.690287047323,0.589929371978104,9.344467594201463,False,30.420758030584274,135.359701958933,5719335.0,1.9149778776728414,14521763.172851076
2022-10-24,5015.779296875,5129.774280894886,5015.779296875,5061.377290482955,5286600,5012.359301757812,112.97658639940822,5238.312474556628,4786.406128958996,0.5075679289536527,9.01584101201904,False,28.254603488314558,133.8336506775725,5754095.0,0.9187543827482862,14521763.172851076
2022-10-25,5061.37744140625,5129.774433857686,4947.38245398719,5061.37744140625,12765100,5004.379663085938,102.62892910721104,5209.63752130036,4799.121804871515,0.6388443268777789,8.203128940375027,False,27.036220966403846,137.30210276278132,6197965.0,2.0595630985331477,14521763.172851076
2022-10-26,5175.37158203125,5175.37158203125,5038.5776195106,5084.175607017483,6105500,5006.659521484375,106.01183707242917,5218.683195629233,4794.635847339517,0.8978613738001932,8.469666181014729,False,25.317981294877118,137.26580703120052,6323670.0,0.9654994647095753,14521763.172851076
2022-10-27,5220.97021484375,5243.76921141512,5129.77422855827,5152.5732251296395,6024300,5008.939453125,110.23731208491684,5229.414077294834,4788.464828955166,0.9808507158524974,8.803245726289754,False,24.0810244524484,135.60360530446118,6402665.0,0.9409050762455946,14521763.172851076
2022-10-28,5152.5732421875,5198.171235481194,5084.176252246958,5129.774245540652,6627800,5008.939453125,110.23731208491684,5229.414077294834,4788.464828955166,0.8257376888685778,8.803245726289754,False,22.38382532776659,135.68863082534196,6336100.0,1.0460377834945787,14521763.172851076
2022-10-31,5084.17626953125,5152.573259704316,5038.578276082539,5152.573259704316,9517000,5006.6595458984375,108.05665321034274,5222.772852319123,4790.546239477752,0.6793427829980974,8.633033839807613,False,21.271850469926562,134.13908459651591,6644820.0,1.4322434618243987,14521763.172851076
2022-11-01,5334.96484375,5334.96484375,5084.175898103633,5106.9748931623935,14942800,5021.4788818359375,130.63043175518175,5282.739745346301,4760.218018325574,1.099948185315608,10.405733834923229,False,21.055168189157357,142.47121752864814,7064250.0,2.1152705524294864,14521763.172851076
2022-11-02,5289.3671875,5357.764176993534,5198.1712015086205,5334.96518049569,8535500,5034.018334960938,143.73749589765845,5321.493326756255,4746.543343165621,0.9441235930547854,11.421292997636549,False,21.032723560675752,143.69420023981,7250540.0,1.177222662036207,14521763.172851076
2022-11-03,5243.7685546875,5289.366542119566,5175.371573539403,5289.366542119566,5290100,5053.3974609375,144.62450548718982,5342.646471911879,4764.148449963121,0.8290782103432367,11.447704765368616,False,20.73666150988827,141.57287264843765,7024705.0,0.7530707695198589,14521763.172851076
2022-11-04,5289.3671875,5289.3671875,5129.774212015086,5243.769194504311,6920400,5076.196484375,144.05586999912438,5364.308224373249,4788.084744376752,0.8699444929357888,11.351481010834904,False,19.92480878781296,142.86002285104308,7025420.0,0.9850514275303114,14521763.172851076
2022-11-07,5380.56298828125,5380.56298828125,5198.171022576801,5289.367005429025,9029200,5097.855541992188,155.75845663510313,5409.3724552623935,4786.338628721982,0.953759385519857,12.221488455456244,False,19.958541701612067,145.6837330548578,7077760.0,1.2757143503029207,14521763.172851076
2022-11-08,5380.56298828125,5403.361983994306,5243.7690140029135,5380.56298828125,8134900,5114.95478515625,167.25575202759077,5449.466289211432,4780.443281101068,0.897009071295175,13.079744322508738,False,20.170205107635706,146.67724997889601,7257330.0,1.1209218817388764,14521763.172851076
2022-11-09,5403.3623046875,5403.3623046875,5243.769325224156,5380.563307621308,14493500,5135.473876953125,176.42588216197842,5488.325641277082,4782.622112629168,0.8796047729102809,13.74174118215176,False,20.36675234410903,147.599802084928,7765210.0,1.8664659423248051,14521763.172851076
2022-11-10,5152.5732421875,5403.36220530282,5106.975248893805,5380.5632086559735,12741900,5143.453515625,173.22183378234035,5489.8971831896815,4797.009848060319,0.513161918395863,13.471247149886354,False,18.96180262197076,158.22746306412566,8048005.0,1.5832370879491253,14521763.172851076
2022-11-11,5220.97021484375,5266.56820798649,5129.77422855827,5220.97021484375,9117600,5162.832690429687,157.69167819892257,5478.216046827532,4847.449334031842,0.592169613955031,12.21745407254701,False,17.6572064514138,156.69649994727527,8257840.0,1.1041143931100628,14521763.172851076
2022-11-14,5289.3671875,5289.3671875,5175.372205010776,5220.970198006466,2095700,5183.351806640625,145.0022412641761,5473.356289168977,4893.347324112273,0.6827823141475243,11.189843689823036,False,16.685310611192293,153.64639155741446,8163325.0,0.2567213727249619,14521763.172851076
2022-11-15,5312.166015625,5334.965011400214,5220.970032524142,5289.367019849786,5232500,5200.4510498046875,138.56236287570917,5477.575775556106,4923.326324053269,0.7015608053691337,10.657718843900152,False,16.247497820137664,150.81414779446146,8267220.0,0.6329213447809542,14521763.172851076
2022-11-16,5357.76416015625,5357.76416015625,5220.970181599069,5243.769178025265,4024300,5217.55029296875,135.64410005812294,5488.838493084996,4946.262092852504,0.7584223477604607,10.399064115657428,False,16.065983731834063,149.81270713465568,8306065.0,0.4845013854334152,14521763.172851076
2022-11-17,5243.7685546875,5334.96452955163,5243.7685546875,5334.96452955163,3969400,5233.509545898438,116.83344281179171,5467.176431522022,4999.842660274854,0.521952209363522,8.929644001765936,False,15.897434935552145,147.25434272994815,8090325.0,0.4906354194670795,14521763.172851076
2022-11-18,5334.96484375,5357.763838808761,5198.1708733974365,5243.768863514958,5551000,5247.188916015625,111.51403653801921,5470.216989091664,5024.1608429395865,0.6967822402887566,8.500859284685019,False,15.127510249550738,148.13567292147502,7820255.0,0.7098234008993313,14521763.172851076
2022-11-21,5334.96484375,5357.763838808761,5289.3668536324785,5334.96484375,2299500,5263.148193359375,98.76406163632744,5460.67631663203,5065.62007008672,0.6817884187850407,7.506082520035447,True,14.412580183978001,142.44005236824697,7670900.0,0.29976925784458147,14521763.172851076
2022-11-22,5220.97021484375,5357.76419427197,5220.97021484375,5334.965197700601,3199500,5271.12783203125,87.39701018866806,5445.921852408586,5096.333811653914,0.35652364686382637,6.632129819169208,True,13.88946750786502,142.03676144395934,7192620.0,0.4448309517255187,14521763.172851076
2022-11-23,5220.97021484375,5312.16620112923,5152.5732251296395,5220.97021484375,2908900,5273.407763671875,85.3380509289201,5444.083865529715,5102.731661814035,0.34638286128716117,6.473085697397243,True,14.141447387898717,143.29077676936157,7032790.0,0.41361963033163224,14521763.172851076
2022-11-24,5289.3671875,5312.166183997845,5175.372205010776,5220.970198006466,6547900,5276.827612304687,84.49234633011372,5445.812304964915,5107.8429196444595,0.5371026955101957,6.4047835205449335,True,14.375428705072865,142.8267197849121,7058970.0,0.927599918968348,14521763.172851076
2022-11-25,5357.76416015625,5357.76416015625,5198.171185172872,5243.769178025265,7523700,5287.087158203125,80.99596670369606,5449.079091610517,5125.095224795733,0.7181497574184144,6.127832909130508,True,13.928909011442938,144.02430944194535,7103765.0,1.0591144273494408,14521763.172851076
2022-11-28,5289.3671875,5357.764176993534,5243.769194504311,5357.764176993534,5959200,5297.346704101563,65.44334229907449,5428.233388699712,5166.460019503414,0.4695174622763892,4.941594043554217,True,13.514283338573566,141.87935751675096,6925875.0,0.8604255779955601,14521763.172851076
2022-11-29,5312.166015625,5312.166015625,5175.3720409737125,5266.5680240745705,13220100,5296.206762695312,64.95030011252256,5426.107362920357,5166.306162470267,0.5614287112686137,4.905420277018684,True,13.92349009763353,141.51611588350357,6839740.0,1.9328366282928884,14521763.172851076
2022-11-30,5198.1708984375,5357.763864617598,5198.1708984375,5312.1658742804275,61105100,5291.646948242187,68.5568150646687,5428.760578371524,5154.53331811285,0.15912925754896662,5.18226674872497,True,13.622577018760683,142.80731947611747,9468220.0,6.453705131481947,14521763.172851076
2022-12-01,5175.37158203125,5266.567557045017,5106.974600770925,5266.567557045017,32048500,5288.227099609375,72.65434165644406,5433.535782922263,5142.918416296487,0.11166973987673916,5.495553824593566,True,14.290490146336925,144.00629353311567,10806140.0,2.9657676098958556,14521763.172851076
2022-12-02,5220.97021484375,5289.36720455786,5152.5732251296395,5152.5732251296395,6800100,5284.8072509765625,74.1913228447573,5433.189896666077,5136.424605287048,0.2848904909459928,5.615442101964863,True,14.576524739127255,143.49112823990885,10800125.0,0.6296316014860939,14521763.172851076
2022-12-05,5220.97021484375,5289.36720455786,5129.77422855827,5220.97021484375,8268300,5276.827612304687,71.89729832140573,5420.622208947499,5133.033015661876,0.3057736564340871,5.450039577093871,True,15.071817284353275,144.6412602227432,10762080.0,0.7682808527719549,14521763.172851076
2022-12-06,5106.9755859375,5243.76957484654,5061.377589634487,5220.970576695034,4540300,5263.1482421875,76.96936776488776,5417.086977717276,5109.209506657724,-0.007255875892886876,5.849682678358113,True,16.16417792406228,147.3377405791225,10582350.0,0.42904458839482723,14521763.172851076
2022-12-07,5129.7744140625,5198.1714062500005,5038.578424479167,5106.975416666667,13089700,5249.46884765625,75.0254223297999,5399.519692315849,5099.41800299665,0.10115374936647463,5.716801033178559,False,17.372096871920263,148.21311494995902,10512160.0,1.2451960396341,14521763.172851076
2022-12-08,5220.97021484375,5220.97021484375,5038.578242272789,5106.975231986899,7585600,5252.888696289063,71.86865664058799,5396.626009570239,5109.151383007887,0.3889693959185305,5.47269594281411,False,18.11136545242012,150.65446192288775,10254345.0,0.7397449568938825,14521763.172851076
2022-12-09,5220.97021484375,5266.56820798649,5152.5732251296395,5266.56820798649,4822400,5252.888696289063,71.86865664058799,5396.626009570239,5109.151383007887,0.3889693959185305,5.47269594281411,False,18.07041078101368,148.03592770388508,10039585.0,0.48033857973213034,14521763.172851076
2022-12-12,5312.166015625,5312.166015625,5175.3720409737125,5220.970032524142,5963300,5254.028637695313,72.65422915845147,5399.337096012216,5108.72017937841,0.7000481548117992,5.5313158087635665,False,17.36848045283697,147.23293105727097,10232965.0,0.5827538743658363,14521763.172851076
2022-12-13,5357.76416015625,5357.76416015625,5266.568174451462,5312.166167303856,5738300,5256.308544921875,75.24390083554496,5406.796346592965,5105.820743250785,0.8370891663901066,5.725988129691374,False,16.145825803424483,143.23029210352217,10258255.0,0.5593836378604353,14521763.172851076
2022-12-14,5380.56298828125,5426.1609797073625,5334.9649968551375,5357.763992568194,4376400,5257.448486328125,77.01373190945486,5411.475950147034,5103.421022509216,0.899651136559228,5.859399829383181,False,15.81211455295363,139.5135557284295,10275860.0,0.42589136091772367,14521763.172851076
2022-12-15,5220.97021484375,5380.563190843341,5220.97021484375,5380.563190843341,9861900,5256.308569335937,77.39465461469139,5411.09787856532,5101.519260106555,0.38585014472860274,5.889658386206122,False,15.200884917534669,140.94780003351244,10570485.0,0.9329657059255086,14521763.172851076
2022-12-16,5471.7587890625,5471.7587890625,5243.768839518229,5266.567834472656,31483700,5263.148266601563,89.76726551343685,5442.682797628437,5083.613735574689,1.0809760419562715,6.822324659411512,False,14.565600297079005,148.79356961817228,11867120.0,2.6530194352125873,14521763.172851076
2022-12-19,5471.7587890625,5494.557784016927,5426.160799153646,5471.7587890625,3641400,5269.987963867187,100.13942316165705,5470.266810190501,5069.709117543874,1.0037247540101926,7.600732589770335,False,14.196020143939288,143.05095642139437,11934215.0,0.30512270811276654,14521763.172851076
2022-12-20,5403.3623046875,5471.759295886076,5334.965313488924,5471.759295886076,2017800,5279.107568359375,103.68291964595724,5486.47340765129,5071.741729067461,0.7996027136205595,7.856094485923071,False,13.481684538341618,142.60402970537706,11875130.0,0.16991813984352172,14521763.172851076
2022-12-21,5426.1611328125,5448.960129168855,5357.764143743435,5357.764143743435,2322400,5289.367114257812,107.70144943647112,5504.770013130755,5073.96421538487,0.8175305886560446,8.144751317877358,False,12.818372904572353,138.932026542523,11845805.0,0.19605252661174147,14521763.172851076
2022-12-22,5357.76416015625,5471.759142287234,5357.76416015625,5448.960145861037,2123800,5292.786962890625,108.78193798358339,5510.350838857791,5075.223086923458,0.6493290119436724,8.221146155799373,False,11.94373782486769,137.15080908455593,11624600.0,0.18269875952720954,14521763.172851076
2022-12-23,5334.96484375,5426.160823985043,5312.165848691239,5426.160823985043,1599800,5291.646997070313,108.1829925405831,5508.012982151479,5075.2810119891465,0.6001031808753051,8.17764243158911,False,11.626248682523002,135.49682095664505,11328405.0,0.1412202335633304,14521763.172851076
2022-12-26,5312.166015625,5403.361998725858,5312.166015625,5334.965011400214,906200,5292.786938476563,108.27778138421242,5509.342501244988,5076.231375708137,0.5447438913614064,8.183044784748393,False,11.331437336060077,132.3324753955174,11075755.0,0.08181835008087485,14521763.172851076
2022-12-27,5471.7587890625,5471.7587890625,5312.16582438151,5312.16582438151,2465000,5300.766577148437,115.42583923354985,5531.618255615537,5069.914898681337,0.8703508093367228,8.710124285128867,False,10.816271361189077,134.27965320162258,10538000.0,0.2339153539571076,14521763.172851076
2022-12-28,5334.96484375,5471.758814102564,5334.96484375,5471.758814102564,1936800,5307.606274414063,113.05503593785954,5533.7163462897815,5081.496202538344,0.5604983429286929,8.520227770688603,False,10.3379032477723,134.45924728383272,7579585.0,0.255528501890275,14521763.172851076
2022-12-29,5334.96484375,5357.763838808761,5243.768863514958,5312.165848691239,3400800,5315.5859375,108.78185773046604,5533.149652960932,5098.022222039068,0.5445361631394824,8.18587896119146,False,10.370192596354181,132.99751357025914,6147200.0,0.5532274856845393,14521763.172851076
2022-12-30,5152.5732421875,5334.965215362278,5152.5732421875,5334.965215362278,3676500,5312.166088867188,112.9097113487702,5537.985511564728,5086.3466661696475,0.14663613790775556,8.501971471516843,False,11.251519913517841,136.52568925629623,5991020.0,0.6136684571241625,14521763.172851076
2023-01-02,5175.37158203125,5198.170575784691,5129.773594524367,5152.572588277808,1200800,5309.886157226562,115.28352767627874,5540.45321257912,5079.319101874004,0.20829619394317334,8.684444393926016,False,12.26159113210464,131.6593529708697,5637645.0,0.2129967388865386,14521763.172851076
2023-01-03,5266.568359375,5289.367356601731,5152.573373241342,5175.372370468073,3067800,5317.865795898438,105.61742836628572,5529.100652631009,5106.630939165866,0.3785772449752896,7.944347030927061,False,12.034169440177143,132.02611228440682,5564020.0,0.551363941898124,14521763.172851076
2023-01-04,5175.37158203125,5289.366550798458,5175.37158203125,5266.567557045017,3019400,5320.145654296875,101.76548383358252,5523.67662196404,5116.61468662971,0.144343870800106,7.651330654933513,False,11.822992154815896,130.73817346174974,5060505.0,0.5966598195239408,14521763.172851076
2023-01-05,5334.96484375,5380.5628338675215,5175.371878338676,5220.969868456197,6953900,5325.845385742187,99.07524044411751,5523.995866630422,5127.694904853953,0.5230114455613066,7.441090250899997,False,11.351613110355883,136.0562504885013,5028920.0,1.3827819889757642,14521763.172851076
2023-01-06,5471.7587890625,5471.7587890625,5266.567834472656,5334.964819335937,4616700,5338.384814453125,100.95578408437888,5540.296382621883,5136.473246284367,0.8302781901478298,7.564519051609146,False,11.751503014661486,140.99444363859723,5018635.0,0.9199114898772276,14521763.172851076
2023-01-09,5699.74951171875,5699.74951171875,5403.362537109375,5471.75953125,9867500,5357.763989257813,128.97068356340372,5615.70535638462,5099.822622131005,1.1629132935718924,9.62869464366007,False,13.605126091961742,152.09391013650992,5213845.0,1.8925572202472456,14521763.172851076
2023-01-10,5699.74951171875,5722.548509765625,5585.754521484375,5699.74951171875,7075700,5374.863256835937,149.93712817397284,5674.737513183883,5074.989000487992,1.0417041443294917,11.158395740265764,False,15.442953139266582,151.00105857541993,5280715.0,1.3399132503837075,14521763.172851076
2023-01-11,5676.94970703125,5722.547696645958,5585.753727801832,5699.748701838605,3482600,5389.682592773437,164.47255214882296,5718.627697071083,5060.737488475791,0.9366490190987599,12.206474078406785,False,17.14949704869038,149.98626645175614,5236025.0,0.6651228746997961,14521763.172851076
2023-01-12,5676.94970703125,5699.748701838605,5585.753727801832,5676.94970703125,8266600,5412.4815673828125,171.31624364547906,5755.114054673771,5069.849080091854,0.8859355861720365,12.660827867045723,False,18.734144964583912,147.41545985068592,5156260.0,1.603216284671448,14521763.172851076
2023-01-13,5654.15087890625,5699.748869865171,5540.155901508946,5676.94987438571,5271400,5421.601171875,179.3060856687918,5780.213343212583,5062.989000537416,0.8242356584884807,13.22901334749274,False,19.59416656375706,148.28528188679587,3845645.0,1.3707453496097535,14521763.172851076
2023-01-16,5631.35205078125,5654.151046938259,5540.156066153214,5608.553054624241,3345200,5429.580834960938,185.11289854972497,5799.8066320603875,5059.355037861488,0.7724975101696014,13.637362012020333,False,20.392758048703556,145.83597466524228,3830835.0,0.8732299877180824,14521763.172851076
2023-01-17,5585.75341796875,5631.351405054209,5517.356437340562,5608.5524115114795,9452100,5438.700390625,188.219924196134,5815.140239017268,5062.260542232732,0.6953207504091248,13.843007386145365,False,20.812966624697836,143.56166314920273,4202550.0,2.2491344540814504,14521763.172851076
2023-01-18,5585.75341796875,5608.5524115114795,5494.557443797832,5562.9544244260205,7325500,5446.680004882813,191.02244734640274,5828.724899575618,5064.635110190007,0.6820118721881671,14.028541950337148,False,20.880951808708083,141.44975633237735,4452705.0,1.645179727828365,14521763.172851076
2023-01-19,5517.35693359375,5585.753920373838,5471.758942407025,5585.753920373838,9063100,5454.659643554687,190.44513515167773,5835.549913858043,5073.769373251332,0.5823036119945101,13.965684211055093,False,20.621884791994994,139.48870073483707,4799670.0,1.888275652284428,14521763.172851076
2023-01-20,5426.1611328125,5540.156114594275,5403.362136456145,5517.35711823792,10717100,5459.219458007812,188.51038257224866,5836.240223152309,5082.198692863315,0.4561584821692219,13.812258988470127,False,19.486071964803806,139.296220549358,5255535.0,2.0392024789103296,14521763.172851076
2023-01-24,5448.96044921875,5448.96044921875,5289.367465350419,5426.161451523274,17113200,5466.0591796875,185.3491753001918,5836.757530287883,5095.360829087116,0.47693713710749386,13.56364204683114,False,18.961117491447308,140.7459893578561,6065885.0,2.821220646286568,14521763.172851076
2023-01-25,5357.76416015625,5448.960145861037,5312.166167303856,5448.960145861037,2358000,5460.359448242188,186.91084362703592,5834.181135496259,5086.537760988116,0.36277509895218063,13.692200698414208,False,18.4736597661877,140.46372454050166,6060535.0,0.3890745618992383,14521763.172851076
2023-01-26,5426.1611328125,5448.960129168855,5312.166151030725,5357.764143743435,10838800,5464.919262695313,184.79113182577575,5834.501526346864,5095.336999043761,0.4475649487344521,13.525625755329909,False,18.021020617134194,140.20159979747513,6505635.0,1.6660633435475554,14521763.172851076
2023-01-27,5334.96484375,5426.160823985043,5312.165848691239,5380.5628338675215,6386800,5464.919262695313,184.79113182577575,5834.501526346864,5095.336999043761,0.3241874249303316,13.525625755329909,False,17.600716182422623,138.32972010631696,6654935.0,0.9597088476446427,14521763.172851076
2023-01-30,5357.76416015625,5403.362153008643,5289.367170877659,5334.965163730053,3916100,5475.17880859375,171.7747146792814,5818.728237952312,5131.629379235187,0.329115349344746,12.549340993917241,False,17.470920717964283,136.5915245366503,6666915.0,0.5873931196062947,14521763.172851076
2023-01-31,5312.166015625,5380.563002950644,5243.769028299356,5334.965011400214,18118900,5482.018530273437,161.63273202559293,5805.283994324623,5158.753066222252,0.23728632728062954,11.79366549988883,False,17.844037619511642,136.6059852591244,7512820.0,2.4117308813468177,14521763.172851076
2023-02-01,5357.76416015625,5357.76416015625,5243.769178025265,5312.166167303856,18095800,5486.5783203125,156.4376788352966,5799.453677983093,5173.702962641907,0.2941446058339459,11.405117703770337,False,18.190503313805618,134.9909136071144,8264220.0,2.189656132097161,14521763.172851076
2023-02-02,5289.3671875,5380.5631734913795,5243.769194504311,5334.96518049569,25946200,5492.278100585938,146.24691573506394,5784.771932056065,5199.78426911581,0.1531364233117833,10.651093266341455,False,18.11412485295546,135.11970399139688,9410560.0,2.7571366634929273,14521763.172851076
2023-02-03,5312.166015625,5334.965011400214,5266.5680240745705,5334.965011400214,3380500,5491.138159179687,147.62005995528048,5786.378279090248,5195.8980392691265,0.1969040935071688,10.753330597482769,False,18.043201996451742,130.3537956581288,9231890.0,0.36617637341866077,14521763.172851076
2023-02-06,5289.3671875,5334.96518049569,5220.970198006466,5312.166183997845,7940400,5482.018579101563,154.3602399947007,5790.7390590909645,5173.298099112161,0.18798410845924995,11.26302202500004,False,18.54163080767798,129.1853090032071,9398075.0,0.8448964282579146,14521763.172851076
2023-02-07,5334.96484375,5334.96484375,5266.567858573718,5312.165848691239,4659300,5463.779345703125,148.7278049777427,5761.2349556586105,5166.323735747639,0.28347273064979017,10.88827315800787,False,19.004457560959484,124.84328587271247,9137665.0,0.5099005052165952,14521763.172851076
2023-02-08,5243.7685546875,5334.96452955163,5220.969560971467,5334.96452955163,6480400,5440.980297851563,145.56715519352358,5732.114608238609,5149.845987464516,0.16130453174364656,10.70153885695946,False,19.967351390466476,124.0684285088425,9107900.0,0.7115141799975845,14521763.172851076
2023-02-09,5289.3671875,5334.96518049569,5220.970198006466,5243.769194504311,12178800,5421.601171875,138.10752855753282,5697.816228990066,5145.386114759934,0.26063219406624627,10.189427379791573,False,20.861452607006104,123.34889665029837,9542710.0,1.2762412354561754,14521763.172851076
2023-02-10,5334.96484375,5334.96484375,5243.768863514958,5289.3668536324785,5091800,5404.501928710937,125.41623248627762,5655.334393683493,5153.669463738382,0.36138739064629166,9.282352686009057,False,21.69168945093576,121.05225976349435,9383970.0,0.5426061677520282,14521763.172851076
2023-02-13,5243.7685546875,5334.96452955163,5243.7685546875,5334.96452955163,6913100,5383.9828125,115.60944521597489,5615.20170293195,5152.76392206805,0.19679324740604018,8.589139248183661,True,22.462627723974606,118.91969042770904,9466055.0,0.7303042291641026,14521763.172851076
2023-02-14,5312.166015625,5312.166015625,5198.171036748927,5243.769028299356,8872300,5368.023510742188,100.73870803988632,5569.50092682196,5166.546094662415,0.3613802573905563,7.50657725982709,True,23.74794434407893,118.56792531687792,9742410.0,0.9106884230903852,14521763.172851076
2023-02-15,5312.166015625,5334.965011400214,5220.970032524142,5312.166015625,8365100,5354.344140625,87.29523486638865,5528.934610357777,5179.753670892223,0.37920839818875285,6.521451186079248,True,24.341686084955512,118.24128628539181,9688060.0,0.8634442808983429,14521763.172851076
2023-02-16,5289.3671875,5334.96518049569,5220.970198006466,5312.166183997845,6465100,5339.524829101562,69.23195698567373,5477.9887430729095,5201.060915130215,0.31887829051278443,5.186375881864581,True,24.893013197344757,117.93797887137987,9645040.0,0.6703030780587742,14521763.172851076
2023-02-17,5289.3671875,5312.166183997845,5220.970198006466,5289.3671875,10776400,5328.125341796875,55.89500443734802,5439.915350671571,5216.335332922178,0.32664750326517106,4.196222937840875,True,25.404959801706198,116.02783652280843,9730705.0,1.1074634366163603,14521763.172851076
2023-02-20,5380.56298828125,5380.56298828125,5266.568009715969,5312.166001142082,3000900,5325.845434570312,52.5134117252556,5430.872258020823,5220.818611119801,0.7604932336010377,3.9440432412392985,True,24.154084782258987,115.88263238298502,9344895.0,0.3211272036764458,14521763.172851076
2023-02-21,5334.96484375,5448.959819043804,5334.96484375,5380.5628338675215,5048100,5320.145654296875,43.93273368882406,5408.011121674524,5232.280186919227,0.5843288603327593,3.3031226243470484,True,23.133806625074236,115.74779973375779,8741640.0,0.5774774527434211,14521763.172851076
2023-02-22,5220.97021484375,5334.965197700601,5198.1712182723795,5312.16620112923,4970900,5313.30595703125,48.2082125194069,5409.722382070064,5216.889531992436,0.021161761855780174,3.629244233949047,True,22.83074385995139,117.25109828336231,8872285.0,0.5602728045819088,14521763.172851076
2023-02-23,5198.1708984375,5266.567883943257,5152.572908100329,5220.969893606085,9744600,5301.9064453125,47.059546265880236,5396.025537844261,5207.78735278074,-0.05108662910235009,3.5503867713460964,True,23.046984253707333,117.01851810904554,8817575.0,1.105133781113288,14521763.172851076
2023-02-24,5129.7744140625,5220.970403645833,5129.7744140625,5198.1714062500005,3299800,5291.646923828125,60.047717802940824,5411.742359434007,5171.551488222243,-0.17393281413643155,4.539057020796146,True,23.481893848922535,115.17405178578039,8663225.0,0.38089741406924094,14521763.172851076
2023-02-27,5129.7744140625,5152.573411458334,5061.377421875,5129.7744140625,9022600,5280.2474365234375,67.95551722903525,5416.158470981508,5144.336402065367,-0.05357176501868065,5.147903998512442,True,24.51833683153456,113.46133305703418,8918550.0,1.0116666946981292,14521763.172851076
2023-02-28,4901.78369140625,5129.773630541425,4901.78369140625,5129.773630541425,29132800,5259.7283203125,107.98060795447742,5475.689536221455,5043.767104403545,-0.3287243322827759,8.211877220917893,False,26.53927267663259,121.64200374269245,9469245.0,3.07657051855771,14521763.172851076
2023-03-01,5106.9755859375,5129.774584089007,4901.78460257394,4901.78460257394,16961200,5247.188891601562,110.52840756717792,5468.245706735918,5026.132076467206,0.1828568583627648,8.425723552211757,False,28.41583917640748,129.23835295269703,9412515.0,1.8019838481001094,14521763.172851076
2023-03-02,4947.3818359375,5129.773793022754,4924.5828413018435,5106.974798387097,7200900,5230.089624023438,128.63076730546854,5487.351158634375,4972.828089412501,-0.04945600109531331,9.837748608714245,False,30.158365211912738,134.663538578998,8475250.0,0.8496386537270287,14521763.172851076
2023-03-03,4810.58837890625,4947.382361244816,4787.789381849822,4947.382361244816,16242300,5205.0107421875,157.4529781049093,5519.916698397318,4890.104785977682,-0.12625421257267505,12.100107830996455,False,32.463110811826205,136.44421292299768,9118340.0,1.7812781712460821,14521763.172851076
2023-03-06,4787.7890625,4901.784040178572,4764.990066964286,4810.588058035714,6134900,5179.9318359375,181.42944914579223,5542.790734229085,4817.072937645916,-0.04035160124746889,14.010180434195297,False,34.69791301778741,136.46919580094684,9028065.0,0.6795365341299603,14521763.172851076
2023-03-07,4673.79443359375,4833.387414253049,4673.79443359375,4833.387414253049,8228700,5146.873315429688,209.72397602891277,5566.321267487513,4727.425363371863,-0.06393037505010762,16.299136440773555,False,37.11464613625219,138.12089471940058,9206535.0,0.8937890313782547,14521763.172851076
2023-03-08,4742.19140625,4742.19140625,4628.196420522837,4673.794414813702,20033500,5121.794458007813,226.8199558124989,5575.434369632811,4668.154546382815,0.08160311512491822,17.714100608459272,False,39.5078232799421,136.39761550566934,9884190.0,2.026822632911751,14521763.172851076
2023-03-09,4582.59814453125,4764.990110482742,4582.59814453125,4742.191114738806,12860400,5086.456005859375,252.89632528736465,5592.248656434104,4580.663355284646,0.0019126308423080603,19.887821697153306,False,41.869956232233214,139.68292625179956,9918270.0,1.2966374176141606,14521763.172851076
2023-03-10,4541.56005859375,4605.397248172377,4505.08166454882,4582.598251894296,28579800,5046.7857666015625,273.2701447974251,5593.3260561964125,4500.2454770067125,0.03779646475620673,21.65894550990156,False,44.27640968710935,136.87097320692504,11092670.0,2.576458147587551,14521763.172851076
2023-03-13,4550.6796875,4582.598282502505,4486.84249749499,4505.081694639279,16813300,5012.131323242187,290.38588507299977,5592.903093388187,4431.3595530961875,0.10272549436572713,23.174642988816064,False,46.55779558490485,133.9341740498243,11587680.0,1.450963437029673,14521763.172851076
2023-03-14,4514.201171875,4582.598159327651,4514.201171875,4559.799163510101,7036400,4972.233081054687,301.5950148929426,5575.423110840573,4369.043051268802,0.12032536467630696,24.262339273039053,False,48.676225347143536,129.25294643574048,11495885.0,0.6120798877163437,14521763.172851076
2023-03-15,4559.79931640625,4628.196306152344,4523.320921875,4532.440520507813,7773200,4934.61474609375,303.87635425830354,5542.3674546103575,4326.8620375771425,0.19163820709055898,24.63222520046598,False,49.735130062874916,128.16310271014072,11466290.0,0.6779176176426726,14521763.172851076
2023-03-16,4377.4072265625,4582.598190307617,4377.4072265625,4559.7991943359375,12667700,4889.016748046875,316.0215941563968,5521.059936359669,4256.973559734081,0.09527328911645258,25.855636046462322,False,51.23757289178644,133.6650927840676,11776420.0,1.0756834419968038,14521763.172851076
2023-03-17,4532.4404296875,4833.38717853999,4377.407256036217,4377.407256036217,30591000,4851.17041015625,310.8344120097627,5472.839234175775,4229.501586136725,0.2436496988799141,25.62964280611623,False,49.34750394093645,156.6875827264549,12767150.0,2.396071167018481,14521763.172851076
2023-03-20,4486.84228515625,4582.598065632145,4432.124696312881,4532.440275859058,4022500,4806.484375,294.53658947324703,5395.557553946494,4217.411196053506,0.22869067777334406,24.51160278437374,False,47.59243991514717,156.24371034022704,12818230.0,0.31381087716478795,14521763.172851076
2023-03-21,4532.4404296875,4532.4404296875,4441.244445186745,4495.962035887198,6169300,4766.358154296875,272.59864989683905,5311.555454090553,4221.160854503197,0.28547424510548963,22.876891838360176,False,45.96273760548569,151.59744420883618,12874290.0,0.4791953575692329,14521763.172851076
2023-03-24,4673.79443359375,4696.593430830793,4505.081854039634,4523.321051829269,9299900,4738.999365234375,251.18836553286897,5241.376096300112,4236.622634168637,0.4351035511713496,21.201806218891186,False,42.84118486198358,154.4484536790021,13090740.0,0.7104182040129129,14521763.172851076
2023-03-27,4559.79931640625,4696.593295898438,4559.79931640625,4696.593295898438,4332100,4707.080786132812,229.3829883291085,5165.8467627910295,4248.314809474595,0.33948082767667026,19.4925898875479,False,39.94260017158876,153.18741980851536,12820115.0,0.33791428548027846,14521763.172851076
2023-03-28,4628.1962890625,4650.995285560345,4559.799299568966,4605.397292564655,3474900,4682.001879882812,207.07084744532725,5096.143574773467,4267.860184992158,0.43503963560766495,17.69079575427339,False,37.251057394652605,148.75946025014852,12828870.0,0.27086563352812837,14521763.172851076
2023-03-29,4650.9951171875,4650.9951171875,4582.598130170037,4628.196121515012,4263900,4658.062915039062,178.2499837726617,5014.562882584386,4301.562947493739,0.49008723913745694,15.306790571433664,False,34.7517676732119,143.019283590671,12590935.0,0.3386484006152045,14521763.172851076
2023-03-30,4628.1962890625,4650.995285560345,4559.799299568966,4650.995285560345,5586700,4644.383544921875,168.80972982095716,4982.00300456379,4306.76408527996,0.47602736543008584,14.538827656086434,False,32.65866261449278,139.3176194764359,11413630.0,0.48947617891941475,14521763.172851076
2023-03-31,4550.6796875,4628.196275363226,4550.6796875,4628.196275363226,5057700,4616.56875,129.92984603361936,4876.428442067239,4356.709057932761,0.3732218491143453,11.257698353013325,True,30.808624129929367,134.90326105401192,10818455.0,0.4675066818690839,14521763.172851076
2023-04-03,4395.646484375,4514.201265073911,4377.407287344398,4477.722871012707,19775700,4588.981982421875,113.5323481909518,4816.046678803778,4361.917286039971,0.0742722203681965,9.896081407670648,True,30.561637567470825,137.64391384698263,11447195.0,1.7275585853128212,14521763.172851076
2023-04-04,4295.3310546875,4432.1250373208595,4231.493862791932,4404.766240794188,19303900,4563.2191162109375,118.93148282180923,4801.082081854556,4325.356150567319,-0.06311427211582876,10.425226559846983,True,31.19819789035995,142.143003895693,11600275.0,1.6640898599386653,14521763.172851076
2023-04-05,4158.537109375,4295.331093236019,4140.297911526864,4295.331093236019,14932100,4531.756518554687,138.08601807580442,4807.928554706296,4255.584482403078,-0.175700940581114,12.188299835653508,True,32.2258284644842,143.0637308823689,12040135.0,1.2401937353692463,14521763.172851076
2023-04-06,4030.862548828125,4222.374117890095,4030.862548828125,4158.536928202771,16762900,4499.609924316406,173.56011374039062,4846.730151797187,4152.489696835625,-0.17519455563020206,15.42890309690641,False,33.62869512028159,146.5242907523404,12466845.0,1.3445984128301909,14521763.172851076
2023-04-10,4131.17822265625,4213.254611185845,4058.2214328521663,4058.2214328521663,10220200,4469.059265136719,182.1752245612358,4833.40971425919,4104.7088160142475,0.03632410321677023,16.305465088135275,False,34.9313570149506,149.0862744384389,11976180.0,0.8533772872485217,14521763.172851076
2023-04-11,4085.579833984375,4167.656214577811,4067.3406382969447,4158.536616734096,5901700,4444.208349609375,198.99516965396697,4842.198688917309,4046.2180103014407,0.04945072756210696,17.910516699466417,False,36.14097163142897,145.6026531414694,11628245.0,0.507531446060863,14521763.172851076
2023-04-12,4094.69970703125,4112.93890394453,4021.742919378132,4085.58010857461,7450100,4421.86533203125,212.1416111780681,4846.148554387386,3997.5821096751133,0.114449019238637,19.190237173561115,False,37.45900622719551,141.71646252896429,10571760.0,0.7047170953559294,14521763.172851076
2023-04-13,4131.17822265625,4131.17822265625,4039.9822354011453,4094.6998277542084,5769500,4400.8902587890625,219.35119450719893,4839.592647803461,3962.1878697746647,0.19260249899851709,19.93698380177788,False,38.419777143025456,138.10785715226004,10019570.0,0.575823114165578,14521763.172851076
2023-04-14,4094.69970703125,4149.417297771089,4076.4605101179704,4122.058502401169,6739700,4379.915185546875,227.83860875097832,4835.592403048832,3924.2379680449185,0.1870422005304659,20.80758180001429,False,39.04223911718715,133.45420933089275,10004735.0,0.6736510262390758,14521763.172851076
2023-04-17,4140.2978515625,4140.2978515625,4058.221462434609,4094.6998576025603,6409200,4358.940112304687,229.70888823791614,4818.35788878052,3899.522335828855,0.26204418729791035,21.07933417937812,False,39.71931070202637,129.78436503067834,9936535.0,0.6450135786770741,14521763.172851076
2023-04-18,4049.10107421875,4140.297044358812,4039.9814772047434,4131.177447344806,7746600,4342.5248046875,239.82748647442386,4822.179777636348,3862.8698317386525,0.1941304197631637,22.091064278140152,False,40.44906316115898,127.67950855404108,9690480.0,0.7994031255417688,14521763.172851076
2023-04-26,4149.41748046875,4149.41748046875,3948.7863055889425,4076.4606896033656,12174500,4323.3736572265625,239.1557967397791,4801.68525070612,3845.0620637470042,0.31815601050735687,22.12677558785859,False,41.58759565385313,132.8903418630244,8769655.0,1.3882530156545496,14521763.172851076
2023-04-27,4222.3740234375,4231.493621760259,4103.819245241631,4112.93884356439,8692200,4310.150244140625,236.94282763725442,4784.035899415134,3836.264588866116,0.40738670845366853,21.989287075026045,False,41.404305021435604,132.51777290985325,9003140.0,0.9654631606306244,14521763.172851076
2023-04-28,4185.8955078125,4222.373900037445,4158.536713643791,4222.373900037445,10076300,4292.822998046875,232.4602752222473,4757.743548491369,3827.9024476023806,0.3850045560126936,21.660364317653976,False,41.23410657704791,127.6120255444144,9198490.0,1.0954297933682593,14521763.172851076
2023-05-02,4222.3740234375,4277.091613374055,4149.417236855426,4195.015228469222,6623600,4270.251977539063,214.7645731293542,4699.781123797771,3840.7228312803545,0.44426693215281177,20.117274039938273,False,40.29086650045737,127.61647918542968,9064675.0,0.7307046308885867,14521763.172851076
2023-05-03,4331.8095703125,4340.929169407895,4185.895984786184,4222.374381167763,20384100,4258.852490234375,204.38680113992802,4667.6260925142315,3850.078887954519,0.5892389817630355,19.196419843945357,False,38.588576855232574,129.57481528802117,9867275.0,2.0658287115743708,14521763.172851076
2023-05-04,4386.52685546875,4413.885650825104,4304.450469399688,4340.92886320816,13556100,4246.769018554687,187.87888332262466,4622.526785199936,3871.0112519094378,0.6859679949689605,17.696171607333223,False,36.17527494858069,128.1362700121208,10371335.0,1.3070737759410915,14521763.172851076
2023-05-05,4368.28759765625,4386.526794306172,4176.776032832072,4386.526794306172,8341200,4232.633642578125,165.1224219438661,4562.878486465856,3902.3887986903924,0.7053839107390298,15.604697773303041,False,35.01347065926097,133.9658809138749,10575200.0,0.7887510401694531,14521763.172851076
2023-05-08,4267.97216796875,4340.928957164797,4195.015378772703,4340.928957164797,9304300,4214.6224365234375,136.94674407761354,4488.515924678664,3940.7289483682102,0.597391383425438,12.9972965446061,True,33.934652390606935,136.7734764831372,10761080.0,0.8646251119776082,14521763.172851076
2023-05-09,4267.97216796875,4267.97216796875,4213.254576071715,4267.97216796875,8182000,4200.487060546875,112.91574511138263,4426.31855076964,3974.6555703241097,0.6494147413970178,10.752633538328926,True,32.9328925697139,130.9123418698442,10917295.0,0.7494530467483017,14521763.172851076
2023-05-10,4267.97216796875,4304.450562566773,4240.613372020232,4267.97216796875,3174500,4194.103344726563,104.60485720040927,4403.313059127381,3984.893630325744,0.6765425268462063,9.976373837514872,True,31.543636106975942,126.12125963246541,10087235.0,0.31470467377829503,14521763.172851076
2023-05-11,4277.09228515625,4350.049083197295,4258.853085645989,4267.97268540112,9835300,4193.19140625,103.75193826533103,4400.695282780662,3985.687529719338,0.7021670156457356,9.897181236295346,True,29.708128586068657,123.62659805523971,9613805.0,1.0230392648904363,14521763.172851076
2023-05-12,4322.68994140625,4350.048738503758,4277.091946243737,4286.211545276239,9368100,4201.3990478515625,107.29851911593181,4415.996086083426,3986.8020096196988,0.7826015087487773,10.215503730434774,True,28.003728745226176,120.00732621272408,9335605.0,1.0034807599507476,14521763.172851076
2023-05-15,4582.59814453125,4582.59814453125,4313.569994752798,4331.8091913479475,21929500,4228.985827636719,129.72763316330577,4488.44109396333,3969.5305613101073,1.1814514153075466,12.270330377134535,True,27.73836192281881,130.6516707531332,9593935.0,2.2857669975875385,14521763.172851076
2023-05-16,4541.56005859375,4628.196244450458,4523.320861571285,4605.397248172377,12720200,4249.504919433593,144.99937876816168,4539.503676969916,3959.50616189727,1.0035455007485266,13.648590272721767,False,27.798633906797736,128.81050733356463,9718935.0,1.308805954561894,14521763.172851076
2023-05-17,4559.79931640625,4605.397309570312,4441.244534179687,4541.560119140625,8792300,4273.215893554688,155.19742101383574,4583.610735582359,3962.821051527016,0.9616433394631184,14.527458933017702,False,26.944957481756347,131.33495505192607,9863465.0,0.8914007400036397,14521763.172851076
2023-05-19,4532.4404296875,4559.7992250377265,4486.8424374371225,4559.7992250377265,4405800,4295.1029296875,159.50367667209184,4614.110283031684,3976.0955763433167,0.8719937761809698,14.854468382549044,False,26.152257944217915,127.16509247458333,9711250.0,0.45368001029733557,14521763.172851076
2023-05-22,4628.1962890625,4810.588261045259,4532.440503771551,4532.440503771551,22400900,4319.953833007812,170.9286651969361,4661.811163401684,3978.09650261394,0.950834937047489,15.826897397921972,False,26.977784933861795,137.9495738233816,10542820.0,2.1247540980496677,14521763.172851076
2023-05-23,4523.32080078125,4628.196182250977,4450.364013671875,4628.196182250977,17589300,4341.3848876953125,168.04580568305002,4677.476499061412,4005.2932763292124,0.7706641685379012,15.483152038358847,False,26.919234563488068,140.79833822104183,11085300.0,1.58672295743011,14521763.172851076
2023-05-24,4650.9951171875,4696.5931085324755,4523.3207414215685,4523.3207414215685,0,4366.919750976563,174.55663785948252,4716.033026695528,4017.8064752575974,0.9068527122406207,15.988994331342774,False,27.234126219934073,143.11791171317506,10764840.0,0.0,14521763.172851076
2023-05-25,4650.9951171875,4764.990095549939,4582.598130170037,4650.9951171875,18112200,4397.014453125,168.6645155079423,4734.343484140884,4059.6854221091153,0.8764583547665965,15.343548883544905,False,27.87042205171266,145.9232012607984,11283120.0,1.6052474847382638,14521763.172851076
2023-05-26,4719.392578125,4764.990574048913,4605.397588315217,4650.99558423913,13275700,4425.513208007813,172.73138121183388,4770.97597043148,4080.050445584145,0.9253416027467246,15.612325449557563,False,28.46127059050636,146.89961443743394,11338180.0,1.1708845687755882,14521763.172851076
2023-05-29,4787.7890625,4787.7890625,4628.19609375,4719.392075892857,4943200,4453.783959960938,183.65872658588927,4821.1014131327165,4086.466506789159,0.9546545497020832,16.494623739001486,False,29.130276113852005,147.80628260261724,11150730.0,0.44330729916337314,14521763.172851076
2023-05-30,4523.32080078125,4764.990158081055,4523.32080078125,4764.990158081055,9999800,4470.655224609375,172.94026763016794,4816.535759869711,4124.774689349039,0.576132610544613,15.473371033238523,False,28.61333971077772,156.13928111091246,11146905.0,0.8970920627743755,14521763.172851076
2023-05-31,4514.201171875,4532.44036852904,4432.124786931819,4523.32077020202,43741000,4485.24658203125,162.90987622020057,4811.066334471651,4159.426829590849,0.544433447676022,14.528510149060573,False,27.282796549641553,152.1518740027917,13002775.0,3.3639742285781304,14521763.172851076
2023-06-05,4468.60302734375,4628.195992606026,4450.363831313775,4532.440213448661,12823400,4492.086254882813,158.95239215839834,4809.991039199609,4174.181470566016,0.4630656273551685,14.15399287897644,False,26.68686727512298,153.98618023775308,12624740.0,1.0157357696079286,14521763.172851076
2023-06-06,4468.60302734375,4486.842223373725,4395.646243223852,4468.60302734375,14260000,4496.1900634765625,157.13273751097702,4810.455538498517,4181.924588454608,0.4561087069286162,13.97918996239927,False,25.643441904094143,149.5011659457616,12659935.0,1.1263880896702867,14521763.172851076
2023-06-07,4541.56005859375,4605.397248172377,4468.603270503891,4477.722869015123,11749800,4504.853686523437,154.4636688954513,4813.781024314339,4195.926348732535,0.5594093943462483,13.715310608869643,False,25.419543107938175,148.59352700882343,12830365.0,0.9157806500438608,14521763.172851076
2023-06-08,4559.79931640625,4605.397309570312,4495.962125976563,4550.679717773438,9608700,4519.445043945312,144.36238928226746,4808.169822509847,4230.720265380777,0.5698836321938991,12.777001413097777,False,25.21163744914731,145.7965024791753,12845585.0,0.7480157579432933,14521763.172851076
2023-06-09,4582.59814453125,4650.995131763059,4559.799148787313,4559.799148787313,3347700,4535.176342773438,132.14221223875904,4799.4607672509555,4270.89191829592,0.5897173600971071,11.654868719653692,False,25.296753930843767,141.8964653717875,12603870.0,0.26560889631517937,14521763.172851076
2023-06-12,4650.9951171875,4673.794112859988,4605.3971258425245,4628.196121515012,4516500,4554.327490234375,118.421706168213,4791.1709025708005,4317.484077897949,0.7040749751059429,10.400807269318152,False,25.51430006567801,138.27500129728395,12670970.0,0.3564446920796119,14521763.172851076
2023-06-13,4582.59814453125,4650.995131763059,4550.679550489739,4650.995131763059,4677500,4569.602783203125,98.86819742999184,4767.339178063109,4371.866388343141,0.5328603172352944,8.654423775599072,True,25.131819729477623,135.56361415271513,12413080.0,0.3768202573414495,14521763.172851076
2023-06-14,4628.1962890625,4628.1962890625,4582.598296066811,4582.598296066811,1674800,4584.878100585937,80.63042062066155,4746.13894182726,4423.6172593446145,0.634310934207946,7.034465811455884,True,24.77665941729155,129.13750917975335,12028415.0,0.13923696513630432,14521763.172851076
2023-06-15,4650.9951171875,4696.5931085324755,4582.598130170037,4628.196121515012,5442800,4588.29794921875,81.96802465502344,4752.233998528796,4424.361899908703,0.6912244690311322,7.145832773913911,True,24.92938491622494,128.05589983565946,11204080.0,0.4857873203333071,14521763.172851076
2023-06-16,4742.19140625,4787.789400540865,4650.9954176682695,4650.9954176682695,22183100,4598.329516601562,88.00194467496017,4774.333405951483,4422.325627251642,0.9086895186799538,7.655122962131593,True,25.63672344226601,128.68007008692416,11677225.0,1.8996893525645007,14521763.172851076
2023-06-19,4742.19140625,4764.990403395433,4673.794414813702,4742.19140625,2541100,4607.44912109375,93.10176274807263,4793.652646589896,4421.245595597605,0.8618145381437441,8.082716514162755,True,26.29353778787558,126.00263569369604,11364665.0,0.22359656003938524,14521763.172851076
2023-06-20,4764.990234375,4764.990234375,4650.995252691388,4742.191238038277,6289400,4619.076611328125,97.651300773824,4814.379212875773,4423.774009780477,0.8735578069380613,8.456348226339227,True,26.610149337787302,125.1449461215472,11458845.0,0.5488685814320727,14521763.172851076
2023-06-21,4764.990234375,4810.588227048445,4719.392241701555,4719.392241701555,14004400,4625.91630859375,102.96952589775371,4831.855360389257,4419.977256798243,0.8376579734846684,8.903708500429456,True,27.208718533066648,122.72002035192888,11039020.0,1.2686271063916905,14521763.172851076
2023-06-22,4696.59326171875,4810.588243799302,4696.59326171875,4764.990250967081,7582700,4634.579931640625,101.1564624993632,4836.892856639351,4432.267006641899,0.6532609201278561,8.730583051012692,True,27.455206417743504,122.09680333254485,10538690.0,0.7195106792210417,14521763.172851076
2023-06-23,4742.19140625,4764.990403395433,4673.794414813702,4696.593411959135,3225300,4639.13974609375,103.95214010010449,4847.044026293958,4431.235465893541,0.7478343881545229,8.96305313394658,False,27.372423373593726,119.88960227891525,10699955.0,0.30143117424325616,14521763.172851076
2023-06-26,4764.990234375,4787.789230711723,4742.191238038277,4764.990234375,3004300,4644.839501953125,107.69424370977107,4860.227989372667,4429.4510145335835,0.7789163289582893,9.274313453843664,False,27.478311229684547,114.5830587356674,9944560.0,0.30210486939593106,14521763.172851076
2023-06-27,4810.58837890625,4924.583364188388,4742.191387736967,4764.990384793395,10337300,4649.3992919921875,112.8253535748941,4875.049999141976,4423.748584842399,0.8571650382798587,9.706660709413955,False,28.507698304574948,119.42655285822124,9797640.0,1.0550806112492397,14521763.172851076
2023-07-03,4947.3818359375,4970.1808305731565,4833.3868627592165,4856.185857394874,9745800,4657.378930664063,127.78065561218943,4912.940241888442,4401.817619439684,1.0673842098478257,10.974469332601219,False,29.71970011837356,122.29554563027018,10037770.0,0.9709128621197736,14521763.172851076
2023-07-04,5015.779296875,5106.97528409091,4878.985316051137,4970.181303267045,11253300,4682.00185546875,146.64376721886046,4975.289389906471,4388.71432103103,1.0690276643467895,12.528296377975593,False,31.492535617711788,129.84514723094895,10100445.0,1.1141390305080618,14521763.172851076
2023-07-05,5015.779296875,5061.377290482955,4901.784312855114,5015.779296875,5802800,4707.08076171875,158.8204505958474,5024.721662910445,4389.439860527055,0.9859237805932801,13.496301307382327,False,33.138740009954425,131.96999225929838,8203535.0,0.7073535981744455,14521763.172851076
2023-07-06,4901.78369140625,5015.778660973838,4833.386709665698,5015.778660973838,7575500,4728.739794921875,154.05229830914593,5036.844391540167,4420.635198303583,0.7808200500474158,13.031150369033245,False,33.696848202818444,135.57160618429867,7941140.0,0.9539562329841811,14521763.172851076
2023-07-07,4901.78369140625,4924.582685319768,4833.386709665698,4878.984697492733,2663400,4750.398828125,145.7829821038773,5041.964792332755,4458.832863917246,0.7596065416836185,12.275430958829052,False,34.2150915247636,132.40191828928235,7361310.0,0.361810601645631,14521763.172851076
2023-07-10,4901.78369140625,4992.97966706032,4878.984697492733,4901.78369140625,3693100,4768.410009765625,140.79035766931366,5049.990725104252,4486.829294426997,0.7368302841340374,11.810256029240566,False,35.0865841875171,131.0871362377327,6958475.0,0.5307341048146326,14521763.172851076
2023-07-11,4992.98046875,4992.98046875,4901.784478453196,4924.583476027397,5442200,4790.069067382812,140.3281390485382,5070.725345479888,4509.412789285736,0.8614944991485329,11.718256006292645,False,35.89583184476548,128.23782488816252,6750150.0,0.8062339355421732,14521763.172851076
2023-07-12,4970.18115234375,4992.980148455419,4924.583160120413,4992.980148455419,3747200,4809.448217773437,136.8889091448625,5083.226036063163,4535.670399483712,0.7935463062245188,11.384999105634307,False,36.647276097924696,123.9635022982643,6770125.0,0.5534905190081424,14521763.172851076
2023-07-13,4924.58349609375,5015.779486762153,4924.58349609375,4970.181491427951,5082300,4823.12763671875,133.85756622255894,5090.842769163868,4555.412504273632,0.6894847303706272,11.101308221950713,False,37.487021932282616,121.62296575327423,6798415.0,0.7475713089006776,14521763.172851076
2023-07-14,4992.98046875,4992.98046875,4924.583476027397,4947.382473601599,5629300,4843.646752929688,126.28580326115893,5096.218359452006,4591.07514640737,0.7956264915849056,10.428985407309046,False,38.26678554863184,117.82111053679769,6846005.0,0.8222751809266864,14521763.172851076
2023-07-17,4947.3818359375,5015.7788198444705,4947.3818359375,5015.7788198444705,4892500,4859.606030273438,117.48730556294205,5094.580641399321,4624.631419147554,0.6867772123198406,9.670521011871502,False,39.142856655844625,114.29081577752433,7006890.0,0.6982413024894069,14521763.172851076
2023-07-18,4856.18603515625,4947.382017037119,4810.588044215816,4947.382017037119,6029300,4869.865576171875,106.78312750311197,5083.431831178099,4656.29932116565,0.46797354288198306,8.770930189580527,False,37.69376025888724,115.89818413779426,7036215.0,0.8568953620661108,14521763.172851076
2023-07-20,4742.19140625,4901.784386268029,4719.392409104567,4856.186391977163,7504200,4869.865576171875,106.78312750311197,5083.431831178099,4656.29932116565,0.2010900202418364,8.770930189580527,False,35.23391431358011,120.6477407824848,6302270.0,1.1907138221624907,14521763.172851076
2023-07-21,4719.392578125,4764.990574048913,4532.440794836956,4764.990574048913,22262600,4868.725634765625,108.32833381009425,5085.382302385813,4652.0689671454365,0.15536934939289673,8.89993332436437,False,34.14160357955748,128.64074352744709,7288345.0,3.0545480489740813,14521763.172851076
2023-07-24,4628.1962890625,4742.191271551725,4628.1962890625,4719.3922750538795,3029700,4861.8859375,119.01420390503053,5099.914345310061,4623.857529689939,0.009113952852264712,9.791608066085415,False,33.12731504082219,127.59461773900263,7125360.0,0.425199568863889,14521763.172851076
2023-07-25,4559.79931640625,4696.593295898438,4550.679717773438,4628.196306152344,7405200,4851.626391601562,135.50793676711407,5122.642265135791,4580.610518067334,-0.03839480210087318,11.172165853635065,False,32.74302918708577,128.903114909431,6795400.0,1.0897371751478941,14521763.172851076
2023-07-26,4559.79931640625,4582.598312988282,4505.081724609375,4559.79931640625,10027600,4844.786694335938,146.7324380046186,5138.2515703451745,4551.321818326701,0.014443803624530386,12.114666528139535,False,32.68641317309343,125.23264872867927,6917645.0,1.4495684586300686,14521763.172851076
2023-07-27,4541.56005859375,4673.79423700662,4541.56005859375,4559.799255616214,6711200,4834.755126953125,160.34267769141002,5155.4404823359455,4514.0697715703045,0.042861774886210124,13.265836509280138,False,31.584429060730077,125.73275799183577,7091940.0,0.9463137025975967,14521763.172851076
2023-07-28,4523.32080078125,4559.7991943359375,4450.364013671875,4541.559997558594,10673600,4822.671655273438,174.3694965207041,5171.410648314846,4473.9326622320295,0.07080960192965323,14.462481295407011,False,31.19394995206083,124.56864532556625,7475405.0,1.427828993880599,14521763.172851076
2023-07-31,4719.392578125,4719.392578125,4550.679993206521,4559.799592391304,10766200,4818.111865234375,175.88788796540007,5169.8876411651745,4466.336089303575,0.3596843588104336,14.602225343461914,False,29.318808007930127,129.67601189829367,7496850.0,1.4360964938607548,14521763.172851076
2023-08-01,4742.19140625,4810.588397686298,4605.397423377404,4719.392409104567,12275100,4807.85234375,173.92413177660896,5155.700607303218,4460.004080196782,0.4056184198976831,14.47000609348604,False,27.573590649378886,135.0699377847651,7623315.0,1.610205009238107,14521763.172851076
2023-08-02,4650.9951171875,4764.990095549939,4628.196121515012,4719.392104204963,8093000,4789.613134765625,170.05566665564436,5129.724468076914,4449.501801454336,0.2962167031769364,14.202037773889309,False,25.953031673581304,135.1930832312052,7465300.0,1.0840823543595033,14521763.172851076
2023-08-03,4628.1962890625,4696.593278556034,4582.598296066811,4650.995285560345,4702100,4770.233984375,164.93266588910086,5100.0993161532015,4440.368652596798,0.28470351135898636,13.830153106060733,False,24.136151449153424,133.67893317820653,7410265.0,0.63453871082883,14521763.172851076
2023-08-04,4582.59814453125,4696.593123250933,4582.59814453125,4628.1961360191235,4397200,4754.27470703125,166.96372338035403,5088.202153791958,4420.3472602705415,0.24294331872782104,14.04746117286207,False,22.44904969355878,132.27293643116911,7251350.0,0.6063974294441725,14521763.172851076
2023-08-07,4650.9951171875,4673.794112859988,4582.598130170037,4605.3971258425245,5159100,4741.735278320312,164.70449476732105,5071.144267854955,4412.32628878567,0.3622682379418343,13.894026983780947,False,20.882455339915662,129.3388683067964,7376135.0,0.6994313417528285,14521763.172851076
2023-08-08,4673.79443359375,4719.392428067836,4605.397441882622,4628.196439119665,4658900,4730.3358154296875,160.8898528254244,5052.115521080536,4408.556109778839,0.412142716207702,13.604941306756654,False,19.787919927904074,128.24287672668336,7424425.0,0.6275098745020659,14521763.172851076
2023-08-09,4833.38671875,4878.984706662736,4696.592755011792,4719.391748968161,12811900,4722.356127929687,150.8204084694563,5023.9969448686,4420.715310990775,0.6840443742777662,12.77501352153014,False,20.023266342234464,133.73911932256215,7792910.0,1.6440456774170367,14521763.172851076
2023-08-10,4787.7890625,4878.985044642857,4742.191071428571,4878.985044642857,4505100,4713.2365234375,140.18596654101862,4993.608456519538,4432.8645903554625,0.6329529283530059,11.897214650180734,False,20.241804623420897,133.95732317197098,7830805.0,0.5753048377529513,14521763.172851076
2023-08-11,4787.7890625,4856.186049107143,4787.7890625,4810.588058035714,6680000,4706.396801757813,132.45553404074175,4971.3078698392965,4441.485733676329,0.6536218575759015,11.257489720481749,False,20.444733027379726,129.27444198876898,7910690.0,0.844426971604247,14521763.172851076
2023-08-14,4856.18603515625,4901.784026096684,4719.392062334948,4787.789048745599,7988200,4699.557080078125,119.80595755871113,4939.168995195548,4459.945164960703,0.8268388281137194,10.197212674920388,False,19.838854553873635,133.06855068683808,8028635.0,0.9949636519782006,14521763.172851076
2023-08-15,4856.18603515625,4924.583021566902,4742.191057805165,4901.784026096684,9892200,4694.997290039062,111.31169326968723,4917.620676578436,4472.373903499688,0.8620211416752463,9.483429820574912,False,19.473796864816716,136.59165162075945,8278620.0,1.194909296476949,14521763.172851076
2023-08-16,4810.58837890625,4878.985370075533,4787.789381849822,4833.387375962678,3103500,4692.7174072265625,108.261646771778,4909.240700770119,4476.194113683006,0.7721900488179496,9.228055932373872,False,19.134814724978153,133.3491042353988,8132330.0,0.38162494635608735,14521763.172851076
2023-08-18,4764.990234375,4833.387223385167,4742.191238038277,4833.387223385167,4180500,4693.857348632812,108.927980724463,4911.713310081738,4476.001387183886,0.6632566886604663,9.282598309570748,False,18.263474995655866,130.3381671719339,7966145.0,0.5247833174013278,14521763.172851076
2023-08-21,4764.990234375,4810.588227048445,4742.191238038277,4764.990234375,3403100,4696.137231445313,109.9628350818414,4916.062901608996,4476.21156128163,0.6565369856061872,9.366236944315084,False,17.454373818428028,125.91379730323634,7023170.0,0.4845532715283839,14521763.172851076
2023-08-22,4742.19140625,4810.588397686298,4742.19140625,4764.990403395433,2898400,4701.836987304688,109.20766020786077,4920.25230772041,4483.421666888966,0.5923800099473414,9.290637723317914,False,16.703067541859856,121.80545402702646,7016605.0,0.41307726457453425,14521763.172851076
2023-08-23,4673.79443359375,4742.191425304878,4628.196439119665,4742.191425304878,5703600,4707.5367431640625,104.26734071119022,4916.071424586443,4499.002061741682,0.4190966477610299,8.8596092946146,True,16.350970824640502,121.2475634668969,6931525.0,0.8228492287050829,14521763.172851076
2023-08-24,4673.79443359375,4764.990422541921,4650.995436356708,4673.79443359375,2946400,4713.236499023437,98.73524947626755,4910.706997975973,4515.766000070902,0.40013175223918446,8.379401245553893,True,15.734085278626345,120.72952223249096,6577465.0,0.44795373293510493,14521763.172851076
2023-08-25,4696.59326171875,4764.990250967081,4696.59326171875,4696.59326171875,2113600,4720.9881591796875,90.27057944094875,4901.529318061585,4540.44700029779,0.43243951237486083,7.648447858563088,True,15.161262985898915,118.6199718854081,6347585.0,0.33297702984678423,14521763.172851076
2023-08-28,4764.990234375,4787.789230711723,4696.593245364833,4696.593245364833,2019800,4733.071630859375,77.72094651890349,4888.513523897182,4577.629737821568,0.6026705313858409,6.568330469555292,True,14.31840473560695,116.66111570408538,5914895.0,0.3414768985755453,14521763.172851076
2023-08-29,4856.18603515625,4924.583021566902,4810.588044215816,4810.588044215816,8166400,4739.911303710937,82.33589183320909,4904.583087377356,4575.239520044519,0.8530499544501644,6.948306544786807,True,14.584359162083052,119.72766366750085,5784905.0,1.411674003289596,14521763.172851076
2023-08-30,4742.19140625,4878.985389122596,4742.19140625,4856.186391977163,5918500,4739.911303710937,82.33589183320909,4904.583087377356,4575.239520044519,0.506923173139612,6.948306544786807,True,13.985514447209434,120.94668646786477,5467075.0,1.0825715762084844,14521763.172851076
2023-08-31,4719.392578125,4787.789572010869,4650.99558423913,4764.990574048913,12640100,4743.3311767578125,79.83067667721345,4902.992530112239,4583.669823403386,0.4250332089454609,6.732034825515154,True,13.498741470104243,122.07863656099863,5694430.0,2.2197305085847048,14521763.172851076
2023-09-01,4673.79443359375,4719.392428067836,4628.196439119665,4719.392428067836,3361200,4745.611083984375,76.96928935829992,4899.549662700975,4591.672505267775,0.2667360222844498,6.48761881209004,True,13.264134343761349,119.87274387845122,5627385.0,0.5972934142590208,14521763.172851076
2023-09-04,4559.79931640625,4650.995302734375,4559.79931640625,4650.995302734375,5703300,4744.471142578125,79.63335845422323,4903.737859486571,4585.204425669679,-0.0797564919920873,6.713781668061798,True,13.660545685656277,119.45291340052613,5692690.0,1.0018637937425015,14521763.172851076
2023-09-05,4582.59814453125,4605.397140275187,4559.799148787313,4559.799148787313,4912600,4741.051293945313,85.13739875719916,4911.326091459711,4570.776496430914,0.03471344048826695,7.182997481248618,False,14.028643397576428,114.17756183533665,5680365.0,0.8648387911692295,14521763.172851076
2023-09-06,4559.79931640625,4582.598312988282,4532.440520507813,4582.598312988282,6279500,4735.351538085937,93.30149387760005,4921.954525841137,4548.748550330737,0.02961036746638308,7.881272858176283,False,14.617150261322026,109.6047211671318,5761395.0,1.0899270055255714,14487824.837328026
2023-09-07,4582.59814453125,4582.59814453125,4514.201157299441,4559.799148787313,5142500,4722.812109375,96.23878296435565,4915.289675303711,4530.334543446288,0.13576543539707617,8.15097283021845,False,15.328181495317416,106.66131160032306,5377925.0,0.9562238223850277,14558501.204515526
2023-09-08,4477.72265625,4582.598034145875,4477.72265625,4582.598034145875,6668200,4707.3087890625,109.30785601954629,4925.924501101593,4488.693077023408,-0.025090650326738295,9.28835229790106,False,16.31171819015891,106.53375279181785,5486080.0,1.2154762599160056,14233387.190843651
2023-09-11,4559.79931640625,4559.79931640625,4477.722928710938,4477.722928710938,3383200,4695.9093017578125,112.31978413599201,4920.5488700297965,4471.2697334858285,0.19704806148228005,9.5674577099645,False,17.225002263940297,104.78681760356301,5321240.0,0.6357916575835707,14487824.837328026
2023-09-12,4550.6796875,4582.598282502505,4541.560088927856,4582.598282502505,2775300,4680.633984375,110.12797517922507,4900.88993473345,4460.37803401655,0.2049925401254553,9.411372523197212,False,17.688692269798604,100.23334445864059,5060595.0,0.5484137734792055,14459553.987718651
2023-09-13,4559.79931640625,4582.598312988282,4541.560119140625,4550.679717773438,2580700,4665.8146484375,105.08780477133035,4875.990257980161,4455.639038894839,0.24779344696100072,9.009170975664238,False,18.119261030539835,96.00511941499889,4695020.0,0.5496675200531627,14487824.837328026
2023-09-14,4582.59814453125,4628.1961360191235,4532.44035389459,4559.799148787313,5593900,4654.41513671875,100.83651794169452,4856.088172602139,4452.74210083536,0.3219469651138057,8.665880887692536,False,17.740025679071888,95.98730960853709,4819540.0,1.1606709354004738,14558501.204515526
2023-09-15,4628.1962890625,4628.1962890625,4514.201306573276,4582.598296066811,13506600,4647.575439453125,97.52651737605342,4842.628474205232,4452.522404701018,0.4503233814965915,8.393754433604581,False,17.61573381743899,97.27357195715757,5285845.0,2.5552395123201683,14699855.452562401
2023-09-18,4514.201171875,4582.598159327651,4486.842376893939,4559.799163510101,7457600,4635.035986328125,97.75767939426962,4830.5513451166635,4439.520627539586,0.1909838306262822,8.436411685486227,False,17.835143234661206,100.42216768654352,5488570.0,1.35875100435997,14346470.589281151
2023-09-19,4468.60302734375,4532.440213448661,4468.60302734375,4514.201017418686,4458000,4621.3565673828125,101.06012527582273,4823.476817934458,4419.236316831167,0.12212212872744556,8.747225954309403,False,18.25710960357308,97.80895471642691,5566550.0,0.800855107741779,14200310.197122805
2023-09-20,4477.72265625,4532.440244717413,4477.72265625,4477.72265625,3059600,4611.552978515625,105.13364752981612,4821.8202735752575,4401.2856834559925,0.1817614402951484,9.119153397531331,False,18.648934888960195,95.38240204908666,5434350.0,0.5630112156927691,14200310.197122805
2023-09-21,4514.201171875,4514.201171875,4477.722778566919,4505.08157354798,2938800,4603.573315429688,106.21192025533746,4815.997155940363,4391.149474919012,0.28963720988229585,9.22865026603136,False,19.012772653962514,91.17498159022333,5433970.0,0.540820063415882,14200310.197122805
2023-09-22,4532.4404296875,4582.598221162915,4486.8424374371225,4486.8424374371225,6305800,4595.365673828125,104.98078458144835,4805.327242991022,4385.404104665228,0.35015056709781694,9.137970036146893,False,17.999681354250196,91.502181742764,5643580.0,1.1173404115827188,14200310.197122805
2023-09-25,4532.4404296875,4605.397217288103,4514.201232787349,4541.5600281375755,4227300,4583.73818359375,97.84021929490254,4779.418622183555,4388.0577450039455,0.36892467567035847,8.53802860251443,False,16.75848858565528,91.48031051119186,5753955.0,0.734677278498007,14200310.197122805
2023-09-26,4901.78369140625,4924.582685319768,4541.559587572675,4582.597776617006,24143100,4586.01806640625,104.80624168529494,4795.63054977684,4376.40558303566,1.2532128333257087,9.141371897596946,False,18.72583863194245,112.95616373412585,6552790.0,3.684400079965938,14200310.197122805
2023-09-27,4901.78369140625,4992.97966706032,4856.185703579215,4901.78369140625,13629200,4593.9976806640625,121.98941943061547,4837.976519525293,4350.018841802832,1.1307637420088898,10.621635264994882,False,20.919033264537656,114.6588637160529,6938325.0,1.964335772682888,14200310.197122805
2023-09-29,4947.3818359375,5015.7788198444705,4878.98485203053,4901.783846666187,5832500,4605.397143554687,143.14226938563849,4891.681682325964,4319.1126047834105,1.0972811068501969,12.43256682746398,False,23.071157113506253,116.23994258018772,6597945.0,0.8839873627318809,14200310.197122805
2023-10-02,4947.3818359375,5061.3768091157835,4833.3868627592165,4947.3818359375,8667500,4619.076513671875,161.87020687737595,4942.8169274266265,4295.336099917123,1.0070502605126272,14.017538475343361,False,24.37389317476954,124.22208570707195,6863260.0,1.2628838190597471,14200310.197122805
2023-10-03,5038.578125,5152.57310520362,4970.181136877828,4970.181136877828,9880200,4643.015454101563,186.21488323542445,5015.445220572412,4270.585687630713,1.0310567340612915,16.042581384985528,False,26.094776397133625,130.00559881843253,7072105.0,1.3970663614298713,14200310.197122805
2023-10-04,4970.18115234375,5084.176132902093,4878.985167897076,5061.377136790425,4716400,4662.394604492188,199.3040239700736,5061.002652432335,4263.786556552041,0.8860766854082408,17.098855062850784,False,26.461768938611,135.37598211747425,7062295.0,0.6678282343062701,14200310.197122805
2023-10-05,5129.7744140625,5243.769401041667,4970.181432291667,4970.181432291667,16110200,4690.893359375,223.18204725264397,5137.257453880287,4244.529264869712,0.9916177847749146,19.031091108187535,False,27.68421919481864,145.24828687322017,7553830.0,2.132719428422403,14200310.197122805
2023-10-06,5175.37158203125,5266.567557045017,5152.572588277808,5152.572588277808,7331400,4720.53203125,246.21520062544963,5212.962432500899,4228.101629999101,0.9618313061356908,20.863343283807918,False,28.92765145075569,144.6443480238842,7663275.0,0.9566927977920667,14200310.197122805
2023-10-09,5084.17626953125,5198.171253153027,4992.980282633828,5175.372256428672,3304400,4750.854711914062,252.01378570852955,5254.8822833311215,4246.827140497003,0.8306580597169155,21.218395509046946,False,28.336472979317687,148.9691067735495,7495085.0,0.440875587134769,14200310.197122805
2023-10-10,5061.37744140625,5175.37242882531,5038.578443922438,5175.37242882531,2646600,4775.933618164063,256.9098947266242,5289.7534076173115,4262.113828710814,0.7777664748431795,21.51704066819791,False,27.787521541553826,148.09945521135822,7458255.0,0.3548551236180581,14200310.197122805
2023-10-11,4970.18115234375,5106.975129013762,4947.382156232082,5106.975129013762,3970300,4796.90869140625,254.6664364744634,5306.241564355177,4287.575818457323,0.6700974648801775,21.235879426323287,False,26.412311971860746,148.9204207520955,7518005.0,0.5281055279957915,14200310.197122805
2023-10-12,4650.9951171875,4924.583065257353,4605.3971258425245,4924.583065257353,16577200,4801.468481445312,250.98741478092506,5303.443311007162,4299.493651883462,0.35011861611751216,20.909221064416876,False,26.153028842591183,164.33924973417624,8217830.0,2.0172235249451496,14200310.197122805
2023-10-13,4742.19140625,4787.789400540865,4582.598426231971,4696.593411959135,4460800,4809.44814453125,246.153034555139,5301.754213641529,4317.142075420972,0.43169214996394384,20.47245564629164,False,26.02420522524545,167.25723006094182,8161175.0,0.5465879606796815,14200310.197122805
2023-10-16,4742.19140625,4810.588397686298,4696.593411959135,4787.789400540865,2820500,4815.147900390625,243.03524775654344,5301.218395903712,4329.077404877538,0.4249527642450159,20.18922390623369,False,25.714602216781582,163.45278403710049,7626870.0,0.36981094472568693,14200310.197122805
2023-10-17,4764.990234375,4833.387223385167,4719.392241701555,4742.191238038277,2977700,4827.687353515625,232.9511583947885,5293.589670305201,4361.785036726048,0.43271430847065134,19.301263013657945,False,25.23140436444829,159.9200838689942,7402875.0,0.40223561791871404,14200310.197122805
2023-10-18,4878.98486328125,4901.78385796948,4696.592905775409,4810.5878792165595,3053000,4848.2064453125,217.19840800939286,5282.603261331286,4413.809629293714,0.5354266155203801,17.919897633021943,False,24.206574695633652,163.15371732078538,7332625.0,0.4163583982543768,14200310.197122805
2023-10-19,4742.19140625,4878.985389122596,4742.19140625,4878.985389122596,2939000,4861.4298828125,200.8942619176709,5263.218406647842,4459.641358977158,0.351615377880522,16.52964389164012,False,23.254947146020058,161.2708791459147,7326595.0,0.4011413214460469,14200310.197122805
2023-10-20,4742.19140625,4833.3873948317305,4696.593411959135,4742.19140625,2289000,4872.82939453125,186.07619325123954,5244.981781033729,4500.677008028771,0.3244832049728377,15.274591263964373,False,22.68840499794206,159.52252941210622,7294105.0,0.31381506024385447,14200310.197122805
2023-10-23,4514.201171875,4764.990125868056,4514.201171875,4764.990125868056,8001300,4871.917431640625,187.86831409464,5247.654059829905,4496.180803451345,0.02398005287706071,15.424589331053182,False,23.230970817298754,166.0415597393169,7378880.0,1.0843515547074896,14200310.197122805
2023-10-24,4605.39697265625,4696.592952312809,4495.9617970683785,4514.20099299969,4144800,4875.565258789063,181.5311996844368,5238.627658157936,4512.502859420189,0.1279313327372131,14.893140798982826,False,23.827764348816917,168.5122451325393,7374755.0,0.5620254503369942,14200310.197122805
2023-10-25,4787.7890625,4833.387053571429,4628.19609375,4628.19609375,5916300,4869.86552734375,182.4519357578068,5234.769398859364,4504.961655828136,0.3875368675826205,14.986199083597668,False,23.15019428060362,172.76066197415642,6463415.0,0.9153520236593194,14200310.197122805
2023-10-26,4605.39697265625,4787.788931969369,4582.59797774211,4787.788931969369,2972700,4855.04619140625,191.53370752435106,5238.113606454952,4471.978776357548,0.1741445383467814,15.780175921982226,False,22.795922881168067,175.07712074442313,5930590.0,0.5012486110150929,14200310.197122805
2023-10-27,4970.18115234375,5015.779144567087,4605.397214557053,4605.397214557053,10468000,4856.1861572265625,192.17895426427538,5240.5440657551135,4471.8282486980115,0.6482927664394861,15.829620038621552,False,21.512875346895655,191.884624399167,6162365.0,1.6986984704735926,14200310.197122805
2023-10-30,4947.3818359375,4970.1808305731565,4787.788873487903,4970.1808305731565,4601600,4856.1861572265625,192.17895426427538,5240.5440657551135,4471.8282486980115,0.6186338002775391,15.829620038621552,False,20.32147406507127,191.20659971750126,5959070.0,0.7722010313689888,14200310.197122805
2023-10-31,5289.3671875,5289.3671875,4833.387257543103,4947.382240032328,9892400,4868.725610351563,211.87837575849582,5292.482361868554,4444.968858834572,0.9963243365947537,17.4072965055179,False,20.84857880151504,210.11898044888665,5959680.0,1.659887779209622,14200310.197122805
2023-11-01,4901.78369140625,5106.974636627907,4878.984697492733,5106.974636627907,7213400,4865.305737304688,210.70335536209532,5286.7124480288785,4443.899026580497,0.5432811737132457,17.32292823832462,False,21.338033199641394,224.4235168459138,6084530.0,1.1855311749633908,14200310.197122805
2023-11-02,4901.78369140625,5061.376648800872,4878.984697492733,4924.582685319768,7449600,4853.906201171875,201.61324973750098,5257.132700646877,4450.679701696873,0.5593679858549859,16.614515516498916,False,21.792526569330153,221.4212621646442,5651500.0,1.3181633194727063,14200310.197122805
2023-11-03,5015.779296875,5106.97528409091,4878.985316051137,4901.784312855114,5956800,4845.926586914063,191.10476185534606,5228.136110624755,4463.71706320337,0.7221984270720381,15.774466115223895,False,22.426866454305156,221.8904554414391,5582770.0,1.0669972074794412,14200310.197122805
2023-11-06,4992.98046875,5061.377461472603,4878.985480878995,5015.779466324201,5432400,4841.366796875,186.1444924420701,5213.65578175914,4469.077811990859,0.7036236338313687,15.379499240769992,False,23.015896347496227,219.06913580945113,5689170.0,0.9548668786483793,14200310.197122805
2023-11-07,5061.37744140625,5061.37744140625,4901.784459019566,5015.779446438626,4186900,4841.366796875,186.1444924420701,5213.65578175914,4469.077811990859,0.7954836880276213,15.379499240769992,False,23.562852676887935,214.8208391363963,5766185.0,0.726112672416858,14200310.197122805
2023-11-08,5175.37158203125,5175.37158203125,4992.979632003717,5084.175607017483,5896900,4851.626318359375,198.83960369769605,5249.305525754767,4453.947110963983,0.9070432369248715,16.393645400533288,False,24.63408472664118,212.50448991433464,5862515.0,1.005865230195573,14200310.197122805
2023-11-09,5152.5732421875,5266.568225421736,5084.176252246958,5175.372238834347,4470800,4876.705224609375,203.77279830842807,5284.250821226232,4469.159627992519,0.8384504947031421,16.713972973402385,False,26.020539580143538,210.3535958615092,5257195.0,0.8504154782160449,14200310.197122805
2023-11-10,5106.9755859375,5198.171578543527,5084.176587785993,5106.9755859375,1995900,4894.94443359375,207.39243380194054,5309.729301197631,4480.1595659898685,0.7555917162173811,16.947480128976913,False,27.307961944110016,203.4708383540824,5133950.0,0.3887649860244062,14200310.197122805
2023-11-13,5106.9755859375,5175.372580392021,5061.377589634487,5152.573582240513,2320600,4913.183642578125,209.28338351340756,5331.75040960494,4494.61687555131,0.7314946606200107,17.038515043462848,False,28.243856721189662,197.07970638290035,5108955.0,0.45422204736585076,14200310.197122805
2023-11-14,4992.98046875,5198.171446917808,4970.181471175799,5106.975456621005,4585700,4924.583154296875,206.9831454573956,5338.549445211666,4510.616863382084,0.5826121787621631,16.812236810483768,False,28.12980428299811,199.28758276569383,5189355.0,0.8836743680091264,14200310.197122805
2023-11-15,4970.18115234375,5084.176132902093,4878.985167897076,5038.578140678756,7429200,4929.14296875,206.93026573814282,5343.003500226286,4515.282437273715,0.549579726106476,16.79239308334519,False,27.160135492444464,199.70925292564544,5408165.0,1.3737006914544951,14200310.197122805
2023-11-16,4924.58349609375,4970.181491427951,4810.588507758247,4970.181491427951,5692900,4938.2625732421875,202.22305572111839,5342.708684684424,4533.816461799951,0.48308912267735926,16.38009747127317,False,25.673874965104517,196.84380512164964,5545860.0,1.0265134713101305,14200310.197122805
2023-11-17,5110.416015625,5110.416015625,4901.353542258523,5017.499360795455,9478700,4956.673803710937,200.1844620514386,5357.042727813814,4556.30487960806,0.6920006806953853,16.154741665797363,False,25.20691135520273,197.7165671391373,5905345.0,1.6051052055383725,14200310.197122805
2023-11-20,5017.5,5133.645833333334,4971.041666666667,5063.958333333334,3809300,4981.8387451171875,171.16548914354522,5324.169723404278,4639.507766830097,0.5520859302030589,13.743157729567882,False,24.91061737343386,195.20853853396085,5695745.0,0.6687974970789599,14200310.197122805
2023-11-21,5017.5,5063.958333333334,4901.354166666667,5017.5,12920200,5002.443896484375,146.48993868634028,5295.4237738570555,4709.464019111694,0.5256947740756839,11.713469793377653,True,24.01872422200014,192.87965482915413,6134515.0,2.106148570832413,14200310.197122805
2023-11-22,5063.9580078125,5156.874668506307,4971.041347118693,5017.4996774655965,4837200,5016.25234375,137.9589115818467,5292.170166913694,4740.334520586307,0.5864490439861824,11.000954667181892,True,23.771680052115794,192.37634529761556,6080560.0,0.7955188337916245,14200310.197122805
2023-11-23,5040.72900390625,5110.4165016561055,4994.270672073013,5063.9581698228685,3977300,5038.0189453125,98.39283148800759,5234.804608288516,4841.233282336485,0.5068858131043824,7.812025524799175,True,23.54228189436604,186.93130846086393,6130790.0,0.6487418424053017,14200310.197122805
2023-11-24,4901.35400390625,5040.7289992779915,4831.666506220379,5040.7289992779915,6134500,5034.577587890625,102.02691020482416,5238.6314083002735,4830.523767480977,0.17355773168833075,8.106094974102577,True,21.963140178626215,188.51210769122156,5914115.0,1.0372642398735905,14200310.197122805
2023-11-27,4901.35400390625,4994.270667487412,4878.12483801096,4901.35400390625,3778500,5032.276196289063,104.58434365515645,5241.444883599375,4823.10750897875,0.18704160726365607,8.313084542718832,True,20.496794299724947,183.34308781873798,5872960.0,0.643372336947638,14200310.197122805
2023-11-28,4901.35400390625,4947.812335696831,4761.9790085345085,4854.895672115669,33088800,5012.875537109375,89.24742218957043,5191.370381488516,4834.380692730234,0.18760573003934516,7.121455262863686,True,19.771858966734943,183.52096205756544,7032780.0,4.704938871968126,14200310.197122805
2023-11-29,4692.29150390625,4924.583162515471,4669.062338045328,4924.583162515471,12990400,5002.400927734375,112.29081612024468,5226.982559974864,4777.819295493886,-0.19041582059580472,8.978953725814362,True,19.68123894127504,188.66380937274954,7321630.0,1.7742497230807894,14200310.197122805
2023-11-30,4831.66650390625,4831.66650390625,4645.833176832933,4715.520674485427,30374300,4998.895068359375,116.6090893244621,5232.113247008299,4765.67688971045,0.1414761374479674,9.330789122783735,True,19.736252584985266,188.46163206564722,8467865.0,3.5870080592923954,14200310.197122805
2023-12-01,4645.8330078125,4808.437163085938,4645.8330078125,4715.520502929688,14371900,4980.39775390625,140.65273457666933,5261.703223059589,4699.092284752911,-0.0946644889285452,11.296506144823635,False,19.787337747101667,188.2739080676546,8888620.0,1.6168876608517408,14166846.958842484
2023-12-04,4669.06201171875,4761.9786686683765,4669.06201171875,4692.291175956157,5118000,4964.201831054687,156.8448956343291,5277.8916223233455,4650.512039786029,0.02956738224999136,12.63807564415696,False,19.834773969066894,183.12189040967044,8872900.0,0.5768125415591295,14236533.970561234
2023-12-05,4738.74951171875,4738.74951171875,4636.541188916974,4669.062018899357,12752800,4948.0704345703125,162.80232030551932,5273.6750751813515,4622.4657939592735,0.17856581764506668,13.160873310782382,False,20.106806633079348,177.34234986624944,9301195.0,1.3710926391716334,14445596.470561234
2023-12-06,4692.29150390625,4761.979001489016,4669.062338045328,4738.749835628094,6355600,4923.916430664062,163.13959893630675,5250.195628536676,4597.637232791449,0.14505103563445126,13.252832474600309,False,20.0949819220398,171.31194369320932,9324130.0,0.6816292780130693,14306222.447123734
2023-12-07,4627.25,4715.520833333333,4608.666666666667,4692.291666666667,5883500,4897.6502685546875,166.639360717854,5230.928989990395,4564.37154711898,0.0943331344559751,13.609739493876083,False,20.52631707583453,166.70781676274194,9394765.0,0.6262530249559196,14111097.935404984
2023-12-08,4669.06201171875,4692.291175956157,4617.957850396455,4669.06201171875,7221600,4875.75458984375,166.457192538829,5208.668974921408,4542.840204766092,0.1895709717127641,13.655912287756339,False,20.92684257578678,160.10963881966765,9656050.0,0.7478834513077294,14236533.970561234
2023-12-11,4715.52099609375,4715.52099609375,4645.833493688424,4669.062661156866,4147300,4856.181860351562,160.7550871334256,5177.692034618413,4534.671686084711,0.2812497464838164,13.241274050785881,False,20.998267933271496,153.65091479007185,9747385.0,0.42547821800411084,14375910.923686234
2023-12-12,4645.8330078125,4738.74966796875,4636.541341796875,4738.74966796875,5130300,4838.824487304688,163.91733720147352,5166.659161707635,4510.989812901741,0.20565731058853925,13.55017836514077,False,20.76263915006135,149.9764441744864,9774615.0,0.524859546897755,14166846.958842484
2023-12-13,4692.29150390625,4692.29150390625,4636.541505840037,4669.062338045328,3196400,4824.930004882813,163.97451409918833,5152.879033081189,4496.980976684436,0.29777573712410926,13.593939305502586,False,20.543840994223356,143.24598373818117,9562975.0,0.33424744914631693,14306222.447123734
2023-12-14,4761.97900390625,4785.208169778964,4669.062340415397,4715.520672160823,4271900,4816.799780273437,162.8003593971005,5142.4004990676385,4491.199061479236,0.41581594695152213,13.51937940736735,False,19.17579899343657,141.31025842570872,9491925.0,0.45005623200773287,14515284.947123734
2023-12-15,4645.8330078125,4785.207998046875,4645.8330078125,4761.978833007813,16216100,4793.570629882813,151.44956750350093,5096.4697648898145,4490.671494875811,0.25612736222092947,12.637724919238616,False,18.15877758359829,141.1720249834706,9828795.0,1.6498563659126069,14166846.958842484
2023-12-18,4617.9580078125,4669.062170876823,4599.3746757891095,4645.833005847586,6879500,4773.593530273438,146.63169013699817,5066.856910547434,4480.330149999441,0.23464889766406002,12.286902033621534,False,17.70254231284218,136.0659871337737,9982305.0,0.6891694854044231,14083221.958842484
2023-12-19,4715.52099609375,4715.52099609375,4627.25015971367,4636.541826701047,1210200,4758.494580078125,135.30446871053897,5029.103517499203,4487.885642657047,0.42059836531284506,11.373720527244352,False,16.70521233608683,133.315772930022,9396805.0,0.1287884552249408,14375910.923686234
2023-12-20,4669.06201171875,4715.520340193563,4645.832847481343,4715.520340193563,2498900,4738.749780273438,115.78833275042862,4970.326445774295,4507.17311477258,0.34953628984171153,9.77374523824277,False,15.779120214814004,128.77094262162092,9279890.0,0.26928120915226367,14236533.970561234
2023-12-21,4669.06201171875,4669.06201171875,4636.541181786381,4669.06201171875,5014900,4720.166430664062,92.19257246812592,4904.551575600314,4535.78128572781,0.3614193704081182,7.812654390252567,True,15.031898058800833,121.89593457238868,9331770.0,0.5374007289078063,14236533.970561234
2023-12-22,4645.8330078125,4692.291337890625,4645.8330078125,4692.291337890625,1057100,4707.390380859375,83.00979968486887,4873.409980229113,4541.370781489637,0.31460811470282446,7.0535726140235555,True,14.020047336456564,116.50753425136985,9077900.0,0.11644763656792871,14166846.958842484
2023-12-27,4627.25,4669.0625,4627.25,4645.833333333333,4851900,4693.6851806640625,71.06922250493389,4835.82362567393,4551.546735654195,0.26630115568152446,6.056581962310386,True,13.329287693821893,111.17217466198629,9131570.0,0.5313325090866083,14111097.935404984
2023-12-28,4669.06201171875,4692.291175956157,4608.666184701492,4645.832847481343,3906300,4682.070581054688,51.68112512119048,4785.432831297069,4578.7083308123065,0.4370729192455023,4.415236739942434,True,12.403164395397173,109.20451870432045,7672445.0,0.5091336594788233,14236533.970561234
2023-12-29,4669.06201171875,4692.291175956157,4645.832847481343,4669.06201171875,3425800,4680.909106445312,51.70035647281994,4784.309819390952,4577.508393499673,0.4427127028960107,4.417975679265522,True,11.543192761145647,104.72264797364137,7194215.0,0.4761881595142764,14236533.970561234
2024-01-02,4669.06201171875,4692.291175956157,4617.957850396455,4692.291175956157,4646900,4672.778881835938,37.610300975021566,4747.99948378598,4597.558279885895,0.4752935364725197,3.219523279496096,True,11.116682432993084,102.5519820869314,5907845.0,0.7865643055970494,14236533.970561234
2024-01-03,4617.9580078125,4669.062170876823,4617.9580078125,4669.062170876823,4304300,4671.3851318359375,39.146524595192915,4749.678181026324,4593.092082645551,0.15880033683757758,3.3520271602874954,True,10.720637128279987,98.87713787103081,5404465.0,0.7964340596155216,14083221.958842484
2024-01-04,4608.666015625,4645.8326770413305,4599.374350270918,4617.957680979082,7863600,4668.36533203125,41.58850056379619,4751.542333158842,4585.1883309036575,0.1411308679266286,3.5634315316706813,True,10.647817674947223,95.13293707812953,5541745.0,1.4189754310239826,14055345.982279984
2024-01-05,4599.375,4627.25,4590.083333333333,4608.666666666667,6935500,4661.3966064453125,40.844335200476664,4743.0852768462655,4579.7079360443595,0.12037816173961788,3.5049010971519605,True,10.728561063191982,90.99248919159649,5250880.0,1.32082622341398,14027472.935404984
2024-01-08,4571.49951171875,4599.374508741425,4562.207846044525,4599.374508741425,6595200,4655.357006835938,44.77686921881076,4744.910745273559,4565.8032683983165,0.03180349262806725,3.8473413878299882,True,11.239474938180667,87.14782238901643,5262860.0,1.2531589287953697,13943846.470561234
2024-01-09,4478.58349609375,4599.3751671502205,4469.291829089406,4571.500166137189,10576800,4647.923681640625,59.581070873128816,4767.085823386882,4528.761539894367,-0.21054524140505013,5.127542959319659,True,12.880741882538251,90.21464493700202,5497525.0,1.9239203095938626,13832998.437881349
2024-01-10,4432.12451171875,4506.45783686288,4394.957849146685,4478.582839933831,9794700,4636.076806640625,76.35225151491872,4788.781309670463,4483.372303610788,-0.1678005260985135,6.5876606190435325,False,15.09226315509115,91.73502656408726,5626180.0,1.740914794763054,13800010.378907474
2024-01-11,4329.91650390625,4459.999832349786,4320.6248375888545,4459.999832349786,15147400,4616.79658203125,100.19766528147932,4817.191912594209,4416.401251468292,-0.2157853362128884,8.681141869793645,False,17.691824875492788,95.1378814352904,6176185.0,2.4525495916977875,13483165.554688724
2024-01-12,4348.5,4376.375,4283.458333333333,4348.5,10100900,4601.929931640625,116.4093201324047,4834.748571905435,4369.111291375815,-0.04426469322295618,10.11830443849492,False,20.34234362039435,94.97922323753158,6424715.0,1.5721942529746455,13540774.392579349
2024-01-15,4394.9580078125,4422.833005747886,4348.49967792019,4348.49967792019,5984300,4587.063256835938,123.0582381544598,4833.179733144858,4340.946780527018,0.10972696362207066,10.730895238566477,False,21.87266649029248,93.50451642254333,6564110.0,0.9116696703742015,13684794.216798099
2024-01-16,4394.9580078125,4422.833005747886,4394.9580078125,4422.833005747886,4470600,4568.71220703125,122.96703818640971,4814.646283404069,4322.77813065843,0.1467463928110758,10.766013056997856,False,23.293680583769316,88.81669367346068,6574045.0,0.6800379370691865,13684794.216798099
2024-01-17,4394.9580078125,4422.833005747886,4320.624679984804,4376.374675855576,10204800,4556.16845703125,127.40175733692054,4810.971971705091,4301.364942357409,0.18365732822581762,11.184990944775926,False,25.1752028088332,89.77323882271934,6273480.0,1.6266569750760345,13684794.216798099
2024-01-18,4348.5,4422.833333333333,4348.5,4394.958333333333,4453400,4542.695556640625,134.5696466595508,4811.834849959727,4273.556263321523,0.13922853061373816,11.849321177848573,False,26.92232373544394,88.6703884306203,6152175.0,0.7238740770540499,13540774.392579349
2024-01-19,4302.0419921875,4376.375331145384,4302.0419921875,4376.375331145384,4717000,4522.0216064453125,138.32990076505126,4798.681407975415,4245.36180491521,0.10243661521987092,12.236111438997753,False,28.86555167237059,87.64631346828199,6327515.0,0.7454743291797807,13396754.568360599
2024-01-22,4237.0,4348.5,4227.708333333333,4320.625,6598100,4500.418505859375,147.58594707863796,4795.590400016651,4205.246611702099,0.053787960382471744,13.117530903980313,False,31.10650356189891,90.01383869673805,6532475.0,1.0100459626711162,13335043.993335381
2024-01-23,4227.70849609375,4264.875164191278,4171.958493947459,4246.291830142513,6736300,4478.350830078125,153.90377971436124,4786.158389506847,4170.543270649403,0.09285870943267814,13.746469229761185,False,33.463302060187765,90.22118380724382,6618545.0,1.0177916747563098,13335043.993335381
2024-01-24,4274.16650390625,4274.16650390625,4190.541507090693,4227.7081723420515,3752900,4459.767504882812,155.0509686125791,4769.869442107971,4149.665567657654,0.20074195176374965,13.906641406111008,False,35.4508757713092,89.7500275935519,6753335.0,0.5557106229736863,13335043.993335381
2024-01-25,4264.875,4320.625,4246.291666666667,4292.75,4656100,4441.648754882813,155.62136484764704,4752.891484578106,4130.406025187519,0.2160194632403559,14.014738529386731,False,36.32312880052223,88.64883514639341,6743545.0,0.6904528701150507,13335043.993335381
2024-01-26,4181.25,4264.875,4181.25,4264.875,3976300,4417.258154296875,156.32874756082302,4729.915649418521,4104.600659175228,0.12257716834031034,14.15617943078602,False,37.555472490173635,88.2899897787939,6747045.0,0.5893394812099223,13335043.993335381
2024-01-29,4227.70849609375,4227.70849609375,4171.958493947459,4171.958493947459,3865800,4395.190478515625,149.933162826751,4695.056804169127,4095.324152862123,0.22073892915971888,13.6452027332738,False,38.75644719167206,85.96570494790085,6769045.0,0.5710997637037426,13335043.993335381
2024-01-30,4209.12451171875,4227.707842896316,4190.541180541184,4199.832846129967,5539800,4372.193603515625,140.7044149038264,4653.602433323278,4090.7847737079724,0.21026301500856354,12.872660971891802,False,39.8716379859206,82.48010570537693,6813690.0,0.8130396305085791,13335043.993335381
2024-01-31,4162.66650390625,4246.291500636509,4162.66650390625,4209.124835423061,8787300,4349.429028320313,135.58719479787615,4620.603417916065,4078.25463872456,0.15564129287342549,12.469424737364948,False,41.09005501497522,82.56188363572566,7037840.0,1.2485791094995056,13335043.993335381
2024-02-01,4125.49951171875,4190.541170687289,4097.6245150179475,4162.666173986487,8492600,4325.270703125,129.89104336119362,4585.052789847387,4065.488616402613,0.1155023736880421,12.012292619497558,False,42.601612429829096,83.30151020955537,7069290.0,1.2013370508212282,13335043.993335381
2024-02-02,4311.3330078125,4320.624673777613,4116.208022545124,4134.79135447535,8399800,4310.868603515625,112.735055979156,4536.338715473938,4085.3984915573133,0.5010298577776917,10.460542071471881,False,41.569001857606494,91.9525917111935,7142505.0,1.176029978277929,13335043.993335381
2024-02-05,4385.66650390625,4441.416501837261,4283.458174366062,4311.333173331568,11620400,4301.576953125,96.63121004440461,4494.839373213809,4108.31453303619,0.7175527729152121,8.985654433005488,False,39.020267822840204,96.6672871226225,7393765.0,1.5716485444154635,13335043.993335381
2024-02-06,4497.166015625,4515.749346268079,4376.374366444989,4413.541027731147,10850900,4302.506079101562,98.49411522697442,4499.494309555511,4105.517848647613,0.9940902714716878,9.156906548524079,False,36.59337894227123,99.71783660122726,7407470.0,1.4648591219404197,13335043.993335381
2024-02-07,4376.37451171875,4497.16616490844,4376.37451171875,4497.16616490844,6442300,4299.718579101563,95.37210451995209,4490.462788141467,4108.974370061658,0.7009390822479716,8.872404346042618,False,34.33983926745718,101.22310921468889,7239850.0,0.8898388778773041,13335043.993335381
2024-02-12,4413.54150390625,4441.41650287829,4320.624840666119,4394.958171258224,8892600,4303.899829101562,98.54601239177134,4500.991853885105,4106.807804318019,0.7781484307269715,9.158764497764151,False,32.14492300744944,102.62086300022334,6927110.0,1.2837388174866575,13335043.993335381
2024-02-13,4422.83349609375,4478.583498145352,4385.6668280593485,4413.541829085149,4030900,4307.61650390625,101.66891132650751,4510.954326559265,4104.278681253235,0.7833142174048746,9.44085075672931,False,30.004266928242647,101.92770636349334,6623610.0,0.6085654197635428,13335043.993335381
2024-02-15,4552.91650390625,4571.499836575255,4459.999840561224,4459.999840561224,14393100,4315.514428710938,114.17686890061465,4543.868166512168,4087.1606909097086,1.0198121070432369,10.582920834744595,False,28.929851325908107,105.26618022906564,7044050.0,2.043298954436723,13335043.993335381
2024-02-16,4459.99951171875,4552.916168212891,4404.249517822265,4552.916168212891,9428400,4318.76650390625,117.43843348679268,4553.643370879836,4083.889636932665,0.8006532947077816,10.877034762640832,False,27.292641365443092,108.3662377901313,7291940.0,1.292989245660277,13335043.993335381
2024-02-19,4413.54150390625,4459.999835526316,4385.666504934211,4459.999835526316,2937200,4319.6956787109375,118.14438436394047,4555.984447438818,4083.4069099830567,0.6985829155159485,10.940065518615095,False,25.566439393415106,105.93531584741514,6928560.0,0.42392647245603704,13335043.993335381
2024-02-20,4459.99951171875,4487.874508666992,4413.54118347168,4413.54118347168,5260900,4325.270654296875,122.13833510755053,4569.5473245119765,4080.993984081774,0.7757710290205718,11.295324142198044,False,24.254745091927862,103.6780308008364,6968935.0,0.7549073136713143,13335043.993335381
2024-02-21,4385.66650390625,4459.999834480933,4367.0831712625795,4459.999834480933,7742500,4329.451879882812,122.73122540796638,4574.914330698745,4083.9894290668794,0.6145075832099302,11.339192933705826,False,22.545570752354315,102.90936168780189,7120210.0,1.0873977031576316,13335043.993335381
2024-02-22,4459.99951171875,4469.291177368164,4385.666186523437,4413.54118347168,4356800,4340.60185546875,124.01294819609272,4588.627751860935,4092.5759590765642,0.7406959474530143,11.42817999212234,False,21.01864837413568,101.53190662758227,7008145.0,0.6216766348299015,13335043.993335381
2024-02-23,4404.25,4460.0,4404.25,4460.0,2554200,4349.428930664062,121.81799315429889,4593.06491697266,4105.792944355464,0.612506100117943,11.203125292653088,False,19.60079188007552,98.26177043989783,6799040.0,0.37567068291994166,13335043.993335381
2024-02-26,4562.2080078125,4580.7913398198825,4404.249685749745,4441.416349764511,12472700,4363.831005859375,129.25188648907644,4622.334778837528,4105.327232881223,0.8837023337564414,11.847561128332236,False,19.579271509527565,103.85319069920064,7235030.0,1.7239320362182327,13335043.993335381
2024-02-27,4543.625,4580.791666666667,4506.458333333333,4580.791666666667,7635500,4377.768505859375,132.99455156373097,4643.757608986837,4111.779402731913,0.8117730993309648,12.151812174236797,False,19.559291389820807,101.74462945878159,7384000.0,1.0340601300108343,13335043.993335381
2024-02-28,4543.625,4562.208333333333,4506.458333333333,4562.208333333333,3206900,4395.887255859375,129.44955035178225,4654.78635656294,4136.98815515581,0.7853191527879861,11.779151085300125,False,19.540738421521674,98.45929878315434,7345530.0,0.43657843613735153,13335043.993335381
2024-02-29,4497.166015625,4552.916007554236,4478.582684981921,4543.624342232696,9172500,4409.360131835938,124.96935621037164,4659.298844256681,4159.421419415195,0.6756548294152427,11.336733900057991,False,19.095554194848894,96.73601476809436,7610865.0,1.2051849559806933,13335043.993335381
2024-03-01,4580.79150390625,4627.249835588869,4487.8748405410115,4487.8748405410115,10844200,4427.9434814453125,121.20384177365615,4670.351164992625,4185.535797898,0.815270580998529,10.948996280692763,False,19.46267167514156,99.7816562166489,7876085.0,1.3768515702915851,13335043.993335381
2024-03-04,4552.91650390625,4636.541500916773,4552.91650390625,4580.791502909758,9493000,4447.455981445312,106.80742196735589,4661.070825380024,4233.841137510601,0.7468473644396412,9.606158883906128,False,19.893858306498586,98.62760913049704,7911370.0,1.19991859816947,13335043.993335381
2024-03-05,4487.87451171875,4552.916171308877,4487.87451171875,4552.916171308877,6479700,4465.574731445313,75.44973562730452,4616.474202699922,4314.675260190704,0.5738895242244131,6.758344908753526,True,19.292735154580487,96.22863649171154,7810725.0,0.8295900828668273,13335043.993335381
2024-03-06,4543.625,4580.791666666667,4487.875,4487.875,6043100,4477.1893310546875,67.96436610804227,4613.118063270772,4341.260598838603,0.7443768431522647,6.072056469591551,True,19.04460684060884,95.99210209572622,7692890.0,0.7855435343544493,13335043.993335381
2024-03-07,4738.74951171875,4785.207840265012,4543.624531824448,4552.916197533701,20514400,4494.843481445312,86.31882939318177,4667.481140231675,4322.205822658949,1.2064102698915424,7.6815871119432995,False,20.49272416225429,106.39147397750035,8137590.0,2.5209429327356134,13335043.993335381
2024-03-08,4808.43701171875,4854.89534033439,4738.74951879529,4761.97868310311,11083800,4510.40703125,111.22733767101576,4732.861706592032,4287.952355907968,1.169866749283913,9.864062103520684,False,22.24032745485731,107.08821359451035,8149235.0,1.3601031262443652,13335043.993335381
2024-03-13,4785.2080078125,4854.895503071905,4761.978842726032,4808.437172898969,5509400,4530.848706054688,122.31377064825037,4775.476247351188,4286.221164758187,1.0198909746828473,10.798309860560941,False,23.863102859953145,106.07595979103628,8102590.0,0.6799554216614687,13335043.993335381
2024-03-14,4878.125,4878.125,4785.208333333334,4785.208333333334,10787800,4554.077880859375,141.47725588682022,4837.032392633016,4271.123369085734,1.0726134513802308,12.42642392932665,False,25.506351624205614,105.13603353364084,8197350.0,1.316010661982226,13335043.993335381
2024-03-15,4854.8955078125,4924.583003139952,4808.437177594198,4878.124672921651,16980700,4575.680981445313,152.9073923012013,4881.495766047716,4269.86619684291,0.9565092016891868,13.36696268129278,False,27.296069548078762,105.92244724879177,8844840.0,1.919842529655709,13335043.993335381
2024-03-18,4785.2080078125,4878.124668158374,4761.978842726032,4854.895503071905,6645300,4587.295556640625,159.756085130462,4906.807726901549,4267.783386379701,0.8097103484512858,13.930306705369977,False,28.208843113857032,106.65268854761683,8457450.0,0.7857332884025326,13335043.993335381
2024-03-19,4947.81201171875,4947.81201171875,4785.207861098885,4831.666189847418,7749700,4611.686181640625,175.73723021056722,4963.16064206176,4260.211721219491,0.9781653689365946,15.24277440301006,False,29.489334278360474,110.64922155277745,8373515.0,0.9255014172662257,13335043.993335381
2024-03-20,4924.5830078125,4947.812172943691,4808.437182156545,4947.812172943691,4715300,4637.238256835937,182.43569121283568,5002.109639261608,4272.366874410266,0.8937616990763844,15.736581224300894,False,30.67836275778,112.7010622123752,8462420.0,0.5572046766764117,13335043.993335381
2024-03-21,4901.35400390625,4924.583169801541,4831.666506220379,4924.583169801541,4945800,4659.305981445313,186.51607985271912,5032.338141150751,4286.273821739875,0.8244331837931462,16.012348671281032,False,31.782460631526703,111.28789088157424,8446665.0,0.5855328700735735,13335043.993335381
2024-03-22,4924.5830078125,4924.5830078125,4808.437182156545,4924.5830078125,6962900,4686.251806640625,183.81176011431648,5053.875326869258,4318.628286411991,0.8241511873664282,15.689448002247541,False,32.385924950331635,111.63488622260147,8407685.0,0.8281589997722322,13335043.993335381
2024-03-25,4924.5830078125,4947.812172943691,4831.666347287735,4947.812172943691,5159600,4709.480981445313,183.06861946485964,5075.618220375032,4343.3437425155935,0.7937450817567293,15.548942245323772,False,33.12430860992522,111.95709618212675,8447825.0,0.610760757946572,13335043.993335381
2024-03-26,4854.8955078125,4901.353838030802,4761.978847375897,4901.353838030802,13313900,4732.013256835938,170.84829111810728,5073.709839072152,4390.316674599723,0.6798119404244055,14.441911452491999,False,32.59959279784708,115.57474362887504,8985810.0,1.48165830348071,13335043.993335381
2024-03-27,4808.43701171875,4878.12450464221,4738.74951879529,4831.666176026571,11452600,4744.32470703125,166.79154411512084,5077.907795261492,4410.741618801008,0.5960964553503522,14.062405456180526,False,31.745103998656155,117.27476093016396,8934805.0,1.281796301094428,13335043.993335381
2024-03-28,4878.125,4878.125,4761.979166666667,4808.4375,8496000,4761.04970703125,162.3181732656928,5085.686053562636,4436.413360499865,0.6803175987834607,13.637175266284377,False,30.95165543533164,117.19412324467605,8977830.0,0.9463311290144724,13335043.993335381
2024-04-01,4831.66650390625,4878.124835674579,4761.979006253756,4878.124835674579,3534900,4775.4517822265625,154.60670501027562,5084.665192247114,4466.238372206011,0.5908995532825554,12.950121752726815,False,30.21487894833811,117.11925685193091,8994230.0,0.3930186352806188,13335043.993335381
2024-04-02,4971.041015625,4994.270179249416,4808.436870254089,4878.124361127337,10163000,4799.145532226563,145.77302761046016,5090.6915874474835,4507.599477005642,0.7947998786472731,12.14991515732001,False,30.683542166903344,122.0274034336021,9043755.0,1.1237588811284693,13335043.993335381
2024-04-03,4854.8955078125,4994.270498467405,4854.8955078125,4994.270498467405,5016500,4812.850732421875,136.77077708840108,5086.392286598678,4539.309178245073,0.5768526294243564,11.367132262552161,False,31.118732159541363,123.26651680655229,8752370.0,0.573159041493904,13335043.993335381
2024-04-04,4947.81201171875,5017.499504841549,4854.895354221684,4878.124518595951,9401800,4832.5955078125,125.29339977005853,5083.182307352617,4582.008708272383,0.729893402441187,10.37069206951054,False,31.72626053980976,126.07634779321751,8747810.0,1.074760425752274,13335043.993335381
2024-04-05,4901.35400390625,5017.499833382702,4901.35400390625,4971.041501592121,3500400,4853.269482421875,96.14057295852773,5045.55062833893,4660.98833650482,0.6250370161230399,7.923777841452284,True,32.29039699465247,125.36702505630566,8598845.0,0.4070779273262863,13335043.993335381
2024-04-16,4669.06201171875,5017.49947527985,4645.832847481343,5017.49947527985,12055100,4859.541333007813,77.07929962405869,5013.69993225593,4705.382733759695,-0.11780310089120247,6.3445740527409535,True,30.79328222171866,142.95985382360575,8899445.0,1.3545900896067113,13335043.993335381
2024-04-17,4715.52099609375,4878.125168372845,4692.291828625308,4715.52099609375,7444200,4858.379907226563,79.14256467978224,5016.665036586127,4700.094777866999,0.048729208767643126,6.515963443868354,True,29.403104218280124,147.68151831149785,8245935.0,0.902772093158629,13335043.993335381
2024-04-18,4515.75,4738.75,4515.75,4715.520833333333,6422600,4843.745556640625,109.93420077739064,5063.613958195407,4623.877155085844,-0.24589061984630653,9.078445553497282,True,29.545254058684485,153.06140986067658,8012875.0,0.801535029561799,13335043.993335381
2024-04-19,4599.375,4669.0625,4478.583333333333,4497.166666666667,7787300,4834.45390625,122.30003453567495,5079.05397532135,4589.85383717865,0.019462714907436902,10.119036144087756,False,29.916369417296718,155.7341067753902,8126770.0,0.9582281767541102,13335043.993335381
2024-04-22,4636.54150390625,4669.062336097977,4599.374838544276,4645.833170246744,5249900,4822.374731445312,129.47925982952358,5081.333251104359,4563.416211786265,0.14119113017842375,10.73987543815097,False,30.260976536008076,149.5879204024124,7849875.0,0.6687877195496743,13335043.993335381
2024-04-23,4645.8330078125,4761.978833007813,4608.66634375,4669.0621728515625,7851100,4811.921606445312,135.03541809006776,5081.992442625447,4541.850770265177,0.19250919317694815,11.22507215489088,False,29.38811262690352,149.853961034941,7393395.0,1.06190728346044,13335043.993335381
2024-04-24,4599.375,4692.291666666667,4599.375,4645.833333333333,1748300,4802.629956054688,143.12167566468858,5088.873307384065,4516.3866047253105,0.14496126266212497,11.920275097127126,False,28.65470391786264,145.78701143720716,7148545.0,0.2445672510979507,13335043.993335381
2024-04-25,4669.06201171875,4715.520340193563,4571.499521921642,4645.832847481343,3992200,4788.692456054688,141.8060118981264,5072.304479850941,4505.0804322584345,0.2890949002538056,11.845071547146953,False,28.209495326009932,145.6608547825439,6960670.0,0.5735367428710167,13335043.993335381
2024-04-26,4478.58349609375,4692.291837193659,4478.58349609375,4692.291837193659,4517100,4766.39248046875,153.866911385494,5074.126303239738,4458.6586576977625,0.03237349443193214,12.912651403844269,False,28.504260497122427,150.5213895194986,6950760.0,0.6498713809712895,13335043.993335381
2024-04-29,4645.8330078125,4645.8330078125,4506.458017578125,4599.374677734375,4817800,4753.616430664062,152.67456387487113,5058.9655584138045,4448.26730291432,0.32350789136705976,12.847024247898196,False,28.777971013155458,151.7162553908737,6944360.0,0.693771636263097,13335043.993335381
2024-04-30,4599.375,4715.520833333333,4571.5,4599.375,8156700,4737.356030273438,150.81423963333373,5038.984509540105,4435.72755100677,0.27127320568518054,12.73404309657755,False,28.086468809003208,151.16658238676365,7004050.0,1.164569070751922,13335043.993335381
2024-05-02,4515.75,4692.291666666667,4515.75,4669.0625,6101700,4716.914379882813,151.80524794491322,5020.5248757726395,4413.303883992986,0.16871306722576124,12.87326720131688,False,27.902911992567162,152.97908840675674,7051155.0,0.8653475919902484,13335043.993335381
2024-05-03,4645.8330078125,4669.0621728515625,4534.3330156249995,4580.7913457031245,5033500,4706.461254882813,148.97549182297513,5004.412238528763,4408.5102712368625,0.3982580182679374,12.66135924679439,False,27.732466377305123,153.0028801528143,6637135.0,0.758384453533038,13335043.993335381
2024-05-06,4924.5830078125,4947.812172943691,4715.520521631781,4831.666347287735,12186600,4712.2685546875,155.2898470962704,5022.848248880041,4401.688860494959,0.8418035001885501,13.181748475841587,False,26.754290712874493,163.6440433655555,6673835.0,1.8260265649360525,13335043.993335381
2024-05-07,4924.5830078125,4947.812172943691,4854.895512418927,4924.5830078125,6493600,4714.591455078125,158.22118842105561,5031.0338319202365,4398.149078236014,0.8318006185359142,13.423957509670045,False,25.84598473876034,158.59208744835607,6573715.0,0.9878128272978065,13335043.993335381
2024-05-08,4924.5830078125,4947.812172943691,4878.124677550118,4947.812172943691,7150200,4719.237280273437,163.12784075668534,5045.492961786807,4392.981598760067,0.8147006154598531,13.826627572939785,False,25.002557762797192,152.241759444443,6754480.0,1.0585863012400658,13335043.993335381
2024-05-13,4808.43701171875,4924.58283325785,4785.20784741093,4901.353668950031,7397800,4711.107080078125,153.69700610333246,5018.5010922847905,4403.71306787146,0.6583146186582002,13.049756967169914,False,23.27463482024964,151.32271665566634,6616220.0,1.1181308964937684,13335043.993335381
2024-05-14,4901.35400390625,4994.270667487412,4854.895672115669,4854.895672115669,8259800,4713.430004882813,156.31336348909505,5026.056731861003,4400.8032779046225,0.8005565148570095,13.265359903693438,False,22.276985120836944,153.78778373516602,6778385.0,1.2185498463129492,13335043.993335381
2024-05-15,4994.27099609375,5017.500163517442,4901.354326398982,4924.583493822674,7344700,4715.752954101563,160.27481331083678,5036.302580723236,4395.20332747989,0.9344382567646949,13.594843908982668,False,21.543840535017203,151.09909629773932,6675530.0,1.10024222795793,13335043.993335381
2024-05-16,4994.27099609375,5040.729330941133,4971.041828670058,5017.500163517442,14044700,4720.3988037109375,167.1376948112182,5054.674193333374,4386.123414088501,0.9096505469519466,14.163014758822767,False,21.058677785907275,145.2839824386919,7202745.0,1.9499093748286245,13335043.993335381
2024-05-17,4901.35400390625,5017.499833382702,4854.895672115669,4994.270667487412,2182700,4732.013403320312,171.39927397950206,5074.811951279316,4389.214855361308,0.7469972547931993,14.488485925186637,False,19.67733512677982,146.52113806928767,6709125.0,0.3253330352318671,13335043.993335381
2024-05-20,4854.8955078125,4947.812168249103,4808.437177594198,4901.353838030802,3096600,4738.98212890625,173.51372775598287,5086.009584418216,4391.954673394284,0.6670089456398256,14.645653689859314,False,18.803449138843877,146.01069896826033,6491745.0,0.4770057973626506,13335043.993335381
2024-05-21,4808.43701171875,4878.12450464221,4761.97868310311,4878.12450464221,6776200,4753.616479492188,165.86953873210294,5085.355556956394,4421.877402027982,0.5826259791966732,13.957334542884487,False,18.382116692587186,143.87749343760606,6509425.0,1.0409828825126644,13335043.993335381
2024-05-22,4854.8955078125,4878.124672921651,4785.208012485048,4854.8955078125,4432500,4766.392504882812,163.18279140289016,5092.758087688592,4440.026922077032,0.6355887501507103,13.694448473198245,False,17.990877564686368,140.2374339375344,6341685.0,0.6989467310344175,13335043.993335381
2024-05-27,4831.66650390625,4878.124835674579,4761.979006253756,4878.124835674579,6443300,4776.148754882813,160.8267405435513,5097.802235969915,4454.49527379571,0.58630055679143,13.469156745097846,False,17.83341940633214,138.51660504348362,6401355.0,1.0065525189588767,13335043.993335381
2024-05-28,4878.125,4971.041666666667,4808.4375,4901.354166666667,4258000,4787.763354492187,159.3008658177449,5106.365086127677,4469.161622856697,0.6418097212528568,13.309000802496115,False,16.655481554781126,140.2371451594253,6221700.0,0.6843788675120948,13335043.993335381
2024-05-29,4831.66650390625,4878.124835674579,4785.208172137921,4831.66650390625,4485000,4799.3779296875,153.1937023640728,5105.765334415646,4492.990524959354,0.5526923981215861,12.76779654433656,False,15.790672965942969,136.85712249532915,6358535.0,0.705351154000096,13335043.993335381
2024-05-30,4831.66650390625,4947.812333327073,4808.437338022085,4878.124835674579,7806900,4807.508154296875,150.1992012280421,5107.906556752959,4507.1097518407905,0.5402105161210156,12.497052228090046,False,15.0473966206427,137.03697055316195,6549270.0,1.1920259815216048,13335043.993335381
2024-05-31,4831.66650390625,4924.583167442908,4831.66650390625,4878.124835674579,20193600,4825.1623046875,128.71735978753674,5082.5970242625735,4567.727585112427,0.5126327156443501,10.670510267602118,False,14.35721144286388,133.88552005198312,7333095.0,2.753762224545025,13335043.993335381
2024-06-03,4859.70361328125,4929.79549231896,4812.975693922776,4812.975693922776,5364200,4835.8558349609375,121.72922690833559,5079.314288777608,4592.397381144267,0.5489771005000105,10.068887995236835,False,13.500249326386827,132.66653993371173,7360415.0,0.7287904282571024,13335043.993335381
2024-06-04,4859.70361328125,4976.523411677434,4859.70361328125,4859.70361328125,5656800,4848.872265625,108.28788892593293,5065.448043476866,4632.296487773135,0.5250059073172493,8.933037043983658,True,13.204832805666415,131.5346298238883,7235420.0,0.7818205439352519,13335043.993335381
2024-06-05,4883.0673828125,4953.159259120814,4859.703424043062,4929.795300351376,3874700,4867.238134765625,74.7810242153347,5016.800183196294,4717.6760863349555,0.5529186655738175,6.145663897658097,True,12.930515020868924,128.81471591345,7124070.0,0.5438885356264046,13335043.993335381
2024-06-06,4883.0673828125,4999.8871766596885,4812.975506504186,4976.523217890251,2421800,4879.099853515625,53.640203642670166,4986.3802608009655,4771.8194462302845,0.5184913974381282,4.397549158910525,True,12.075769331715163,132.96449835931088,6993485.0,0.3462937290921479,13335043.993335381
2024-06-07,4883.0673828125,5023.251135429126,4883.0673828125,4883.0673828125,3806100,4877.024072265625,52.58026650934751,4982.18460528432,4771.8635392469305,0.5287337386631555,4.312487757307397,True,11.563032770960836,133.48015937769057,6574460.0,0.5789220711663011,13335043.993335381
2024-06-10,4859.70361328125,4953.159451998197,4836.339653602014,4953.159451998197,4284400,4873.780102539063,51.481567092159594,4976.743236723381,4770.816968354744,0.4316430615223224,4.225185872898889,True,10.977723855135114,132.2901335932972,6464000.0,0.662809405940594,13335043.993335381
2024-06-11,4766.2470703125,4883.06685144761,4766.2470703125,4812.974982766545,4645100,4865.863305664063,55.291375379339286,4976.446056422741,4755.280554905385,0.04958510858102679,4.545246909421208,True,11.213644002531172,131.18510841771243,6338745.0,0.7328106746682506,13335043.993335381
2024-06-12,4836.3388671875,4883.066778947766,4812.974911307367,4859.702823067632,4583100,4867.2583984375,54.10544052300218,4975.469279483504,4759.047517391496,0.3571329844507286,4.446481866701064,True,11.432712710827511,130.15900843325196,6198010.0,0.73944701605838,13335043.993335381
2024-06-13,4766.2470703125,4929.794763901655,4766.2470703125,4836.338938993566,4789600,4860.5030517578125,57.92402424574586,4976.351100249304,4744.655003266321,0.09319132832766269,4.766915986179454,True,10.980670094488081,132.54391451581645,6024500.0,0.7950203336376462,13335043.993335381
2024-06-14,4579.3359375,4812.9755261479595,4513.916852678572,4812.9755261479595,7136900,4839.756298828125,78.23755565324659,4996.231410134618,4683.281187521632,-0.33214627282811454,6.466239275080079,True,12.718569282694517,144.437825869643,6014110.0,1.1866926278368704,13335043.993335381
2024-06-19,4504.5712890625,4635.409459284232,4504.5712890625,4579.3359577606325,3202700,4815.271313476563,100.73025368056462,5016.731820837692,4613.8108061154335,-0.2711189366189661,8.367566197040613,False,14.390262951727301,143.46642189479223,5472010.0,0.5852876730853928,13335043.993335381
2024-06-20,4467.18896484375,4523.262466494508,4448.49779762683,4504.571299277589,4443100,4793.563061523438,125.04972145960625,5043.66250444265,4543.463618604225,-0.15248865185420205,10.43480349415612,False,16.284475970479512,138.55915382142692,5585030.0,0.7955373561108893,13335043.993335381
2024-06-21,4467.18896484375,4579.335968145267,4457.8433812352905,4467.18896484375,17649100,4774.177734375,143.7017722756358,5061.581278926272,4486.774189823728,-0.03407269212799193,12.039918098646009,False,17.291764769128196,137.34011332775185,6312655.0,2.7958283796595884,13303940.051034471
2024-06-24,4766.2470703125,4766.2470703125,4504.570760569853,4513.916343060662,7437200,4772.0682373046875,143.48188690720323,5059.032011119094,4485.104463490281,0.48985731384346737,12.026809322260931,False,16.25825838329481,148.8913984806803,6345705.0,1.1720053169821163,14171208.556893846
2024-06-25,4696.1552734375,4789.6110997745645,4672.791316853234,4766.247143190299,2528700,4764.1312255859375,143.04884770805262,5050.228921002043,4478.033530169832,0.38120150347668447,12.01048761543793,False,15.09856028729671,146.6005687978696,6250515.0,0.40455866436605625,13967942.345956346
2024-06-26,4742.88330078125,4789.611215074661,4672.791429341133,4672.791429341133,3909300,4759.692065429687,142.2179242190395,5044.127913867766,4475.256216991608,0.4704524504545767,11.951859260138978,False,14.021698819752006,144.4733700075595,6123815.0,0.6383765675481705,14103453.625253221
2024-06-27,4696.1552734375,4812.97505635883,4696.1552734375,4812.97505635883,3223500,4750.593579101563,140.04655922993604,5030.686697561435,4470.500460641691,0.40282105829054515,11.79192089561337,False,13.243800465025169,142.4981137871146,6072090.0,0.5308715779904448,13967942.345956346
2024-06-28,4742.88330078125,4742.88330078125,4654.100263623769,4672.791429341133,3867500,4746.1544189453125,138.74251856326256,5023.639456071837,4468.669381818788,0.49410577557994423,11.69304715492958,False,12.4929256514899,138.6613225992836,6041215.0,0.6401857904411613,14103453.625253221
2024-07-01,4766.2470703125,4812.974982766545,4742.883114085478,4766.2470703125,4427600,4742.883447265625,137.3849098314041,5017.653266928433,4468.113627602817,0.5425149004274669,11.58661488176433,False,12.084855504606965,133.7635044622681,5872250.0,0.7539869726254843,14124233.402849495
2024-07-02,4742.88330078125,4789.611215074661,4696.155386487839,4789.611215074661,2498400,4738.444287109375,135.79029915238476,5010.024885414145,4466.863688804606,0.5081725530092789,11.462859193832308,False,11.230543142174998,130.88438475687911,4987490.0,0.5009333352046821,14124233.402849495
2024-07-03,4812.97509765625,4812.97509765625,4696.1553137325545,4789.611140871511,4209300,4736.107861328125,133.98408023313803,5004.076021794402,4468.139700861849,0.6434260626232094,11.315965274115669,False,10.668906191976902,129.87977041165172,4929745.0,0.8538575524697525,14124233.402849495
2024-07-04,4906.43115234375,4929.795110212054,4766.247405133929,4812.975320870536,4348100,4738.44423828125,136.63394850141762,5011.712135284086,4465.176341278415,0.8073667194444661,11.534076724809427,False,11.174636899620621,132.28462288782842,4864310.0,0.8938780628701707,14124233.402849495
2024-07-05,4929.79541015625,4999.88728802577,4812.97561370705,4906.43145086641,2674800,4740.7806396484375,139.60435134892552,5019.989342346288,4461.571936950587,0.8384829496384956,11.779018010778746,False,12.159656759327657,136.18655513289215,4804315.0,0.5567495053925482,14124233.402849495
2024-07-08,4929.79541015625,4976.52332873593,4859.70353228673,4976.52332873593,1558300,4743.117041015625,142.4725299761777,5028.06210096798,4458.171981063269,0.8275690569470467,12.015097139215484,False,13.07431805762705,134.80321522691415,4761140.0,0.327295563667525,14124233.402849495
2024-07-09,4953.1591796875,4953.1591796875,4883.067304503243,4929.795221292748,1795800,4746.621630859375,146.88985723426993,5040.401345327915,4452.841916390835,0.8515177166023195,12.378476201202973,False,13.923646406047915,130.18097665243866,4660625.0,0.38531312860399625,14124233.402849495
2024-07-10,5069.97900390625,5069.97900390625,4906.431294102823,4953.159211189516,4568800,4757.135400390625,162.14315344423468,5081.421707279094,4432.849093502156,0.9823570975249661,13.633679918458519,False,15.539937285055188,132.56431473465213,4674845.0,0.9773158254444799,14124233.402849495
2024-07-11,5163.4345703125,5280.254356971154,5069.978740985577,5069.978740985577,12826600,4776.994775390625,185.9011819291727,5148.797139248971,4405.19241153228,1.019684424423275,15.566370965015022,False,18.084842198961944,138.11512196686107,5083920.0,2.522974397708855,14124233.402849495
2024-07-12,5186.79833984375,5210.162296329533,5069.978557414837,5210.162296329533,2208200,4794.517749023437,207.09797929319572,5208.713707609829,4380.321790437046,0.9735446866250533,17.277898644582397,False,20.447965851780324,138.26288032027784,4965175.0,0.44473759736565177,14124233.402849495
2024-07-15,5140.07080078125,5210.162675337358,5046.614968039773,5210.162675337358,2947400,4813.208935546875,220.82648090995974,5254.861897366794,4371.555973726956,0.8700437826653253,18.351705389649318,False,22.330991413621028,140.06893939008555,4873065.0,0.6048349447421695,14124233.402849495
2024-07-16,5069.97900390625,5233.526713709677,5046.615045362903,5233.526713709677,2130300,4837.7410888671875,220.73085738181155,5279.20280363081,4396.279374103565,0.7630329055413249,18.250737551024915,False,24.193925085635907,143.41484860127755,4622735.0,0.4608310880896266,14124233.402849495
2024-07-17,5116.70654296875,5186.798413420376,5046.614672517123,5186.798413420376,2535000,4868.3478515625,214.45208607741452,5297.252023717329,4439.443679407671,0.7895270173737029,17.620112006465277,False,25.92378658059585,143.18405519427583,4589350.0,0.5523658034362164,14124233.402849495
2024-07-18,5186.79833984375,5186.79833984375,5046.614600929054,5046.614600929054,2913900,4904.3283203125,203.70187525942163,5311.732070831344,4496.924569793657,0.8466708629602869,16.614048812004658,False,27.530085405798932,142.96974688859154,4512890.0,0.645683807936821,14124233.402849495
2024-07-19,5116.70654296875,5163.434456603168,5023.2507156999145,5093.342586151541,3165100,4936.80419921875,180.8335473132866,5298.471293845323,4575.137104592177,0.7487126233252599,14.651871130874786,False,28.637391701838105,144.4395952639661,3788690.0,0.8354074891321275,14124233.402849495
2024-07-22,5116.70654296875,5163.434456603168,5069.978629334332,5163.434456603168,1545400,4954.327172851563,180.41599471214843,5315.15916227586,4593.495183427266,0.725006893618636,14.566336732929678,False,29.665604691017336,140.7978975500282,3494100.0,0.4422884290661401,14124233.402849495
2024-07-23,5046.61474609375,5256.890360514323,5023.2507889359085,5069.9787032515915,4151500,4971.850146484375,170.78331396379252,5313.4167744119595,4630.28351855679,0.6094436538824074,13.740021032979383,False,31.206122344393815,147.42944569491294,3575240.0,1.1611807878631923,14124233.402849495
2024-07-24,5046.61474609375,5116.706617567274,4976.522874620226,5069.9787032515915,1350200,4987.03671875,162.6625754551888,5312.361869660377,4661.711567839622,0.5915668941934392,13.046831986908657,False,31.859530340199562,146.91189549863694,3447285.0,0.3916705465315458,14124233.402849495
2024-07-25,5069.97900390625,5069.97900390625,4906.431294102823,5046.615045362903,6454600,5005.7279052734375,148.32456480856638,5302.37703489057,4709.078775656305,0.6082947701814221,11.852387314325192,False,31.42257831066663,148.10016794897908,3608840.0,1.788552554283371,14124233.402849495
2024-07-26,4953.1591796875,5093.342930056014,4953.1591796875,5093.342930056014,2568400,5016.24169921875,135.62113278967698,5287.483964798104,4744.999433639396,0.3837155422726798,10.814561252963498,False,31.20791874531181,147.5347095503744,3543885.0,0.7247413502413312,14124233.402849495
2024-07-29,4836.3388671875,4976.522602468297,4812.974911307367,4929.794690708031,7803400,5019.7462890625,129.59264375958625,5278.931576581673,4760.561001543328,0.14618473596532156,10.326628980588524,True,29.276569379082552,148.6784939511284,3712675.0,2.101826849912799,14124233.402849495
2024-07-30,4859.70361328125,4906.431532639724,4812.975693922776,4883.067572960486,2904600,5025.5873046875,118.62568452155703,5262.838673730615,4788.335935644386,0.15040519665851673,9.441737041233907,True,27.483173539012526,144.73401857725833,3732985.0,0.7780904557612741,14124233.402849495
2024-07-31,4883.0673828125,4929.795300351376,4812.975506504186,4906.431341581938,7413200,5029.0919189453125,112.91154867664005,5254.9150162985925,4803.2688215920325,0.17668378955858044,8.980670904127717,True,26.05891245536717,142.7401453822534,3893180.0,1.9041503346878388,14124233.402849495
2024-08-01,4906.43115234375,4929.795110212054,4859.7032366071435,4859.7032366071435,2749200,5029.0919189453125,112.91154867664005,5254.9150162985925,4803.2688215920325,0.22841403727256754,8.980670904127717,True,24.73638430626791,137.5509831124432,3813235.0,0.7209626472011298,14124233.402849495
2024-08-02,4906.43115234375,4929.795110212054,4742.883447265625,4906.43115234375,11501600,5027.9237060546875,114.10750038658556,5256.138706827858,4799.708705281517,0.23381996516589115,9.077902295866238,True,23.733257593963717,141.0767459577279,4254575.0,2.703348748112326,14124233.402849495
2024-08-05,4812.97509765625,4906.430924795207,4766.247184086772,4859.703011225728,3497600,5022.082690429687,122.10463670037497,5266.291963830437,4777.873417028937,0.07186803379434033,9.725418255901147,True,22.80178278968125,141.01297612196004,4351540.0,0.8037614269890659,14124233.402849495
2024-08-06,4766.2470703125,4953.158720128677,4766.2470703125,4906.430807674632,5656300,5012.737084960938,134.21034377091686,5281.157772502772,4744.316397419104,0.040851308992303735,10.709545822666088,False,21.360233439446628,144.2914528144041,4544565.0,1.2446295740076332,14124233.402849495
2024-08-07,4953.1591796875,4953.1591796875,4789.611470924233,4789.611470924233,5521800,5006.89609375,134.13003452517123,5275.156162800342,4738.636024699657,0.39984175756620854,10.71562357306378,False,20.02164623826791,147.33578542587523,4592215.0,1.2024262801284347,14124233.402849495
2024-08-08,4906.43115234375,4976.523025948661,4883.067194475447,4929.795110212054,4368100,4994.045922851563,130.60846048150307,5255.262843814569,4732.829001888556,0.3322949941665133,10.461134118440528,False,18.70178719387738,143.4872172863994,4169290.0,1.0476843779156644,14124233.402849495
2024-08-09,4836.3388671875,4953.158646588165,4789.610955427234,4906.430734827899,3927900,4976.52294921875,126.84216426824335,5230.207277755237,4722.838620682263,0.2237037012889668,10.19524399365271,False,18.334776086346135,144.92010827743732,4255275.0,0.9230660768105469,14124233.402849495
2024-08-12,4812.97509765625,4836.3390544409895,4766.247184086772,4836.3390544409895,4174500,4960.1681640625,125.72739477445144,5211.622953611403,4708.713374513597,0.2073170356581656,10.138962278365799,False,18.23175412733206,139.57523414006448,4316630.0,0.9670738515925618,14124233.402849495
2024-08-13,4812.97509765625,4859.703011225728,4696.1553137325545,4859.703011225728,16380200,4947.31796875,127.04019380498185,5201.398356359963,4693.237581140036,0.23562919917302283,10.271439564421609,False,18.792973092912646,141.28755295100083,5029125.0,3.2570675813387022,14124233.402849495
2024-08-14,4836.3388671875,4836.3388671875,4719.519087786835,4789.610955427234,12380300,4933.299584960938,122.76176676901423,5178.823118498966,4687.776051422909,0.3025429245493897,9.953724857355182,False,19.314104989523194,139.53985484026254,5521390.0,2.2422433481424062,14124233.402849495
2024-08-15,4859.70361328125,4976.523411677434,4766.247774564303,4836.339653602014,19891900,4916.944848632813,108.12852404669945,5133.201896726212,4700.687800539414,0.3676546363315729,8.796399176758337,False,17.95849570810963,144.59241071689598,6370290.0,3.1226050933317007,14124233.402849495
2024-08-16,4812.97509765625,4906.430924795207,4812.97509765625,4906.430924795207,3924400,4901.758276367187,99.58760004940797,5100.933476466003,4702.583076268371,0.27712290820621904,8.126683890517338,False,16.69971566108275,140.93979760418605,6408255.0,0.6123976027795398,14124233.402849495
2024-08-19,4672.79150390625,4812.975249023438,4672.79150390625,4766.2473339843755,7974500,4879.562524414063,98.62371580626981,5076.809956026603,4682.315092801523,-0.024141224089499102,8.084635892076221,False,16.89419928655474,140.88579385511474,6729710.0,1.1849693374603065,14090575.986565584
2024-08-20,4766.2470703125,4789.611026539522,4696.155201631434,4719.519157858456,7527100,4865.544140625,93.41749941955656,5052.379139464113,4678.709141785887,0.23426533858892576,7.679922057602094,False,17.07479122449302,139.16677448212596,6898490.0,1.0911228399258388,14370942.685784334
2024-08-21,4719.51953125,4812.97536355198,4696.155573174505,4789.611405476486,6556200,4849.189379882812,88.55471492035122,5026.298809723515,4672.07995004211,0.1339273161529533,7.3047025375190655,False,16.937980007775092,137.57056133179378,7158790.0,0.915825160397218,14230760.068596834
2024-08-22,4742.88330078125,4742.88330078125,4672.791429341133,4696.155386487839,9050700,4832.8345947265625,74.7628382164,4982.360271159362,4683.308918293763,0.19921121210998588,6.187907883127528,True,17.035281970829526,132.75065491095972,7288595.0,1.241761958237493,14300851.377190584
2024-08-23,4696.1552734375,4766.247143190299,4672.791316853234,4742.883186606032,5684800,4819.984399414063,75.07919969706612,4970.142798808195,4669.826000019931,0.087671663802372,6.230659145385867,True,16.801673454988002,129.94388144139577,7444415.0,0.7636328710852364,14160667.295159334
2024-08-26,4672.79150390625,4719.519418945312,4635.4091718750005,4696.155461425781,8286400,4811.80703125,81.80906241972474,4975.42515608945,4648.188906410551,0.07518298330286008,6.8006935347507165,False,16.966444140730843,126.67005041488977,7468565.0,1.1095036328933336,14090575.986565584
2024-08-27,4742.88330078125,4766.247257927956,4654.100263623769,4696.155386487839,5705300,4805.966015625,82.37774992350005,4970.721515472001,4641.210515778,0.30855657352157684,6.856290673356938,False,16.46439841148169,125.63268926412526,7608600.0,0.7498488552427516,14300851.377190584
2024-08-28,4672.79150390625,4766.2473339843755,4663.445920898437,4766.2473339843755,7273100,4795.452221679688,85.383288286461,4966.218798252609,4624.685645106766,0.1408526766915115,7.122021810619052,False,15.99821203166988,124.00188382282619,7601595.0,0.9567860429291484,14090575.986565584
2024-08-29,4626.0634765625,4719.519304371844,4626.0634765625,4719.519304371844,5542200,4781.433837890625,89.13671778537851,4959.707273461382,4603.160402319868,0.06423580206805916,7.456902745700404,False,15.994235921827942,121.820022679006,7741245.0,0.7159313521274678,13950391.904534334
2024-08-30,4541.95361328125,4635.409448945474,4541.95361328125,4635.409448945474,28103300,4763.2099609375,98.95400053822469,4961.117962013949,4565.301959861051,-0.05898787935001594,8.309858381195387,False,16.825619231283607,119.79400932080726,8571330.0,3.2787560390277823,13698225.557258708
2024-09-02,4532.60791015625,4588.681410075708,4532.60791015625,4541.95349347616,7499900,4749.1916015625,110.69551391766099,4970.5826293978225,4527.800573727178,0.010857116650291751,9.323314214675355,False,17.682236992853397,115.24254436356806,8771445.0,0.8550358578318624,13698225.557258708
2024-09-03,4532.60791015625,4551.299076796069,4504.57116019652,4541.95349347616,8623300,4737.5096435546875,120.678930864931,4978.867505284549,4496.151781824826,0.07552297669140672,10.189229358434154,False,18.733065743406453,110.34864238042383,8919795.0,0.9667598862978353,13698225.557258708
2024-09-04,4513.9169921875,4532.608159857014,4467.189073013717,4532.608159857014,7365700,4715.547534179687,119.32859301028489,4954.204720200257,4476.890348159118,0.07757286643191819,10.122141036251312,False,20.033705229770078,107.1393884134862,9011990.0,0.8173222562386332,13698225.557258708
2024-09-05,4532.60791015625,4588.681410075708,4513.91674351643,4523.26232683634,8891800,4696.856372070312,117.11220634410947,4931.080784758531,4462.631959382094,0.14937800456202438,9.973667241818413,False,20.282631506953543,104.82690828104279,9238175.0,0.9625061226919819,13698225.557258708
2024-09-06,4476.53466796875,4569.990506548474,4467.189084110778,4523.262587258611,11411300,4678.866162109375,122.087854990241,4923.041872089857,4434.690452128893,0.08568464046485502,10.437388098761087,False,20.955488211559462,104.68223072080372,9612345.0,1.187150482010373,13698225.557258708
2024-09-09,4485.8798828125,4513.916632080078,4448.497550455729,4485.8798828125,6563900,4662.511401367187,125.04996386937168,4912.611329105931,4412.411473628444,0.1468781095786681,10.728120800537106,False,21.749291984596017,101.87772007105696,9731815.0,0.674478501697782,13698225.557258708
2024-09-10,4513.9169921875,4551.299327526527,4485.88024068323,4532.608159857014,5672600,4647.55849609375,123.98674861856348,4895.531993330877,4399.584998856623,0.23053268717169725,10.6711296886547,False,21.84874307785836,99.27355754555484,9196435.0,0.6168259765876668,13698225.557258708
2024-09-11,4448.49755859375,4541.9533896566445,4448.49755859375,4513.916640337776,6967300,4628.166430664062,123.23442511232716,4874.635280888717,4381.697580439408,0.13551403776472057,10.650820531935384,False,22.31360520317588,98.85800565393625,8925785.0,0.7805812037820763,13698225.557258708
2024-09-12,4532.60791015625,4551.299076796069,4457.843243596972,4457.843243596972,8071400,4611.8116455078125,112.09022002498509,4835.992085557783,4387.631205457842,0.323348247211247,9.722011967610861,False,22.580774926179,99.13968512167789,8334760.0,0.9684022095417265,13698225.557258708
2024-09-13,4485.8798828125,4532.607798258464,4485.8798828125,4532.607798258464,7668200,4595.456884765625,104.82131198435962,4805.0995087343435,4385.814260796906,0.23865762630056855,9.12390777351014,False,22.828861097539043,95.39599528039733,8521950.0,0.899817530025405,13698225.557258708
2024-09-17,4635.4091796875,4635.4091796875,4504.571017357611,4513.916600381174,11969900,4593.5877685546875,103.69700602692782,4800.981780608543,4386.193756500832,0.6008259850866678,9.02971805496205,False,21.38227427736263,99.26265968001181,8721720.0,1.3724242465935619,13698225.557258708
2024-09-18,4616.71826171875,4654.100595821736,4598.027094667257,4635.409428770243,8150900,4586.111328125,95.6732801395535,4777.457888404107,4394.764767845893,0.5799777470499218,8.344610350195634,False,19.928723769724993,96.17771978533086,8752910.0,0.9312217308300896,13698225.557258708
2024-09-19,4719.51953125,4719.51953125,4616.718115717822,4616.718115717822,13059800,4586.111328125,95.6732801395535,4777.457888404107,4394.764767845893,0.8486036094153061,8.344610350195634,False,19.406730553198763,96.65084091010567,9078090.0,1.4386065791372413,13698225.557258708
2024-09-20,4672.79150390625,4742.883376464843,4644.754754882812,4719.519418945312,20260900,4582.60673828125,90.78734916044937,4764.181436602148,4401.0320399603515,0.7483406731746732,7.924515835238334,False,19.19099030925022,96.75639667238606,9638600.0,2.1020583902226466,13698225.557258708
2024-09-23,4635.4091796875,4719.519426899572,4598.026847593246,4719.519426899572,8820000,4579.56943359375,87.75409307325519,4755.07761974026,4404.061247447239,0.6590801754601251,7.664833504174346,False,18.284565643937448,98.52326686052461,9795360.0,0.9004263243004851,13698225.557258708
2024-09-24,4598.02685546875,4654.100353706173,4588.681272429179,4654.100353706173,6287400,4575.831201171875,85.12704764279785,4746.0852964574715,4405.577105886279,0.5651839072054099,7.441449992385815,False,17.30622105579002,96.15868217598671,9695410.0,0.6484924309544413,13698225.557258708
2024-09-25,4598.02685546875,4635.409187627032,4532.607774191755,4635.409187627032,8729000,4568.58837890625,75.81929492152274,4720.226968749295,4416.949789063205,0.5970678921274938,6.638312636926534,True,16.51936980136696,96.63316298022174,9846595.0,0.8864993431739602,13698225.557258708
2024-09-26,4560.64453125,4598.026863473361,4504.571032914959,4598.026863473361,12956600,4562.981030273438,71.74469004652283,4706.4704103664835,4419.491650180392,0.49185828588177544,6.289282341568148,True,16.143711510051556,96.40621066437751,10130770.0,1.2789353622676263,13698225.557258708
2024-09-27,4485.8798828125,4569.990130615234,4476.534299723307,4569.990130615234,9602800,4555.971850585937,72.10421199453621,4700.18027457501,4411.7634265968645,0.2569768608706644,6.33052304616528,True,16.13734772557148,96.19546925205961,10333800.0,0.9292612591689408,13698225.557258708
2024-09-30,4392.42431640625,4495.225736577459,4392.42431640625,4485.880152925532,14403600,4548.495385742188,80.85551271367538,4710.206411169539,4386.784360314837,0.017438378355800643,7.110528283012182,False,17.02253059144826,96.66732288914174,9648815.0,1.4927843470933995,13665532.984655036
2024-10-01,4411.11572265625,4429.80689097259,4392.42455433991,4401.77013849808,8924900,4542.4207763671875,86.48011854134276,4715.381013449873,4369.460539284502,0.12041838076295538,7.615333127329103,False,17.84448610976241,92.43269800894161,9720065.0,0.9181934482948416,13723476.344030036
2024-10-02,4420.4609375,4448.497687632135,4392.424187367865,4411.115354122621,5800900,4536.813427734375,90.68350686663993,4718.180441467655,4355.446414001095,0.1792346969844138,7.995348128029697,False,18.269076226212924,89.83561245575082,9578945.0,0.6055886112719093,13752446.51004566
2024-10-03,4429.806640625,4439.152224255011,4392.424306104958,4420.46105699499,2973000,4532.60791015625,93.70135877791584,4720.010627712081,4345.205192600419,0.2257209744020299,8.269090169300394,False,18.663338477202686,86.75649143391523,9359310.0,0.3176516217541678,13781418.18973316
2024-10-04,4448.49755859375,4448.49755859375,4411.115226168593,4429.8063923811715,4241400,4528.402392578125,95.57024745613059,4719.542887490386,4337.261897665863,0.29097879279570454,8.441851158171518,False,18.844265897514376,83.22976579043251,9126790.0,0.46471979743151753,13839360.035436286
2024-10-07,4523.26220703125,4523.26220703125,4448.497542452221,4448.497542452221,5006800,4530.73876953125,94.80360843778034,4720.345986406811,4341.131552655689,0.48028407720127325,8.369814571992091,False,17.689050045996105,82.62511570390369,8806565.0,0.5685304088483989,14071130.445592536
2024-10-08,4532.60791015625,4541.95349347616,4485.879993556701,4523.26232683634,6665400,4533.075170898437,94.21385467052978,4721.502880239496,4344.647461557378,0.4987601060804136,8.313460608406968,False,16.5246141893769,80.72857171930045,8811640.0,0.7564312659164468,14100102.125280036
2024-10-09,4532.60791015625,4541.95349347616,4513.91674351643,4532.60791015625,3132400,4534.009716796875,94.1064550686223,4722.22262693412,4345.79680665963,0.4962760082727508,8.302272023810783,False,15.443352322516214,76.9648701650454,8684630.0,0.36068318396984095,14100102.125280036
2024-10-10,4569.990234375,4616.718150881902,4504.571151265337,4532.607901169478,7207100,4540.0843505859375,92.1979328907679,4724.480216367473,4355.688484804402,0.581091524645389,8.123014972518636,False,15.530760988143525,79.47787941158252,8696620.0,0.8287242629895293,14167840.175393952
2024-10-11,4541.95361328125,4626.063865379051,4532.608029714827,4626.063865379051,2485400,4540.5516357421875,92.18172773342332,4724.9150912090345,4356.1881802753405,0.5038022110605174,8.120751408951277,False,15.733549316365476,80.47630485819975,8417320.0,0.29527212937134384,14167840.175393952
2024-10-14,4626.0634765625,4626.0634765625,4551.298814315025,4551.298814315025,5329500,4547.560815429688,93.13053939291841,4733.8218942155245,4361.299736643851,0.7107328639040974,8.191691605480477,False,15.921852764000146,80.73584474556048,8300385.0,0.6420786505686182,14167840.175393952
2024-10-15,4644.7548828125,4663.446049342932,4588.681383221202,4626.063716282068,6314400,4548.028100585938,93.6166973714454,4735.2614953288285,4360.794705843047,0.7583053689738084,8.233607647180925,False,16.601537456489847,80.30933198671549,8017610.0,0.7875663695290741,14167840.175393952
2024-10-16,4719.51953125,4719.51953125,4626.06369894802,4644.754865408416,10163900,4553.1681640625,100.1788406096274,4753.525845281755,4352.810482843245,0.9151359862401744,8.800803045257556,False,17.886161082860724,81.2483677235201,8118260.0,1.2519801041109795,14167840.175393952
2024-10-17,4672.79150390625,4719.519418945312,4663.445920898437,4719.519418945312,3869100,4550.831762695312,96.57503018655439,4743.981823068421,4357.681702322203,0.8157124076879588,8.488560792619266,False,19.079025878776537,79.4501707683803,7658725.0,0.5051885268109247,14167840.175393952
2024-10-18,4766.2470703125,4766.2470703125,4607.37216796875,4696.155201631434,9282500,4555.504541015625,104.70531876856212,4764.915178552749,4346.0939034785015,1.0031800957568706,9.19374069992418,False,18.989098351384985,85.12336588090673,7109805.0,1.3055913629136102,14167840.175393952
2024-10-21,4719.51953125,4812.97536355198,4719.51953125,4789.611405476486,5445000,4559.71005859375,109.65575559531263,4779.021569784375,4340.398547403124,0.8643435581394177,9.619537574644069,False,19.495864649614617,85.71854205384054,6941055.0,0.7844628806427841,14167840.175393952
2024-10-22,4663.44580078125,4719.51929738383,4654.100218014153,4719.51929738383,4577900,4562.981005859375,111.813344305904,4786.607694471183,4339.3543172475665,0.7246261292547939,9.801780385438674,False,18.78080022727857,84.26859713826957,6855580.0,0.6677626108950665,14167840.175393952
2024-10-23,4742.88330078125,4742.88330078125,4663.445846482451,4672.791429341133,3497100,4570.223828125,118.68350437157366,4807.590836868148,4332.856819381853,0.8636972837347481,10.387544140941149,False,18.42840366459573,83.92351877125031,6593985.0,0.5303469753115908,14167840.175393952
2024-10-24,4812.97509765625,4859.703011225728,4719.519270517294,4719.519270517294,11876900,4582.840356445313,130.44107162798838,4843.72249970129,4321.958213189336,0.941070320756161,11.385172642510756,False,19.369086712780557,87.94210605247773,6540000.0,1.816039755351682,14167840.175393952
2024-10-25,4812.97509765625,4859.703011225728,4789.611140871511,4859.703011225728,5797200,4599.1951171875,137.9347084041362,4875.064533995772,4323.325700379228,0.8874658940851828,11.996421538078677,False,20.242578114666472,86.66708921688765,6349720.0,0.9129851395022143,14167840.175393952
2024-10-28,4789.611328125,4812.97528582317,4696.155497332317,4812.97528582317,3408800,4619.054467773438,135.16266712184515,4889.379802017128,4348.729133529748,0.8154659196644335,11.704790931984716,False,19.54514287276649,88.82085345074233,5799980.0,0.5877261645729813,14167840.175393952
2024-10-29,4929.79541015625,4953.15936944609,4789.61165441721,4789.61165441721,11333200,4644.988452148437,142.7142831577029,4930.417018463843,4359.559885833031,0.9989110965387634,12.289742773564369,False,20.213963524321237,94.15850972719574,5920395.0,1.9142641664956477,14167840.175393952
2024-10-30,4789.611328125,4929.7950743140245,4789.611328125,4929.7950743140245,5541900,4663.445971679687,135.85393406227192,4935.153839804231,4391.738103555143,0.7321709660382042,11.652664993851305,False,20.835006520506752,97.44605060605676,5907445.0,0.9381213028644363,14167840.175393952
2024-10-31,4906.43115234375,4906.43115234375,4663.445990513393,4789.611363002233,10680900,4687.277197265625,134.5099196795617,4956.297036624748,4418.257357906501,0.9073193181592258,11.478725410823124,False,19.783033091202043,107.84170140779253,6292840.0,1.6973099586196376,14167840.175393952
2024-11-01,4569.990234375,4859.7033167177915,4541.953484470859,4859.7033167177915,14790200,4693.351831054688,125.60756423296986,4944.566959520627,4442.136702588748,0.25447020760054734,10.70514794155061,False,19.108466377309703,126.1728418695853,6820280.0,2.168561994522219,14167840.175393952
2024-11-04,4654.1005859375,4654.1005859375,4532.608000360819,4569.990334384413,5666900,4699.89375,119.54347142167008,4938.98069284334,4460.80680715666,0.4042332393440116,10.17414246197969,False,18.56327225143068,125.83853784866359,6853285.0,0.8268881273724936,14167840.175393952
2024-11-05,4579.3359375,4654.100605867347,4579.3359375,4654.100605867347,2408900,4702.230151367187,116.52030501769445,4935.270761402577,4469.189541331798,0.23632446754983027,9.911918495424224,False,18.057020331288157,122.19040431428387,6640460.0,0.3627610135442424,14167840.175393952
2024-11-06,4742.88330078125,4766.247257927956,4569.990017895629,4588.681183612993,10048000,4712.743920898438,109.69643159663104,4932.1367840917,4493.351057705176,0.5686881502071981,9.310621025699064,False,17.141698004003082,127.48089257985838,6986240.0,1.438255771344815,14167840.175393952
2024-11-07,4569.990234375,4742.883525450537,4569.990234375,4742.883525450537,8186000,4712.743920898438,109.69643159663104,4932.1367840917,4493.351057705176,0.17466196382676594,9.310621025699064,False,16.291755842952657,130.7246353295497,7035185.0,1.1635799200731751,14167840.175393952
2024-11-08,4541.95361328125,4598.027114679784,4541.95361328125,4551.299196847673,1990100,4712.743920898438,109.69643159663104,4932.1367840917,4493.351057705176,0.11076603602474654,9.310621025699064,False,15.189269549690133,125.3924114773343,7010420.0,0.283877428171208,14167840.175393952
2024-11-11,4448.49755859375,4551.298972762934,4448.49755859375,4541.9533896566445,4674200,4703.865625,123.40967137640878,4950.684967752818,4457.046282247183,-0.017317774932238624,10.494319456790079,False,14.980533780246292,123.77876881246641,6977655.0,0.6698812136742215,14167840.175393952
2024-11-12,4485.8798828125,4523.262215169271,4448.497550455729,4448.497550455729,4975500,4695.921875,132.2140675430444,4960.350010086089,4431.493739913911,0.10283728484656686,11.262032977756437,False,14.786707785089463,120.27776137682899,6910710.0,0.7199694387407372,14167840.175393952
2024-11-13,4551.29931640625,4588.68165165394,4467.189062098948,4485.880229722792,3291600,4687.5108642578125,135.93236834405656,4959.375600945926,4415.646127569699,0.2494865470400706,11.599535214353402,False,13.840535985861937,120.36453481812637,6567095.0,0.5012261890531506,14167840.175393952
2024-11-14,4560.64453125,4598.026863473361,4551.29894819416,4579.33569736168,3893200,4681.903515625,138.8532216741935,4959.609958973388,4404.197072276613,0.2816777621128532,11.86297164909925,False,12.856884077442539,115.1047762796317,6568300.0,0.5927256672198286,14167840.175393952
2024-11-15,4476.53466796875,4560.6449226905015,4467.189084110778,4560.6449226905015,2200800,4667.417895507812,144.58470305335166,4956.587301614516,4378.248489401109,0.16994567283403025,12.390979877118642,False,12.822305414980109,113.55842358678113,6214215.0,0.35415575418616835,14167840.175393952
2024-11-18,4448.49755859375,4485.879891018908,4429.8063923811715,4485.879891018908,2348800,4653.866796875,151.9572098301498,4957.781216535299,4349.9523772147,0.16212653135905597,13.060727043772422,False,13.138516278657406,109.45235751899223,6059405.0,0.38762881834107477,14167840.175393952
2024-11-19,4439.15234375,4495.225847039474,4439.15234375,4448.497927631579,2224900,4642.652124023438,159.31168392898664,4961.275491881411,4324.028756165465,0.18065779098137527,13.725920415585474,False,13.308509473022617,105.63958221688377,5941755.0,0.3744516561184364,14167840.175393952
2024-11-20,4401.77001953125,4485.880274681528,4401.77001953125,4485.880274681528,2703000,4625.596459960938,166.12994692290954,4957.856353806757,4293.336566115118,0.16317565770734982,14.366142689785152,False,13.827133166544881,104.10177314069765,5902050.0,0.45797646580425444,14167840.175393952
2024-11-21,4355.04150390625,4429.806164917516,4355.04150390625,4429.806164917516,4177600,4602.699780273438,170.44648760403936,4943.592755481516,4261.806805065359,0.1367506895441026,14.812739977919076,False,14.731325728766656,102.00626513145254,5517085.0,0.7572114622123821,14167840.175393952
2024-11-22,4392.42431640625,4439.15223466589,4289.62289623504,4355.041981798537,6700100,4581.6722412109375,169.07566216873693,4919.823565548411,4243.520916873464,0.22017272862161155,14.76104385188847,False,16.10109316073033,105.40077036712383,5562230.0,1.2045708286065122,14167840.175393952
2024-11-25,4373.73291015625,4467.188741569845,4373.73291015625,4392.424076438969,10797000,4560.8783203125,167.72429912529284,4896.326918563086,4225.429722061915,0.22105203132127924,14.709824498348013,False,16.94715707174852,104.54756044187175,5931640.0,1.8202385849444673,14167840.175393952
2024-11-26,4364.38720703125,4401.769538568991,4345.696041262379,4373.732789915685,3739600,4532.60791015625,148.85916806728662,4830.326246290823,4234.889574021677,0.21748346892385956,13.136734614413637,False,17.96827725125827,101.08512736078175,5551960.0,0.6735639305758687,14167840.175393952
2024-11-28,4439.15234375,4457.843511513158,4355.04208881579,4411.115592105263,3413900,4515.0849609375,137.18295457531397,4789.450870088128,4240.719051786872,0.36162162525481123,12.153299950026158,False,18.07548080346902,101.20771988482365,5445560.0,0.6269144036609642,14167840.175393952
2024-11-29,4364.38720703125,4467.188618760038,4364.38720703125,4448.497452991167,4699800,4487.982763671875,105.73837800164318,4699.459519675161,4276.506007668589,0.20777980763355347,9.42413405484048,False,18.039808385464752,101.32155501653536,5146505.0,0.9132022605632366,14167840.175393952
2024-12-02,4411.11572265625,4476.53481176344,4364.3878018654,4364.3878018654,2396300,4480.039038085937,105.219757071526,4690.478552228989,4269.599523942885,0.3362396061634258,9.394539304414677,False,17.86575985891725,102.09484428193927,4526810.0,0.5293573178463421,14167840.175393952
2024-12-03,4429.806640625,4457.843391515032,4383.078722474947,4411.115473364979,5592900,4468.8243408203125,97.3499468560462,4663.524234532405,4274.12444710822,0.3998004070484781,8.713696438394923,True,17.704143369980283,100.14268890752106,4523110.0,1.2365164676516822,14167840.175393952
2024-12-04,4654.1005859375,4663.4461694433985,4429.806581795934,4429.806581795934,6121800,4472.562573242188,103.08356785582858,4678.729708953845,4266.39543753053,0.9402690372271769,9.21919514083872,False,17.80040566600431,109.67818167465988,4708755.0,1.3000888769961487,14167840.175393952
2024-12-05,4607.37255859375,4644.754891726357,4551.2990588948405,4644.754891726357,3358300,4465.787036132812,87.68379062430313,4641.154617381419,4290.419454884206,0.9036821442505438,7.853826428788569,True,17.8897920837409,109.18699205808842,4374270.0,0.7677395313960959,14167840.175393952
2024-12-06,4588.681640625,4859.703570519348,4532.608137888238,4607.372808203921,6928000,4466.721606445312,88.94344876401331,4644.608503973339,4288.834708917286,0.842802184631031,7.9649869949961705,True,19.51415234670064,124.75188067044712,4311370.0,1.6069138116190445,14167840.175393952
2024-12-09,4588.681640625,4654.100727151223,4588.681640625,4598.027224414461,2171000,4469.0580078125,91.59781201140962,4652.2536318353195,4285.862383789681,0.8264915126946457,8.19839991795001,True,21.022486876591827,120.51382394585966,4320415.0,0.502498023916684,14167840.175393952
2024-12-10,4607.37255859375,4635.409308443205,4551.2990588948405,4598.026975310599,4132700,4477.0017578125,96.47992530348829,4669.961608419477,4284.041907205523,0.8378184642327254,8.620048016298243,False,21.910533779148388,117.91356863175288,4293340.0,0.9625839090311972,14167840.175393952
2024-12-11,4663.44580078125,4663.44580078125,4588.681138644476,4588.681138644476,2515800,4485.880053710937,105.12279061789494,4696.125634946728,4275.634472475147,0.9222817574253149,9.373660406361733,False,22.923283788538544,114.83150388211153,4170355.0,0.6032579960219214,14167840.175393952
2024-12-12,4626.0634765625,4719.519304371844,4607.372311000631,4663.4458076862375,3310700,4489.61826171875,108.83532929860277,4707.288920315955,4271.9476031215445,0.8134212385883375,9.696622113875437,False,24.222301596988313,114.63975313133304,4171310.0,0.7936835190863302,14167840.175393952
2024-12-13,4626.0634765625,4644.754642124369,4607.372311000631,4635.409059343435,2055000,4492.889208984375,112.018803153078,4716.926815290531,4268.851602678219,0.7972140922540869,9.972986017912508,False,25.42853241912024,109.12136584507621,4079400.0,0.5037505515516988,14167840.175393952
2024-12-16,4560.64453125,4626.063612640882,4532.607782082479,4626.063612640882,2546700,4497.094702148437,112.94750111761074,4722.989704383659,4271.199699913215,0.6406623176093758,10.046263963589785,False,25.45686597455829,108.00239903888523,4096695.0,0.6216474499566114,14167840.175393952
2024-12-17,4523.26220703125,4598.026871610279,4495.225457814115,4560.644539320765,2474200,4500.832934570312,112.49074593116764,4725.814426432647,4275.851442707977,0.549846928018999,9.997326945165263,False,24.987877769629062,107.63090009297662,4102965.0,0.603027322923788,14167840.175393952
2024-12-18,4439.15234375,4523.26259868421,4439.15234375,4513.9170148026315,3664800,4500.832934570312,112.49074593116764,4725.814426432647,4275.851442707977,0.3629207444804964,9.997326945165263,False,23.858189433318554,105.9508540102076,4174960.0,0.8778048172916627,14167840.175393952
2024-12-19,4298.96826171875,4429.806426205842,4298.96826171875,4429.806426205842,5217900,4495.692846679687,119.39246767694644,4734.47778203358,4256.907911325794,0.08807161626553228,10.622831385389185,False,22.905521739397418,108.39608458313921,4300705.0,1.2132661970537388,14167840.175393952
2024-12-20,4355.04150390625,4411.1149996647,4317.659173400617,4317.659173400617,21419300,4495.692846679687,119.39246767694644,4734.47778203358,4256.907911325794,0.20548530927006833,10.622831385389185,False,22.02090173789922,108.66398839476857,5162790.0,4.148783893979806,14167840.175393952
2024-12-23,4532.60791015625,4588.681410075708,4392.424160357603,4392.424160357603,3153300,4502.7020263671875,117.10373853321015,4736.909503433608,4268.494549300767,0.5638448527853389,10.402974733612592,False,21.350208863068072,117.59083966438925,4985450.0,0.6325005766781334,14167840.175393952
2024-12-24,4420.4609375,4541.95352140592,4420.4609375,4532.607938028541,2106200,4505.038427734375,114.83943351834965,4734.717294771074,4275.359560697675,0.31587881522234196,10.196533091603714,False,20.727422622153437,117.86953568164142,4550910.0,0.46280853719366016,14167840.175393952
2024-12-27,4448.49755859375,4513.916640337776,4429.8063923811715,4429.8063923811715,1903900,4509.2439453125,110.88974865091387,4731.023442614328,4287.464448010672,0.363047785169975,9.836659980765724,False,20.149121112732704,116.12569047850816,4459125.0,0.4269671740532055,14167840.175393952
2024-12-30,4448.49755859375,4504.5710572314865,4401.769643062304,4420.460809274882,3712000,4509.711206054688,110.59816192418538,4730.907529903058,4288.514882206317,0.36163050453112483,9.80977777696251,False,19.292961129360542,115.17395645641349,4474030.0,0.829677047315284,14167840.175393952
2025-01-02,4495.2255859375,4579.335835986227,4457.84325258251,4579.335835986227,1610900,4516.253125,105.29206233576011,4726.83724967152,4305.66900032848,0.45007330420728525,9.325612132137518,False,19.168877066840146,116.29283652327516,4319585.0,0.37292934390687993,14167840.175393952
2025-01-03,4476.53466796875,4523.262587258611,4439.152332536861,4495.225835684695,2528300,4519.524072265625,102.84163859891746,4725.207349463461,4313.84079506779,0.39549611207447294,9.101988346960024,False,18.828637332613546,113.99408068030912,4326185.0,0.5844179109307623,14167840.175393952
2025-01-06,4504.5712890625,4551.299206998833,4476.5345383007,4476.5345383007,3358700,4523.2623046875,100.74630214371663,4724.754908974933,4321.7697004000665,0.45361860627316986,8.9091717753633,False,18.766385800536494,111.19197982443943,4214475.0,0.7969438660805913,14167840.175393952
2025-01-07,4504.5712890625,4532.608039824299,4467.188954713433,4504.5712890625,2193700,4515.78583984375,95.9603202563898,4707.70648035653,4323.86519933097,0.47078336454253494,8.499988587564212,False,18.584923976216956,107.92248734489849,4018070.0,0.5459586318804799,14167840.175393952
2025-01-08,4513.9169921875,4579.336079030797,4476.534656848473,4504.571408352744,3899200,4511.113061523438,93.50990564078528,4698.132872805008,4324.093250241867,0.5074963466299317,8.291515141871109,False,18.854678795262465,107.55669697614319,4045115.0,0.9639280959873823,14167840.175393952
2025-01-09,4485.8798828125,4541.953381347656,4485.8798828125,4513.916632080078,1946100,4505.972973632813,91.83204502602537,4689.637063684863,4322.308883580762,0.44529934835215124,8.152028035977173,False,19.105165412947578,103.87932565892986,3796020.0,0.5126685317780202,14167840.175393952
2025-01-10,4411.11572265625,4513.917148396121,4411.11572265625,4504.57156423795,3893700,4497.094677734375,91.9983000659813,4681.091277866338,4313.098077602413,0.26635721796907946,8.182909781417349,False,18.292063050679907,103.8023328075685,3882155.0,1.0029738637432044,14167840.175393952
2025-01-13,4261.5859375,4457.84318462171,4261.5859375,4420.460851836622,5570100,4479.805346679687,102.11829915893146,4684.041944997551,4275.568748361824,-0.03423189324780526,9.118101458101883,False,18.010484372091867,110.40625525857861,3954025.0,1.4087164345192558,14134075.054697037
2025-01-14,4205.51220703125,4336.350364583333,4205.51220703125,4270.931285807292,4249400,4456.908666992187,109.82343357946264,4676.555534151113,4237.261799833262,-0.07227417630099689,9.856467052404623,False,18.21656146151204,111.86567685097182,4040705.0,1.051648165357283,13949031.744150162
2025-01-15,4298.96826171875,4336.350594429348,4261.585929008153,4289.622678541101,3773100,4440.55390625,107.64092421197394,4655.835754673948,4225.272057826052,0.17116214031098903,9.696170926827056,False,18.407915845656735,113.22087046148087,4063825.0,0.9284602560395686,14257436.724618912
2025-01-16,4233.54931640625,4364.387485125207,4233.54931640625,4298.968400765729,4765300,4420.928198242187,107.8201558106532,4636.568509863493,4205.287886620881,0.06552909697839747,9.755431527118992,False,18.2191544779126,114.47924890844344,4199340.0,1.1347735596546125,14041554.205087662
2025-01-17,4355.04150390625,4355.04150390625,4224.203347136535,4252.240095015759,3421200,4410.648046875,103.51336209712392,4617.674771069247,4203.621322680752,0.36570201700970845,9.387587583231834,False,18.134159069833373,115.64774232710572,4243065.0,0.8063039335951724,14442478.423837662
2025-01-20,4327.0048828125,4411.1151289146865,4317.659299912257,4355.041631513229,2413500,4400.835180664062,101.55985776652169,4603.954896197106,4197.715465131018,0.3182591540712567,9.230962178519674,False,17.316412526903562,114.06260566105743,4240030.0,0.569217670629689,14349957.574228287
2025-01-21,4308.3134765625,4439.151629863747,4308.3134765625,4336.350223698481,3924600,4394.293237304688,103.16308238240059,4600.619402069489,4187.967072539886,0.2916411599076655,9.390641617324336,False,16.210890010135977,115.26085906392812,4253020.0,0.9227795778058885,14288275.933603287
2025-01-22,4485.8798828125,4495.225465901693,4355.041719563802,4355.041719563802,6377100,4403.638818359375,102.53735512537646,4608.713528610128,4198.564108108622,0.7005148863859547,9.313875125079212,False,15.569936797110097,120.37879694073274,4310980.0,1.479269214888494,14823934.96687837
2025-01-23,4401.77001953125,4485.880274681528,4401.77001953125,4485.880274681528,3337700,4405.975244140625,101.90214357913307,4609.779531298892,4202.170956982359,0.48968317922058785,9.251267919823189,False,14.974765956443212,117.78818681284312,3406900.0,0.9796882796677331,14823934.96687837
2025-01-24,4439.15234375,4439.15234375,4401.770008223684,4401.770008223684,2742000,4401.302465820312,97.85195077690507,4597.006367374122,4205.598564266502,0.5967018992191138,8.892999427947068,False,14.42210715901684,112.0449117209483,3386335.0,0.809724968144026,14823934.96687837
2025-01-30,4317.6591796875,4439.151754007711,4317.6591796875,4439.151754007711,5179300,4396.162377929688,99.47912326703917,4595.120624463766,4197.20413139561,0.302714389552228,9.051451217221636,False,13.970995297316547,112.71978688820201,3539990.0,1.4630832290486697,14823934.96687837
2025-01-31,4364.38720703125,4448.497452991167,4336.350458377944,4336.350458377944,3119100,4391.956860351563,98.92655067539059,4589.809961702344,4194.103759000782,0.4303279727937308,9.00979256590163,False,13.422121732870353,114.01396448930664,3600750.0,0.8662362007915018,14823934.96687837
2025-02-03,4373.73291015625,4373.73291015625,4317.659411308093,4364.387327014891,1769500,4388.2186279296875,98.08657838125205,4584.391784692191,4192.045471167184,0.4630792560702518,8.940901691356984,False,13.146648904200516,109.87535980065313,3503625.0,0.5050483427878268,14823934.96687837
2025-02-04,4373.73291015625,4411.1152427216875,4345.696160732171,4373.73291015625,2398000,4382.143994140625,94.81835369639207,4571.780701533409,4192.507286747841,0.4778231648819082,8.654973804893118,False,12.342428978808929,106.69991138557195,3542980.0,0.6768313679444987,14823934.96687837
2025-02-05,4373.73291015625,4420.460825863047,4345.696160732171,4401.769659580328,3095700,4377.00390625,92.18191988322357,4561.367746016447,4192.640066483553,0.49112896515419263,8.424202660783138,False,11.460890248327615,104.41882236737939,3571350.0,0.8668150699315385,14823934.96687837
2025-02-06,4298.96826171875,4420.460843028193,4298.96826171875,4392.424093495245,3126100,4366.7237548828125,88.6017450020956,4543.927244887003,4189.520264878622,0.30882009388624315,8.116084275129346,False,11.289942413269767,105.63837657752681,3559720.0,0.8781870484195387,14823934.96687837
2025-02-07,4298.96826171875,4345.6961776069975,4233.549179475204,4308.3138448964,2969800,4356.443603515625,83.54965402389763,4523.542911563421,4189.344295467829,0.32802040753982276,7.671363307122691,False,11.912315434988939,106.10327811711727,3598525.0,0.8252825810575166,14823934.96687837
2025-02-10,4308.3134765625,4345.695806077142,4280.276729426519,4298.967894183839,2122600,4346.163427734375,75.40604113785565,4496.975510010086,4195.351345458664,0.3745128685953746,6.940009725052068,False,12.490233240871028,103.19726372665343,3509695.0,0.6047818970024461,14823934.96687837
2025-02-11,4242.89453125,4308.313609925661,4214.857783246145,4289.622444589758,1561600,4334.01416015625,71.16586736165482,4476.34589487956,4191.68242543294,0.17990403165047858,6.568125043605224,True,13.726279884328346,102.50144679471502,3490470.0,0.4473896065572831,14823934.96687837
2025-02-12,4298.96826171875,4308.3138448964,4242.894762652853,4242.894762652853,1408300,4328.406787109375,69.1610417705654,4466.728870650506,4190.084703568244,0.3935870374528047,6.391362473281137,True,14.874033092370334,99.8527229984068,3366200.0,0.4183649218703583,14823934.96687837
2025-02-13,4233.54931640625,4345.696318165356,4233.54931640625,4270.9316503259515,1679100,4327.004956054688,70.85023324872101,4468.70542255213,4185.304489557246,0.17023524354408262,6.5495865124519215,False,15.244177714984339,100.7308857670282,3171650.0,0.5294089827061624,14823934.96687837
2025-02-14,4270.931640625,4298.968391001094,4242.8948902489055,4252.240473707604,1126000,4330.275927734375,66.3107116059196,4462.897350946214,4197.654504522536,0.27626432565656117,6.12531050792541,True,15.58788343598306,98.20861354044358,3015480.0,0.37340655550691765,14823934.96687837
2025-02-17,4289.62255859375,4298.968141510076,4242.894644012119,4298.968141510076,2117600,4329.808642578125,66.57534645749651,4462.959335493118,4196.657949663132,0.3490954755675557,6.15041928669208,False,15.907042021430499,95.19896239455167,2932705.0,0.7220637602486442,14823934.96687837
2025-02-18,4345.69580078125,4401.769294984879,4280.276724210349,4289.622306577621,4451300,4335.415966796875,62.648123668968104,4460.712214134812,4210.119719458939,0.541022114399999,5.78012575021764,True,15.09538538868267,97.07707727883582,2917005.0,1.5259829859736271,14823934.96687837
2025-02-19,4336.3505859375,4364.387335415544,4298.968253300108,4345.696169096847,2269500,4334.481420898437,62.479135410397376,4459.439691719232,4209.523150077643,0.5074791569488964,5.765777203165104,True,14.341704229702543,94.81579191002156,2859420.0,0.793692427135573,14823934.96687837
2025-02-20,4308.3134765625,4364.386970834463,4270.931147047858,4355.041388455803,3335700,4333.546850585937,62.73612202443137,4459.0190946348,4208.074606537074,0.3994463906550902,5.790741319983563,False,13.447255253139772,94.71865132977752,2905530.0,1.1480521626002829,14823934.96687837
2025-02-21,4355.04150390625,4364.387086532658,4280.276842894984,4308.313590774209,4764000,4335.883251953125,62.61693089370983,4461.1171137405445,4210.649390165706,0.5764899032884787,5.776625176935147,False,12.616693521926418,93.9609079231987,2947500.0,1.6162849872773537,14823934.96687837
2025-02-24,4345.69580078125,4373.732547883064,4298.967888944892,4355.041383148521,2292900,4328.874047851563,51.86593987285445,4432.605927597272,4225.142168105854,0.581082850185133,4.792557075999554,True,11.752738545605954,92.58974728141109,2743290.0,0.8358212219634089,14823934.96687837
2025-02-25,4196.1669921875,4364.387495215061,4186.821408685969,4364.387495215061,3210000,4318.593896484375,56.798419340611126,4432.190735165597,4204.997057803153,-0.03886580699852297,5.2608252317356055,True,12.520572352323553,98.65948579910258,2736905.0,1.1728576622133395,14823934.96687837
2025-02-26,4214.85791015625,4252.240241953645,4158.784412460158,4205.512327206901,2868500,4307.379174804688,53.80596932133287,4414.991113447353,4199.7672361620225,0.07011617012280277,4.996631792813775,True,13.555089936716643,98.28779606298717,2743230.0,1.045665146560806,14823934.96687837
2025-02-27,4140.09326171875,4214.85792558726,4102.7109297844945,4214.85792558726,2670200,4298.50087890625,65.41727593041065,4429.335430767072,4167.666327045429,-0.10537379054124314,6.087450278438093,False,15.095476118264697,99.27773890154278,2617775.0,1.0200265492641651,14789144.417669838
2025-02-28,3915.79931640625,4196.1668092277005,3915.79931640625,4140.09331066341,10820200,4276.071484375,105.97092519284513,4488.013334760691,4064.1296339893097,-0.34993163764761204,9.912923633767006,False,17.847907161108033,112.21272132439333,3002830.0,3.6033341880825756,14227682.08164178
2025-03-03,4130.748046875,4140.093630691459,3897.108451463518,3953.1819543622737,3974000,4263.9222412109375,108.09254513228338,4480.107331475504,4047.7371509463705,0.19199033528871243,10.140198532474692,False,20.50246062310653,121.55361117464673,3113055.0,1.2765595211135043,14227682.08164178
2025-03-04,3981.218505859375,4196.1669228423925,3971.8729225122875,4130.747839412778,6343400,4244.296520996094,121.86178733535887,4488.020095666811,4000.572946325376,-0.0397057209015374,11.484757177781638,False,21.994811751981587,128.89221040003662,3310325.0,1.9162468941871267,14227682.08164178
2025-03-05,4476.53466796875,4476.53466796875,3981.218723496216,3981.218723496216,3998900,4249.436608886719,129.5351968098581,4508.507002506435,3990.366215267003,0.9382941174964657,12.193164292787891,False,20.7100276227126,155.0653498078465,3355485.0,1.1917502238871578,14227682.08164178
2025-03-06,4102.7109375,4392.424010535307,4102.7109375,4392.424010535307,6842100,4239.623742675782,132.9735169883832,4505.570776652548,3973.6767086990153,0.24259384824020502,12.545784726119003,False,19.5170137883914,170.69094842648246,3541285.0,1.9320952705020917,14227682.08164178
2025-03-07,4027.946533203125,4140.093536447759,4018.6009495994053,4112.056785636601,4683700,4226.07265625,140.21975204135498,4506.512160332711,3945.6331521672905,0.14675782091591094,13.271873292001452,False,18.583257066022377,167.17677974233044,3626980.0,1.291349828231752,14227682.08164178
2025-03-10,4224.20361328125,4224.20361328125,4027.946365761546,4027.946365761546,2940500,4221.867163085937,138.87825333327552,4499.623669752488,3944.110656419386,0.5042059324250463,13.157993652435401,False,17.538064761477877,169.25395601214282,3667875.0,0.8016903520430767,14227682.08164178
2025-03-11,4027.946533203125,4177.475870862638,4027.946533203125,4112.056785636601,3061500,4211.119763183594,145.33249430514516,4501.784751793884,3920.4547745733034,0.18490661559163785,13.804641280994993,False,16.567529050115127,171.18275058828442,3742870.0,0.8179552054973857,14227682.08164178
2025-03-12,4074.67431640625,4093.3654829952693,4018.600816639191,4065.32873311174,2720300,4199.905065917968,146.8428728221065,4493.590811562181,3906.2193202737553,0.28679464126354,13.985351622704952,False,15.574038410445139,164.29574457169826,3808470.0,0.7142763366916374,14227682.08164178
2025-03-13,4093.365478515625,4093.365478515625,4027.946395525649,4027.946395525649,1488600,4192.8958740234375,148.4888670905723,4489.8736082045825,3895.918139842293,0.33242784887182303,14.165757657900988,False,14.651511387894436,157.23312588728953,3798945.0,0.39184563082645313,14227682.08164178
2025-03-14,3962.52734375,4084.019927402712,3962.5273437499995,4084.019927402712,2264900,4177.475659179688,155.79243068257068,4489.060520544829,3865.890797814546,0.15507259484954072,14.917375313986916,False,14.08709760988018,155.34776937859925,3855890.0,0.5873870883246151,14227682.08164178
2025-03-17,4037.2919921875,4065.328742133246,3999.9096589265046,4018.6008255570023,1665800,4164.859130859375,156.44830076077224,4477.75573238092,3851.9625293378303,0.29615128759541465,15.025555087957162,False,13.562999101724087,151.59445716464546,3833300.0,0.4345603005243524,14227682.08164178
2025-03-18,4055.983154296875,4102.711070821033,3943.836154638897,4065.3287376017065,4075000,4150.373498535157,152.1773120262363,4454.7281225876295,3846.018874482684,0.3449336123409639,14.666372757049087,False,13.632493447196172,152.1144899516091,3814485.0,1.0682962444471533,14227682.08164178
2025-03-19,4205.51220703125,4289.622451171875,4074.6740494791666,4102.7107975260415,9986700,4143.831579589843,146.46674091326108,4436.765061416366,3850.8980977633214,0.60528094476741,14.138290912658993,False,13.50713806731106,157.937690446137,4200345.0,2.3775904122161395,14227682.08164178
2025-03-20,4205.51220703125,4317.65919921875,4158.784293619791,4214.857789713542,3504300,4138.691516113281,142.130299373548,4422.952114860377,3854.430917366185,0.6175342119387757,13.736737693078913,False,13.616801909236358,158.00463438562426,4208775.0,0.8326175668692196,14227682.08164178
2025-03-21,4186.8212890625,4261.585954938616,4140.093372889927,4214.858038766043,10239100,4130.280505371094,133.36015221794827,4397.00080980699,3863.560200935197,0.605992649886532,12.915360304901743,False,13.512077161123742,155.3966306472717,4482530.0,2.284223418471265,14227682.08164178
2025-03-24,4112.056640625,4186.821306818182,4093.3654740767047,4177.475723544034,2748500,4118.598547363281,123.35500132458989,4365.308550012461,3871.888544714101,0.4867417075350945,11.980288916826968,False,12.907058052152962,150.972287939715,4505310.0,0.6100579094446331,14227682.08164178
2025-03-25,4112.056640625,4205.512473366477,4027.9463911576704,4196.16689009233,3791500,4114.393029785157,121.99760050127966,4358.388230787716,3870.397828782597,0.49521222312865926,11.860568459853729,False,12.27948934384626,152.87184467322155,4534385.0,0.8361663158289382,14227682.08164178
2025-03-26,4186.8212890625,4214.858038766043,4074.6742902483256,4112.056623186384,6446500,4112.991198730469,120.93892194456902,4354.869042619606,3871.1133548413304,0.6526185473314184,11.761651421174783,False,11.598260176603102,151.96555209068555,4713285.0,1.3677297256584315,14227682.08164178
2025-03-27,4102.7109375,4158.784435506834,4074.674188496583,4121.402103502278,5880900,4111.122082519531,120.78678997693723,4352.695662473406,3869.548502565657,0.48259092525528363,11.752196850638118,False,10.965691314250778,149.1213769817735,4873820.0,1.2066305280047274,14227682.08164178
2025-04-08,3719.5419921875,3812.997821136935,3644.7773290279524,3812.997821136935,10903800,4101.309216308594,143.35411828250645,4388.017452873607,3814.600979743581,-0.1657765202265572,13.98130311291507,False,13.254326374129302,171.17939351679306,4878000.0,2.23530135301353,14193746.431126438
2025-04-09,3784.961181640625,3962.5272617669752,3719.542099488812,3719.542099488812,8359700,4084.019873046875,159.5534340172553,4403.126741081385,3764.9130050123645,0.03141295070166335,15.627096730870772,False,14.008098253757147,176.30838466412752,5097285.0,1.6400299375059468,14442339.351048313
2025-04-10,3906.453857421875,4102.711108632065,3869.0715238580297,3915.7994408128366,7595200,4080.281640625,162.9289074870891,4406.139455599178,3754.4238256508215,0.23327663905053286,15.972319740372868,False,13.652424482594116,186.41135197322123,5159875.0,1.471973642772354,14904011.519017063
2025-04-11,3850.38037109375,3859.725954518735,3738.2333699939322,3831.6892042437803,10474000,4048.97392578125,141.53396856213928,4332.041862905528,3765.905988656971,0.1492122055485412,13.982205976772777,False,14.01825582632956,185.11200450570135,5483630.0,1.9100486356665203,14690932.270970188
2025-04-14,4037.2919921875,4065.328742133246,3878.4170758282694,3878.4170758282694,8413800,4045.702978515625,140.98156656396432,4327.666111643553,3763.7398453876963,0.4850849537760159,13.938894408475894,False,13.055955514696949,187.24317354382956,5562215.0,1.5126707615581203,15401196.431126438
2025-04-15,3971.872802734375,4196.166796300552,3906.4537212775735,4084.0197995174635,16122500,4042.8992919921875,141.90779631582873,4326.714884623845,3759.08369936053,0.3748721157297508,14.040200961414701,False,12.767844786404302,194.56245222091164,6134155.0,2.6283163695733154,15152603.511204563
2025-04-16,3981.218505859375,4055.9831726360767,3934.4905891239364,3981.218505859375,15851600,4030.750036621094,135.8404258849542,4302.430888391003,3759.0691848511856,0.40884243324651337,13.480411799370904,False,12.500313395846844,189.34317588457083,6779710.0,2.338094107270075,15188117.183079563
2025-04-17,3962.52734375,3981.2185104658015,3887.762676886792,3981.2185104658015,7696100,4027.4790771484377,136.69641689779922,4300.871910944036,3754.086243352839,0.3812117119225614,13.5763751249165,False,11.956575873679455,182.49408000560214,7011440.0,1.0976489850872289,15117090.767063938
2025-04-21,3887.7626953125,3962.527362530048,3831.689194899339,3962.527362530048,6814800,4018.13349609375,139.65724518130037,4297.447986456351,3738.8190057311494,0.26662363522206584,13.902698386409401,False,11.103405120978643,178.80437197882407,7216165.0,0.9443797363280911,14832985.103001438
2025-04-22,3784.961181640625,3906.4537627797067,3710.196516324267,3859.725846956983,13335600,4002.71328125,147.7074977665613,4298.128276783123,3707.298285716877,0.13144711185631067,14.760737268739273,False,11.013190911447298,180.05100587001087,7808515.0,1.707827928869958,14442339.351048313
2025-04-23,3915.79931640625,3915.79931640625,3803.6523192776704,3841.0346516538634,15244800,4000.3768798828123,148.74254431874266,4297.8619685202975,3702.891791245327,0.35784570940355875,14.872853112089768,False,10.86605118302006,176.53580079112618,8457510.0,1.8025163434627922,14939524.263157688
2025-04-24,3999.909423828125,4093.3652514876603,3915.799178934543,3925.1447617004965,21296700,3998.5077514648438,148.48890894178047,4295.485569348405,3701.529933581283,0.5023598940373226,14.854432520470368,False,10.554140112698198,176.6093916312684,9439055.0,2.25623221816167,15207485.881105881
2025-04-25,4130.748046875,4130.748046875,3990.564289628111,3999.90987344457,10019500,4002.24599609375,150.93301927415536,4304.11203464206,3700.379957545439,0.7128461542067192,15.08483180908601,False,10.472572900087627,174.00756060381275,9736280.0,1.0290891387675787,15207485.881105881
2025-04-28,4168.1298828125,4196.166630903167,4093.3652212373877,4149.438717418722,5359100,4000.3768798828123,148.49511586738058,4297.367111617574,3703.3866481480513,0.7824217516344205,14.848112598004082,False,10.755662228534288,168.9214069653818,9504900.0,0.5638249744868437,15207485.881105881
2025-04-29,4149.43896484375,4186.821297860361,4130.747798335445,4177.4757146062075,6233600,3997.5732177734376,144.904139201532,4287.381496176502,3707.7649393703737,0.762010712577192,14.499210526754586,False,11.01853089066333,160.86084214820565,9641365.0,0.6465474546394624,15207485.881105881
2025-04-30,4420.4609375,4420.4609375,4149.439019556025,4149.439019556025,9830100,4009.2552001953127,168.46626998645098,4346.187740168215,3672.322660222411,1.1102196857236741,16.80773725536295,False,12.40425680827433,168.72949432735166,9620915.0,1.0217427344488543,15207485.881105881
2025-05-02,4429.806640625,4448.497807885021,4280.277302544831,4420.46105699499,11124300,4025.1427001953125,192.00930941080634,4409.1613190169255,3641.1240813737,1.026880625829323,19.080994013105624,False,13.808150568222166,168.6931379711258,10039705.0,1.1080305646430846,15207485.881105881
2025-05-05,4345.69580078125,4485.879536290323,4345.69580078125,4429.806042086693,5709900,4036.824658203125,204.29014679902826,4445.404951801182,3628.2443646050688,0.8779809592113844,20.24265744452344,False,15.270634071971692,166.65675208097917,10135625.0,0.5633495714373805,15207485.881105881
2025-05-06,4485.8798828125,4523.262215169271,4364.387302652995,4364.387302652995,10077800,4051.777587890625,225.67263445078947,4503.122856792204,3600.432318989046,0.980898244461864,22.27887681942343,False,16.788510533363706,167.43601367433934,10317190.0,0.976796976696174,15207485.881105881
2025-05-07,4532.60791015625,4626.0637433553475,4495.225576876611,4532.60791015625,9680400,4073.2724365234376,249.9471147443968,4573.166666012231,3573.378207034644,0.9594326624879651,24.545091804144388,False,18.61336652151661,165.48943130780418,10507165.0,0.9213141699021572,15207485.881105881
2025-05-08,4532.60791015625,4616.718160035438,4513.91674351643,4551.299076796069,10092200,4113.925732421875,255.44673808336574,4624.819208588607,3603.0322562551437,0.9097548679577744,24.83727268775791,False,20.30787565337288,161.0117159657473,10466585.0,0.9642304533904803,15207485.881105881
2025-05-09,4485.8798828125,4569.990130615234,4457.843133544922,4541.953381347656,3437900,4148.971667480469,256.0196895173549,4661.011046515178,3636.932288445759,0.8289866259575256,24.682712733280926,False,21.324403351585197,157.52137890178764,10220495.0,0.33637314043987104,15207485.881105881
2025-05-14,4616.71826171875,4626.063845244496,4551.299177038524,4551.299177038524,6764300,4184.484887695313,269.51454984804,4723.513987391393,3645.4557879992326,0.9009369570837107,25.763223630278713,False,22.52879862739867,156.28299201108825,10178950.0,0.664538090863989,15207485.881105881
2025-05-15,4588.681640625,4644.755143361762,4569.990473046079,4635.409559572302,5125700,4221.399951171875,271.89573348424926,4765.191418140374,3677.608484203376,0.8377045354358249,25.76356058456581,False,23.73373038212602,150.46025474713068,9911535.0,0.5171449225574041,15207485.881105881
2025-05-16,4607.37255859375,4616.718141876901,4532.607892328537,4616.718141876901,2284700,4249.903979492187,281.29849554865297,4812.500970589494,3687.3069883948815,0.8176950683688736,26.47575069046758,False,24.449171706825464,145.72096866150451,9605080.0,0.23786371378478888,15207485.881105881
2025-05-19,4541.95361328125,4588.681531113361,4504.57127901556,4504.57127901556,3428200,4278.408020019531,280.5248910224589,4839.457802064449,3717.3582379746135,0.7348682788015226,26.22703488866201,False,24.81078007638833,142.65527658412486,8970365.0,0.38216951038224195,15207485.881105881
2025-05-20,4504.5712890625,4607.372708522433,4504.5712890625,4551.299206998833,3906700,4304.575659179687,275.71184283722033,4855.999344854128,3753.1519735052466,0.6813447944643509,25.620350498358963,False,25.25855599083531,139.80857250382545,8373120.0,0.4665763777421081,15207485.881105881
2025-05-21,4569.990234375,4626.063734183283,4551.299067772239,4560.64465107362,4396900,4334.948803710938,269.43612403809215,4873.821051787122,3796.0765556347533,0.7180864124133117,24.861758349481878,False,25.789517006261157,138.50027769075098,8208160.0,0.5356742558624589,15207485.881105881
2025-05-22,4560.64453125,4579.33569736168,4513.916615970799,4569.9901143058405,6391500,4368.5928955078125,252.11164208539188,4872.816179678596,3864.369611337029,0.6904430455428338,23.084013375989887,False,25.82787587790003,133.28019224076024,8186995.0,0.7806893738178661,15207485.881105881
2025-05-23,4560.64453125,4569.9901143058405,4532.607782082479,4560.64453125,4100900,4407.377062988281,214.45388927048538,4836.284841529252,3978.46928444731,0.678671821694507,19.463176052840993,False,25.863494830136126,126.4303450966603,7725260.0,0.5308429748642765,15207485.881105881
2025-05-26,4513.9169921875,4588.681662865554,4457.843489178959,4569.990495196041,7023900,4437.282946777344,181.46099765319065,4800.204942083725,4074.3609514709624,0.6055792241876404,16.357847793770276,False,24.993069706906418,126.74518999594135,7314215.0,0.9603081123538206,15207485.881105881
2025-05-27,4523.26220703125,4569.990122393143,4467.188708596978,4513.916623958871,5563200,4463.4505859375,150.09395435579307,4763.638494649086,4163.262677225915,0.5996236346601411,13.450934559793476,True,24.184817806764546,125.03492026738586,6527540.0,0.8522659378571407,15207485.881105881
2025-05-28,4523.26220703125,4551.298956248386,4476.534291669357,4532.607790103629,17176300,4483.0762939453125,128.39470184431008,4739.8656976339325,4226.2868902566925,0.5782468289358748,11.45594617853954,True,23.434298185204238,121.44418771821752,6885380.0,2.4946045098454985,15207485.881105881
2025-06-02,4569.990234375,4672.791650690184,4523.262317868098,4523.262317868098,10781300,4503.1693115234375,106.0057083417741,4715.180728206986,4291.157894839889,0.6575880296845064,9.416097953102462,True,23.778796203008568,123.45027742826869,7156490.0,1.5065066813479793,15207485.881105881
2025-06-03,4577.6357421875,4615.862345462552,4548.965789731211,4606.305694643789,7302900,4524.579150390625,66.79089953260957,4658.160949455844,4390.997351325405,0.6985921441699219,5.904717085286785,True,24.09868721954116,119.41072587848817,7209955.0,1.0128912038979438,15207485.881105881
2025-06-04,4720.9853515625,4720.9853515625,4568.078943414726,4577.635593923963,6848900,4539.60537109375,75.38620157770852,4690.3777742491675,4388.832967938333,1.1015025849318791,6.642533472863997,True,25.13839933456234,121.80327461200856,7060895.0,0.9699761857384935,15207485.881105881
2025-06-05,4644.5322265625,4720.985431938015,4596.748973202803,4720.985431938015,4216400,4550.341650390625,74.20704970808589,4698.755749806796,4401.927550974453,0.8173235445365377,6.523206863090425,True,26.10384682140075,121.97707347795162,6715500.0,0.6278609187700097,15207485.881105881
2025-06-10,4615.8623046875,4663.645558359213,4558.522400281444,4644.532256890528,4900400,4563.8499755859375,57.76111134240986,4679.3721982707575,4448.3277529011175,0.7251182841394425,5.062489928582216,True,26.429873833761018,120.77322237793861,6675025.0,0.7341395725109644,15207485.881105881
2025-06-11,4701.8720703125,4701.8720703125,4596.748914268928,4625.418865917175,6439700,4574.649584960937,62.41993005749022,4699.4894450759175,4449.809724845957,1.009542726315089,5.4578982628697315,True,27.02186105272666,119.6553604969124,6493120.0,0.9917728303188605,15207485.881105881
2025-06-12,4749.6552734375,4759.211923887073,4711.428671639211,4730.541972538355,5017300,4585.501953125,72.74060488535788,4730.983162895715,4440.020743354285,1.0641736158615007,6.345268686302513,True,27.97358897324135,115.20425285960242,6259965.0,0.8014901041778988,15207485.881105881
2025-06-13,4682.7587890625,4749.655343191965,4644.532186702806,4749.655343191965,3299000,4593.009497070312,74.71579992698227,4742.441096924276,4443.577897216348,0.8003022522675848,6.506914472930234,True,27.877567350465903,114.48417454742787,5920305.0,0.5572348046257752,15207485.881105881
2025-06-16,4587.1923828125,4663.645589192708,4587.1923828125,4654.088938395183,4688600,4598.075122070312,70.37883871938625,4738.832799509085,4457.31744463154,0.46134228890446793,6.122460973425574,True,27.03992093140192,113.13290538332588,5982840.0,0.783674642811775,15207485.881105881
2025-06-17,4644.5322265625,4644.5322265625,4568.079021186985,4587.192322530865,4310700,4599.4658203125,71.0383339509952,4741.542488214491,4457.389152410509,0.6585988991559414,6.17796385286923,True,26.022762921349678,110.51292681133937,5860160.0,0.7355942499863485,15207485.881105881
2025-06-18,4577.6357421875,4644.532297918841,4568.079091368737,4644.532297918841,4296100,4598.913525390625,71.16940727511245,4741.25233994085,4456.5747108404,0.4252565673307009,6.190106152871612,True,25.078259777307156,108.08008964982258,5818680.0,0.738328968082108,15207485.881105881
2025-06-19,4501.1826171875,4606.305778098461,4501.1826171875,4577.635825122744,5469500,4593.604028320313,74.3931823767285,4742.39039307377,4444.817663566856,0.1894157227177446,6.47797954878848,True,23.356621015891164,107.86888045418961,5977920.0,0.9149503506236283,15207485.881105881
2025-06-20,4443.84228515625,4510.7388356854835,4319.605834173387,4501.1821856098795,19181500,4588.698461914062,80.92624608575565,4750.550954085574,4426.845969742551,0.052505572159151005,7.054396514169676,True,23.310305697070316,113.81631767261153,6765585.0,2.8351576397310803,15207485.881105881
2025-06-23,4214.48291015625,4376.945970184949,4185.81295838648,4376.945970184949,6493400,4574.19404296875,115.43611206197046,4805.066267092691,4343.321818844809,-0.2790264380599404,10.094553136801347,False,24.133593775447736,124.11724689383712,6894920.0,0.9417658217934364,15207485.881105881
2025-06-24,4386.50244140625,4424.729042202819,4233.5960382199755,4233.5960382199755,6543200,4565.0196533203125,122.84168248810617,4810.7030182965245,4319.3362883441005,0.1366925128786249,10.763737448425537,False,24.34990531159561,130.26931011903227,7002235.0,0.93444450236246,15207485.881105881
2025-06-25,4405.61572265625,4434.285673129068,4310.049221080192,4396.059072498644,4199900,4557.268212890625,127.91861619527874,4813.105445281183,4301.430980500068,0.20361528535677592,11.227657466677083,False,24.440766823244513,129.83839168544964,6892655.0,0.6093297865626526,15207485.881105881
2025-06-26,4443.84228515625,4443.84228515625,4338.719134324597,4405.61568485383,3583500,4551.4281005859375,130.39861525320129,4812.22533109234,4290.630870079535,0.29373666043005314,11.460017591965386,False,24.409618995101066,128.07301733874988,6866785.0,0.5218599388214427,15207485.881105881
2025-06-30,4491.6259765625,4539.409231632314,4405.616117436835,4529.852580618351,5875800,4550.313549804688,130.83065483663086,4811.974859477949,4288.652240131426,0.38785584442065346,11.500803485706736,False,23.302179451538997,128.48159568565907,6809380.0,0.8628979437188115,15207485.881105881
2025-07-01,4453.39892578125,4587.192026555794,4424.728975615276,4587.192026555794,3656400,4546.820385742188,132.5127938123349,4811.845973366858,4281.7947981175175,0.3237501125867866,11.65762291625731,False,21.795204537135508,130.90884248957755,6714040.0,0.5445901424477662,15207485.881105881
2025-07-02,4443.84228515625,4453.398935231855,4348.275784400202,4453.398935231855,2386100,4542.849389648438,134.4320010405643,4811.713391729567,4273.985387567309,0.3158788388816872,11.836800167479726,False,21.0654800940226,129.06700737115438,5974530.0,0.39937869589741787,15207485.881105881
2025-07-03,4548.9658203125,4568.0791220785195,4434.286009716387,4453.399311482406,5162700,4541.798168945313,134.29072530264494,4810.379619550603,4273.216718340022,0.5133435338721901,11.827097577418755,False,19.802382712964345,129.40458629908142,5693600.0,0.9067549529296052,15207485.881105881
2025-07-04,4376.94580078125,4548.965504742086,4376.94580078125,4548.965504742086,2693600,4531.763671875,138.8911213387976,4809.545914552596,4253.981429197404,0.22133231123517608,12.259343725338805,False,18.643603181427032,132.4485458156649,5463135.0,0.4930502358078283,15207485.881105881
2025-07-07,4529.8525390625,4529.8525390625,4367.389473315533,4405.616077020702,3329000,4522.20703125,131.56874307100142,4785.344517392003,4259.069545107997,0.5145275914971197,11.637569192371446,False,17.64983744417633,134.5924400964722,5287140.0,0.6296409779200097,15207485.881105881
2025-07-08,4501.1826171875,4529.852570163216,4462.956013219878,4510.739268179405,4266200,4515.03955078125,128.4210726201752,4771.881696021601,4258.197405540899,0.47302441626006747,11.37718251862971,False,16.727054660779658,129.75701987124836,5289630.0,0.8065214391176698,15207485.881105881
2025-07-09,4644.5322265625,4644.5322265625,4482.069165139532,4501.18246648341,4956300,4516.473046875,129.75878291339427,4775.990612701789,4256.955481048211,0.7467254562894805,11.492045369620978,False,16.260452293674643,132.09316569637122,5292425.0,0.9364894164773238,15207485.881105881
2025-07-10,4644.5322265625,4682.758829250258,4596.748973202803,4654.08887723444,4562500,4513.6060546875,126.02661703965437,4765.6592887668085,4261.552820608191,0.7597192857954053,11.168596949994997,False,16.139372438337013,128.8015007214486,5198565.0,0.877646042706016,15207485.881105881
2025-07-11,4720.9853515625,4720.9853515625,4596.748894942434,4663.645448507085,4146400,4512.17255859375,123.33465315866631,4758.841864911083,4265.503252276418,0.9232646454604259,10.93350500736207,False,16.33085733832061,128.47542614277842,5155020.0,0.8043421752000962,15207485.881105881
2025-07-14,4615.8623046875,4682.758859827898,4539.409098812759,4682.758859827898,3990900,4508.827734375,119.30620515118652,4747.440144677373,4270.215324072627,0.7242854220718542,10.584232725646538,False,15.876716682469759,132.26834232899003,5189615.0,0.7690165840818635,15207485.881105881
2025-07-15,4606.3056640625,4663.645568594398,4606.3056640625,4625.418965573133,1996000,4509.7833984375,120.04124377619563,4749.8658859898915,4269.700910885109,0.7010189635425543,10.647184857506566,False,15.455014644893968,126.91631105776919,5054985.0,0.39485774933061124,15207485.881105881
2025-07-16,4558.5224609375,4663.645620414047,4558.5224609375,4625.41901696803,2685700,4505.48291015625,116.44661516460033,4738.37614048545,4272.58967982705,0.6138709586068202,10.3382139039619,False,14.536100310353588,125.35965737339616,4973735.0,0.5399764965363052,15207485.881105881
2025-07-17,4802.216796875,4802.216796875,4596.748814521145,4606.305464863184,11235200,4516.711962890625,133.36921552265116,4783.450393935927,4249.973531845322,1.0351775386574973,11.81117738907549,False,14.888753916178203,133.8121344136893,5320690.0,2.111605825560219,15207485.881105881
2025-07-18,4730.5419921875,4873.891749526515,4730.5419921875,4826.108497080177,7309800,4528.179931640625,141.57226907308532,4811.324469786796,4245.035393494454,0.8573476321877829,12.505887240376662,False,15.722640574980183,134.4933931940697,5412705.0,1.3504892655335918,15207485.881105881
2025-07-21,4730.5419921875,4768.768594144571,4692.315390230429,4749.655293166035,4454600,4542.514916992188,146.99430151382478,4836.503520019837,4248.5263139645385,0.81978633399205,12.943869570044821,False,16.061814243832703,130.34766538836055,4676360.0,0.9525785012274504,15207485.881105881
2025-07-22,4720.9853515625,4768.768604108679,4692.315400034792,4730.542002071736,3541500,4567.8400390625,130.17369594883084,4828.187430960162,4307.492647164839,0.7941172396307293,11.399146628221027,False,16.37676129880917,126.49806100875529,4528765.0,0.7820012740780323,15207485.881105881
2025-07-23,4802.216796875,4802.216796875,4701.871968283582,4759.211870335821,3156300,4588.625756835938,132.8566402346649,4854.339037305268,4322.912476366608,0.9019201442656454,11.581388178082811,False,16.933770027731455,124.6299729789455,4359420.0,0.7240183327139849,15207485.881105881
2025-07-24,4730.5419921875,4802.216870857007,4711.428691208965,4802.216870857007,2618300,4604.8720703125,129.11348363047878,4863.099037573457,4346.645103051543,0.7433322964057455,11.21538072363575,False,17.450993019696885,122.21270202673814,4280340.0,0.6117037431605901,15207485.881105881
2025-07-25,4768.7685546875,4768.7685546875,4701.872001816132,4749.655253867109,2219600,4621.118383789062,128.2243414981823,4877.5670667854265,4364.669700792698,0.7878746912896626,11.098987807626369,False,17.796473778219976,118.26154851564029,4212145.0,0.5269524197291404,15207485.881105881
2025-07-28,4749.6552734375,4802.216850910148,4730.541972538355,4802.216850910148,2037000,4634.019848632813,127.48841967411975,4888.996687981052,4379.043009284574,0.7267567224934423,11.004563971536099,False,18.41802223951125,114.93392921965119,4020205.0,0.5066905792117566,15207485.881105881
2025-07-29,4692.3154296875,4778.325284814155,4682.758779117872,4749.65533310527,2773600,4645.965673828125,120.68511617905824,4887.335906186241,4404.595441470008,0.5960138195305855,10.390530163312002,False,18.299976266984366,113.55054182512485,3976065.0,0.6975741090751786,15207485.881105881
2025-07-30,4673.2021484375,4720.985401489008,4634.9755459962935,4682.758799047801,5239100,4657.433666992188,110.97432420743279,4879.382315407053,4435.485018577322,0.5355228147545146,9.530941899949893,False,17.552169499214582,111.58334994423839,4118715.0,1.2720229489051804,15207485.881105881
2025-07-31,4711.4287109375,4749.65531305464,4634.97550670322,4634.97550670322,4934300,4665.556811523437,108.53599778740656,4882.62880709825,4448.484815948625,0.6056605650410883,9.305298567522213,False,17.167948293812415,111.80452540189421,4107295.0,1.2013502804156995,15207485.881105881
2025-08-01,4558.5224609375,4711.428874721567,4558.5224609375,4682.7589221370545,6982800,4674.63564453125,88.95082201522622,4852.537288561703,4496.734000500798,0.17365904844062383,7.611358726474234,True,16.02703466394409,114.7403745720494,4321755.0,1.6157324975617544,15207485.881105881
2025-08-04,4587.1923828125,4634.97563680013,4510.739176432292,4568.079081217448,4679100,4677.50263671875,84.86909719440702,4847.240831107564,4507.764442329936,0.23397191412505752,7.257641847440397,True,15.491687525330049,115.41866641460572,4389260.0,1.0660339100440621,15207485.881105881
2025-08-05,4491.6259765625,4625.419090757979,4491.6259765625,4596.74913771609,6220600,4677.0248046875,85.93428534201676,4848.893375371534,4505.156234003467,-0.03936222133900599,7.349482966683427,True,15.197090730249256,116.73112697038236,4486980.0,1.38636677676299,15207485.881105881
2025-08-06,4415.17236328125,4568.078765472808,4396.059063007305,4539.408815061891,7116500,4665.556811523437,103.92050672473812,4873.397824972913,4457.715798073961,-0.1023461012016597,8.909590938261884,False,15.829056932680098,120.68031093431958,4594990.0,1.5487520103416983,15171443.813614773
2025-08-07,4329.16259765625,4434.285751241721,4329.16259765625,4415.172450589817,10863200,4649.788330078125,128.33674791638367,4906.461825910892,4393.114834245358,-0.12457896437966354,11.04022280637684,False,16.943929894967063,119.56908540940185,4910025.0,2.212453093416021,14879010.610489773
2025-08-08,4300.49267578125,4357.832578125,4300.49267578125,4329.162626953125,7436200,4628.763696289063,148.8612618253476,4926.4862199397585,4331.041172638367,-0.05130363749865027,12.864019128450366,False,18.189705268725962,115.12414376185527,5074515.0,1.4654011270042555,14781532.876114773
2025-08-11,4262.26611328125,4338.719317106923,4262.26611328125,4300.4927151940865,5937700,4611.08388671875,169.97466518478478,4951.03321708832,4271.1345563491805,-0.01304377193255431,14.744877287907162,False,19.618988188291468,112.36193376641367,5171855.0,1.1480793641739762,14651562.563614773
2025-08-12,4262.26611328125,4319.606016150505,4252.709462803041,4281.379414237668,8804600,4593.881909179688,187.0363314436336,4967.954572066955,4219.8092462924205,0.05674949174463535,16.28568910923807,False,21.014212365414814,109.11440659363154,5512285.0,1.5972686463054795,14651562.563614773
2025-08-13,4281.37939453125,4329.162646702357,4271.822744097029,4271.822744097029,5361000,4580.024755859375,199.6360258381699,4979.296807535715,4180.752704183034,0.12601268975092958,17.435366530084295,False,22.14750224531974,106.0988442241655,5646050.0,0.9495133766084254,14716547.719864773
2025-08-14,4252.70947265625,4310.049375658356,4252.70947265625,4281.379424157303,10547000,4552.549389648438,205.18340832633925,4962.916206301116,4142.182572995759,0.13466841759044734,18.02800064446389,False,23.352998679543525,102.61606270830416,5611640.0,1.8794862108046846,14619069.985489773
2025-08-15,4243.15283203125,4281.379434121622,4243.15283203125,4271.822783599028,4776000,4528.179931640625,211.76847382667336,4951.716879293972,4104.642983987278,0.16351566116179592,18.70671899293955,False,24.55062426826937,98.01681552130898,5484950.0,0.8707463149162709,14586577.407364773
2025-08-19,4319.60595703125,4367.389208768321,4243.152754251935,4262.266054946765,13365600,4507.633129882813,211.03518311269457,4929.703496108202,4085.5627636574236,0.2772561308519412,18.726917389408833,False,24.178576506187046,99.88964687810017,5930500.0,2.2537054211280667,14846518.032364773
2025-08-20,4310.04931640625,4367.38921862008,4300.4926660372785,4357.832568251109,8112900,4487.086328125,209.16599971761804,4905.418327560236,4068.7543286897644,0.2884013033215759,18.64604194544403,False,23.833103428328375,97.53299728557886,6159070.0,1.3172280880067933,14814025.454239773
2025-08-21,4329.16259765625,4376.945849286009,4281.37934602649,4300.492646678394,10482100,4463.433618164063,198.10969474141302,4859.653007646889,4067.214228681237,0.3305597554386813,17.754017349799966,False,23.72438194952805,97.39253342657464,6525360.0,1.6063634803290547,14879010.610489773
2025-08-22,4319.60595703125,4376.945859115735,4319.60595703125,4319.60595703125,7556800,4442.88681640625,190.09660469906905,4823.080025804387,4062.6936070081115,0.33787077684770034,17.114692546035535,False,23.623426112528403,94.53163118785398,6772285.0,1.1158419942456645,14846518.032364773
2025-08-25,4281.37939453125,4329.162646702357,4252.709443228585,4319.605996268136,11466100,4418.517358398438,176.90407652733137,4772.3255114531,4064.709205343775,0.3061972813752541,16.01479068005319,False,24.2510537168193,93.24031492256242,7234610.0,1.5848953848237846,14716547.719864773
2025-08-26,4233.59619140625,4300.492745220796,4224.039540861315,4300.492745220796,18824500,4392.714404296875,163.16502204593363,4719.044448388742,4066.3843602050074,0.25620048510484317,14.857785599385073,False,25.107115433289245,92.04123559662801,8073985.0,2.331500492012309,14514528.590495383
2025-08-27,4185.81298828125,4271.822844204838,4185.81298828125,4224.039590913955,14396700,4367.3892822265625,153.22048944720393,4673.83026112097,4060.948303332155,0.20373366088241185,14.033142414920215,False,26.244376594391746,91.61042276283942,8655140.0,1.6633699743736092,14514528.590495383
2025-08-28,4185.81298828125,4271.822844204838,4185.81298828125,4195.369638939426,7308700,4343.01982421875,140.23005178582363,4623.479927790397,4062.5597206471025,0.21973404784588352,12.915442016067614,False,27.300404815415497,91.21038227432143,8758620.0,0.8344579397210976,14514528.590495383
2025-08-29,4080.689697265625,4204.926151749121,4080.689697265625,4185.812851059353,9361900,4311.482873535157,122.86605534799085,4557.214984231138,4065.750762839175,0.030396789382020156,11.39896030687447,False,29.095531366863483,93.56938743211964,8980000.0,1.0425278396436526,14514528.590495383
2025-09-01,4109.35986328125,4147.58646666061,3908.670195539608,4052.0199582122095,7263900,4289.024743652344,116.20378767996617,4521.432319012277,4056.617168292412,0.11347025781572498,10.83731567200167,False,31.62598890285276,103.95130769561126,8994055.0,0.8076334867865496,14514528.590495383
2025-09-02,4138.02978515625,4166.699737478349,4052.0199281899536,4090.2465312860854,7080300,4266.566613769532,97.43318078626885,4461.43297534207,4071.700252196994,0.1701923626632842,9.13457490356034,True,33.62885781635813,104.71762923795296,9114115.0,0.7768499739140882,14514528.590495383
2025-09-03,4233.59619140625,4262.266143041055,4157.142987046769,4157.142987046769,7162200,4253.665124511719,81.91061659648396,4417.486357704687,4089.843891318751,0.4387474605265926,7.702591924735645,True,33.92472447226427,106.11182414129956,9161195.0,0.7817975711683901,14514528.590495383
2025-09-04,4319.60595703125,4357.832558420907,4176.256201820036,4243.152754251935,8489900,4248.886804199219,74.4398702703059,4397.766544739831,4100.007063658607,0.7375042855906233,7.007941016149112,True,32.93317943383734,111.5021478884118,9229865.0,0.9198292716090647,14514528.590495383
2025-09-08,4329.16259765625,4434.285751241721,4271.822695700538,4348.275898308154,11905800,4248.886804199219,74.4398702703059,4397.766544739831,4100.007063658607,0.7695994537790481,7.007941016149112,True,31.15675356585783,115.14221272075262,9281995.0,1.282676838330553,14514528.590495383
2025-09-09,4281.37939453125,4376.945898873465,4252.709443228585,4329.162646702357,7360200,4247.931140136719,73.8629342270911,4395.657008590901,4100.2052716825365,0.6132105525746344,6.955191295752858,True,29.679039872680722,115.79180150104744,9278195.0,0.7932792962424264,14514528.590495383
2025-09-10,4290.93603515625,4348.275937630498,4271.822734331501,4310.049335981,3758200,4249.364636230469,74.4317982838713,4398.228232798211,4100.501039662727,0.6396291634901602,7.006393158097926,True,28.306877157587692,112.98190162947245,9169220.0,0.4098712867615784,14514528.590495383
2025-09-11,4472.51220703125,4529.8521071213945,4319.605806790865,4319.605806790865,14377300,4259.876940917969,89.64255878560792,4439.162058489184,4080.591823346753,1.0930086919479478,8.417384823918471,True,27.30289385160796,121.97719951059187,9447855.0,1.5217528211430003,14514528.590495383
2025-09-12,4491.6259765625,4510.739278590426,4453.399372506648,4482.069325548538,5046800,4270.389270019531,103.54634287043295,4477.481955760397,4063.2965842786653,1.0341490109887355,9.69900740406828,False,26.37062363891249,117.36024998010512,9432145.0,0.5350638693531535,14514528.590495383
2025-09-15,4539.4091796875,4539.4091796875,4491.625925164473,4491.625925164473,3365400,4284.724255371094,119.57476361484039,4523.873782600775,4045.5747281414133,1.0324805097185183,11.162889977337327,False,25.74604718031283,112.39046459031381,9073065.0,0.3709220643740566,14514528.590495383
2025-09-16,4596.7490234375,4596.7490234375,4510.739166450104,4539.409118779236,4736300,4302.404064941406,137.84890987043985,4578.101884682286,4026.7062452005266,1.0338180743916285,12.81598918090621,False,25.625950977380683,110.50613547581969,9071080.0,0.522131874043664,14514528.590495383
2025-09-17,4644.5322265625,4673.202178578318,4587.192322530865,4596.748973202803,4383600,4318.650378417969,157.7007554212281,4634.051889260425,4003.248867575512,1.0166142788506012,14.606485045357898,False,26.061725580791254,108.7564012309364,8621980.0,0.5084214994699593,14514528.590495383
2025-09-18,4720.9853515625,4759.211953599443,4606.30554545167,4673.202099016321,7900000,4339.197180175781,181.49627632052142,4702.189732816823,3976.204627534738,1.0258898131778798,16.730862303258498,False,26.997593421919408,111.90997315356765,8611335.0,0.9173955025556433,14514528.590495383
2025-09-19,4850.0,4850.0,4644.532019704434,4711.428571428572,15274500,4365.239050292968,214.36961636095515,4793.978283014879,3936.499817571058,1.0653330891011066,19.643333516552136,False,28.34541063453462,118.59268794942469,8850955.0,1.7257459788237541,14514528.590495383
2025-09-22,4539.4091796875,4802.217079564144,4539.4091796875,4802.217079564144,7157200,4376.229211425782,217.51823854495441,4811.26568851569,3941.192734335873,0.6875474550470788,19.88179576856182,False,28.33835189181106,132.30684026107292,8830975.0,0.8104654355832737,14514528.590495383
2025-09-23,4577.6357421875,4587.192393006263,4520.295837274922,4539.409138912448,3377300,4391.042028808593,220.78200841870117,4832.606045645995,3949.478011971191,0.711287272358989,20.11203782338701,False,28.120132341246137,127.63467708037781,8426535.0,0.40079344594189664,14514528.590495383
2025-09-24,4472.51220703125,4577.635357196515,4472.51220703125,4577.635357196515,4882600,4402.987829589843,218.2638872032897,4839.515603996423,3966.460055183264,0.5796333950753976,19.828706837340672,False,27.393401002077297,126.02673837151154,7729440.0,0.6316887122482353,14514528.590495383
2025-09-25,4606.3056640625,4615.862314817817,4462.955902732754,4472.512553488071,5533200,4424.012463378906,216.48822628526696,4856.9889159494405,3991.0360108083723,0.7105116797938302,19.57392553274327,False,27.000104298783924,127.94671506533662,7286265.0,0.7594014217160644,14514528.590495383
2025-09-26,4625.4189453125,4682.758849593234,4548.965739604855,4615.862294599045,4703400,4445.992761230469,213.32441336808148,4872.641587966632,4019.3439344943063,0.7102738515122965,19.192511083535095,False,27.098050925798614,128.3643147026968,7156000.0,0.6572666294019005,14514528.590495383
2025-09-29,4587.1923828125,4673.202239990234,4529.852478027344,4625.4189860026045,3088000,4471.317895507813,197.12440067757788,4865.5666968629685,4077.0690941526573,0.6469560426136878,17.634568177370905,False,26.96063549412059,129.43470379271062,6842305.0,0.4513099021455489,14514528.590495383
2025-09-30,4453.39892578125,4568.078726445145,4453.39892578125,4558.52207638982,8887900,4488.519848632813,177.9550336555838,4844.429915943981,4132.609781321645,0.4506603969973447,15.858683009704274,False,25.966739709762,129.74604330974915,6923505.0,1.2837284005716758,14514528.590495383
2025-10-01,4472.51220703125,4558.522057166467,4453.398907001202,4453.398907001202,3993600,4505.243969726563,157.86585270087545,4820.975675128314,4189.512264324811,0.4481652267806565,14.016186804681032,False,25.043836274467072,127.98726522800027,6769170.0,0.5899689326756457,14514528.590495383
2025-10-02,4472.51220703125,4510.738807091347,4453.398907001202,4472.51220703125,2016100,4517.189770507813,144.7203712476679,4806.630513003149,4227.749028012477,0.4228208802061054,12.815080047557876,False,24.186854513121784,122.94102486101058,6511865.0,0.3096040842370043,14514528.590495383
2025-10-03,4625.4189453125,4634.975596025955,4472.512533897211,4472.512533897211,4093800,4532.480419921875,138.77923456226702,4810.038889046409,4254.921950797341,0.667421526865616,12.247530862110958,False,24.41174577940481,125.76405087056021,6292060.0,0.6506295235582623,14514528.590495383
2025-10-06,4548.9658203125,4634.975678259585,4529.852518546481,4634.975678259585,2513200,4543.4705810546875,130.2733566711064,4804.0172943969,4282.923867712475,0.5105455931247822,11.469061313113254,False,24.620573991804314,124.28970150217046,5822430.0,0.4316410845643486,14514528.590495383
2025-10-07,4539.4091796875,4634.9756887335525,4539.4091796875,4548.965830592105,2192500,4556.3720703125,114.81049331632171,4785.9930569451435,4326.7510836798565,0.463063283383287,10.07911483475031,True,24.8144859867142,122.23804489816203,5564045.0,0.3940478554720532,14514528.590495383
2025-10-08,4520.2958984375,4606.305756970138,4510.7392474894295,4606.305756970138,1466500,4567.840063476562,96.97054414633085,4761.7811517692235,4373.898975183901,0.37742627037516424,8.49158839178155,True,24.58323295815694,120.33293522548676,5449460.0,0.26910923284141913,14514528.590495383
2025-10-09,4644.5322265625,4644.5322265625,4529.852418499228,4539.409069171168,3293200,4576.441064453125,95.69061591703328,4767.822296287192,4385.059832619058,0.677894042840135,8.363758175346964,True,24.710058642586112,120.61174900402342,4895255.0,0.6727330854061739,14514528.590495383
2025-10-10,4520.2958984375,4673.202313606634,4520.2958984375,4606.305756970138,2840600,4577.874560546875,94.561249387578,4766.9970593220305,4388.752061771719,0.34777416097428726,8.26245875782857,True,25.074722284705718,122.91851087295987,4784945.0,0.5936536365621757,14514528.590495383
2025-10-13,4491.6259765625,4596.74913771609,4472.512674534574,4501.182627576462,2700200,4575.485400390625,96.1741399804659,4767.833680351557,4383.137120429693,0.28201150578222584,8.407775924473958,True,24.692855463620297,123.01265032357104,4751685.0,0.5682615745782812,14514528.590495383
2025-10-14,4453.39892578125,4596.748676611119,4453.39892578125,4539.4087762791705,3373400,4568.317895507813,99.78011137950544,4767.878118266824,4368.757672748802,0.21206944916738432,8.736704726930027,True,24.061282553393013,124.46530035973517,4683540.0,0.7202671483535957,14514528.590495383
2025-10-15,4434.28564453125,4644.531946642645,4434.28564453125,4491.625545107086,9998000,4557.80556640625,102.3696040136092,4762.544774433469,4353.066358379032,0.1983481496651599,8.984113299446939,True,23.956892727606963,130.59251477056804,4964260.0,2.0139960437205144,14514528.590495383
2025-10-16,4644.5322265625,4682.758829250258,4491.6258158114715,4491.6258158114715,4627800,4553.98291015625,97.25517114495716,4748.493252446165,4359.472567866335,0.7327622154694675,8.54242741474148,True,24.217283987200094,139.01256262402802,4800650.0,0.9639944590836658,14514528.590495383
2025-10-17,4749.6552734375,4778.325224786217,4663.645419391348,4673.202069840921,8683700,4548.965673828125,82.67593713419284,4714.31754809651,4383.613799559739,1.106856137849495,7.269866871922807,True,25.22554598250521,138.6397365954344,4471110.0,1.9421799061083265,14514528.590495383
2025-10-20,4720.9853515625,4850.000133437184,4663.645448507085,4778.325254617915,6008900,4558.044482421875,91.11064663573838,4740.265775693351,4375.823189150398,0.9470961275032578,7.995590827347736,True,26.63272699818629,142.04794719076756,4413695.0,1.3614216659737477,14514528.590495383
2025-10-21,4673.2021484375,4768.768654540516,4634.9755459962935,4749.655353319913,4330400,4562.822802734375,94.63021448054687,4752.083231695468,4373.562373773281,0.7916070366875686,8.295760635178512,True,27.48362493933236,141.4583158588715,4461350.0,0.9706478980577627,14514528.590495383
2025-10-22,4945.56640625,4993.349656551933,4606.305329106281,4682.758529589372,15199500,4586.475512695312,125.08740542558878,4836.65032354649,4336.300701844135,1.2176799541347543,10.909240010491558,False,29.46256743516489,159.00017382935582,4977195.0,3.053828511842514,14514528.590495383
2025-10-23,4993.35009765625,5136.699861225329,4945.566843133223,4993.35009765625,11022300,4605.827734375,154.7415237422013,4915.310781859403,4296.344686890597,1.1260801139693772,13.438759125731789,False,31.802514537680615,161.29540819692534,5251650.0,2.0988260832309846,14514528.590495383
2025-10-24,4921.6748046875,5041.132931014867,4873.891554156554,4993.34968048392,3638500,4620.64052734375,170.1301396299164,4960.900806603583,4280.380248083918,0.9423588289508678,14.727840317646903,False,33.07238443428426,161.7201202441673,5198405.0,0.699926227371665,14514528.590495383
2025-10-27,4897.783203125,5017.241330030488,4802.21670160061,5017.241330030488,6289200,4636.170068359375,180.75965072625775,4997.689369811891,4274.65076690686,0.8618245743927265,15.595601374496098,False,33.42435115338272,165.52758511457523,5358465.0,1.1736943322388034,14514528.590495383
2025-10-28,4850.0,4993.3497536945815,4778.325123152709,4897.783251231527,8730200,4656.0001220703125,181.40682743860387,5018.813776947521,4293.186467193104,0.7673547085698104,15.5847785809714,False,33.48463259386406,169.06308835938216,5350580.0,1.6316361964497308,14514528.590495383
2025-10-29,4826.1083984375,4897.7832756420175,4768.768496673886,4826.1083984375,5793000,4673.679931640625,179.80659217173456,5033.293115984094,4314.066747297156,0.7119339243292171,15.388866572094589,False,33.43018008531025,166.20249483143567,5440550.0,1.0647820532850538,14514528.590495383
2025-10-30,4577.6357421875,4921.67517166297,4539.409138912448,4826.108663475339,20118700,4678.936108398438,175.0911471207054,5029.118402639849,4328.753814157027,0.3553605252510246,14.968458048095707,False,31.20538279395612,181.635604682799,6345680.0,3.1704561213297864,14514528.590495383
2025-10-31,4462.95556640625,4625.41861700348,4462.95556640625,4577.635366827824,16147700,4670.812939453125,181.36109321360345,5033.535125880332,4308.090753025918,0.21347579383789755,15.531437080829688,False,29.369095125152562,180.26613653382978,6948375.0,2.323953442351629,14514528.590495383
2025-11-03,4558.5224609375,4596.749064383517,4462.955952322458,4462.955952322458,10188700,4671.290771484375,181.03546339910287,5033.361698282581,4309.219844686169,0.34427317660646556,15.501964853416819,False,27.663970861263547,176.94666235121818,7332150.0,1.3895924115027651,14514528.590495383
2025-11-04,4520.2958984375,4606.305756970138,4510.7392474894295,4568.079153177854,9822600,4670.335107421875,181.81705274518862,5033.969212912252,4306.7010019314985,0.2936948065115609,15.572077682927155,False,25.998449729233975,171.13379428903892,7713655.0,1.273404112576982,14514528.590495383
2025-11-05,4596.7490234375,4596.7490234375,4510.739166450104,4520.295817226482,7049600,4674.157763671875,179.2825271401441,5032.722817952163,4315.592709391587,0.3920576066876487,15.342445523217002,False,24.451895072896225,165.0535130532073,7992810.0,0.8819926909309742,14514528.590495383
2025-11-06,4548.9658203125,4634.975678259585,4539.409169429491,4596.749074727548,7605600,4669.379443359375,181.37500691722911,5032.129457193833,4306.629429524916,0.33402671474214507,15.53739713101914,False,22.75382091960051,160.0901556086992,8208430.0,0.9265596466072075,14514528.590495383
2025-11-07,4415.17236328125,4577.6354156097805,4386.502412870333,4558.522115335836,18917200,4664.123266601562,187.3476585140799,5038.818583629722,4289.427949573403,0.16779555013546815,16.06712754404431,False,22.315676138629726,162.30750183232414,9012260.0,2.099051736190478,14514528.590495383
2025-11-10,4462.95556640625,4491.625516511644,4405.615666195463,4415.172316230594,6903400,4662.68974609375,188.8407553543993,5040.3712568025485,4285.008235384951,0.2355785575620889,16.200156187754416,False,21.90882741344257,156.85766958117105,9222420.0,0.7485453926409771,14514528.590495383
2025-11-11,4491.6259765625,4539.409231632314,4472.512674534574,4491.6259765625,8813600,4664.601098632813,186.7932838844182,5038.187666401649,4291.014530863977,0.26849392216726525,16.017942793793612,False,21.042718940366353,151.11452641294912,9494430.0,0.9282916404670949,14514528.590495383
2025-11-12,4529.8525390625,4568.079142767669,4501.182586283623,4510.739237209916,11038700,4669.379443359375,181.7456582445168,5032.870759848409,4305.888126870341,0.3080739511956345,15.56914878725388,False,19.952285968570347,145.78157211239338,9546465.0,1.156312834122369,14514528.590495383
2025-11-13,4548.9658203125,4663.645630908613,4520.295867663472,4548.9658203125,16640900,4664.601123046875,183.67929875858525,5031.959720564046,4297.242525529704,0.34261249972655144,15.75091150675776,False,18.989697671709724,145.60787147901826,10147120.0,1.639962866310835,14514528.590495383
2025-11-14,4596.7490234375,4596.7490234375,4548.965769555613,4548.965769555613,5209100,4656.955810546875,183.1341604735577,5023.22413149399,4290.68748959976,0.41781054534870876,15.729946164299275,False,18.095865681767716,138.62039879350885,9973390.0,0.5222998398739045,14514528.590495383
2025-11-17,4405.61572265625,4644.531976596394,4405.61572265625,4606.305375965971,18350500,4641.187329101563,190.7496915126302,5022.686712126823,4259.687946076302,0.19125558660508432,16.439732162205612,False,17.61628357839067,145.78438844683996,10590470.0,1.7327370739919947,14514528.590495383
2025-11-18,4491.6259765625,4510.739278590426,4415.172768450798,4415.172768450798,11054200,4632.1085205078125,193.44774973017059,5019.004019968153,4245.213021047472,0.3184489815192167,16.704941075859168,False,17.170957339540564,142.88004326736393,10926660.0,1.0116723683174913,14514528.590495383
2025-11-19,4539.4091796875,4539.4091796875,4501.182576069079,4501.182576069079,8553700,4611.8006591796875,179.63526535993816,4971.071189899564,4252.530128459811,0.39925213272135707,15.580488285188848,False,16.459530742490678,136.08741182862366,10594370.0,0.8073816564835852,14514528.590495383
2025-11-20,4520.2958984375,4596.749106022067,4520.2958984375,4568.079153177854,9608100,4588.14794921875,156.39219864183997,4900.93234650243,4275.36355193507,0.39153542924375545,13.634451231544942,False,15.340310104246639,131.82782581119108,10523660.0,0.9129998498621202,14514528.590495383
2025-11-21,4529.8525390625,4568.079142767669,4472.512633504747,4529.8525390625,8411100,4568.5568359375,135.5677793692295,4839.692394675959,4297.4212771990415,0.42862556085398057,11.869637107527405,False,14.640039627658995,129.23773177202898,10762290.0,0.7815344132150314,14514528.590495383
2025-11-24,4520.2958984375,4558.522502229784,4491.625945593288,4539.409200333642,22313900,4549.682470703125,111.45169291903542,4772.585856541195,4326.779084865054,0.43408226583203935,9.798634839834106,True,13.989788470827612,124.78479069091948,11563525.0,1.9296797473088871,14514528.590495383
2025-11-25,4501.1826171875,4548.965872147028,4491.625966195595,4520.295919171311,8177800,4532.2416015625,86.4766644204042,4705.194930403309,4359.288272721692,0.4102099260443029,7.632131913761276,True,13.38598382519847,119.96729892381332,11535905.0,0.7088997352179998,14514528.590495383
2025-11-26,4548.9658203125,4558.52247119551,4482.0692641314345,4510.739216780463,6175600,4518.38447265625,52.39910658792301,4623.1826858320965,4413.586259480404,0.6459058638954837,4.638747048200523,True,12.92947771058889,116.8591495052606,11555035.0,0.5344509990666406,14514528.590495383
2025-11-27,4462.95556640625,4548.965416722431,4462.95556640625,4548.965416722431,4304100,4512.650463867188,51.845790888476856,4616.342045644142,4408.958882090234,0.2603715913610328,4.595595542230138,True,12.719374779953931,114.65565696247413,10764305.0,0.39984931679286306,14514528.590495383
2025-11-28,4424.72900390625,4482.068904604819,4415.1723537898215,4462.955604371963,4197700,4510.7391357421875,54.41520269777676,4619.569541137741,4401.908730346634,0.10484328105125468,4.825391232811638,True,13.03692867245674,111.24429223765439,10166805.0,0.4128829066752043,14514528.590495383
2025-12-01,4501.1826171875,4539.4092211551215,4424.729409252256,4434.2860602441615,4510800,4507.872143554688,53.26347588528434,4614.399095325256,4401.345191784119,0.46860171883264246,4.726263229221331,True,12.550000070689403,111.48971545274134,9882910.0,0.4564242717984885,14514528.590495383
2025-12-02,4539.4091796875,4606.305736019736,4491.625925164473,4520.2958778782895,8797100,4508.827807617187,53.66804816889132,4616.16390395497,4401.491711279405,0.642456140635459,4.761153049865853,True,12.006247742132956,111.71757941006432,9831635.0,0.8947748772203199,14514528.590495383
2025-12-03,4568.0791015625,4663.645609963389,4539.409149042233,4577.635752402589,8652600,4507.394311523438,51.53660217583019,4610.467515875098,4404.321107171778,0.7943771391448198,4.573516192632487,True,12.101519841701073,112.61178523228511,9911785.0,0.8729608239081054,14514528.590495383
2025-12-04,4558.5224609375,4568.079111799005,4520.295857491484,4568.079111799005,5056600,4507.872143554688,51.9846823407332,4611.841508236154,4403.902778873221,0.7435828935667292,4.61279119595799,True,11.94101128148961,107.98117588051626,9784335.0,0.5168056899114758,14514528.590495383
2025-12-05,4558.5224609375,4577.635762660509,4510.739206629979,4568.079111799005,3796900,4515.0396484375,48.28123729860876,4611.602123034717,4418.477173840282,0.7251537809142551,4.277369950920995,True,11.664143552033988,105.04656017694579,9028320.0,0.4205544331614298,14514528.590495383
2025-12-08,4587.1923828125,4587.1923828125,4520.295827229817,4558.522430419922,3966500,4521.251489257813,49.21061384007444,4619.672716937962,4422.830261577664,0.8349932484533873,4.353716129880907,True,11.520267923378412,102.32155984878413,8881475.0,0.44660374543642806,14514528.590495383
2025-12-09,4462.95556640625,4587.192016862955,4443.842266335988,4587.192016862955,7094600,4519.81796875,50.51922498757024,4620.85641872514,4418.779518774859,0.21861008181667524,4.470907929200696,True,11.021015824092657,105.25217103647898,8795525.0,0.8066147273755688,14514528.590495383
2025-12-10,4405.61572265625,4491.625574074702,4405.61572265625,4443.842323286673,6263000,4513.606127929687,56.50401516124952,4626.614158252186,4400.598097607189,0.022200303087940507,5.007438713946155,True,11.001378930904282,103.87771963519134,8556740.0,0.7319376304527191,14514528.590495383
2025-12-11,4271.82275390625,4443.84246211724,4252.709452993918,4424.7291612049075,10578100,4499.748974609375,77.4698070229897,4654.688588655355,4344.809360563396,-0.23553242696050122,6.886589226210325,False,12.379467894723232,110.11024031291498,8253600.0,1.2816346806242125,14480682.362120112
2025-12-12,4300.49267578125,4338.71927734375,4290.936025390625,4290.936025390625,3298900,4484.9361572265625,85.8197379385837,4656.57563310373,4313.296681349395,-0.03729912802025804,7.654043217565336,False,13.659121932555113,107.02354625038534,8158090.0,0.40437161149239587,14575293.104307612
2025-12-15,4386.50244140625,4386.50244140625,4310.049239813113,4319.605890012255,4683400,4483.980493164063,86.8497553767,4657.680003917463,4310.280982410663,0.21940608429173528,7.747558715663881,False,14.162940189454376,105.52256192000067,7474735.0,0.6265640186575177,14859125.330870112
2025-12-16,4357.83251953125,4405.6157708419,4319.60591848273,4396.05912057977,4935300,4477.2908203125,91.27014371717127,4659.8311077468425,4294.750532878157,0.17278921694418442,8.154050954483317,False,14.366008230576181,104.12879695136988,7168790.0,0.6884425405124156,14764514.588682612
2025-12-17,4329.16259765625,4367.389198960058,4329.16259765625,4357.8325486341055,4154700,4466.778491210937,95.73748154031838,4658.253454291574,4275.303528130301,0.14064259018362427,8.573291174272123,False,14.554571411617857,99.42149726225831,6948840.0,0.597898354257689,14669903.846495112
2025-12-18,4376.94580078125,4386.502451001296,4329.162549681018,4329.162549681018,5062500,4459.610986328125,96.87919197874913,4653.3693702856235,4265.852602370627,0.2866797197147134,8.689474689676082,False,14.442268144300288,96.4156689806883,6721560.0,0.75317337046757,14827588.416807612
2025-12-19,4434.28564453125,4434.28564453125,4329.162493475553,4376.945743955415,10955400,4454.8326416015625,95.58044960046828,4645.993540802499,4263.671742400626,0.44625732261095213,8.582180951794967,False,13.654142561450698,97.03763198604608,6848775.0,1.5996145296056594,15016809.901182612
2025-12-22,4348.27587890625,4434.285731456044,4348.27587890625,4434.285731456044,3886100,4446.231640625,97.1071534833894,4640.445947591779,4252.017333658221,0.24781527877988463,8.736130848076042,False,12.922310436905624,96.24993345488524,5927385.0,0.6556179495679798,14732977.674620112
2025-12-23,4329.16259765625,4367.389198960058,4329.16259765625,4367.389198960058,2084400,4437.630639648438,99.57070815724043,4636.772055962919,4238.489223333957,0.22766076489860634,8.975123550627796,False,12.503709481328297,92.10540972980829,5622715.0,0.3707105908800286,14669903.846495112
2025-12-24,4386.50244140625,4405.615741804534,4338.719190410539,4348.275840609682,3032200,4429.507470703125,96.59220990259219,4622.691890508309,4236.323050897941,0.38869436432750737,8.72261401895857,False,11.682225875083377,90.98739075969942,5465545.0,0.554784564027924,14859125.330870112
2025-12-29,4338.71923828125,4396.059140108756,4338.71923828125,4386.502489804171,3355600,4423.295654296875,98.3075303755582,4619.910715047991,4226.680593545759,0.28491877556957496,8.889980508543244,False,10.919419669284522,88.58399869311417,5418120.0,0.619329213823245,14701440.760557612
2025-12-30,4310.04931640625,4376.9458689890525,4310.04931640625,4348.275917882137,3653300,4417.561669921875,101.51176936186772,4620.585208645611,4214.53813119814,0.23522194965303259,9.19165611681549,False,10.511466763590544,87.03489539952048,5390900.0,0.6776790517353317,14606830.018370112
2026-01-02,4338.71923828125,4386.502489804171,4310.0492873674975,4310.0492873674975,4267600,4409.438500976563,100.96692939344734,4611.372359763458,4207.504642189668,0.3248949851199934,9.159164312742888,False,9.970349136795395,86.27906018788856,5378740.0,0.7934200203021525,14701440.760557612
2026-01-05,4367.38916015625,4386.502460638334,4300.492608468955,4357.832509915208,8656600,4400.8375,96.54241532381097,4593.9223306476215,4207.752669352378,0.41338434062489204,8.774912986340526,False,9.625477368796865,86.25983104370931,5371715.0,1.6115151306426345,14796051.502745112
2026-01-06,4376.94580078125,4405.615751441389,4310.049249240926,4367.389150561204,12009200,4391.280834960938,88.21707205570263,4567.714979072343,4214.846690849532,0.45937568022367564,8.035657510525633,False,8.954718142507847,86.92459326919173,5539545.0,2.1679036816200608,14827588.416807612
2026-01-07,4348.27587890625,4376.945829756181,4262.266026356456,4376.945829756181,11204700,4380.768505859375,79.31690858519366,4539.402323029763,4222.134688688988,0.3975860647726043,7.242282579333335,False,9.127359824081433,88.90710827851558,5846950.0,1.916332446831254,14732977.674620112
2026-01-08,4300.49267578125,4348.275927734375,4281.379375,4348.275927734375,9163000,4367.867016601563,69.22542870565452,4506.3178740128715,4229.416159190254,0.2566849997174178,6.339517979145394,False,9.287669956971191,87.33492573964836,6115255.0,1.4983839594587633,14575293.104307612
2026-01-09,4290.93603515625,4329.162636805749,4271.822734331501,4300.492685568625,5274700,4353.05419921875,48.38301576531868,4449.8202307493875,4256.2881676881125,0.17902908138362328,4.445891417938435,True,9.596310360777979,85.19242407783402,6180665.0,0.8534194945042322,14543756.190245112
2026-01-12,4281.37939453125,4319.605996268136,4252.709443228585,4290.936044965471,8893000,4343.975390625,43.46073841263798,4430.896867450276,4257.053913799724,0.13992790746309833,4.001932285936357,True,10.201066932757266,83.88557614652808,6270585.0,1.4182089868808094,14488374.602835573
2026-01-13,4319.60595703125,4329.162607378664,4281.379355641593,4290.936005989007,9560300,4339.67490234375,41.238928118999695,4422.152758581749,4257.19704610575,0.3783373730362954,3.80110759879527,True,10.5348276910518,81.3068386887097,6435450.0,1.4855682197826103,14488374.602835573
2026-01-14,4348.27587890625,4357.832529189561,4300.492627489698,4319.605928056319,9463000,4343.49755859375,38.037476941763096,4419.572512477276,4267.422604710224,0.5314053447854585,3.502935266212338,True,10.18613878836027,79.59491461807778,6379695.0,1.483299750223169,14488374.602835573
2026-01-15,4367.38916015625,4386.502460638334,4338.719209433124,4348.275859674166,9656600,4346.8423828125,36.9834778816492,4420.809338575798,4272.875427049201,0.638891597820397,3.403249957061501,True,9.65519727465668,77.3226529457301,6697580.0,1.441804353214146,14488374.602835573
2026-01-19,4233.59619140625,4367.3892990353415,4233.59619140625,4367.3892990353415,19140600,4339.1970703125,43.57119922979854,4426.339468772097,4252.054671852903,-0.10590987150308523,4.016521814867511,True,10.523521885562833,81.35625685168449,7420440.0,2.5794427284635413,14488374.602835573
2026-01-20,4224.03955078125,4271.822803618142,4204.9262496464935,4252.709502483385,9670400,4332.507421875,50.309298636581744,4433.126019148163,4231.888824601836,-0.03900508471250302,4.644820538108553,True,11.696238278302616,80.3234209316819,7657195.0,1.262916773048094,14488374.602835573
2026-01-21,4252.70947265625,4338.719327159411,4233.596171655548,4262.266123156601,12711000,4328.684765625,53.38724265665975,4435.45925093832,4221.91028031168,0.14422543107649896,4.933345396792978,True,11.501906530295486,82.77744632071608,8085010.0,1.572168741906318,14488374.602835573
2026-01-22,4300.49267578125,4310.049326171875,4262.26607421875,4262.26607421875,8859300,4324.862109375,52.47915289874712,4429.820415172494,4219.903803577506,0.3839089798154325,4.853718021204706,True,11.32145562143172,80.96047540606669,8274850.0,1.0706296790878385,14488374.602835573
2026-01-23,4166.69970703125,4310.049467594252,4157.14305632705,4300.4928168900515,15630800,4311.4828125,57.026721373726495,4425.5362552474535,4197.429369752547,-0.1347160681038866,5.290682937052906,False,12.487052724557113,86.09947082471923,8508620.0,1.837054657512029,14454360.874786144
2026-01-26,4195.36962890625,4252.7095327181805,4128.473074458998,4185.812978270928,12876700,4303.8375,61.87781579614978,4427.593131592299,4180.0818684077,0.06176591845498272,5.750943505292629,False,13.862982371881172,88.82354135575233,8958150.0,1.4374284869085694,14551838.609161144
2026-01-27,4166.69970703125,4204.926309848051,4138.02975491865,4204.926309848051,10177600,4295.71435546875,68.66935339339436,4433.053062255539,4158.375648681961,0.030304851938832967,6.3942197000108685,False,15.140631330110654,87.25732803958437,9362810.0,1.087024087853967,14454360.874786144
2026-01-28,4166.69970703125,4252.7095633690515,4090.246501397649,4138.02975491865,22495000,4284.72421875,70.92648628396104,4426.5771913179215,4142.871246182078,0.08398999477350635,6.621335018350617,False,16.327019648466603,92.62916617757138,10335950.0,2.176384367184439,14454360.874786144
2026-01-29,4118.91650390625,4176.256408833019,3679.310566134353,4166.6997580118905,16359500,4273.73408203125,78.720637547154,4431.175357125559,4116.292806936942,0.008332303481842905,7.367855466546884,False,19.886563555939823,121.50892878622102,10986145.0,1.4891028654728296,14291897.984161144
2026-01-30,4233.59619140625,4233.59619140625,4071.133132142353,4118.916384867029,10956600,4269.91142578125,78.72063754715377,4427.352700875557,4112.470150686942,0.3846705403229015,7.3744515702922815,False,22.355982334383278,124.43422382034072,11351310.0,0.9652278019012783,14681808.921661144
2026-02-02,4243.15283203125,4252.709482553843,4118.9163752375425,4243.15283203125,5788200,4265.13310546875,77.21013606728386,4419.553377603317,4110.7128333341825,0.4288297024294018,7.241052896406434,False,24.376966888270776,125.1027154986236,11427340.0,0.506522077753878,14714301.499786144
2026-02-03,4329.16259765625,4329.16259765625,4157.142891789114,4233.59609439673,9547200,4263.22177734375,74.9867036510469,4413.195184645843,4113.248370041656,0.719841708936021,7.035684049987956,False,25.220348587817583,128.45392909637445,11471870.0,0.8322270039670951,14956710.926053844
2026-02-04,4252.70947265625,4329.162676659059,4224.039521155197,4300.492725158006,7655700,4257.0099609375,70.053637550199,4397.117236037898,4116.902685837103,0.48465287302829724,6.582426462988236,False,26.003487697968133,126.78744526833786,11254195.0,0.6802530078783956,14956710.926053844
2026-02-05,4319.60595703125,4319.60595703125,4243.152754251935,4252.70940459935,6483700,4255.57646484375,68.36066246081664,4392.297789765383,4118.855139922117,0.7341605898867684,6.425513725396207,False,26.730688300250787,123.19214223340764,11018145.0,0.5884565868392547,14956710.926053844
2026-02-06,4290.93603515625,4319.605986393374,4252.709433506751,4300.492685568625,6401100,4255.0986328125,68.06293140919898,4391.224495630898,4118.972769994102,0.6316333340401296,6.398247117878084,False,27.405945554338516,119.1710287086373,10880050.0,0.5883336933194241,14956710.926053844
2026-02-09,4329.16259765625,4329.16259765625,4252.709395048634,4310.049297004346,4979500,4257.0099609375,69.64072386404442,4396.291408665589,4117.728513209411,0.7590173992864045,6.5436279927057415,False,27.87842521451331,116.11975541570719,10865290.0,0.4582942562968867,14956710.926053844
2026-02-10,4252.70947265625,4310.049375658356,4252.70947265625,4310.049375658356,6583000,4255.57646484375,69.40738041698539,4394.39122567772,4116.761704009779,0.48967331654690205,6.523899263977497,False,28.317156327532764,113.28642467172811,10749790.0,0.6123840558745799,14956710.926053844
2026-02-11,4281.37939453125,4310.049345833914,4243.152792794363,4310.049345833914,5136300,4253.66513671875,68.06469696169292,4389.794530642135,4117.535742795364,0.6017938044596677,6.400569370084215,False,28.809816070944752,109.97286241228689,10528590.0,0.48784310149792137,14956710.926053844
2026-02-12,4214.48291015625,4281.379464285715,4214.48291015625,4281.379464285715,3658000,4246.97548828125,64.77177865561674,4376.519045592484,4117.431930970017,0.37458821264674846,6.100508828868228,False,29.522839180852564,106.89598324922815,10238340.0,0.35728448166401977,14956710.926053844
2026-02-13,4109.35986328125,4233.596324264172,4109.35986328125,4224.039673419332,9578400,4234.0740234375,65.22105523019361,4364.516133897887,4103.631912977113,0.021955909345229205,6.161541330563966,False,30.96763355371479,108.13458880163485,10234430.0,0.9358997032565566,14956710.926053844
2026-02-18,4080.689697265625,4147.586249679815,4080.689697265625,4118.916298645162,4782000,4226.428698730469,73.69190423852142,4373.812507207512,4079.044890253426,0.005580012584813146,6.97438991559536,False,32.48853090806486,105.18901477396024,9516500.0,0.5024956654232123,14956710.926053844
2026-02-19,4080.689697265625,4128.4729489900465,4080.689697265625,4080.689697265625,2103600,4219.261206054687,80.58540018958182,4380.432006433851,4058.0904056755235,0.07010975789949353,7.639764049112757,False,33.90079273710421,101.08860312756461,9138160.0,0.2301995150008317,14956710.926053844
2026-02-20,4138.02978515625,4138.02978515625,4052.0199281899536,4099.803182060118,3053800,4213.5272216796875,82.14503009499971,4377.817281869687,4049.237161489688,0.2702312713376408,7.798219949532284,False,35.398917750556514,100.01154983033118,8655300.0,0.35282428107633473,14956710.926053844
2026-02-23,4233.59619140625,4233.59619140625,4138.029685956899,4147.586336501834,6080700,4210.182397460938,79.74443711816518,4369.671271697268,4050.6935232246074,0.5734025933075991,7.576340366275545,False,34.972606539343744,99.69404666026117,8516370.0,0.7140013879152738,14956710.926053844
2026-02-24,4166.69970703125,4243.152912664851,4166.69970703125,4243.152912664851,4222100,4210.182397460938,79.74443711816518,4369.671271697268,4050.6935232246074,0.36368111682431503,7.576340366275545,False,34.41602034881154,98.03398658692831,7945935.0,0.5313534530549269,14956710.926053844
2026-02-25,4147.58642578125,4214.482981035786,4147.58642578125,4195.36967953449,3724000,4207.793237304688,80.9187394885146,4369.6307162817175,4045.9557583276587,0.3139898992989639,7.692273353274115,False,34.086924408846365,95.8098843489003,7488300.0,0.4973091355848457,14956710.926053844
2026-02-26,4214.48291015625,4214.48291015625,4109.359753667092,4157.1430066167095,7749400,4210.182397460938,80.34495280230084,4370.872303065539,4049.492491856336,0.5133814027680567,7.633394016444981,False,34.14297878815442,96.47511807320441,7366890.0,1.0519228602571777,14956710.926053844
2026-02-27,4061.576416015625,4195.369521484375,4061.576416015625,4176.256220703125,11742400,4204.926232910157,86.53911966452138,4378.0044722391995,4031.8479935811138,0.08588145612572899,8.232165310032485,False,34.60676205182942,100.50593064944874,6829260.0,1.7194249450160046,14956710.926053844
2026-03-02,3765.3203125,4013.7932265228424,3765.3203125,4013.7932265228424,19822200,4187.246423339844,130.1609416435907,4447.568306627026,3926.924540052663,-0.3103930901083422,12.434036928714729,False,36.61244757006867,114.48808585417562,7002395.0,2.830774327926374,14956710.926053844
2026-03-03,3822.66015625,3908.670009765625,3774.876904296875,3774.876904296875,10229300,4166.699621582031,152.90639857228342,4472.512418726597,3860.886824437464,-0.06250011206920333,14.678898164896005,False,38.47486983700511,116.549629526422,6966030.0,1.4684547726610422,14956710.926053844
2026-03-04,3507.290771484375,3822.6602413998635,3449.950867863377,3822.6602413998635,25048900,4129.906518554688,211.02846619579813,4551.963450946284,3707.8495861630918,-0.2375968729411045,20.439055000174687,False,41.05946871621832,134.84675409856948,7929065.0,3.159124058132958,14956710.926053844
2026-03-05,3516.847412109375,3602.8572672968326,3449.950858074686,3555.0740144149117,19816200,4089.2907592773436,245.9431836674517,4581.177126612247,3597.4043919424403,-0.08188576181683202,24.057294836223832,False,43.45945340861634,136.13672946453926,8442515.0,2.3471915655465225,14956710.926053844
2026-03-06,3459.507568359375,3516.8474728073206,3440.3942668767268,3516.8474728073206,14689200,4049.6306640625,279.824726239813,4609.280116542126,3489.9812115828736,-0.027225652672829125,27.63953055996461,False,45.70760733388871,131.87362064068603,8794190.0,1.6703300701940713,14956710.926053844
2026-03-09,3354.38427734375,3354.38427734375,3239.7044729901177,3344.827626980947,20089300,4001.369580078125,312.1768987182466,4625.723377514619,3377.015782641632,-0.01812394301981007,31.20700474882418,False,48.14734353022285,138.15429740701256,9474470.0,2.1203613500280225,14956710.926053844
2026-03-10,3344.82763671875,3440.394140625,3306.60103515625,3373.497587890625,13838600,3954.06416015625,336.708248080034,4627.480656316318,3280.647663996182,0.04765251006511777,34.06199135288979,False,49.34358919084544,137.84278369713667,9846345.0,1.4054555268985598,14956710.926053844
2026-03-11,3469.064208984375,3469.064208984375,3344.8277497094527,3354.384400422908,13729000,3911.0592407226563,341.1755293786594,4593.410299479975,3228.7081819653376,0.1761234367077615,34.89341463573633,False,50.1127148434067,136.8709114520287,10283820.0,1.3350097531851004,14956710.926053844
2026-03-12,3516.847412109375,3593.3006167204485,3421.2809063455334,3478.6208098038383,13061400,3874.2661376953124,342.0693628737404,4558.404863442793,3190.1274119478317,0.23878198080701657,35.31707432749855,False,49.46328537438452,139.3815399465206,10607740.0,1.2313084596719,14956710.926053844
2026-03-13,3440.394287109375,3535.9607950846353,3363.9410807291665,3535.9607950846353,10407400,3832.2168823242187,341.0786537330086,4514.3741897902355,3150.0595748582014,0.21280627582050582,35.60118481876174,False,49.09594288809492,141.7128381185883,10871295.0,0.9573284507503476,14956710.926053844
2026-03-16,3793.990234375,3793.990234375,3392.6109148693326,3459.5074681202773,15580900,3811.192248535156,329.0218012832469,4469.23585110165,3153.148645968662,0.4869294267940111,34.53216524668443,False,46.556004035552604,160.2604439319511,11467440.0,1.3587077848238143,14956710.926053844
2026-03-17,3793.990234375,3793.990234375,3555.0739727644836,3793.990234375,29917500,3795.4237670898438,321.4498938886727,4438.323554867189,3152.5239793124983,0.4988851040690184,33.87762880930112,False,44.197489386763316,165.8787166232772,12484395.0,2.3963916553425295,14956710.926053844
2026-03-25,3956.453369140625,3956.453369140625,3870.443513289742,3956.453369140625,16255600,3789.211950683594,316.814141089894,4422.840232863382,3155.5836685038057,0.6319712386272378,33.443802586206786,False,41.16653500830567,165.6347464905878,13058075.0,1.2448695538967267,14956710.926053844
2026-03-26,3851.330078125,3937.339930986352,3841.7734278070716,3937.339930986352,6543800,3777.7439697265627,309.7810681208405,4397.306105968244,3158.1818334848817,0.5593855757913297,32.80064192844311,False,38.28157871071223,161.99511755079962,13280085.0,0.4927528701811773,14956710.926053844
2026-03-27,3918.226806640625,3946.8967588843366,3851.330251405297,3851.330251405297,7424900,3766.7538208007813,300.07330546095915,4366.9004317227,3166.607209878863,0.6261966518540839,31.865454419016537,False,35.55562621937937,157.25022920855227,13498640.0,0.5500480048360428,14956710.926053844
2026-03-30,3832.216796875,3937.33995090399,3813.1034961424566,3918.2266501714466,6823700,3746.684851074219,279.95527045746144,4306.595391989142,3186.774310159296,0.5763800103325591,29.888317975523876,False,33.27110309491898,154.89210246233665,13535790.0,0.5041227737723473,14956710.926053844
2026-03-31,3918.226806640625,3918.226806640625,3832.2169499094894,3870.4435529011052,8714400,3734.2612060546876,265.4738900695776,4265.208986193843,3203.313425915532,0.6732426497175693,28.436563531136112,False,31.14976019363433,149.97195298400013,13760405.0,0.6332953136190396,14956710.926053844
2026-04-01,3966.010009765625,3966.010009765625,3880.0001541321535,3937.3400578878013,7222300,3725.1823852539064,253.4262698634968,4232.0349249809,3218.329845526913,0.73757168568341,27.212226801746063,False,29.044897695829842,145.40323174467665,13935320.0,0.5182729926546359,14956710.926053844
2026-04-02,4061.576416015625,4061.576416015625,3937.3399609375,3966.009912109375,9671800,3717.537060546875,239.82993221584493,4197.196924978565,3237.877196115185,0.8586284583935057,25.805249907105367,False,27.782107158540978,143.89131912563724,14031440.0,0.6892948977439236,14956710.926053844
2026-04-06,3966.010009765625,4061.5765160250376,3927.7834072618602,4061.5765160250376,2189900,3712.758740234375,233.48262787043663,4179.723995975249,3245.793484493502,0.7711671440409936,25.154624278732168,False,26.52602314052922,143.17001838546153,13553815.0,0.16157074594864987,14956710.926053844
2026-04-07,4042.463134765625,4042.463134765625,3889.556727776854,3927.7833295240466,5837800,3726.6158813476563,244.72008440643174,4216.05605016052,3237.175712534793,0.8226617608686021,26.267272206002996,False,25.019164020656547,143.86547471426937,12854595.0,0.4541411067404302,14956710.926053844
2026-04-08,4290.93603515625,4290.93603515625,4032.906474022133,4042.4631244345073,15297300,3750.029675292969,274.92956924319276,4299.888813779355,3200.170536806583,0.9918590253426093,29.32558865382463,False,25.189982216602974,152.02005231568708,13107995.0,1.1670205855281452,14956710.926053844
2026-04-09,4204.92626953125,4290.936125044389,4147.586365855824,4252.709522594105,14206000,3784.9114501953127,286.52299112869457,4357.957432452702,3211.8654679379233,0.866475668916987,30.2805489532823,False,25.348599582343333,151.4007456637498,12565850.0,1.1305243974741064,14956710.926053844
2026-04-10,4204.92626953125,4252.709522594105,4128.473064630682,4204.92626953125,6553700,3819.315393066406,293.8576954838646,4407.030784034136,3231.600002098677,0.8280591953104194,30.775954875822464,False,25.311012630009394,149.4604393994408,11902725.0,0.5506050085169573,14956710.926053844
2026-04-13,4118.91650390625,4157.143107190763,4118.91650390625,4147.586456369634,3594800,3852.28583984375,288.3029023338934,4428.891644511537,3275.6800351759634,0.7312070585346601,29.935774687538462,False,25.179641011178767,144.92824841555216,11348005.0,0.3167781473483665,14956710.926053844
2026-04-14,4138.02978515625,4157.1430867043155,4071.1332297380195,4118.9164836081845,4989800,3891.468115234375,269.72611143780927,4430.920338109993,3352.0158923587564,0.7285296634867374,27.72486922165766,False,24.572106425407608,140.71979188346242,10593030.0,0.47104558374704875,14956710.926053844
2026-04-15,4204.92626953125,4204.92626953125,4138.029715243253,4157.143016468395,6201500,3934.473046875,245.45800878647398,4425.389064447948,3443.557029302052,0.7754577289954304,24.95460061483271,False,24.341095988186424,135.4467034837863,10211175.0,0.6073248181526611,14956710.926053844
2026-04-16,4271.82275390625,4290.936054818582,4185.812899800755,4233.596152081585,9881000,3974.610974121094,230.528160381206,4435.667294883506,3513.554653358682,0.822316131892174,23.20007285061981,False,24.676533018762488,133.28073573621782,10018775.0,0.9862483187814878,14956710.926053844
2026-04-17,4329.16259765625,4329.16259765625,4262.266045374586,4271.822695700538,9531800,4015.2267333984373,216.7812381251496,4448.789209648737,3581.664257148138,0.8620422447220442,21.59591500245554,True,25.214842376528956,128.53900834660686,9842295.0,0.9684529878448065,14956710.926053844
2026-04-20,4281.37939453125,4338.719297136579,4262.266093662806,4329.162646702357,4926900,4057.275988769531,177.39787262631958,4412.07173402217,3702.4802435168917,0.8158203117714138,17.489357205904035,True,25.772344185741787,124.81859371283302,9568270.0,0.5149206700897864,14956710.926053844
2026-04-21,4300.49267578125,4300.49267578125,4224.03947265625,4281.379375,5571300,4082.601110839844,173.9536888235176,4430.508488486879,3734.6937331928084,0.813145939035626,17.043417576274866,True,25.826534989125165,121.36392295655925,9067790.0,0.6144054946133513,14956710.926053844
2026-04-22,4195.36962890625,4300.492785894789,4195.36962890625,4300.492785894789,6112300,4102.670080566406,161.6205857436441,4425.911252053694,3779.4289090791176,0.6433906886200755,15.757600057505092,True,25.534259447209223,120.20386824455784,7877530.0,0.7759158010188473,14956710.926053844
2026-04-23,4099.80322265625,4204.926382211538,4090.2465717875875,4195.369731342876,5089500,4109.837573242187,157.93144650952277,4425.700466261233,3793.9746802231416,0.4841159711892273,15.371064544035795,True,24.130776868487022,119.80929268594303,7319225.0,0.6953605060645082,14956710.926053844
2026-04-24,3956.453369140625,4118.916430192294,3927.783417190331,4099.803128892097,5062700,4115.093737792969,150.4471471901827,4415.988032173334,3814.199443412603,0.23638521631153997,14.623933915135702,True,23.333743602116563,124.9038441370873,7245170.0,0.6987689729847609,14956710.926053844
2026-04-27,3889.556640625,3966.0098424063267,3851.330039734337,3956.453192183661,3047700,4113.660229492188,152.54366631994247,4418.747562132073,3808.5728968523026,0.13272223247021517,14.832889233418614,True,23.108255554494416,124.17355546100892,7026310.0,0.43375541358123965,14956710.926053844
2026-04-28,3908.670166015625,3908.670166015625,3822.6603090617364,3889.5568644703167,2414500,4117.482897949219,145.93439352026112,4409.3516849897405,3825.614110908696,0.1422832087478364,14.177049147472712,True,23.08332545558983,121.44757699621462,6805850.0,0.354768324309234,14956710.926053844
2026-04-29,3927.783447265625,3985.1233516052694,3908.6701458190773,3937.3400979888993,2879300,4117.960729980468,145.2617278945833,4408.484185769635,3827.4372741913016,0.17269891823664796,14.11006441484664,True,22.31478793354182,118.23369333835586,6514095.0,0.44201074746376895,14956710.926053844
2026-04-30,3832.216796875,3966.0099020028056,3793.9901954099128,3966.0099020028056,9736000,4111.271069335938,155.35764595374096,4421.986361243419,3800.5557774284557,0.05094860193744767,15.11529094858098,True,22.357289145770885,122.07555142796565,6639780.0,1.4663136429219041,14956710.926053844
2026-05-04,3908.670166015625,4004.2366737421685,3889.5568644703167,3908.670166015625,4596300,4103.625756835938,161.5700135614338,4426.7657839588055,3780.48572971307,0.19834193467746286,15.749000823701904,True,22.032045354768332,125.64300324505157,6386005.0,0.7197457565410613,14956710.926053844
2026-05-05,3908.670166015625,3956.453419878897,3889.5568644703167,3937.340118333588,1394500,4100.758764648437,164.6204105828584,4429.999585814154,3771.5179434827205,0.20828556745682475,16.057556177359913,False,21.730033263123104,121.44682839958935,6346235.0,0.2197365839745928,14956710.926053844
2026-05-06,3860.88671875,3946.896571395421,3832.216767868193,3927.7832708075493,6617500,4091.6799438476564,172.80799052954407,4437.295924906744,3746.0639627885685,0.16611320403873475,16.893598023411585,False,21.84529541340615,120.96346948013496,6385220.0,1.0363777598892443,14956710.926053844
2026-05-07,4032.906494140625,4032.906494140625,3870.4434363197943,3899.1133876999406,6005000,4078.778466796875,166.67203795594435,4412.122542708764,3745.434390884986,0.43119425846887555,16.345289582430738,False,21.0873030672698,124.6103484737414,5920605.0,1.0142544554146071,14956710.926053844
2026-05-08,3870.443359375,4023.349763695988,3870.443359375,4023.349763695988,4768900,4062.0543212890625,170.0941077728517,4402.242536834766,3721.866105743359,0.21837507421194002,16.749565054449945,False,20.383453631328056,127.31411892316166,5448750.0,0.8752282633631567,14956710.926053844
2026-05-11,3851.330078125,3937.339930986352,3832.2167774891436,3870.443378760856,5005100,4044.37451171875,172.81704719389188,4390.008606106534,3698.740417330966,0.2207387281401066,17.09209141667243,False,20.035304260605084,125.72904996416501,5371320.0,0.9318193665616645,14956710.926053844
2026-05-12,3803.546875,3899.113379396985,3784.4335741206028,3851.3301271984924,7523700,4028.6060302734377,179.9001837396931,4388.406397752824,3668.8056627940514,0.18724440604367673,17.862276170746096,False,20.079534932046478,124.93981820075194,5567765.0,1.3512962562177104,14956710.926053844
2026-05-13,3975.566650390625,4032.906554002028,3822.6602407602163,3822.6602407602163,7538600,4020.482873535156,178.3605677242967,4377.204008983749,3663.7617380865627,0.4370429466030283,17.745188658641553,False,18.78359315172325,132.39837968655735,5695205.0,1.3236749160039016,14956710.926053844
2026-05-14,3975.566650390625,3975.566650390625,3975.566650390625,3975.566650390625,0,4009.014892578125,173.17547524345193,4355.3658430650285,3662.663942091221,0.4517133674088697,17.278606329355473,False,17.580218641423105,122.94135256608897,5385130.0,0.0,14956710.926053844
2026-05-15,3975.566650390625,3975.566650390625,3975.566650390625,3975.566650390625,0,3994.2020874023438,161.81008820872103,4317.822263819786,3670.5819109849017,0.47120785666391724,16.2044968850292,False,16.46279945328726,114.1598273827969,4891080.0,0.0,14956710.926053844
2026-05-18,4013.793212890625,4128.4730189732145,3927.783358328683,4128.4730189732145,7729800,3978.4336181640624,141.54782799689477,4261.529274157852,3695.337962170273,0.5624516730969161,14.231513362509265,False,16.468632084786723,120.3405297586351,4800980.0,1.6100462822173807,14956710.926053844
2026-05-19,3880.0,4013.7931034482763,3880.0,4013.7931034482763,5981800,3958.3646484375,123.65864037544385,4205.681929188388,3711.0473676866122,0.341570616902356,12.495932169791994,False,15.99534064195412,121.30143569663439,4853725.0,1.2324142797542095,14956710.926053844
2026-05-20,3985.123291015625,3985.123291015625,3832.216881768023,3870.4434840799236,5053900,3942.5961791992186,94.3758646852505,4131.34790856972,3753.8444498287176,0.612653568680501,9.574996818915324,True,15.098307904422388,123.55893380741777,4827855.0,1.0468210002164522,14956710.926053844
2026-05-21,4080.689697265625,4080.689697265625,3966.0098931270127,3985.123193816781,7687600,3936.8621826171875,80.70319284944289,4098.2685683160735,3775.4557969183015,0.9455446853160971,8.199747830216632,True,15.03502206584053,122.92471025964596,4906620.0,1.5667812057995116,14956710.926053844
2026-05-22,4157.14306640625,4157.14306640625,3966.010051858836,4080.6898605872843,5365000,3939.7291748046873,87.5264151813939,4114.782005167475,3764.6763444418993,1.1209950766033991,8.886541312650824,True,15.513697289612132,127.79673199448654,4920395.0,1.0903596154373785,14956710.926053844
2026-05-25,4204.92626953125,4243.152871981534,4109.3597634055395,4166.699667080966,4607500,3952.1528198242186,105.76026888039333,4163.673357585005,3740.632282063432,1.0975151452973777,10.704066740526212,True,16.4951436735331,128.22504460745142,4897635.0,0.9407601832312943,14956710.926053844
2026-05-26,4281.37939453125,4319.605996268136,4166.699589320591,4204.926191057478,10649900,3971.7439575195312,127.59208384091274,4226.928125201357,3716.559789837706,1.1066901403495084,12.849980784823572,False,17.832003230800947,129.98799906031522,5277745.0,2.017888321622208,14956710.926053844
2026-05-27,4281.37939453125,4281.37939453125,4281.37939453125,4281.37939453125,0,3990.3794189453124,144.05138877391755,4278.482196493147,3702.2766413974773,1.0050280633577402,14.439868859587424,False,19.073372819692516,120.70314198457842,5157020.0,0.0,14956710.926053844
2026-05-28,4281.37939453125,4281.37939453125,4281.37939453125,4281.37939453125,0,4008.059216308594,157.07465120471178,4322.208518718017,3693.9099138991705,0.9350163698062972,15.675881290933303,False,20.226073152234687,112.08148898567997,5013055.0,0.0,14956710.926053844
2026-05-29,4080.689697265625,4243.152753128659,4061.576396575856,4224.03945243889,67380000,4020.482861328125,152.18481945023674,4324.852500228599,3716.1132224276516,0.5989041419423358,15.140949453018097,False,19.054178863380002,119.77588248351668,7895255.0,8.534239869389905,14956710.926053844
2026-06-02,3880.0,4138.029556650246,3880.0,4080.689655172414,16512300,4019.049353027344,153.4234632992251,4325.896279625794,3712.202426428894,0.2734222816425526,15.269627200139649,False,18.689803061874006,129.65114492399738,8491055.0,1.9446700086149482,14956710.926053844
2026-06-03,3860.0,3970.0,3810.0,3950.0,16330500,4016.6158447265625,155.63640408334544,4327.8886528932535,3705.3430365598715,0.24842671666538169,15.49925709601344,False,18.75928663508464,131.81892028656898,9237855.0,1.7677805074879396,14956710.926053844
2026-06-04,3420.0,3860.0,3420.0,3860.0,25923000,3994.5715087890626,202.9014494782013,4400.374407745465,3588.76860983266,-0.20794406627784043,20.3177185870141,False,20.457864472782905,153.83185455181405,10203130.0,2.5406909448375155,14956710.926053844
2026-06-05,3380.0,3540.0,3360.0,3400.0,16024400,3961.9261840820313,244.63992762893798,4451.206039339907,3472.6463288241553,-0.09467621426527549,24.699089913571463,False,22.220029461635587,155.70100779811304,10704100.0,1.4970338468437328,14956710.926053844
2026-06-08,3150.0,3380.0,3080.0,3380.0,12672200,3925.904016113281,304.52968735185857,4534.963390816998,3316.8446414095642,-0.13696911035211265,31.027726210519894,False,24.579928933599536,166.0080786696764,11099265.0,1.1417152397028092,14956710.926053844
2026-06-09,3300.0,3300.0,3120.0,3120.0,19685100,3898.337512207031,335.05887946835287,4568.455271143737,3228.2197532703253,0.05355793498412155,34.379668606852924,False,26.771264157566065,167.00750162184238,11833265.0,1.663539183817822,14956710.926053844
2026-06-10,3240.0,3350.0,3190.0,3350.0,13959500,3870.1601684570314,365.74137846887066,4601.642925394773,3138.67741151929,0.06925835743885735,37.80116197254809,False,28.397668964386305,166.50696579171077,12155055.0,1.1484522283115954,14956710.926053844
2026-06-11,3260.0,3310.0,3180.0,3250.0,11776800,3834.3818359375,389.1388255692041,4612.659487075908,3056.104184799092,0.13099169358304463,40.594686937229376,False,29.936265484093916,163.89932537801715,12366965.0,0.952278914026198,14956710.926053844
2026-06-12,3300.0,3340.0,3240.0,3340.0,4628500,3800.6035034179686,405.22656206997476,4611.056627557919,2990.150379278019,0.19115826165195696,42.64865426825455,False,31.09941957360506,159.33508785101594,12598390.0,0.36738821389082255,14956710.926053844
2026-06-15,3410.0,3540.0,3300.0,3350.0,12123700,3772.3251708984376,412.0506150447307,4596.426400987899,2948.2239408089763,0.28016950001451585,43.691950866112045,False,30.6012437658055,165.09686729022908,13204575.0,0.9181439008828379,14956710.926053844
2026-06-17,3350.0,3510.0,3350.0,3430.0,9484000,3739.1355102539064,418.2639018995782,4575.663314053063,2902.60770645475,0.2674102949796665,44.744449699944255,False,30.13865194427734,164.732805340927,13292285.0,0.7134965884345694,14956710.926053844
2026-06-18,3340.0,3380.0,3270.0,3360.0,10630100,3712.1355102539064,426.0488909482938,4564.233292150494,2860.037728357319,0.28163567717215954,45.90876488979816,False,30.06413691414452,160.8233192451465,13524700.0,0.7859767684310928,14956710.926053844
2026-06-19,3320.0,3420.0,3320.0,3380.0,59758000,3678.879345703125,429.5630566071243,4538.005458917374,2819.7532324888766,0.29113698199647897,46.70585971881328,False,29.680761925832872,156.47879644192176,16259905.0,3.675175223963486,14956710.926053844
2026-06-22,3170.0,3440.0,3160.0,3440.0,12257900,3633.344860839844,432.9824851238586,4499.309831087561,2767.3798905921267,0.2324690508512718,47.66764529186752,False,30.01318770527552,165.30173955321305,16488420.0,0.7434247793299783,14956710.926053844
2026-06-23,3150.0,3210.0,3120.0,3180.0,9656900,3582.9877075195313,427.3876369780407,4437.762981475613,2728.21243356345,0.24672424395503845,47.71298947870711,False,30.478106590298655,159.92304387084067,16703015.0,0.5781531058913615,14956710.926053844
2026-06-24,3120.0,3220.0,3120.0,3190.0,11398600,3528.7413940429688,412.89991424409385,4354.541222531157,2702.941565554781,0.25251787422185484,46.80421352963176,False,30.82314067927179,155.6428264514949,17042570.0,0.6688310507159425,14956710.926053844
2026-06-25,3210.0,3270.0,3110.0,3120.0,11386100,3475.1724243164062,378.15200721256593,4231.476438741538,2718.8684098912745,0.32469191009255427,43.52612889841877,False,30.70208711672852,155.95405313353098,17079380.0,0.6666576889793423,14956710.926053844
2026-06-26,3160.0,3250.0,3120.0,3210.0,6979700,3419.1034545898438,332.72948246455354,4084.5624195189507,2753.644489660737,0.3053197355170903,38.925933290248196,False,30.58968023722406,154.1001921954216,17428365.0,0.4004793335462047,14956710.926053844
2026-06-29,3100.0,3180.0,3100.0,3160.0,9773700,3360.0344848632812,270.67105846878485,3901.376601800851,2818.6923679257116,0.25982426202645736,32.22241434582161,False,30.590339895051798,148.80732132432007,17917050.0,0.5454971661071437,14956710.926053844
2026-06-30,3400.0,3400.0,3010.0,3130.0,22046100,3326.0,211.64518470891255,3749.290369417825,2902.709630582175,0.5874104460512253,25.45341968838394,True,28.7504284683167,166.03536980115436,15650355.0,1.4086645318908102,14956710.926053844
