Date,Close,High,Low,Open,Volume,BB_SMA,BB_STD,BB_Upper,BB_Lower,Pct_B,BandWidth,BW_Squeeze,ADX,ATR,Vol_MA,Vol_Ratio,Equity
2018-02-06,18954.27734375,19268.506079554874,18853.72414829244,18991.984792046584,6184000,19296.7849609375,592.4411546244351,20481.66727018637,18111.90265168863,0.35546766353334047,12.280618887005575,False,23.40759180071465,469.03094799133515,3605340.0,1.715233514730927,10000000.0
2018-02-07,19356.486328125,19909.528794642854,19268.502299360793,19268.502299360793,3638900,19337.0060546875,565.9340115429379,20468.874077773376,18205.138031601622,0.5086053643358484,11.70675563616013,False,22.39771072177476,503.76098391287223,3464630.0,1.0502997434069439,10000000.0
2018-02-08,19482.1796875,19519.887132056454,19281.07331653226,19356.488205645164,2823500,19384.76875,533.3392638038424,20451.447277607684,18318.090222392315,0.5456608692210535,11.005326309169249,False,21.459964005616293,484.83618617082385,3485990.0,0.8099564255778129,10000000.0
2018-02-09,19406.76171875,19406.76171875,19054.825625404796,19356.4851339864,4363200,19424.36123046875,501.6298587891865,20427.620948047123,18421.101512890375,0.4912288356592102,10.329912069434505,False,20.021299910330498,480.7303201654225,3532460.0,1.2351732220605471,10000000.0
2018-02-12,18929.138671875,19105.106760458166,18702.893986553783,19105.106760458166,3180000,19436.3021484375,485.83056350073167,20407.96327543896,18464.641021436037,0.23902245213431517,9.998415537901838,False,19.283287510933448,496.66870673905066,3634650.0,0.8749123024225166,10000000.0
2018-02-13,18929.138671875,19105.106760458166,18916.569522690486,18979.415268613047,2944500,19444.4720703125,475.21861734177037,20394.90930499604,18494.034835628958,0.22889667006307635,9.775911953245084,False,18.5979902829219,474.65931609823843,3649480.0,0.8068272740226005,10000000.0
2018-02-14,18966.845703125,19142.813787845844,18916.569107490475,18954.27655421637,1144800,19445.10048828125,474.54410973483033,20394.18870775091,18496.012268811588,0.24804513671895972,9.761720902822143,False,17.857277637738676,456.9154135451763,3606660.0,0.31741278634526127,10000000.0
2018-02-15,18979.416015625,19205.660709850996,18966.84686594578,19155.384111134106,1369100,19458.92646484375,455.42474227778524,20369.775949399318,18548.07698028818,0.23677843740960283,9.36176501001935,False,16.988956575764,441.336813058092,3506025.0,0.3904992120706498,10000000.0
2018-02-16,18979.416015625,18979.416015625,18979.416015625,18979.416015625,0,19467.7251953125,443.64183499578,20355.008865304062,18580.44152532094,0.22482916332036967,9.115432451298453,False,16.182658446787517,409.812754982514,3357165.0,0.0,10000000.0
2018-02-19,19205.658203125,19281.073091357168,19105.105018815444,19105.105018815444,2193100,19459.5552734375,447.04598548643656,20353.647244410375,18565.46330246463,0.3580140083149205,9.189233344847487,False,15.488076421112197,402.087349321775,3225605.0,0.6799034599710752,10000000.0
2018-02-20,18778.302734375,19205.65366675033,18765.733589305135,19167.946231540744,2466000,19382.25478515625,422.64485532791275,20227.544495812075,18536.965074500422,0.14275440528391964,8.722305222230236,False,14.850635050501097,404.7900110716386,3162960.0,0.7796494422945596,10000000.0
2018-02-21,18602.337890625,19029.688896220436,18262.970915593327,18778.305951752533,4768900,19306.83984375,420.39622002477364,20147.632283799547,18466.047403700453,0.08104882990891028,8.709788311852886,False,15.348521124296242,430.64200889702937,3228715.0,1.4770272383905052,10000000.0
2018-02-22,18036.728515625,18552.063616071428,18011.590218042245,18552.063616071428,5752300,19203.773046875,466.37559775247774,20136.524242379957,18271.021851370046,-0.12559262152336786,9.714249311613697,False,16.262153952167232,442.07812773172407,3295240.0,1.7456391643704252,9978347.358335204
2018-02-23,18602.337890625,18690.321921188766,18099.572001689186,18099.572001689186,6904400,19137.15634765625,451.3939359784128,20039.944219613077,18234.368475699426,0.2037961664947862,9.434921840594052,False,16.69240377214342,457.18636186258425,3569305.0,1.9343821836463961,10261152.045835204
2018-02-26,18401.232421875,18728.03026543289,18300.679239241803,18652.61537845799,2592800,19056.7138671875,430.5161006527645,19917.74606849303,18195.68166588197,0.11936298995633741,9.03652337235419,False,16.97627299689792,455.05526645747744,3527290.0,0.7350685653858912,10160599.311460204
2018-02-27,18401.232421875,18602.338787141394,18376.0941262167,18401.232421875,5791300,19008.951171875,448.13678838909243,19905.224748653185,18112.677595096815,0.1609747482545713,9.430016087413398,False,17.23986584845567,438.7116517765644,3584705.0,1.6155583234882647,10160599.311460204
2018-02-28,17898.46484375,18350.954123507723,17521.390443951896,18350.954123507723,11188100,18925.99462890625,492.58920345785396,19911.173035821957,17940.816221990543,-0.02149426842044365,10.410849482235554,False,18.94769192246351,470.2209607870315,3873470.0,2.888392061897988,9887817.114751756
2018-03-01,18363.525390625,18602.339204739903,17722.49883694815,17948.743502951744,4192900,18868.80498046875,487.92037694582245,19844.645734360394,17892.964226577107,0.24110550936272102,10.343429325828996,False,19.771354174622434,499.4794898587973,3831050.0,1.09445191266102,9887817.114751756
2018-03-02,17948.744140625,18376.09519159226,17848.190952162113,18363.5260430344,3938800,18780.8208984375,487.2038629088031,19755.22862425511,17806.413172619894,0.07303460565528605,10.376625506275658,False,20.536183408770007,501.5098291138937,3879175.0,1.0153705362609318,9887817.114751756
2018-03-05,17684.79296875,18099.574893390192,17647.08552105544,18099.574893390192,3868800,18695.35087890625,522.5913890702476,19740.533657046744,17650.168100765757,0.016564025311364538,11.181205262317503,False,21.571848334193664,498.00836791538364,3965270.0,0.9756712657650046,9887817.114751756
2018-03-06,18137.27734375,18162.41563528673,17898.463574151072,17898.463574151072,3056000,18654.50087890625,533.1121213720512,19720.72512165035,17588.276636162147,0.2574508652021034,11.431281379924183,False,22.325392459587018,496.55224638833687,3808870.0,0.8023377012079698,9887817.114751756
2018-03-07,17546.53125,18212.696118373926,17433.408913861032,18187.557821454157,5016000,18564.003125,560.5907787675355,19685.18468253507,17442.82156746493,0.046250173238256684,12.079092531773856,False,23.736612050829308,516.747600540091,3877725.0,1.293541960814653,9887817.114751756
2018-03-08,18087.001953125,18338.384885065585,17546.528649452746,17848.188167781445,3678200,18494.24423828125,526.0645485742352,19546.373335429722,17442.11514113278,0.306467530334453,11.377908538383716,False,24.63131510861081,536.3982173310015,3920460.0,0.9382062309014758,9887817.114751756
2018-03-09,18212.6953125,18350.95593944099,17709.92939635093,18325.817643633538,3419400,18434.54091796875,483.05095036850815,19400.642818705765,17468.439017231733,0.3851851935600645,10.481431623776698,False,25.419356529551774,543.8716691709344,3873270.0,0.8828199428389965,9887817.114751756
2018-03-12,18325.818359375,18350.956656164268,18061.866243087705,18225.265172217936,3581400,18404.37490234375,469.1773359599347,19342.72957426362,17466.020230423877,0.4581413375349738,10.197082779490373,False,26.151106664011266,525.6730080213365,3893340.0,0.9198785618517776,9887817.114751756
2018-03-13,17697.36328125,18426.373984596947,17697.36328125,18426.373984596947,5234000,18342.7861328125,477.4408184263184,19297.66776966514,17387.90449595986,0.16204038979644533,10.411522327510522,False,27.422044616352593,540.197129116023,4007815.0,1.3059485031120448,9887817.114751756
2018-03-14,16943.212890625,17948.744812917284,16842.65969839577,17898.46821680267,5887300,18241.6044921875,547.5132967310876,19336.631085649675,17146.577898725325,-0.09285847910658528,12.005814443912014,False,29.584329131687664,580.6176995021294,4244940.0,1.3868982836035373,9887817.114751756
2018-03-15,16943.212890625,17131.750126054805,16541.000121708086,16792.383102281157,4890200,18139.7943359375,590.708501468115,19321.211338873727,16958.37733300127,-0.00641790423643013,13.0256934677112,False,31.84987022092528,581.3414355624573,4420995.0,1.1061310858754647,9887817.114751756
2018-03-16,16377.603515625,16842.662095884498,16365.034364807176,16842.662095884498,9680100,18009.7037109375,676.3553507144775,19362.414412366456,16656.993009508547,-0.10327023124324017,15.022020607784203,False,34.09414076734005,581.1155134378406,4905000.0,1.9735168195718655,9887817.114751756
2018-03-19,16339.8916015625,16490.72137019231,16264.476717247597,16440.44478064904,4637100,17866.415380859376,712.2613754005555,19290.93813166049,16441.892630058264,-0.0358018250106577,15.946374473384624,False,36.25771623820237,555.7675948311886,5027200.0,0.9224021323997453,9887817.114751756
2018-03-20,16113.6474609375,16591.27507678432,16025.6634264394,16490.721894500777,6216200,17733.1826171875,778.819839992568,19290.822297172635,16175.542937202365,-0.019868355005393554,17.567514118705656,False,38.44996222751233,556.4707416535981,5214710.0,1.1920509481831205,9887817.114751756
2018-03-21,16289.6162109375,16490.722583912036,16226.770469382958,16339.892804181134,7086900,17617.546533203124,813.8817165346843,19245.309966272493,15989.783100133754,0.09209971937948301,18.47888898719904,False,40.485619217585864,543.656768890808,5330610.0,1.3294726119524782,9887817.114751756
2018-03-22,16440.447265625,16628.98450490969,16327.324922054187,16415.30896705371,7281900,17537.732470703126,848.1592756816065,19234.05102206634,15841.413919339913,0.17656864797112712,19.344787636565005,False,41.825825979033965,529.0647349680497,5407090.0,1.3467317910373233,9887817.114751756
2018-03-23,16088.5087890625,16113.647084045411,15686.296069335938,15686.296069335938,5236000,17412.041015625,868.1197686979076,19148.280553020813,15675.801478229185,0.11885091369717767,19.94297550571779,False,43.615189342525674,545.142339348122,5323670.0,0.9835320371097382,9887817.114751756
2018-03-26,16088.5087890625,16138.785379028322,15786.84924926758,16088.508789062502,4856600,17296.404833984376,883.3194007099237,19063.043635404225,15529.766032564528,0.15813723666912272,20.42781512547296,False,45.18324757060728,531.3418958061663,5436860.0,0.8932729553455487,9887817.114751756
2018-03-27,16088.5087890625,16591.274688720703,15648.588626861574,16490.721508789065,11980400,17180.76865234375,882.4530533517129,18945.67475904718,15415.862545640326,0.1905614811086392,20.545135580562782,False,45.078493871831434,560.7236219528065,5746315.0,2.0848839647669855,9887817.114751756
2018-03-28,15987.9560546875,16138.785828788326,15937.679463320559,16063.370941737912,6610900,17085.243212890626,903.8210207761393,18892.885254442903,15277.601171338347,0.19648660161144224,21.16027286270566,False,44.981222580111,535.0366750610181,5517455.0,1.1981792329978225,9887817.114751756
2018-03-29,16088.5087890625,16365.030033874513,15610.881184387208,15987.95560913086,6935200,16971.4923828125,877.2458538307329,18725.984090473965,15217.000675151034,0.2483648426794464,20.67575046538969,False,45.29108069299161,550.6875446628957,5654570.0,1.226476991177048,9887817.114751756
2018-03-30,16088.5087890625,16088.508789062502,16088.508789062502,16088.508789062502,0,16878.480615234374,866.7319358470075,18611.944486928387,15145.016743540358,0.272140671902242,20.540520337232305,False,45.57880608352361,511.3527200441175,5457630.0,0.0,9887817.114751756
2018-04-02,16163.923828125,16440.445075573483,16025.663204400758,16088.50894245723,6218400,16802.437158203124,858.9485729091857,18520.334304021497,15084.540012384752,0.31415845190954395,20.44819010056142,False,44.6665966882289,504.4548022675895,5575110.0,1.1153860641314701,9887817.114751756
2018-04-03,16138.78515625,16377.598955291081,16013.093683070481,16138.785156249998,4916600,16702.512548828126,810.3604615336136,18323.233471895353,15081.7916257609,0.32608745757682084,19.406911604816475,False,43.83987118841309,494.45840726423313,5668140.0,0.8674097675780768,9887817.114751756
2018-04-04,16088.5087890625,16264.476853942873,16013.093904113772,16138.785379028322,5458800,16629.61142578125,795.8887468197191,18221.38891942069,15037.833932141813,0.33003194891216386,19.14389281726295,False,43.0721975100127,477.0958745902952,5690280.0,0.9593201037558784,9887817.114751756
2018-04-05,16189.060546875,16327.321157135579,16050.799936614423,16314.752010748254,5128300,16534.71435546875,722.7625328013438,17980.239421071437,15089.189289866063,0.38044005018701094,17.484729817840357,False,42.13149720099496,462.76911358535665,5762785.0,0.8898995884802227,9887817.114751756
2018-04-06,16189.060546875,16289.613717973603,16101.076522163723,16239.337132424302,3010900,16433.5326171875,608.0352083646753,17649.60303391685,15217.462200458147,0.3994827655745415,14.799866164594313,False,41.257989771192776,443.18111945853695,5742360.0,0.5243314595392835,9887817.114751756
2018-04-09,17332.85546875,17332.85546875,16327.323606893584,16327.323606893584,3632400,16383.88447265625,470.3395735087187,17324.563619673685,15443.205325638812,1.0044073737057984,11.48298071299728,True,39.104884269965446,493.22496248828435,5744910.0,0.6322814456623341,9887817.114751756
2018-04-10,17923.609375,17923.609375,16892.938990182327,17332.859276384992,4591000,16395.19677734375,505.03432938473327,17405.265436113215,15385.128118574283,1.256588467717762,12.321519192319343,True,38.130697232917484,531.6139212260979,5712760.0,0.8036395717656615,9887817.114751756
2018-04-11,17885.896484375,18149.848575852073,17546.529509618766,18099.571986999297,6352700,16442.33095703125,594.8712882241417,17632.07353347953,15252.588380582965,1.1066713740938823,14.47170209087067,False,37.55848401465484,536.7357172980414,5736030.0,1.1075081545947285,9887817.114751756
2018-04-12,17697.36328125,18011.59203269265,17596.810080788353,17885.90053211559,3356300,16480.0384765625,649.6700143904984,17779.378505343495,15180.698447781502,0.9684396607982442,15.768652853922466,False,37.02714316912523,528.0247340556311,5659335.0,0.5930555445118552,9887817.114751756
2018-04-13,17647.083984375,17860.759502704328,17634.51483623798,17848.19035456731,2276600,16543.5125,699.2580536924397,17942.02860738488,15144.996392615121,0.8945508666462896,16.907124256531127,False,36.533755241133456,506.4690149421109,5289160.0,0.4304275159004454,9887817.114751756
2018-04-16,17647.083984375,17647.083984375,17647.083984375,17647.083984375,0,16608.872119140626,739.176128928689,18087.224376998005,15130.519861283248,0.8511381877074027,17.801958462353085,False,36.075609307998235,470.29265673196016,5057305.0,0.0,9887817.114751756
2018-04-17,17647.083984375,17647.083984375,17647.083984375,17647.083984375,0,16685.5439453125,764.2096253623384,18213.963196037177,15157.124694587823,0.8145537582723458,18.320280785980113,False,35.65018808437267,436.70032410824876,4746495.0,0.0,9887817.114751756
2018-04-18,18501.78515625,18853.721286939537,18262.9713532821,18602.33833644701,4157000,16796.152392578126,858.1988320639495,18512.550056706026,15079.754728450227,0.9968641007031737,20.437986319847163,False,36.87932857683269,491.69582256941226,4600000.0,0.903695652173913,9887817.114751756
2018-04-19,18501.78515625,18501.78515625,18501.78515625,18501.78515625,0,16899.219287109376,933.6910557444495,18766.601398598275,15031.837175620476,0.9290942542720589,22.100217527957966,False,38.020673319831275,456.5746923858828,4235905.0,0.0,9887817.114751756
2018-04-20,18501.78515625,18501.78515625,18501.78515625,18501.78515625,0,17019.88310546875,978.2791409848821,18976.441387438514,15063.324823498986,0.8787012286925965,22.991442066262977,False,39.08049343832996,423.9622143583198,3974105.0,0.0,9887817.114751756
2018-04-23,18904.0,18929.13829787234,18212.69680851064,18589.771276595744,3483600,17160.657666015624,1037.9549805948086,19236.56762720524,15084.747704826008,0.9198983497784605,24.19382755126777,False,40.488300885944945,444.85359114427575,3905455.0,0.8919831364079217,9887817.114751756
2018-04-24,19369.5859375,19420.693024406333,18858.515068436674,19190.711133327837,5784000,17324.7115234375,1115.943024026646,19556.597571490795,15092.825475384208,0.958104573897509,25.765347319450786,False,42.19247623680709,453.2339029175174,3595635.0,1.6086171149185053,9887817.114751756
2018-04-25,19369.5859375,19369.5859375,19369.5859375,19369.5859375,0,17493.793017578126,1158.1308211133023,19810.05465980473,15177.531375351522,0.9049181849159945,26.48095401493748,False,43.774924776893364,420.86005270912335,3265090.0,0.0,9887817.114751756
2018-04-26,19369.5859375,19369.5859375,19369.5859375,19369.5859375,0,17657.846875,1180.7574493619986,20019.361773724,15296.331976276002,0.8624239388506308,26.747484168836394,False,45.24434127840205,390.7986203727574,2918330.0,0.0,9887817.114751756
2018-04-27,19369.5859375,19369.5859375,19369.5859375,19369.5859375,0,17821.900732421876,1179.1729964965784,20180.246725415032,15463.55473942872,0.8281293774697237,26.465706754867245,False,46.60879945837439,362.88443320327474,2918330.0,0.0,9887817.114751756
2018-04-30,17427.517578125,17593.615619558743,17184.758902183377,17555.285302304805,4826900,17885.080419921876,1117.924471524352,20120.92936297058,15649.231476873172,0.3976758149920085,25.002391832224923,False,43.922969479003584,493.0231904970853,2848755.0,1.694389303397449,9887817.114751756
2018-05-01,17427.517578125,17427.517578125,17427.517578125,17427.517578125,0,17949.517041015624,1046.8529882245282,20043.22301746468,15855.811064566567,0.3753407907408424,23.32882797531347,False,41.42898449815926,457.8072483187221,2602925.0,0.0,9887817.114751756
2018-05-02,16993.107421875,17555.285411771616,16916.446786889097,17529.731866776317,8025300,17994.74697265625,979.596455892899,19953.939884442047,16035.55406087045,0.24437444501872527,21.775164882983592,False,39.81513889897911,470.7380609304219,2731250.0,2.938324942791762,9887817.114751756
2018-05-03,17120.873046875,17516.952945720615,16175.391998017723,17120.873046875,8281800,18041.33759765625,908.7965887489404,19858.93077515413,16223.744420158368,0.24679027128381648,20.149206428397033,False,39.15325399266371,532.939695699884,2888925.0,2.866741088813313,9887817.114751756
2018-05-04,17184.75390625,17350.85189939591,16775.89730773699,17120.87006273234,4111600,18091.122265625,825.4360454983017,19741.994356621602,16440.250174628396,0.22548801196710516,18.25063218033113,False,38.53864657965655,535.9407596969584,2943960.0,1.3966222367151728,9887817.114751756
2018-05-07,16763.12109375,17312.522166182356,16737.567555497335,17312.522166182356,3317900,18062.635546875,862.0030941849789,19786.641735244957,16338.629358505043,0.12311201030151554,19.08919862658942,False,38.01051777153132,538.7274633389629,2928235.0,1.1330716284724416,9887817.114751756
2018-05-08,16482.03125,16916.441375968992,16354.263565891471,16890.887839147286,3527300,17990.556640625,931.6937503847671,19853.944141394535,16127.169139855465,0.09521962286373216,20.715173387817977,False,37.936252696746024,540.4024881060028,2875050.0,1.2268656197283525,9887817.114751756
2018-05-09,16903.66796875,17325.301410147393,16200.945566421015,16200.945566421015,5852600,17941.44521484375,962.8670520764425,19867.179318996634,16015.711110690863,0.23055022397542824,21.466878293167156,False,37.0006035396105,582.1134420788868,2850045.0,2.053511435784347,9887817.114751756
2018-05-10,16903.66796875,16903.66796875,16903.66796875,16903.66796875,0,17901.76044921875,989.4457313184575,19880.651911855664,15922.868986581834,0.24781525431951437,22.10834479938844,False,36.13178646512752,540.5339105018235,2682230.0,0.0,9887817.114751756
2018-05-11,18079.1328125,18347.44503091873,17223.089068021203,17376.41033568905,4062700,17923.362890625,988.3085442277653,19899.979979080534,15946.745802169471,0.5394031607802985,22.056319458771,False,34.15066189369703,605.0512784780311,2771535.0,1.4658663881206624,9887817.114751756
2018-05-14,18296.3359375,18296.3359375,17606.39030857193,18091.907603002794,2822000,17955.82548828125,989.4183365148166,19934.662161310884,15976.988815251618,0.5860380378683355,22.041166242355246,False,32.311046220225855,611.1151606530341,2912635.0,0.9688821290686955,9887817.114751756
2018-05-15,17734.16015625,18296.338143912104,17695.8298389094,18283.56137146524,3683100,17960.179296875,988.1790626732002,19936.5374222214,15983.821171528602,0.44281928519777086,22.008222665018476,False,30.602834753527063,610.3575281065818,3096790.0,1.1893283044701126,9887817.114751756
2018-05-16,17772.490234375,18091.909541247303,17580.83865025162,17580.83865025162,4196800,17923.71455078125,980.5679358983524,19884.850422577954,15962.578678984544,0.4614447120719626,21.883141089314257,False,28.81689107204729,603.2656254558034,3098780.0,1.3543394497189216,9887817.114751756
2018-05-17,18539.09765625,18871.293754845796,17989.696416264644,18066.357054402135,6578700,17925.58017578125,981.7604271968128,19889.101030174876,15962.059321387625,0.6562289188566363,21.907473399901253,False,28.227038236721892,638.6611893854457,3427715.0,1.919266916881946,9887817.114751756
2018-05-18,18309.11328125,18602.97902128402,18143.01525427425,18360.22036647331,3655900,17915.94658203125,976.7412665185888,19869.42911506843,15962.464048994074,0.600632253570108,21.80719309574653,False,27.67931774677688,625.8970877871832,3610510.0,1.0125716311546014,9887817.114751756
2018-05-21,18040.798828125,18372.9948405409,17900.25436133366,18334.66453141599,2287700,17872.7865234375,949.4743489266765,19771.73522129085,15973.837825584145,0.544238242159314,21.249609794904277,False,26.70445733244891,614.957330031473,3550715.0,0.6442927692028225,9887817.114751756
2018-05-22,18385.771484375,18602.97656792912,18117.459322337563,18117.459322337563,3988000,17823.59580078125,891.5651461401513,19606.726093061556,16040.465508500949,0.6576372983027577,20.008648223521142,False,26.120684375463163,611.1873593009478,3460915.0,1.1522964302792758,9887817.114751756
2018-05-23,18615.755859375,18717.970030188317,18143.015319363418,18143.015319363418,4455300,17785.904296875,837.0342020519942,19459.97270097899,16111.835892771012,0.7478547353458237,18.824664477679935,False,25.73814591631396,608.5993129812301,3683680.0,1.2094698779481388,9887817.114751756
2018-05-24,18884.06640625,19011.83410859269,18628.531001564614,18858.51286578146,3442300,17761.6283203125,794.6540085088516,19350.9363373302,16172.320303294795,0.8531216334149405,17.895972017386978,False,25.779990690340117,593.4192369981203,3855795.0,0.8927601182116788,9887817.114751756
2018-05-25,19165.158203125,19522.907822916666,18871.292444010418,18909.622760416667,4872400,17751.40693359375,773.9272293375492,19299.261392268847,16203.552474918652,0.9566809436144811,17.439231318007273,False,26.430029715142155,597.5761042772723,4099415.0,1.1885598310978518,9887817.114751756
2018-05-28,18449.658203125,19165.15741321849,18449.658203125,19165.15741321849,3277700,17802.51396484375,785.0818166496417,19372.677598143033,16232.350331544467,0.7060754129559885,17.639796675908002,False,26.132515107373404,605.9992396860387,4021955.0,0.8149519325800513,9887817.114751756
2018-05-29,18449.658203125,18449.658203125,18449.658203125,18449.658203125,0,17853.62099609375,792.6189274892149,19438.85885107218,16268.383141115319,0.6879961436573698,17.75816631623657,False,25.856251543016707,562.7135797084645,4021955.0,0.0,9887817.114751756
2018-05-30,18807.40625,19011.83457880435,18577.42438009511,18628.531462296196,5440900,17944.3359375,792.7729218693643,19529.881781238728,16358.790093761272,0.7721681987021184,17.67182524069069,False,26.301324503749967,562.6752079920993,3892735.0,1.3977062399572537,9887817.114751756
2018-05-31,17913.03515625,18960.730507756776,17708.606794980387,18960.730507756776,13378000,17983.94404296875,768.8953721729443,19521.73478731464,16446.15329862286,0.47694455927132307,17.101818607438624,False,25.07521711631841,611.9215297624057,4147545.0,3.225522568169845,9887817.114751756
2018-06-01,17913.03515625,17913.03515625,17913.03515625,17913.03515625,0,18020.35810546875,745.957713287971,19512.273532044692,16528.442678892807,0.46403182536121923,16.55811075278445,False,23.936688827989105,568.2128490650911,3941965.0,0.0,9887817.114751756
2018-06-04,18270.783203125,18411.327689302885,17887.480059003497,17887.480059003497,6071300,18095.7412109375,685.9883712517916,19467.717953441082,16723.764468433918,0.5637918948495014,15.163531866540254,False,23.55190171019329,565.0439048675408,4079635.0,1.4881968607485718,9887817.114751756
2018-06-05,18654.0859375,18654.0859375,18258.006030607874,18436.880827268833,2202600,18204.3439453125,580.961941943018,19366.267829198536,17042.420061426463,0.6935333279678121,12.765347516796663,True,23.494533770491536,552.975047869297,4013400.0,0.5488114815368516,9887817.114751756
2018-06-06,18130.240234375,18551.873728197676,18002.47250897419,18551.873728197676,3833800,18265.67255859375,494.77949206350536,19255.23154272076,17276.113574466737,0.43156935241297034,10.835177089183482,True,22.95715553296887,560.0206464876193,3912460.0,0.9798950021214274,9887817.114751756
2018-06-07,18487.984375,18551.868218728403,18130.23485012094,18143.01161886662,2930900,18344.88837890625,378.3754252875137,19101.639229481276,17588.137528331223,0.5945463067435057,8.250263887625193,True,22.45816145526925,550.1358409247508,4059005.0,0.7220735130900306,9887817.114751756
2018-06-08,17785.26953125,18475.21533203125,17785.26953125,18475.21533203125,6516600,18330.19521484375,394.5964453478133,19119.388105539376,17541.00232414812,0.15475760741241062,8.610850909613236,True,21.3356907966005,561.0343411265544,4181700.0,1.5583614319535117,9887817.114751756
2018-06-11,17785.26953125,17785.26953125,17785.26953125,17785.26953125,0,18304.64189453125,413.0221636298042,19130.68622179086,17478.59756727164,0.18562682041273662,9.025517483697957,True,20.293396613550946,520.9604596175149,4040600.0,0.0,9887817.114751756
2018-06-12,17785.26953125,17785.26953125,17785.26953125,17785.26953125,0,18307.19736328125,409.4493397721256,19126.096042825502,17488.298683737,0.1813233156501578,8.946193819778399,True,19.325552015004934,483.74899821626383,3856445.0,0.0,9887817.114751756
2018-06-13,17785.26953125,17785.26953125,17785.26953125,17785.26953125,0,18307.836328125,408.58003516550156,19124.996398456,17490.676257793995,0.18025432479628817,8.926888526697823,True,18.426839173497925,449.1954983436736,3646605.0,0.0,9887817.114751756
2018-06-14,17785.26953125,17785.26953125,17785.26953125,17785.26953125,0,18270.144921875,420.7134711158737,19111.571864106747,17428.71797964325,0.2118731488803144,9.210949840078179,True,17.592320106384275,417.11010560483976,3317670.0,0.0,9887817.114751756
2018-06-15,17785.26953125,17785.26953125,17785.26953125,17785.26953125,0,18243.952734375,434.24839292916033,19112.449520233324,17375.45594851668,0.23593269969808134,9.520927821983586,True,16.817409544064457,387.3165266330655,3134875.0,0.0,9887817.114751756
2018-06-18,17785.26953125,17785.26953125,17785.26953125,17785.26953125,0,18231.17626953125,444.18557517017354,19119.547419871597,17342.805119190903,0.24903128151425372,9.745626252597116,True,16.097849736196054,359.6510604449894,3020490.0,0.0,9887817.114751756
2018-06-19,17785.26953125,17785.26953125,17785.26953125,17785.26953125,0,18201.151171875,453.38601466616865,19107.923201207337,17294.379142542664,0.270680155997303,9.96389756636393,False,15.429687057461106,333.961698984633,2821090.0,0.0,9887817.114751756
2018-06-20,17120.873046875,17274.194298041046,16865.337628264926,17274.194298041046,9462200,18126.40703125,502.0478451147861,19130.502721479574,17122.311341020428,-0.0007162136833287987,11.078816540956051,False,15.96089806383019,375.8167135560931,3071435.0,3.0807098310724466,9867263.934680808
2018-06-21,17056.98828125,17248.639834971913,16890.890268024345,16980.32765976124,3582300,18035.053125,522.7300172367833,19080.513159473565,16989.593090526432,0.03223231328852477,11.593645188927786,False,16.454165426887194,374.52620308405557,3078435.0,1.1636756988534758,9835321.551868308
2018-06-22,16852.5625,17223.088893100834,16763.125094768766,17056.990854814256,3590000,17919.42333984375,515.3143340050459,18950.052007853843,16888.794671833657,-0.017577704249006117,11.502922258870855,False,17.147843391864875,380.62888845891365,3014315.0,1.19098368949496,9733108.661243308
2018-06-25,16763.12109375,17299.745397056024,16405.371558212653,16852.55847763434,4417200,17835.096484375,560.0326069833947,18955.16169834179,16715.03127040821,0.021467421156432773,12.560237226056605,False,18.394456440652828,417.3249563435177,3071290.0,1.4382230268063256,9688387.958118308
2018-06-26,16622.580078125,16788.678111188507,16418.15172973914,16660.910393447346,3643100,17743.742578125,601.9570321410602,18947.65664240712,16539.828513842876,0.03436772056129572,13.570012740901035,False,19.552025700241643,413.9822009939355,3253445.0,1.1197668932470044,9618117.450305808
2018-06-27,16456.4765625,16827.0028205066,16418.146259947596,16622.5745402271,3520900,17626.19609375,612.7600616827388,18851.716217115478,16400.675970384524,0.022766085620136062,13.905667642039102,False,20.49236357722282,413.6160838200119,3157445.0,1.1151104769837639,9561531.923611846
2018-06-28,15958.1845703125,16954.77255789006,15932.631032169484,16763.121021817453,4537600,17528.453564453124,712.4064749163663,18953.266514285857,16103.640614620392,-0.05104390871972622,16.2571437873126,False,22.136013571119253,457.0821868129094,2715425.0,1.6710459688630692,9561531.923611846
2018-06-29,16149.83984375,16379.8217402591,15843.197315071204,15843.197315071204,5302200,17440.293798828126,769.1473963597672,18978.58859154766,15901.999006108592,0.08055700338270437,17.64069814951051,False,23.786643325393268,462.7637752682656,2980535.0,1.778942371084386,9561531.923611846
2018-07-02,16558.6953125,16712.016565393522,16213.722493489586,16213.722493489586,2911800,17354.689404296874,767.1240763704963,18888.937557037865,15820.441251555882,0.24059147786008409,17.68107877933125,False,24.18063359222814,469.8647000093553,2822560.0,1.0316166883963493,9561531.923611846
2018-07-03,16303.1572265625,16712.013834125195,16060.398615822149,16660.90675817986,2393400,17237.14296875,737.0657652052085,18711.274499160416,15763.011438339581,0.1832081388533,17.104128370727533,False,24.80773293087893,482.8468798874761,2832100.0,0.8450972776385015,9561531.923611846
2018-07-04,16405.37109375,16609.799393983645,15919.853880695093,16252.049868574764,1820700,17150.89951171875,727.9211911895432,18606.74189409784,15695.057129339664,0.2439529076113189,16.976863299611182,False,25.622712317347013,497.6396394161244,2731445.0,0.666570258599386,9561531.923611846
2018-07-05,16993.107421875,17082.544829358554,16456.482976973686,16584.25070195019,3103900,17076.1556640625,656.6616331200269,18389.478930302554,15762.832397822445,0.46838240655506685,15.381954721858143,False,24.923245338248414,510.4635034298694,2740095.0,1.1327709440731069,9561531.923611846
2018-07-06,17159.203125,17248.640520290395,17069.76572970961,17146.42635424423,2748500,17044.85234375,635.6655010262502,18316.1833458025,15773.5213416975,0.5449728595721282,14.9174774461296,False,23.83032258521112,492.2541887859784,2551690.0,1.0771292751078696,9561531.923611846
2018-07-09,16660.91015625,17376.40936541411,16635.356613065567,17376.40936541411,3669500,16988.634375,616.1564542554955,18220.947283510992,15756.321466489011,0.36702881366957674,14.507498146224485,False,23.662146631054714,510.025514754733,2735165.0,1.3416009637444175,9561531.923611846
2018-07-10,17069.763671875,17069.763671875,16903.66567207382,16941.99597972025,2081100,16952.85908203125,587.5768126803017,18128.012707391852,15777.705456670647,0.5497401307032848,13.863780966671008,False,23.505983245052338,502.7989433883235,2839220.0,0.7329830023738915,9561531.923611846
2018-07-11,16763.12109375,17018.65647627668,16609.799864233995,17018.65647627668,2381100,16901.75166015625,554.9081328427492,18011.567925841748,15791.93539447075,0.4375434607094078,13.132559133521651,False,23.88426869681957,499.7392908349436,2958275.0,0.8048947444034108,9561531.923611846
2018-07-12,16354.265625,16890.88996582031,16354.265625,16507.586865234374,4513800,16830.20146484375,526.5221644342157,17883.245793712184,15777.15713597532,0.2740190859984132,12.513745971111678,False,24.644152856457445,502.3739372624699,3183965.0,1.4176663374126286,9561531.923611846
2018-07-13,16890.89453125,17031.439039452533,16533.144874007186,16545.921647480143,4970000,16785.48271484375,476.7664940970822,17739.015703037916,15831.949726649586,0.5552743416910421,11.361400853261564,False,24.913226493897472,514.8596142046173,3432465.0,1.4479390175864866,9561531.923611846
2018-07-16,17018.662109375,17044.215656085773,16635.358908713402,16890.89437582113,3413300,16747.15234375,419.5382243917151,17586.22879253343,15908.07589496657,0.6617908392129578,10.020526852095806,True,25.12246713455193,507.2879808594568,3603130.0,0.9473152509068504,9561531.923611846
2018-07-17,16763.12109375,17120.87062928735,16724.790786371,17120.87062928735,3303700,16696.044921875,341.40286800576786,17378.850657886534,16013.239185863464,0.5491180494959021,8.179251304204744,True,25.062780904269168,499.3445424349493,3768315.0,0.876704840226998,9561531.923611846
2018-07-18,16865.33984375,16916.446934185606,16609.80439157197,16609.80439157197,3519100,16683.26826171875,329.2319148416248,17341.732091402,16024.8044320355,0.6382548090142137,7.8937030724867405,True,25.239899411735077,485.5801138762839,3471160.0,1.013810945044308,9561531.923611846
2018-07-19,16852.5625,16954.776677407128,16712.018006065202,16712.018006065202,3041600,16673.04697265625,320.06445176345426,17313.17587618316,16032.918069129342,0.6402182641298304,7.678607330462367,True,25.265880733267167,468.2357251238298,3444125.0,0.883127064203535,9561531.923611846
2018-07-20,16507.583984375,16750.342572380516,16507.583984375,16712.012269011222,1889500,16655.798046875,319.17537494806044,17294.148796771122,16017.447296978879,0.3839086015610392,7.665207612383251,True,25.71673277616692,459.43163873105624,3359100.0,0.5625018606174272,9561531.923611846
2018-07-23,16865.33984375,16865.33984375,16507.590210700757,16507.590210700757,2442500,16660.908984375,321.79206870079145,17304.493121776584,16017.324846973417,0.658822170633642,7.725678568980267,True,25.699396816013948,452.16908306276656,3260365.0,0.7491492516942122,9561531.923611846
2018-07-24,16814.228515625,17069.763903400457,16814.228515625,16865.33559318009,3004900,16670.49140625,323.43989041523486,17317.37118708047,16023.61162541953,0.6111003262387253,7.760776393045566,True,24.952293999641956,438.12381911367305,3228455.0,0.930754803768366,9561531.923611846
2018-07-25,17657.5,17695.83031837916,16916.447178002894,16916.447178002894,5272100,16730.542578125,386.88463107266693,17504.311840270337,15956.773315979668,1.0989882689995578,9.249780854770712,True,23.826348319072224,469.8008179451365,3316015.0,1.5898902749233643,9561531.923611846
2018-07-26,17849.150390625,17925.811022223963,17619.168495828115,17734.15944322656,3532500,16825.090869140626,418.0074034045324,17661.10567594969,15989.076062331562,1.1124649426922517,9.937715205359423,False,23.282701886483114,458.14665426304447,3265760.0,1.0816777717897212,9561531.923611846
2018-07-27,18091.90625,18219.67394950565,17836.370850988704,18194.120409604522,5408800,16922.194189453126,474.6272644094779,17871.448718272084,15972.93966063417,1.1161214010757499,11.219047816040145,False,23.353752165307466,452.80068599546604,3271090.0,1.6535161062520445,9561531.923611846
2018-07-30,18360.220703125,18436.881332365603,18130.238815403183,18219.67621618389,4718100,17012.270458984374,564.4589349717569,18141.18832892789,15883.35258904086,1.097009880004854,13.271807224853044,False,23.804534955379943,445.09885716476157,3361405.0,1.4036095025740725,9561531.923611846
2018-07-31,18015.244140625,18258.002749612144,17913.029989472518,18232.449211824023,3514000,17097.8748046875,580.8440521626762,18259.562909012853,15936.186700362148,0.8948432167471747,13.588684179707148,False,23.563997283985287,445.24827548531306,3417435.0,1.0282565725463688,9561531.923611846
2018-08-01,18385.771484375,18449.655332479153,18002.46839575009,18015.245165370918,3440700,17196.89482421875,623.7928817978221,18444.480587814396,15949.309060623107,0.9764709148050104,14.509430642544178,False,23.700604759921468,445.3867512884381,3498435.0,0.9834969064738948,9561531.923611846
2018-08-02,18155.791015625,18372.996115741556,18053.57685086427,18372.996115741556,3156600,17255.02900390625,657.0906599241562,18569.21032375456,15940.847684057937,0.842708421628882,15.232444055014952,False,23.827454559005062,437.3016000186019,3501070.0,0.9016100792043575,9561531.923611846
2018-08-03,17836.373046875,18117.462020393086,17389.18604355077,17861.9265899221,4863900,17288.8875,669.2275560558104,18627.34261211162,15950.43238788838,0.7045214448810525,15.4834151371697,False,22.126113344177938,460.8232694511468,3606840.0,1.3485211431613269,9561531.923611846
2018-08-06,18296.3359375,18385.773333842528,17836.372184881286,17836.372184881286,2223200,17370.6587890625,688.1061289611218,18746.871046984746,15994.446531140258,0.8363133641299823,15.845251174800362,False,21.125626195638112,467.15026084472504,3534525.0,0.6289954095670564,9561531.923611846
2018-08-07,18385.771484375,18385.771484375,18002.46839575009,18270.780557787526,3216400,17436.4591796875,720.0012037297209,18876.46158714694,15996.456772228057,0.8296217769393693,16.517142530141253,False,20.19660241485113,461.16117711473834,3591290.0,0.8956113262922237,9561531.923611846
2018-08-08,18411.326171875,19139.602085682687,18258.004926862857,18654.084809810895,3685900,17518.86943359375,733.0823680861687,18985.034169766088,16052.704697421414,0.8043507718686351,16.738120478948897,False,20.705899611251805,491.192318665102,3656530.0,1.00803220539692,9561531.923611846
2018-08-09,18705.19140625,18999.057118233435,18411.325694266565,18577.423705387635,5321200,17636.41572265625,724.9501108042386,19086.315944264727,16186.515501047772,0.8685687013717682,16.442118902265314,False,21.178818436481,498.0879690437998,3696900.0,1.4393681192350347,9561531.923611846
2018-08-10,18539.09765625,18832.96343577705,18296.33896881461,18717.972478570813,4337700,17718.82587890625,729.4087277155365,19177.64333433732,16260.008423475176,0.781142707159809,16.466299351897266,False,21.293610533488632,500.84057603798834,3665285.0,1.183455038284881,9561531.923611846
2018-08-13,17631.947265625,18117.464654098734,17516.95630519701,18117.464654098734,4857200,17749.49013671875,711.0858044465309,19171.66174561181,16327.318527825686,0.45867486372293803,16.024929143750285,False,19.956604349691293,538.076345681917,3737480.0,1.2995922386206749,9561531.923611846
2018-08-14,17401.9609375,17772.487271705213,17095.318454019827,17478.621558370047,5820700,17781.43212890625,678.0259365675001,19137.484002041252,16425.380255771248,0.3600823468024989,15.252448321421161,False,19.462562439648874,548.0115222535934,3863330.0,1.5066535864137933,9561531.923611846
2018-08-15,17376.408203125,17657.49715935202,16865.33737362132,17414.738515337776,4201200,17806.985546875,650.7657030331859,19108.516952941372,16505.454140808626,0.33458818521662265,14.618211517499466,False,19.37245319942909,565.4506839305295,3897435.0,1.077939721894015,9561531.923611846
2018-08-16,17069.763671875,17274.191979322608,16686.460595410743,17133.647517952377,5146700,17817.84560546875,635.6363544868135,19089.118314442374,16546.572896495123,0.20577440689428475,14.269656805011707,False,19.565482033928063,574.343321343653,4002690.0,1.285810292578241,9561531.923611846
2018-08-17,17069.763671875,17069.763671875,17069.763671875,17069.763671875,0,17845.95458984375,585.0630506448243,19016.0806911334,16675.8284885541,0.16833022649726642,13.113628586229584,False,19.744723094534255,533.3187983905349,3908215.0,0.0,9561531.923611846
2018-08-20,17874.703125,17938.586981772696,17171.980700500357,17171.980700500357,4471400,17896.42275390625,537.6340556308348,18971.69086516792,16821.15464264458,0.4899003659279155,12.016570306230296,False,18.593890328174005,557.2834063553322,4009660.0,1.1151568960959284,9561531.923611846
2018-08-21,17721.380859375,17913.032418777035,17478.622217465752,17759.711171255407,4130000,17941.78037109375,476.29635867424673,18894.373088442244,16989.18765374526,0.3843159790617413,10.618708931285633,False,17.525259902268058,548.5067488521858,4065915.0,1.0157615198546945,9561531.923611846
2018-08-22,17721.380859375,17721.380859374996,17721.380859374996,17721.380859374996,0,17944.9744140625,474.50044543307416,18893.97530492865,16995.973523196353,0.38219528725445756,10.576787338548304,False,16.532960221069676,509.32769536274424,3802310.0,0.0,9561531.923611846
2018-08-23,17887.482421875,18143.017885044643,17555.286319754465,17887.482421875,5691400,17946.891015625,474.1703225010631,18895.231660627123,16998.550370622874,0.4686776085876476,10.568300037889308,True,16.390704878609736,514.9279717861324,3910255.0,1.4555060987071176,9561531.923611846
2018-08-24,17478.62109375,17887.477727521928,17274.192776864034,17887.477727521928,3001200,17916.2267578125,484.0266286423436,18884.280015097185,16948.173500527813,0.2739764518276871,10.806441226387799,False,15.643678500472738,521.9538055879062,3789875.0,0.7918994689798476,9561531.923611846
2018-08-27,17849.150390625,17925.811022223963,17568.061408095473,17631.945267761275,2461400,17890.6732421875,472.711258247654,18836.095758682808,16945.25072569219,0.4780400557221632,10.568886969171569,False,15.023369146225082,516.613528651196,3677040.0,0.6693971237734699,9561531.923611846
2018-08-28,17580.8359375,18040.799668422962,17542.50562658975,17887.478424781973,2454000,17868.95283203125,476.6499577422931,18822.252747515835,16915.652916546664,0.34888444347296915,10.66990242176625,False,14.673774654869135,515.3049938784828,3624040.0,0.6771448438758955,9561531.923611846
2018-08-29,17887.482421875,18066.35724609375,17504.179227120538,17504.179227120538,3114100,17844.03837890625,460.97926023091776,18765.996899368085,16922.079858444416,0.523560736196129,10.333518689936215,False,14.254119549368342,518.653067099535,3607710.0,0.8631791357952828,9561531.923611846
2018-08-30,17606.390625,17925.809903392597,17504.176455914367,17887.479589985487,2462200,17816.568359375,457.7824349871457,18732.133229349292,16901.003489400708,0.38521963802471937,10.277679197324508,False,13.86443249808461,511.7230942694418,3572990.0,0.6891147190448336,9561531.923611846
2018-08-31,17580.8359375,17580.8359375,17223.08636900436,17401.961153252178,4819400,17803.79150390625,460.75698505343644,18725.305474013123,16882.277533799377,0.3790275711281986,10.351884539927212,False,12.969797304472692,502.55032010702746,3570765.0,1.3496827710588628,9561531.923611846
2018-09-03,17427.517578125,17631.945936812685,17376.41048845308,17606.392391976726,2082300,17760.3505859375,452.7624430743456,18665.87547208619,16854.82569978881,0.3162209493611601,10.197151027701873,False,12.077412010742439,484.9064006964973,3563720.0,0.5843051642665529,9561531.923611846
2018-09-04,17120.873046875,17427.515549207088,17120.873046875,17274.194298041046,1926800,17697.1056640625,449.131594080107,18595.368852222713,16798.842475902286,0.1792517912441032,10.15152652881896,False,11.812235505260471,472.17341002174754,3499240.0,0.5506338519221317,9561531.923611846
2018-09-05,16584.24609375,16993.10270006741,16034.84502901098,16993.10270006741,6227000,17605.75166015625,480.9036995228111,18567.55905920187,16643.944261110628,-0.031034366870053672,10.926058910876236,False,13.445237610839472,516.020167724767,3626295.0,1.7171796558195072,9541622.950782452
2018-09-06,16865.33984375,16967.55402462121,16226.501213304924,16277.608303740531,5969000,17513.75908203125,433.1213644222775,18380.001810875805,16647.516353186697,0.12572889982802474,9.892139372104314,False,14.961596708877117,532.0939279813042,3658685.0,1.6314604837530424,9682169.825782452
2018-09-07,16929.220703125,17108.095487912735,16763.122688679243,16801.452999705187,5009400,17433.265234375,378.71451158973883,18190.694257554478,16675.836211195525,0.16726616235659778,8.68946824357349,False,15.972255799643353,518.7281330707463,3692270.0,1.356726349914822,9714110.255469952
2018-09-10,16712.017578125,16865.338840309632,16609.80340333524,16839.785296612194,2593100,17387.26875,408.0427638251756,18203.35427765035,16571.18322234965,0.08628651716250674,9.38716182954669,False,17.14509695185101,504.49164497924716,3579065.0,0.7245188338295058,9605508.692969952
2018-09-11,16712.017578125,16712.017578125,16712.017578125,16712.017578125,0,17352.77158203125,435.00914920078174,18222.789880432814,16482.75328362969,0.13175831756442716,10.027427541344052,False,18.234163736043836,468.4565274807295,3288030.0,0.0,9605508.692969952
2018-09-12,16418.154296875,16993.10911660992,16418.154296875,16712.020093628405,4244400,17304.85888671875,482.4534060018676,18269.765698722484,16339.952074715015,0.04052319933237387,11.151859929285962,False,19.6959553037243,476.06354835602895,3290190.0,1.290016685966464,9458577.052344952
2018-09-13,16456.4765625,16852.55635554154,16443.699794982535,16507.583632569876,2557100,17274.19453125,516.4729189604652,18307.14036917093,16241.24869332907,0.104181584972612,11.959409581179292,False,21.053333187999016,473.0877276639226,3160710.0,0.8090270856864439,9477738.185157452
2018-09-14,16801.45703125,16980.33185895913,16507.591242870723,16507.591242870723,2471300,17260.77919921875,525.4687425899691,18311.716684398685,16209.84171403881,0.2814702708553096,12.177173151343073,False,21.868620119579397,476.7139825778659,3284275.0,0.7524643947294304,9650228.419532452
2018-09-17,16430.92578125,16724.791483402994,16303.158084661743,16724.791483402994,1886800,17188.59033203125,535.7611431212881,18260.112618273826,16117.068045788674,0.146454133288215,12.46783203909136,False,22.972278644212103,478.25576572146525,3155045.0,0.5980263355990169,9464962.794532452
2018-09-18,16341.490234375,16430.927632061183,16111.508354610536,16430.927632061183,4403200,17119.59580078125,552.1378531941825,18223.871507169617,16015.320094392886,0.14768510168936128,12.900721713744806,False,24.299921180368514,466.91030227354963,3168705.0,1.3895897535428512,9420245.021094952
2018-09-19,16507.583984375,16609.798126693113,16354.262770897833,16354.262770897833,2135800,17058.90595703125,549.2107271566061,18157.32741134446,15960.484502718036,0.2490389638278859,12.877982410829464,False,24.88909741513195,452.7244158481613,3275495.0,0.652054117011322,9503291.896094952
2018-09-20,16763.12109375,16980.326168897678,16405.371558212653,16482.032172970656,5518800,17002.687890625,516.5042589674106,18035.69640855982,15969.679372690178,0.3840441328819157,12.151120159117953,False,24.25892107747903,461.4551440507944,3266865.0,1.6893260052068266,9631060.450782452
2018-09-21,17018.662109375,17031.438882730385,16609.805362002626,16954.778242598066,4170000,16979.68994140625,504.29319946782766,17988.276340341905,15971.103542470595,0.5193201930989139,11.879915386159569,False,23.52339060023965,458.6107423848633,3325305.0,1.254020307911605,9729911.571539044
2018-09-24,16584.24609375,17274.191616910633,16584.24609375,17018.65623796225,4129900,16916.4447265625,467.486910002007,17851.418546566514,15981.470906558485,0.32234869805708943,11.054022699413931,False,22.1493711368639,475.1346552974183,3408730.0,1.2115655977446145,9729911.571539044
2018-09-25,16430.92578125,16750.34502272065,16354.265163297046,16584.24701715591,1389500,16858.94921875,451.92771348822606,17762.804645726454,15955.093791773548,0.2632235063677104,10.722559457871938,False,21.418431479062964,469.48788416357434,3355505.0,0.4140956428317049,9729911.571539044
2018-09-26,15907.080078125,16392.597381714357,15868.749764683735,16392.597381714357,12810400,16759.9291015625,431.1922971276522,17622.313695817804,15897.544507307193,0.005528606889157718,10.291029144925282,False,21.70494541258733,476.10846504948086,3840320.0,3.33576368635947,9729911.571539044
2018-09-27,16443.705078125,16494.812164614897,16034.848386205807,16047.625157828283,6537100,16701.79482421875,387.19760922730126,17476.190042673352,15927.399605764145,0.33336044700224454,9.273197600675552,False,21.669840996861783,484.08158086665344,4044065.0,1.6164675889235212,9729911.571539044
2018-09-28,16865.33984375,16865.33984375,16494.813438091856,16609.80439157197,5318100,16666.02001953125,330.62578184578126,17327.271583222813,16004.768455839687,0.6507140664484852,7.9353266456734,True,20.63290149075855,479.6210940636782,4069000.0,1.3069796018677808,9729911.571539044
2018-10-01,16750.34765625,17069.766947940505,16609.80316790618,16903.668916261442,3426300,16632.1615234375,279.2150094194754,17190.59154227645,16073.731504598547,0.6058200032460888,6.715062477622398,True,19.17652557167428,478.21700020443876,4136200.0,0.828369034379382,9729911.571539044
2018-10-02,16571.47265625,16763.12422898998,16354.267540478028,16750.347457473978,4463700,16604.69150390625,254.53895929867164,17113.769422503596,16095.613585308909,0.467373513520504,6.131735943152967,True,18.39326049355371,473.26269222640394,4263045.0,1.0470684686650036,9729911.571539044
2018-10-03,16609.80078125,16635.354320913462,16367.042154447116,16443.7027734375,1858200,16605.96923828125,254.49506168634804,17114.959361653946,16096.979114908554,0.5037638676988084,6.130206747575277,True,17.665942921013183,458.62336895782846,4044605.0,0.45942681671016083,9729911.571539044
2018-10-04,16315.9345703125,16443.702264676733,16252.050723130384,16430.92549524031,4589100,16578.498974609374,254.6764388861065,17087.851852381587,16069.146096837161,0.24225687558175013,6.144740589028079,True,17.252923279615658,451.4181324693847,3975610.0,1.1543134261157408,9729911.571539044
2018-10-05,16853.599609375,16905.297767685966,16414.165263731786,16452.938882465012,3231500,16574.717919921874,249.70829116506133,17074.134502251996,16075.30133759175,0.779207478606288,6.0262453303033565,True,16.35027013603072,461.2713513911048,3886715.0,0.8314219077035492,9729911.571539044
2018-10-08,16582.181640625,16931.144153716876,16569.25710310308,16827.747853541503,3421100,16568.226123046876,247.63003232811408,17063.486187703103,16072.966058390648,0.5140890802368763,5.978431981530079,True,15.572144459574933,454.1724727641543,3928115.0,0.8709266403860376,9729911.571539044
2018-10-09,16543.41015625,16672.655548095703,16388.31568603516,16672.655548095703,3758900,16559.795751953126,245.33655206724515,17050.468856087617,16069.122647818636,0.4833029408326452,5.926076764281567,True,14.539459639284674,442.0415719996107,4116060.0,0.9132276983328718,9729911.571539044
2018-10-10,16698.50390625,16750.20206075851,16284.918670181887,16595.10759723297,4090600,16573.813232421875,244.82628717248443,17063.465806766842,16084.160658076906,0.6273256594177317,5.90874975454779,True,13.841381256434195,443.7017018979688,4108370.0,0.9956746836336552,9729911.571539044
2018-10-11,16233.2197265625,16504.635024538464,16233.219726562498,16414.163258546476,4759200,16562.650390625,255.32251723201784,17073.295425089036,16052.005356160964,0.17743673018551476,6.166223670978141,True,13.325796472507095,445.24330745436407,4218475.0,1.1281802073024019,9729911.571539044
2018-10-12,16375.3896484375,16608.03133247213,16181.521578408641,16194.446116410565,3124700,16541.347021484376,252.10309832657853,17045.553218137535,16037.14082483122,0.33542707909137504,6.096313631511144,True,12.54010263037165,443.9051964978729,4251145.0,0.7350255048933876,9729911.571539044
2018-10-15,16259.0693359375,16530.48464281722,16142.748490131908,16427.08833543447,1603500,16532.75419921875,258.9019913225012,17050.558181863755,16014.950216573749,0.23572541690077636,6.263977270882933,False,11.92226088185522,439.89312193983295,4236980.0,0.3784535211400573,9729911.571539044
2018-10-16,16414.162109375,16414.162109375,16026.42599655512,16375.388498093012,2977600,16536.38779296875,256.57590449276535,17049.539601954282,16023.23598398322,0.38090689591898347,6.2063349675885355,False,11.686282122510754,436.1676212884078,4165700.0,0.7147898312408478,9729911.571539044
2018-10-17,16543.41015625,16620.957391357424,16336.617529296876,16620.957391357424,2986200,16538.1791015625,256.48927124646605,17051.15764405543,16025.200559069566,0.5050987071136348,6.203567386018537,False,10.90378522092431,425.3227813435607,4208220.0,0.7096111895290645,9729911.571539044
2018-10-18,16504.63671875,16504.63671875,16349.542246843188,16440.014022122163,1920700,16525.2548828125,251.0120213116048,17027.27892543571,16023.23084018929,0.47946496351572754,6.075840235848368,False,10.177180955165468,408.7902904909358,4028315.0,0.47679985304029104,9729911.571539044
2018-10-19,16750.203125,16931.146677276236,16465.863257137345,16504.636875482254,5989800,16511.83193359375,229.49385625767718,16970.819646109103,16052.844221078394,0.759670558608121,5.559500779335478,False,10.713165296065945,412.8255140372182,4119305.0,1.4540802392636623,9729911.571539044
2018-10-22,16737.275390625,16853.5962234556,16569.25640986969,16788.97353854971,2009400,16519.4833984375,234.5310230385127,16988.545444514526,16050.421352360474,0.732156911872311,5.678894851171828,False,11.210865041187816,403.64796400498193,4013280.0,0.5006877167802894,9729911.571539044
2018-10-23,16608.03125,16737.276629377433,16569.257636186772,16737.276629377433,3119900,16528.338671875,234.35478813157246,16997.048248138144,16059.629095611856,0.5850127479369645,5.6715872728420225,False,11.673014804515267,386.81732323253044,4099800.0,0.7609883408946778,9729911.571539044
2018-10-24,16440.01171875,16866.52145673644,16440.01171875,16440.01171875,2845500,16554.98525390625,185.12581373997364,16925.236881386198,16184.733626426301,0.344735948983133,4.4729925373093895,True,11.591916776220426,389.65249571495247,3601555.0,0.7900753979878136,9729911.571539044
2018-10-25,16569.255859375,16879.44473661759,16155.670689718214,16155.670689718214,4070000,16561.26279296875,183.2731631185048,16927.80911920576,16194.716466731741,0.5109032144562816,4.426550448708914,True,11.003956741943693,413.51832079955403,3478200.0,1.170145477545857,9729911.571539044
2018-10-26,17267.181640625,17305.95525209347,16633.879319973334,16646.803857129493,5448600,16581.3548828125,233.50608233355237,17048.3670474796,16114.342718145394,1.2342707639118713,5.632979548024611,False,11.224286183501238,436.60268307947666,3484725.0,1.5635667089942535,9729911.571539044
2018-10-29,16801.896484375,17577.368629807694,16698.50019831731,17525.670486778847,4767100,16583.93232421875,235.7433814118218,17055.41908704239,16112.445561395105,0.731145577503498,5.686067135417529,False,12.06520715367227,468.1930936802558,3551765.0,1.3421777623238025,9729911.571539044
2018-10-30,16905.294921875,17008.69122109136,16556.332412019783,16956.993071483183,2092300,16600.6234375,246.3919327867328,17093.407303073465,16107.839571926534,0.8091329745754218,5.936932036664251,False,12.360558961562965,467.06207335106456,3433195.0,0.6094323217877226,9729911.571539044
2018-10-31,17318.8828125,17318.8828125,16672.655841884327,17047.467484841418,4742900,16636.0775390625,294.16636414489227,17224.410267352283,16047.744810772714,1.0802883645639925,7.07297410592544,False,13.322727231400998,479.8595660128223,3577430.0,1.3257841523104574,9729911.571539044
2018-11-01,17305.955078125,17512.747670544715,17280.106004072535,17318.879615151232,3323300,16685.578564453124,319.65281434840097,17324.884193149926,16046.272935756322,0.985195566740502,7.662972263470393,False,14.596541791740743,462.20114461706214,3514140.0,0.9456936832340203,9729911.571539044
2018-11-02,16995.763671875,17448.12240078422,16892.367390981464,17435.19786567253,3789400,16692.686767578125,325.11971163610787,17342.92619085034,16042.447344305909,0.7330502376891382,7.7907101753704815,False,14.524638548709035,468.8835635588975,3542035.0,1.0698369722490038,9729911.571539044
2018-11-05,16879.447265625,17189.636189342455,16750.201880742723,16956.994496554362,3157100,16707.550048828125,326.59354015512116,17360.737129138368,16054.362968517882,0.6315834482788831,7.819064774922612,False,14.05034009263232,466.7800453475285,3528835.0,0.8946578686733724,9729911.571539044
2018-11-06,17318.8828125,17512.7509036847,17008.693866604477,17008.693866604477,7406500,16746.323681640624,351.1875657584543,17448.698813157534,16043.948550123716,0.9075878438512104,8.38840983692366,False,14.33027131753986,478.6745876841122,3711215.0,1.9957076051912919,9729911.571539044
2018-11-07,17564.4453125,17693.690679037896,17409.350872654526,17473.973555923472,5192000,16789.620751953124,395.5585635350502,17580.737879023225,15998.503624883024,0.98970281013662,9.423883228310212,False,14.953103671365954,471.25553617366825,3766285.0,1.378546764251776,9729911.571539044
2018-11-08,17965.109375,18016.80753147482,17667.844975269785,17835.86398381295,5221600,16876.215234375,452.7741554293836,17781.763545233767,15970.666923516232,1.101234703641796,10.731651597027101,False,16.11644457921691,469.9060135166077,3789405.0,1.3779471975151771,9729911.571539044
2018-11-09,18042.65234375,18107.275024064293,17900.48244705856,17978.02966343571,5667200,16959.578369140625,506.06039261553093,17971.699154371687,15947.457583909563,1.0350517400757238,11.935683343080042,False,17.349404235234644,451.11219662297384,3916530.0,1.4469951717464185,9729911.571539044
2018-11-12,17099.1640625,18120.202581727135,17099.1640625,18120.202581727135,3687400,17001.58310546875,478.99723113259057,17959.577567733933,16043.58864320357,0.5509298126841558,11.269473628688521,False,16.31498425466622,491.82121966612823,4020725.0,0.9170982845133652,9729911.571539044
2018-11-13,18042.65234375,18081.425951938574,16931.142242344198,16969.915850532772,4963400,17083.0076171875,511.2158526129084,18105.439322413316,16060.575911961683,0.9692952701180911,11.970160385541606,False,15.305704206393079,538.8542546610031,4120015.0,1.2047043518045444,9729911.571539044
2018-11-14,17835.86328125,18081.429514832427,17654.91974071558,18042.655899003625,2663800,17147.6302734375,521.010949896895,18189.65217323129,16105.608373643709,0.8302392243141421,12.15353822280543,False,14.368507403297919,530.8296489078491,4103895.0,0.6490906809262907,9729911.571539044
2018-11-15,18133.125,18171.89861012117,17810.011582323594,17965.106022808268,4595000,17229.0546875,542.0602136363043,18313.17511477261,16144.934260227392,0.9169602793918507,12.58479292028899,False,13.403326532916635,518.7623188285439,4237610.0,1.0843376337133432,9729911.571539044
2018-11-16,17990.95703125,18365.768636067707,17835.86257408405,18197.749640804595,3757000,17291.0923828125,555.2135235844729,18401.519429981447,16180.665335643556,0.8151331058721133,12.843920124707903,False,12.962185914960314,519.5583004824805,4125970.0,0.9105737559895006,9729911.571539044
2018-11-19,17784.166015625,18029.73226148029,17577.37338753634,17990.958643713664,3882000,17343.4369140625,549.5734434974057,18442.58380105731,16244.290027067687,0.7004868988745915,12.675075793121431,False,12.16711270665249,514.7583414440141,4219600.0,0.9199924163427813,9729911.571539044
2018-11-20,17784.166015625,17784.166015625,17784.166015625,17784.166015625,0,17402.24365234375,529.2917028314278,18460.827058006606,16343.660246680894,0.680393137299418,12.166056593745997,False,11.428830441795226,477.98988848372744,4063605.0,0.0,9729911.571539044
2018-11-21,16517.55859375,17848.785929553014,16155.671551007434,17396.427126124803,14320300,17406.12099609375,522.1071230079939,18450.335242109737,16361.90675007776,0.074530607232233,11.998241839756592,False,13.419564699112764,564.784494916717,4637345.0,3.088038522042246,9729911.571539044
2018-11-22,16440.01171875,16801.898769162737,16233.219118514151,16582.181631412146,7385000,17399.6587890625,533.6818383120315,18467.022465686565,16332.295112438438,0.05045918681262227,12.26878859595813,False,15.268103652336192,565.0627203261362,4803095.0,1.5375502670673804,9729911.571539044
2018-11-23,16465.861328125,16620.95578333497,16427.087714322508,16595.106707466643,3206500,17359.5927734375,572.7969961592429,18505.186765755985,16213.998781119015,0.10992661828483347,13.198397073823037,False,16.984604108900804,538.5488166608739,4690990.0,0.6835444117339836,9729911.571539044
2018-11-26,15858.408203125,16543.4087204564,15729.162822496435,16465.861492079257,8689400,17312.418359375,654.2111776322039,18620.840714639406,16003.996004110591,-0.05563486453736529,15.115419788314806,False,19.314019974106767,558.2414653250945,4887105.0,1.7780260501871763,9707066.424433868
2018-11-27,15483.59765625,15935.956519329091,15418.974961524416,15910.107441438857,8298700,17241.33349609375,768.1018144169586,18777.53712492767,15705.129867259833,-0.07210379107683501,17.82000944627589,False,21.747419309681412,555.294329073636,5197425.0,1.5966945169963973,9482180.096308868
2018-11-28,14992.46484375,15509.446390086207,14966.615766433188,15483.597312769396,15486000,17125.01259765625,917.3879636071715,18959.788524870593,15290.236670441906,-0.08114664637659565,21.428024262772848,False,24.358305033790543,554.4040644007349,5734580.0,2.700459318729532,9178760.593883805
2018-11-29,15173.408203125,15418.974434691758,14850.294740537158,15095.860972103917,10576800,17018.38525390625,1014.0861730866953,19046.55760007964,14990.21290773286,0.045162654874419485,23.835073844128203,False,26.867248777891483,555.4237522402967,6097255.0,1.7346822463551221,9178760.593883805
2018-11-30,14216.9912109375,15173.406983309658,14139.443986150569,15095.859758522727,22953100,16879.446630859376,1192.0849181821743,19263.616467223725,14495.276794495028,-0.058361107357580204,28.24938386316002,False,29.652525016748577,589.6052140070205,7055440.0,3.253248557141723,9178760.593883805
2018-12-03,14785.6708984375,14798.595435936135,14229.91578599623,14475.481998470279,12880400,16774.7578125,1280.7268584855537,19336.211529471107,14213.304095528893,0.1117269461314775,30.539382393495973,False,32.238852952830165,589.0337147921358,7541605.0,1.707912307791246,9178760.593883805
2018-12-04,15418.9755859375,15496.522822748588,14889.069467728417,14889.069467728417,13490300,16679.762451171875,1308.4051258093555,19296.572702790585,14062.952199553165,0.2590985314173093,31.37706857971302,False,32.83973955674424,597.7350154720609,7845795.0,1.7194305994484944,9178760.593883805
2018-12-05,15367.275390625,15651.615221233704,15173.407324300882,15406.049003889822,7654500,16569.903955078124,1322.3809513094427,19214.665857697008,13925.142052459238,0.2726395402054414,31.92247715845515,False,33.04509963926664,589.1973641478295,7968920.0,0.9605442142724485,9178760.593883805
2018-12-06,14992.46484375,15186.332923626076,14940.766689116379,15108.785691675645,6047300,16421.271728515625,1324.3672061551529,19070.00614082593,13772.537316205318,0.23028498476006581,32.25979639214867,False,33.482160591313175,577.576745387886,8010205.0,0.7549494675854114,9178760.593883805
2018-12-07,15186.3349609375,15263.882203291223,14927.844153091755,15005.391395445478,4639900,16278.455859375,1293.9797384921378,18866.415336359278,13690.496382390726,0.28899961375938166,31.796129796842276,False,33.70016038189136,560.3239814458562,7958840.0,0.5829869679501033,9178760.593883805
2018-12-10,15380.19921875,15380.199218749998,14824.44412092962,15380.199218749998,3257800,16192.5076171875,1293.6860584754913,18779.879734138485,13605.135500236518,0.34302443527242926,31.95764582138746,False,33.61372011101368,559.997632615465,7937360.0,0.41043873529737845,9178760.593883805
2018-12-11,15031.240234375,15380.20281935189,15031.240234374998,15380.20281935189,5433300,16041.93701171875,1241.199017514828,18524.335046748405,13559.538976689095,0.29642733294951307,30.948856527939807,False,33.53344480065084,544.9237006412814,7960855.0,0.6825020679311455,9178760.593883805
2018-12-12,15147.5595703125,15354.352192432809,15070.012337017386,15160.48410919502,3944600,15907.521826171875,1180.7962461961101,18269.114318564094,13545.929333779655,0.33909962063574384,29.691519750195226,False,33.45890344102821,529.0800047424619,8024895.0,0.49154537224474587,9178760.593883805
2018-12-13,15147.5595703125,15548.220275670596,15121.710492547463,15147.5595703125,6994000,15758.2435546875,1067.9510343056425,17894.145623298784,13622.341486076215,0.3570430748325338,27.10837741781103,False,32.84005325043444,521.7535603410813,8144845.0,0.8587026518000036,9178760.593883805
2018-12-14,15212.1796875,15302.651444350042,15173.40607742141,15250.95329757859,3879100,15619.3046875,934.625309785249,17488.5553070705,13750.054067929503,0.39109940750118705,23.935132286220703,False,32.26540664488307,495.56343989082853,8150950.0,0.4759077162784706,9178760.593883805
2018-12-17,14837.3662109375,15263.875866826818,14798.592605856653,15212.177726719021,5400100,15471.964697265625,797.614426069342,17067.19354940431,13876.735845126941,0.3010948443299108,20.620895708488927,False,32.35074842904042,493.400569967924,8226855.0,0.6563990735220203,9178760.593883805
2018-12-18,15057.0849609375,15057.084960937502,14682.273403969959,14759.820622652898,4702100,15335.61064453125,586.7658183392637,16509.142281209777,14162.079007852724,0.38133013423393153,15.304661338634249,True,32.606230904079645,484.9299261821825,8461960.0,0.555675044552326,9178760.593883805
2018-12-19,14811.5205078125,15199.25664676047,14733.973280022905,15147.55849490074,7848000,15250.308740234375,526.8441098238449,16303.996959882064,14196.620520586686,0.29178459802436224,13.818582136213136,True,32.39163758178859,483.52660050756697,8138345.0,0.9643238275103845,9178760.593883805
2018-12-20,14901.990234375,14953.688379160341,14785.669408607979,14811.51848100065,2936200,15173.407666015624,450.81135657837467,16075.030379172375,14271.784952858874,0.3494839206688012,11.88424819266069,True,32.1923723539469,460.9903412250524,7915905.0,0.37092410785627167,9178760.593883805
2018-12-21,14449.6328125,14876.142546679337,14449.632812499998,14733.972635286224,9103000,15072.596240234376,363.5744623436666,15799.74516492171,14345.447315547042,0.07163972428189753,9.648622083384705,True,32.57622792232367,460.37370412862026,8210730.0,1.1086712143743613,9178760.593883805
2018-12-24,14449.6328125,14449.632812499998,14449.632812499998,14449.632812499998,0,15002.157470703125,338.9528759291503,15680.063222561426,14324.251718844824,0.09247678848532914,9.037443490139943,True,32.93266523581638,427.48986811943325,7776260.0,0.0,9178760.593883805
2018-12-25,14449.6328125,14449.632812499998,14449.632812499998,14449.632812499998,0,14950.459228515625,340.50555839575384,15631.470345307132,14269.448111724118,0.1322920407120507,9.110236767745395,True,33.26364274120247,396.95487753947384,7361325.0,0.0,9178760.593883805
2018-12-26,14036.0478515625,14410.85944244216,13958.50062586326,14397.93490482562,5822200,14902.63837890625,396.80193203798547,15696.24224298222,14109.034514830279,-0.04598431696949981,10.650514947732574,True,34.334315724934754,403.6818281892786,6878135.0,0.8464794599117348,9178760.593883805
2018-12-27,14268.689453125,14488.406591443048,14113.595002547554,14268.689453125,4325500,14857.40244140625,415.44097269452664,15688.284386795303,14026.520496017196,0.14573006336923738,11.184753844635186,True,35.029014521849795,407.1587504529407,6565570.0,0.6588156093073412,9178760.593883805
2018-12-28,14139.4462890625,14372.088001313987,14061.89905164534,14268.69168475777,4792900,14853.5251953125,422.04182044626964,15697.60883620504,14009.441554419962,0.07700939121688838,11.365431839155814,True,35.75360840031297,400.2323361112054,5657560.0,0.8471673300857614,9178760.593883805
2018-12-31,14139.4462890625,14139.4462890625,14139.4462890625,14139.4462890625,0,14821.21396484375,451.2375283224836,15723.689021488717,13918.738908198782,0.12227893681860719,12.178153001308239,True,36.42644557317163,371.6443121032622,5013540.0,0.0,9178760.593883805
2019-01-01,14139.4462890625,14139.4462890625,14139.4462890625,14139.4462890625,0,14757.2375,452.7296904320047,15662.696880864009,13851.77811913599,0.15885205676040967,12.271394031084874,True,37.05122294796895,345.09828981017205,4339025.0,0.0,9178760.593883805
2019-01-02,14126.5185546875,14294.537531092748,14036.046798161595,14139.443091334057,2171300,14695.199658203124,449.73709062869534,15594.673839460515,13795.725476945734,0.18388136348691225,12.24174155068778,True,36.91180313545416,338.91203574738506,4064865.0,0.5341628811780957,9178760.593883805
2019-01-03,14255.7685546875,14294.542177229716,14113.598605366047,14165.296768755667,3808500,14658.36484375,454.25488996811225,15566.874623686224,13749.855063813775,0.27843040440865646,12.39578615514667,True,36.78232027728078,327.62857404140533,3952925.0,0.9634637641746302,9178760.593883805
2019-01-04,14992.46484375,14992.464843749998,14074.822599003232,14139.445292295257,10285000,14648.671337890624,444.356049770131,15537.383437430886,13759.959238350362,0.6934223164268962,12.133688838270222,True,34.21359247396077,369.7724076632169,4235180.0,2.4284682115045877,9178760.593883805
2019-01-07,14462.5615234375,15263.883073440295,14397.938817792114,15121.713121020444,8798500,14602.789453125,410.9676998414965,15424.724852807993,13780.854053442008,0.414696501853075,11.257238246451577,True,32.53814373248812,405.2132539478572,4512215.0,1.9499292476089902,9178760.593883805
2019-01-08,14216.9912109375,14630.576409801137,14216.9912109375,14462.557422762784,7705000,14562.077001953125,406.59786768151525,15375.272737316154,13748.881266590095,0.287821199737619,11.168677864482662,False,30.451468152440256,405.81125001327007,4625800.0,1.6656578321587616,9178760.593883805
2019-01-09,14527.1845703125,14591.807277475813,14294.542824524578,14294.542824524578,6158200,14531.058251953125,382.5330450783767,15296.124342109879,13765.992161796372,0.49746840064507913,10.530080836389471,False,28.513840828110094,403.59730833648746,4736480.0,1.3001638347464783,9178760.593883805
2019-01-10,14591.8017578125,14656.42444053089,14397.933709657329,14604.726294356178,5070800,14503.270361328125,354.5546978527207,15212.379757033566,13794.160965622683,0.5624243572434278,9.778613761434503,False,26.901346332457006,393.23255280342124,4640320.0,1.0927694641748844,9178760.593883805
2019-01-11,14372.0859375,14669.350304912321,14307.463248932105,14591.803078630846,5194700,14461.265673828126,313.5401163371379,15088.345906502402,13834.18544115385,0.4288928818982177,8.67254978669205,True,25.107585324235565,390.9935887446209,4706100.0,1.1038226982002082,9178760.593883805
2019-01-14,13441.5185546875,14385.009760929988,13389.82040640024,14385.009760929988,26482100,14391.473291015625,374.78792076741405,15141.049132550454,13641.897449480797,-0.13366152141656687,10.416943788552585,False,25.36530518608687,434.1504291578443,5760200.0,4.597427172667616,9178760.593883805
2019-01-15,13234.7275390625,13622.46369743347,13195.953923225401,13544.916465759276,15944400,14300.355419921874,422.88646207888064,15146.128344079636,13454.582495764113,-0.1299728038235255,11.828697949416174,False,25.929626298352893,433.6046680900032,6322315.0,2.5219243267695455,9178760.593883805
2019-01-16,13467.3681640625,13687.085303015534,13286.424637865883,13286.424637865883,11915700,14233.147802734375,443.67288694355096,15120.493576621477,13345.802028847273,0.06849986712772375,12.468721412653796,False,26.24041191097607,434.94417493736256,6525700.0,1.825965030571433,9178760.593883805
2019-01-17,13880.9541015625,13919.727716371333,13648.312412709496,13648.312412709496,11565800,14182.09599609375,420.81571458077246,15023.727425255296,13340.464566932205,0.32109633498878726,11.868928674483099,False,25.785412811640082,436.1881304638962,6957180.0,1.6624264428978408,9178760.593883805
2019-01-18,13919.7265625,14152.368232068246,13777.556653319407,13958.500174094708,8409500,14155.60068359375,419.7651716318012,14995.131026857352,13316.070340330147,0.35952019305412536,11.861458401219428,False,24.68450116682579,431.80409105567776,6922505.0,1.214805912021732,9178760.593883805
2019-01-21,13880.9541015625,14010.199484258612,13868.029563292888,13958.501331180167,4554600,14127.166748046875,418.0568624988359,14963.280473044546,13291.053023049204,0.3527636617344962,11.836962639564884,False,23.66222606806966,411.1159360492525,7150235.0,0.6369860571016197,9178760.593883805
2019-01-22,13493.2197265625,13855.106845665709,13454.446106658585,13855.106845665709,7655700,14079.34609375,433.63988389242024,14946.625861534842,13212.06632596516,0.1620892190967671,12.319887046030322,False,23.611958436553934,412.21536882458565,7533020.0,1.0162856331192536,9178760.593883805
2019-01-23,13751.7080078125,13893.877921427104,13415.670030177984,13441.51910538064,8064900,14065.1291015625,439.7521400794976,14944.633381721495,13185.624821403504,0.32181946079140195,12.506167185643404,False,23.64221372438528,416.9291204263381,7645155.0,1.0549033996040629,9178760.593883805
2019-01-24,13764.63671875,13945.580300029342,13751.712177230045,13751.712177230045,7398500,14039.92646484375,441.9104664518407,14923.747397747431,13156.105531940068,0.3442615829490937,12.590107720532393,False,23.495954738374085,400.9964898399455,7798805.0,0.9486709822851065,9178760.593883805
2019-01-25,13661.2373046875,13829.256306542691,13596.614611666271,13764.633613521464,5235400,14016.016015625,449.12074568008256,14914.257506985166,13117.774524264834,0.3025148502101171,12.817358233021563,False,23.69490821232156,388.97114734255086,7820930.0,0.6694088810410015,9178760.593883805
2019-01-28,13596.615234375,13803.407861513782,13544.917077590304,13674.162469552042,4997900,13988.874462890624,457.5914142217644,14904.057291334153,13073.691634447096,0.28569351591596837,13.084438363805543,False,23.99026254286854,379.6511213840457,8070825.0,0.6192551566909207,9178760.593883805
2019-01-29,13260.5751953125,13570.764088770104,13247.650658085102,13519.065939860504,7912100,13944.930908203125,483.8189838406082,14912.56887588434,12977.29294052191,0.14637822421821137,13.877988697842905,False,24.857899798418746,377.45922530589235,8466430.0,0.9345261225805919,9178760.593883805
2019-01-30,13389.8212890625,13519.066668300555,13286.424985672056,13286.424985672056,5626200,13908.096044921875,497.1271068117996,14902.350258545473,12913.841831298276,0.23936506943706995,14.297488461573012,False,25.663562964286797,368.9615287117611,8639175.0,0.6512427401922058,9178760.593883805
2019-01-31,13299.3505859375,13687.086754623724,13299.350585937498,13441.52051445578,6894200,13860.275146484375,507.8090160812262,14875.893178646827,12844.657114321923,0.22385062947703122,14.65509192896595,False,25.72942740314354,370.3025744242229,8793460.0,0.78401448349114,9178760.593883805
2019-02-01,13493.2197265625,13583.691506338302,13338.125246946838,13338.125246946838,6640100,13785.312890625,437.69848514601995,14660.70986091704,12909.91592033296,0.33316531015348644,12.700429467761634,False,25.790587239224802,364.16245627969283,8611215.0,0.7710990841594363,9178760.593883805
2019-02-04,13570.7666015625,13609.540220424105,13441.521205357141,13493.219363839286,2984700,13740.72314453125,409.59664398124323,14559.916432493737,12921.529856568763,0.39626590850648385,11.923583341951298,False,25.735590195497714,350.1522104787837,8320525.0,0.358715345486012,9178760.593883805
2019-02-05,13570.7666015625,13570.766601562498,13570.766601562498,13570.766601562498,0,13708.4119140625,395.28753342776184,14498.986980918024,12917.836847206978,0.4129460830029216,11.534159781769137,False,25.68452151203685,325.14133830172784,7935275.0,0.0,9178760.593883805
2019-02-06,13725.8583984375,13842.179232322565,13519.065804864054,13622.462101650779,6970600,13668.34560546875,345.3908528253039,14359.127311119359,12977.563899818142,0.541628775413632,10.107758840605028,False,24.468554115956277,324.99648752721237,7975895.0,0.8739583457405093,9178760.593883805
2019-02-07,13700.0126953125,13803.409017541273,13622.465453640918,13751.710856426886,3108700,13623.75615234375,269.02055642159564,14161.797265186942,13085.71503950056,0.5708649777391396,7.898572270770277,True,23.33944153388146,314.7069929824369,7877790.0,0.39461574883311185,9178760.593883805
2019-02-08,13299.3505859375,13648.313137755102,13260.576969068876,13648.313137755102,7834600,13570.119384765625,213.09407154304378,13996.307527851712,13143.931241679538,0.18233654171201122,6.28127330352809,True,23.38898226794166,323.6161882153788,8009785.0,0.9781286264238054,9178760.593883805
2019-02-11,13118.4052734375,13351.046943311267,13015.008975715824,13299.34879445043,4718800,13553.963720703125,234.52751364338374,14023.018747989892,13084.908693416357,0.03570645028036775,6.921296780074824,True,24.029247909230666,324.5034581710977,6921620.0,0.6817479145055637,9178760.593883805
2019-02-12,12834.0673828125,13247.652635833649,12821.14284365559,13234.72809667674,6522200,13533.930712890626,276.57420323997604,14087.079119370577,12980.782306410674,-0.13261804777836939,8.174246170081185,True,25.03536152584548,331.7896248858806,6450510.0,1.0111138499126426,9178760.593883805
2019-02-13,13053.7841796875,13183.029567605197,12536.802628016707,12821.142481435643,9786900,13513.251513671876,296.5530078553117,14106.3575293825,12920.145497961252,0.11266002888718842,8.778139222977622,False,26.493804461409603,354.24943307892414,6344070.0,1.5426847433902842,9178760.593883805
2019-02-14,13208.8779296875,13260.576082054182,13053.783472587449,13053.783472587449,4397800,13479.647705078125,290.7145289344968,14061.07676294712,12898.21864720913,0.2671514936121115,8.626769342791581,False,27.498393228647256,343.71680282091046,5985670.0,0.7347214263399084,9178760.593883805
2019-02-15,12937.4619140625,13183.028124219529,12924.537376685814,13131.329974712786,4390800,13430.53447265625,295.38891834944843,14021.312309355148,12839.756635957354,0.08269206462711617,8.797532784740392,False,28.67310836482891,339.4756421195373,5784735.0,0.7590321769277244,9178760.593883805
2019-02-18,13519.06640625,13557.84001926984,12963.311286298998,12963.311286298998,5056100,13412.440087890625,276.84781821430045,13966.135724319227,12858.744451462024,0.5962860381627045,8.256448980204635,False,28.21091324506095,359.54010376866603,5809810.0,0.8702694236128203,9178760.593883805
2019-02-19,13467.3681640625,13635.387152673644,13312.273713036828,13519.06631440439,4604600,13411.147509765626,276.51095942058424,13964.169428606794,12858.125590924457,0.5508304032638363,8.247197615841197,False,27.497535657207393,356.9381991878196,5657255.0,0.8139283097544657,9178760.593883805
2019-02-20,13441.5185546875,13622.462073692908,13260.575035682092,13493.21670297476,6800300,13395.638037109375,264.85725804193487,13925.352553193245,12865.923521025505,0.5433068343277769,7.908761264173069,False,26.968536402895676,357.29168767517655,5594025.0,1.2156363262588208,9178760.593883805
2019-02-21,13700.0126953125,13842.182638377062,13286.427406397404,13441.521889740565,9458700,13392.4068359375,260.476594351669,13913.360024640837,12871.453647234162,0.7952336851422653,7.779829198518659,False,25.66541469280193,371.4676551254966,5697035.0,1.6602846919494088,9178760.593883805
2019-02-22,14449.6328125,14475.481887298747,13803.405942531304,13803.405942531304,18676300,13431.826611328124,348.1901808411077,14128.20697301034,12735.44624964591,1.230783245174524,10.369108861112046,False,24.972488678010308,400.32490775840733,6369080.0,2.932338736520816,9178760.593883805
2019-02-25,14087.7490234375,14475.485235091743,14010.20178110665,14449.636154314792,7454800,13456.38330078125,376.5850668652975,14209.553434511845,12703.213167050655,0.9191388468425955,11.194243161709988,False,24.329065138324417,404.96480391745627,6491925.0,1.1483188730615341,9178760.593883805
2019-02-26,14372.0859375,14372.0859375,13893.878042097573,14087.74610780126,6512700,13511.958837890625,425.06393558464345,14362.086709059911,12661.830966721338,1.0058810143621897,12.5833401562079,False,23.34940180901893,410.1964533092399,6421955.0,1.0141304322437639,9178760.593883805
2019-02-27,14268.689453125,14462.557516346807,14216.991302932518,14372.085753509964,5308100,13555.90224609375,456.070794254609,14468.043834602968,12643.760657584533,0.8907218002175584,13.457482533441237,False,22.677286163778106,398.4371504596006,6406050.0,0.8286073321313446,9178760.593883805
2019-02-28,13700.0126953125,14462.560571749704,13700.012695312498,14423.786950913913,10331600,13575.9353515625,452.99781450729006,14481.93098057708,12669.93972254792,0.5684756856304891,13.347082253309434,False,21.578132750695964,424.445059458001,6577920.0,1.5706484724654601,9178760.593883805
2019-03-01,13700.0126953125,13893.88079949145,13596.616373083725,13622.465453640918,6359700,13586.275,453.37033340572475,14493.015666811449,12679.53433318855,0.5627178748431229,13.34789214573456,False,20.812986631225925,415.36072852583845,6563900.0,0.9688904462286141,9178760.593883805
2019-03-04,14216.9912109375,14268.689360795455,13700.009712357954,13700.009712357954,6371000,13618.58623046875,474.73153859868,14568.049307666111,12669.12315327139,0.815128094414756,13.943636455789143,False,19.58679624602784,426.31207994810006,6733215.0,0.946204747657694,9178760.593883805
2019-03-05,13893.8779296875,14216.99136991279,13816.33070403343,14216.99136991279,3844500,13634.741796875,478.501465503834,14591.744727882668,12677.738865867332,0.6353894143979503,14.037712561993763,False,18.44819088834391,424.47983608604727,6925440.0,0.5551271832547824,9178760.593883805
2019-03-06,13751.7080078125,13958.50060943374,13609.538094197896,13958.50060943374,4641800,13636.03427734375,478.79535495496435,14593.62498725368,12678.44356743382,0.5603983148915629,14.045002974229318,False,17.44218590682079,419.0857417396042,6809000.0,0.6817153767072992,9178760.593883805
2019-03-07,13751.7080078125,13751.7080078125,13751.7080078125,13751.7080078125,0,13638.61904296875,479.2981931011548,14597.21542917106,12680.022656766441,0.5589867469101237,14.057088671253759,False,16.50803842397789,389.1510459010611,6653565.0,0.0,9178760.593883805
2019-03-08,13493.2197265625,13674.163286114104,13312.276167010896,13493.2197265625,5062900,13648.3125,474.006829474524,14596.326158949048,12700.298841050952,0.41820119258121596,13.892027442206478,False,16.73357141610326,392.7425312510999,6514980.0,0.7771167371196842,9178760.593883805
2019-03-11,13906.7998046875,13958.497945225372,13454.441074981123,13493.214680384526,2654700,13687.7322265625,460.2003416395234,14608.132909841548,12767.331543283453,0.6190066359710548,13.448548934832491,False,16.08562472591841,400.69355546489624,6411775.0,0.41403511508123725,9178760.593883805
2019-03-12,13519.06640625,13945.576149468214,13519.066406250002,13945.576149468214,2627900,13721.982177734375,416.76359857452877,14555.509374883433,12888.454980585317,0.37827885390037974,12.148787053543328,False,15.483959942175337,402.5375688758474,6217060.0,0.42269175462356806,9178760.593883805
2019-03-13,13583.689453125,13687.08575724013,13441.5195349667,13441.5195349667,2219000,13748.47744140625,387.89189880308777,14524.261239012427,12972.693643800074,0.3937925819089455,11.285377612356559,False,15.128094289693857,391.3253298328176,5838665.0,0.3800526318944485,9178760.593883805
2019-03-14,13506.140625,13557.838770933013,13415.668869617224,13441.51794258373,4718700,13763.340576171875,371.47526814480364,14506.291112461482,13020.390039882268,0.32690640990962505,10.796078643521453,False,14.867450984328427,375.3749908096004,5854710.0,0.8059664782713405,9178760.593883805
2019-03-15,13687.0849609375,13700.009498199952,13467.367827475802,13480.292364738254,1965800,13800.821728515624,317.682913803316,14436.187556122257,13165.455900908992,0.41049505447392354,9.207652125435732,False,14.141739424721658,365.1797536606396,5733460.0,0.34286451810948365,9178760.593883805
2019-03-18,13868.0322265625,13880.95676731419,13493.220544763513,13493.220544763513,2629800,13818.27001953125,310.9043322956716,14440.078684122593,13196.461354939907,0.540014083000881,8.99980480497856,False,13.37019972985721,366.790930009928,5612145.0,0.4685908863723229,9178760.593883805
2019-03-19,14216.9912109375,14216.9912109375,13829.25508700284,13958.500461647727,4598300,13855.751171875,311.55960092554807,14478.870373726095,13232.631970023904,0.7898643132721377,8.994376329677884,False,13.57364618198433,368.28701529026597,5611830.0,0.8193940301113897,9178760.593883805
2019-03-20,14372.0859375,14410.859550640738,14074.82157008768,14216.99148493705,5890500,13902.279541015625,315.8975066963269,14534.074554408278,13270.484527622972,0.8718028684347938,9.089085160871363,False,14.220069933613102,365.9835128090368,5566340.0,1.0582357527567485,9178760.593883805
2019-03-21,14320.3876953125,14410.85945873054,14100.670555582978,14410.85945873054,3804700,13933.298291015624,325.3089830647467,14583.916257145118,13282.68032488613,0.7974782625506476,9.339037355555945,False,14.820320560125532,361.99818354750295,5283640.0,0.720090695051139,9178760.593883805
2019-03-22,14449.6328125,14475.481887298747,14229.915676710643,14372.085588103755,4411600,13933.298291015624,325.3089830647467,14583.916257145118,13282.68032488613,0.8968031535895281,9.339037355555945,False,15.536352117490686,353.681614050403,4570405.0,0.9652536263197682,9178760.593883805
2019-03-25,14010.197265625,14320.386134974631,13997.272729402099,14320.386134974631,4182700,13929.420703125,323.82991511814714,14577.080533361295,13281.760872888706,0.5623603307854745,9.299163892594544,False,15.308177995146881,360.73007612522434,4406800.0,0.9491467731687392,9178760.593883805
2019-03-26,14074.822265625,14255.765802556818,14048.973188920454,14216.9921875,1910300,13914.55751953125,308.92183347090037,14532.401186473051,13296.71385258945,0.6296968429627411,8.880536317084617,False,15.096302024399062,352.5042518971239,4176680.0,0.4573728415870979,9178760.593883805
2019-03-27,14087.7490234375,14165.296265768347,13919.729998387327,14061.89994266055,2464400,13905.510498046875,300.5407567934061,14506.592011633687,13304.428984460063,0.6515921894712412,8.645227568901385,False,14.41317096186815,344.8658244316879,4034495.0,0.6108323346540273,9178760.593883805
2019-03-28,13958.5,14061.896296296296,13725.858333333334,14061.896296296296,3347900,13918.43486328125,296.77281222470776,14511.980487730667,13324.889238831835,0.5337506798705781,8.528913348084437,False,13.660761679628704,346.08188626543637,3685310.0,0.9084446084589899,9178760.593883805
2019-03-29,13958.5,14023.122685185186,13790.481018518518,13958.5,2432500,13931.359228515625,292.35559879828475,14516.070426112194,13346.648030919056,0.5232086982393499,8.394173002153927,False,12.962095917549219,337.9790134369529,3488950.0,0.6972011636738847,9178760.593883805
2019-04-01,14126.5185546875,14191.141237920287,13906.801431696018,14113.594018040942,1441800,13926.835595703125,288.3762523034001,14503.588100309926,13350.083091096325,0.6731097458523462,8.282606635849813,False,12.36953981111124,334.1476414931898,3242490.0,0.444658271883645,9178760.593883805
2019-04-02,13803.40625,14113.59515449438,13751.708099250935,14061.897003745316,4272600,13922.31201171875,289.6273226378267,14501.566656994404,13343.057366443096,0.3973631349454561,8.32124211536247,False,11.71786661852777,337.0521282034309,3263895.0,1.3090494639073866,9178760.593883805
2019-04-03,13803.40625,13803.406249999998,13803.406249999998,13803.406249999998,0,13924.896923828124,288.2519870710319,14501.400897970188,13348.39294968606,0.39463153830906106,8.280190184468184,False,11.112741511128833,312.97697618890027,3031805.0,0.0,9178760.593883805
2019-04-04,13700.0126953125,13880.956259212853,13493.220050854952,13777.559936984078,5449400,13922.312158203125,290.11248710359564,14502.537132410316,13342.087183995935,0.3084368367680386,8.335181220100974,False,11.581878981978697,318.3169213438289,3304275.0,1.6491968737468885,9178760.593883805
2019-04-05,13635.38671875,13829.254776362559,13570.764032879148,13829.254776362559,1643800,13929.4205078125,280.6322906473851,14490.68508910727,13368.15592651773,0.2380613360777204,8.058692477263898,False,12.017506633482142,314.0436229252277,3133320.0,0.5246192536989519,9178760.593883805
2019-04-08,13389.8212890625,13751.708350929053,13351.047675291084,13622.462971690999,3209000,13903.57158203125,305.530380082244,14514.632342195739,13292.510821866763,0.07962421541316342,8.789982581946251,False,13.063979407629759,320.23055526185215,3161035.0,1.0151738275596442,9178760.593883805
2019-04-09,13648.3125,13648.3125,13441.519886363636,13519.067116477272,2459400,13910.03388671875,298.2497356093765,14506.533357937502,13313.534415499997,0.2806189281408693,8.57653512675175,False,14.035704126481118,315.82060209582704,3152610.0,0.7801155233282899,9178760.593883805
2019-04-10,13441.5185546875,13583.688462477465,13441.5185546875,13493.21670297476,2554500,13902.925341796876,307.9730413545961,14518.871424506067,13286.979259087684,0.1254487202192168,8.860668781086673,False,14.938023956649179,308.03298375416085,3169385.0,0.8059923297422055,9178760.593883805
2019-04-11,13157.181640625,13519.0687584418,13131.332560780944,13467.370598753685,2979600,13885.477392578125,339.8689706914106,14565.215333960947,13205.739451195303,-0.03571803750686563,9.790631206473986,False,16.62146661796849,313.7260704617819,3082430.0,0.9666399561385011,9178760.593883805
2019-04-12,13157.181640625,13260.577960001228,13157.181640625002,13157.181640625002,1941400,13858.9822265625,374.9893118809983,14608.960850324498,13109.003602800503,0.03211960734482597,10.822997122033508,False,18.18466337490785,298.7025168128138,3081210.0,0.6300771450177041,9178760.593883805
2019-04-15,13415.6689453125,13480.29162809339,13195.951823857478,13247.64997008219,2832600,13836.3640625,387.8371763888456,14612.038415277691,13060.68970972231,0.2288197581362649,11.212112506926033,False,18.477824294099015,300.44590757392643,3091350.0,0.9162987044495123,9178760.593883805
2019-04-16,13661.2373046875,13687.08638189599,13441.520148415326,13544.91645724929,4018500,13808.5763671875,378.9379248813867,14566.452216950272,13050.700517424726,0.4027947238679537,10.976886097594662,False,17.823365078391525,298.37244536032387,3062360.0,1.3122232526548152,9178760.593883805
2019-04-17,13661.2373046875,13661.2373046875,13661.2373046875,13661.2373046875,0,13773.033935546875,355.9409724807898,14484.915880508455,13061.151990585295,0.4214781104854341,10.337329426369617,False,17.215652949520283,277.06012783458647,2767835.0,0.0,9178760.593883805
2019-04-18,13480.2919921875,13932.650783871644,13415.669307661194,13932.650783871644,7925900,13731.029150390625,337.014696655379,14405.058543701383,13056.999757079866,0.31400131753043353,9.817609240041323,False,16.406182826905287,294.1973670042911,2973895.0,2.6651579830491663,9178760.593883805
2019-04-19,13480.2919921875,13480.2919921875,13480.2919921875,13480.2919921875,0,13682.562109375,295.35848223037425,14273.279073835749,13091.84514491425,0.3287926965394104,8.634595768522075,False,15.654531998762792,273.18326936112743,2753315.0,0.0,9178760.593883805
2019-04-22,13480.2919921875,13661.235508861158,13441.518381471717,13480.2919921875,2903800,13656.066845703124,288.09943936064167,14232.265724424407,13079.867966981841,0.34747032664684385,8.438723758921608,False,15.609094194835974,269.36425922029275,2689370.0,1.0797324280407679,9178760.593883805
2019-04-23,14061.8984375,14074.822976505055,13531.992338292739,13596.615033318014,6435400,13655.420654296875,287.1236007603487,14229.667855817572,13081.173452776178,0.8539223022129738,8.410538438301446,False,16.737523886357426,292.5904538700972,2915625.0,2.2072111468381563,9178760.593883805
2019-04-24,14242.83984375,14268.688917876589,13971.424565420826,14087.745398990473,5899100,13663.1751953125,301.16529011271945,14265.505775537938,13060.844615087062,0.981184807369854,8.816846327668886,False,18.220006073592742,292.92430376907333,3087360.0,1.9107263163349917,9178760.593883805
2019-04-25,14307.4638671875,14372.086558547877,14216.99209928297,14294.539328915424,5912500,13680.623388671875,328.0815424007877,14336.78647347345,13024.460303870299,0.9776560073515737,9.592590427493326,False,19.813072077512953,283.07931487591856,3215590.0,1.8386983415174198,9178760.593883805
2019-04-26,14268.689453125,14346.236678413723,14074.821389903193,14307.463065769361,5135100,13696.132861328126,348.59929349010525,14393.331448308336,12998.934274347916,0.9106122720907969,10.18095536950862,False,20.61999830236873,282.2461701355337,3350720.0,1.5325362907076687,9178760.593883805
2019-04-29,14363.5595703125,14443.505170889379,14137.047035344678,14390.208103838127,3397700,13707.984912109376,367.5183508255475,14443.021613760471,12972.94821045828,0.9459468872306122,10.724212294715583,False,21.600721618760936,283.9755962361885,3448515.0,0.9852646718950041,9178760.593883805
2019-04-30,14483.4775390625,14550.098870888914,14310.262076313822,14390.20767450552,5218200,13741.9884765625,406.23325944459117,14554.454995451682,12929.521957673316,0.9563197653447776,11.82458448826204,False,22.757991235097805,280.82282468896733,3495795.0,1.492707667354636,9178760.593883805
2019-05-01,14483.4775390625,14483.4775390625,14483.4775390625,14483.4775390625,0,13775.992041015625,438.8017655474317,14653.595572110487,12898.388509920762,0.9030780830862457,12.741057464057043,False,23.832598735982042,260.7640514968982,3495795.0,0.0,9178760.593883805
2019-05-02,14296.9384765625,14550.09954930685,14150.371539710506,14550.09954930685,3423400,13805.838330078124,453.4191222387149,14712.676574555555,12899.000085600694,0.7707760449424882,13.137025406153644,False,23.25476096772985,270.6900485040014,3394495.0,1.0085152577923961,9178760.593883805
2019-05-03,14190.3447265625,14470.154340889085,14123.723389818077,14443.505806191315,3051700,13833.58623046875,459.38068180140226,14752.347594071554,12914.824866865947,0.6941518822117024,13.283053986090943,False,22.605729593534633,276.10011297307335,3464890.0,0.8807494610218506,9178760.593883805
2019-05-06,14350.234375,14350.234375,13883.885068477251,13910.533600278552,1808300,13881.606884765624,460.7465293971246,14803.099943559873,12960.113825971375,0.7542761911020596,13.276460952161697,False,21.053055520494695,289.6893410837644,3394855.0,0.5326589795440453,9178760.593883805
2019-05-07,14470.1513671875,14536.772690240849,14216.990339584772,14230.314604195442,3089200,13922.698828125,475.26432004913073,14873.227468223262,12972.170188026737,0.7879726690854401,13.65437336298787,False,20.240780237311416,291.838841767501,3426345.0,0.9016021445592899,9178760.593883805
2019-05-08,14470.1513671875,14470.1513671875,14230.314604195442,14350.232985691471,2552100,13974.13046875,476.10883641610855,14926.348141582217,13021.912795917782,0.7604556251104679,13.628292292842668,False,19.48652461721266,288.1244075692551,3426225.0,0.7448722719611234,9178760.593883805
2019-05-09,13910.533203125,14336.909699772508,13803.939078963122,14256.964106651101,4661100,14011.798046875,436.20221974752155,14884.202486370043,13139.393607379956,0.4419622143322583,12.452426684662537,False,18.89729488639951,315.1306847589068,3510300.0,1.3278352277583112,9178760.593883805
2019-05-10,13990.48046875,14110.398872767859,13790.616462053573,14043.777537202383,4656200,14053.46298828125,387.3350952475659,14828.133178776381,13278.792797786118,0.4593488168874845,11.024616368806821,False,18.39058307871244,315.46295089857676,3646040.0,1.2770567519829734,9178760.593883805
2019-05-13,13604.0771484375,14123.723582119246,13604.0771484375,13990.480906816234,2829800,14062.8833984375,373.0339728746171,14808.951344186735,13316.815452688264,0.19251711414886907,10.610454835060771,False,18.472676949449024,330.0474853830889,3645900.0,0.7761595216544612,9178760.593883805
2019-05-14,13604.0771484375,13777.292626331417,13390.888867952683,13590.7528809072,3282700,14060.025390625,376.47623673488016,14812.97786409476,13307.07291715524,0.19722641318488787,10.71054215836363,False,19.108923930959435,334.0729334542064,3609110.0,0.9095594204665416,9178760.593883805
2019-05-15,13510.8056640625,13750.64245099852,13457.508600298941,13617.399791589622,2983300,14052.50380859375,386.23906329804856,14824.981935189848,13280.025681997653,0.14937638628149405,10.994170677594003,False,19.699724699504817,331.1487132574474,3758275.0,0.7937950256434135,9178760.593883805
2019-05-16,13244.3203125,13510.805630658953,13244.3203125,13350.914439763581,5102400,14040.705224609375,407.6493420351659,14856.003908679708,13225.406540539043,0.011599290131643018,11.613358033346431,False,20.775004695066784,326.52990170780834,3617100.0,1.4106328274031683,9178760.593883805
2019-05-17,13230.9951171875,13484.156151655337,13164.373792327542,13244.31938215949,3766600,14028.240380859375,428.94250354280007,14886.125387944976,13170.355373773775,0.035342582579762076,12.230828440267235,False,21.95705460739415,326.0479343949503,3805430.0,0.9897961596981156,9178760.593883805
2019-05-20,13057.7802734375,13230.995726044326,12791.294961734695,13217.671460459185,5965300,14007.114794921876,466.14100709362083,14939.396809109117,13074.832780734634,-0.009145573462553793,13.311549563729287,False,23.794458740824382,334.16599367457036,3958505.0,1.5069578035142055,9178760.593883805
2019-05-21,13177.697265625,13430.85828488372,12951.184774709302,13057.778888081393,6887900,13962.904736328124,501.27746997490414,14965.459676277933,12960.349796378316,0.10839678734093391,14.36026326730428,False,24.58250736585168,344.55938771027377,3981130.0,1.7301369209244613,9178760.593883805
2019-05-22,13004.482421875,13230.994923075692,12977.833892321978,13111.076540087091,2156400,13900.986865234376,539.8750415577712,14980.736948349919,12821.236782118833,0.08485558029661126,15.534869482050087,False,25.314266803377027,338.0309336419481,3793995.0,0.568371861322959,9178760.593883805
2019-05-23,13617.400390625,13644.04892367906,13057.781196489725,13057.781196489725,3830600,13866.48369140625,534.5546353260806,14935.592962058412,12797.37442075409,0.38350896039405363,15.420048722442035,False,24.331469713534226,359.56918851067036,3689900.0,1.0381311146643541,9178760.593883805
2019-05-24,13377.5634765625,13750.642936068227,13377.5634765625,13617.400271959039,2608400,13821.927392578125,536.4009071797169,14894.72920693756,12749.12557821869,0.2928956168474821,15.523186946206796,False,23.054135003520777,360.5342078674601,3563565.0,0.7319636375371292,9178760.593883805
2019-05-27,13244.3203125,13524.129896566901,13230.996046592052,13377.562971579477,2645200,13765.9654296875,535.3022967115668,14836.570023110633,12695.360836264366,0.25637825561741695,15.554369926199024,False,22.2922157952536,355.71989658941646,3525940.0,0.7502112911734176,9178760.593883805
2019-05-28,12951.1875,13430.86111111111,12951.187499999998,13430.86111111111,8817600,13689.350927734375,536.8556719623334,14763.06227165904,12615.639583809709,0.15625611021477395,15.686811589428192,False,22.30715660226134,364.5737333409661,3705910.0,2.379334630360694,9178760.593883805
2019-05-29,13257.64453125,13444.184253297739,12951.186416457287,12951.186416457287,3426400,13628.05927734375,510.76136397375717,14649.582005291264,12606.536549396234,0.31869480924912863,14.991462939198783,False,22.269538063014945,373.7468835909294,3877230.0,0.8837236893349117,9178760.593883805
2019-05-30,13257.64453125,13257.64453125,13257.64453125,13257.64453125,0,13576.094580078125,491.6389000805757,14559.372380239276,12592.816779916973,0.3380671012932799,14.485429434235616,False,22.23460656228615,347.0506776201487,3706060.0,0.0,9178760.593883805
2019-05-31,13510.8056640625,13537.454195944281,13270.96887712648,13270.96887712648,4839900,13542.117626953124,469.9573377390967,14482.032302431318,12602.20295147493,0.48334318863853576,13.881354473062096,False,21.111660566127867,342.2477481254439,3795470.0,1.2751780411912095,9178760.593883805
2019-06-03,13510.8056640625,13510.8056640625,13510.8056640625,13510.8056640625,0,13500.14619140625,429.75107967228854,14359.648350750826,12640.644032061673,0.5062009574614561,12.733227435591878,False,20.068924998266606,317.8014804021979,3705055.0,0.0,9178760.593883805
2019-06-04,13510.8056640625,13510.8056640625,13510.8056640625,13510.8056640625,0,13452.17890625,364.34658120792216,14180.872068665843,12723.485743834155,0.5402273280691524,10.833830972576301,False,19.100670542395434,295.10137465918376,3550595.0,0.0,9178760.593883805
2019-06-05,13510.8056640625,13510.8056640625,13510.8056640625,13510.8056640625,0,13404.21162109375,275.62103560766025,13955.453692309069,12852.96954987843,0.5966853298531293,8.224908510812364,True,18.20157711908649,274.02270504067064,3422990.0,0.0,9178760.593883805
2019-06-06,13510.8056640625,13510.8056640625,13510.8056640625,13510.8056640625,0,13384.225244140625,250.30337281522637,13884.831989771079,12883.618498510172,0.6264270018599749,7.480548728057461,True,17.366704654585327,254.44965468062276,3189935.0,0.0,9178760.593883805
2019-06-07,13510.8056640625,13510.8056640625,13510.8056640625,13510.8056640625,0,13360.24150390625,208.67458925822834,13777.590682422708,12942.892325389794,0.6803815221242998,6.247629257217138,True,16.591465937548534,236.27467934629257,2957125.0,0.0,9178760.593883805
2019-06-10,14150.37109375,14190.343893449859,13324.266566619586,13324.266566619586,6816800,13387.556201171876,269.2370989244816,13926.03039902084,12849.082003322912,1.2083114619282889,8.044398690207979,True,17.390977691350365,281.26058273800544,3156475.0,2.159624264408874,9178760.593883805
2019-06-11,14230.314453125,14363.55709781718,13870.55931245611,13990.477692679073,6395700,13418.86806640625,326.14455834712066,14071.157183100491,12766.57894971201,1.1219990230950867,9.721969296758017,False,18.55230270268708,296.384668639653,3312125.0,1.930995961806997,9178760.593883805
2019-06-12,14270.287109375,14336.908431080765,13963.829029528477,13963.829029528477,2917900,13456.842138671875,377.57233168505275,14211.98680204198,12701.69747530177,1.0386020786221504,11.22320757854464,False,19.630675927499738,301.86286384769835,3308855.0,0.8818458348885038,9178760.593883805
2019-06-13,14256.9638671875,14363.557989558994,14070.424153037384,14070.424153037384,3973100,13507.47431640625,413.73862540119734,14334.951567208644,12679.997065603855,0.9528762271436949,12.252138799884092,False,20.69972064266212,301.2393618958349,3252390.0,1.2215939662832562,9178760.593883805
2019-06-14,14336.908203125,14350.232467254298,14150.368505314824,14150.368505314824,4082700,13562.769970703124,447.37720985074617,14457.524390404616,12668.015551001632,0.9325981606663332,13.194272580516325,False,21.692405021027188,293.998261898952,3268195.0,1.249221665169918,9178760.593883805
2019-06-17,14403.533203125,14470.15454078978,14310.263330394311,14390.208935592045,4506600,13630.0576171875,468.14846167714586,14566.354540541792,12693.760693833208,0.9130503725071087,13.73870822341384,False,22.938284746257338,284.4191867915603,3195260.0,1.4104016574551055,9178760.593883805
2019-06-18,14496.798828125,14496.798828125,14323.583400950713,14336.907664579505,4145600,13696.0126953125,493.30814826269796,14682.628991837895,12709.396398787105,0.9058245011929458,14.407350788497261,False,24.166162619409793,276.47606110461226,3058145.0,1.3555930147197075,9178760.593883805
2019-06-20,14656.693359375,14736.638959517044,14496.802159090908,14709.990426136363,3490900,13778.6232421875,509.4841985994727,14797.591639386445,12759.654844988554,0.9308622915103346,14.790569119838615,False,25.89076064298363,273.85920898228596,3124870.0,1.1171344727940682,9178760.593883805
2019-06-21,14630.0458984375,14709.99150443989,14350.236277429132,14709.99150443989,6968800,13829.255517578125,541.9052164798618,14913.06595053785,12745.4450846184,0.8694328622914875,15.67416888902099,False,26.618042245006603,279.99463884146246,3281780.0,2.123481769039972,9178760.593883805
2019-06-24,14630.0458984375,14696.667236772824,14416.857615764457,14443.506151098587,2413400,13891.879638671875,559.0578509100168,15009.995340491909,12773.763936851841,0.8300938617372339,16.09739978897385,False,27.293375161170793,279.9814232819557,3272030.0,0.7375849243436032,9178760.593883805
2019-06-25,14816.583984375,14856.556782893997,14496.80159622302,14496.80159622302,3467000,13970.492822265625,573.5628413225353,15117.618504910695,12823.367139620555,0.868787472423439,16.422121928538207,False,28.352110350315918,285.67954923831434,3313120.0,1.0464456463997682,9178760.593883805
2019-06-26,14816.583984375,14869.881049066995,14656.69279029901,14816.583984374998,3420900,14063.762646484374,550.2828955889912,15164.328437662356,12963.196855306393,0.8420155995784901,15.651085969558773,False,29.37000210014497,280.5015999190051,3043285.0,1.1240813791675772,9178760.593883805
2019-06-27,14963.1494140625,14976.47367890138,14749.961176640416,14869.879560190338,4111200,14149.037890625,550.9344614331977,15250.906813491396,13047.168967758606,0.869423035055601,15.575178063470757,False,30.59223184317058,276.64523580057363,3077525.0,1.3358786687354287,9178760.593883805
2019-06-28,15029.771484375,15043.095749875332,14856.556032870678,14963.150156873338,3846000,14237.64423828125,542.4668158767356,15322.57787003472,13152.710606527779,0.8650579274667308,15.240353159497722,False,31.893470741357348,270.20912731515085,3269825.0,1.1762097359950456,9178760.593883805
2019-07-01,15362.876953125,15389.52548209833,15056.4188699317,15083.06739890503,4724500,14330.247802734375,569.278427245509,15468.804657225393,13191.690948243357,0.9534815922092238,15.890260519762522,False,33.81806543244595,276.60518948716367,3264055.0,1.447432717892315,9178760.593883805
2019-07-02,15176.3427734375,15402.855352145523,15029.775810744073,15362.882544138225,3191700,14413.524658203125,564.9020042868193,15543.328666776764,13283.720649629486,0.8375886921296294,15.676998310481085,False,35.42404479492267,283.4962146238984,3423640.0,0.9322533911275718,9178760.593883805
2019-07-03,15056.41796875,15176.336341952432,14989.796650304203,15176.336341952432,2440800,14490.8052734375,540.0845728627123,15570.974419162925,13410.636127712074,0.7618167245152347,14.908338430376114,False,36.6345056474986,276.5712080888555,3545680.0,0.6883869948782744,9178760.593883805
2019-07-04,14763.2880859375,15043.097697674584,14723.315284260774,15029.773430449008,3590500,14553.42939453125,490.83964628396353,15535.108687099177,13571.750101963322,0.6068876021909821,13.490693718372848,False,36.09402790001931,280.60917068888193,3725205.0,0.9638395739294885,9178760.593883805
2019-07-05,14936.5009765625,14949.82524148361,14816.582592272525,14856.55538703585,3846200,14624.71416015625,431.3745988628935,15487.463357882038,13761.964962430464,0.6806937735949924,11.798510224237699,False,35.592155705931404,273.88974103582683,3917515.0,0.9817958578333459,9178760.593883805
2019-07-08,14550.09765625,14923.177083333334,14523.44912574405,14923.177083333334,3328600,14676.678759765626,343.8455849170829,15364.369929599792,13988.98758993146,0.4079666069100828,9.371209673395459,True,33.62106382761888,283.82989173458566,4083945.0,0.8150452564860692,9178760.593883805
2019-07-09,14763.2880859375,14816.585154839802,14603.396879230597,14603.396879230597,2388100,14707.324609375,321.0250025662031,15349.374614507407,14065.274604242593,0.5435818675454714,8.731023788284924,True,31.790764226328687,282.59114936710114,3862510.0,0.6182767164356856,9178760.593883805
2019-07-10,14936.5009765625,14936.500976562502,14763.285532588092,14923.176711641392,3185800,14742.633935546875,304.192818092093,15351.019571731062,14134.248299362689,0.6593290747555817,8.253418471135882,True,30.563613695172283,274.7785989819089,3702015.0,0.8605583715895262,9178760.593883805
2019-07-11,14923.17578125,14936.5000453404,14776.608876255581,14816.581668526786,2023000,14775.278369140626,285.27943770418494,15345.837244548995,14204.719493732257,0.6296074940588023,7.723155681452716,True,29.424116773384192,266.5724205051239,3657270.0,0.5531448320741974,9178760.593883805
2019-07-12,14843.232421875,14923.178018402154,14816.583889699281,14923.178018402154,3124800,14804.591796875,258.03764345912776,15320.667083793256,14288.516509956744,0.5374370038437052,6.971827308702844,True,28.36601248886668,255.14539966210594,3614855.0,0.8644330132190641,9178760.593883805
2019-07-15,14936.5009765625,14949.82524148361,14896.528181799176,14923.176711641392,3284300,14834.571435546875,234.6084752498202,15303.788386046515,14365.354485047235,0.6086166440780605,6.3259926656902765,True,27.50279608826853,244.53450108685624,3574935.0,0.9187020183583757,9178760.593883805
2019-07-16,14816.583984375,14976.475178450988,14603.395725607013,14976.475178450988,3255000,14855.223974609375,211.7322837574299,15278.688542124235,14431.759407094514,0.45437635967852413,5.70122090705126,True,25.938016741334852,253.71628335522183,3512355.0,0.9267286478730082,9178760.593883805
2019-07-17,14923.17578125,15016.445629882812,14816.581668526786,14843.23019670759,3404400,14876.542822265625,194.50877896615444,15265.560380197934,14487.525264333315,0.5599368306564837,5.229945728386161,True,24.28222989248623,249.86968892670788,3475295.0,0.9796002929247732,9178760.593883805
2019-07-18,14536.775390625,14896.530601942026,14523.451123539186,14896.530601942026,4114600,14870.546923828126,203.29247042676081,15277.131864681647,14463.961982974604,0.08954267649158684,5.4683253136039225,True,23.96122879637275,260.57361526842976,3506480.0,1.1734274828317857,9178760.593883805
2019-07-19,14536.775390625,14643.369527311526,14496.802589367553,14590.072458968265,3625700,14865.8833984375,210.0571934514795,15285.997785340458,14445.769011534541,0.10831142889600703,5.652060838135124,True,23.759741571127275,252.43028117382573,3339325.0,1.0857583493670129,9178760.593883805
2019-07-22,14177.01953125,14496.801926691729,14150.370998296523,14470.153393738252,4289000,14843.232080078125,256.1875261492965,15355.60713237672,14330.857027779532,-0.15012196226123103,6.903820536314043,True,24.648204900362412,261.9998605420151,3433105.0,1.249306385910131,9178760.593883805
2019-07-23,14390.2041015625,14390.2041015625,14163.69162959346,14163.69162959346,2978400,14821.9130859375,275.5323231229831,15372.977732183466,14270.848439691534,0.10829551730822902,7.435809980140778,True,25.47320656322361,259.4650470725168,3408675.0,0.8737706000132016,9178760.593883805
2019-07-24,14376.8818359375,14470.151690294831,14363.557571029309,14443.50316047845,2459400,14799.927978515625,292.97033043704806,15385.86863938972,14213.98731764153,0.13900257242172567,7.918155571090328,False,25.766278505313153,248.54569508630297,3360600.0,0.7318336011426531,9178760.593883805
2019-07-25,14363.5595703125,14456.829437652192,14350.235303549687,14456.829437652192,3295100,14769.948486328125,305.78642593455834,15381.521338197243,14158.375634459007,0.16775101709174944,8.281313268427754,False,26.08192728850951,238.40629787317454,3319795.0,0.9925612876698712,9178760.593883805
2019-07-26,14137.0458984375,14443.504009336712,14123.72163274623,14336.909883806551,1964900,14725.31220703125,330.05670759064674,15385.425622212542,14065.198791849956,0.05442027455828308,8.965696698316423,False,27.05685184304134,244.21887492441073,3225740.0,0.6091315481098911,9178760.593883805
2019-07-29,13630.7236328125,14137.045722789895,13604.075101761058,14137.045722789895,3932800,14638.704541015624,377.7655050550951,15394.235551125814,13883.173530905435,-0.16706786003139468,10.322375289333783,False,29.049137096924646,264.84401219241295,3186155.0,1.234340451107997,9178760.593883805
2019-07-30,13590.7548828125,13710.67330824908,13590.7548828125,13644.051960784313,4539500,14559.425146484375,422.70232954188185,15404.829805568139,13714.02048740061,-0.07290331515425028,11.613159868305678,False,30.92139092652192,254.49218456699626,3253545.0,1.3952473379037327,9178760.593883805
2019-07-31,13284.294921875,13524.131740925903,13257.6463864249,13524.131740925903,6533500,14470.818994140625,492.939739472228,15456.698473085082,13484.939515196169,-0.10175918943763362,13.625759251686425,False,33.16204114305501,260.1076354113251,3458180.0,1.8892885853252288,9178760.593883805
2019-08-01,13031.130859375,13417.534535164239,13017.806594692613,13257.643358975589,5933100,14384.2111328125,582.8219675410392,15549.855067894578,13218.567197730421,-0.08040034041022258,16.20726954463388,False,35.535173094622664,270.0805143442038,3575310.0,1.659464493987934,9178760.593883805
2019-08-02,13097.7509765625,13177.696557294317,12951.184078554172,12951.184078554172,6272600,14292.2736328125,633.9040710716935,15560.081774955886,13024.465490669112,0.028902435414829276,17.741168056462715,False,37.81434619407021,266.96851180105676,3696630.0,1.696842800063842,9178760.593883805
2019-08-05,12724.6748046875,13097.75427540085,12711.350537876307,13097.75427540085,4959800,14201.002490234376,720.3485079288484,15641.699506092073,12760.305474376679,-0.012365774794073081,20.290074828849907,False,40.183556591705205,275.4995993527343,3778190.0,1.3127449916494407,9178760.593883805
2019-08-06,12125.0830078125,12524.811019059067,12045.137405563188,12524.811019059067,8463100,14069.092236328124,843.0648282896542,15755.221892907433,12382.962579748815,-0.07647086062749217,23.96927432497052,False,42.89221183496787,304.35944219356134,4081940.0,2.073303380255467,9178760.593883805
2019-08-07,12151.7294921875,12458.187582451,12111.756697805304,12391.566258480674,6163900,13929.853662109375,918.8248257608936,15767.503313631163,12092.204010587588,0.01619609090084673,26.384335343312078,False,45.40739170371177,307.3645452258567,4230845.0,1.4568957265038072,9178760.593883805
2019-08-08,12364.919921875,12418.216990503772,12205.028715988685,12205.028715988685,4011800,13801.940869140624,950.7791064259021,15703.499081992428,11900.38265628882,0.12214647504519564,27.554939278191586,False,47.742915867545385,304.4447561608864,4330285.0,0.9264517231544805,9178760.593883805
2019-08-09,12351.59375,12511.484931229774,12298.296689590075,12418.215075512406,2970500,13677.358935546876,970.1991868127146,15617.757309172304,11736.960561921447,0.15837809298153965,28.373875143137695,False,49.38814664159648,297.92643369508727,4322570.0,0.6872069162558385,9178760.593883805
2019-08-12,11565.4638671875,12351.595627745175,11525.491065803211,12324.947093488983,12763700,13508.807080078124,1030.8634684323051,15570.534016942735,11447.080143213514,0.028709845580719602,30.524189510487652,False,51.476462204727504,335.6534428555784,4796540.0,2.661022320255851,9178760.593883805
2019-08-13,11312.2998046875,11578.785076882728,11298.975541077738,11565.460813272968,9243100,13333.59287109375,1092.8300710407684,15519.253013175286,11147.932729012213,0.03760124287181045,32.78426397463939,False,53.53493014067153,331.664592351965,5095945.0,1.8138147095386625,9178760.593883805
2019-08-14,11498.841796875,11578.787394535775,11418.896199214223,11458.86899804461,3772300,13162.376171875,1098.911141312332,15360.198454499663,10964.553889250335,0.12154938819407454,33.39552454549825,False,55.446353563204674,327.00909217313,5114340.0,0.7375927294626482,9178760.593883805
2019-08-15,11059.1396484375,11272.327882624248,10979.19406061747,11192.382294804218,6923800,12988.494384765625,1144.1945311408688,15276.883447047363,10700.105322483887,0.07844695901395854,35.23717213853239,False,57.43182652374988,340.7689953220157,5254800.0,1.317614371622136,9178760.593883805
2019-08-16,10925.8984375,11405.572027439024,10872.60137195122,11032.492568597561,11691500,12807.950537109375,1171.5856939433531,15151.121924996081,10464.779149222668,0.0983964063962929,36.58932599868608,False,58.66617352882621,354.4976853338578,5658090.0,2.066333338635476,9178760.593883805
2019-08-19,11032.4912109375,11139.085328917572,10979.194151947462,11059.139740432518,2639300,12650.72412109375,1189.0542619000946,15028.832644893939,10272.615597293561,0.15976470502482928,37.596401613642705,False,59.812352890682796,344.40405719698026,5575605.0,0.47336567063125884,9178760.593883805
2019-08-20,10952.544921875,11125.760352512925,10925.89639408455,11112.4360886177,4671300,12478.841162109375,1172.7228253207159,14824.286812750806,10133.395511467943,0.1746255365548625,37.59076055496433,False,60.914844617172214,334.0797644277942,5660250.0,0.8252815688352988,9178760.593883805
2019-08-21,10672.736328125,11019.167220174,10672.736328125,10925.897364622348,5765200,12293.63388671875,1149.4556892679595,14592.545265254668,9994.722508182831,0.14746410546150931,37.400029962166265,False,62.11111600626021,334.96198782930895,5825540.0,0.9896421619283362,9178760.593883805
2019-08-22,10646.087890625,10739.357746988422,10472.872443092929,10712.709216598872,5291300,12107.760302734376,1096.4669323114829,14300.694167357342,9914.82643811141,0.16673130556067114,36.22360882264445,False,63.34417008222362,330.0707961197507,5925350.0,0.8929936628216055,9178760.593883805
2019-08-23,10925.8984375,10965.871236661585,10592.79177782012,10659.413109756097,6016300,11947.2029296875,1015.8164716691074,13978.835873025715,9915.569986349286,0.24864935727283097,34.01018556887198,False,63.393598434863584,333.142843457016,6127920.0,0.9817850102481755,9178760.593883805
2019-08-26,10726.0341796875,10752.682711810947,10579.46725300854,10712.709913625777,5070500,11801.96845703125,969.018198062304,13740.004853155857,9863.932060906642,0.22241639024549795,32.8425957615568,False,63.45333616766539,334.09201067376193,6184805.0,0.8198318297828306,9178760.593883805
2019-08-27,11032.4912109375,11032.4912109375,10726.033121744791,10726.033121744791,10417700,11674.0552734375,885.7358463238428,13445.526966085185,9902.583580789815,0.31891777747204575,30.348865945125237,False,62.234762787761895,332.118159139401,6478715.0,1.607988621200346,9178760.593883805
2019-08-28,11139.0859375,11338.949919632178,10979.194751794259,11085.788875598086,7013200,11566.79482421875,806.85406576727,13180.50295575329,9953.08669268421,0.36747637991015614,27.90242510666362,False,59.915820166918344,334.0922311892951,6502700.0,1.0785058514155659,9178760.593883805
2019-08-29,11019.1669921875,11112.436845809403,10925.897138565599,11032.49125699063,2333700,11466.196630859375,737.0807451973503,12940.358121254076,9992.035140464674,0.3483783352147585,25.71317303991175,False,57.86698486801795,325.456271742517,6322730.0,0.3690968932723681,9178760.593883805
2019-08-30,11152.41015625,11259.004279607228,10979.194705794505,11059.140298312426,5118700,11368.92958984375,631.1954946631948,12631.32057917014,10106.53860051736,0.4142423245157648,22.207736961518815,True,55.41996267363446,322.1957933189603,6265035.0,0.8170265609050867,9178760.593883805
2019-09-02,10979.1962890625,11152.411764496737,10939.223487039213,11152.411764496737,2750300,11281.6556640625,549.2223925419139,12380.100449146328,10183.210878978673,0.36232381494855104,19.473113127941012,True,53.239260225259585,314.4095421860006,6154560.0,0.44687191285810846,9178760.593883805
2019-09-03,10872.6005859375,11085.78883272059,10752.682197122014,11032.491771024817,2712600,11219.03154296875,518.539459738862,12256.110462446475,10181.952623491026,0.33297753405029473,18.487851032519607,True,51.63146762981147,315.7450488583273,5867035.0,0.4623459720284607,9178760.593883805
2019-09-04,10899.25,11085.789731051344,10859.277200488998,11085.789731051344,3787200,11156.407568359375,473.6576479432887,12103.722864245952,10209.092272472797,0.36427033877949533,16.982443319357625,True,50.138513597201666,309.3712975514715,5748200.0,0.6588497268710205,9178760.593883805
2019-09-05,11205.70703125,11245.679826843043,10805.97907531956,10952.545992494055,4528000,11098.446923828125,379.5717381609539,11857.590400150033,10339.303447506218,0.5706454779415058,13.680174920547541,True,48.08223982733932,318.6805442637581,5774010.0,0.7842036989890908,9178760.593883805
2019-09-06,11498.841796875,11552.138861982183,11338.950601553446,11352.274867830243,6431400,11055.809326171875,260.66707699362934,11577.143480159133,10534.475172184617,0.9249025958828252,9.430954145584428,True,45.05476178305694,320.6627790115028,5947055.0,1.0814428317881708,9178760.593883805
2019-09-09,12418.21484375,12418.21484375,11538.813363398604,11538.813363398604,10139700,11098.446875,387.3690615643555,11873.18499812871,10323.708751871289,1.3517510171180391,13.961198929083684,True,43.557952904853224,363.4277981446097,5815855.0,1.7434581845661559,9178760.593883805
2019-09-10,12231.6767578125,12444.865023743872,12045.137025122549,12418.216490502451,5829000,11144.41572265625,461.5337816200861,12067.483285896422,10221.348159416077,1.0889390324472688,16.565562272835983,True,42.21823712488581,366.02066960723215,5645150.0,1.032567779421273,9178760.593883805
2019-09-11,12524.8095703125,12578.10663231383,12244.99999480552,12444.863977310506,5381100,11195.714111328125,551.2900678317485,12298.294246991622,10093.133975664628,1.1027205715004873,19.69646821452642,False,41.229180296360994,364.62132709966767,5725590.0,0.9398332748240793,9178760.593883805
2019-09-12,12284.9736328125,12671.377358790334,12218.352300747358,12578.107493899133,6808700,11257.005810546874,601.1915498354239,12459.388910217722,10054.622710876027,0.927471004269368,21.362396358440446,False,40.48752912868228,370.935879309904,5719835.0,1.1903665053275139,9178760.593883805
2019-09-13,12138.4052734375,12418.21483517426,11991.838360146818,12418.21483517426,2191700,11317.63115234375,626.6417843349382,12570.914721013627,10064.347583673874,0.8274494861385783,22.14745385849292,False,39.024353258483785,374.89592186115675,5244845.0,0.4178769820652469,9178760.593883805
2019-09-16,12298.2978515625,12298.297851562502,11645.408799854416,12258.325052478333,3955500,11380.921484375,659.3939664895654,12699.70941735413,10062.13355139587,0.8478104190395325,23.175415712861383,False,36.63626911660433,394.7525739930802,5310655.0,0.7448233786604477,9178760.593883805
2019-09-17,12178.37890625,12298.297298105854,11831.947996444202,12298.297298105854,4603500,11442.21318359375,674.2834820972954,12790.780147788342,10093.64621939916,0.7729437032798411,23.571785327828263,False,34.41876241343055,399.8666655020244,5307265.0,0.8673959186134478,9178760.593883805
2019-09-18,12005.1630859375,12151.730004855715,11871.920432375486,12151.730004855715,1713700,11508.834521484376,659.9264703281601,12828.687462140697,10188.981580828055,0.6880241916218014,22.936344044089886,False,32.35964904619775,393.1946518143451,5104690.0,0.3357108854798235,9178760.593883805
2019-09-19,11592.1123046875,11925.218980109556,11538.815236619972,11885.24617905891,4524700,11556.1357421875,627.9629267079154,12812.06159560333,10300.20988877167,0.5143227255025254,21.73608689677943,False,30.599559975929225,398.41988020742957,5066360.0,0.8930869499996053,9178760.593883805
2019-09-20,11725.3544921875,11725.354492187498,11432.220629882811,11592.11182750355,5820000,11596.108544921875,610.9479577730799,12818.004460468035,10374.212629375716,0.5528874618620255,21.07424073882523,False,29.239598656162595,390.89945035723366,5056545.0,1.1509835272898787,9178760.593883805
2019-09-23,11778.6494140625,11805.297942148614,11618.758245545814,11725.352357890271,1129300,11648.739306640626,576.4127980482107,12801.564902737047,10495.913710544204,0.5563442154050718,19.79313925309029,False,27.71756299657686,376.3023250890599,4859485.0,0.23239088092668256,9178760.593883805
2019-09-24,11298.9765625,11645.40744767099,11139.085384728774,11618.758918042453,6501800,11662.06357421875,564.372222306985,12790.80801883272,10533.319129604779,0.33916332281798073,19.357542298247782,False,27.446476182168677,395.1067325351074,4663690.0,1.394132114270031,9178760.593883805
2019-09-25,11259.001953125,11405.568842455623,11085.78653846154,11192.3806397929,2222800,11668.059375,559.136466266623,12786.332307533246,10549.786442466755,0.3171030479346599,19.168104936614544,False,27.305395219650766,389.7264162107486,4424170.0,0.502421923208195,9178760.593883805
2019-09-26,11112.4375,11365.59854616307,11085.78896882494,11259.00442146283,4031000,11672.722900390625,553.803002424739,12780.328905240103,10565.116895541147,0.24707368958930173,18.977680088891898,False,27.174391468741277,381.875213434133,4509035.0,0.8939828588600444,9178760.593883805
2019-09-27,10912.572265625,11072.463434352107,10766.005360958487,11072.463434352107,5454300,11660.731005859376,568.0754707796505,12796.881947418677,10524.580064300075,0.17074852782871813,19.486787594849737,False,27.713366384402377,379.34356526323165,4525815.0,1.2051531050208637,9178760.593883805
2019-09-30,10965.8701171875,11085.788502430134,10832.627466917907,10859.275996971824,3090800,11660.064697265625,568.9241127173168,12797.91292270026,10522.21647183099,0.19495290999247417,19.51701392705769,False,28.16055285897929,370.3305274238741,4542840.0,0.680367347298166,9178760.593883805
2019-10-01,10952.544921875,11152.408880303376,10939.220657979775,11005.8419774559,2131500,11664.0619140625,563.3538303714322,12790.769574805365,10537.354253319636,0.18424950988689437,19.319301784303388,False,28.298721964178927,359.10607705956886,4513785.0,0.4722200990964346,9178760.593883805
2019-10-02,10766.0068359375,11045.816419544786,10766.0068359375,10939.222292456296,2282400,11657.399755859375,573.5696717237632,12804.539099306901,10510.260412411848,0.11147138531446882,19.680878540189696,False,28.80147050232203,353.4420418129772,4438545.0,0.5142225661787816,9178760.593883805
2019-10-03,10766.0068359375,10925.898026570236,10619.439911190826,10659.41270884901,2102600,11635.41474609375,599.6292453297025,12834.673236753155,10436.156255434344,0.13752272052782794,20.61393627695174,False,29.563747739240767,350.0860470677224,4317275.0,0.4870201689723263,9178760.593883805
2019-10-04,10766.0068359375,10912.573760684174,10766.0068359375,10792.655367709622,1457900,11598.772998046876,630.0340423143405,12858.841082675557,10338.704913418194,0.16955509298738553,21.727610064286367,False,30.27157660209388,335.5489669019332,4068600.0,0.35832964656147076,9178760.593883805
2019-10-07,10872.6005859375,10952.54617848116,10766.006462545956,10885.924851361444,1672800,11521.49228515625,618.9256505363783,12759.343586229006,10283.640984083493,0.2378959416787776,21.487690490710932,False,30.73128583567561,324.90544897573824,3645255.0,0.45889793718134947,9178760.593883805
2019-10-08,10999.3173828125,11176.067847554852,10876.95167645241,10999.3173828125,4254400,11459.87431640625,605.704436300317,12671.283189006885,10248.465443805617,0.30990855193051614,21.141747966054915,False,30.116437437773808,323.3741498787107,3566525.0,1.1928698102494726,9178760.593883805
2019-10-09,10904.14453125,11135.279764456049,10876.952150872818,10972.125482192956,3181200,11378.841064453125,562.6113999434025,12504.06386433993,10253.61826456632,0.2890655373980699,19.777458767781546,False,29.54550678257928,318.7279687147479,3456530.0,0.9203449702447252,9178760.593883805
2019-10-10,10958.52734375,11094.48922146402,10904.142592664391,10958.52734375,4893100,11312.51875,527.2428065472476,12367.004363094495,10258.033136905504,0.3321497221706158,18.64280866883859,False,29.015356888470077,309.5578730065251,3360750.0,1.4559547720002977,9178760.593883805
2019-10-11,11053.703125,11121.68407902829,10985.72217097171,11012.914552583026,2380800,11258.283642578124,492.4579920459008,12243.199626669926,10273.367658486322,0.3961431630299058,17.496734233394356,False,28.383920931839565,299.1006488830797,3370205.0,0.7064258702363803,9178760.593883805
2019-10-14,11216.857421875,11312.030757575756,11108.087895359848,11108.087895359848,2898600,11204.21162109375,427.31681279152957,12058.845246676809,10349.57799551069,0.5073983753989456,15.25557807162572,False,26.876201438949504,296.18829057541376,3317360.0,0.8737670919044059,9178760.593883805
2019-10-15,11366.4140625,11393.606440639953,11189.663604590312,11257.644549940193,2733800,11163.61337890625,363.7333391769189,11891.080057260087,10436.146700552412,0.6393882975180815,13.032817487721186,True,25.11449183379713,289.5993295378585,3223875.0,0.8479857314567097,9178760.593883805
2019-10-16,11067.2978515625,11407.202576733338,11012.913095535165,11366.414009712837,4013500,11116.7201171875,305.2891735334209,11727.298464254342,10506.14177012066,0.459528317813414,10.984864971509525,True,24.171596710688405,297.0771975135953,3338865.0,1.2020551894131688,9178760.593883805
2019-10-17,11080.896484375,11189.666020417946,10985.723140337424,11067.300292369633,2854100,11091.159326171875,284.053982086301,11659.267290344478,10523.051361999273,0.4909675251500635,10.244338710959369,True,23.397791928906656,290.42474626837577,3255335.0,0.8767454040828363,9178760.593883805
2019-10-18,11339.220703125,11366.41307891187,11080.89313314973,11080.89313314973,7225000,11071.85263671875,249.72854768286854,11571.309732084486,10572.395541353013,0.767658692695581,9.022105184264007,True,21.856031485216633,290.07440337507325,3325585.0,2.172550092690459,9178760.593883805
2019-10-21,11298.43359375,11407.203110898014,11230.45264553249,11352.818352324008,2085600,11047.841845703126,195.3632900588634,11438.568425820853,10657.115265585398,0.8206740477847324,7.073355784318978,True,20.34464029803821,281.97983637439114,3373400.0,0.6182486512124267,9178760.593883805
2019-10-22,11692.72265625,11692.72265625,11325.62554960029,11325.62554960029,4523100,11067.529150390625,237.33390884481742,11542.19696808026,10592.86133270099,1.1585589780474257,8.577665551897491,True,20.052689806152625,290.0019239547918,3274465.0,1.3813248881878413,9178760.593883805
2019-10-23,11760.705078125,11787.897459808526,11475.185070447977,11692.724123916185,3583400,11092.614306640626,281.11301649218535,11654.840339624996,10530.388273656255,1.0941478447183066,10.136943689600603,True,20.100151311297374,291.62410005520303,3342495.0,1.0720734062429413,9178760.593883805
2019-10-24,11923.8603515625,11923.8603515625,11665.532704265252,11787.898431932368,3223100,11133.18544921875,337.1024136736034,11807.390276565957,10458.980621871544,1.086375883316364,12.111624843085991,False,20.573071949445172,289.24578200106345,3302100.0,0.9760758305320857,9178760.593883805
2019-10-25,11529.568359375,11896.665465156988,11475.183602962854,11883.069276053951,4676500,11164.03525390625,344.0117603933935,11852.058774693036,10476.011733119463,0.7656399777225251,12.325713868487647,False,20.084665188757974,300.6337081866765,3263210.0,1.4330980844015555,9178760.593883805
2019-10-28,11665.53125,11719.91601107226,11447.992205710954,11447.992205710954,1013200,11199.018310546875,358.08630701338325,11915.190924573642,10482.845696520108,0.8256986725798543,12.789917726133176,False,19.50506199166783,298.5830008420072,3159330.0,0.3207009081039334,9178760.593883805
2019-10-29,11597.5478515625,11692.721163357268,11488.77835236848,11679.124975958015,3549000,11231.26845703125,363.7209374834284,11958.710331998107,10503.826582064394,0.7517585302247949,12.953868527849979,False,18.966859022941268,291.822987281063,3230205.0,1.0986918786888138,9178760.593883805
2019-10-30,11801.4912109375,11815.087398968535,11515.971262285788,11611.144578503025,3288600,11283.04267578125,367.68405383017904,12018.410783441608,10547.67456812089,0.8525095321346898,13.03492557444291,False,18.938253142039255,292.34392652404046,3280515.0,1.0024645520596613,9178760.593883805
2019-10-31,11787.8974609375,11910.263178525087,11706.32031587911,11801.493651780565,4143700,11334.13720703125,363.02667564142445,12060.1905583141,10608.0838557484,0.8124840985201086,12.811797457903278,False,19.25520871482313,286.02956481846456,3382570.0,1.2250152990182022,9178760.593883805
2019-11-01,11692.72265625,11801.492169331395,11651.934088844477,11760.703601925872,2095400,11380.472998046875,345.4097698134838,12071.292537673842,10689.653458419907,0.725999440006963,12.140436337672899,False,19.24048154749121,276.28160165192554,3414445.0,0.6136868510109257,9178760.593883805
2019-11-04,11733.5126953125,11855.878412876593,11638.339359429316,11801.493649514774,1998700,11423.518603515626,332.1773805181183,12087.873364551862,10759.16384247939,0.7333046363010605,11.63135079644864,False,19.437231154348588,272.08570535159356,3430740.0,0.5825856812232929,9178760.593883805
2019-11-05,12644.45703125,12644.457031250002,11774.300848454302,11774.300848454302,8621400,11505.7755859375,414.9771189608045,12335.729823859108,10675.82134801589,1.1859905000087798,14.426741278284435,False,21.638857509517585,317.71846467915844,3649090.0,2.362616433138125,9178760.593883805
2019-11-06,12426.916015625,12671.647403241248,12263.761757214168,12671.647403241248,2953900,11581.91416015625,437.8483450212106,12457.610850198671,10706.217470113828,0.9824740489928173,15.121795550082155,False,23.730393649623434,324.15897763258147,3637725.0,0.8120185005738476,9178760.593883805
2019-11-07,11991.8388671875,12562.87881324405,11896.665542844743,12318.147407791243,3419700,11633.579736328125,421.06086563774863,12475.701467603623,10791.458005052627,0.7127121991714587,14.47743085725898,False,23.92834043140094,348.591427115919,3564055.0,0.9594969774596632,9178760.593883805
2019-11-08,12658.052734375,12671.648924207842,12032.628002064313,12127.8013308942,4479000,11713.797216796875,456.1361728098851,12626.069562416646,10801.524871177104,1.017529399039618,15.576031046732272,False,24.369885018346928,372.2499006805207,3668965.0,1.2207802472904483,9178760.593883805
2019-11-11,12685.24609375,12685.246093749998,12508.49561227224,12658.05371198419,2922900,11787.216650390625,488.9354413814907,12765.087533153606,10809.345767627643,0.9591758785280458,16.59205751055022,False,24.812668288431446,358.28565645175195,3670180.0,0.7963914576396798,9178760.593883805
2019-11-12,12943.5732421875,12970.765622948398,12508.49515001313,12685.245624958969,3901500,11866.074609375,541.8202093748162,12949.715028124632,10782.434190625369,0.997166132865264,18.26451382487487,False,25.864982636373437,365.7131433434317,3728565.0,1.0463811144501973,9178760.593883805
2019-11-13,12630.859375,12997.956472012918,12549.282242330464,12997.956472012918,2906900,11944.252685546875,533.2338700639616,13010.720425674797,10877.784945418953,0.8219069192710727,17.85742094050639,False,26.898637588912486,371.63893522479043,3673235.0,0.791373271789036,9178760.593883805
2019-11-14,12195.78125,12617.263099219621,12100.607929208472,12562.878344481605,3469800,11999.996923828125,495.1428890036764,12990.282701835476,11009.711145820773,0.5988524376093897,16.504767197747586,False,25.967307550763426,382.96840026527167,3704020.0,0.9367660001835844,9178760.593883805
2019-11-15,12168.5888671875,12358.935508685407,12141.396489830657,12331.743131328563,1778800,12041.46533203125,471.0329400722042,12983.531212175658,11099.399451886842,0.5674706184756226,15.64703055928647,False,25.10250108676787,371.15201587880586,3431710.0,0.5183421676074027,9178760.593883805
2019-11-18,11910.26171875,12263.762637343038,11774.299826983448,12168.58931310645,3032100,12072.05673828125,439.0162521476735,12950.089242576596,11194.024233985903,0.40786501710372547,14.546527130063103,False,23.554345738086603,379.60278691314755,3479035.0,0.8715347790407397,9178760.593883805
2019-11-19,12209.3779296875,12209.3779296875,11937.454145061942,12019.03128044961,1451600,12097.889501953125,430.64127540620814,12959.172052765542,11236.606951140708,0.5647223304531204,14.238558728336354,False,22.11677291431114,373.85374577202987,3325460.0,0.4365110390742935,9178760.593883805
2019-11-20,12331.744140625,12331.744140625,12046.224155009648,12209.378432504136,1223700,12126.441455078126,426.0143702417643,12978.470195561655,11274.412714594597,0.6204787325779435,14.052411725893904,False,20.70173380562816,367.5441914751243,3207475.0,0.3815150546769655,9178760.593883805
2019-11-21,12019.03125,12263.762655542985,11964.64649321267,12236.57027714932,2215800,12131.2,424.15995015876933,12979.51990031754,11282.880099682461,0.4338877055943081,13.985754093866056,False,19.338061871844815,367.51229547063906,3157110.0,0.7018444083354713,9178760.593883805
2019-11-22,12372.533203125,12630.860819453985,11937.455112465661,12073.417015796704,2530000,12173.3482421875,402.56239794822403,12978.473038083948,11368.223446291051,0.6236981906113835,13.227663907719952,False,18.97753662440618,390.79039629333084,3049785.0,0.8295666743721278,9178760.593883805
2019-11-25,12154.9921875,12440.512138213087,12059.818870595638,12372.531197567114,2635300,12197.8212890625,384.5402892667045,12966.901867595909,11428.740710529091,0.4721556474328265,12.610130289792409,False,18.64276318035602,390.0691728164822,3130890.0,0.8417095458479857,9178760.593883805
2019-11-26,11624.740234375,12372.530541849415,11624.740234375,12372.530541849415,8038300,12199.180908203125,382.34802082221375,12963.876949847552,11434.484866558698,0.12439934134298045,12.536842389643073,False,17.735522485814254,415.62068243490603,3355355.0,2.395663052046654,9178760.593883805
2019-11-27,11747.1064453125,11937.453077528213,11665.529317220053,11855.875949435764,3046300,12196.461669921875,385.5055813000727,12967.47283252202,11425.45050732173,0.20859356750816885,12.643194124105078,False,16.893084698025472,408.27012248621367,3343240.0,0.9111819671935009,9178760.593883805
2019-11-28,11366.4140625,11883.069247159092,11203.259793660289,11883.069247159092,2644900,12175.3875,419.07469601884407,13013.53689203769,11337.238107962312,0.017404984609459776,13.767929637355506,False,17.313921092061452,427.66578898711293,3268300.0,0.8092586359881284,9178760.593883805
2019-11-29,11380.009765625,11679.125912391726,11380.009765625,11475.183085050776,2102100,12159.75185546875,443.1715443893016,13046.094944247354,11273.408766690147,0.06013529088479225,14.57830882264226,False,17.70469774366629,419.4547933374425,3268635.0,0.6431124919117613,9178760.593883805
2019-12-02,11815.08984375,11815.089843750002,11380.011736730437,11380.011736730437,2005100,12163.830712890625,439.4014275714975,13042.63356803362,11285.027857747631,0.3015818524600264,14.44944238185891,False,17.562672958337643,420.5708851079824,3268955.0,0.6133764459896205,9178760.593883805
2019-12-03,11502.3759765625,11842.280704002289,11447.991220172133,11747.107380319148,1514100,12106.72666015625,447.7841309112484,13002.294921978746,11211.158398333753,0.1625881524855035,14.794556562837908,False,17.32956998945667,418.69364215956625,2913590.0,0.519668175687039,9178760.593883805
2019-12-04,11257.6435546875,11475.182560575182,11257.6435546875,11420.79780910326,2869300,12048.263037109375,479.02109184771,13006.305220804794,11090.220853413955,0.0873775205950491,15.90340749939791,False,17.630516318489747,406.2678407106687,2909360.0,0.9862306486649984,9178760.593883805
2019-12-05,11312.0283203125,11570.355890127328,11244.047380887545,11393.605447622445,3220200,12014.272509765626,506.56291106924044,13027.398331904107,11001.146687627144,0.15342696133692177,16.865371104492212,False,17.53205175830524,400.5564598913197,2899385.0,1.1106493273573534,9178760.593883805
2019-12-06,11597.5478515625,11624.740226361006,11257.643166581183,11380.008853174459,2316200,11961.247265625,490.88998699895404,12943.027239622907,10979.467291627092,0.31477549772100233,16.416013350370402,False,17.223985904797992,398.16650274049846,2791245.0,0.8298089203921547,9178760.593883805
2019-12-09,11611.1455078125,11747.107399004684,11570.356940454845,11597.549318693284,1572900,11907.542236328125,465.6178092566484,12838.777854841423,10976.306617814827,0.34085835924703056,15.641105444450787,False,16.457084357333727,382.3510710125942,2723745.0,0.577476966456111,9178760.593883805
2019-12-10,11583.953125,11679.12644879695,11502.375990316901,11502.375990316901,1754200,11839.56123046875,401.19035161545287,12641.941933699654,11037.180527237844,0.34071893526383096,13.55423039100474,False,15.974406097397223,367.66531297455526,2616380.0,0.6704683570429372,9178760.593883805
2019-12-11,11312.0283203125,11747.106332632211,11312.0283203125,11747.106332632211,2834700,11773.619677734376,371.5750768210025,12516.769831376381,11030.46952409237,0.18943600754186474,12.623987762190254,False,16.131598751577137,372.48050578492354,2612770.0,1.0849405037565496,9178760.593883805
2019-12-12,11121.681640625,11352.816833645325,11121.681640625,11312.02827017115,4193900,11719.914697265625,384.7357965071179,12489.386290279861,10950.44310425139,0.11127021317500557,13.13101012917374,False,16.814098186626687,362.3844120160237,2648975.0,1.5832161496427863,9178760.593883805
2019-12-13,11515.9716796875,11529.567868211334,11257.644097734652,11284.83647478232,4618500,11687.283837890625,372.14879686534147,12431.58143162131,10942.986244159942,0.3849168936954048,12.736878885710675,False,16.692999290309746,365.6345416996173,2790960.0,1.6548069481468741,9178760.593883805
2019-12-16,11964.646484375,12032.627430308949,11529.568430397727,11556.760808771307,4904500,11690.003076171875,374.0576109817267,12438.118298135329,10941.887854208422,0.683556890797058,12.799230540637948,False,16.10564264006368,376.4217709083195,2884580.0,1.7002475230362826,9178760.593883805
2019-12-17,12168.5888671875,12168.588867187502,11828.684150226956,11964.646037011174,4607100,11687.963623046875,371.17691652438606,12430.317456095647,10945.609789998103,0.8237170893068242,12.702877198983812,False,15.928213427293672,373.81340991204996,3042355.0,1.514320320935591,9178760.593883805
2019-12-18,11855.876953125,12141.396925619983,11855.876953125,12127.800736453555,3803500,11664.170263671875,341.828890439913,12347.828044551701,10980.512482792048,0.640206617122393,11.722355991477295,False,15.76345772972152,369.44901735136784,3171345.0,1.199333405857767,9178760.593883805
2019-12-19,11815.08984375,12087.013660637227,11733.512698683833,11855.878416283085,3066800,11653.973193359376,333.6294518444296,12321.232097048234,10986.714289670517,0.6207302364194099,11.451183087825765,False,15.160141402234865,368.30987053722686,3213895.0,0.954231547701465,9178760.593883805
2019-12-20,11556.759765625,11896.66446461397,11502.375013786765,11801.491148897057,5280600,11613.184521484374,287.8880684766584,12188.96065843769,11037.408384531058,0.45100113374102097,9.915904391050214,True,14.33211404326099,370.1655548436539,3351425.0,1.5756282775237398,9178760.593883805
2019-12-23,11529.568359375,11692.72262861144,11380.010279241598,11692.72262861144,3600600,11581.913330078125,258.39480470034397,12098.702939478813,11065.123720677437,0.4493556277535954,8.924080066435833,True,13.939763234575452,366.06175445266734,3399690.0,1.0590965646867803,9178760.593883805
2019-12-26,11760.705078125,11760.705078125,11529.569833815029,11529.569833815029,1559400,11588.711572265625,261.3525195802204,12111.416611426066,11066.006533105185,0.6645225251086421,9.02093448268038,True,13.329223318031493,356.42425190247684,3075745.0,0.5069991172870313,9178760.593883805
2019-12-27,11787.8974609375,11855.878415152825,11692.724125036044,11760.70507925137,1669500,11590.751123046875,262.80876952226623,12116.368662091409,11065.133584002342,0.6875378228901922,9.069602711068539,True,12.41922371766973,342.61925463207,3006905.0,0.5552220638829627,9178760.593883805
2019-12-30,11706.318359375,11828.684056511325,11529.567907955865,11787.895490799217,3131600,11607.746337890625,258.49284427074014,12124.732026432106,11090.760649349144,0.5953334141245439,8.907597969364799,True,12.125281790976555,339.5118899123122,3031240.0,1.0331085628323722,9178760.593883805
2020-01-02,11692.72265625,11801.492169331395,11434.395062681686,11801.492169331395,1530800,11623.381982421875,253.40003956515747,12130.18206155219,11116.58190329156,0.5684102831506217,8.720354882886102,True,12.156799379317222,341.482262536412,3002675.0,0.5098120842248994,9178760.593883805
2020-01-03,11570.3564453125,11665.529765074178,11488.779314088206,11665.529765074178,2052700,11611.1453125,249.53484121840836,12110.214994936818,11112.075630063184,0.4591350981406643,8.59639026133869,True,12.186065711347844,331.65805393822507,3005055.0,0.6830823395911223,9178760.593883805
2020-01-06,11733.5126953125,11747.108886152955,11488.781260184312,11570.358405227042,2010900,11622.7021484375,249.58459186736766,12121.871332172235,11123.532964702765,0.6109949797440682,8.5895547758116,True,11.858092725286713,326.4201662261121,3029895.0,0.663686365369097,9178760.593883805
2020-01-07,11556.759765625,11760.702585018382,11502.375013786765,11747.106397058822,3667600,11637.657958984375,235.09953066424364,12107.857020312862,11167.458897655888,0.41397452694736614,8.080647549286137,True,11.493109016343718,321.556409440791,3069810.0,1.1947319215195729,9178760.593883805
2020-01-08,11719.916015625,11747.108396171692,11543.16554207149,11556.761732344838,4886000,11658.05234375,222.73150047272193,12103.515344695443,11212.589342804557,0.5694374973271652,7.642151327005499,True,11.154195572325223,313.1554412021775,3153100.0,1.5495861215946212,9178760.593883805
2020-01-09,11597.5478515625,11774.298287752785,11570.355476763994,11760.702100353532,2290600,11658.05234375,222.73150047272193,12103.515344695443,11212.589342804557,0.4320880835680113,7.642151327005499,True,10.702885818290998,305.3545390440784,3151820.0,0.7267547004587825,9178760.593883805
2020-01-10,12100.6083984375,12154.99315528441,11692.722722085673,11706.318911297401,5071900,11682.52548828125,243.25144224938833,12169.028372780027,11196.022603782472,0.9296818410305859,8.328727979010853,False,11.185612469120848,323.36102223535215,3326770.0,1.5245718820357284,9178760.593883805
2020-01-13,12535.685546875,12590.070299789859,12236.569405843276,12236.569405843276,4773700,11730.112109375,307.548016243097,12345.208141861194,11115.016076888807,1.1548355012500273,10.487470652468756,False,12.856958298231545,335.2253707437098,3477745.0,1.3726423300155703,9178760.593883805
2020-01-14,12345.3388671875,12644.455007141381,12209.376985390281,12644.455007141381,5819100,11781.77763671875,320.1523681775134,12422.082373073777,11141.472900363724,0.9400726704575508,10.869407929741797,False,14.53586763455233,342.3577029585234,3626965.0,1.604399270464424,9178760.593883805
2020-01-15,11964.646484375,12290.955024857954,11801.492214133523,12290.955024857954,5589000,11823.92587890625,281.87698353956955,12387.679845985389,11260.17191182711,0.6248067540862166,9.535817001100625,False,14.342127676774505,356.7497708224844,3696720.0,1.5118808024410828,9178760.593883805
2020-01-16,11910.26171875,11978.242664633277,11801.492205336759,11964.646475456622,2716100,11843.640380859375,272.8488013744352,12389.337983608246,11297.942778110504,0.5610423589502957,9.21503161529251,False,14.162226254026395,343.8926771420582,3601600.0,0.7541370501999112,9178760.593883805
2020-01-17,11842.28125,11883.069819173363,11774.300301377727,11883.069819173363,2689700,11837.522119140625,271.3604717983001,12380.243062737225,11294.801175544026,0.5043845100465775,9.169502504566385,False,13.885571071127046,329.0404443013593,3490860.0,0.7704978142921801,9178760.593883805
2020-01-20,11692.72265625,11855.876925872093,11583.953143168605,11787.895980196221,2160500,11813.72880859375,261.4869290979836,12336.702666789717,11290.754950397784,0.38430955921853377,8.853662830240957,False,12.897337957182197,324.96068275865423,3368530.0,0.6413776929402439,9178760.593883805
2020-01-21,11461.5869140625,11679.125930225015,11380.009783001557,11611.144987674228,4442200,11794.014306640625,272.76238779762747,12339.53908223588,11248.48953104537,0.195314120045791,9.25087525607116,False,12.676569653553022,324.0858392222106,3400465.0,1.3063507490887276,9178760.593883805
2020-01-22,11203.259765625,11556.760680559768,11203.259765625,11475.183546344053,2864000,11763.422802734374,302.9171357062753,12369.257074146924,11157.588531321824,0.03769284477476803,10.300305983590519,False,13.009490655373325,326.18691605882185,3390325.0,0.8447567711060149,9178760.593883805
2020-01-23,11067.2978515625,11244.048308651334,11040.105473548832,11176.067363617167,3807600,11738.94970703125,338.2088049723949,12415.36731697604,11062.53209708646,0.0035227900678320894,11.52432929395103,False,13.771159814672066,317.4551959905133,3316675.0,1.1480172160371456,9157502.970862439
2020-01-24,10985.7216796875,11148.875962059097,10876.952158106436,11148.875962059097,6065000,11711.757373046876,375.71280824697124,12463.18298954082,10960.331756552932,0.01689450198213485,12.831987421857871,False,14.894100467185599,314.2029537020953,3439895.0,1.763135211975947,9092242.033362439
2020-01-27,10836.162109375,11012.912557834066,10795.373544345986,10985.720181148055,3788900,11665.530224609374,423.2440116288893,12512.018247867152,10819.042201351596,0.01011231556325885,14.512636921929934,False,16.13544242418693,307.2983865439513,3551370.0,1.0668840475647425,8972594.377112439
2020-01-28,10808.970703125,10917.740219634434,10537.046911851416,10836.163082252358,5472000,11616.58388671875,463.07780224308567,12542.739491204922,10690.428282232579,0.06399703263588649,15.945403804039952,False,17.86158499205427,312.5408809181704,3741495.0,1.462516988529986,8950841.252112439
2020-01-29,10890.5458984375,10999.315395550482,10822.564962741884,10931.334459854868,2351700,11575.795263671875,489.90786551193764,12555.61099469575,10595.979532648,0.15031722622053034,16.928698352135065,False,19.076086363153074,303.81258174012123,3702500.0,0.6351654287643484,9016101.408362439
2020-01-30,10863.35546875,10904.144037468712,10740.989762593868,10876.951658322905,2561900,11534.326904296875,513.9982882823679,12562.32348086161,10506.33032773214,0.1736509387078576,17.82499464588223,False,20.390218710210412,293.7655598211729,3754055.0,0.6824353931948254,8994349.064612439
2020-01-31,10441.873046875,10876.951090494791,10401.084480285645,10876.951090494791,6277800,11477.902734375,568.8480571586163,12615.598848692232,10340.206620057768,0.04468083591822979,19.82411143649027,False,22.290996741424486,306.77277770602814,3965310.0,1.583180129674603,8752173.06244526
2020-02-03,10373.8916015625,10523.449671834043,10346.699225149492,10428.276354388516,3563400,11409.9216796875,615.9823042504604,12641.886288188422,10177.95707118658,0.07952116847509813,21.594619894615477,False,24.152853736024,297.48546834735123,4042935.0,0.8813893866708221,8752173.06244526
2020-02-04,10210.73828125,10509.854449275965,10197.142091794274,10482.662070364513,3727900,11342.62060546875,670.2372121959093,12683.095029860568,10002.146181076932,0.07780532637454357,23.63606208860621,False,26.141516963686616,298.57310328551836,4045950.0,0.9213905263287979,8752173.06244526
2020-02-05,10197.1435546875,10387.490234375,10129.16259765625,10333.10546875,6531800,11266.481982421876,710.4099832077225,12687.301948837321,9845.66201600643,0.12368968165889957,25.22206965106284,False,28.102407683659766,295.6984271021778,4128240.0,1.5822239017111408,8752173.06244526
2020-02-06,10169.9482421875,10387.487242020386,10169.9482421875,10333.102492062166,4072800,11195.102001953124,746.2130407707707,12687.528083494666,9702.675920411582,0.1565478945842555,26.662125656044395,False,29.923234780777694,290.11561086865703,4217350.0,0.9657249220482056,8752173.06244526
2020-02-07,10224.3330078125,10319.506320385222,10169.948257770944,10169.948257770944,3671200,11101.288232421875,744.3214600153473,12589.93115245257,9612.645312391182,0.20545145084514502,26.81928239072357,False,31.614002799530052,280.0757871064474,4147315.0,0.8851992192539029,8752173.06244526
2020-02-10,9938.814453125,10224.334430574556,9830.044937906123,10224.334430574556,4234800,10971.444677734375,706.4714744087717,12384.387626551917,9558.501728916832,0.13458176939360594,25.75673469301617,False,33.755022288838056,288.23390893230356,4120370.0,1.0277717777772384,8752173.06244526
2020-02-11,9802.8505859375,9938.812452594055,9721.273465943568,9802.8505859375,4673400,10844.320263671874,674.2540327716363,12192.828329215146,9495.812198128602,0.11384373429209027,24.870310591263724,False,35.896870235627944,283.184414521527,4063085.0,1.1502097544107495,8752173.06244526
2020-02-12,9626.099609375,9898.023327153955,9571.714865819209,9843.638583598164,4694300,10727.392919921875,672.5146118897547,12072.422143701384,9382.363696142365,0.09060617751774228,25.076535069050216,False,38.08417945814891,286.26470357961404,4018350.0,1.1682158099717546,8752173.06244526
2020-02-13,9585.314453125,9775.661123116133,9367.77540170656,9707.680169547872,5915400,10611.145556640626,658.0728563321672,11927.29126930496,9294.999843976291,0.11028969146623269,24.806854370981075,False,40.35713049150728,294.95191913889687,4178315.0,1.4157381623932135,8752173.06244526
2020-02-14,9966.0068359375,9993.199214753155,9449.35163844006,9449.35163844006,5591600,10517.3318359375,604.9195853572082,11727.171006651917,9307.492665223084,0.2721494669103661,23.00657979774721,False,41.20447271627839,312.7301803656253,4323410.0,1.2933309586645727,8752173.06244526
2020-02-17,9979.603515625,10251.527317140668,9952.411135473434,10061.180656079701,3545100,10431.67587890625,548.3705862163663,11528.417051338982,9334.934706473518,0.29390198223410946,21.027132843543146,False,40.71396519201219,311.75775188716875,4392640.0,0.8070545275733955,8752173.06244526
2020-02-18,9979.603515625,10061.180656079701,9843.641614867167,10061.180656079701,3981600,10357.576708984376,499.8596981239171,11357.29610523221,9357.857312736542,0.3109603580874834,19.304117639421523,False,40.495701773558984,305.02784398183775,4369610.0,0.9112026016051776,8752173.06244526
2020-02-19,10047.58203125,10115.562965155616,9925.216350219893,9979.601097344384,5036800,10299.792822265625,462.3436836841632,11224.48018963395,9375.105454897299,0.36362375008246284,17.95545567420305,False,40.032365337266725,296.836327621401,4478250.0,1.1247250600122816,8752173.06244526
2020-02-20,10020.392578125,10115.565913331073,9979.604005893827,10047.58495961245,2747400,10247.44755859375,428.93208570897815,11105.311730011706,9389.583387175795,0.36766262770162456,16.74298241611455,False,39.60210954606873,285.34529760824705,4425240.0,0.620847682837541,8752173.06244526
2020-02-21,9911.62109375,10142.756290723595,9870.83252957819,10033.986786265432,4518400,10193.742529296875,397.73821607735414,10989.218961451583,9398.266097142166,0.32267140537231764,15.607151737813748,True,39.47565519879838,284.3866164323298,4347910.0,1.039211943209496,8752173.06244526
2020-02-24,9734.869140625,9843.638628229748,9598.907281119064,9775.657698476782,5410800,10138.677880859375,379.9541275533715,10898.586135966118,9378.769625752633,0.2343042811282176,14.990283033675606,True,39.957373449430634,286.40998758937315,4429005.0,1.2216739425672358,8752173.06244526
2020-02-25,9938.814453125,10033.987778941519,9626.102096870725,9789.256369699044,3711100,10095.170068359375,347.60321973602794,10790.376507831432,9399.963628887319,0.3875473482717503,13.773050572986307,True,39.440446804253284,295.0868229094746,4340960.0,0.8549030629169585,8752173.06244526
2020-02-26,9789.2548828125,9925.216756184895,9734.87013346354,9802.851070149738,3229400,10040.105517578126,298.7739211887096,10637.653359955544,9442.557675200707,0.290099957714193,11.903218374174198,True,38.96044349087431,288.57664410604497,4384845.0,0.7364912556772246,8752173.06244526
2020-02-27,9558.12109375,9843.641069523472,9530.928715104908,9748.467744265648,3341900,9974.843798828126,247.6667888505559,10470.177376529238,9479.510221127013,0.07935144734971016,9.931655827218181,True,39.00928736955269,290.300623414082,4423845.0,0.7554288181434928,8752173.06244526
2020-02-28,9027.8701171875,9408.563435382153,9014.273927251976,9408.563435382153,10754000,9904.14365234375,302.97737874753716,10510.098409838823,9298.188894848676,-0.22305194762281683,12.236388702857287,True,39.999715084857975,308.41109077722075,4647655.0,2.3138550516335656,8752173.06244526
2020-03-02,9068.6572265625,9381.369544719828,9000.676287832646,9136.638165292354,5773400,9838.88193359375,335.31627974725245,10509.514493088254,9168.249374099245,-0.07425239509084784,13.63229204336126,True,40.94018311192347,313.574102642218,4758155.0,1.2133694677874092,8752173.06244526
2020-03-03,9598.91015625,9762.064436526203,9245.409215651558,9245.409215651558,3573400,9808.29052734375,327.42180823980203,10463.134143823354,9153.446910864146,0.34012948601426013,13.352859290903297,True,40.09629636106206,340.70503887946694,4750430.0,0.7522266405356989,8752173.06244526
2020-03-04,10061.1806640625,10101.969234322214,9517.333060599663,9626.10258129223,5058200,9801.4923828125,320.2563297951453,10442.00504240279,9160.979723222208,0.7027190855338538,13.069696625250012,True,38.103244747192136,358.1286913682586,4676750.0,1.0815630512642327,8752173.06244526
2020-03-05,9802.8505859375,10251.524745904127,9789.254399271846,10169.947625910196,3297800,9783.1375,308.32504282690235,10399.787585653805,9166.487414346197,0.5159840129727692,12.606386972559754,True,35.78375058191207,365.56738102997457,4638000.0,0.7110392410521776,8752173.06244526
2020-03-06,9408.5615234375,9789.25476427023,9381.369149092305,9789.25476427023,3360600,9742.34892578125,300.75360075876,10343.85612729877,9140.841724263732,0.2225408095683215,12.348299287982721,True,34.618294096028926,369.5612421596332,4622470.0,0.727013912475365,8752173.06244526
2020-03-09,8592.79296875,9136.640625,8552.00439453125,9082.255859375,6040500,9675.0478515625,391.4139915008149,10457.875834564129,8892.219868560871,-0.19124693183728964,16.18241056813386,False,34.93412618183129,404.3466626415344,4712755.0,1.2817343570798823,8752173.06244526
2020-03-10,8987.080078125,9245.40764466717,8715.156323870082,8715.156323870082,5256500,9634.259326171876,418.93256487947144,10472.124455930818,8796.394196412934,0.11379270657016584,17.393451876115602,False,34.897814156224555,422.08009216122264,4741910.0,1.1085195627922082,8752173.06244526
2020-03-11,8864.7158203125,9068.65866893932,8715.157731319498,9027.870099213957,3997100,9596.19013671875,452.9279451892114,10502.046027097173,8690.334246340326,0.09625238176644506,18.879490245035203,False,34.864095846732596,417.1815811225513,4707050.0,0.8491730489372324,8752173.06244526
2020-03-12,8266.4833984375,8647.176712839228,8252.88720863744,8619.984333239105,4459900,9530.248583984376,541.8664969067362,10613.981577797847,8446.515590170904,-0.08306113810372305,22.743016286787938,False,35.491252512668844,431.0849404477305,4634275.0,0.9623727551774549,8752173.06244526
2020-03-13,8266.4833984375,8266.4833984375,8266.4833984375,8266.4833984375,0,9445.272412109374,600.0686321823185,10645.409676474012,8245.135147744737,0.008894087087640334,25.412443643785082,False,36.07361227389536,400.29315898717834,4354695.0,0.0,8752173.06244526
2020-03-16,7899.3857421875,8375.252353162652,7899.385742187501,8375.252353162652,2676400,9341.2615234375,677.8237417246152,10696.909006886732,7985.614039988271,-0.031803362914589114,29.024933731870604,False,37.07581658485734,405.69126270060497,4311260.0,0.620792993231677,8752173.06244526
2020-03-17,7355.53857421875,7899.386158264499,7355.53857421875,7899.386158264499,8346700,9210.058276367188,792.0919923745481,10794.242261116284,7625.874291618092,-0.08532333365374783,34.401171788762255,False,38.55746654646888,415.5595713681152,4529515.0,1.8427359220578803,8752173.06244526
2020-03-18,7287.55615234375,7613.864636777052,6906.862920504897,7396.32564715485,3964600,9072.056982421875,874.626717296364,10821.310417014603,7322.803547829147,-0.010074982500635548,38.56354601788994,False,40.297176166376026,436.37686743268944,4475905.0,0.885765001714737,8752173.06244526
2020-03-19,6852.4794921875,7205.980418371775,6784.4985448443695,7192.384228903149,3713100,8913.661328125,974.945778914434,10863.552885953868,6963.769770296131,-0.028537555758369696,43.750631442018914,False,42.00336947239525,441.13977743745306,4524190.0,0.82072149931811,8752173.06244526
2020-03-20,8076.1357421875,8212.097623369107,6526.170296717171,6961.248316498316,7216400,8821.887060546875,962.3693692390543,10746.625799024983,6897.148322068766,0.30627206605997853,43.63553342426927,False,40.85824707197342,530.0531738099161,4659090.0,1.5488861558802256,8752173.06244526
2020-03-23,7518.693359375,7885.7905035036165,7518.693359375,7885.7905035036165,4723500,8711.078271484375,979.1550343267826,10669.38834013794,6752.76820283081,0.19555768231095327,44.9613700536723,False,39.79491912872459,532.0095458815292,4624725.0,1.021358026693479,8752173.06244526
2020-03-24,7600.2685546875,8035.346539929003,7396.325749105546,7668.249489881485,6155500,8594.1509765625,964.3451362116976,10522.841248985895,6665.460704139105,0.24234265706484107,44.88378846690532,False,38.46044164067878,539.6532062345241,4746945.0,1.2967287381673898,8752173.06244526
2020-03-26,8171.30908203125,8687.964231976654,7777.019625493968,7885.789130745632,10097600,8513.253686523438,925.910754574322,10365.075195672081,6661.432177374794,0.4076734440109745,43.5044361964708,False,35.89371152970944,578.7990970241405,5090355.0,1.9836730444143875,8752173.06244526
2020-03-27,8429.6396484375,8932.69878874748,8320.870104586695,8320.870104586695,8655900,8456.829614257813,892.6740925105552,10242.177799278923,6671.481429236703,0.4923852484214469,42.222635821137935,False,33.57680837935818,591.8412834307184,5356055.0,1.6160961752633234,8752173.06244526
2020-03-30,7845.00146484375,8212.098587115468,7845.00146484375,8212.098587115468,2585100,8397.686181640625,892.0337847432994,10181.753751127224,6613.618612154027,0.3451054415624175,42.48950320117944,False,31.736246638817747,591.3267762995064,4947610.0,0.5224946994609518,8752173.06244526
2020-03-31,9191.021484375,9286.194783769415,8048.941891642012,8076.134262897559,7683500,8403.80439453125,897.2821916680346,10198.36877786732,6609.24001119518,0.7193337550755144,42.708380611616256,False,30.523314249270552,652.031529344232,5043115.0,1.5235623220965613,8752173.06244526
2020-04-01,9041.4677734375,9354.180192669173,8715.15916206532,9136.641118421052,3443100,8375.932275390625,866.3289456941804,10108.590166778986,6643.274384002265,0.6920562337651053,41.3722994508705,False,29.482666249427194,651.1022080056335,5036600.0,0.6836159313822817,8752173.06244526
2020-04-02,9191.021484375,9408.56045441938,8810.328286797338,9014.271071213941,3412000,8332.42431640625,796.2557258485718,9924.935768103394,6739.9128647091065,0.7695733104630865,38.224444440774455,False,28.588218408363275,647.3257765496628,4954290.0,0.6886960593748045,8752173.06244526
2020-04-03,9326.9853515625,9626.101499863338,9191.02346597121,9218.215843089467,4349900,8308.6310546875,756.1020639279221,9820.835182543344,6796.426926831655,0.8367119154471977,36.400800996036544,False,28.048564323245127,632.1653650452824,5006895.0,0.8687819496913756,8752173.06244526
2020-04-06,9789.2548828125,9843.639632161457,9381.36926269531,9381.36926269531,3779900,8327.66572265625,789.3124857507505,9906.29069415775,6749.040751154748,0.9629310908359915,37.91278430417045,False,27.830424559631883,623.9145732991163,5027860.0,0.7517910204341409,8752173.06244526
2020-04-07,9571.716796875,10428.276680686256,9394.966344659979,9843.640569513494,3972700,8376.6119140625,835.6127858189686,10047.837485700436,6705.386342424563,0.8575534335682766,39.90218452957847,False,28.307131843014176,653.1571277796279,4924470.0,0.8067264091364147,8752173.06244526
2020-04-08,9517.3330078125,9571.717767857142,9109.447307477678,9571.717767857142,2463200,8403.124560546876,863.9334969099757,10130.991554366827,6675.257566726925,0.8224230948478111,41.12439322707127,False,28.149193394858166,639.5223658224735,4784805.0,0.5147963187632516,8752173.06244526
2020-04-09,9313.388671875,9517.3314895073,9082.253478558394,9517.3314895073,2079100,8425.558203125,882.1829846428031,10189.924172410607,6661.192233839393,0.7516004287674748,41.881283749988505,False,27.94515223168023,624.9193060675901,4688905.0,0.443408429046867,8752173.06244526
2020-04-13,9544.525390625,9653.294910746083,9136.639690170941,9381.371110443377,2175200,8489.460302734375,915.7051569835191,10320.870616701413,6658.049988767336,0.7880471623000846,43.14550627858308,False,27.932672364416,617.1861571038438,4574670.0,0.47548784939678707,8752173.06244526
2020-04-14,9925.21875,9925.21875,9544.525428082192,9544.525428082192,2417300,8572.3970703125,968.0668807560089,10508.530831824517,6636.263308800482,0.8493616263968814,45.1713504549886,False,28.265066474552558,600.2938144089264,4695535.0,0.5148082167420752,8752173.06244526
2020-04-15,9639.697265625,10006.794340620592,9462.946822108604,9925.217212843794,2841900,8659.412646484376,982.4959481881319,10624.40454286064,6694.420750108112,0.7494373185325633,45.38395331406291,False,28.374018342097674,596.2619361305736,4703810.0,0.6041698112806427,8752173.06244526
2020-04-16,9041.4677734375,9639.700227619831,8973.486812734962,9639.700227619831,3891300,8743.709106445312,935.9607542486856,10615.630614942684,6871.787597947941,0.5795328932437996,42.81756141950122,False,27.363522656131565,601.258470327309,4481040.0,0.8683921589630978,8752173.06244526
2020-04-17,9422.158203125,9517.331518308081,9041.464942392677,9068.657318159272,3344800,8850.439208984375,881.2823668313208,10613.003942647018,7087.874475321733,0.6621838288323691,39.82999469389958,False,26.42520523344875,592.3019064407445,4450050.0,0.751632004134785,8752173.06244526
2020-04-20,9408.5615234375,9571.71576950867,9326.984400401914,9354.17677474711,1674700,8978.243310546875,752.1720587070376,10482.58742796095,7473.8991931328,0.6430251921449759,33.51087880736981,False,25.647138748506446,567.4754394883167,4348130.0,0.3851540777299667,8752173.06244526
2020-04-21,8919.099609375,9435.75476967416,8837.522478801448,9435.75476967416,2224200,9020.39150390625,721.9733126909147,10464.33812928808,7576.444878524421,0.46492533285139065,32.015165300897046,False,23.863971530739033,569.672357444345,4098520.0,0.5426837004577262,8752173.06244526
2020-04-22,8837.5234375,8973.48533653846,8701.561538461538,8919.100576923076,2610400,9086.3330078125,632.2491844782247,10350.831376768949,7821.83463885605,0.40161728301878546,27.83297437743529,True,22.37690546214556,548.4046032038149,3992865.0,0.6537661553796584,8752173.06244526
2020-04-23,8810.3310546875,9000.677713276427,8701.561535493827,8891.908194082755,4209900,9146.8361328125,532.6012901335278,10212.038713079555,8081.633552545443,0.3420464405744143,23.29117007892704,True,20.93782534197501,530.5982871022995,3895585.0,1.0806849292211567,8752173.06244526
2020-04-24,8823.9267578125,9014.273405900905,8728.753433768297,8810.330568663328,2558000,9179.467016601562,487.79528152623465,10155.05757965403,8203.876453549094,0.31778203261999943,21.255930464983646,True,19.570561567587358,513.092693175893,3518605.0,0.7269926576015211,8752173.06244526
2020-04-27,8919.099609375,9000.67673994855,8796.733913514672,8919.099609375,1792900,9203.940014648437,459.66303727701745,10123.266089202472,8284.613940094401,0.34508195016027765,19.97679413579166,True,18.30095949137025,491.0105598371777,3175455.0,0.5646120004849698,8752173.06244526
2020-04-28,8456.8291015625,8919.09950261254,8443.232913296322,8864.71474954783,3807800,9234.531396484375,377.4747206865324,9989.48083785744,8479.58195511131,-0.01506912403791513,16.350573926479406,True,17.91755394070817,489.92885528299917,3236590.0,1.1764851278660566,8752173.06244526
2020-04-29,8484.0224609375,8552.003410143729,8212.09866411258,8538.407220302483,2828800,9199.1814453125,413.1798575691863,10025.541160450874,8372.821730174128,0.06728348969961084,17.965940123062786,True,18.02143339053709,479.21284747929553,2993855.0,0.9448687394680103,8752173.06244526
2020-04-30,8864.7158203125,8919.100579946318,8484.022502875767,8484.022502875767,3254900,9190.34384765625,418.585707043475,10027.5152617432,8353.1724335693,0.30551890457291137,18.218500373094265,True,17.160504605830848,476.06036687426143,2984445.0,1.090621539348187,8752173.06244526
2020-05-04,8443.234375,8823.927712359098,8443.234375,8701.561996779388,2724100,9152.9544921875,450.6882873990106,10054.331066985522,8251.577917389479,0.1063132008136927,19.695860512960945,True,16.450114012776982,472.1618724769928,2950050.0,0.9234080778291893,8752173.06244526
2020-05-05,8266.4833984375,8633.580523039165,8225.694829037315,8497.618625038549,3169700,9099.92939453125,489.8221887897471,10079.573772110743,8120.285016951755,0.07461808837558581,21.53081271527727,True,16.259411962192615,467.5707168716255,2891040.0,1.0963874591842382,8752173.06244526
2020-05-06,8320.869140625,8429.638671875,8225.69580078125,8280.08056640625,2704900,9026.510107421875,491.10761882086217,10008.725345063598,8044.29486978015,0.14079107116526626,21.76290118667493,True,16.08233148664999,448.7401564589201,2837290.0,0.9533392779729953,8752173.06244526
2020-05-08,8606.388671875,8647.17724377962,8320.868668542655,8320.868668542655,4845100,8978.243701171876,482.05732018580846,9942.358341543493,8014.129060800259,0.30715206795659433,21.47668681004453,True,15.301548849350135,439.99504351449485,2880910.0,1.6817949883890855,8752173.06244526
2020-05-11,8552.00390625,8769.542956329491,8552.00390625,8701.56200317965,3087700,8929.97724609375,473.4907328317995,9876.958711757348,7982.99578043015,0.3004325567349495,21.20904543352198,True,14.246640446204822,424.1053296977089,2912135.0,1.0602873836549473,8752173.06244526
2020-05-12,8429.6396484375,8552.005385269658,8375.254876512097,8538.409192288307,1900900,8885.789794921875,477.0500790693694,9839.889953060614,7931.689636783136,0.26095269317728975,21.4747406850429,False,13.721464376704162,406.4371282019841,2903225.0,0.6547546263207296,8752173.06244526
2020-05-13,8307.26953125,8429.635203559737,8198.500044752454,8429.635203559737,2017800,8823.927001953125,467.2524274509008,9758.431856854926,7889.422147051323,0.2235661923032945,21.1811556168802,False,13.662339103262871,393.9158764507742,2895355.0,0.6969093599921253,8752173.06244526
2020-05-14,8157.71533203125,8307.273446451823,8048.945794270833,8212.100100911459,2689600,8735.551831054687,411.86117017201383,9559.274171398714,7911.829490710659,0.14925286669892707,18.8590796843701,True,13.952497443004637,384.2310032886468,2908970.0,0.9245884282065473,8752173.06244526
2020-05-15,7749.8271484375,8212.097539747807,7613.865268640351,8157.7127878289475,5153400,8641.058325195312,410.2987728144723,9461.655870824257,7820.460779566368,-0.043037924927456894,18.992987079748637,False,15.09188186821995,399.5168081328474,3024545.0,1.7038595887976538,8731705.420204015
2020-05-18,7695.4423828125,7885.789014189488,7369.133871880522,7749.827134634496,9059800,8573.757055664062,449.6682486552365,9473.093552974535,7674.4205583535895,0.011687407617603474,20.978819238092267,False,16.561910658653044,407.88383200257016,3282970.0,2.759635330204053,8671882.178016515
2020-05-19,7885.791015625,8266.484375,7722.63671875,7722.63671875,4547400,8496.938696289062,427.80472067578745,9352.548137640637,7641.329254937487,0.14285826504049873,20.13924007066809,False,16.752826476903614,419.53798630149373,3343100.0,1.3602345128772697,8881265.674110265
2020-05-20,7940.17431640625,8089.732394283765,7831.404805222603,7994.559071998074,3078900,8423.5193359375,387.1925298225102,9197.904395582522,7649.1342762924805,0.18791687448566136,18.38625944244562,False,16.930105450993427,408.0229579271844,3413310.0,0.9020276505796426,8941087.30496964
2020-05-26,8198.501953125,8212.098142101991,7940.174362562189,8021.75149642413,4214200,8387.489453125,371.87384773068527,9131.23714858637,7643.741757663629,0.3729491861599892,17.734691640876303,False,16.726687805976933,398.30159133922416,3512810.0,1.199666363965031,9225247.705360265
2020-05-27,8130.521484375,8266.483382107024,8089.732915055393,8212.098623014213,2535100,8352.13935546875,360.26469623257043,9072.66874793389,7631.609963003609,0.3462117760834638,17.253768448998837,False,16.37267304559051,382.47651103296755,3509045.0,0.722447275540781,9150469.189735265
2020-05-28,8212.0986328125,8293.675771549048,8048.944355339403,8116.925304286527,5091100,8322.227734375,344.71956908702595,9011.66687254905,7632.788596200948,0.4201313825509158,16.568619849858713,False,16.145430832440987,372.6375756884445,3553105.0,1.4328594285842946,9240204.053016515
2020-05-29,8538.4072265625,8538.4072265625,8008.155822365147,8252.887239687003,8249800,8307.9517578125,328.37363487243607,8964.699027557372,7651.204488067628,0.6754521711521738,15.810088669022193,False,15.172428291593217,383.8957062962237,3837695.0,2.1496757819472365,9567223.481873697
2020-06-02,8905.50390625,9014.273419608779,8429.637285305344,8484.022041984732,6569200,8307.27197265625,327.0532926944237,8961.378558045097,7653.165387267402,0.957289337056681,15.747807163214775,False,15.115469785724347,398.2343082967388,4076510.0,1.611476483560693,9567223.481873697
2020-06-03,9286.1982421875,9394.967767718246,8905.504902829885,8905.504902829885,7542300,8348.7404296875,392.95439113837534,9134.64921196425,7562.831647410749,1.0964164249343402,18.827002441760378,False,15.823088216746063,404.7507049518465,4263235.0,1.7691494839013098,9567223.481873697
2020-06-04,9245.408203125,9612.505293543198,9109.446317784927,9313.389145795038,5368300,8386.809716796875,440.7276502561384,9268.265017309152,7505.354416284598,0.9870346152715471,21.02003813790891,False,16.86083982203094,411.77272429516256,4390210.0,1.2227888870919614,9567223.481873697
2020-06-05,9299.7919921875,9367.772927802906,9109.445372464364,9245.407243695176,1971200,8408.563525390626,474.965605399566,9358.494736189758,7458.632314591494,0.9691015816014331,22.594375553700825,False,17.824463215448805,400.8123550839753,4326025.0,0.45566079715212005,9567223.481873697
2020-06-08,9544.525390625,9680.487290776355,9354.178730413107,9408.563490473647,3165000,8463.628076171875,538.7519396149385,9541.131955401752,7386.124196941999,1.0015746742488174,25.46198555826037,False,19.246341059223447,399.375422477181,4348070.0,0.727909164295883,9567223.481873697
2020-06-09,9666.890625,9993.199169303796,9598.909678270042,9598.909678270042,4899700,8533.6484375,599.3741083646872,9732.396654229375,7334.900220770625,0.9726773194257176,28.094623899940213,False,21.0221688877239,402.8967336344392,4434570.0,1.10488728332172,9567223.481873697
2020-06-10,9367.7744140625,9707.67914606767,9245.40871054064,9707.67914606767,3804400,8585.993701171876,624.9811658973379,9835.956032966551,7336.0313693772005,0.8127217088886817,29.116311408988615,False,21.530067115454116,407.13771234105286,4489545.0,0.8473909939648673,9567223.481873697
2020-06-11,8946.2919921875,9367.773833764722,8864.71486155965,9367.773833764722,4527100,8602.9888671875,630.1649695087102,9863.31880620492,7342.658928170079,0.6361957350896731,29.299815644872474,False,20.95905043163889,413.98927235260976,4473645.0,1.0119488694342085,9567223.481873697
2020-06-12,8946.2919921875,9150.234818757124,8538.406339048252,8946.2919921875,4397300,8622.703271484375,634.637662963336,9891.978597411047,7353.427945557703,0.6274698696545129,29.44031090862691,False,19.657173053450204,428.12064430662855,4539125.0,0.9687549913254206,9567223.481873697
2020-06-15,8769.54296875,9068.659163032946,8647.177252906977,8946.293447189923,2550200,8639.6984375,633.7460026893909,9907.190442878782,7372.206432121217,0.5512210454578753,29.341116812071196,False,18.44828691656071,427.64644900801,4571590.0,0.5578365513967788,9567223.481873697
2020-06-16,9218.2158203125,9259.004385889104,8932.695861276272,8973.484426852876,4100700,8685.245751953125,641.2868702850013,9967.819492523127,7402.6720113831225,0.7077736552295668,29.534541156341582,False,17.745936301205077,432.0618038745167,4675735.0,0.8770171962269033,9567223.481873697
2020-06-17,9626.099609375,9762.061468264477,9218.214032706568,9245.406404484464,4337900,8758.664965820313,661.4512818828141,10081.567529585942,7435.762402054685,0.8278528091613727,30.2078585932469,False,18.052341231476266,440.0464918519019,4758150.0,0.911677857991026,9567223.481873697
2020-06-18,9598.91015625,9802.853006595255,9517.333016111897,9626.102536296034,4874200,8851.119116210937,641.9600334974747,10135.039183205887,7567.1990492159875,0.7912140168465817,29.011474145533384,False,18.407371363553157,429.0088846112916,4744190.0,1.027404045790746,9567223.481873697
2020-06-19,9707.6796875,9707.6796875,9558.121597076331,9626.102547268909,7802200,8951.730981445313,608.0942343525455,10167.919450150404,7735.542512740221,0.8107860029537881,27.17214070051802,False,18.737042200481696,409.04811359788994,4681310.0,1.6666702269236602,9567223.481873697
2020-06-22,9625.0966796875,9966.816088433803,9596.620062291975,9881.386236247226,5854600,9038.696264648437,570.8593477052881,10180.414960059014,7896.977569237861,0.7568059966943897,25.262906551600643,False,19.512322255140703,406.2729644938855,4746670.0,1.2334120551881635,9567223.481873697
2020-06-23,9440.0,9625.098039215685,9411.523378582202,9625.098039215685,2390200,9113.687548828126,514.7072681359073,10143.102085099941,8084.273012556311,0.6584941924142946,22.59051631420437,False,19.66209117243796,392.50879993242825,4712235.0,0.5072327674659689,9567223.481873697
2020-06-24,9525.4287109375,9625.096873832214,9411.52223905783,9439.998857027747,2318000,9180.03388671875,474.4790630691988,10128.992012857147,8231.075760580352,0.6819863357007482,20.674392662347497,False,19.801158762793158,379.7277881354251,4617425.0,0.5020114024591629,9567223.481873697
2020-06-25,9383.0458984375,9596.620539524847,9283.377732596737,9525.428992495732,3157400,9242.660107421874,406.4463432164946,10055.552793854864,8429.767420988885,0.5863495227344492,17.590015795998713,True,19.52096139017599,374.9788609063312,4648540.0,0.6792240144217324,9567223.481873697
2020-06-26,9383.0458984375,9553.905611307378,9354.569279625854,9511.190683089908,2213500,9301.207470703124,326.69552143544036,9954.598513574005,8647.816427832244,0.5626259179914624,14.049596139617934,True,19.260778115602907,362.43296596170217,4504660.0,0.4913800375611034,9567223.481873697
2020-06-29,9511.19140625,9625.097890157185,9212.186885993638,9340.331680389221,1720400,9349.8466796875,275.56476920449506,9900.97621809649,8798.71714127851,0.6463764100072306,11.789060447511217,True,18.54533581428618,366.03854011897675,4178190.0,0.4117572441655358,9567223.481873697
2020-06-30,9425.7607421875,9682.05030919562,9411.522432909273,9568.14383496979,2737100,9375.859521484375,255.2163153009386,9886.292152086253,8865.426890882498,0.5488812996186034,10.888231194851912,True,18.037011274735963,359.2163498452175,3986585.0,0.6865776096583919,9567223.481873697
2020-07-01,9682.0498046875,9739.003038832721,9383.045325425092,9454.236868106618,2283500,9395.652099609375,263.1239857703837,9921.900071150143,8869.404128068607,0.7721128826773426,11.20194672943769,True,17.72482621600141,358.98359009967555,3723645.0,0.6132432065892426,9567223.481873697
2020-07-02,9767.48046875,9838.67201735605,9625.0973715379,9710.52722986516,2739000,9421.755712890625,273.1401742508997,9968.036061392424,8875.475364388825,0.8164352852958581,11.596147579041801,True,17.71520991375682,348.5972369367094,3592180.0,0.7624896302523816,9567223.481873697
2020-07-03,9767.48046875,9852.91032707726,9696.28892014395,9795.957088192421,1702000,9445.14013671875,282.02457648573983,10009.18928969023,8881.09098374727,0.785737803463689,11.943690507644096,True,17.747153113371805,334.8846776507522,3578720.0,0.4755890374212009,9567223.481873697
2020-07-06,9810.193359375,9838.669972900036,9710.525212037372,9767.478439087445,1801900,9458.42353515625,292.995134349216,10044.41380385468,8872.433266457818,0.8001498855945868,12.390865486628924,True,17.776814655871434,320.11754073731737,3510565.0,0.5132792014960554,9567223.481873697
2020-07-07,9867.1484375,9952.578294101731,9767.480271464647,9852.910128066378,4504200,9468.43642578125,303.71984883654835,10075.876123454347,8860.996728108154,0.8281906115504841,12.830834371324965,True,18.15815777703685,310.47328944444365,3490790.0,1.2903096433758547,9567223.481873697
2020-07-08,10507.8720703125,10536.34868838923,9824.433236471037,9867.14816358613,6251300,9525.44130859375,380.9939680554546,10287.42924470466,8763.453372482842,1.144649813442555,15.999005430298574,False,19.887394018044255,339.14772962113994,3613135.0,1.7301595428900387,9567223.481873697
2020-07-09,10507.8720703125,10892.306414348324,10436.680525120682,10450.918834159045,9057900,9603.5203125,414.58929100191074,10432.698894503823,8774.341730496179,1.045329906874229,17.268221548395296,False,22.074416195855285,347.4675981644615,3839675.0,2.3590277822992833,9567223.481873697
2020-07-10,10208.8681640625,10564.825910368723,10166.153234505753,10507.872670959729,3390200,9666.64912109375,405.26751080302773,10477.184142699805,8856.114099487693,0.8344821806060622,16.76972054023094,False,22.99147529623862,351.12510371435496,3789320.0,0.8946723950471325,9567223.481873697
2020-07-13,10536.349609375,10707.209332770271,10237.345093433278,10251.583403716217,7613300,9754.989453125,391.7633923692817,10538.516237863563,8971.462668386435,0.9986173870946312,16.06412366724932,False,24.100886462471642,361.64053692817043,4042475.0,1.8833264274980055,9567223.481873697
2020-07-14,10436.681640625,10778.401094069748,10408.205019504605,10593.303056787176,10225900,9815.912744140625,398.5789173832356,10613.070578907096,9018.754909374155,0.8893638558204915,16.242154052200906,False,25.258395678323154,362.25164675938277,4348735.0,2.3514654261526626,9567223.481873697
2020-07-15,10393.9658203125,10621.7787697988,10393.9658203125,10493.633985712757,4518100,9854.3060546875,415.9373258147593,10686.180706317018,9022.431403057983,0.8243636313282818,16.8834750415289,False,26.271013959880275,352.6488826684483,4357745.0,1.0367977015635381,9567223.481873697
2020-07-16,10436.681640625,10479.396572305594,10337.013466703615,10436.681640625,2478000,9896.19462890625,430.7835288761343,10757.76168665852,9034.627571153982,0.813665086690303,17.412087980478432,False,26.95193293803197,337.62989859227196,4237935.0,0.5847187368376343,9567223.481873697
2020-07-17,10507.8720703125,10678.731778772866,10308.535743775406,10365.488979928863,6114000,9936.204248046875,449.12256813673037,10834.449384320336,9037.959111773414,0.8182137031308047,18.080247020888805,False,27.994085890187172,339.9560511926425,4153525.0,1.472002696504776,9567223.481873697
2020-07-20,10479.396484375,10564.826347019361,10365.490000849186,10507.873105256454,2657900,9978.91923828125,458.5038036740097,10895.92684562927,9061.911630933231,0.7728860928106837,18.378896260231947,False,28.961799345759864,329.9117865481806,3993690.0,0.6655248654752872,9567223.481873697
2020-07-21,11006.2138671875,11262.503452710624,10436.68145491389,10507.873006448091,12346100,10057.229931640624,493.9922243682056,11045.214380377036,9069.245482904213,0.9802625875136922,19.64724790925095,False,30.972068808583437,365.3339444945058,4491485.0,2.748779078634349,9567223.481873697
2020-07-22,11390.6484375,11675.4146484375,11105.8822265625,11105.8822265625,8892600,10150.49091796875,559.9707783258268,11270.432474620404,9030.549361317095,1.0536706411890866,22.06674663723102,False,33.28322895256893,387.03871854846966,4820215.0,1.8448554680652212,9567223.481873697
2020-07-23,11433.3623046875,11589.983706121575,11219.787666368307,11419.123995466221,3531900,10253.00673828125,598.4354798608481,11449.877698002947,9056.135778559554,0.9931005956902458,23.346731164293228,False,35.429306229126894,385.8356700630981,4838940.0,0.7298912571761584,9567223.481873697
2020-07-24,11077.40625,11461.840657133675,10963.499758997428,11419.125723007712,2456700,10337.724755859375,588.648554321122,11515.02186450162,9160.427647217131,0.8141439355923019,22.776716084938464,False,36.318986591503375,393.8717577826087,4851100.0,0.5064212240522769,9567223.481873697
2020-07-27,11960.1796875,11960.1796875,11162.834374999999,11162.834374999999,8990700,10460.174169921875,658.2656933058905,11776.705556533656,9143.642783310093,1.0696808799365325,25.17226511194152,False,37.760358205536406,428.793306333851,5214615.0,1.724134955313096,9567223.481873697
2020-07-28,12301.8984375,12714.809380425348,12031.370578342014,12074.085503472223,9975800,10603.9810546875,730.5833816339938,12065.147817955487,9142.814291419512,1.0810142365321143,27.558833908366466,False,39.75846398675323,452.06733394752933,5576550.0,1.7888838080892309,9567223.481873697
2020-07-29,12244.9462890625,12529.712481831397,12002.89502520894,12301.89952761628,3823200,10732.12587890625,783.2347642980476,12298.595407502346,9165.656350310155,0.9828757861354868,29.192157197390973,False,41.51258850130599,457.40662842430993,5653535.0,0.6762494616200306,9567223.481873697
2020-07-30,12159.5146484375,12301.897723946135,11960.178342725409,12301.897723946135,3279800,10851.727587890626,810.3437795581839,12472.415147006994,9231.040028774258,0.9034667426150622,29.8696690640278,False,42.98144254222376,449.14325362405395,5680575.0,0.5773711288029821,9567223.481873697
2020-08-03,11646.9365234375,12301.898724022005,11319.455423145248,12244.945489188569,5624600,10945.700390625,786.6193978043025,12518.939186233605,9372.461595016393,0.7228638572764245,28.746242624292663,False,42.25641388603213,487.2361141421042,5876705.0,0.9571009604872118,9567223.481873697
2020-08-04,11646.9365234375,11817.796227937806,11476.076818937194,11760.84299310437,3548700,11037.537548828124,753.5985978324367,12544.734744492998,9530.34035316325,0.7021629871533001,27.31038855355733,False,41.58317299099704,476.8420637748548,5964045.0,0.595015631169785,9567223.481873697
2020-08-05,12259.1826171875,12458.518919905997,11703.888631043119,11703.888631043119,7539000,11157.1392578125,747.8678715183046,12652.875000849108,9661.403514775891,0.868395073964622,26.81217305752024,False,41.788302010204966,500.7520875386864,6115785.0,1.2327117450989529,9567223.481873697
2020-08-06,13540.6318359375,13597.585071840496,12316.137264023067,12316.137264023067,15269600,11308.77724609375,901.0645198918395,13110.906285877429,9506.648206310072,1.1192271864482175,31.871333223159297,False,42.96615525546759,560.5842566182799,6566700.0,2.3253079933604397,9567223.481873697
2020-08-07,14067.44921875,14337.977088341346,13440.963626012146,13540.631788493169,14634000,11486.756103515625,1070.2119954646585,13627.180094444942,9346.332112586308,1.1028462412519269,37.26768413362971,False,44.50200948448475,584.61491416906,6845505.0,2.137753167954738,9567223.481873697
2020-08-10,14110.1640625,14238.30884207871,13483.678473448537,14067.449135973764,5907500,11681.8208984375,1175.405570287554,14032.632039012607,9331.009757862392,1.0164904832526072,40.247340907093346,False,45.92815984000068,596.7588752019966,6971370.0,0.8473944145842209,9567223.481873697
2020-08-11,13825.3984375,14209.832791580844,13683.015343395984,14110.164625708034,4453600,11846.27333984375,1235.2693062608814,14316.811952365513,9375.734727321988,0.9005452672597757,41.70997142556815,False,47.25244231297977,591.763058986487,6813385.0,0.6536545344201157,9567223.481873697
2020-08-12,13398.25,13668.777895855472,12899.909139213602,13668.777895855472,9508600,11994.3517578125,1234.910040589266,14464.171838991031,9524.531676633967,0.7842106299333347,41.18305234077897,False,46.55701123416706,615.6006475079091,6777520.0,1.4029615552591508,9567223.481873697
2020-08-13,13270.10546875,13554.87168052575,12971.10094638546,13384.0119534603,5354500,12138.158740234376,1205.8575628719243,14549.873865978225,9726.443614490527,0.7346767071352377,39.737742393329114,False,45.91125380384097,613.3270822673649,6819340.0,0.7851932885000601,9567223.481873697
2020-08-14,13141.9580078125,13526.392315733343,13113.481392410957,13270.10277711945,6033800,12273.42255859375,1155.636516673709,14584.695591941167,9962.149525246332,0.6878911397933914,37.663056450852544,False,45.31162190425246,599.0116423427235,6997130.0,0.8623249818139723,9567223.481873697
2020-08-18,13440.9658203125,13654.540489067465,13284.344396558858,13298.582707809188,6790100,12420.07724609375,1104.780430881737,14629.638107857223,10210.516384330276,0.7310161697478585,35.5804689130803,False,44.89945835579649,592.8381308364551,7030935.0,0.9657463765487805,9567223.481873697
2020-08-19,13369.7734375,13554.87147231097,13355.535127129926,13497.91823083067,4502000,12564.59609375,1023.6216226103652,14611.83933897073,10517.35284852927,0.6966491636081052,32.58748995901411,False,44.51673506080166,564.7308604324973,7123140.0,0.6320246408185154,9567223.481873697
2020-08-24,13099.244140625,13369.772008746604,12899.907816745925,13369.772008746604,5460100,12669.247607421876,960.9884681634406,14591.224543748756,10747.270671094995,0.6118630835458664,30.340822057987904,False,42.986417836010375,557.9547718840386,6778840.0,0.8054622914834987,9567223.481873697
2020-08-25,13412.48828125,13469.44152235934,13085.007144871284,13113.483765425955,5037400,12770.339599609375,925.0797099976705,14620.499019604717,10920.180179614033,0.6735387433917024,28.97588440094318,False,41.71383869238554,545.5604579986114,6586080.0,0.7648555741806963,9567223.481873697
2020-08-26,13241.6279296875,13512.155812121977,13213.151310483872,13469.440883316533,4310300,12860.752880859374,874.5161098555727,14609.78510057052,11111.720661148229,0.6088816559625836,27.199530788189325,False,40.59799023233922,527.9493182585752,6625000.0,0.650611320754717,9567223.481873697
2020-08-27,13398.25,13412.488310308181,13213.151965993622,13355.535069075451,2503000,12976.795068359375,773.5785695894432,14523.952207538261,11429.63792918049,0.6362030142149301,23.844980690975635,True,39.561845233724775,504.4769629768598,6627315.0,0.37767934676411186,9567223.481873697
2020-08-28,13341.296875,13469.441668890075,13298.581943703308,13440.965048025613,4648100,13045.850927734375,738.9192949093405,14523.689517553055,11568.012337915694,0.5999588010832341,22.656070470296743,True,38.698378877867476,480.6471602775675,6410185.0,0.72511167774409,9567223.481873697
2020-08-31,13099.244140625,13583.346641474185,12814.477963654892,13497.916788383152,6523200,13085.718212890624,717.878097052964,14521.474406996553,11649.962018784696,0.5047103846007778,21.943865376706306,True,36.56637967906222,501.2344115305479,6237555.0,1.045794385780967,9567223.481873697
2020-09-01,13384.013671875,13384.013671875002,13042.294173869683,13227.39223528923,5722900,13142.67158203125,692.3962704057117,14527.464122842674,11757.879041219825,0.5871401609739808,21.07322749667917,True,34.58666613731449,489.84048913588873,6332540.0,0.9037289934212812,9567223.481873697
2020-09-02,13298.58203125,13497.918378613489,13156.198925990362,13497.918378613489,5951500,13199.624951171874,652.996175419438,14505.61730201075,11893.632600332998,0.5378857808832351,19.788325133024774,True,32.99796409822568,479.2604150992629,6466125.0,0.9204121479247618,9567223.481873697
2020-09-03,13327.0595703125,13384.012816339478,13056.531651684363,13327.059570312502,3426100,13283.631103515625,541.2428997000753,14366.116902915775,12201.145304115475,0.5200596011610223,16.298040663198808,True,31.242951005029262,468.41904006753805,6356200.0,0.5390170227494415,9567223.481873697
2020-09-04,13156.197265625,13241.627117999187,13028.052487063716,13156.197265625,3524500,13359.094140625,383.1662060850249,14125.42655279505,12592.76172845495,0.3676182347387276,11.472819999667989,True,29.53108235880943,456.31818600905564,6354990.0,0.5546035477632537,9567223.481873697
2020-09-07,13184.6748046875,13270.104663033206,13013.815087996085,13099.244946341792,2944900,13405.36875,287.20984847213845,13979.788446944276,12830.949053055723,0.3078983481185284,8.569994718635046,True,28.016344104935417,442.0304280824889,6125285.0,0.4807776291225633,9567223.481873697
2020-09-08,13184.6748046875,13284.342972757491,13113.483256066076,13284.342972757491,1447600,13387.5708984375,289.40727892528486,13966.38545628807,12808.75634058693,0.32473134875576126,8.647043772789658,True,26.649409604490582,422.6610915545551,5434185.0,0.2663876919906113,9567223.481873697
2020-09-09,12899.908203125,13184.674388624448,12572.427089800634,13085.00622369964,4428200,13329.19384765625,261.4531921088193,13852.100231873888,12806.287463438612,0.08951959902580052,7.846031653438426,True,25.654751004609146,436.20299322114874,4923895.0,0.8993286818666929,9567223.481873697
2020-09-10,12187.9921875,12686.332989558996,12159.515570239486,12529.71159462617,5410300,13233.08525390625,308.3476488463254,13849.780551598902,12616.3899562136,-0.3473334159644462,9.320506682455026,True,25.605190574316094,457.9308246257463,4899035.0,1.1043603485176163,9567223.481873697
2020-09-11,13056.529296875,13141.95915050777,11746.604874505862,11775.081492383451,4429900,13194.641796875,276.94444523330037,13748.5306873416,12640.7529064084,0.3753247245276464,8.395663921665268,True,24.284414789561158,524.8896425811864,4897850.0,0.9044580785446675,9567223.481873697
2020-09-14,13099.244140625,13170.435684867527,13013.814287533967,13099.244140625,2987900,13179.69150390625,273.42279545433405,13726.537094814918,12632.845912997582,0.4264441694157449,8.298306386710061,True,22.985133640448694,498.5847679206417,4571815.0,0.6535478797807873,9567223.481873697
2020-09-15,13597.583984375,13668.77552356021,13156.196441426702,13270.102904123038,7435300,13196.0654296875,288.5114070253288,13773.088243738157,12619.042615636843,0.847922599341324,8.7453766749673,True,22.060946562689196,503.65238327882525,4675855.0,1.590147684220319,9567223.481873697
2020-09-16,13683.013671875,13782.681825572321,13426.724133796175,13597.583825848726,6462600,13223.118212890626,307.8868318732352,13838.891876637095,12607.344549144156,0.8734289772854962,9.31359235896688,True,21.43470841771407,493.1027624572053,4697295.0,1.375813100944267,9567223.481873697
2020-09-17,13327.0595703125,13668.77904647436,13099.246586204596,13597.587488940639,3511500,13217.422900390626,304.6818200241746,13826.786540438974,12608.059260342277,0.5899599703004723,9.220611985265892,True,20.039694648848084,499.5787855438624,4533365.0,0.7745901774950836,9567223.481873697
2020-09-18,13554.8720703125,13640.301936301865,13170.43767336036,13312.820783342633,3403200,13226.67783203125,312.26990674748953,13851.217645526229,12602.13801853627,0.7627488521865778,9.443638401511851,True,18.74432472061538,497.456319643694,4478425.0,0.7599100130068048,9567223.481873697
2020-09-21,13440.9658203125,13554.872310315148,13369.774264060843,13554.872310315148,2485400,13243.763916015625,314.27265311638524,13872.309222248396,12615.218609782854,0.6568716704598576,9.491943683361399,True,17.541481215827872,475.1450144015947,4329690.0,0.5740364783621922,9567223.481873697
2020-09-22,12999.5771484375,13241.628420642797,12914.14728765916,13042.29207882667,2571700,13223.118359375,316.1622830542878,13855.442925483574,12590.793793266424,0.3232385526999155,9.563925073093909,True,17.23493248966935,478.8359799910051,4206405.0,0.6113771736197536,9567223.481873697
2020-09-23,13184.6748046875,13270.104663033206,12971.10015882323,13099.244946341792,2545400,13220.270703125,316.2432703737811,13852.757243872562,12587.784162377437,0.4718603510555126,9.568435547965835,False,16.870115087985376,465.99087457807445,4118160.0,0.6180915748781008,9567223.481873697
2020-09-24,13028.052734375,13369.772150358607,12956.861189378415,12985.33780737705,3142600,13201.76083984375,316.1116667869636,13833.984173417677,12569.537506269822,0.3626212477110057,9.577863759898413,False,16.242960710607075,462.1994521782258,4150140.0,0.7572274670252088,9567223.481873697
2020-09-25,13213.150390625,13270.10362506735,13042.290687297953,13184.673773403827,2065200,13195.353515625,314.4287612719125,13824.211038168825,12566.495993081175,0.5141501646732386,9.53149942969208,False,15.660603074470083,446.47455492923467,4020995.0,0.5136042198510568,9567223.481873697
2020-09-28,12857.1923828125,13213.150089977853,12814.477457952658,13213.150089977853,2765500,13183.250927734374,322.8679019020435,13828.986731538462,12537.515123930287,0.24752945167277843,9.796306045356618,False,15.691899520708908,443.06015333945663,3833110.0,0.7214768164753946,9567223.481873697
2020-09-29,12899.908203125,13141.95946079953,12572.427089800634,12971.099749499861,2817600,13159.045654296875,325.16307442367,13809.371803144215,12508.719505449535,0.3007634695058941,9.884092903575972,False,16.264311165965147,452.09388317227365,3687845.0,0.7640234337397586,9567223.481873697
2020-09-30,12985.337890625,13070.767745168585,12743.28663608484,12914.146345172012,2564000,13143.383447265625,325.63196585047723,13794.64737896658,12492.119515564671,0.3786624370339026,9.910141240480122,False,16.795836265131655,443.19297073737874,3518470.0,0.7287258382194534,9567223.481873697
2020-10-01,12971.099609375,13099.244391465423,12842.954827284579,13099.244391465423,1607300,13125.58544921875,324.7911713232079,13775.167791865166,12476.003106572334,0.38108833191618896,9.897956097418566,False,17.18142250628334,429.84272741191205,3427530.0,0.4689382733338585,9567223.481873697
2020-10-02,12914.1455078125,13013.81366498415,12814.47735064085,12842.953966975607,2575400,13113.482861328124,328.08351851205094,13769.649898352227,12457.315824304022,0.348104718563985,10.007517361526434,False,17.61165353071673,413.37798362129706,3380075.0,0.7619357558634055,9567223.481873697
2020-10-05,12714.8115234375,12956.862806638437,12714.8115234375,12914.147874308861,1841200,13089.989697265624,339.3468242132341,13768.683345692092,12411.296048839156,0.223602707423324,10.369659016129564,False,18.267160484509205,401.14036216269994,3324890.0,0.5537626808706454,9567223.481873697
2020-10-06,12885.6708984375,13042.292312672651,12828.717656897443,12828.717656897443,2312100,13075.039501953124,341.53521897132055,13758.109939895765,12391.969064010484,0.36138427825541025,10.44846461596701,False,18.501799303526653,395.8789640964465,3368115.0,0.6864670594679814,9567223.481873697
2020-10-07,12782.947265625,12969.45491372054,12725.560296980218,12897.721202914563,3053400,13069.191455078126,345.66813410727224,13760.527723292671,12377.85518686358,0.2929775981575623,10.579633339840955,False,19.005293872880376,385.0229392852947,3299375.0,0.9254480015154385,9567223.481873697
2020-10-08,12969.4560546875,13069.883258650787,12869.028850724211,12998.149541534152,2055400,13108.2646484375,278.44903454405045,13665.162717525602,12551.366579349398,0.3753734287701037,8.496899994378488,False,19.017888075709195,378.016728838187,3131630.0,0.656335518563815,9567223.481873697
2020-10-09,12854.6796875,13069.880798339846,12811.639465332031,12983.800354003906,2418400,13098.17216796875,284.0251151333637,13666.222398235479,12530.121937702022,0.28567698110568607,8.673732838172347,False,19.20434619611836,369.46134342173184,3031055.0,0.7978740075650227,9567223.481873697
2020-10-12,12912.0673828125,13026.841315104166,12711.213001302083,12912.067382812498,4369600,13088.813330078125,287.0555731546091,13662.924476387343,12514.702183768906,0.34606992182448537,8.772546935021367,False,19.67962349862367,365.61612702032835,3100140.0,1.4094847329475444,9567223.481873697
2020-10-13,12912.0673828125,12912.067382812498,12754.253225911458,12840.333675130207,1678400,13054.5375,263.03012036382313,13580.597740727646,12528.477259272355,0.36458764020025924,8.059423640671232,False,20.1209524223786,350.77312915466507,2812295.0,0.5968079451124437,9567223.481873697
2020-10-14,12897.7197265625,12926.41320760046,12754.252321372707,12854.679505005563,4933300,13015.272802734375,219.2435831837231,13453.75996910182,12576.785636366929,0.36595608128543616,6.738040347111651,True,20.451085469301724,338.01511180274287,2735830.0,1.803218767247965,9567223.481873697
2020-10-15,12452.9716796875,12940.760892947148,12452.9716796875,12912.067409814228,5865300,12971.568408203126,239.96242130072054,13451.493250804568,12491.643565601684,-0.040289522943386405,7.399642471883985,False,21.655198745575717,348.71326190680753,2853520.0,2.0554613249600493,9567223.481873697
2020-10-16,12553.3994140625,12668.1733515625,12424.278734375,12467.3189609375,2859100,12921.494775390625,215.03146409465134,13351.557703579929,12491.431847201322,0.07204476693920177,6.656550742231018,True,22.848698103125205,341.2262158554284,2826315.0,1.0115999101303288,9567223.481873697
2020-10-19,12653.8271484375,12725.56086243091,12567.746691645407,12567.746691645407,1962100,12882.137841796875,184.8681618473443,13251.874165491565,12512.401518102186,0.19125201024622154,5.740294479617468,True,23.611079649318484,329.15016103492707,2800150.0,0.7007124618324019,9567223.481873697
2020-10-20,12782.947265625,12811.64074994739,12567.74613320707,12567.74613320707,3002000,12871.30634765625,183.9692283168149,13239.24480428988,12503.367891022619,0.3799268186863766,5.7171890202213795,True,23.808704431735926,323.06047929959794,2821665.0,1.0639108469644696,9567223.481873697
2020-10-21,12782.947265625,12883.374460753366,12696.866812657829,12825.987492108587,1974500,12851.219970703125,169.29997499228602,13189.819920687696,12512.620020718554,0.39918382285461657,5.2695378455349156,True,23.57861207093879,313.3067056421651,2793120.0,0.7069155639571518,9567223.481873697
2020-10-22,12711.21484375,12782.948561829855,12653.827869286119,12739.908330981942,1735300,12835.378076171875,166.68587632112948,13168.749828814134,12502.006323529617,0.3137766150884491,5.194576282270077,True,23.528054359958166,300.1505618494202,2722755.0,0.6373324078001876,9567223.481873697
2020-10-23,12582.095703125,12768.603393137117,12467.321740040623,12768.603393137117,1692400,12803.825341796875,150.33786229200888,13104.501066380893,12503.149617212857,0.13128111027480496,4.69665457872954,True,24.132907245012795,300.2313540813541,2704115.0,0.6258609563572555,9567223.481873697
2020-10-26,12467.3203125,12625.134493670885,12452.973568757192,12582.094262442462,2164400,12784.33173828125,167.36590328205006,13119.063544845349,12449.59993171715,0.02646952042702982,5.23659450359509,True,24.741706334724412,291.083466283664,2674060.0,0.8094059220810303,9567223.481873697
2020-10-27,12122.9951171875,12395.583173076924,11993.874459134617,12338.196213942309,6217100,12745.486083984375,220.76947682638968,13187.025037637155,12303.947130331595,-0.20491058789616223,6.928554168014128,False,26.512688446387788,304.1093510752154,2844035.0,2.186013885201835,9567223.481873697
2020-11-02,11735.6337890625,12036.915341104446,11534.779421034536,12022.568600531022,7408000,12683.00087890625,308.66681299137605,13300.334504889002,12065.667252923498,-0.267305594552385,9.7348195727002,False,28.923332340697858,324.40266143791166,3086235.0,2.40033568409405,9567223.481873697
2020-11-03,11993.875,12008.221740430623,11764.327153110047,11764.327153110047,4239500,12634.1396484375,336.7315054918205,13307.602659421142,11960.676637453858,0.024647502538894476,10.661003118909338,False,31.161787385414353,320.70161071864106,3217845.0,1.3174966476011118,9567223.481873697
2020-11-04,11821.7158203125,12137.344155320843,11778.675592811362,12108.650670320085,2836300,12579.5181640625,375.3127182510822,13330.143600564665,11828.892727560335,-0.004780618201055265,11.934088837306529,False,32.49815568007826,323.4135358465582,3230890.0,0.8778695653519618,9567223.481873697
2020-11-05,11979.529296875,12137.343455276947,11836.061880145959,12137.343455276947,2626800,12542.754052734375,396.76212170401146,13336.278296142398,11749.229809326353,0.14511181571438744,12.653110155421265,False,33.739069096551894,322.85740006926454,3270170.0,0.803260992547788,9567223.481873697
2020-11-06,12036.9150390625,12209.075921623586,11907.794377141687,12166.035700983315,5102000,12500.316259765625,403.4877720971595,13307.291803959944,11693.340715571305,0.21287777923568799,12.911282041586524,False,34.46208910211991,321.3162675273099,3409665.0,1.4963346839058969,9567223.481873697
2020-11-09,11979.529296875,12151.69019694985,11922.142330183384,12108.649971931138,3595200,12460.145361328125,413.73205262552443,13287.609466579173,11632.681256077076,0.20958494670454136,13.28177290482026,False,35.13346482157593,314.7613817586783,3436755.0,1.0461030827044697,9567223.481873697
2020-11-10,11850.408203125,12108.649544113196,11793.021238460957,11979.528873619098,6850500,12404.19296875,416.88561040194867,13237.964189553897,11570.421747946102,0.1679036456241217,13.443377137141049,False,36.06662654378513,314.82330489393263,3676510.0,1.8633160252522094,9567223.481873697
2020-11-11,12309.5048828125,12366.89185196314,11879.102614182691,11922.142841045672,6681700,12376.934228515625,403.4877812347405,13183.909790985106,11569.958666046145,0.4582209494072037,13.039991124946972,False,35.423204411405386,329.22761517566175,3889675.0,1.717804186725112,9567223.481873697
2020-11-12,12108.6494140625,12366.890752277102,12065.609191026731,12309.503788229413,5110700,12336.763330078125,387.06592867785884,13110.895187433844,11562.631472722407,0.35266468893631536,12.5499993254846,False,34.82574100276706,327.23146846671244,3926730.0,1.3015155103610383,9567223.481873697
2020-11-13,12122.9951171875,12223.422295673077,12065.608158052886,12108.648377403848,1736700,12297.309716796875,364.92039315392617,13027.150503104727,11567.468930489023,0.38058039309422187,11.869926075147372,False,34.2709569995096,315.13023054910377,3929645.0,0.44194831848678445,9567223.481873697
2020-11-16,12194.7275390625,12237.76775390625,12065.606894531249,12194.727539062498,4684900,12262.160107421874,336.81886401965625,12935.797835461186,11588.522379382563,0.44994893727549723,10.987260354422894,False,33.66686318665344,304.9181326080964,3917225.0,1.1959741909132102,9567223.481873697
2020-11-17,12079.95703125,12223.42445442399,12079.95703125,12194.730969789192,5397400,12243.509375,336.0234879391378,12915.556350878276,11571.462399121723,0.3783177741881374,10.97801219069637,False,33.105918931858426,293.38593907708884,3893830.0,1.3861416651471687,9567223.481873697
2020-11-18,12051.26171875,12194.729120163689,12051.261718749998,12079.955199032736,3864900,12218.402490234375,330.3621709785574,12879.12683219149,11557.67814827726,0.3735170169534757,10.815232883107305,False,32.70283155452226,282.67747210113185,3944120.0,0.9799144042270519,9567223.481873697
2020-11-19,12338.1982421875,12553.399374318678,11907.795977925145,12022.569915061775,10791700,12202.621044921874,315.67966984798403,12833.980384617842,11571.261705225907,0.6073692814387708,10.347929963107527,False,30.502081070084163,308.600752407732,4385600.0,2.4607123312659613,9567223.481873697
2020-11-20,12223.4228515625,12481.664179412412,12209.076111126393,12452.970698540199,4641400,12174.64482421875,284.828687143567,12744.302198505884,11604.987449931617,0.5428134783691599,9.3580943429894,False,28.458527048820212,306.02841782760964,4467570.0,1.0389092952097,9567223.481873697
2020-11-23,12682.51953125,12696.866272801188,12266.464026265554,12280.810767816742,8064700,12169.6234375,274.22818108363276,12718.079799667266,11621.167075332734,0.9675814970248979,9.013530533364394,False,27.528862710276627,317.98663235697234,4772080.0,1.6899758595832426,9567223.481873697
2020-11-24,12869.0283203125,13112.922948456662,12682.520663496378,12940.762034472547,5378800,12177.514111328124,292.30675081038805,12762.1276129489,11592.900609707349,1.0914285310442113,9.601524519309553,False,28.014574112382977,326.01640270337873,4954255.0,1.0856930053055405,9567223.481873697
2020-11-25,13901.9912109375,14174.57927389706,13141.613982681889,13141.613982681889,21535100,12243.50888671875,478.289181953232,13200.087250625214,11286.930522812285,1.3668826239419933,15.625885891978585,False,30.249638923504342,395.98315633774877,5946390.0,3.621541809400325,9567223.481873697
2020-11-26,14059.80859375,14303.703232621172,13729.833494100765,14059.808593749998,8537900,12323.13330078125,626.9601857186977,13577.053672218646,11069.212929343854,1.1924982369406605,20.350674472666807,False,32.46298724680614,408.6893407793672,6265065.0,1.3627791571196788,9567223.481873697
2020-11-27,14188.9267578125,14303.700685074886,13787.218012394147,14002.419126011122,5135800,12426.4298828125,750.3062066016354,13927.04229601577,10925.817469609228,1.0872591948102375,24.15194754011897,False,34.518239261300664,416.38886448660804,6211000.0,0.8268877797456127,9567223.481873697
2020-11-30,13199.0009765625,14059.805388077446,13199.0009765625,13916.337986158287,23203100,12499.5982421875,750.747814730124,14001.093871647747,10998.102612727253,0.7329020213753201,24.024702240309395,False,34.118152935108384,457.3557871125646,7000755.0,3.3143710928321304,9567223.481873697
2020-12-01,13873.30078125,13945.03449780248,13256.390818898655,13485.938711866596,7743900,12593.56953125,800.1155821075876,14193.800695465174,10993.338367034825,0.8998582450516263,25.41346455021066,False,33.746644203644124,477.9756252645229,7175975.0,1.079142555541233,9567223.481873697
2020-12-02,14920.61328125,14920.61328125,13959.381464092548,13973.728207632212,13645600,12748.514404296875,931.9682098585444,14612.450824013964,10884.577984579786,1.0826644229857394,29.241625504048546,False,34.81455561324009,518.6425448884855,7716440.0,1.7683802375188558,9567223.481873697
2020-12-03,14977.9990234375,15408.401294225934,14734.104403324054,15092.772962314417,9510300,12898.437890625,1037.0112082844612,14972.460307193924,10824.415474056077,1.0013352594936604,32.15928059127826,False,36.28371358595565,529.7607124608709,8060615.0,1.1798479396423225,9567223.481873697
2020-12-04,15207.544921875,15322.31884581368,14977.997073997642,15092.77099793632,6416700,13056.969384765625,1136.0031884999526,15328.97576176553,10784.96300776572,0.9732767387627504,34.801435310873835,False,37.64793170347725,516.5150738433829,8126350.0,0.7896164944901463,9567223.481873697
2020-12-07,15480.134765625,15580.561960582714,15365.360828530467,15379.707570667284,5053700,13231.999658203125,1227.27132137173,15686.542300946585,10777.457015459666,0.9579539724168569,37.10010136255975,False,39.150807232403594,506.2652141908351,8199275.0,0.616359373237268,9567223.481873697
2020-12-08,15365.357421875,15594.905245170985,15164.503076491013,15580.558506214986,4688300,13407.747119140626,1269.9436379437739,15947.634395028173,10867.859843253078,0.8853734615151965,37.8868612797993,False,39.884058805107024,500.8464252257734,8091165.0,0.5794344819318356,9567223.481873697
2020-12-10,14934.9580078125,15551.86789670389,14820.184074995497,15494.480930295389,5261800,13539.019775390625,1286.0377114624491,16111.095198315523,10966.944352465727,0.7713641715129897,37.995002084272954,False,39.525822611011975,517.3348106888177,8020170.0,0.6560708812905462,9567223.481873697
2020-12-11,15006.693359375,15408.402168230165,14920.612900334609,15150.160791108989,3551700,13683.92197265625,1279.640993113621,16243.203958883492,11124.639986429007,0.7584262683512866,37.40567932704236,False,39.19317471649514,515.2244147750133,7942220.0,0.44719234672421565,9567223.481873697
2020-12-14,15724.029296875,15752.722780993385,15121.466130388915,15121.466130388915,6419000,13863.973681640626,1301.6045410007796,16467.182763642184,11260.764599639067,0.8572620478498432,37.55357795361166,False,39.3563092532539,531.710486692397,8176335.0,0.7850705725731639,9567223.481873697
2020-12-15,15250.583984375,15738.373124044569,15207.543766168863,15724.026384642522,5242300,14016.76650390625,1274.4184588798992,16565.60342166605,11467.929586146452,0.7420353910977494,36.368400901156164,False,39.50779132310131,531.6475489197762,8204205.0,0.6389772074198536,9567223.481873697
2020-12-16,15594.91015625,15666.643873620054,15394.055747613846,15394.055747613846,4764200,14192.51416015625,1235.0211470351678,16662.556454226586,11722.471866085914,0.7838809682450353,34.80767771230664,False,39.64845324510248,523.391287514439,8172545.0,0.5829518222291832,9567223.481873697
2020-12-17,15566.2138671875,15752.721498775922,15307.972531141993,15695.334535210253,5996000,14368.261767578126,1162.2259014910398,16692.713570560205,12043.809964596046,0.7576848653244823,32.35536546567083,False,39.46873880861939,517.7739789515454,8279100.0,0.724233310383979,9567223.481873697
2020-12-18,15279.2802734375,15666.64230853873,15207.546563233567,15566.215114253226,6384100,14515.315869140624,1074.609121127707,16664.53411139604,12366.09762688521,0.6777307649071419,29.613110202095218,False,38.937989300217545,513.5826765482324,8058720.0,0.7921977683800902,9567223.481873697
2020-12-21,16226.166015625,16340.939957380084,15379.708195181256,15437.095166058798,8120200,14715.45302734375,995.0944805403717,16705.641988424493,12725.264066263007,0.879540088359469,27.048966244975837,False,39.4730105873652,552.7310342192575,8232660.0,0.9863397735361353,9567223.481873697
2020-12-22,15178.85546875,16183.127569706994,15092.775002953686,16183.127569706994,6674300,14840.26982421875,876.127425434014,16592.524675086777,13088.014973350722,0.5966142694264829,23.61486511530154,False,39.04471480382431,594.206746965833,8163140.0,0.8176143003795108,9567223.481873697
2020-12-23,14963.6513671875,15609.254733940556,14490.208898235258,15494.480802073345,6517800,14945.0009765625,743.1952247365462,16431.391426035592,13458.610527089408,0.5062737185345921,19.891473433880993,True,37.05778496435752,631.6952533043661,8220090.0,0.7929110265216074,9567223.481873697
2020-12-28,15451.44140625,15494.481633008358,14992.345654160865,15437.094663997215,4924000,15022.473486328125,708.705879220718,16439.88524476956,13605.061727886688,0.651320855554903,18.87055097459703,True,35.212778684852644,624.4906113412585,7389535.0,0.666347747185716,9567223.481873697
2020-12-29,15207.544921875,15666.640617629717,15107.117738428655,15508.826472214034,2587300,15079.860302734374,672.1794578872476,16424.219218508868,13735.501386959879,0.547489036462806,17.829859014419743,True,33.83145540391161,619.8500590455302,7092005.0,0.36481925774164004,9567223.481873697
2020-12-30,15264.93359375,15523.174951539004,15207.546625352445,15351.014046346336,5305500,15133.66064453125,639.377956526062,16412.416557583376,13854.904731479126,0.5513283840484569,16.899492371189393,True,32.54879807160922,598.1200569468498,7100490.0,0.7472019536679863,9567223.481873697
2021-01-04,15293.62890625,15480.136575838416,14848.879848000704,15236.241930992028,3454200,15238.392041015624,449.00989089085346,16136.41182279733,14340.372259233918,0.5307548154032774,11.786280066356056,True,30.428527227612932,600.4869620104829,6113045.0,0.565053913393407,9567223.481873697
2021-01-05,15092.771484375,15293.625857741206,14977.997556737168,15293.625857741206,3682700,15299.365576171875,317.3876526863576,15934.14088154459,14664.590270799159,0.3372699047613623,8.298060494238424,True,28.45970430104495,580.1401325463651,5909985.0,0.6231318692010217,9567223.481873697
2021-01-06,14805.8369140625,15207.545667544817,14346.741195796996,15150.15870276163,6610100,15293.6267578125,325.52969612851996,15944.686150069541,14642.56736555546,0.12538759938707747,8.514126865616849,True,27.592092119872518,600.1875853464691,5558210.0,1.1892497764568088,9567223.481873697
2021-01-07,15379.7041015625,15437.091057165344,14805.834545534048,14805.834545534048,5124100,15313.71201171875,317.3195444143936,15948.351100547537,14679.072922889962,0.5519918257521274,8.288507559018129,True,26.221147011372615,602.4067943668139,5338900.0,0.9597669932008466,9567223.481873697
2021-01-08,15652.296875,15752.724077681025,15394.05549667736,15666.643618240145,6137100,15335.949609375,324.9793690428824,15985.908347460765,14685.990871289236,0.7433594989096495,8.476276391628716,True,24.457027022277597,586.0220216347933,5324920.0,1.1525243571734411,9567223.481873697
2021-01-11,15236.2412109375,15709.683734441209,15164.50749525512,15652.296761895304,9466000,15323.754931640626,323.858190043104,15971.471311726833,14676.038551554419,0.43244441286826946,8.45375540101854,True,23.086379859253963,583.1044657456001,5545535.0,1.706958841662707,9567223.481873697
2021-01-12,15049.7314453125,15451.440196950965,14848.877069493268,15236.23908000179,6171300,15307.9736328125,329.36745868035615,15966.708550173213,14649.238715451787,0.30398626162503034,8.606428690845409,True,22.42350102543384,584.4943701536071,5619685.0,1.098157636949402,9567223.481873697
2021-01-13,15035.384765625,15322.31958939647,14863.223871362117,15250.585883453601,7162900,15312.994970703125,324.10486373603777,15961.204698175201,14664.785243231048,0.28586390074647283,8.466139102275335,True,21.807970679743725,575.5373235736604,5714740.0,1.253407854075601,9567223.481873697
2021-01-14,15092.771484375,15379.706303469582,15006.691038646624,15150.158448193915,4883900,15317.298876953126,320.3733451934093,15958.045567339945,14676.552186566307,0.3247923899204392,8.366314394385892,True,21.08479678893056,561.0714622343245,5781350.0,0.8447680904978941,9567223.481873697
2021-01-15,15035.384765625,15207.54565988788,14949.304318493558,15107.118471567866,3786700,15282.866650390624,311.23496734384355,15905.336585078312,14660.396715702936,0.30120976855710024,8.14598398228879,True,20.537486976361578,539.4407393171815,5649735.0,0.6702438255953598,9567223.481873697
2021-01-18,15322.3212890625,15408.401745742627,14891.919005661868,15092.773404582163,4282500,15286.453515625,311.25671237711623,15908.966940379232,14663.940090870768,0.5288088352887009,8.144641582404077,True,19.469543471867503,537.8008822288656,5601745.0,0.7644939210906602,9567223.481873697
2021-01-19,14877.572265625,15408.401748583654,14777.145066146335,15379.708263018321,5403200,15250.58662109375,315.1477326075544,15880.882086308859,14620.29115587864,0.2040956376376231,8.265852073431985,True,18.75290711947948,544.4762965294694,5633695.0,0.9590863545151095,9567223.481873697
2021-01-20,14906.265625,15064.07979427334,14834.531911693937,14877.572139677575,4830900,15217.589208984375,314.9104784857118,15847.410165955798,14587.768252012951,0.2528475509282711,8.277539212315983,True,18.08745907797632,521.9814098187504,5575440.0,0.8664607636347983,9567223.481873697
2021-01-21,14863.2255859375,15035.38650006033,14848.878843093931,14963.652785842483,1612700,15196.786474609375,324.22509192955977,15845.236658468493,14548.336290750256,0.24280145416356022,8.534043495873842,True,17.469543039437667,498.01899890072525,5336870.0,0.30218086631302615,9567223.481873697
2021-01-22,14447.16796875,14920.610414597817,14346.74078326713,14863.223451464748,5088400,15107.836572265625,265.7046497249686,15639.245871715562,14576.427272815688,-0.1216193470828277,7.03488281605425,True,18.074599939347642,503.43690121715105,5185280.0,0.9813163416440385,9567223.481873697
2021-01-25,13916.3388671875,14518.901993395619,13801.564938385955,14490.208511195233,6272100,15044.7107421875,375.31081476497184,15795.332371717444,14294.089112657557,-0.2516249403222052,9.978545182993704,False,19.565606040207157,518.715483630902,5165170.0,1.2143065959106865,9547176.021591792
2021-01-26,13744.1787109375,14432.822320671321,13485.937357287317,13916.339613370956,7471100,14983.737109375,474.99380660650075,15933.724722588002,14033.749496162,-0.15240766363528024,12.680249343384627,False,21.380537406338217,549.2990178989807,5212835.0,1.4332124458188298,9443879.927841792
2021-01-27,13428.5517578125,14059.808464376336,13385.511527819512,13758.526854425414,7200300,14882.592626953125,575.0063272826949,16032.605281518514,13732.579972387735,-0.13218472569335904,15.454466616020362,False,23.194411534818926,558.2274406602552,5326650.0,1.351750161921658,9254503.755966792
2021-01-28,13701.1376953125,13729.831177396924,13199.001758835078,13428.54961551047,6160500,14807.272265625,626.5524666903076,16060.377199005616,13554.167332244386,0.058642480431235294,16.925533763429083,False,25.11220130427526,556.2704390817973,5505310.0,1.119010555263918,9418055.318466792
2021-01-29,13112.921875,14045.4600827407,12797.293558533916,13715.485024617066,10460400,14699.6716796875,721.4241583900299,16142.519996467561,13256.82336290744,-0.04986715728669896,19.631027797360083,False,27.33792306783501,605.6915880192963,5763055.0,1.8150789815471136,9057702.167754056
2021-02-01,13686.791015625,13873.298650009827,12625.132173742139,13112.921371363993,5091000,14619.32978515625,741.0039122765858,16101.33760970942,13137.321960603078,0.18537994399172225,20.274634286695267,False,29.57462725346709,651.5826514656101,5844895.0,0.8710165024350309,9057702.167754056
2021-02-02,12955.107421875,13916.339091050666,12840.33349122716,13686.791229754985,10624600,14512.44658203125,819.1670291684281,16150.780640368106,12874.112523694395,0.02471867619685149,22.578330250191957,False,31.48794141820318,681.898576348317,6191990.0,1.7158619442214862,9057702.167754056
2021-02-03,12883.3740234375,13141.615373573219,12739.906606695435,13141.615373573219,6819500,14416.3234375,892.4438401260047,16201.21111775201,12631.43575724799,0.07057538381180917,24.762037117024278,False,33.373724363243674,661.8850185289932,6202460.0,1.0994831083150878,9057702.167754056
2021-02-04,12825.986328125,13098.574404449804,12797.2928464066,12854.679809843401,5339300,14288.637548828125,929.279863857387,16147.197276542898,12430.077821113351,0.10650949256778676,26.014512879392093,False,35.124808526495556,636.127628494294,6213220.0,0.8593450738908328,9057702.167754056
2021-02-05,13256.388671875,13399.856081743777,12883.37340621618,13055.534298058714,5024000,14168.842138671875,898.1446496519651,15965.131437975804,12372.552839367945,0.246017117857782,25.355484685671087,False,35.526177218962836,631.6806374317571,6157565.0,0.8159069372389898,9057702.167754056
2021-02-08,13959.37890625,14145.886538090956,13428.549492548816,13485.936456192188,6919300,14104.9990234375,862.9700129350425,15830.939049307584,12379.058997567416,0.45781425918490715,24.472742224259424,False,33.64147043802725,650.0961537734855,6030230.0,1.1474355041184168,9057702.167754056
2021-02-09,13500.2861328125,14117.196126129116,13485.93938878188,14002.422173884164,6317900,14027.5267578125,843.0129834051014,15713.552724622703,12341.500791002298,0.3436439783909472,24.038820184337713,False,31.89138557001563,648.7504811716105,6037560.0,1.0464326648513638,9057702.167754056
2021-02-10,13471.58984375,13600.710513178914,13285.082210130458,13572.0170310836,2662900,13949.33701171875,816.7252412506667,15582.787494220083,12315.886529217416,0.35376135576599593,23.41975795880596,False,30.691534137237575,624.9560398770996,5812560.0,0.45812860426387,9057702.167754056
2021-02-11,13485.9404296875,13514.63391996343,13342.472978307846,13500.287174825466,3494700,13868.995458984375,776.3599603035257,15421.715379591426,12316.275538377324,0.37665031400282556,22.391238431060188,False,29.57738637822938,592.613532861277,5743100.0,0.6085041179850603,9057702.167754056
2021-02-15,13342.470703125,13672.445785030242,13127.269562752015,13543.32510080645,4252200,13784.349755859375,733.607789017077,15251.56533389353,12317.13417782522,0.3494157711553111,21.288136241761837,False,28.99941373769273,589.2251535339163,5766375.0,0.7374130194446251,9057702.167754056
2021-02-16,13256.388671875,13371.162599770023,13199.00170792749,13342.469117796267,2797300,13681.053125,645.8535749135943,14972.76027482719,12389.345975172811,0.33561891208010497,18.88315377515485,False,28.462724857194413,559.434849127389,5692115.0,0.49143420327944887,9057702.167754056
2021-02-17,13112.921875,13299.42951654814,13012.494683397155,13299.42951654814,4608500,13592.82060546875,592.0893192590653,14776.999243986882,12408.64196695062,0.29737063528299623,17.42358959761015,False,28.35889398640799,539.9705622719316,5652380.0,0.8153202721685379,9057702.167754056
2021-02-18,13184.65625,13471.591097660501,13112.922538084875,13112.922538084875,3333200,13506.74013671875,510.6285526770406,14527.997242072832,12485.483031364669,0.34231008771925253,15.12218485018073,False,27.669515652405803,527.0204665854009,5577495.0,0.5976159548327699,9057702.167754056
2021-02-19,13242.0419921875,13342.469179560536,13026.840876388136,13184.655027974335,3389700,13425.68095703125,400.8339582023941,14227.34887343604,12624.013040626462,0.3854644416435488,11.942305481122615,True,27.226793728623885,511.92102634161506,5666345.0,0.5982163105140968,9057702.167754056
2021-02-22,13342.470703125,13485.938130040322,13213.35001890121,13342.470703125,3753700,13370.44609375,320.7852050439603,14012.016503837922,12728.87568366208,0.4781977237532144,9.596843749107556,True,26.316681841267552,494.82581811286485,5599610.0,0.670350256535723,9057702.167754056
2021-02-23,13270.7353515625,13485.936465371622,13112.92120143581,13342.46905616554,3517400,13338.16591796875,294.35593605931257,13926.877790087376,12749.454045850125,0.44273041737413515,8.827478616464523,True,25.725401209335445,486.1250642430753,5461875.0,0.6439913033527863,9057702.167754056
2021-02-24,12940.76171875,13270.736795835643,12854.681263858092,13270.736795835643,4608100,13297.995068359374,290.8311764860859,13879.657421331545,12716.332715387203,0.19292034478079267,8.748121051062068,True,25.78050637317366,481.12009765268067,5318725.0,0.866391851430559,9057702.167754056
2021-02-25,13572.017578125,13615.057803002775,12998.147913088002,13084.22836284355,6263300,13305.168359375,295.94512789106653,13897.058615157133,12713.278103592867,0.725421196026771,8.89714793221807,True,24.6655861328047,494.9183824098303,5271875.0,1.1880592768227622,9057702.167754056
2021-02-26,12940.76171875,13256.390053353658,12768.600808966186,12897.721491304046,9128000,13267.149560546875,291.20247605664173,13849.55451266016,12684.744608433592,0.21979304038147193,8.779654581496658,True,24.174398571130826,516.9539814633291,5420250.0,1.6840551635072183,9057702.167754056
2021-03-01,13170.3095703125,13227.696540117784,12940.761691091368,13141.61608540986,3058800,13270.0189453125,289.882543955274,13849.784033223048,12690.253857401953,0.4140088140186663,8.737969256861442,True,23.7182958352908,500.52404343212106,5050170.0,0.6056825809824223,9057702.167754056
2021-03-02,13141.615234375,13342.469615686408,13041.188043719296,13342.469615686408,4421700,13242.76015625,273.81645977941514,13790.39307580883,12695.12723669117,0.40765262800811697,8.270676401254175,True,22.900444767593257,486.2924383274776,5016705.0,0.8813952584415468,9057702.167754056
2021-03-03,13069.8828125,13428.551385839737,12969.455611964873,13428.551385839737,4270900,13248.49892578125,268.62392319595085,13785.746772173152,12711.251079389349,0.33376749252619914,8.11032026196463,True,21.848510062124557,484.3498194380052,4699020.0,0.9088916412358321,9057702.167754056
2021-03-04,12825.986328125,12998.147218435402,12797.2928464066,12869.026550702602,5694700,13245.629541015625,273.0002374819221,13791.63001597947,12699.62906605178,0.11571167779807014,8.244235931151964,True,21.34947062466756,469.22411562767627,4642780.0,1.226571149182171,9057702.167754056
2021-03-05,12510.359375,12754.25399584289,12510.359375,12739.907253440368,7691800,13229.848193359376,305.6997353672953,13841.247664093966,12618.448722624786,-0.0883950287811972,9.242728439491506,True,21.58919414141735,458.252889734628,4760405.0,1.6157868920816612,9057702.167754056
2021-03-08,13385.5107421875,13428.550969654341,12682.5203602291,12682.5203602291,11050900,13236.304296875,307.64701599182393,13851.598328858647,12621.010264891353,0.6212480842951406,9.297066887906373,True,20.298828148185876,491.1056543717504,5061750.0,2.1832172667555687,9057702.167754056
2021-03-09,12926.4150390625,13543.324968784684,12883.374811407464,13457.244513474612,5141800,13184.656103515625,263.39192194420656,13711.439947404038,12657.872259627211,0.254888966841752,7.9908621014081564,True,19.375186901800056,503.16597601499825,4972875.0,1.0339692833622403,9057702.167754056
2021-03-10,12166.0361328125,12926.413391113281,12051.26220703125,12883.373168945312,17758700,13117.943603515625,337.72333449297713,13793.39027250158,12442.49693452967,-0.2046503553953563,10.29805721690912,False,19.284595749288624,529.7364657304448,5544915.0,3.2027001315619805,9037255.136636904
2021-03-12,12180.3828125,12366.890440959955,12051.26214664311,12323.850219007656,7214500,13053.383251953124,386.4601672332092,13826.303586419543,12280.462917486706,-0.06474153966708336,11.84245217577243,False,19.20047550185507,514.4430249151876,5772495.0,1.24980619298934,9047297.812418154
2021-03-15,12108.6494140625,12280.810306205569,12079.955932038654,12223.42334215788,3942900,12984.518701171875,426.01257342825977,13836.543848028396,12132.493554315355,-0.01399262706084804,13.123707801038838,False,19.122363843523914,492.04383557602523,5794905.0,0.6804080481043261,8997084.433511904
2021-03-16,12151.6904296875,12194.730655530548,12108.65020384445,12108.65020384445,3041300,12924.9796875,455.54033577034284,13836.060359040684,12013.899015959314,0.07561976564335046,14.09798225712972,False,19.04983158935927,463.0465074254554,5734360.0,0.5303643301083294,9027213.144449404
2021-03-17,12079.95703125,12252.11793905879,12079.95703125,12209.077712106591,2857800,12866.15810546875,485.4653089215433,13837.088723311837,11895.227487625663,0.09513014639228885,15.09278231907307,False,18.800802959458952,442.26896459569355,5737385.0,0.4981014870014824,8976999.765543154
2021-03-18,12452.9716796875,12481.66516282042,12166.036848358293,12237.770556190595,5048300,12833.160595703124,490.215243199698,13813.59108210252,11852.730109303728,0.30611123313195954,15.279641816804975,False,17.868818585442387,439.37176223674544,5759375.0,0.8765360824742268,9238110.019449404
2021-03-19,12553.3994140625,12553.3994140625,12295.1580546875,12438.6254765625,8500000,12801.59775390625,486.70219862376354,13775.002151153776,11828.193356658723,0.37251016096415096,15.207545432373927,False,16.79358933953582,426.4338763180494,6017715.0,1.4124962714252836,9308409.433511904
2021-03-22,12409.9326171875,12696.867475388368,12395.585874277456,12567.746789197978,3335300,12759.99228515625,482.618500553109,13725.229286262467,11794.755284050032,0.3186664686664721,15.129115747649497,False,15.80748735315827,417.49442808896816,6014995.0,0.5544975515357868,9207982.675699404
2021-03-23,12309.5048828125,12567.746243990383,12309.504882812498,12510.359274839742,2595800,12708.343994140625,472.16180307740456,13652.667600295434,11764.020387985816,0.2888228628784586,14.861473793756344,False,14.723815105301448,406.1192090238908,5957100.0,0.4357489382417619,9137683.261636904
2021-03-24,12108.6494140625,12323.850529241336,12108.6494140625,12223.42334215788,2062200,12650.239697265624,470.8126212135928,13591.86493969281,11708.614454838438,0.21241728726011488,14.887073525266409,False,14.294170220861513,392.48220232067257,5884340.0,0.35045561609288384,8997084.433511904
2021-03-25,12252.1162109375,12409.930354169717,12065.60858711761,12108.648807999123,3328200,12615.807421875,473.62063406404985,13563.048690003101,11668.5661537469,0.30802609473708187,15.016736328515046,False,13.61457853678524,389.04217123006083,5820345.0,0.5718217734515737,9097511.191324404
2021-03-26,12567.7451171875,12610.785340191565,12266.463556159031,12409.930966172587,4497600,12565.593798828126,416.7264380129169,13399.04667485396,11732.140922802291,0.5012906058766228,13.26563454730747,False,12.923805491419795,386.87266823177544,5732060.0,0.7846393792109643,9288552.94858179
2021-03-29,12510.359375,12797.294223050458,12481.665890194954,12610.78657181766,3119300,12544.073681640624,407.3402252612327,13358.754132163089,11729.39323111816,0.47930826336939664,12.989089050311023,False,12.809709507254096,381.78378713347036,5431625.0,0.5742848595033715,9288552.94858179
2021-03-30,12338.1982421875,12596.439600744914,12323.851500045423,12481.665663608286,1654900,12502.468115234375,381.6989698696304,13265.866054973636,11739.070175495113,0.3924087526991617,12.21195579469711,False,12.183295657742779,373.984095245329,5361430.0,0.3086676502351052,9288552.94858179
2021-03-31,12696.8671875,12696.867187499998,12180.384454449151,12409.932335805084,3065000,12480.230712890625,354.48850374969163,13189.207720390008,11771.253705391242,0.6527810297921146,11.361600980134003,False,11.472014144830851,384.1625693742946,5293595.0,0.5790016047695375,9288552.94858179
2021-04-01,12725.5615234375,12768.601754069196,12539.053857366827,12739.9082669814,4277300,12463.0146484375,331.99156909459674,13126.997786626693,11799.031510248307,0.6977059806940391,10.655257285963904,False,10.722966673457314,373.1186641834427,5293915.0,0.8079653715633893,9288552.94858179
2021-04-05,12739.90625,12883.373662725226,12582.092096002252,12768.599732545046,2336400,12458.71064453125,327.5667603161331,13113.844165163515,11803.577123898984,0.71460938618846,10.516875129768527,False,10.390514086570759,367.98744293626635,5126000.0,0.455793991416309,9288552.94858179
2021-04-06,12811.640625,12854.68085106383,12725.56017287234,12739.906914893616,1365700,12473.77470703125,336.86270254798427,13147.50011212722,11800.049301935282,0.7507445284185341,10.802269896957522,False,10.081808113033244,350.9255311687823,4809695.0,0.283947318904837,9288552.94858179
2021-04-07,12811.640625,12883.374335106382,12797.293882978724,12883.374335106382,1937300,12445.081201171875,273.6187861108833,12992.318773393643,11897.843628950108,0.8349179976256973,8.794439560108898,True,9.893559861495339,332.00802552298774,4354015.0,0.44494564212571613,9288552.94858179
2021-04-08,12955.107421875,13069.881352522842,12811.6400085652,12912.067197882061,2416700,12446.5158203125,276.3370255215345,12999.189871355567,11893.841769269431,0.9601189440707681,8.880783329598371,True,10.334305318932174,326.7389768397487,4217760.0,0.5729818671522324,9288552.94858179
2021-04-09,13041.1904296875,13112.924150422856,12969.456708952146,13026.84368554043,2241600,12490.27353515625,298.0246515391844,13086.322838234619,11894.22423207788,0.9621403730244906,9.544215367272383,False,10.879172360638076,314.67310196175634,3441905.0,0.6512672488055307,9288552.94858179
2021-04-12,12295.158203125,13155.962744767356,12194.731006600057,13141.61600240665,3872200,12496.0123046875,292.8026305665009,13081.617565820501,11910.407043554498,0.32850726001513664,9.372674207648299,True,11.387174470458575,360.8558616907236,3274790.0,1.1824269647824746,9288552.94858179
2021-04-13,12926.4150390625,12926.4150390625,12094.303971065136,12323.851851891995,4660600,12536.9005859375,292.96072152020616,13122.822028977911,11950.979142897088,0.8323947755724442,9.347149864100116,False,12.097959341922136,394.51694785548364,3310675.0,1.4077491750171793,9288552.94858179
2021-04-14,12768.5986328125,12854.679073033709,12481.66383207514,12854.679073033709,1715200,12567.74599609375,282.5599178760768,13132.865831845904,12002.626160341597,0.6777080045787299,8.99317723206375,True,12.757973865424013,398.10510922204617,3244370.0,0.5286696646806622,9288552.94858179
2021-04-15,12452.9716796875,12639.479320051483,12366.891230288738,12625.132578485023,2910900,12586.396728515625,260.0850174460488,13106.566763407722,12066.226693623528,0.37174862076032267,8.265590956840004,True,13.659183858300183,398.3624158864544,3247025.0,0.8964821644428361,9288552.94858179
2021-04-16,12668.173828125,12668.173828125,12424.279201762458,12452.972687216874,2740000,12597.1568359375,258.7225461488827,13114.601928235264,12079.711743639735,0.568622732387066,8.215267921751739,True,14.373972160414958,387.3290023490321,3131610.0,0.8749493072253569,9288552.94858179
2021-04-19,12739.90625,12754.252991272522,12567.74535472973,12754.252991272522,2435100,12606.482177734375,260.41800458038205,13127.31818689514,12085.64616857361,0.6280864513194991,8.26298727619141,True,14.665185483838727,372.98461907715784,2828365.0,0.860956771845218,9288552.94858179
2021-04-20,12899.984375,12987.938813920455,12724.07549715909,12841.348082386365,2658600,12630.984765625,263.9814067280985,13158.947579081198,12103.021952168803,0.7547524205483814,8.359804453141905,False,14.006928990381835,365.1902403403154,2794530.0,0.9513585468755033,9288552.94858179
2021-04-21,13178.505859375,13295.778436544077,12812.029055721636,12899.983488598442,4400300,12674.434814453125,279.3516343861005,13233.138083225325,12115.731545680925,0.9511080148408793,8.816223791456016,False,13.632008357898686,373.6587503747529,2884755.0,1.5253635057396555,9288552.94858179
2021-04-22,12636.1201171875,13178.50578347049,12636.1201171875,13178.50578347049,5274600,12700.808349609375,246.03733206762715,13192.88301374463,12208.73368547412,0.43426990136186483,7.748714106852711,False,12.689076570656763,385.7106783613777,3045375.0,1.7320034478512498,9288552.94858179
2021-04-23,12665.4384765625,12782.71105504919,12621.461259629992,12636.120331940827,2418200,12721.474462890625,222.6086528911829,13166.69176867299,12276.257157108259,0.4370689485782067,6.999460747747342,True,11.800885496341676,369.67775815122206,2999875.0,0.8061002541772574,9288552.94858179
2021-04-26,12636.1201171875,12812.028981927928,12621.461045125798,12782.710837804523,2439600,12724.893212890625,220.63980292577432,13166.172818742174,12283.613607039077,0.3994140058525732,6.935690515728993,True,11.043525012465082,356.88419948342977,2896975.0,0.8421197973748479,9288552.94858179
2021-04-27,12665.4384765625,12768.051982738354,12621.461259629992,12724.074765805844,1720300,12732.64716796875,215.36555847308662,13163.378284914923,12301.916051022576,0.42198300893286983,6.7657748033693235,True,10.340261706008246,341.86323688521065,2827025.0,0.6085195567778848,9288552.94858179
2021-04-28,12562.82421875,12738.733075955366,12460.210718713535,12738.733075955366,1981000,12743.878466796876,198.94341820783225,13141.76530321254,12345.991630381212,0.27248022367629665,6.244360183633665,True,10.127523441911785,337.338888339255,2843330.0,0.6967182845466408,9288552.94858179
2021-04-29,12533.505859375,12636.119357638889,12489.528645833332,12562.824001736111,2011500,12735.710400390624,204.2577598490019,13144.225920088627,12327.194880692621,0.2525130242724868,6.415276523333528,False,9.92998076810793,323.71401858684794,2790655.0,0.7207985222107355,9288552.94858179
2021-04-30,12416.2333984375,12621.460396758781,12401.574327128836,12621.460396758781,2163200,12720.243994140625,216.4159952912146,13153.075984723055,12287.412003558195,0.14881223856161832,6.805403902343496,False,10.082626011788445,316.2977365184978,2684950.0,0.8056760833535075,9288552.94858179
2021-05-03,12284.3017578125,12474.869684843003,12254.983615192421,12430.892470912888,2634800,12697.46376953125,237.2165381853347,13171.89684590192,12223.030693160581,0.06457292682946139,7.472879387285449,False,10.749111327051484,309.4111888850752,2699870.0,0.9758988395737572,9288552.94858179
2021-05-04,12650.7802734375,12680.09842007351,12313.621587123407,12313.621587123407,3181800,12689.420751953125,235.86472769383033,13161.150207340785,12217.691296565465,0.4590438141244853,7.4350037658740655,False,10.413787300444902,315.5815798404991,2790675.0,1.140154263753393,9288552.94858179
2021-05-05,13002.5966796875,13119.869254025154,12650.778956674534,12665.43802846674,3807500,12698.9685546875,244.76943815453177,13188.507430996564,12209.429678378438,0.8101164582568393,7.709899811167929,False,10.791845227196438,326.54648823407916,2884185.0,1.320130296773612,9288552.94858179
2021-05-06,12782.7109375,13105.210525372706,12665.438360091743,13017.256092316513,2581700,12690.34873046875,238.22248769618136,13166.793705861113,12213.903755076386,0.5969285141009074,7.508776717040854,False,11.142899016322865,334.6340365945709,2892435.0,0.8925697552408265,9288552.94858179
2021-05-07,12753.39453125,13002.598792205461,12709.417308728449,12899.985272988506,4098900,12675.958935546874,224.193604111615,13124.346143770104,12227.571727323644,0.586349024105717,7.0746080908455635,False,11.468877534797404,331.6731399433167,2985300.0,1.373027836398352,9288552.94858179
2021-05-10,12753.39453125,12958.621569683908,12650.781012033047,12958.621569683908,2293700,12698.870751953125,205.89735784899668,13110.665467651119,12287.076036255132,0.5662026213770818,6.485532827943118,False,11.498494859538233,329.97081263671276,2906375.0,0.7891961636058664,9288552.94858179
2021-05-11,12577.484375,12753.393247377622,12548.166229603728,12753.393247377622,1969900,12681.42421875,200.3091475053767,13082.042513760754,12280.805923739246,0.3702757150079601,6.318190892446034,False,11.057522057136037,321.0606332802527,2771840.0,0.7106831563149388,9288552.94858179
2021-05-17,12562.82421875,12782.71029025671,12562.82421875,12782.71029025671,2780100,12671.135498046875,200.87974446249117,13072.894986971858,12269.376009121892,0.3652038317916382,6.341333639544936,False,10.767855789557178,313.8338788678568,2825085.0,0.9840765853062828,9288552.94858179
2021-05-18,12841.3466796875,13017.255538313357,12680.0968926138,12694.755964165954,5605200,12690.554248046876,197.42225660458928,13085.398761256054,12295.709734837697,0.6909516614717884,6.222651989686682,False,11.378553466806077,323.8765532032496,2959800.0,1.8937766065274682,9288552.94858179
2021-05-19,12826.6884765625,12870.665694196428,12738.734041294643,12841.347549107142,2617700,12698.47998046875,199.64583127224444,13097.771643013239,12299.188317924261,0.6605449200676274,6.288810364053497,False,11.945629881394343,310.1662031817164,2953685.0,0.8862488721715417,9288552.94858179
2021-05-20,12914.642578125,13046.574227617763,12665.438351305334,12665.438351305334,3779900,12707.216796875,205.29749845211433,13117.811793779229,12296.621799970771,0.7525917057123593,6.462390678739398,False,13.06746414991188,315.23546554819586,3020925.0,1.25123927273931,9288552.94858179
2021-05-21,12709.416015625,13075.892832684545,12680.097870260237,12958.620251225491,2734700,12697.68837890625,200.23984000119822,13098.168058908646,12297.208698903854,0.5146419872272664,6.307914764512317,False,14.20323158109737,320.989715325061,3024730.0,0.9041137556079386,9288552.94858179
2021-05-24,12430.892578125,12797.369364036704,12430.892578125,12709.414935417895,4470900,12660.30771484375,173.7923966941897,13007.89250823213,12312.72292145537,0.16998680454008125,5.490937522487691,False,13.942204271754957,324.2387917955355,3028260.0,1.476392383745121,9288552.94858179
2021-05-25,12606.802734375,12724.075317950581,12328.280348382994,12489.530150799417,4899200,12658.841845703126,174.13045826761953,13007.102762238364,12310.580929167887,0.4252871785817227,5.502255589889548,False,13.22952067980537,329.34994735068204,3009490.0,1.6279170224855375,9288552.94858179
2021-05-27,12694.7578125,13017.257433602772,12621.462444067552,12709.41688618649,7901900,12660.3078125,174.31223850994363,13008.932289519886,12311.683335480113,0.5494084642227166,5.507361782715525,False,13.630160050416967,335.1431439133313,3283675.0,2.4064196365352846,9288552.94858179
2021-05-28,12797.37109375,12943.96182792812,12606.803139318441,12606.803139318441,3131800,12668.370361328125,176.84539456274035,13022.061150453606,12314.679572202644,0.6823637148437424,5.583840368373966,False,13.931976268126554,335.2871113916419,3318285.0,0.9438007886604074,9288552.94858179
2021-05-31,13222.484375,13310.438816518847,12782.712167405763,12929.302903270509,3707100,12696.22265625,215.91059498807232,13128.043846226145,12264.401466273855,1.1093514294412843,6.8023569161898845,False,15.280806619274264,349.0327926574591,3417625.0,1.0847006327493507,9288552.94858179
2021-06-02,13940.7783203125,13984.755538988566,13369.07447752366,13486.347060659833,6248700,12765.120361328125,349.5799056353186,13464.280172598763,12065.960550057487,1.340764829465641,10.954221996820952,False,17.80585199107585,378.54981918110957,3631010.0,1.7209261335000454,9288552.94858179
2021-06-03,13867.4814453125,13940.776801788783,13647.595375883655,13896.799587903013,4330800,12831.819140625,422.67918883626373,13677.177518297529,11986.460762952473,1.1125581363131,13.175970895602152,False,20.15053697917733,372.45218527023354,3746975.0,1.155812355299942,9288552.94858179
2021-06-04,13794.1884765625,13852.824771893265,13515.666073741366,13808.84755039519,3461200,12900.71689453125,461.8613061701718,13824.439506871593,11976.994282190906,0.9836254791725575,14.320484976023607,False,21.717088771098272,370.9781271488693,3811875.0,0.9080045909165437,9288552.94858179
2021-06-07,13471.6865234375,13838.163305903156,13339.754881749865,13808.845163305905,2276000,12960.0861328125,454.7148339391921,13869.515800690884,12050.656464934114,0.7812754018782546,14.034315182148058,False,22.406972135670433,380.08029122061373,3793935.0,0.5999048481326117,9288552.94858179
2021-06-08,13735.5498046875,13735.549804687502,13325.095808389475,13515.66373524213,3663700,13014.324609375,479.87846974878994,13974.08154887258,12054.56766987742,0.875733253718411,14.749239292928182,False,22.984543820902903,382.2498415832861,3818030.0,0.9595786308646082,9288552.94858179
2021-06-09,13706.232421875,13706.232421875,13383.73283547794,13647.59613343917,3133900,13049.506396484376,504.15261278704,14057.811622058456,12041.201170910295,0.8256583466661676,15.453538163646169,False,23.520860385761626,380.0760649851628,3784350.0,0.8281210775958884,9288552.94858179
2021-06-10,13251.8017578125,13618.278576336075,13207.82453958967,13603.619503595131,3361600,13072.9609375,501.9943682329892,14076.949673965979,12068.972201034021,0.5890651527336931,15.359775666215311,False,23.222000743620846,388.52833764946047,3823345.0,0.8792300982516619,9288552.94858179
2021-06-11,13471.6865234375,13706.23166421552,13251.800453958107,13354.413953048492,4338700,13108.875537109376,503.62009515270506,14116.115727414786,12101.635346803965,0.6801015238570427,15.367301145762744,False,23.19804675720084,393.2356856928857,3835335.0,1.1312440764626819,9288552.94858179
2021-06-14,13193.1650390625,13471.687412109375,13134.528750000001,13471.687412109375,2343700,13130.8640625,496.83730653988897,14124.538675579779,12137.189449420222,0.53134878145342,15.13494631198842,False,22.654101170944266,389.2301840083491,3837835.0,0.6106828459274565,9288552.94858179
2021-06-15,12929.302734375,13251.802349064626,12841.348294005102,13237.143275669643,4071100,13148.45498046875,482.22663141027283,14112.908243289296,12184.001717648205,0.38638524304804606,14.670214321807137,False,21.06175963770351,390.7461747977188,3942895.0,1.0325154486741341,9288552.94858179
2021-06-16,13281.119140625,13427.709859616445,12899.98327124724,12929.30141504553,4093500,13184.3697265625,462.66658265251743,14109.702891867535,12259.036561257464,0.552278151097398,14.036820636799503,False,20.118216257039013,400.53049005282503,4008565.0,1.0211883803805102,9288552.94858179
2021-06-17,12899.984375,13178.506764914773,12899.984375,13178.506764914773,1821600,13187.301611328125,460.5594576104473,14108.42052654902,12266.18269610723,0.34403900974109164,13.969786122577768,False,19.242068832136265,399.14508116512326,3819385.0,0.47693542284949014,9288552.94858179
2021-06-18,13354.4150390625,13354.415039062502,12592.143269544114,12899.983791849616,7436100,13213.687939453124,453.8806685520241,14121.449276557172,12305.926602349076,0.5775132702050988,13.739712051072056,False,18.404095821578203,425.08270176178496,4060305.0,1.8314141425336274,9288552.94858179
2021-06-21,12665.4384765625,13046.574356644242,12430.89331958912,13046.574356644242,4061800,13201.227734375,465.7868145540413,14132.801363483082,12269.654105266916,0.21242785268327086,14.113439262657906,False,18.117330492525976,460.6854887411846,4074400.0,0.9969075201256626,9288552.94858179
2021-06-22,12680.099609375,12812.031281611271,12504.19071305997,12665.44053468208,4352400,13199.7619140625,467.4591205891716,14134.680155240843,12264.843672884155,0.22208141749778468,14.16568340043042,False,17.851048401263196,449.7679944419072,4155285.0,1.047437179399247,9288552.94858179
2021-06-23,12372.2568359375,12753.39271003036,12372.2568359375,12709.415493788876,3869400,13196.830126953126,472.6896862403843,14142.209499433895,12251.450754472356,0.06389291166155676,14.327370488007302,False,18.006908789607298,444.865700131261,4125210.0,0.9379886114888697,9288552.94858179
2021-06-24,12489.529296875,12518.847440764379,12372.256721317488,12372.256721317488,2364900,13190.966455078125,481.04763618816116,14153.061727454447,12228.871182701803,0.13546377456433478,14.587183974013435,False,18.151636645366153,423.5603443680917,3998495.0,0.5914475321339654,9288552.94858179
2021-06-25,12518.8466796875,12562.823892847995,12445.551324420008,12489.528537580503,1214300,13182.1708984375,492.0796082648499,14166.3301149672,12198.0116819078,0.1629995392976225,14.931671332623283,False,18.072960636007828,401.68264608665567,3664115.0,0.33140335387944975,9288552.94858179
2021-06-28,11961.802734375,12592.142829446231,11961.802734374998,12592.142829446231,4526800,13140.39248046875,557.5804553011045,14255.55339107096,12025.23156986654,-0.02843931978268849,16.973022872181808,False,19.347462150376156,418.01532101412545,3733865.0,1.2123630607962528,9268449.165389221
2021-06-29,11873.8486328125,12152.371008150076,11741.916981336804,11947.143994743441,4240000,13072.960693359375,624.6462847157577,14322.253262790891,11823.668123927859,0.020083569738782517,19.112618766858454,False,20.989491565097474,417.4752285712073,3760510.0,1.1275066413864077,9206881.294295471
2021-06-30,11873.8486328125,11991.121211902006,11785.89419849537,11917.825849971065,3305000,12969.614208984374,644.1897817217538,14257.993772427883,11681.234645540866,0.07475048220915044,19.867662101329362,False,22.51423316448156,402.31464177373783,3613325.0,0.9146700061577633,9206881.294295471
2021-07-01,11917.826171875,12049.757826914207,11815.212662400063,12020.439681349939,2229400,12872.1314453125,648.6692344733414,14169.469914259182,11574.792976365818,0.13220651499978006,20.15732164418068,False,23.624534463958767,390.33110768376685,3508255.0,0.6354726210038893,9237665.571639221
2021-07-02,11961.802734375,12049.757166245403,11873.848302504595,11917.825518439797,1614900,12780.512158203124,640.9405529936079,14062.39326419034,11498.63105221591,0.18066093649238568,20.059933281538243,False,24.65552852775903,375.0152331164126,3415940.0,0.47275420528463613,9268449.165389221
2021-07-05,11859.189453125,12123.052753688968,11815.21223636434,12049.7573924212,1200800,12699.8873046875,650.7646207432189,14001.416546173938,11398.358063201062,0.17703458947938674,20.496705368496404,False,25.201198801831367,370.2170391312852,3362180.0,0.35714923055874465,9196619.868514221
2021-07-06,12167.0302734375,12196.3484186747,11873.848821065512,11873.848821065512,3088100,12621.461328125,612.7901833099959,13847.041694744992,11395.880961505009,0.31460577083950503,19.420577930845027,False,25.301329991427863,367.85574816117196,3333400.0,0.9264114717705646,9412108.442732971
2021-07-07,11947.1455078125,12079.077175996932,11917.82735932707,12079.077175996932,1223100,12533.506982421875,573.9052978721024,13681.31757816608,11385.696386677671,0.2445739406904511,18.315872761773658,False,25.394308953196038,359.3805457289762,3237860.0,0.37774950121376466,9258189.106795471
2021-07-08,11756.576171875,12005.78040494467,11727.25802680798,11947.14411481063,3126200,12458.745703125,572.7986534261345,13604.343009977269,11313.14839627273,0.19353562239975297,18.390251059782386,False,26.082693021992018,353.60496232952715,3226090.0,0.9690368216633758,9124790.571639221
2021-07-09,11434.0771484375,11727.258613782053,11434.077148437502,11727.258613782053,6247600,12356.865234375,564.2960959052676,13485.457426185536,11228.273042564464,0.09117735678415256,18.26664239520808,False,27.46369345671328,351.38310955152514,3321535.0,1.8809375785593108,8998227.409609247
2021-07-12,11419.4169921875,11653.962142219592,11390.098848433488,11463.394207818517,3515000,12268.17783203125,565.3259111249105,13398.829654281071,11137.526009781428,0.12465861587926896,18.432269856698337,False,28.84419248463132,345.13169413970934,3380100.0,1.0399100618324901,8998227.409609247
2021-07-13,11155.5537109375,11536.689580167953,11140.894639044021,11478.053292594037,4059500,12179.490380859375,594.5281786260724,13368.54673811152,10990.434023607231,0.06943307872801462,19.525551892069316,False,30.63216858720003,348.7504974957252,3379520.0,1.2012060884385949,8998227.409609247
2021-07-14,10906.3505859375,11243.509273405996,10862.373365832913,11155.554833196824,4441200,12060.751953125,600.0497381613474,13260.851429447695,10860.652476802305,0.01903930050666384,19.900906361178315,False,32.74751672237734,351.06374107267936,3396905.0,1.307425435801119,8998227.409609247
2021-07-15,11272.826171875,11316.803387109883,10906.349378250976,10906.349378250976,3348100,11979.39404296875,590.5068235719153,13160.40769011258,10798.38039582492,0.20086379915993471,19.71741880946009,False,34.28057455687614,355.30590305741,3473230.0,0.9639730164716993,8998227.409609247
2021-07-16,11316.8046875,11448.736348364639,11228.850246923575,11375.440981217616,2272700,11877.513525390625,511.2429117798121,12899.999348950249,10855.027701831,0.22581094770653895,17.21716959317875,False,34.95448497530817,345.6330600848138,3215060.0,0.7068919398082772,8998227.409609247
2021-07-19,11199.53125,11463.39455170157,11140.894960732985,11316.803828534032,1536600,11804.2181640625,497.22424355918685,12798.666651180874,10809.769676944126,0.19596870934224592,16.84903605299223,False,35.767545562742264,343.98066943365467,3088800.0,0.49747474747474746,8998227.409609247
2021-07-21,11170.2138671875,11316.804600352689,11155.55479387098,11316.804600352689,2716600,11728.723876953125,471.1806231923811,12671.085123337887,10786.362630568363,0.20366459152035857,16.06928863312225,False,36.52253039393106,330.9284649370871,3007010.0,0.9034223364737729,8998227.409609247
2021-07-22,11800.5517578125,11873.847110345496,11258.166149068322,11258.166149068322,4246900,11700.138623046874,446.7952936494756,12593.729210345826,10806.548035747923,0.5561852016979855,15.274871795771055,False,34.55881400642359,357.5502348100091,3025885.0,1.4035232667467534,8998227.409609247
2021-07-23,11580.6669921875,11844.53029074367,11580.6669921875,11800.553074317642,1813500,11654.6955078125,406.70233226515126,12468.100172342802,10841.290843282197,0.4544946575467779,13.958402671010193,False,32.735363075166646,350.8583107918778,2998315.0,0.60483971830845,8998227.409609247
2021-07-26,11844.53125,12049.758276608909,11609.986076732672,11609.986076732672,3757400,11620.979736328125,356.09536352466824,12333.17046337746,10908.78900927879,0.6569463804998327,12.256982512807758,True,30.51709574546594,359.3035231939872,3125470.0,1.2021871910464665,8998227.409609247
2021-07-27,11727.2568359375,12005.779185791016,11507.370770263673,11903.165688476563,2650200,11609.25244140625,348.05158174370223,12305.355604893655,10913.149277918845,0.5847607084128594,11.992213400488087,True,28.582191645697552,369.239586932084,3031640.0,0.8741803116465016,8998227.409609247
2021-07-28,11595.326171875,11815.212256044562,11507.371738207174,11727.257822376738,1612900,11595.326318359375,342.4341831456228,12280.194684650622,10910.457952068129,0.4999998930565474,11.812834714394626,True,26.785494981626904,364.85393913960576,2900285.0,0.5561177608407449,8998227.409609247
2021-07-29,11580.6669921875,11683.280497181566,11522.030703619463,11595.326064329509,2926500,11580.667236328125,336.1002880110488,12252.867812350223,10908.466660306027,0.49999981840195196,11.609012888539441,True,25.117133793561305,350.31078588406984,2881360.0,1.0156662131771108,8998227.409609247
2021-07-30,11463.3935546875,11727.256833439898,11463.3935546875,11697.9386913563,5507300,11557.94560546875,327.3543217041523,12212.654248877056,10903.236962060446,0.42779074193290895,11.329152528603755,True,23.806700081688906,344.1359639460933,3045255.0,1.8084856604783508,8998227.409609247
2021-08-02,11316.8046875,11609.986156088084,11214.191173494171,11492.71356865285,3560300,11525.695703125,317.08403539590614,12159.863773916813,10891.527632333187,0.33530311186734607,11.004421548624938,True,23.500536511836476,347.82589384950893,3142525.0,1.1329424586916572,8998227.409609247
2021-08-03,11228.849609375,11404.758480540142,11228.849609374998,11316.804044957571,2294200,11494.1787109375,313.49779909499466,12121.17430912749,10867.18311274751,0.2884123091705492,10.909793800114835,True,23.216241768402078,335.5461065149114,3197195.0,0.7175664918780369,8998227.409609247
2021-08-04,11096.9169921875,11360.780276017587,11052.93977821582,11287.484919398119,4676000,11440.673046875,282.3926956898669,12005.458438254733,10875.887655495266,0.19567550795911534,9.873289605702064,True,23.53103569044459,333.5671344639726,3276590.0,1.4270934111377986,8998227.409609247
2021-08-05,11082.2568359375,11214.188464936757,11038.279626271082,11096.915905826307,3025000,11397.42861328125,266.52868541566033,11930.48598411257,10864.37124244993,0.20437349280788517,9.353993587819568,True,23.869641442021702,322.30582762123703,3366685.0,0.8985099586091363,8998227.409609247
2021-08-06,11082.2568359375,11258.165674603175,11082.2568359375,11140.893115492725,1696800,11363.712646484375,261.30484464739516,11886.322335779165,10841.102957189585,0.23072082635257699,9.197868787301148,True,23.92644469000912,311.84889983869687,3295215.0,0.5149284644552783,8998227.409609247
2021-08-09,10964.984375,11140.893215240641,10921.007164939838,11096.916005180481,2587700,11340.2580078125,275.3328019467402,11890.923611705979,10789.59240391902,0.1592545183872681,9.711694451997772,True,24.5169302274792,305.2801248717045,3112220.0,0.8314643566328859,8998227.409609247
2021-08-10,11140.89453125,11228.848961759868,10877.031239720394,11111.57638774671,2200900,11326.331884765625,278.1476129916855,11882.627110748996,10770.036658782254,0.3333282896794374,9.823043005328328,True,24.541685744689563,308.6042389551166,3046515.0,0.7224320247889802,8998227.409609247
2021-08-12,12137.7119140625,12269.643565302309,11243.50850010379,11346.12200662364,9640600,11375.439794921875,328.5451525592912,12032.530100040458,10718.349489803291,1.0800360416237311,11.552789465105619,False,24.705443443879556,367.18601003348755,3325570.0,2.8989316117237047,8998227.409609247
2021-08-13,12108.3935546875,12240.325203588454,11888.507473185911,12167.029843087925,3358400,11435.541943359374,347.61045886746217,12130.7628610943,10740.32102562445,0.9839120876284333,12.158950072998337,False,24.857504164555976,366.0882757741344,3271430.0,1.026584704548164,8998227.409609247
2021-08-16,11829.87109375,12137.711605483271,11785.893877788103,12108.393461508673,2410400,11463.394189453125,356.0996087344416,12175.59340692201,10751.194971984241,0.7572853882087325,12.425625529376658,False,24.58919204316945,365.0689509113511,3224545.0,0.7475163162554717,8998227.409609247
2021-08-18,11566.0078125,11844.530180608364,11492.712452471482,11829.871108602661,4366800,11475.854345703125,355.05875415590225,12185.97185401493,10765.73683739132,0.563477851018771,12.375854327180313,False,23.28386396018535,364.1224349988891,3329250.0,1.3116467672899301,8998227.409609247
2021-08-19,11316.8046875,11639.304302946892,11126.236732917747,11580.668009229275,4428900,11481.718017578125,351.2026215846368,12184.1232607474,10779.31277440885,0.3826081299350565,12.235194107605075,False,22.241668971661483,374.76137321533594,3473865.0,1.2749200098449422,8998227.409609247
2021-08-20,11140.89453125,11346.121535773027,11126.235459498355,11272.826177014802,2358000,11480.25205078125,352.629608774135,12185.51126832952,10774.99283323298,0.25940936957125044,12.286476192833685,False,21.273919927469173,363.6988520052885,3455935.0,0.6823044993612438,8998227.409609247
2021-08-23,11155.5537109375,11316.80350176577,11126.235567150543,11258.167214191853,5544100,11448.0021484375,351.28644514046846,12150.575038718436,10745.429258156562,0.2918732408084674,12.274157205269722,False,20.375295815004883,351.3323579059983,3520795.0,1.5746727656679813,8998227.409609247
2021-08-24,11038.28125,11287.485474767594,10891.690529548472,11258.16733067729,7852200,11420.882861328126,361.29906721454495,12143.480995757216,10698.284726899035,0.23525975704987723,12.653980313130713,False,20.20216155158603,354.50825699979293,3822730.0,2.0540817687882744,8998227.409609247
2021-08-25,11214.1904296875,11375.440226715687,11052.940632659314,11082.25877757353,3589200,11389.3658203125,349.70518636323146,12088.776193038962,10689.955447586037,0.3747692360193876,12.281814172288524,False,19.709966647966482,353.2690226937854,3814320.0,0.9409803057950041,8998227.409609247
2021-08-26,11302.1455078125,11346.122727687256,11214.191068062986,11302.1455078125,2669200,11368.11025390625,340.89523721989667,12049.900728346043,10686.319779466457,0.4516238869808561,11.99478997321511,False,19.2529285231769,337.4592566442119,3815270.0,0.6996097261792743,8998227.409609247
2021-08-27,11419.4169921875,11434.076064064506,11258.167201540437,11316.80348904846,3209800,11359.314794921875,336.97101222077174,12033.256819363418,10685.372770480331,0.5445900352596564,11.865892205801456,False,18.4753962698212,325.91994277848744,3895115.0,0.824057826277273,8998227.409609247
2021-08-30,11727.2568359375,11727.2568359375,11419.416343994142,11419.416343994142,4889600,11366.644287109375,343.5687259573086,12053.781739023992,10679.506835194758,0.7624020476713399,12.090418852886648,False,17.606252697320254,324.62855343312106,3993270.0,1.2244601542094573,8998227.409609247
2021-08-31,11771.2333984375,11961.801311488169,11595.324555621497,11727.2561877335,5355700,11382.036279296875,354.84196478084095,12091.720208858558,10672.352349735193,0.7742045458046385,12.47024543143564,False,17.49839333737423,327.6177107498033,3985690.0,1.343732201952485,8998227.409609247
2021-09-01,11756.576171875,11917.82596974361,11668.62173667394,11873.84875214308,2881800,11404.024853515624,364.0921371288239,12132.209127773272,10675.840579257976,0.7420756193332974,12.77065393334642,False,17.398238217424353,322.0167480583651,3951765.0,0.7292437682908777,8998227.409609247
2021-09-02,11917.826171875,11917.826171875,11756.576371271525,11756.576371271525,2570500,11438.473681640626,378.9368504163686,12196.347382473363,10680.599980807889,0.8162482678233002,13.251308206429075,False,17.30523766044469,310.53340891133905,3965580.0,0.6482027849646206,8998227.409609247
2021-09-03,12533.505859375,12548.164930555555,11903.165798611111,11917.824869791666,9504800,11510.303125,441.73787863292904,12393.778882265859,10626.827367734142,1.079077991648329,15.351042412549115,False,18.774934878309598,334.42381769941795,4207020.0,2.2592714082652328,8998227.409609247
2021-09-06,12753.39453125,12870.667124640806,12489.53119612069,12533.508418642243,4666700,11593.860009765625,509.38209595140415,12612.624201668434,10575.095817862817,1.069088769854897,17.57420205254666,False,20.694972866262617,337.7603970437535,4289105.0,1.0880358489708226,8998227.409609247
2021-09-07,12636.1201171875,12856.006198113037,12548.165684817284,12753.392693681119,2401900,11671.553173828124,544.5314762084021,12760.616126244928,10582.49022141132,0.9428426020822986,18.661834225437612,False,22.477865283647564,335.6232624903249,4324360.0,0.5554347926629606,8998227.409609247
2021-09-08,12254.9833984375,12606.801103655802,12137.7108300314,12489.528535249701,4492300,11736.053125,532.7052373715856,12801.463599743172,10670.642650256828,0.7435353723937214,18.156197205236698,False,22.51112763340121,347.25083568073745,4419590.0,1.0164517523118661,8998227.409609247
2021-09-09,12782.7109375,12782.7109375,12196.348050458715,12254.984339162844,3565100,11818.1439453125,561.8682790804885,12941.880503473478,10694.407387151523,0.9291784338519863,19.01714115788362,False,22.91153246292129,364.3302679207766,4487800.0,0.7943981460849414,8998227.409609247
2021-09-10,12445.55078125,12724.073119110717,12401.573570008833,12724.073119110717,2663900,11833.535888671875,575.143035318084,12983.821959308043,10683.249818035707,0.7660272553938035,19.441121934439312,False,23.283336947475654,365.5307750329473,4138965.0,0.6436150100327014,8998227.409609247
2021-09-13,12240.3232421875,12430.891148952096,12152.368823680765,12401.57300944985,3268500,11840.132373046876,579.2036117178747,12998.539596482626,10681.725149611126,0.6727332414043862,19.56747081768735,False,22.71945237471368,360.3630023569679,4134470.0,0.7905487281320217,8998227.409609247
2021-09-14,12548.1650390625,12577.483181677131,12254.98361291618,12313.619898145444,4268900,11876.0470703125,600.4150891110498,13076.877248534598,10675.2168920904,0.7798555453299449,20.22272513930851,False,22.553678007860242,358.7056407235867,4227395.0,1.009818103110781,8998227.409609247
2021-09-15,12694.7578125,12694.7578125,12386.917265083717,12401.576338770208,2858800,11932.4845703125,622.386172864087,13177.256916040673,10687.712224584326,0.8061898204934743,20.863590284040473,False,22.675703937713173,355.07241977306506,4151995.0,0.688536474634483,8998227.409609247
2021-09-16,12694.7578125,12899.984844110853,12636.121517754042,12694.7578125,4472000,12001.3822265625,626.8965940163172,13255.175414595134,10747.589038529866,0.7765111473549704,20.894146430194187,False,23.242372730692995,348.557484529047,4154150.0,1.076513847598185,8998227.409609247
2021-09-17,12020.4404296875,12533.50800900343,12020.4404296875,12401.576345750762,10581300,12045.359521484375,593.3061490781612,13231.971819640698,10858.747223328053,0.48949990159566314,19.702397359578246,False,21.780873436285727,371.8260486921508,4565315.0,2.31775901553343,8998227.409609247
2021-09-20,12064.4150390625,12254.982955839916,12020.437827498483,12020.437827498483,2430500,12090.802587890625,555.1452550897382,13201.093098070101,10980.512077711148,0.48811682681865887,18.365869463313757,False,20.423759828991408,362.0202686670995,4409635.0,0.5511794060052589,8998227.409609247
2021-09-21,12079.076171875,12108.39431792324,11947.144514657919,12020.43987977852,1535900,12142.842333984376,497.028669583549,13136.899673151474,11148.784994817277,0.46792631591915806,16.372729083124366,False,18.976042715169346,347.679521138401,4093820.0,0.37517526417868885,8998227.409609247
2021-09-22,12240.3232421875,12430.891148952096,11961.800916916169,11961.800916916169,2635700,12194.148974609376,446.51711878760744,13087.183212184591,11301.11473703416,0.5258524621091223,14.646930088105185,False,18.46265298049401,356.35171477393857,4046145.0,0.65141016943288,8998227.409609247
2021-09-23,12357.59765625,12474.870231872776,12240.325080627224,12372.256728202847,2550000,12246.92158203125,394.93633963407945,13036.794261299408,11457.04890276309,0.5700594394031298,12.89912201980724,False,18.09438825971965,347.6513772676055,4040185.0,0.6311592167190364,8998227.409609247
2021-09-24,12943.9609375,12958.6200099094,12548.165982446206,12606.802272083805,10687800,12323.148779296875,373.3495497525475,13069.84787880197,11576.44967979178,0.9157043704851084,12.118641312836592,True,18.80118926317409,365.74930415273366,4414085.0,2.4212945604808245,8998227.409609247
2021-09-27,13413.0498046875,13471.68608798668,12958.618609118852,12958.618609118852,7360400,12407.438427734374,419.21668684274914,13245.871801419873,11569.005054048876,1.0996966536128943,13.515011637073238,False,20.291228432573032,377.3190074623013,4537625.0,1.6220820363075397,8998227.409609247
2021-09-28,14072.708984375,14233.958774820961,13603.618684895831,13603.618684895831,13815900,12522.51220703125,535.2146482290094,13592.941503489268,11452.082910573232,1.2241004998990834,17.09607910554855,False,22.562394961205015,409.0040047959556,4960635.0,2.7851071485807766,8998227.409609247
2021-09-29,14952.2548828125,14952.2548828125,14072.710477941177,14131.346771599265,11766200,12682.296142578125,734.4533596772958,14151.202861932717,11213.389423223533,1.2726694657751134,23.16468095115756,False,25.262911068319177,442.61414005606593,5404855.0,2.176968669834806,8998227.409609247
2021-09-30,15245.43359375,15436.001513671876,14512.480055588943,14952.252178485578,13841700,12848.676513671875,908.4580259420314,14665.592565555939,11031.760461787811,1.1595673690022144,28.2817619379045,False,28.085884441814464,476.96466277227074,5968415.0,2.319158436536333,8998227.409609247
2021-10-01,15245.43359375,15421.342442908655,14834.979612379808,15186.797310697117,6692400,12984.272900390624,1050.2633271513778,15084.79955469338,10883.746246087869,1.0382366105013652,32.354936936662234,False,30.707216860060086,484.7788176120263,5827795.0,1.1483588561368407,8998227.409609247
2021-10-04,15890.4345703125,15993.048077685367,15260.094453593463,15333.389816002653,14466600,13141.12490234375,1232.42225955048,15605.96942144471,10676.28038324279,1.0577044812894623,37.513447858049794,False,33.47451515736245,503.5527937779792,6317790.0,2.2898196996101485,8998227.409609247
2021-10-05,15304.0712890625,16242.251904483954,15186.798712134816,16007.706750628591,11018700,13274.5224609375,1316.411329032324,15907.345119002148,10641.699802872852,0.8854321182454601,39.66730503205925,False,36.171900234139024,542.9742508187762,6748630.0,1.632731383999419,8998227.409609247
2021-10-06,15553.275390625,15758.502398606857,15362.707454641848,15626.57075061852,6282400,13439.437060546876,1386.6877512182923,16212.812562983461,10666.06155811029,0.8810948658450657,41.27219748776786,False,38.6766149482887,536.6497407277463,6838135.0,0.9187300338469481,8998227.409609247
2021-10-07,15381.0556640625,15588.907767630912,14653.573301573057,14653.573301573057,11416600,13569.354296875,1442.5156991414465,16454.385695157893,10684.322898592109,0.8139829549629485,42.522751417100366,False,39.02193142328416,565.1272211084685,7230710.0,1.5789044229404858,8998227.409609247
2021-10-08,15514.6728515625,15588.905736019737,15084.122121710527,15247.434467516448,6183600,13722.810400390625,1479.4475093670985,16681.70541912482,10763.915381656429,0.8027925019013393,43.12374699354544,False,39.34258243577993,560.81696347995,7406695.0,0.8348662932657548,8998227.409609247
2021-10-11,15648.29296875,15707.67927982685,15351.36141336575,15514.673768827088,5243000,13893.20888671875,1495.8809372554067,16884.970761229564,10901.447012207936,0.7933194812368256,43.06797513669857,False,39.763370150928864,546.2098851214608,7505420.0,0.6985618393107914,8998227.409609247
2021-10-12,15603.75390625,15841.299160769506,15559.214171027594,15737.373111917223,6808500,14045.988330078126,1507.2722999179593,17060.532929914043,11031.443730242207,0.7583749426458418,42.92392288808275,False,40.29347462295417,527.3438211657788,7632400.0,0.8920523033383995,8998227.409609247
2021-10-13,15574.05859375,15677.984628217351,15381.05310116778,15440.439406577694,3187900,14189.953369140625,1508.92401722723,17207.801403595084,11172.105334686164,0.7293199009372224,42.534995795228994,False,40.2740493696484,510.88580015747823,7648855.0,0.4167813352456021,8998227.409609247
2021-10-14,15262.2841796875,15677.988418044748,15143.511540156858,15618.602098279427,5901600,14318.3296875,1484.0353261839875,17286.400339867974,11350.259035132025,0.659018197803748,41.458336511962294,False,39.602740691739925,512.5708771382219,7720335.0,0.7644227873531395,8998227.409609247
2021-10-15,15143.5107421875,15618.601275275736,14995.044950597427,15262.28337545956,6839700,14474.483203125,1390.906680075277,17256.296563275555,11692.669842974447,0.6202502562979803,38.43748092574343,False,38.58570040323812,520.498409105371,7533255.0,0.9079342196699833,8998227.409609247
2021-10-18,15618.6015625,15752.22077738831,15143.511020674905,15143.511020674905,7323900,14652.192529296875,1290.1809875799927,17232.55450445686,12071.83055413689,0.6872622993413949,35.221513367376026,False,37.8503728436403,526.7992395407595,7777925.0,0.9416264620705393,8998227.409609247
2021-10-19,15232.58984375,15603.754313626949,15173.203528569687,15603.754313626949,3590300,14809.868212890626,1143.5280923850537,17096.924397660732,12522.81202812052,0.5924161010285512,30.885571051597,False,37.16756868115661,520.9848677114418,7880645.0,0.45558453654491476,8998227.409609247
2021-10-21,14668.4189453125,15084.123125948887,14326.947654075468,14995.04365866966,14614600,14931.272998046876,972.4666836414192,16876.206365329715,12986.339630764038,0.43242594909521354,26.051809079336387,False,34.54123799762596,548.4603907088054,8479590.0,1.7235031410716792,8998227.409609247
2021-10-22,14074.5576171875,14609.034488726265,14074.5576171875,14237.869994602122,7089800,15017.12099609375,792.4278638434034,16601.976723780557,13432.265268406944,0.20263432739017234,21.107317815432918,True,32.57926373560529,551.7033148099622,8706580.0,0.8143036645847164,8998227.409609247
2021-10-25,14252.7138671875,14549.64540608724,14252.713867187502,14549.64540608724,3573400,15082.558642578126,654.2002102663824,16390.95906311089,13774.15822204536,0.1828781302849465,17.349846952879012,True,30.757430492300376,546.2307772449464,8350860.0,0.42790802384425075,8998227.409609247
2021-10-26,14549.6474609375,14683.266672313455,14356.64193339445,14430.874828603315,2891500,15139.388525390625,541.1353679874868,16221.659261365598,14057.117789415652,0.22754457602429243,14.297416757088588,True,28.76346852937515,537.9680649507327,8127415.0,0.35577117693633215,8998227.409609247
2021-10-27,14549.6474609375,14712.959830397001,14386.335091477997,14594.187198062818,3560100,15163.23544921875,500.648947688573,16164.533344595895,14161.937553841604,0.19360367623156854,13.206916145706026,True,26.84310753999653,522.8721130913236,7614625.0,0.467534514175025,8998227.409609247
2021-10-28,13658.8515625,14549.646229619566,13569.772095788043,14549.646229619566,12321900,15098.565283203125,602.5101649887185,16303.585613180561,13893.544953225688,-0.09738150672116981,15.96205079588588,True,26.582234787827204,555.5152025240475,7642410.0,1.6123055423616373,8998227.409609247
2021-10-29,13985.4775390625,14133.943330347665,13747.932273006238,13747.932273006238,5964800,15035.56748046875,650.3185875887805,16336.20465564631,13734.93030529119,0.09631711231731734,17.300805930565538,True,26.33999580366997,549.7706714757345,7248565.0,0.8228939107257781,8998227.409609247
2021-11-01,14015.169921875,14312.101488016418,13837.010982190148,13985.476765260857,3960300,14974.054296875,686.5957593683472,16347.245815611694,13600.862778138306,0.15085555732162104,18.3409448304628,True,25.656634020543,544.4363739293442,7111960.0,0.5568507134460824,8998227.409609247
2021-11-02,13658.8515625,14030.016007133152,13658.8515625,13837.010495923912,2665300,14862.475146484376,710.7397291700452,16283.954604824467,13440.995688144285,0.07662997628193399,19.128435127123932,True,25.337900631432426,532.0598075510447,6521895.0,0.4086695661307028,8998227.409609247
2021-11-03,13257.994140625,13718.238058160694,13243.147562639977,13688.54490219065,7513000,14760.1712890625,786.9962499057683,16334.163788874037,13186.178789250964,0.022813117401332957,21.327564145246576,True,25.7048661848176,527.9905709774499,6346610.0,1.1837815778817353,8998227.409609247
2021-11-04,13302.533203125,13658.851056780135,13302.533203125002,13599.464747837612,5442600,14647.6341796875,827.4978614658223,16302.629902619145,12992.638456755856,0.09362403239937053,22.597447514448408,False,26.045619912960976,518.9095956329988,6304620.0,0.863271695994366,8998227.409609247
2021-11-05,13302.533203125,13644.004479544505,13302.533203125002,13302.533203125002,2912700,14543.708056640626,860.406216371848,16264.520489384322,12822.89562389693,0.1393637011511264,23.664012314355787,False,26.362034089094113,506.2354299748921,5879425.0,0.49540558813149244,8998227.409609247
2021-11-08,13747.931640625,13777.624797516197,13421.306914821813,13421.306914821813,4258700,14455.37099609375,846.0464411865076,16147.463878466766,12763.278113720735,0.2909572923453743,23.41126883329756,False,26.235101330246348,504.0108702903425,5783180.0,0.7363941637645725,8998227.409609247
2021-11-09,13688.544921875,13896.397013964206,13599.465453836767,13807.317545925975,3227800,14357.38359375,813.4729254103182,15984.329444570638,12730.437742929364,0.2944496211912535,22.6635422839698,False,25.748589116155838,489.2194909929923,5682420.0,0.5680326339834085,8998227.409609247
2021-11-10,13391.6142578125,13733.08557480772,13332.227941813331,13703.392416808136,5646400,14246.776611328125,784.9780141166228,15816.73263956137,12676.82058309488,0.2276476735217915,22.03945595644305,False,25.821847124684947,482.9079297073777,5624315.0,1.0039267004070718,8998227.409609247
2021-11-11,13287.6875,13376.766969273744,13228.301187150839,13332.227234636872,4459300,14132.458056640626,747.0791895590742,15626.616435758773,12638.299677522478,0.21730889829122083,21.145060160515605,False,26.082343358247645,460.07972548982656,5687885.0,0.7839996765054146,8998227.409609247
2021-11-12,13540.0791015625,13629.158569335936,13361.920166015623,13391.613321940104,2503500,14046.347802734375,708.2419017136689,15462.831606161713,12629.863999307037,0.321293861621678,20.168713224537896,False,25.51235200576497,451.6076786216915,5517980.0,0.45369863609509276,8998227.409609247
2021-11-15,13228.2998046875,13540.07791456229,13183.760074705386,13450.998454598062,3266100,13950.587255859375,681.0425290128403,15312.672313885056,12588.502197833694,0.23485963783391842,19.527279146669514,False,25.349056774622472,444.80134635279313,5339300.0,0.6117094001086285,8998227.409609247
2021-11-16,13317.380859375,13391.613751567726,13228.301388743728,13243.147967182273,3120900,13835.526220703125,569.693240507841,14974.912701718808,12696.139739687442,0.2726208929272908,16.470446629066185,False,25.19742548856158,424.6951035333241,5129150.0,0.6084633906202782,8998227.409609247
2021-11-17,13644.0048828125,13658.851460486943,13406.459640021423,13421.306217695867,4475600,13756.09697265625,465.95521156159543,14688.007395779441,12824.18654953306,0.4398589783618435,13.549052830546337,True,24.19268863168346,418.75049621751117,5173415.0,0.8651152091993393,8998227.409609247
2021-11-18,13525.232421875,13658.851622530186,13450.999532622118,13644.00504467961,3619300,13698.937646484375,415.53986521621806,14530.017376916812,12867.857916051938,0.39549424787499565,12.13349168934601,True,23.259718184371316,403.6863243382653,4623650.0,0.7827798384393282,8998227.409609247
2021-11-19,13465.845703125,13554.925167533764,13302.53335170893,13525.232012730843,3256300,13668.50205078125,408.81788469261005,14486.13782016647,12850.866281396029,0.3760717453636925,11.963794808641625,True,22.770956702243573,392.8795737301631,4431975.0,0.734728873696264,8998227.409609247
2021-11-22,13658.8515625,13673.698140285327,13480.692629076088,13540.078940217392,2670200,13638.808935546875,385.02667424308873,14408.862284033052,12868.755587060698,0.5130137911824723,11.292090858156747,True,21.911753901197162,379.6633496894606,4386815.0,0.6086876241646844,8998227.409609247
2021-11-23,13450.9990234375,13673.697682765936,13421.305868860376,13644.00452818881,2694600,13583.876513671876,321.34254407217946,14226.561601816235,12941.191425527517,0.3966231730861873,9.462469531396437,True,21.276990235844558,370.5725257048963,4376970.0,0.6156313614212572,8998227.409609247
2021-11-24,13332.2265625,13629.158111776169,13257.993675180958,13599.464956848553,3348000,13523.00546875,231.52447581532059,13986.05442038064,13059.956517119359,0.2939970433167314,6.84831419614064,True,21.125007039967258,370.6148050542045,4366365.0,0.7667705288037074,8998227.409609247
2021-11-25,13569.771484375,13584.618061491385,13450.998867443928,13569.771484375,2551700,13518.55146484375,229.62259781787733,13977.796660479504,13059.306269207995,0.5557654386131841,6.794295924826923,True,20.983879786652622,362.1702831925745,3877855.0,0.6580184148195329,8998227.409609247
2021-11-26,12946.2158203125,13510.385775784835,12901.676086985737,13510.385775784835,6187000,13466.58837890625,235.90242143696443,13938.39322178018,12994.78353603232,-0.051470132676020845,7.007043352018592,True,22.097304974976936,384.0220770637666,3888965.0,1.5909117207277514,8998227.409609247
2021-11-29,12961.0634765625,13005.603213595361,12753.21137040915,12946.216897551547,4379700,13413.883056640625,224.3594149031282,13862.60188644688,12965.16422683437,-0.004569398473471675,6.69036442186835,True,23.39858930306333,374.61991750108405,3909935.0,1.1201464985990817,8998227.409609247
2021-11-30,12678.9755859375,12975.90709848873,12634.435859054816,12901.674220350922,8136300,13364.8892578125,270.3289778670108,13905.54721354652,12824.231302078479,-0.13433235800976337,8.090721072274912,True,24.8132125440589,372.2521547820004,4183485.0,1.9448617599919684,8998227.409609247
2021-12-01,13079.8349609375,13139.22127177036,12708.670518232124,12708.670518232124,6845300,13355.981298828125,276.8925043786801,13909.766307585485,12802.196290070764,0.25067369690065283,8.292689190961216,True,25.4428923714204,378.53740699991897,4150100.0,1.6494301342136335,8998227.409609247
2021-12-02,13792.4716796875,13866.704573550189,13050.142741060616,13079.835898605692,7714100,13380.47822265625,293.1125963595889,13966.703415375427,12794.253029937072,0.8513952165039503,8.762395229291018,True,23.70963598042918,409.8248659634657,4263675.0,1.809260790280685,8998227.409609247
2021-12-03,13480.693359375,13866.704402705122,13480.693359375,13792.47150975702,4464000,13389.38623046875,293.32624949763385,13976.038729464017,12802.733731473483,0.5778204550927744,8.762948336799582,True,22.100183617365907,408.1238786325126,4341240.0,1.0282776349614395,8998227.409609247
2021-12-06,13332.2265625,13673.697844167595,13332.2265625,13599.464956848553,2820000,13368.6009765625,281.05415896339775,13930.709294489296,12806.492658635705,0.4676446577088035,8.409381339337896,True,20.989369811588546,403.36297884930417,4269305.0,0.6605290556659691,8998227.409609247
2021-12-07,13658.8515625,13718.237873641305,13361.920006793478,13361.920006793478,3151300,13367.11630859375,279.34835400843514,13925.81301661062,12808.419600576879,0.7610855314879008,8.359270543006843,True,19.826557785220665,402.1235740130185,4265480.0,0.7387914138619803,8998227.409609247
2021-12-08,13272.83984375,13733.083730949385,13272.839843750002,13718.237153942955,3490200,13361.177587890625,280.0617496847256,13921.301087260075,12801.054088521174,0.4211444045464354,8.384343306342945,False,18.99073513319953,406.2750249549017,4157670.0,0.8394605632481654,8998227.409609247
2021-12-09,13257.994140625,13436.15307644527,13228.300984654956,13302.533874580067,2296500,13359.692919921876,280.55012077634603,13920.793161474568,12798.592678369183,0.4093755698487565,8.399897286800421,False,18.338853542125683,392.1019583002883,4049530.0,0.5671028489725968,8998227.409609247
2021-12-10,13658.8515625,13658.8515625,12975.908984375,13272.840540081523,4379200,13365.63154296875,285.7778313667781,13937.187205702305,12794.075880235194,0.7565104666524338,8.552617373837952,False,18.4003369512604,412.87628828776764,4143315.0,1.0569314667120409,8998227.409609247
2021-12-13,13079.8349609375,13569.772025308599,13079.8349609375,13540.07886989217,5792000,13358.20830078125,291.40566755525725,13941.019635891766,12775.396965670736,0.26118057159014885,8.725890807922635,False,18.457428688314064,424.7434535216771,4269610.0,1.3565641826771064,8998227.409609247
2021-12-14,13064.9892578125,13124.375572620738,12886.830313387785,13079.83583651456,3483800,13345.588720703125,298.64196568923995,13942.872652081605,12748.304789324644,0.2651037905514846,8.951031593711697,False,18.99596741365281,411.37215392962537,4287755.0,0.8124997813541119,8998227.409609247
2021-12-15,12886.8291015625,13213.453802293347,12886.8291015625,13064.988029233871,3564700,13307.729931640624,306.705402446222,13921.140736533069,12694.31912674818,0.1569176588339318,9.218864645486851,False,19.13483150062075,405.3187644154269,4242210.0,0.8402931490897433,8998227.409609247
2021-12-16,12961.0634765625,13050.142950628222,12827.444265463919,12946.216897551547,2335700,13279.521484375,311.55398634821273,13902.629457071425,12656.413511678575,0.24446001193468045,9.384494364945137,False,19.421939667913147,392.2744730403467,4178030.0,0.5590433769025115,8998227.409609247
2021-12-17,12901.6787109375,12990.758195708071,12738.366322191458,12738.366322191458,3710900,13251.313134765625,319.2413761743538,13889.795887114333,12612.830382416918,0.22619900651821173,9.63652048450367,False,19.92613081481934,382.2828587886515,4200760.0,0.8833877679277083,8998227.409609247
2021-12-20,12649.2841796875,12886.829422498533,12619.591024336121,12827.443111795774,2790700,13200.834765625,331.00930553165927,13862.85337668832,12538.816154561682,0.08343271871797281,10.029950723831742,False,20.701609730352917,375.1260607752749,4206785.0,0.6633807052178802,8998227.409609247
2021-12-21,13079.8349609375,13213.454160311436,12693.823940523907,12693.823940523907,4460400,13182.2765625,326.62119580280404,13835.518954105608,12529.03417089439,0.4215899007176284,9.91091923323633,False,20.041910307695808,388.6291979073221,4295075.0,1.0384917609122075,8998227.409609247
2021-12-22,12946.2158203125,13198.607642497493,12946.2158203125,13064.988442517202,3007800,13162.976025390624,328.69247843805783,13820.36098226674,12505.591068514508,0.3351344955411167,9.988394047182922,False,19.429332272371347,378.89795678429863,4278065.0,0.7030748714664223,8998227.409609247
2021-12-23,13198.6064453125,13198.6064453125,12946.21464602081,12946.21464602081,2729800,13144.4177734375,314.69575694258646,13773.809287322674,12515.026259552327,0.543048460838388,9.57655979494292,False,18.860513705647318,369.8618026776838,4286970.0,0.6367667606724563,8998227.409609247
2021-12-24,13154.0693359375,13257.995391639037,13109.529597779698,13257.995391639037,925700,13154.81044921875,311.2186533404596,13777.247755899669,12532.373142537832,0.4994046683310145,9.463265306386598,False,18.073929465223113,354.04780204780207,4023905.0,0.23005016271507403,8998227.409609247
2021-12-27,13079.8349609375,13198.607582603221,12990.75549468821,13154.067849478577,1501600,13160.7490234375,308.4479018287373,13777.644827094975,12543.853219780025,0.43441837177342296,9.374782583557632,False,17.773565314207858,343.605251038317,3880000.0,0.3870103092783505,8998227.409609247
2021-12-28,13629.158203125,13688.544513378267,13079.83483328227,13079.83483328227,8122200,13208.258154296875,303.47298665381845,13815.204127604511,12601.312180989238,0.8467360089188598,9.190401432458168,False,17.34294380924648,362.54128168529417,3879295.0,2.093730948535752,8998227.409609247
2021-12-29,13540.0791015625,13644.005147298176,13421.306477864582,13569.772257486979,2442500,13231.270361328125,310.5887965195563,13852.447954367237,12610.092768289012,0.7485671921322276,9.389538208737196,False,16.94308098321092,352.5525236673156,3659155.0,0.6675038362682094,8998227.409609247
2021-12-30,13154.0693359375,13540.080399971783,13154.0693359375,13540.080399971783,2203800,13199.350244140625,281.3012817260471,13761.95280759272,12636.747680688532,0.45975764141094155,8.524700883694496,False,15.88823458095051,354.94241940781325,3383640.0,0.6513104230946555,8998227.409609247
2022-01-03,12961.0634765625,13139.222424693944,12916.523739529639,13005.603213595361,2714800,13173.36875,277.9249884857292,13729.218726971458,12617.518773028542,0.3090264619652929,8.438995180658829,False,15.653199089639497,346.5569320506738,3296180.0,0.8236200692923323,8998227.409609247
2022-01-04,13020.451171875,13139.223816544327,12946.218268956669,12975.911430124,1849100,13157.77998046875,277.28870302385775,13712.357386516465,12603.202574421033,0.3761860769153536,8.42965009098684,False,15.434946440725778,335.5889760176013,3247635.0,0.569368170992122,8998227.409609247
2022-01-05,13035.296875,13332.228466685649,12901.677658741457,13020.450295415718,3216800,13126.60224609375,251.8750557068443,13630.352357507438,12622.85213468006,0.4093743415385891,7.67525521029017,False,14.498503336121642,342.37196401235775,3250910.0,0.9895075532696999,8998227.409609247
2022-01-06,12901.6787109375,13035.297938093356,12738.366322191458,12975.911614912975,2719200,13108.044189453125,254.1960456059724,13616.43628066507,12599.65209824118,0.29704102199576427,7.756948082628566,False,14.164462756145353,339.12622486161064,3212360.0,0.8464804691877623,8998227.409609247
2022-01-07,13168.9150390625,13287.68766624683,12916.5232062958,13005.602676684046,4067200,13103.590234375,252.2029759613553,13607.99618629771,12599.18428245229,0.5647541969305601,7.698744281540315,False,13.339742052455254,342.474991322162,3300895.0,1.2321506742868222,8998227.409609247
2022-01-10,12946.2158203125,13243.147375824256,12946.2158203125,13243.147375824256,1267900,13067.958447265624,217.59203246221378,13503.142512190052,12632.774382341197,0.3601251323686845,6.660322141068437,True,12.573929970457307,339.22188876427583,3145330.0,0.40310555649168767,8998227.409609247
2022-01-11,12916.5244140625,13168.916270429238,12916.5244140625,13094.683371497844,4133500,13059.792919921874,220.1718536111513,13500.136627144177,12619.449212699572,0.33732195611115334,6.7435021354831175,False,11.75125916739642,333.0197435930231,3062405.0,1.3497561557011564,8998227.409609247
2022-01-12,13124.3740234375,13228.300062084629,12916.52194614324,13064.98771563914,2176100,13062.762158203124,220.64554175290698,13504.053241708938,12621.47107469731,0.5698086450613318,6.756474291751423,False,11.211677881352637,331.5024844750492,2997020.0,0.726087913994568,8998227.409609247
2022-01-13,13465.845703125,13465.845703124998,13020.448381081173,13109.527845489938,3815800,13091.71298828125,233.93268704984894,13559.578362380948,12623.847614181552,0.8998294547482649,7.147504295556999,False,11.533785013724094,339.6378300156761,3009575.0,1.267886661737953,8998227.409609247
2022-01-14,13970.630859375,13985.477438396652,13347.074540465595,13406.460856552205,7373800,13142.191357421874,302.9878887218714,13748.167134865616,12536.215579978132,1.1835582648598828,9.221837682366807,False,13.162105722888104,360.9781920096319,3261480.0,2.2608754307860237,8998227.409609247
2022-01-17,13955.78515625,14193.33043550532,13911.24541638963,13985.478316156916,4935000,13194.8966796875,347.37838235324887,13889.653444393996,12500.139914981002,1.047593427812064,10.530688971229615,False,15.081525587997987,355.34296537435046,3322685.0,1.4852446139191648,8998227.409609247
2022-01-18,14044.8623046875,14074.555459665697,13688.544444949126,13955.782839752907,3514900,13264.6755859375,371.35099855140277,14007.377583040306,12521.973588834695,1.0252353715173899,11.198193160339008,False,15.952736579316369,357.5335403273662,3358895.0,1.0464453339565543,8998227.409609247
2022-01-19,13807.318359375,14074.55677923387,13807.318359375,14044.863621471774,2979200,13301.049755859374,387.5675314018002,14076.184818662974,12525.914693055774,0.8265679929924044,11.65524642086445,False,16.761721233321573,351.0838888653308,3284835.0,0.9069557527242617,8998227.409609247
2022-01-20,13569.771484375,13940.935912284602,13465.845444560313,13718.237255538841,4772900,13332.2275390625,382.56931940102896,14097.366177864558,12567.088900260442,0.6552293488173669,11.478031507641994,False,16.24557571693687,359.9415016409706,3373090.0,1.4149933740279683,8998227.409609247
2022-01-21,13955.78515625,13955.78515625,13495.54117769282,13569.774077460108,2128200,13370.086474609376,405.4321881150342,14180.950850839445,12559.222098379307,0.86115699419655,12.129530766610234,False,15.808208348813851,367.10596427784276,3343010.0,0.6366119156089871,8998227.409609247
2022-01-24,13896.396484375,14044.862258780717,13792.470442291,14044.862258780717,2373000,13407.20283203125,418.38764865847037,14243.97812934819,12570.427534714308,0.7923088515592625,12.482473903024644,False,15.660258834019448,358.9120965786909,3415375.0,0.6947992533762763,8998227.409609247
2022-01-25,13747.931640625,13926.090581972192,13658.852169951402,13896.397425080993,2665400,13440.607666015625,417.54451422069445,14275.696694457014,12605.518637574236,0.684006713142289,12.42635823011037,False,15.027293042257984,352.36397625312657,3473565.0,0.7673384548727317,8998227.409609247
2022-01-26,13525.232421875,13911.243445989983,13510.385844024424,13762.77766748422,4083900,13435.411376953125,415.71720028351507,14266.845777520155,12603.976976386095,0.5540157136032728,12.376761339712433,False,13.987247746904112,355.82780666115747,3271650.0,1.248269221952226,8998227.409609247
2022-01-27,13807.318359375,13822.164938256048,13376.767571824596,13495.540202872982,3183000,13448.77333984375,423.4807925535056,14295.73492495076,12601.81175473674,0.7116654555743215,12.595373030754795,False,13.461261423998852,362.22563235903567,3308675.0,0.9620165171858825,8998227.409609247
2022-01-28,13807.318359375,13866.704674899192,13718.23888608871,13807.318359375,1747600,13481.435791015625,424.74456834012636,14330.924927695878,12631.946654335372,0.6918109098092192,12.602354079324021,False,12.807406442670565,346.9570721055676,3285865.0,0.5318538649640201,8998227.409609247
2022-01-31,13733.0849609375,13955.783635979731,13733.084960937502,13940.937057643581,1988000,13520.036865234375,409.7810788323203,14339.599022899016,12700.474707569734,0.6299767770575266,12.123667499340556,False,11.917935497979837,338.0814723153291,3249525.0,0.6117817219439764,8998227.409609247
2022-02-02,13614.3125,13703.391971101419,13451.000136314067,13703.391971101419,1865100,13549.729931640624,392.84110791297763,14335.412147466579,12764.04771581467,0.541099675580338,11.597016616416397,False,11.98941044099455,334.0817117659079,3250325.0,0.5738195411228108,8998227.409609247
2022-02-03,13554.92578125,13614.312093544633,13213.45448555586,13495.539468955367,2137900,13575.711376953124,373.74657205522885,14323.204521063582,12828.218232842666,0.48609646398305106,11.012213258738598,False,12.721965599822308,338.8514476714959,3196380.0,0.6688503870002941,8998227.409609247
2022-02-04,13361.9208984375,13554.926422526041,13287.68800455729,13554.926422526041,2257900,13598.723486328125,342.96222690796486,14284.647940144054,12912.799032512195,0.32738435218831574,10.088071200293813,False,13.402195390162367,333.73623126415697,3173315.0,0.7115272199576783,8998227.409609247
2022-02-07,13421.306640625,13629.15873461698,13317.38059362901,13391.61348434043,2649000,13611.34306640625,330.74040165084944,14272.82386970795,12949.862263104551,0.3563552979672975,9.71955228921209,False,13.707566655553816,332.1677962444293,3102405.0,0.8538537038201008,8998227.409609247
2022-02-08,13168.9150390625,13792.471331780227,13124.375303868375,13480.693185421364,5853000,13622.47802734375,310.2854043737779,14243.048836091306,13001.907218596194,0.13455984241618074,9.110982708166809,False,14.54806961663121,356.1626699349595,3331660.0,1.756781904516067,8998227.409609247
2022-02-09,13465.845703125,13629.158054541069,13302.53335170893,13317.37992911039,5519200,13649.944091796875,265.60151177984534,14181.147115356565,13118.741068237185,0.32671560542125927,7.783226363233593,True,15.32853665191736,363.5969803309316,3400945.0,1.6228430627369745,8998227.409609247
2022-02-10,13540.0791015625,13777.624348958332,13450.99963378906,13480.692789713541,3513700,13670.729345703125,237.03708147172557,14144.803508646575,13196.655182759674,0.36220484646385476,6.93560893431714,True,15.354947554072066,360.9561042479559,3467825.0,1.0132287528926633,8998227.409609247
2022-02-11,13688.544921875,13688.544921874998,13421.306517760302,13525.232563804906,2952200,13681.864306640626,232.08498018440363,14146.034267009432,13217.694346271819,0.5071963028683137,6.785185848444897,True,15.478855121196013,354.26198280986597,3424645.0,0.8620455550867316,8998227.409609247
2022-02-14,13926.08984375,14030.015887360074,13658.851445895521,13688.544601212685,4407400,13679.637255859376,229.36595883931938,14138.369173538014,13220.905338180737,0.7686237630223878,6.706784823291287,True,14.571936376796122,355.46930128520074,3276325.0,1.3452267403264329,8998227.409609247
2022-02-15,14356.6416015625,14371.488180261116,13955.783976699844,13955.783976699844,5046600,13699.680078125,268.8776913427836,14237.435460810568,13161.924695439433,1.1108367713184135,7.850626870392831,False,14.802849059061852,361.89280380133755,3281905.0,1.5377044734689151,8998227.409609247
2022-02-16,14133.9423828125,14386.334211077008,14133.942382812498,14356.641054810594,3245700,13704.13408203125,275.55162491346795,14255.237331858187,13153.030832204315,0.8899526095302674,8.042875916538764,False,15.059440494117936,354.071305548707,3268445.0,0.9930410332742329,8998227.409609247
2022-02-17,14089.404296875,14267.563255318099,13955.785078042676,14163.637196226291,1864900,13718.23837890625,288.04721665257756,14294.332812211405,13142.143945601094,0.8221398233613418,8.398956446054811,False,14.579344593861245,351.050367814901,3212730.0,0.5804720595879517,8998227.409609247
2022-02-18,14208.1767578125,14297.256235917906,14044.864381285919,14059.710960970155,3243900,13750.158642578124,305.56865996476256,14361.29596250765,13139.0213226486,0.8747260233487242,8.889167548032566,False,14.23186539127338,344.00333115897865,3136280.0,1.034314538242759,8998227.409609247
2022-02-21,13955.78515625,14282.409915226064,13896.39883643617,14237.870175365693,2536000,13750.158642578124,305.56865996476256,14361.29596250765,13139.0213226486,0.6682326598018823,8.889167548032566,False,13.322904243806795,347.0038845611869,3156670.0,0.803378243528782,8998227.409609247
2022-02-22,13940.935546875,14044.861583965654,13599.464282148561,13955.782123602236,4244100,13752.385595703125,306.8501303598967,14366.085856422918,13138.68533498333,0.6536172975963297,8.92500077821468,False,13.26986959879854,354.03198579375163,3250225.0,1.3057865224715213,8998227.409609247
2022-02-23,14252.7138671875,14252.713867187502,13777.623404947917,13955.782328287762,4131000,13777.62470703125,326.5893392927542,14430.803385616757,13124.446028445742,0.8636747307682189,9.48173132125112,False,12.459031858170237,362.67901982559687,3323505.0,1.2429648819544428,8998227.409609247
2022-02-24,14965.3486328125,15173.200697157119,14223.019831581722,14252.712983630954,15601900,13849.630517578125,414.84561855621615,14679.321754690558,13019.939280465693,1.1723694703088579,11.981420530452102,False,13.697183744300736,404.6434373791541,3899405.0,4.0010976033523065,8998227.409609247
2022-02-25,14787.1923828125,15291.976058530998,14609.033438441264,15084.123956764557,9837600,13898.62421875,464.4784927766956,14827.581204303391,12969.667233196607,0.9782611993240834,13.367610648832112,False,15.05473394937506,424.5219504299098,4232135.0,2.3245005180600335,8998227.409609247
2022-03-01,14757.49609375,14935.655000314386,14638.723489373742,14876.268698126258,6689700,13946.13310546875,501.7468110802522,14949.626727629255,12942.639483308247,0.9042691305473368,14.390994472396082,False,16.315316282658358,415.4083476092479,4479240.0,1.4934899670479813,8998227.409609247
2022-03-02,15158.35546875,15588.90621174094,14950.503385926786,14965.349963271301,10213100,14017.396630859375,566.883034964647,15151.16270078867,12883.630560930082,1.0031720688033023,16.17655688551042,False,18.49092118422438,445.1227597793687,4890495.0,2.088357109045199,8998227.409609247
2022-03-04,16078.84375,16108.536905586336,15291.975126962143,15574.060105032318,12956600,14140.623193359375,721.444560573296,15583.512314505968,12697.734072212783,1.1716457031363632,20.40771614399841,False,21.08864588260845,481.1983795691521,5445070.0,2.37951027259521,8998227.409609247
2022-03-07,16242.15625,16420.31518510055,16093.690470749543,16093.690470749543,8488000,14274.984716796875,846.0901462370111,15967.165009270897,12582.804424322852,1.0812535289390048,23.708330706412497,False,23.789012740632998,471.21788353568047,5762575.0,1.4729526296837785,8998227.409609247
2022-03-08,15262.2841796875,16479.70373487658,15262.284179687502,16271.851615697959,9128400,14370.002880859374,844.8608679795178,16059.72461681841,12680.281144900338,0.7640320236875255,23.517347212361656,False,23.978311071912145,524.5180029394946,6106100.0,1.4949640523411014,8998227.409609247
2022-03-09,15677.9853515625,15915.530584161932,15410.74696488814,15410.74696488814,5630100,14482.83681640625,862.0102419049305,16206.857300216112,12758.816332596389,0.8466166865126586,23.80777337568121,False,24.15408809381421,533.7128887634187,6255155.0,0.9000736192788188,8998227.409609247
2022-03-10,15410.7470703125,15677.985458815028,14816.883984751323,15677.985458815028,8805300,14594.92841796875,827.2181646095636,16249.364747187876,12940.492088749623,0.7465548652237367,22.671386687751674,False,23.01031195393753,557.0977877134392,6402770.0,1.3752329070074358,8998227.409609247
2022-03-11,15856.146484375,15974.91911721676,15202.897003745318,15217.743582850539,3706600,14714.44345703125,828.1772721550284,16370.798001341307,13058.088912721192,0.8446433105960773,22.513315561637146,False,22.422566657984813,572.4495252675822,6312140.0,0.587217647263844,8998227.409609247
2022-03-14,14757.49609375,15856.14268423038,14757.49609375,15856.14268423038,8458100,14775.314306640625,780.6977638678964,16336.709834376417,13213.918778904832,0.4942941386169899,21.13519205522468,False,21.0194801086241,610.0353013645406,6559360.0,1.289470314176993,8998227.409609247
2022-03-15,14534.7998046875,14950.503987048327,14490.260070863125,14757.49847380937,8071200,14817.62705078125,740.5994419639892,16298.825934709228,13336.428166853271,0.4045275927619785,19.992389859075082,False,19.78419727106302,599.3359167088735,6815310.0,1.184274816552732,8998227.409609247
2022-03-16,14846.5771484375,15009.889497070313,14534.799028320313,14534.799028320313,5375600,14863.651416015626,710.2593228436018,16284.17006170283,13443.132770328422,0.49399012901732603,19.113993001162427,False,18.52660566269836,590.4612418546683,6863720.0,0.7831904564871527,8998227.409609247
2022-03-17,14995.0419921875,15277.126940555383,14920.809111038057,14980.19541595761,6569000,14895.571435546875,700.5533371878744,16296.678109922625,13494.464761171126,0.5354971389615794,18.81239240049751,False,17.53984868863149,579.038995444898,6939840.0,0.9465636095356665,8998227.409609247
2022-03-18,15098.96875,15202.894788593903,14905.963249754179,15128.661903883973,5481000,14943.82275390625,678.211752592827,16300.246259091904,13587.399248720596,0.5571893643469836,18.15363481651428,False,16.5935225847708,558.8884628302428,7051605.0,0.7772698555860688,8998227.409609247
2022-03-21,15054.4287109375,15262.280783869575,14802.036908091408,15128.661594127527,4978300,14992.073974609375,647.8747287040663,16287.823432017507,13696.324517201243,0.5240612627586402,17.285793274534498,False,15.495779753998805,551.8424208979517,7207275.0,0.6907326277962198,8998227.409609247
2022-03-22,15173.203125,15262.282595401175,14980.197605797457,15054.430497798436,3161200,15040.32529296875,621.8326372368172,16283.990567442384,13796.660018495115,0.553421863084297,16.53774436720514,False,14.476451019192368,532.5740329483637,7203140.0,0.4388641620182309,8998227.409609247
2022-03-23,15277.1318359375,15351.364740874027,15173.20576902636,15202.898931000971,3037000,15106.392626953126,568.4416798381843,16243.275986629495,13969.509267276757,0.575090908636827,15.051685571152426,False,13.730280923658185,507.2588603001968,7228190.0,0.4201605104459069,8998227.409609247
2022-03-24,15796.7587890625,16182.769812103503,15559.213544114193,15574.060121923461,8737600,15199.1837890625,517.3568533846458,16233.89749583179,14164.470082293208,0.7887634502619193,13.615385156588244,False,14.559499018891962,535.7145114334686,7452865.0,1.1723813593832708,8998227.409609247
2022-03-25,15633.4462890625,16004.6107308731,15559.21340070038,15796.758643459165,5235600,15268.22041015625,474.7831452905945,16217.786700737439,14318.65411957506,0.6923119441627984,12.438467156913044,True,15.329486880900625,529.263284200558,7508095.0,0.6973273513454478,8998227.409609247
2022-03-28,15796.7587890625,16004.61087839227,15633.44643316054,15633.44643316054,3437600,15309.79091796875,483.19229189882225,16276.175501766395,14343.406334171106,0.7519534558281603,12.624399496709268,True,16.044475853578774,517.9705202812161,6899880.0,0.4982115630996481,8998227.409609247
2022-03-29,15455.28515625,15692.83036518372,15455.285156250002,15618.597487391931,2575500,15343.195556640625,468.01726097205625,16279.230078584738,14407.161034696512,0.5598747145439511,12.201298203997563,True,16.206194987230283,505.3635997477362,6536775.0,0.39400162924377846,8998227.409609247
2022-03-30,15366.2099609375,15588.90865602355,15202.897584541062,15440.442859299517,3899700,15373.63125,447.25608749100127,16268.143424982003,14479.119075017998,0.49585176743812925,11.636966705338438,True,15.690195121783994,496.83841915736133,6397275.0,0.609587676002673,8998227.409609247
2022-03-31,15173.203125,15440.441536203523,15173.203125,15366.208644202545,3051900,15374.3736328125,446.89212738239064,16268.157887577281,14480.589378047718,0.3874613718355097,11.626935524153485,True,15.134068683086944,480.4384185892301,6039215.0,0.5053471353478888,8998227.409609247
2022-04-01,15395.90234375,15692.833922221553,15128.663923125603,15306.822870208534,5304900,15340.2265625,415.19835386403724,16170.623270228074,14509.829854771926,0.5335236042796498,10.826394308386853,True,15.163716147845353,486.4192457682815,5656630.0,0.9378198680132871,8998227.409609247
2022-04-04,15900.685546875,15900.685546875002,15470.13477109594,15559.21424194678,4929600,15323.15302734375,381.83840532866935,16086.829838001087,14559.476216686411,0.8781262645870687,9.967619709789203,True,15.60487428835048,487.73095700804726,5478710.0,0.89977385187389,8998227.409609247
2022-04-05,16153.076171875,16153.076171875,15767.065160414752,15915.530934053308,5348700,15367.692626953125,423.9912287102474,16215.675084373619,14519.710169532631,0.9630895002892862,11.03591121979148,True,16.4768709576695,480.4652466117759,5289725.0,1.0111489727726866,8998227.409609247
2022-04-06,16301.5419921875,16316.388569593862,16153.07621812386,16182.769372936587,5265600,15398.870458984375,468.5899675589501,16336.050394102274,14461.690523866475,0.9815892334963227,12.172060770484732,False,17.566217078762744,457.8114716908535,5271500.0,0.9988807739732524,8998227.409609247
2022-04-07,16123.3828125,16494.547241885357,16123.382812499998,16316.388315780385,4437100,15434.50224609375,495.84267494783376,16426.187595989417,14442.816896198083,0.8473281956210837,12.850240766872131,False,18.86984741880679,451.62239724046105,5053090.0,0.8780963727145172,8998227.409609247
2022-04-08,16984.486328125,17222.03159145542,16242.157380217439,16242.157380217439,11715100,15490.91923828125,599.6643121655154,16690.247862612283,14291.59061395022,1.1226679908839994,15.484279607723256,False,21.036147842155867,497.8385673629581,5453515.0,2.1481741592349155,8998227.409609247
2022-04-11,16895.408203125,17296.265866995276,16761.788981834907,17043.874004558435,4165800,15597.81484375,650.4449809847627,16898.704805719524,14296.924881780475,0.9987329433346025,16.68041292964556,False,23.128986102079345,500.4555900627732,5238900.0,0.7951669243543492,8998227.409609247
2022-04-12,16598.474609375,17029.025381890096,16509.395139199463,16895.40617662679,5667300,15700.998583984376,636.4736774963862,16973.945938977147,14428.051228991604,0.8525189089205187,16.2148585414335,False,24.258456240880047,501.82520810762037,5118705.0,1.1071745685676357,8998227.409609247
2022-04-13,17385.345703125,17400.192283571734,16806.329065702394,16925.10170927626,6826700,15827.93701171875,706.4215991918871,17240.780210102523,14415.093813334975,1.0511611950950586,17.852524903753753,False,25.77464867975207,523.2460985425571,5191260.0,1.3150371971351849,8998227.409609247
2022-04-14,17697.12109375,17815.89371854027,17400.18953177433,17518.962156564598,7336000,15963.040966796874,791.9553245538855,17546.951615904647,14379.130317689103,1.0474046556634822,19.84472322538426,False,27.628258879856737,516.6248068906079,5229610.0,1.4027814693638723,8998227.409609247
2022-04-18,17815.89453125,17815.89453125,17459.576640625,17697.121901041664,3747000,16098.887255859376,865.5400728392588,17829.96740153789,14367.807110180858,0.9959352343324418,21.505587537405358,False,29.349469182387566,505.1743128716359,5142910.0,0.7285758451927021,8998227.409609247
2022-04-19,17578.34765625,17994.051823796453,17474.421614363386,17830.739472260346,5063300,16225.083203125,888.9211029539241,18002.925409032847,14447.240997217152,0.8805918344800353,21.914737615218264,False,31.13335603167347,506.20687691173816,5147160.0,0.9837075202636016,8998227.409609247
2022-04-20,17367.001953125,17826.446449239418,17336.372320050705,17826.446449239418,4896400,16334.77314453125,887.6439212049788,18110.060986941207,14559.485302121291,0.7907215336957688,21.736302386351905,False,32.31594099014253,505.054537788665,5233920.0,0.9355129616043042,8998227.409609247
2022-04-21,17229.171875,17857.079472222224,17183.227416666665,17367.00525,5369900,16432.375146484374,872.4178085825017,18177.21076364938,14687.53952931937,0.7283300273897019,21.236560163833687,False,32.898722274625555,517.1115033434431,5350565.0,1.003613637064497,8998227.409609247
2022-04-22,17336.375,17581.412102473496,17045.39344081272,17229.171267667843,6007000,16509.35595703125,881.2619689188252,18271.8798948689,14746.8320191936,0.7346121448947176,21.351819446197112,False,32.9862644667527,518.462014651824,5214035.0,1.1520827919260228,8998227.409609247
2022-04-25,16922.873046875,17275.11384332579,16739.095240031107,17275.11384332579,3748600,16573.827294921874,860.736467657498,18295.30023023687,14852.354359606878,0.6013799708356314,20.77339053535867,False,32.132251542526994,524.0918536030432,5139685.0,0.7293443080655722,8998227.409609247
2022-04-26,17612.041015625,17612.041015625,16938.18901154891,16938.18901154891,5751700,16664.59140625,870.1411820506253,18404.873770351252,14924.30904214875,0.7722114608867792,20.885989001189238,False,31.923967776507403,535.8830046849687,5255390.0,1.0944382814596063,8998227.409609247
2022-04-27,17703.9296875,17826.448232050174,17612.040779087372,17673.300051362457,4676300,16777.0236328125,850.7195159793744,18478.462664771247,15075.58460085375,0.7723888535754405,20.282966385421002,False,32.0659187230326,512.9204652762425,5360430.0,0.8723740446195548,8998227.409609247
2022-04-28,18546.244140625,18867.85531069364,18270.577423423307,18377.78114677952,15039100,16936.025341796874,870.1138861276618,18676.253114052197,15195.797569541552,0.9626459893641663,20.55060425494957,False,33.41368027422114,559.4208336989138,5917400.0,2.5415047149085748,8998227.409609247
2022-05-09,17903.021484375,19526.392123676756,17657.98440674455,19465.13285426914,10347300,17072.516259765624,789.39714772133,18651.310555208285,15493.721964322964,0.7630188198065788,18.49515644232674,False,35.18819252568485,652.9198967870063,6282170.0,1.647090097848355,8998227.409609247
2022-05-10,18148.05859375,18331.836402294302,17167.910281513712,17612.03998549578,7278000,17210.124072265626,718.4357337619582,18646.995539789543,15773.252604741709,0.8263808011654188,16.697979183537175,False,35.628396711462216,689.4203413579766,6380825.0,1.140604859089538,8998227.409609247
2022-05-11,18515.61328125,18622.81699751861,18148.057682614763,18148.057682614763,5873200,17340.870458984376,705.4162129951884,18751.702884974755,15930.038032994,0.91632967906907,16.271760167142236,False,36.305010797342774,674.0874108969673,6428005.0,0.9136893950766996,8998227.409609247
2022-05-12,17948.966796875,18500.30024797355,17719.244525583938,18148.059431993923,6666300,17430.664990234374,659.0381096077283,18748.741209449832,16112.588771018918,0.696612987581677,15.123648121903743,False,35.978475505483345,682.8217926661885,6493885.0,1.0265503623793768,8998227.409609247
2022-05-13,18515.61328125,18576.872547689203,17948.965066687342,17948.965066687342,7486900,17541.3685546875,645.2001661744058,18831.76888703631,16250.968222338686,0.8774970844858523,14.712652873415442,False,35.76014706147229,678.8993418330223,6604950.0,1.1335286413977397,8998227.409609247
2022-05-17,18423.7265625,18852.54147833541,18270.578378273065,18530.93029145885,5467400,17656.3857421875,580.9554224539285,18818.296587095356,16494.474897279644,0.8302064111353368,13.16136679243057,True,35.86033524169381,671.9753245636882,6656465.0,0.8213668966936655,8998227.409609247
2022-05-18,18561.55859375,18622.817863036304,18377.78078589109,18561.55859375,5814200,17735.23935546875,591.88397141456,18919.00729829787,16551.471412639632,0.8490207870921076,13.34933145364174,True,35.95336712332808,641.4797354623687,6361420.0,0.9139783255939712,8998227.409609247
2022-05-19,18362.466796875,18484.98534097425,17979.596346564846,18484.98534097425,4037200,17808.59228515625,572.9283472083631,18954.448979572975,16662.735590739525,0.7416857685684197,12.868582491742654,True,35.101476486416836,637.2284862997105,6354990.0,0.6352803072860854,8998227.409609247
2022-05-20,18316.5234375,18684.079091764215,18194.004886078597,18209.31970500627,4926800,17894.4947265625,506.9369112182884,18908.36854899908,16880.620904125924,0.7081268406374593,11.331684274176098,True,34.576553916840716,626.7174662558468,6317965.0,0.7798080552836237,8998227.409609247
2022-05-23,18163.373046875,18469.66938830628,17887.706339586846,18393.09530294846,4833100,17933.39609375,495.53331731637434,18924.46272838275,16942.329459117253,0.6160249700113348,11.052749066063926,True,33.40342974674133,623.520722146103,6218285.0,0.777240026791953,8998227.409609247
2022-05-24,18561.55859375,18576.873411071574,18148.05852606745,18163.373343389027,5230600,17976.61796875,511.28896681003596,18999.195902370073,16954.04003512993,0.7860127359335957,11.37675546532379,True,32.47512283097172,609.6131623502475,6113015.0,0.8556497898336581,8998227.409609247
2022-05-25,18484.98828125,18867.858792460647,18224.63633362676,18515.617922146852,4924000,18010.07265625,521.9969637442907,19054.06658373858,16966.07872876142,0.7274513349624806,11.593444928455467,True,32.036740127977886,612.0138263847932,6171865.0,0.7978139508884268,8998227.409609247
2022-05-27,18622.818359375,18622.818359375,18454.35536434776,18576.873906185752,5363000,18062.29619140625,528.7353651873284,19119.76692178091,17004.825461031593,0.7650296371655404,11.709150588260043,True,31.629670475197898,580.3316241449679,6186850.0,0.866838536573539,8998227.409609247
2022-05-30,18530.931640625,18913.802129067666,18331.838986634815,18806.59839230372,5216400,18120.49267578125,511.9677792185228,19144.428234218296,17096.557117344204,0.7004222636189389,11.301409699589197,True,31.670195596709323,580.448161165531,6202850.0,0.8409682645880523,8998227.409609247
2022-05-31,19174.154296875,19587.654429475337,18561.561507837458,18684.08006564497,14866900,18217.741796875,518.4344521827984,19254.6107012406,17180.872892509404,0.9612022291213247,11.383067296995701,True,32.50951838843486,614.4677774287314,6677700.0,2.2263503901043773,8998227.409609247
2022-06-02,19373.24609375,19909.264760375492,18975.06079854249,19587.6535604002,7690900,18319.5853515625,535.9522710400486,19391.489893642596,17247.6808094824,0.9914900071898226,11.702279516808755,False,33.60577614958838,637.3060763147508,6761895.0,1.1373882617224904,8998227.409609247
2022-06-03,19970.5234375,20047.0975304352,19357.930694018403,19878.63452597776,8406600,18471.96787109375,550.9816386369681,19573.931148367687,17370.004593819816,1.1799480514965133,11.9311952572023,False,34.753809444960766,641.0104163220398,6994795.0,1.2018365084323415,8998227.409609247
2022-06-06,19710.169921875,20031.7810861014,19495.7624790574,19970.521816724944,5678300,18576.87431640625,577.726826387468,19732.327969181188,17421.420663631314,0.9904115378176472,12.439699306728826,False,35.819840362092265,633.5110013736083,6991125.0,0.8122154874930716,8998227.409609247
2022-06-07,20108.359375,20445.285426980197,19909.266707920793,20031.78527227723,8789700,18697.09580078125,633.9495034713606,19964.99480772397,17429.19679383853,1.0565362724045833,13.562523511161997,False,37.19918461339591,640.7684659258648,7196795.0,1.2213353305186545,8998227.409609247
2022-06-08,20246.189453125,20399.33763355711,20077.726454649677,20384.022815513898,6156200,18782.09306640625,720.6865039729176,20223.466074352087,17340.720058460414,1.0078825462415508,15.348374676344074,False,38.48000427532073,617.9715168531195,6752650.0,0.9116717140678104,8998227.409609247
2022-06-09,19848.00390625,20261.503987630207,19771.429817105516,20246.18916980131,4536200,18879.3421875,727.0214267550062,20333.38504101001,17425.299333989988,0.8330925620285827,15.40353301581378,False,38.72575021344618,608.8359921153746,6462095.0,0.7019704909940198,8998227.409609247
2022-06-10,19725.484375,20031.78071622671,19602.965838509317,19848.002911490683,4527800,18958.2134765625,729.0733212159628,20416.360118994427,17500.066834130575,0.7630979889504902,15.382743149660078,False,38.46719058525602,595.9773410869473,6324585.0,0.7159046799118045,8998227.409609247
2022-06-13,18791.279296875,19618.279363730133,18484.98297581754,19618.279363730133,7224700,18971.99677734375,722.8446271982211,20417.68603174019,17526.307522947307,0.4374978129223916,15.240243516411264,False,35.761511068546724,642.0147738080553,6392160.0,1.130243923806663,8998227.409609247
2022-06-14,19327.298828125,19327.298828125,18439.039452505946,18622.817254358164,8283400,19040.91337890625,684.8834704282257,20410.6803197627,17671.1464380498,0.6045380205481109,14.387618005488065,False,33.245471215473174,659.6036739374124,6473015.0,1.2796818793097189,8998227.409609247
2022-06-15,18224.634765625,19373.246200433296,18194.005127363445,19327.301743040964,8409600,19026.364453125,699.5629895391203,20425.490432203238,17627.23847404676,0.21348909980637035,14.707234085894305,False,31.33785075049331,696.7206310183009,6519150.0,1.2899841236971077,8998227.409609247
2022-06-16,18377.783203125,18929.11669921875,18347.153564453125,18439.04248046875,8649600,19024.06728515625,701.7181478472901,20427.50358085083,17620.630989461668,0.26974940579280327,14.754324347765824,False,29.566488890154865,697.2750097736902,6678260.0,1.2951876686442276,8998227.409609247
2022-06-17,17642.669921875,18102.114451090496,17642.669921875,18086.799633449977,9257900,18978.1228515625,761.1585832219134,20500.440018006328,17455.805685118674,0.0613749358134238,16.04286344177071,False,29.039859914541605,699.9777434505694,6850445.0,1.351430454517918,8998227.409609247
2022-06-20,17765.189453125,17841.763545595368,17474.20790173761,17642.670905172414,6580000,18948.258984375,797.4374559714882,20543.133896317977,17353.38407243202,0.12910272072412593,16.833999506320175,False,28.78066353286557,676.2333077653686,6977585.0,0.9430196837444474,8998227.409609247
2022-06-21,17857.080078125,18209.32093729899,17657.987418591874,18071.48755762221,7165100,18925.28681640625,822.8081128791462,20570.90304216454,17279.67059064796,0.17543868322365821,17.390660883741145,False,27.746679298517815,667.3118942612078,7089500.0,1.010663657521687,8998227.409609247
2022-06-22,17887.70703125,18086.79966087864,17765.18848994007,17887.70703125,3745800,18911.503515625,838.404193833993,20588.311903292986,17234.695127957017,0.19471870134224378,17.73321075484641,False,26.786551080909184,642.6189854524483,7035135.0,0.5324418081529352,8998227.409609247
2022-06-23,17933.65234375,18040.85607253416,17550.781883806576,18040.85607253416,5874700,18880.108203125,863.576663027297,20607.261529179596,17152.954877070406,0.2260069951238702,18.29601088587744,False,26.24099950906188,631.7229285435295,7067340.0,0.8312462680442713,8998227.409609247
2022-06-24,17933.65234375,18194.00425651153,17811.133796568105,18010.226435738685,5754100,18852.54140625,885.3779680799331,20623.297342409864,17081.785470090133,0.24053763036007675,18.78532870451963,False,25.379783347976016,613.9477522149506,7108845.0,0.8094282545195457,8998227.409609247
2022-06-27,17887.70703125,18132.744113869863,17749.873672276328,18071.484843214897,4800100,18815.78583984375,910.3238880098166,20636.43361586338,16995.138063824117,0.24512401003154227,19.35234373431571,False,24.68817161074746,597.4422300277067,7080700.0,0.6779132006722499,8998227.409609247
2022-06-28,18255.263671875,18301.208127425023,17948.96730154153,18010.226575608223,5728200,18802.00244140625,916.9269495401464,20635.85634048654,16968.14854232596,0.35093175366765894,19.50700628611484,False,23.635810962353425,584.3035776096579,7106290.0,0.8060746184014443,8998227.409609247
2022-06-29,17474.20703125,18194.003464614372,17458.892213518844,18194.003464614372,7735500,18717.005078125,958.4636334828778,20633.932345090754,16800.077811159244,0.1758358889531093,20.483269187185428,False,23.52409387626803,599.4512833772649,6749720.0,1.1460475397497971,8998227.409609247
2022-06-30,17397.6328125,17612.040259132922,17275.1142715669,17397.6328125,7607100,18618.2244140625,988.6017960079862,20595.428006078473,16641.02082204653,0.19133385997999935,21.23944311813724,False,23.707252290232095,580.6994765336046,6745530.0,1.127724582056562,8998227.409609247
2022-07-01,16233.708984375,17520.153847287736,16187.764524985261,17397.635288915095,9050200,18431.38369140625,1069.391090468816,20570.16587234388,16292.601510468616,-0.013767770888150357,23.20804793331771,False,25.182508018774882,634.3916083742382,6777710.0,1.335288762723693,8998227.409609247
2022-07-04,16249.0234375,16754.41247938266,16003.986326284166,16233.708618049011,7253600,18258.3263671875,1129.8992523412667,20518.124871870034,15998.527862504965,0.05542431647688554,24.753621544893353,False,26.723520572463197,642.6797901402564,6856475.0,1.0579197036378023,8998227.409609247
2022-07-05,17137.28125,17259.79979334227,16463.429261617515,16463.429261617515,6290800,18109.7724609375,1067.4497116693635,20244.671884276228,15974.873037598772,0.2722395724346021,23.57731912914613,False,26.968861165908557,668.9724019761145,6731530.0,0.934527514547213,8998227.409609247
2022-07-06,16417.484375,17076.02152810168,16157.132477262126,17076.02152810168,4888500,17918.33720703125,1005.6718394463458,19929.680885923943,15906.993528138559,0.12690293862222554,22.450115271895097,False,27.539624065048674,691.1992856019544,6668145.0,0.7331124323181335,8998227.409609247
2022-07-07,16402.16796875,16494.056864933475,16141.816096230159,16402.16796875,2764500,17746.04541015625,951.387005434439,19648.819421025128,15843.271399287372,0.14686362286591634,21.44448486286302,False,28.08675337384444,666.9879629663375,6579560.0,0.4201648742469101,8998227.409609247
2022-07-08,16815.669921875,16907.558828551915,16494.058748505806,16662.521744080146,3693700,17600.5546875,849.8196828601101,19300.19405322022,15900.91532177978,0.2691025574438829,19.31347501141328,False,27.659512267205205,655.4453127403074,6537855.0,0.5649712329196656,8998227.409609247
2022-07-11,16677.83984375,16815.67323088843,16478.747173438936,16815.67323088843,1615700,17494.88271484375,825.0015197930727,19144.885754429895,15844.879675257604,0.25241170728428464,18.86269335416785,False,27.284194193211434,632.6939373623923,6257405.0,0.25820607743944973,8998227.409609247
2022-07-12,16494.05859375,16999.4475757312,16402.16968793524,16693.15122301532,2364600,17353.220703125,731.7772253552118,18816.775153835424,15889.666252414576,0.2064809891569275,16.86781348256424,False,26.52149756886534,630.1642195362186,5961465.0,0.3966474683655779,8998227.409609247
2022-07-13,17321.05859375,17428.262316257737,16907.55852122016,16999.44742622679,10874500,17308.04189453125,702.4509603209447,18712.943815173137,15903.13997388936,0.5046326006917281,16.23409429215433,False,24.927259663023687,651.881326891327,6084710.0,1.78718459877299,8998227.409609247
2022-07-14,18255.263671875,18362.46740149172,17336.37456087458,17336.37456087458,8307700,17301.91591796875,693.1029299213648,18688.121777811477,15915.710058126018,0.8438694718886895,16.02372669495056,False,24.33317710344129,679.7047183806408,6067615.0,1.3691870693839343,8998227.409609247
2022-07-15,17780.50390625,18194.003997093023,17719.244633532515,18194.003997093023,7014700,17308.8076171875,697.3417578970704,18703.491132981642,15914.12410139336,0.6691051352227076,16.115304377283994,False,23.781529012400494,669.4414555207726,5955455.0,1.177861305307487,8998227.409609247
2022-07-18,17673.30078125,17826.448968262564,17535.46741293869,17734.560056055027,4355500,17304.21318359375,694.4734366071594,18693.16005680807,15915.266310379431,0.6328659881720684,16.05327972416786,False,22.90627540872289,642.4086055067083,5844230.0,0.7452649878598208,8998227.409609247
2022-07-19,17826.44921875,17964.282588998067,17520.15284042096,17657.986210669027,6366800,17302.681640625,693.2226607350854,18689.12696209517,15916.236319154828,0.6888886528787167,16.025785485354294,False,22.308427098534548,628.2458300117368,5804315.0,1.0969080761467978,8998227.409609247
2022-07-20,18484.98828125,18592.192024388984,18117.43259048778,18132.74741093621,5335700,17332.545703125,731.5575499894935,18795.660803103987,15869.430603146015,0.8938318243525581,16.882864468260898,False,22.626066351446152,638.0670425565402,5883810.0,0.9068443746483996,8998227.409609247
2022-07-21,18377.783203125,18500.3017578125,18178.690551757812,18439.04248046875,5403300,17354.75224609375,757.0608734815503,18868.87399305685,15840.63049913065,0.8378298208460315,17.44907360811104,False,22.921017086292643,615.4630542349793,5860240.0,0.9220270842149809,8998227.409609247
2022-07-22,18423.7265625,18515.61547303616,18285.89319669576,18377.78210723192,4450800,17379.25595703125,784.2278900143875,18947.711737060028,15810.800177002477,0.8329614448708224,18.049746017972815,False,23.215971709391283,587.9101415282236,5795075.0,0.7680314750024806,8998227.409609247
2022-07-25,18730.01953125,18837.223240750205,18423.72321839227,18423.72321839227,1979200,17421.37158203125,834.0080621606778,19089.387706352605,15753.355457709895,0.8922767682330359,19.149079238304985,False,23.92488671751301,575.4522758732028,5654030.0,0.3500512024166833,8998227.409609247
2022-07-26,18745.337890625,18791.282346239277,18607.50452378217,18760.652709163092,2281500,17445.87529296875,866.3693644965329,19178.614021961817,15713.136563975684,0.8749736114028559,19.864165023481696,False,24.58316493934033,547.4755292006246,5481695.0,0.41620338234797816,8998227.409609247
2022-07-27,19051.6328125,19220.095803607317,18684.077195538586,18760.651282405546,6934100,17524.74658203125,937.9306045027209,19400.60779103669,15648.885373025809,0.9069827296227013,21.408140770820946,False,25.740475282193756,546.6571776912036,5441625.0,1.2742700939517149,8998227.409609247
2022-07-28,19174.154296875,19281.358034956567,18821.91344317841,19250.72839550469,7459500,17613.57265625,1006.8488892149278,19627.270434679853,15599.874877820143,0.8874915236391228,22.865296186407868,False,26.888240602768406,540.427707268843,5434245.0,1.3726837858800993,8998227.409609247
2022-07-29,19786.744140625,20521.8553780476,19740.799688286086,20215.559029121516,12006400,17791.2244140625,1062.484591467623,19916.193596997746,15666.255231127256,0.9695408626599621,23.887835187505495,False,29.091967340723613,598.0900911191113,5582055.0,2.150892458064279,8998227.409609247
2022-08-01,19710.169921875,20184.929259542543,19648.910652498544,19694.85510453089,8590000,17964.28173828125,1079.8047556349393,20123.89124955113,15804.672227011371,0.9042138577559665,24.04337164973122,False,30.8974722806815,593.6564136851748,5648875.0,1.5206567679405192,8998227.409609247
2022-08-02,20138.98828125,20215.562381178708,19802.06224156369,19848.006701520913,6454800,18114.36708984375,1164.123668165655,20442.61442617506,15786.119753512437,0.9347951267489707,25.706085393805434,False,32.598831832607345,587.3518455150701,5657075.0,1.1410136864015414,8998227.409609247
2022-08-03,20797.5234375,20828.15307437408,19985.838060336893,19985.838060336893,11305200,18333.36904296875,1237.7648426746598,20808.89872831807,15857.839357619428,0.9977024531587341,27.005725783922298,False,34.63436990163345,605.563500409507,5977910.0,1.8911626304176543,8998227.409609247
2022-08-04,20338.080078125,20858.783935546875,20276.82080078125,20797.524658203125,12263500,18530.1646484375,1227.4048971250502,20984.974442687602,16075.3548541874,0.8682394118522293,26.495283132382692,False,36.545435416603326,603.8777600063727,6452860.0,1.9004751381557945,8998227.409609247
2022-08-05,19909.265625,20307.450937499998,19771.432247596153,20307.450937499998,10880900,18684.84443359375,1194.457451505207,21073.759336604162,16295.929530583335,0.7562714121510327,25.57061592351659,False,36.95971587792531,601.2184793294066,6812220.0,1.5972619792079528,8998227.409609247
2022-08-08,19848.00390625,20062.41135585455,19771.429817105516,19909.263177565586,10500800,18843.35263671875,1122.267886954283,21087.888410627318,16598.816862810185,0.723799344436774,23.82310427640985,False,37.34439866402806,579.05869785938,7256475.0,1.4470938024316213,8998227.409609247
2022-08-09,19832.6875,20629.057963320465,19832.6875,20031.780115830115,4976300,19010.28408203125,995.5822896645581,21001.448661360366,17019.11950270213,0.7065131698570702,20.948288523591188,False,38.24943905216676,594.580966820886,7387060.0,0.6736509517994981,8998227.409609247
2022-08-10,19817.373046875,20261.50273648812,19786.74341310858,20016.465666356744,10438900,19135.0998046875,926.7608664718749,20988.62153763125,17281.57807174375,0.6840478128907393,19.373003034869942,False,38.96679666038452,586.0222780036471,7365280.0,1.4173120370169225,8998227.409609247
2022-08-11,19541.70703125,20184.929362999606,19541.70703125,20184.929362999606,5577400,19199.42197265625,906.9120353994975,21013.246043455245,17385.597901857258,0.5943545363919918,18.894569569669706,False,38.97757078479133,590.1079961283584,7228765.0,0.7715564138549255,8998227.409609247
2022-08-12,19357.931640625,19511.079833984375,19128.209350585938,19357.931640625,7251400,19278.293359375,843.3854797591702,20965.06431889334,17591.522399856658,0.5236067264499095,17.499173065525188,False,37.983226864490014,577.4929735951945,7240600.0,1.0014915890948264,8998227.409609247
2022-08-15,19909.265625,20016.469362980766,19403.87657451923,19419.19139423077,2704300,19390.0916015625,763.8830913214982,20917.8577842055,17862.325418919503,0.6699127881399172,15.758215216681974,True,37.688441813551094,583.2818842209497,7158040.0,0.3777989505507094,8998227.409609247
2022-08-16,19848.00390625,20077.726173683448,19618.28163881655,19970.522448881173,3511300,19491.1693359375,674.6227864775499,20840.4149088926,18141.9237629824,0.632234849409573,13.84468576205311,True,37.486029759529465,574.436359267089,7015265.0,0.5005227885190368,8998227.409609247
2022-08-18,19602.96484375,19710.16855773926,19434.501864624024,19557.020394897463,4153200,19547.0681640625,631.8230314232325,20810.714226908967,18283.422101216034,0.5221172214795603,12.929264401601603,True,36.85013851986258,562.9410508641524,6956140.0,0.5970552634075795,8998227.409609247
2022-08-19,19388.55859375,19664.225303613744,19388.55859375,19557.02158311118,2921200,19597.60693359375,570.8544444026742,20739.315822399098,18455.898044788402,0.40844936835759754,11.651513296230648,True,36.14610373497897,542.4214550784089,6832035.0,0.42757392197200395,8998227.409609247
2022-08-22,19480.451171875,19618.284552808076,19266.043690423547,19557.025272393377,2166500,19650.4431640625,501.13125389899625,20652.705671860494,18648.180656264507,0.4151958739028465,10.200915057538964,True,35.18130264666642,528.8371270288461,6717820.0,0.3225004540163327,8998227.409609247
2022-08-23,19679.541015625,19832.68919473492,19204.78166038424,19204.78166038424,5081800,19697.91923828125,451.9027380051551,20601.724714291562,18794.11376227094,0.4898328660624086,9.176659372771125,True,34.62085197880958,535.9135846946915,6872950.0,0.7393913821575888,8998227.409609247
2022-08-24,19985.8359375,20123.669288793102,19679.539601293105,19832.68776939655,4749800,19759.944140625,395.9431537671182,20551.83044815924,18968.057833090763,0.64262893216223,8.015066256246925,True,34.52340328497305,529.3575920379276,6996365.0,0.6788953978244416,8998227.409609247
2022-08-25,20184.93359375,20215.563235015175,19878.637181098256,20123.67431121965,3773100,19816.6091796875,369.4477531585564,20555.504686004613,19077.71367337039,0.7492398525322911,7.457335406044119,True,34.561481767166796,515.6124821721413,6838315.0,0.5517587300380283,8998227.409609247
2022-08-26,20276.818359375,20414.651716802775,20230.873906899073,20307.44799435895,5112200,19871.7423828125,350.307535177968,20572.357453168435,19171.127312456563,0.7890859715283519,7.051370301196267,True,34.871438971188205,495.19145652075804,6720950.0,0.7606365171590326,8998227.409609247
2022-08-29,20215.55859375,20215.55859375,19771.42889737216,20062.410422585228,3250000,19893.18310546875,357.87257426534734,20608.928253999446,19177.437956938054,0.7252027058395245,7.195883582189852,True,33.886831796727805,495.91988548376395,6283130.0,0.5172581181672192,8998227.409609247
2022-08-30,20414.654296875,20720.950685425265,20062.4134500422,20215.56164431733,4973100,19928.40732421875,373.25074647800847,20674.908817174768,19181.905831262735,0.8256838581332201,7.4918329479225605,True,33.71596748136861,507.5354104765711,6102285.0,0.8149570201981716,8998227.409609247
2022-08-31,20736.263671875,20736.263671875,20031.782040481907,20261.50431158835,7363200,19958.27109375,412.7862273019537,20783.84354835391,19132.698639146092,0.9711837064005858,8.27298567822781,True,33.47714168564295,521.6029976848941,6147705.0,1.1977152449572646,8998227.409609247
2022-09-01,20384.0234375,20675.00498919985,20384.0234375,20675.00498919985,2255000,19937.59609375,377.3751706313774,20692.346435012754,19182.845752487243,0.7957450426607916,7.5711268070011055,True,33.25537487532627,509.5056574484732,5695195.0,0.3959478121469063,8998227.409609247
2022-09-02,20766.89453125,20797.524169201697,20399.338875829646,20399.338875829646,5516800,19959.03681640625,411.9263317959703,20782.88947999819,19135.18415281431,0.9902925914699037,8.255435081063,True,33.23886026502602,502.64816275227486,5357860.0,1.0296648288682422,8998227.409609247
2022-09-05,21042.560546875,21425.431008062682,20629.060448792305,20736.264177924855,5716300,20015.7015625,477.4555028982369,20970.612568296474,19060.790556703523,1.0376726093540598,9.541619141499682,False,34.05445215011417,523.6283339321394,5099630.0,1.1209244592254732,8998227.409609247
2022-09-06,21747.04296875,22007.394891615317,21165.079847051056,21348.857674955983,7995200,20110.653515625,612.1753481490732,21335.004211923144,18886.302819326855,1.1682682739809214,12.176140326289085,False,35.39584966720156,555.1430489898664,4974350.0,1.6072853739684583,8998227.409609247
2022-09-07,21486.6875,21701.09493050606,21256.965253029226,21701.09493050606,4116900,20193.353515625,680.5505936975584,21554.454703020117,18832.252328229883,0.9751057439198144,13.480684982233774,False,36.64143307592556,550.4955251849312,4931380.0,0.8348373072040687,8998227.409609247
2022-09-08,21073.189453125,21747.04144145167,21073.189453125,21456.05990103788,3541700,20256.1443359375,701.6420335929524,21659.428403123406,18852.860268751596,0.7911189317591171,13.855391666974489,False,37.23765311121427,559.3067011236269,4586520.0,0.7721976574832334,8998227.409609247
2022-09-09,21011.93359375,21134.452156978863,20858.78538971392,21073.19287536443,3468900,20329.6556640625,699.8664442300951,21729.388552522687,18929.92277560231,0.7437171889409766,13.770355106747322,False,37.163817588422674,539.0467058480066,4481095.0,0.7741188258673383,8998227.409609247
2022-09-12,21134.447265625,21333.53988479393,20996.613913892663,21027.24354761096,1740100,20418.4814453125,682.5682657724589,21783.61797685742,19053.34491376758,0.762232312947572,13.371577462322154,False,37.35557253985195,524.6095104946679,4205530.0,0.4137647335769808,8998227.409609247
2022-09-13,21042.560546875,21287.597642035118,21027.245728427493,21134.449457560044,3262400,20475.14619140625,685.1064233773806,21845.359038161012,19104.933344651487,0.7070533628452781,13.384156908533951,False,37.533630709036274,505.7339678598791,4233435.0,0.7706271621035873,8998227.409609247
2022-09-14,20828.15234375,20935.356069048714,20675.004164751837,20828.15234375,5939200,20524.15361328125,672.8305004934421,21869.814614268136,19178.492612294365,0.6129551685921646,13.112950003610417,False,36.650895773881,495.8641403072565,4354830.0,1.3638190239343442,8998227.409609247
2022-09-15,21379.486328125,22175.85687902937,21333.54187326513,21440.74560127149,11835300,20612.9796875,661.9954142089568,21936.970515917914,19288.988859082085,0.7894682592102725,12.846185738210389,False,37.35258735761366,556.7098828052646,4738935.0,2.497459872313083,8998227.409609247
2022-09-16,21027.244140625,21379.484938319372,20782.207063968046,21379.484938319372,7910500,20694.91396484375,601.0807873921017,21897.075539627953,19492.752390059544,0.6382219257178083,11.617942232825134,False,36.749618563624544,559.6076957589567,4988400.0,1.5857790072969289,8998227.409609247
2022-09-19,21011.93359375,21394.804103840193,20766.896467292274,20858.78538971392,3879300,20771.4880859375,531.7782380915393,21835.04456212058,19707.93160975442,0.6130384296447597,10.240541956193473,False,36.20787300848308,564.4862629581684,5074040.0,0.7645387107709044,8998227.409609247
2022-09-20,20920.044921875,21410.119180659774,20828.155998352857,21180.39687185441,2326300,20833.51328125,465.98802942134364,21765.48934009269,19901.537222407314,0.5464237465136456,8.946892886102491,False,35.724224295278745,565.7346143402218,4936265.0,0.47126724355357746,8998227.409609247
2022-09-21,21027.244140625,21103.8182270803,20475.91071814685,20828.151515841226,3047600,20885.58369140625,422.4303269993074,21730.444345404863,20040.723037407635,0.5838365762142493,8.090371487642429,False,34.47319376879663,570.1755353825953,4851155.0,0.6282215266261334,8998227.409609247
2022-09-22,21502.00390625,21502.00390625,20782.207479188924,20950.67047275641,3573100,20951.43720703125,409.93130706478263,21771.299821160814,20131.574592901685,0.8357676577332892,7.826313832584436,False,33.869490535619036,580.8627419310583,4841155.0,0.7380676718675605,8998227.409609247
2022-09-23,20828.15234375,21440.745059742647,20828.15234375,21440.745059742647,5776500,20979.00390625,379.592576844249,21738.189059938497,20219.818752561503,0.400649030235188,7.237571021780713,True,33.308908961954124,587.5048005431255,4874370.0,1.1850762252352611,8998227.409609247
2022-09-26,20399.337890625,20414.652708861206,19602.96734234234,20399.337890625,9864200,20988.19287109375,361.95341125796233,21712.099693609674,20264.286048577826,0.09327985166502804,6.8982291802066875,True,31.35909631073984,633.0533863191636,5205080.0,1.8951101616113488,8998227.409609247
2022-09-27,20460.59765625,20613.745842299777,20261.505014385293,20399.33838183009,5896000,20990.4900390625,358.24865236458976,21706.98734379168,20273.992734333322,0.13022025392489844,6.826875441171736,True,29.226066932807612,612.9953464331151,5251225.0,1.1227856357326147,8998227.409609247
2022-09-28,20215.55859375,20659.68829012784,20215.55859375,20460.595667613637,8204400,20964.45478515625,394.757143979977,21753.969073116205,20174.940497196294,0.02572347148945211,7.531932464267717,True,27.319088768039823,600.9335142863097,5293285.0,1.5499637748581458,8998227.409609247
2022-09-29,20292.134765625,20675.00523290094,20093.04212264151,20215.56067216981,7552700,20959.8603515625,402.3302083626044,21764.520768287708,20155.199934837292,0.08508858391779905,7.67810856779132,True,25.751608462708862,599.5784854272471,5558170.0,1.3588465268244765,8998227.409609247
2022-09-30,20108.359375,20276.8224009901,19955.211169554455,20138.98901608911,8211900,20926.93359375,443.7671872038765,21814.467968157755,20039.399219342245,0.038849287219873116,8.482220965930946,False,24.527018528183135,580.8174219017683,5692925.0,1.4424746505530988,8998227.409609247
2022-10-03,20215.55859375,20338.077130681817,20016.465971235793,20108.35487393466,7297000,20885.58349609375,470.1704729558115,21825.924442005373,19945.242550182127,0.14373299638984255,9.004689249764036,False,23.26508641736559,562.3026888692151,5771960.0,1.2642152752271325,8998227.409609247
2022-10-04,20705.634765625,20889.412588988536,20399.338393352442,20399.338393352442,7788100,20833.5130859375,425.2669607027436,21684.047007342986,19982.97916453201,0.4248246794782843,8.165055196375814,False,22.143058282208873,570.2706393241667,5761605.0,1.3517240421722767,8998227.409609247
2022-10-05,20764.01953125,21344.721513605444,20764.01953125,20795.40882759354,4997300,20797.3796875,396.58196595845254,21590.543619416905,20004.215755583096,0.47897020092090137,7.627537159343448,False,21.808566889986352,575.1860756567579,5805625.0,0.8607686510926903,8998227.409609247
2022-10-06,20622.765625,21093.605022831052,20591.376331811265,20952.353203481736,3049900,20774.85849609375,392.86684643363213,21560.592188961014,19989.12480322649,0.40321601805139523,7.564274798935481,False,21.14631959842032,569.9748338969744,5781035.0,0.5275698901667262,8998227.409609247
2022-10-07,20716.93359375,20826.796120383522,20528.59783380682,20685.544300426136,2082100,20760.10849609375,389.01645641623446,21538.14140892622,19982.07558326128,0.47225380724154015,7.4954609507832375,False,20.40157133024233,550.5622233740978,5711695.0,0.364532770044619,8998227.409609247
2022-10-10,20277.484375,20528.598732585142,20089.148606811148,20528.598732585142,4267400,20717.2603515625,392.7915961410832,21502.84354384467,19931.677159280334,0.22009585943092458,7.583852101592364,False,19.03686036425247,556.0781350572945,5838060.0,0.7309619976499042,8998227.409609247
2022-10-11,20214.705078125,20465.819426921586,20120.53719732628,20277.483665324147,4923700,20675.867578125,400.25609393530686,21476.37976599561,19875.355390254386,0.21195785211796375,7.7434447173336665,False,17.76962875297617,541.0212846671524,5921125.0,0.8315480588570584,8998227.409609247
2022-10-12,20308.873046875,20465.81951555255,19712.476465900312,20277.48375313949,9727800,20649.90361328125,406.6490573243206,21463.201727929893,19836.60549863261,0.290340983051718,7.877016085688251,False,17.330659078074685,556.1871250232299,6110555.0,1.5919666871503488,8998227.409609247
2022-10-13,20214.705078125,20403.04083972244,20089.14790372671,20355.95689932308,2041200,20591.66455078125,379.1386859030934,21349.941922587437,19833.387178975063,0.2514369499393426,7.3648963145858755,False,16.923044379951882,538.8803972355513,5620850.0,0.3631479224672425,8998227.409609247
2022-10-14,21187.7734375,21187.7734375,20308.873206018518,20308.873206018518,8183900,20599.691015625,390.3779857089272,21380.446987042855,19818.935044207148,0.8766109023841602,7.580268760591066,False,16.39264577933146,569.8938231026548,5634520.0,1.4524573521790676,8998227.409609247
2022-10-17,20654.154296875,21093.60438829787,20434.42925116356,21093.60438829787,4607400,20581.80205078125,378.5099920337757,21338.822034848803,19824.7820667137,0.547787540366499,7.3562070240474124,False,15.900132793041065,582.9974204764965,5670925.0,0.8124600484048017,8998227.409609247
2022-10-18,20089.1484375,20622.766442871096,20089.1484375,20544.29320678711,6185400,20540.2572265625,384.9748017567094,21310.206830075917,19770.30762304908,0.2070530415211539,7.4969811236611505,False,14.77472167250299,581.7123089692467,5863880.0,1.0548305899847883,8998227.409609247
2022-10-19,19963.58984375,20136.23095088935,19775.25409050708,19900.811259335693,4172400,20487.07451171875,387.61941145063344,21262.31333462002,19711.835688817482,0.16237199911528444,7.568077350017218,False,14.295783574759787,565.9454912130341,5920120.0,0.7047830111551793,8998227.409609247
2022-10-20,19979.28515625,20120.53697589356,19838.03333660644,19994.979802877064,6895200,20410.93857421875,321.7192375673197,21054.377049353392,19767.50009908411,0.1645728887455578,6.304839660312083,False,13.851055341141098,545.6996446468974,6086225.0,1.132919009730991,8998227.409609247
2022-10-21,20089.1484375,20418.736029052736,20026.369848632814,20026.369848632814,5119100,20373.98837890625,313.61536218141237,21001.219103269075,19746.757654543428,0.27293846558966967,6.157171710299128,False,12.90601970853696,538.1104466580286,6053355.0,0.8456632726810174,8998227.409609247
2022-10-24,20324.568359375,20544.293422719595,20089.14864864865,20089.14864864865,4007100,20370.24990234375,313.7428991835019,20997.735700710753,19742.764103976744,0.46359954035005085,6.1608060909926055,False,12.278210021360497,532.184342269569,5760500.0,0.6956166999392414,8998227.409609247
2022-10-25,20089.1484375,20559.987854003906,20010.675201416016,20340.26279296875,5432900,20351.67744140625,319.06228725085526,20989.80201590796,19713.552866904538,0.2942964317654991,6.270977675809887,False,11.523221678533716,533.407793006592,5737345.0,0.9469362571014991,8998227.409609247
2022-10-26,20842.490234375,20842.490234375,20418.734785332737,20481.513370376037,7372700,20383.0240234375,335.36553605713493,21053.755095551773,19712.29295132323,0.8425114997946749,6.58127146730562,False,11.399947558229771,549.1173647114783,5695760.0,1.2944190064188097,8998227.409609247
2022-10-27,20559.98828125,21172.07953542462,20559.98828125,20842.4919370229,5031000,20396.41669921875,336.88972338989635,21070.196145998543,19722.637252438955,0.6213836239833459,6.606841355674028,False,11.88925111664244,553.6154996731312,5569675.0,0.9032843029440677,8998227.409609247
2022-10-28,20246.09375,20701.238493217057,20183.315164728683,20591.375968992248,3669600,20403.30341796875,332.0645512635684,21067.432520495888,19739.17431544161,0.3816422384062554,6.510015451147526,False,11.470176350306856,551.0660588742201,5342560.0,0.6868617292084693,8998227.409609247
2022-10-31,20277.484375,20559.98802728328,20151.92719620743,20261.78972765093,7956100,20406.39970703125,330.50686992980144,21067.413446890852,19745.38596717165,0.4024866472074906,6.478494485549473,False,11.011405911178658,540.8513997457651,5375515.0,1.480062840490632,8998227.409609247
2022-11-01,19743.865234375,20528.597556885932,19712.475941474564,20340.26179948331,7861000,20358.31123046875,353.82283002932974,21065.95689052741,19650.66557041009,0.06585192930963896,6.9519092428411335,False,10.777897963486044,560.5135580075939,5379160.0,1.4613805873035939,8998227.409609247
2022-11-02,19273.02734375,19681.08818327565,19037.607628639045,19586.920297231267,7935000,20283.76162109375,415.53455174842424,21114.830724590596,19452.6925175969,-0.10809280064132619,8.194427828737561,False,11.665579972641485,570.9238471310483,5526045.0,1.435927503304805,8979717.979608856
2022-11-03,19461.359375,19461.359375,18927.741456653224,19257.328994455645,3432700,20225.69130859375,445.72169899100305,21117.134706575755,19334.247910611743,0.07129530863990044,8.81496097592707,False,12.646440912693976,568.2591379321717,5545185.0,0.6190415648891786,9055050.792108856
2022-11-04,19634.001953125,19634.001953125,19084.689348521184,19461.360848820943,4065100,20171.5447265625,448.6722569991325,21068.889240560766,19274.200212564236,0.20048138421084724,8.897132333317186,False,13.144489159571869,566.9058141230036,5644335.0,0.7202088465691707,9124107.823358856
2022-11-07,19634.001953125,19634.001953125,19273.025098671063,19602.61266143335,3599400,20139.37060546875,463.5023779314411,21066.375361331633,19212.365849605867,0.22741852231742968,9.205895993702597,False,13.606962531672771,552.1966027180702,5610935.0,0.6414973618478916,9124107.823358856
2022-11-08,19571.2265625,19634.0051561247,19335.806836407377,19634.0051561247,4950900,20107.1966796875,480.03638970618533,21067.26945909987,19147.123900275128,0.22087005866599585,9.549543824597349,False,14.036393619645267,534.0538682180166,5612295.0,0.8821524884205124,9098997.667108856
2022-11-09,19461.359375,19555.527242943546,19194.550415826612,19555.527242943546,5943300,20064.82099609375,498.35425305616064,21061.52950220607,19068.112489981428,0.19727276460819948,9.934885602082993,False,14.693366232665001,522.8126023934003,5423070.0,1.0959290586328407,9055050.792108856
2022-11-10,18456.90625,19178.86006590136,18394.127657312925,19178.86006590136,9061400,19976.9310546875,612.4675727568875,21201.866200201275,18751.995909173722,-0.12045113582317532,12.263496751933287,False,16.48420223080449,561.6996820572342,5774080.0,1.5693235978718687,8767225.007451396
2022-11-11,18205.791015625,18676.630438442888,18205.791015625,18519.683964170257,6478800,19827.83193359375,663.0631004993395,21153.958134592427,18501.70573259507,-0.11157109962355871,13.376411555636192,False,18.369748470047252,555.2096635401381,5688825.0,1.138864352480521,8749740.529875811
2022-11-14,18017.455078125,18331.348023736933,17891.897899880227,18205.79084549216,5804000,19695.99697265625,746.9392775250217,21189.875527706292,18202.118417606205,-0.061806677275389084,15.169362151344556,False,20.467322319970556,546.9411249913215,5748655.0,1.0096274693819685,8674406.154875811
2022-11-15,17986.064453125,18064.537683723276,17656.47688461224,17656.47688461224,5751300,19590.8427734375,831.8843681241599,21254.61150968582,17927.07403718918,0.017727949399036835,16.985167565166332,False,22.654849682506118,537.0211017141585,5726950.0,1.004251826888658,8661849.904875811
2022-11-16,18048.845703125,18080.235,17766.34203125,18017.45640625,6942800,19495.10556640625,894.5478942454424,21284.201354897137,17706.009777915366,0.0958126242918549,18.354307263396773,False,24.63657792257013,521.0833779310044,5865470.0,1.1836732606253206,8686962.404875811
2022-11-17,17970.37109375,18017.45503548035,17672.172796124454,17891.897857532753,3085800,19394.65986328125,948.4808162818674,21291.621495844985,17497.698230717513,0.12458682740822528,19.56169013466578,False,26.578810449660278,510.7683442931145,5675000.0,0.5437533039647577,8655572.561125811
2022-11-18,18080.234375,18237.180853949652,17782.03606499566,17891.898600260418,2946300,19294.21416015625,977.0070978904229,21248.228355937095,17340.199964375406,0.18936259834306587,20.254923880921826,False,27.650317039395645,506.79523319746295,5566360.0,0.5293046083975884,8699517.873625811
2022-11-21,18080.234375,18378.43268500434,18001.761135525172,18268.570149739582,3245900,19181.9974609375,981.3143685487997,21144.626198035097,17219.3687238399,0.21931444161802532,20.463236334947126,False,28.19382465850016,497.5006843604419,5528300.0,0.5871425212090516,8699517.873625811
2022-11-22,18174.400390625,18331.346853411054,18080.232512953367,18080.232512953367,4743200,19086.26005859375,981.5561186240973,21049.372295841946,17123.147821345556,0.2677515195853102,20.570947175838015,False,28.698510304811492,479.9016597959594,5493815.0,0.8633708998209805,8737184.279875811
2022-11-23,18598.15625,18802.186656118145,18237.17937763713,18237.17937763713,6978000,18974.043359375,894.6520938662966,20763.34754710759,17184.739171642406,0.3949627704579055,18.86054705201782,False,27.745168869386248,490.46484591718695,5474080.0,1.27473474994885,8906686.623625811
2022-11-24,18817.880859375,18896.35409064846,18660.93439682809,18660.93439682809,2407700,18886.93798828125,813.2153055309171,20513.368599343084,17260.507377219416,0.47877034272579105,17.222808822382785,False,26.606755655688417,476.7314883979921,5342915.0,0.45063415757128833,8994576.467375811
2022-11-25,18739.408203125,18833.576083542714,18519.683148817003,18802.186790070144,3091000,18811.6037109375,747.8396646299163,20307.283040197333,17315.924381677665,0.47586531203576016,15.90166742020205,False,25.847546455291223,465.1001631356863,5313985.0,0.581672699490119,8963187.404875811
2022-11-28,18676.62890625,18849.270013786765,18629.54496783088,18692.323552389706,3434000,18731.5609375,663.6142776658997,20058.7894928318,17404.3323821682,0.47930573787411246,14.171040627743198,False,25.095957393389238,447.5733690514148,5087880.0,0.6749373019803926,8938075.686125811
2022-11-29,19273.02734375,19351.500582120316,18676.630732135585,18676.630732135585,5461300,18708.01904296875,633.4797693185557,19974.97858160586,17441.05950433164,0.7229780366107976,13.544561139553544,False,23.546576780792098,463.80896239562196,4967895.0,1.099318725536671,9150434.92229417
2022-11-30,19335.802734375,19618.306345753856,19116.077703302555,19273.024154068586,12416200,18711.1578125,636.574578685444,19984.30696987089,17438.008655129113,0.7453149021301319,13.608448714171606,False,22.69444986991226,466.5532252567419,5191955.0,2.391430588285145,9150434.92229417
2022-12-01,19257.33203125,19571.224973894663,19163.164148456603,19461.36244396903,5655100,18700.9564453125,625.4572737875908,19951.87099288768,17450.041897737316,0.7223875271960022,13.378080968567058,False,21.90318916695241,462.37519669826463,5303075.0,1.0663812976433484,9150434.92229417
2022-12-02,18347.04296875,19210.24858319076,18347.04296875,19210.24858319076,6103900,18636.60849609375,589.5853531000699,19815.779202293892,17457.43778989361,0.3772164514343848,12.654348632663456,False,21.356277583825623,494.36904425553143,5405015.0,1.129303063913791,9150434.92229417
2022-12-05,17891.8984375,18519.68434758772,17891.8984375,18347.043222313598,5464300,18549.5033203125,562.5440339955993,19674.591388303696,17424.4152523213,0.20775404098515254,12.13065437454789,False,21.59672080169392,503.8988203864022,5498260.0,0.9938235005256209,9150434.92229417
2022-12-06,17640.78125,17970.368800044485,17515.224088078292,17891.895573843416,7208000,18452.9810546875,543.2933915005857,19539.56783768867,17366.39427168633,0.1262609589064794,11.77681567851771,False,22.347948004091236,500.416384070673,5611115.0,1.2845931690938432,9150434.92229417
2022-12-07,17609.392578125,17986.064077122326,17279.80501650234,17656.476515499668,10339900,18360.38271484375,519.6918168639804,19399.76634857171,17320.999081115788,0.138732941163808,11.322025797290754,True,23.346111679102545,515.1194323956239,5830945.0,1.7732803173413572,9150434.92229417
2022-12-08,17138.552734375,17593.69744984833,16965.911635402357,17515.224223042584,9505400,18294.4650390625,586.163306440029,19466.791651942556,17122.138426182442,0.007000740242615748,12.81618905364978,False,24.64475407955194,524.2881117046967,5853145.0,1.623981637222382,9150434.92229417
2022-12-09,16400.90625,17060.081429425838,16400.90625,16965.913546650718,16636200,18204.22080078125,723.4050466502287,19651.03089408171,16757.410707480794,-0.12320361156298609,15.895325695438345,False,26.421888971320485,539.5279954668613,6361015.0,2.615337332171045,9150434.92229417
2022-12-12,16871.744140625,16903.133432049417,16338.126186409883,16400.90476925872,7702300,18146.93525390625,781.9665595874566,19710.86837308116,16583.002134731338,0.09231277295476506,17.236333268321598,False,28.130142919291185,541.3479419077664,6455930.0,1.1930581651288041,9150434.92229417
2022-12-13,16840.35546875,17028.691224225302,16699.103652143524,16856.05011503961,4898200,18089.6498046875,834.5689455464218,19758.787695780342,16420.511913594655,0.1257665880679452,18.454065270631457,False,29.356427410222572,526.2222012059101,6413275.0,0.7637595456299628,9150434.92229417
2022-12-14,16856.05078125,17169.943719448325,16840.356134340083,16840.356134340083,5423900,18030.01005859375,879.0714228266189,19788.15290424699,16271.867212940513,0.16613654850451973,19.502405599771073,False,30.090091803830173,512.1769190267969,6337330.0,0.8558651671918616,9150434.92229417
2022-12-15,16652.021484375,16824.662611922715,16652.021484375,16808.96796396383,4393300,17964.092578125,931.635748283085,19827.36407469117,16100.82108155883,0.14791199345666461,20.744398732781953,False,31.000176197835998,490.16637458738285,6402705.0,0.6861631138714028,9150434.92229417
2022-12-16,16667.712890625,16808.964694782837,16479.37715174788,16620.62895590572,9488700,17893.46650390625,974.9037391642108,19843.27398223467,15943.659025577828,0.18567316852941462,21.793513044582685,False,32.04851656344579,478.6964580479238,6729825.0,1.4099475097792291,9150434.92229417
2022-12-19,16856.05078125,16856.05078125,16510.768549231845,16510.768549231845,6872900,17832.25732421875,1000.6504879714352,19833.55830016162,15830.95634827588,0.25610701371171024,22.44585124088377,False,32.87203807440486,469.16687047436886,6911175.0,0.9944618679168159,9150434.92229417
2022-12-20,16730.494140625,16965.91385179702,16573.54766651032,16856.051319916744,3269900,17760.06201171875,1026.4220829342144,19812.906177587178,15707.217845850322,0.24923379762286893,23.117533762144355,False,33.278389547463725,463.68110724667827,6837510.0,0.47822964792738876,9150434.92229417
2022-12-21,16714.798828125,16856.050649207747,16589.241653829224,16714.798828125,1626500,17665.894140625,1031.8640507704306,19729.622242165864,15602.16603908414,0.2695686481688463,23.363981297669532,False,33.65571591530409,449.6188135418101,6569935.0,0.24756713727000343,9150434.92229417
2022-12-22,16950.220703125,16950.220703125,16604.938429542824,16793.2742151331,2938200,17572.5111328125,1006.3177355346278,19585.146603881753,15559.875661743243,0.345404088660702,22.906634753084724,False,33.67384540435439,442.16620354469336,6596460.0,0.44542072566194596,9150434.92229417
2022-12-23,16871.744140625,16950.217369186044,16714.797683502908,16950.217369186044,1201500,17479.1279296875,978.6093641461774,19436.346657979855,15521.909201395145,0.3448349741695877,22.394924233812702,False,33.690679929901094,427.3988332645076,6501985.0,0.18478972190800194,9150434.92229417
2022-12-26,16573.548828125,16887.44179835464,16557.854179613518,16887.44179835464,1719900,17373.97392578125,955.8894203241554,19285.752766429563,15462.19508513294,0.2906595991550947,22.00738701249484,False,33.993954802081866,420.4123179414087,6416280.0,0.26805251641137856,9150434.92229417
2022-12-27,16714.798828125,16856.050649207747,16557.85236025528,16573.547007042253,2040700,17246.0625,854.1431028269069,18954.348705653814,15537.776294346186,0.3445039039369668,19.810738893632262,False,34.27557055556658,411.6827444421985,6245250.0,0.32676033785677117,9150434.92229417
2022-12-28,16432.29296875,16761.88050680516,16338.125100734242,16714.79657279728,2997300,17100.88701171875,715.8115202121377,18532.510052143025,15669.263971294475,0.2664908903776075,16.74326062084645,False,34.936176501622974,412.54507741567846,5774305.0,0.5190754558340788,9150434.92229417
2022-12-29,16495.072265625,16542.156201682923,16118.400777161633,16400.904393509158,2879100,16962.7740234375,516.5976216188951,17995.969266675293,15929.57878019971,0.2736624510838658,12.181913663534313,True,35.906134998127214,413.34581649465076,5635505.0,0.5108858922137413,9150434.92229417
2022-12-30,16369.5166015625,16573.547009827424,16369.516601562502,16495.073775879377,2527400,16863.897705078125,417.43655550657655,17698.770816091277,16029.024594064971,0.20391841766488789,9.901306632828454,True,36.66449320168131,398.39471590681296,5456680.0,0.4631754106892836,9150434.92229417
2023-01-02,16196.8759765625,16416.601038260054,16196.8759765625,16385.211743731834,1202600,16779.14658203125,366.72732613070684,17512.601234292666,16045.691929769837,0.10306298168982014,8.742454792627766,True,37.64985458538444,385.6325977490088,5243595.0,0.229346469359285,9150434.92229417
2023-01-03,16259.6533203125,16322.43190456081,16134.096151815878,16228.264028188345,2217400,16710.090185546876,323.4170301887377,17356.92424592435,16063.2561251694,0.15181420334334847,7.741838053476739,True,38.66398128168035,371.5399659630033,4994065.0,0.44400703635215,9150434.92229417
2023-01-04,15161.029296875,16322.433197463768,15161.029296875,16259.654608242754,8118200,16587.672021484374,415.3941462840077,17418.46031405239,15756.883728916358,-0.35860786518761417,10.016936571834528,True,40.70168169834582,427.9588184362722,4882980.0,1.6625503278735527,9150434.92229417
2023-01-05,15490.6181640625,15631.870001424772,14815.748274442754,15082.55730057149,10800300,16505.27529296875,461.2777920550866,17427.830877078923,15582.719708858574,-0.049916528815393,11.178917863953266,True,42.84821670635857,455.684740475254,4947725.0,2.1828820316408044,9150434.92229417
2023-01-06,15678.951171875,15820.202984234234,15380.75290133884,15584.783296968844,3662700,16469.1775390625,496.7592092040008,17462.695957470503,15475.6591206545,0.10230915071823835,12.065185599602895,True,44.110338900955924,454.52512207669264,4299050.0,0.8519789255765808,9150434.92229417
2023-01-09,15506.3115234375,15820.204469256072,15239.502519491713,15694.647290928642,4614600,16400.905908203124,531.1583820887024,17463.22267238053,15338.589144025718,0.0789417926307771,12.954366912696862,False,45.41254104702307,463.5377526258117,4144665.0,1.113383108164351,9150434.92229417
2023-01-10,15663.2568359375,15851.592589475826,15255.196036604459,15427.837144014591,5253000,16342.0509765625,544.9378278579214,17431.92663227834,15252.175320846656,0.18859101629389136,13.338297099659327,False,46.494983368854406,473.0276669290657,4162405.0,1.2620107846305202,9150434.92229417
2023-01-11,15741.73046875,15741.73046875,15317.975012462612,15522.005417341725,3983300,16286.3349609375,546.5822475461116,17379.499456029724,15193.170465845276,0.25090460098525474,13.42431551007836,False,47.5001083819835,469.508223311803,4090375.0,0.9738226935183204,9150434.92229417
2023-01-12,15663.2568359375,15773.119358834856,15569.088959168335,15631.867543681112,3982700,16236.896728515625,556.3938331248695,17349.684394765365,15124.109062265887,0.24225096576089036,13.706900830322274,False,48.28986726589803,450.5455216228543,4069845.0,0.9785876366298962,9150434.92229417
2023-01-13,15161.029296875,15710.341952558876,15082.556060348732,15694.647305253622,5715600,16161.562548828126,595.610754453596,17352.784057735316,14970.341039920933,0.0800389581317253,14.741415074293876,False,49.534868222418865,463.20554809337506,3881190.0,1.4726411229545577,9150434.92229417
2023-01-16,15208.1142578125,15286.587499596879,15129.641016028123,15176.72496109875,3296800,16079.16572265625,608.3305993929965,17295.826921442243,14862.504523870257,0.14203203582357143,15.133387139255172,False,50.69094053918821,441.32990062733086,3702385.0,0.8904530458069596,9150434.92229417
2023-01-17,15270.8916015625,15443.532719360224,15208.113013272417,15208.113013272417,6142400,16006.185595703126,613.6093654149273,17233.404326532982,14778.966864873271,0.20042259962760883,15.334305896831577,False,51.045501249210794,426.6220295887934,3846010.0,1.5970837309315369,9150434.92229417
2023-01-18,15537.7021484375,15537.702148437502,15239.50382437658,15255.198473011365,5610800,15947.33076171875,598.3256818957907,17143.98212551033,14750.679397927168,0.32884379457716745,15.007544292793115,False,50.95487484201506,417.4489077653741,4045225.0,1.3870180274273989,9150434.92229417
2023-01-19,16479.37890625,16495.07355282738,15443.532232142858,15474.92152529762,7470900,15923.788671875,565.1306883948115,17054.050048664623,14793.527295085376,0.7457795363905515,14.195885163760305,False,47.741319151097485,462.7412229738847,4271860.0,1.748863492717458,9150434.92229417
2023-01-20,16808.96875,16808.96875,16291.045343137253,16542.15972222222,6563600,15920.64990234375,559.7371736072686,17040.12424955829,14801.175555129214,0.8967571252823048,14.063173979470958,False,44.613714500893316,466.68280753737486,4539965.0,1.445738017804102,9150434.92229417
2023-01-24,16400.90625,16903.13495813397,16338.127661483255,16808.96707535885,2635200,15912.0177734375,550.3915948537741,17012.800963145048,14811.23458372995,0.7220639273626565,13.835871796789032,False,41.91090529687233,473.705985331185,4585730.0,0.5746522363942055,9150434.92229417
2023-01-25,16353.8212890625,16400.905227514697,16149.790889102987,16400.905227514697,2769700,15893.968896484375,528.149945390112,16950.2687872646,14837.669005704152,0.7176713244940602,13.29183286641348,False,38.94759059055632,457.8066550144584,4622180.0,0.599219415946588,9150434.92229417
2023-01-26,15851.591796875,16259.652575804455,15851.591796875,16259.652575804455,6387400,15864.933837890625,512.7350424175587,16890.40392272574,14839.463753055508,0.49349467077931863,12.927505343715465,False,36.795717757110346,460.9797148125328,4791685.0,1.3330175084547502,9150434.92229417
2023-01-27,16055.623046875,16196.874862536657,15867.287292659457,15867.287292659457,6364500,15842.961376953124,493.36009088368,16829.681558720484,14856.241195185765,0.6077618933165874,12.456259385985108,False,34.797550126053366,452.71566844461313,4965955.0,1.2816265954886825,9150434.92229417
2023-01-30,15851.591796875,16181.179349087253,15663.256052753713,15867.286442218441,4871700,15817.06513671875,477.60814045106525,16772.28141762088,14861.84885581662,0.5180726924606237,12.07829989502453,False,33.38552302150574,457.37335615096504,5083170.0,0.9583980075425375,9150434.92229417
2023-01-31,15412.142578125,15914.371256841905,15412.142578125002,15820.203379582486,9282300,15777.828466796875,476.9970131066959,16731.822493010266,14823.834440583483,0.3083395290621677,12.092843171935762,False,32.57672313149054,460.5773077628178,5487155.0,1.691641661298068,9150434.92229417
2023-02-01,15522.0078125,15710.343599911526,15427.839918794236,15443.534567745197,3148400,15740.94619140625,466.17592300948667,16673.298037425222,14808.594345387277,0.3825881131457564,11.84619824859053,False,31.82569466219071,448.9790016216541,5533705.0,0.5689497362074777,9150434.92229417
2023-02-02,15129.642578125,15694.649977308092,15129.642578125,15522.008827557704,9902000,15739.37685546875,468.27899238220874,16675.934840233167,14802.818870704334,0.17448129893573866,11.90082674002438,False,31.697976425755847,457.266744304614,5622895.0,1.761014566339937,9150434.92229417
2023-02-03,15066.8583984375,15286.583416748046,15035.469110107422,15176.720907592773,6136300,15718.1888671875,489.24435026040777,16696.677567708317,14739.700166666686,0.167175273253886,12.450400091113034,False,31.747450392634235,442.5415701857576,5389695.0,1.1385245361750527,9150434.92229417
2023-02-06,15019.77734375,15208.11310981583,14941.304107889237,15066.861285266457,6157800,15685.23017578125,513.6225423158749,16712.475260412997,14657.9850911495,0.17609831286279518,13.098246861788038,False,31.96217277234873,429.9892438815316,5514450.0,1.1166662133122978,9150434.92229417
2023-02-07,15631.8681640625,15930.06645233277,15255.196642036899,15333.669875792233,10437600,15691.5080078125,512.0856014051675,16715.679210622835,14667.336805002164,0.4708838504801019,13.053827615553848,False,30.006017602489067,464.2963770744772,5805600.0,1.7978503513848698,9150434.92229417
2023-02-08,15569.0908203125,15867.289132395099,15474.922932286416,15757.426596364667,4216900,15686.79970703125,512.791435869528,16712.382578770306,14661.216835292194,0.44261366391623025,13.075743821467444,False,28.189587801905095,459.15850729120626,5753795.0,0.7328902055078431,9150434.92229417
2023-02-09,15380.751953125,15647.560915577169,15380.751953125,15427.835887675383,4136400,15668.75078125,517.090984662855,16702.93275057571,14634.568811924291,0.3607600805916308,13.200566959853141,False,26.726250645690254,445.4192540884179,5761450.0,0.7179442675021045,9150434.92229417
2023-02-10,15380.751953125,15443.53053252551,15192.416214923469,15208.110859773597,6881200,15654.625537109376,521.0920381931757,16696.809613495727,14612.441460723025,0.3686059448662852,13.31471102794312,False,25.80204300476702,431.5403300536767,5906375.0,1.165046242407568,9150434.92229417
2023-02-13,15459.2265625,15616.17302506345,15349.364038705582,15569.089086294416,3348900,15669.535400390625,510.3816303585523,16690.29866110773,14648.77213967352,0.39698451835792053,13.028634667645065,False,24.44723602873705,419.7738055039761,5788040.0,0.5785896434717106,9150434.92229417
2023-02-14,15537.7021484375,15537.702148437502,15349.366364820076,15474.92355389836,2998800,15686.014794921875,499.9125128808321,16685.83982068354,14686.189769160212,0.4258306990408687,12.747980144521396,False,23.18920097956636,403.24251822636535,5773140.0,0.5194400274374084,9150434.92229417
2023-02-15,15616.17578125,15820.206218592964,15396.450694880654,15553.397185144473,3127800,15703.27900390625,490.6991282097516,16684.677260325752,14721.880747486746,0.45562289718445526,12.499278095681502,False,21.837566057649994,404.7077329039329,5622410.0,0.5563094829441467,9150434.92229417
2023-02-16,15474.921875,15678.952285116633,15412.143287271805,15631.868344320486,1589400,15700.139990234375,492.0131186317535,16684.16622749788,14716.113752970869,0.3855629521319029,12.535254308249213,False,20.582476487299086,394.8578232568539,5421340.0,0.29317475015402095,9150434.92229417
2023-02-17,15459.2265625,15474.921208756345,15286.585453680202,15427.837269987309,2096000,15649.132373046876,458.7311860714404,16566.594745189755,14731.670000903994,0.3965048506004016,11.725408799315453,False,19.18617732294622,380.10629454706424,5152595.0,0.4067853188538979,9150434.92229417
2023-02-20,15255.1962890625,15396.448106553818,15066.860532407407,15396.448106553818,3973800,15571.44375,376.09534725836863,16323.634444516738,14819.253055483263,0.2897823894639637,9.661155466290497,False,18.507663692678683,380.98198994317346,5023105.0,0.7911043069973652,9150434.92229417
2023-02-21,15066.8583984375,15317.972705078124,15066.8583984375,15255.194128417968,1748900,15504.741357421875,337.57031617994306,16179.881989781761,14829.60072506199,0.17570981659495166,8.708828051964977,True,17.877621220769896,371.7057268501342,4978790.0,0.35127008771207463,9150434.92229417
2023-02-22,15270.8916015625,15317.975542780061,15098.250483764772,15223.807660344937,1693300,15450.594873046875,275.32113226365504,16001.237137574186,14899.952608519565,0.33682393900635416,7.127780762511486,True,17.292571522504986,363.0922566710219,4924970.0,0.3438193532143343,9150434.92229417
2023-02-23,15506.3115234375,15631.868701764928,15302.281108655427,15365.05969781914,3322100,15433.330859375,259.20705809893104,15951.744975572863,14914.916743177138,0.5703883842879819,6.718110574075471,True,16.422748725474737,362.94117406612236,4771705.0,0.696208168778246,9150434.92229417
2023-02-24,15663.2568359375,15820.203297219437,15569.088959168335,15631.867543681112,2816700,15413.712548828125,221.77495780729853,15857.262464442723,14970.162633213527,0.7813034997014908,5.755263882202347,True,16.158630736319815,359.43764547439486,4594315.0,0.613083778539347,9150434.92229417
2023-02-27,15804.5087890625,15820.203435327707,15631.867680145235,15710.340911471265,2847000,15411.3583984375,217.08246448226026,15845.523327402021,14977.193469472979,0.9527661775476196,5.634349909201248,True,15.913378712662734,347.2160818821146,4493080.0,0.6336410658167672,9150434.92229417
2023-02-28,17515.2265625,18927.744833669352,17421.058677755376,18331.348230286738,29878100,15516.51259765625,518.1182376679852,16552.74907299222,14480.27612232028,1.4644101575346122,13.356564096657813,False,19.46021164227843,545.5032220767387,5522870.0,5.409886526389359,9150434.92229417
2023-03-01,17311.1953125,17797.729360267454,17295.500665797827,17609.393599841344,6648300,15605.97197265625,655.3938113011211,16916.759595258492,14295.184350054009,1.1504575228054312,16.79853872477686,False,22.4501179155784,542.4121843905165,5697865.0,1.1668054613438543,9150434.92229417
2023-03-02,17782.03515625,17860.508391714477,17358.279684741836,17389.668978927628,5345700,15738.5916015625,805.1767337023944,17348.94506896729,14128.238134157713,1.1344705047832357,20.46375569266204,False,25.26412879071433,542.9051054493708,5470050.0,0.9772671182164697,9150434.92229417
2023-03-03,17656.4765625,17876.20160416667,17578.003333333334,17813.423020833336,3932500,15868.072509765625,894.7105675152303,17657.493644796086,14078.651374735164,0.9997158068952647,22.55373025210472,False,27.887104799989185,525.4260458339396,5359860.0,0.7336945367976029,9150434.92229417
2023-03-06,17358.27734375,17750.643468156646,17358.27734375,17687.86488825158,4064800,15984.997509765624,930.1191106205605,17845.235731006745,14124.759288524503,0.8691139710773562,23.274801514415707,False,29.718079174364625,515.92176573199,5255210.0,0.7734800321966201,9150434.92229417
2023-03-07,16840.35546875,17373.973442596693,16824.66082246039,17358.278796307084,7376100,16045.421875,945.1044070369256,17935.630689073852,14155.21306092615,0.7102766603962467,23.560724408486163,False,30.09974521745379,518.3068267608694,5102135.0,1.4456889125826737,9150434.92229417
2023-03-08,16573.548828125,16871.74714984316,16447.991640033142,16777.579258774265,7875500,16095.644775390625,945.1484003304299,17985.941576051486,14205.347974729764,0.6264097925170524,23.488301674637142,False,29.646203309793613,511.5531612643799,5285065.0,1.490142505342886,9150434.92229417
2023-03-09,16965.912109375,17217.02644216871,16699.103130781685,16840.354942978145,5548200,16174.902783203124,948.5019025456468,18071.90658829442,14277.89897811183,0.7084891248106397,23.456138568712063,False,29.640955491782794,520.9763364629035,5355655.0,1.0359517183239024,9150434.92229417
2023-03-10,16840.35546875,17044.38587051491,16699.103652143524,16950.21799277726,3722200,16247.882958984375,940.2992507474497,18128.481460479274,14367.284457489475,0.6575223284753937,23.148843529242804,False,29.636082517915604,508.4267565992238,5197705.0,0.7161237507707728,9150434.92229417
2023-03-13,17625.0859375,17687.86451608415,17028.68944095058,17138.55195347284,8860600,16356.175927734375,968.9726716278587,18294.121270990094,14418.230584478657,0.8273853966474295,23.696802379945527,False,30.3442108793114,532.6469202231472,5473290.0,1.6188800520345168,9150434.92229417
2023-03-14,17012.998046875,17593.70000972959,17012.998046875,17593.70000972959,6085500,16429.94072265625,959.4939400337845,18348.92860272382,14510.952842588682,0.6519179277459062,23.359644595934043,False,30.96481274068867,538.3212752518509,5627625.0,1.0813620310521757,9150434.92229417
2023-03-15,17107.16796875,17389.671659977063,17091.473319237386,17389.671659977063,5667700,16504.49033203125,950.8227538655282,18406.135839762308,14602.844824300195,0.6584621408849833,23.043977359790617,False,31.54108589768185,526.7750136697232,5754620.0,0.9848956143064181,9150434.92229417
2023-03-16,16903.1328125,17138.552489554317,16620.62920003482,16887.438167363045,5059500,16575.90087890625,922.6429306337707,18421.18674017379,14730.61501763871,0.5886670028916202,22.26468262265937,False,30.941579969304904,526.1427476589929,5928125.0,0.8534739061676331,9150434.92229417
2023-03-17,17860.5078125,17860.5078125,16950.21831063269,16950.21831063269,27286900,16695.96494140625,925.9156331453673,18547.796207696985,14844.133675115518,0.8144300704638059,22.182979813262108,False,31.256156391916456,556.9450513976363,7187670.0,3.7963484689753426,9150434.92229417
2023-03-20,17389.66796875,17750.644830917194,17217.026860756996,17734.95018473601,4306800,16802.688525390626,872.5849844708797,18547.858494332384,15057.518556448866,0.6681725716708583,20.77250871257447,False,31.548263070055754,563.1261871365913,7204320.0,0.5978079818775401,9150434.92229417
2023-03-21,17248.416015625,17436.751768297883,17232.721369568924,17405.362476185735,3029800,16911.76640625,775.0821223523423,18461.930650954684,15361.602161545316,0.6085851420341378,18.33237531156766,False,31.819504985470815,537.4764879646176,7268365.0,0.41684753035930366,9150434.92229417
2023-03-24,17373.9765625,17719.258842874886,17279.808667852303,17499.533755363595,7905200,17016.920654296875,677.2356123338313,18371.39187896454,15662.449429629212,0.6318063838125214,15.91911077431805,False,32.403816225533326,532.7169407707082,7578960.0,1.0430454838130825,9150434.92229417
2023-03-27,17452.44921875,17703.563595998203,17373.97597585994,17468.143867328014,4863400,17114.2275390625,581.861170157929,18277.949879378357,15950.505198746641,0.6453188909287849,13.599472575197574,True,32.94639094844851,518.2077035826765,7656025.0,0.6352382600631529,9150434.92229417
2023-03-28,17938.982421875,17986.0663652395,17389.66974928915,17468.142988229985,9304100,17228.013818359374,499.92864194408463,18227.871102247544,16228.156534471203,0.8555350423366748,11.607342487996524,True,33.78043712019439,523.7926258946533,7980395.0,1.165869609211073,9150434.92229417
2023-03-29,18284.26171875,18488.292107027897,18017.45274946352,18048.84203996781,10366100,17352.00146484375,431.06225113491934,18214.12596711359,16489.87696257391,1.0406761154866582,9.93688830670695,True,35.0634075652048,525.6152729845279,8356350.0,1.2405057231925423,9150434.92229417
2023-03-30,18190.095703125,18472.599346486735,18190.095703125,18205.79034997843,4836300,17385.744921875,469.2359817384866,18324.216885351972,16447.27295839803,0.9285427868670348,10.795878666046372,True,36.25473726414303,508.2501565828999,7104260.0,0.6807605577498571,9150434.92229417
2023-03-31,18268.5703125,18268.5703125,18017.4559439433,18205.791720360827,5492300,17433.613671875,508.4269034118632,18450.467478698723,16416.759865051274,0.9105588409178981,11.665439259608894,True,36.8325611147339,489.8833145810285,7046460.0,0.7794410242873727,9150434.92229417
2023-04-03,18111.625,18425.517980935874,18080.23570190641,18299.960788561522,3812200,17450.0931640625,525.3735895423242,18500.840343147145,16399.345984977852,0.8147911548588652,12.042883315357907,True,37.55021458205608,479.55466918448815,6969785.0,0.5469609177327565,9150434.92229417
2023-04-04,18598.15625,18645.240189873417,18221.48473101266,18268.568670886078,7758700,17497.1771484375,583.7919363335029,18664.761021104503,16329.593275770492,0.9714775218021966,13.345968469791378,True,38.46046150379783,483.4161349479831,7161095.0,1.083451622971068,9150434.92229417
2023-04-05,18708.01953125,18912.04994560088,18409.82123335256,18503.98911689912,6634400,17564.6642578125,642.0035823506134,18848.671422513726,16280.657093111273,0.9452293199249968,14.620343957102616,False,39.58095331225114,484.7598904694358,7289575.0,0.9101216463236883,9150434.92229417
2023-04-06,18708.01953125,18880.66065108536,18660.935589476718,18833.57670931208,4284300,17658.0474609375,666.468817217237,18990.985095371976,16325.109826503027,0.8938564127788208,15.097225640412978,False,40.621409991529205,465.8288312650934,7134985.0,0.6004637711221538,9150434.92229417
2023-04-10,18959.1328125,18959.1328125,18708.018470612584,18833.575641556294,4362700,17777.32666015625,675.5725938743801,19128.47184790501,16426.18147240749,0.9373349966604412,15.200769087255825,False,41.671929864337585,450.49208202383073,6959345.0,0.6268837081650643,9150434.92229417
2023-04-11,19084.69140625,19335.805766858553,18849.271693179482,18990.523521021794,6474900,17883.265625,707.0292178491417,19297.324060698284,16469.207189301716,0.9248147569151616,15.814320106295279,False,43.02242496671066,453.0665099992051,7005680.0,0.9242357629808955,9150434.92229417
2023-04-12,19618.30859375,19900.812237500002,18959.133425,19210.247775,15352900,18022.16328125,762.0877596279311,19546.338800505862,16497.987761994136,1.0236094177917499,16.91445688810947,False,44.72574558547682,487.96738874926206,7587215.0,2.0235224650942407,9150434.92229417
2023-04-13,19492.751953125,19775.255604619564,19492.751953125,19712.477015398552,7536800,18115.54658203125,822.8745866505587,19761.295755332365,16469.797408730134,0.9184129007737224,18.16946748858827,False,46.30740044575969,473.29140751678364,7521025.0,1.0020974534720999,9150434.92229417
2023-04-14,18974.828125,19555.530061000827,18974.828125,19461.36217948718,9270900,18213.6380859375,801.1715683491951,19815.981222635888,16611.29494923911,0.7375240426438637,17.59498161913667,False,46.047437341585216,480.96358812278675,7680295.0,1.2071020709490976,9150434.92229417
2023-04-17,19147.46875,19539.834912909835,19021.911577868854,19021.911577868854,7169200,18315.653125,782.5486022137494,19880.7503294275,16750.5559205725,0.7657392852810924,17.09026911293943,False,45.80604303056606,486.96667382186166,7755370.0,0.9244175326257806,9150434.92229417
2023-04-18,19508.447265625,19618.309800507843,19241.638252338093,19241.638252338093,9064600,18445.91884765625,751.2594702234651,19948.43778810318,16943.399907209317,0.8535823706996657,16.291071785104837,False,45.683664077462524,485.81484358514604,7955625.0,1.1393950820960013,9150434.92229417
2023-04-26,19712.474609375,19775.25319093352,19586.91744625796,19586.91744625796,15622400,18538.5171875,788.5160415226463,20115.549270545293,16961.48510445471,0.8722046730996288,17.013573060834005,False,45.77291370550304,470.17134942252983,7372400.0,2.119038576311649,9150434.92229417
2023-04-27,19508.447265625,19712.477687550283,19461.36332210378,19712.477687550283,20543300,18644.45615234375,768.1091599580642,20180.67447225988,17108.23783242762,0.7812071377095732,16.479089627111655,False,45.41566575253836,454.5244219956707,8184225.0,2.510109387266357,9150434.92229417
2023-04-28,22651.4296875,22651.4296875,22651.4296875,22651.4296875,1804800,18914.6068359375,1120.5525648631856,21155.711965663868,16673.50170621113,1.3337009277246075,23.69708394327605,False,47.257986030610695,646.5571362727657,8122975.0,0.22218460600949774,9150434.92229417
2023-05-02,21083.85546875,21083.85546875,21083.85546875,21083.85546875,1180700,19100.10078125,1158.5167667592264,21417.134314768453,16783.067247731546,0.9280807029339011,24.2620032224439,False,46.18160842973259,712.3440707354252,7786750.0,0.1516293704048544,9150434.92229417
2023-05-03,19614.255859375,19614.255859375,19614.255859375,19614.255859375,9696100,19208.19111328125,1095.8531944938072,21399.897502268865,17016.484724293634,0.5926366661460796,22.820539175833055,False,43.41591855842927,766.4337520668234,8028385.0,1.2077273324585207,9150434.92229417
2023-05-04,19202.76953125,19575.068124202808,19202.76953125,19516.284135841837,19490700,19271.38046875,1054.470958699765,21380.32238614953,17162.43855135047,0.4837333269034257,21.886775789823034,False,40.43794187159878,741.0803646424075,8537715.0,2.282894193586926,9150434.92229417
2023-05-05,18928.44140625,19124.388004658387,18791.278787364132,19124.388004658387,10333700,19303.589453125,1032.3383383719927,21368.266129868985,17238.912776381017,0.40915089730499266,21.391634770907743,False,37.821440381896124,717.5382488740834,8536095.0,1.2105886825298922,9150434.92229417
2023-05-08,19594.66015625,19751.4174375,18889.252390625,18948.03637109375,12213200,19373.81767578125,999.8668387750922,21373.551353331437,17374.083998231064,0.5552179730101102,20.64367189797606,False,35.45539879269594,727.8687344455776,8904940.0,1.371508398709031,9150434.92229417
2023-05-09,19810.201171875,19908.174471439168,19614.25457274666,19614.25457274666,6003100,19450.89921875,969.1278701860016,21389.154959122003,17512.643478378,0.5926869312550158,19.929728888868954,False,33.40525764558666,698.2719902129769,8930480.0,0.6722035097777499,9150434.92229417
2023-05-10,19810.201171875,19986.553111090507,19790.606511962167,19868.985151613502,5563800,19535.82802734375,918.6990847068204,21373.22619675739,17698.429857930107,0.5746634967582477,18.810548156360586,False,31.57805809468297,662.3916051355028,9018060.0,0.6169619629942582,9150434.92229417
2023-05-11,19457.498046875,19731.823296277067,19339.930082845545,19731.823296277067,5851800,19578.7951171875,892.251320631436,21363.29775845037,17794.292475924627,0.4660137599385511,18.22893217464974,False,29.369957147245657,648.668711127928,8922715.0,0.6558317731766621,9150434.92229417
2023-05-12,19437.904296875,19771.013543898058,19339.93098892704,19418.309635285408,4201700,19615.28935546875,869.394813038638,21354.078981546027,17876.499729391475,0.44899179983206683,17.72892150166014,False,27.36342734518268,633.1268428310058,8801080.0,0.47740731819276727,9150434.92229417
2023-05-15,19202.76953125,19594.662786989797,19163.580205676022,19437.905484693878,6014100,19640.02685546875,849.0209429920112,21338.06874145277,17941.98496948473,0.3712466023871496,17.29164525568052,False,25.527925334687602,618.6951098654893,8887570.0,0.6766866533821956,9150434.92229417
2023-05-16,19163.580078125,19339.93204203413,19163.580078125,19202.769403438142,3926800,19650.24921875,841.5896478129218,21333.428514375842,17967.069923124156,0.35543158061362534,17.13137860887562,False,23.823530769739552,587.0991708686064,8865775.0,0.4429167218883854,9150434.92229417
2023-05-17,18830.470703125,19359.52659176639,18830.470703125,19143.98530380138,6441300,19637.53818359375,852.431177586769,21342.400538767288,17932.675828420215,0.26330421103508944,17.363300218536246,False,22.66150122142372,582.9532221380908,8864095.0,0.726673168552458,9150434.92229417
2023-05-19,18262.224609375,19222.36302767905,18262.224609375,18830.469795718214,14218900,19569.733984375,906.2737125634775,21382.281409501957,17757.186559248046,0.13931719609807716,18.523986341093256,False,22.23692733699083,609.8950218642308,8807395.0,1.6144274215020447,9150434.92229417
2023-05-22,18712.900390625,19026.414952143325,18438.575149296466,18438.575149296466,7103300,19530.74140625,926.3152228859484,21383.371852021897,17678.1109604781,0.2792757272527047,18.971429780735726,False,21.842680158588863,620.9161162145232,8785720.0,0.8085051651998926,9150434.92229417
2023-05-23,19202.76953125,19437.905484693878,18850.065601084185,18850.065601084185,7879300,19542.1384765625,920.4994657118825,21383.137407986265,17701.139545138736,0.40783021665035823,18.84132520738948,False,20.835972669634696,628.35104320412,8716140.0,0.9039896100796913,9150434.92229417
2023-05-24,19281.146484375,19339.930467559072,19046.01055163872,19202.767840129574,4410500,19548.82236328125,917.9647167061048,21384.75179669346,17712.892929869042,0.4271007169353028,18.783018222730945,False,19.90117285846297,604.4631055409938,8578205.0,0.5141518534471955,9150434.92229417
2023-05-25,18418.982421875,19202.768907912232,18418.982421875,19202.768907912232,8723700,19494.34912109375,952.1744273980919,21398.697975889932,17590.000266297568,0.2176550145971433,19.537444856115687,False,19.820975728670614,622.8703167523513,8561160.0,1.0189857449224171,9150434.92229417
2023-05-26,18085.87109375,18438.574972067985,18027.087114030335,18399.385652254874,6010500,19413.0189453125,1000.7898548711354,21414.598655054768,17411.43923557023,0.16847489382938763,20.621004032199476,False,20.17860854312357,607.7715697013012,8080565.0,0.7438217500880199,9150434.92229417
2023-05-29,17929.115234375,18340.603125,17733.168619791668,18105.467187500002,5671800,19334.05234375,1053.769562206296,21441.591468162595,17226.51321933741,0.16668777506880655,21.801318077985695,False,20.815375431462883,607.7474936660893,7336990.0,0.7730418059722038,9150434.92229417
2023-05-30,17635.1953125,18027.088541666668,17635.1953125,17870.33125,5855300,19083.240625,785.4320943200472,20654.104813640093,17512.376436359904,0.039092773591847256,16.46328545039865,False,21.50776590497382,592.3293319161306,7539515.0,0.7766149414120139,9150434.92229417
2023-05-31,17419.65234375,17870.329513498313,17400.057684195726,17498.0309819671,50516600,18900.03046875,718.7311520782897,20337.49277290658,17462.56816459342,-0.014927633482743964,15.211216791775357,False,22.394241636708895,583.6109388723061,10006310.0,5.0484744126456205,9150434.92229417
2023-06-05,17909.51953125,18399.386039216355,17654.788947107496,17654.788947107496,10089500,18814.79365234375,730.5586406687662,20275.910933681283,17353.676371006215,0.1902116850383686,15.531579121576215,False,22.201003114991625,611.9054214861667,10025980.0,1.0063355402663878,9150434.92229417
2023-06-06,18183.84375,18301.411705280174,17929.113180226293,18203.438409213362,6252400,18763.84736328125,737.5729983829896,20238.99336004723,17288.70136651527,0.3034080645058814,15.723278581477645,False,22.02156734482559,596.1901895250244,9364065.0,0.6677014736655502,9150434.92229417
2023-06-07,17909.51953125,18125.060794755198,17850.735550294037,18066.276813799235,6072200,18712.90126953125,760.4409865737708,20233.78324267879,17192.019296383707,0.23588294408585506,16.254902981013153,False,21.957797380885886,577.3986188236629,9150990.0,0.6635566206497876,9150434.92229417
2023-06-08,18281.8203125,18281.8203125,18027.08969721329,18144.657673499463,4428200,18647.25927734375,736.6100883029915,20120.479453949734,17174.039100737766,0.3759727260572649,15.800929827751506,False,21.576888553515275,562.748773282687,8761740.0,0.5054018950573744,9150434.92229417
2023-06-09,18085.87109375,18634.521571133533,17889.924494684452,18575.73759141387,6892700,18561.0427734375,692.9476001041326,19946.937973645767,17175.147573229235,0.3285686826766937,14.9333765039495,False,20.5347217021471,575.7379377945723,8806220.0,0.7827081312981052,9150434.92229417
2023-06-12,18438.576171875,18438.576171875,18085.872270606404,18105.466931787993,5618700,18492.4615234375,627.6055063489746,19747.67253613545,17237.250510739552,0.4785353414615602,13.575380552849436,False,19.566995340162364,559.8070192467458,8808965.0,0.6378388380473756,9150434.92229417
2023-06-13,18007.4921875,18497.35867791077,17968.30286826714,18497.35867791077,6047100,18419.96123046875,593.0589158631933,19606.07906219514,17233.843398742363,0.3261264471640206,12.878613769983524,False,18.87409217948414,557.6105042750949,8818730.0,0.685710981059631,9150434.92229417
2023-06-14,18007.4921875,18203.43878366431,18007.4921875,18105.465485582154,4614000,18348.440625,548.4080962607434,19445.256817521487,17251.62443247851,0.3445735758531302,11.955415884520031,True,18.230682101711505,531.7773679814675,8839345.0,0.5219843778017489,9150434.92229417
2023-06-15,18144.65625,18203.440233531317,17968.30429940605,18144.65625,5018700,18295.5349609375,511.44518492540374,19318.42533078831,17272.644591086693,0.4262488359532083,11.181858000159755,True,17.709373792463893,510.5886941345961,8789575.0,0.5709832386662609,9150434.92229417
2023-06-16,17948.708984375,18458.17015642058,17948.708984375,18281.818212250957,15055100,18234.79140625,473.67197790010766,19182.135362050212,17287.447450449785,0.3490081558427493,10.390510477410894,True,16.619439151477856,510.50815684252353,9345990.0,1.6108619846586612,9150434.92229417
2023-06-19,18144.65625,18144.65625,17811.5470099892,17987.898960583152,4851100,18200.50068359375,452.63620565754604,19105.77309490884,17295.22827227866,0.46915600602882396,9.947774811833822,True,15.90318478582537,497.8368056402575,9266480.0,0.523510545536169,9150434.92229417
2023-06-20,18125.060546875,18203.439187077704,17987.89792652027,18183.844527027028,3894700,18193.64248046875,452.69089203987875,19099.024264548505,17288.260696388992,0.46212540676226643,9.952727003970784,True,15.091768751835865,477.67283813434165,8750270.0,0.44509483707359887,9150434.92229417
2023-06-21,18301.4140625,18321.008724237152,18027.08879817987,18164.251430339933,4008800,18173.0681640625,436.92536504071893,19046.91889414394,17299.217433981063,0.5734369692782303,9.61698621490333,True,14.04148844030245,464.5476301288374,8595545.0,0.46638113115573243,9150434.92229417
2023-06-22,18438.576171875,18634.522783690885,18301.413543603878,18418.98151069341,6073600,18134.85849609375,370.5033375659343,18875.86517122562,17393.85182096188,0.7049358568377261,8.17218039271145,True,13.745479236743666,455.15917369727816,8505260.0,0.7140992750368595,9150434.92229417
2023-06-23,18321.009765625,18556.14571983623,18144.65779996658,18438.577742730617,3447800,18086.85166015625,259.8344368548664,18606.520533865983,17567.18278644652,0.725295488449382,5.746371822737032,True,13.060200894155031,452.0397984238762,8457125.0,0.4076799148646851,9150434.92229417
2023-06-26,18242.62890625,18360.19686912594,18085.871622415412,18340.60220864662,2464000,18078.033984375,250.80559008449785,18579.645164543996,17576.422804206006,0.6640662413261468,5.549399681431528,True,12.270033933965314,439.3459018729227,8144140.0,0.3025488265182082,9150434.92229417
2023-06-27,18242.62890625,18281.81822720865,18125.06094337406,18242.62890625,2044700,18085.871875,253.49834980981922,18592.86857461964,17578.875175380363,0.6545937393355838,5.606549721503411,True,11.536307470932005,419.16100058447023,7945850.0,0.2573292976836965,9150434.92229417
2023-07-03,18066.27734375,18321.007935364698,17889.92539570906,18281.81861357782,6561500,18092.72998046875,250.87609468800525,18594.48216984476,17590.97779109274,0.47363973961763167,5.5464508663717975,True,11.207282526514026,420.01253908955374,7990335.0,0.8211795875892562,9150434.92229417
2023-07-04,18105.466796875,18223.03476308847,18066.27747480384,18144.656118946157,2442900,18116.2435546875,226.600038728139,18569.443632143775,17663.043477231222,0.4881103751427114,5.003245580003401,True,10.901759363840188,401.20860196447643,7819715.0,0.31240268986785324,9150434.92229417
2023-07-05,18575.73828125,18634.52226315269,18144.65574729694,18183.8450685654,5469200,18174.0478515625,182.76722718420288,18539.582305930904,17808.513397194096,1.0494563164798907,4.022598128429354,True,10.780238378861725,410.3405208439916,5567345.0,0.9823713098433814,9150434.92229417
2023-07-06,18850.064453125,18869.659114718685,18673.712498781835,18771.685806750258,4409200,18221.07509765625,226.81609791066552,18674.70729347758,17767.44290183492,1.1932812102654287,4.979203404739606,True,11.218328856210134,402.02482888861255,5283330.0,0.8345494224286577,9150434.92229417
2023-07-07,18614.927734375,18810.874342105264,18497.359769736842,18732.495699013158,4699200,18242.629296875,242.99743980455398,18728.624176484107,17756.63441726589,0.8830271193386292,5.328123174572872,True,11.088953503195265,398.50196135286575,5205670.0,0.9027080087673632,9150434.92229417
2023-07-10,18889.251953125,18928.441272529824,18712.900015803294,18732.494675505706,2886800,18291.61591796875,269.60715299518733,18830.830223959125,17752.401611978374,1.0541730148076949,5.895753643730065,True,11.253954890120896,392.4313596958628,5046400.0,0.5720513633481293,9150434.92229417
2023-07-11,19183.173828125,19183.173828125,18869.659240535624,18889.25390225996,3988500,18336.68359375,335.2320458904842,19007.147685530967,17666.219501969033,1.1312718643338913,7.312817373469782,False,11.983884298631335,386.79444740254235,5024415.0,0.7938237585868205,9150434.92229417
2023-07-12,18810.873046875,19183.171575927736,18810.873046875,19183.171575927736,3568700,18372.93369140625,345.71796407076675,19064.369619547786,17681.497763264717,0.8166883131498945,7.526679622916688,False,12.465184105610213,385.7591855345036,4858215.0,0.7345702073704025,9150434.92229417
2023-07-13,18928.44140625,18987.225385772515,18791.278787364132,18810.87344720497,2583600,18397.426953125,367.2929987410645,19132.012950607128,17662.84095564287,0.861437908526101,7.985747130332826,False,12.843727038187431,372.20114359692366,4706460.0,0.5489476166800525,9150434.92229417
2023-07-14,18928.44140625,19026.414705454194,18850.062766886647,18967.630725931678,2675400,18443.4744140625,373.5109838706717,19190.496381803845,17696.452446321156,0.8246002213655239,8.100664234627791,False,13.295505667063253,358.21191466625385,4537875.0,0.5895711098256342,9150434.92229417
2023-07-17,18987.2265625,19124.389189886482,18967.63190144479,19046.010545665635,3021800,18492.4611328125,377.5468302178176,19247.554793248135,17737.367472376864,0.8276185827080418,8.166502608955808,False,13.968718170854181,346.6216195926987,4458265.0,0.6777973045568175,9150434.92229417
2023-07-18,19006.822265625,19163.57956266108,18850.06496858892,19006.822265625,3304900,18535.56943359375,384.89391550468014,19305.357264603113,17765.78160258439,0.8060926745317161,8.306060774309994,False,14.122829469796393,344.2568320555176,4372575.0,0.7558246570956473,9150434.92229417
2023-07-20,19104.794921875,19261.55221354167,18987.226953125002,19261.55221354167,3011600,18593.37373046875,378.88402145508223,19351.141773378913,17835.605687558585,0.8374523353097391,8.150947255671175,False,14.541542278994191,339.2617197955996,3770400.0,0.7987481434330576,9150434.92229417
2023-07-21,19202.76953125,19202.76953125,19026.417566167092,19124.39088010204,2546600,18646.27939453125,386.72338893916674,19419.726172409584,17872.83261665292,0.8597468841005937,8.295990438770067,False,14.930347030392147,327.6253087446931,3655175.0,0.6967108277989426,9150434.92229417
2023-07-24,19908.177734375,20064.935039370077,19222.36452502153,19222.36452502153,7839200,18735.43525390625,459.01998576084065,19653.47522542793,17817.39528238457,1.1387208165483755,9.800038900406905,False,17.1174657373964,365.8067515572205,3852400.0,2.034887342955041,9150434.92229417
2023-07-25,19908.177734375,20221.692344365158,19908.177734375,19986.55638687254,5141800,18815.7734375,516.1167582749827,19848.006954049964,17783.539920950036,1.0291459148343411,10.972001974606199,False,19.37735076525859,362.0715985881446,3909050.0,1.315357951420422,9150434.92229417
2023-07-26,20691.962890625,20829.125523422703,20006.149726636482,20006.149726636482,9071700,18928.4427734375,656.3485577874602,20241.13988901242,17615.74565786258,1.1717163069316014,13.870101532251166,False,22.197760393567368,401.991326478113,4058955.0,2.234984127688038,9150434.92229417
2023-07-27,20672.3671875,20966.287100118483,20456.825918246446,20711.556509182465,6529600,19046.01064453125,746.2512831196492,20538.513210770547,17553.50807829195,1.044842126156851,15.672600358100148,False,24.951194217599152,409.6677447205362,4213045.0,1.5498528973699546,9150434.92229417
2023-07-28,20887.91015625,20887.91015625,20398.043595362335,20691.963531894933,4247900,19178.27470703125,826.4771313065925,20831.228969644435,17525.320444418066,1.0171454189288809,17.237778557913437,False,27.270438084875877,415.39623158961683,4302240.0,0.9873693703745026,9150434.92229417
2023-07-31,21573.724609375,21671.6979273104,21221.020664807562,21514.94061861376,10459300,19344.8294921875,953.8333122564756,21252.49611670045,17437.162867674546,1.0841940852103973,19.722754602550236,False,30.12054425115466,441.7099129803871,4722970.0,2.214559906160742,9150434.92229417
2023-08-01,21573.724609375,21710.887254484558,21279.8046555688,21652.10326372332,4076800,19520.20185546875,1026.0894157950074,21572.380687058765,17468.023023878734,1.0003274379151434,21.02620502374652,False,32.795634970101894,440.9508191186278,4598735.0,0.8865046583462626,9150434.92229417
2023-08-02,20946.693359375,21554.127872135174,20770.34140405753,21554.127872135174,8222700,19662.26318359375,1016.5500117309581,21695.363207055667,17629.163160131833,0.8158797306967099,20.680223883467715,False,33.53578764464113,466.8388467042594,4887725.0,1.6823164151010952,9150434.92229417
2023-08-03,21279.802734375,21456.15469073722,20946.693483468578,20946.693483468578,4755600,19797.46640625,1043.8895940625614,21885.245594375123,17709.68721812488,0.8550031383961093,21.091377505416713,False,34.223072270999,469.88330989411384,4852045.0,0.9801228141948395,9150434.92229417
2023-08-04,21416.962890625,21730.47744346123,21358.178911968207,21358.178911968207,3880200,19925.811328125,1078.5017441350824,22082.814816395166,17768.807839854835,0.845653488881431,21.65034540124934,False,35.199861576291845,468.511266979265,4825595.0,0.8040873716090969,9150434.92229417
2023-08-07,21495.34375,21691.29036577028,21397.370442114858,21573.722396308112,4576800,20069.83212890625,1086.5282866409245,22242.888702188102,17896.7755556244,0.8279968958518358,21.65495515183739,False,36.10688021692093,456.0404567418477,4819475.0,0.9496470051198522,9150434.92229417
2023-08-08,21573.724609375,21710.887254484558,21554.12994578792,21573.724609375,1752600,20204.05576171875,1098.7536960000475,22401.563153718846,18006.548369718657,0.811641465380834,21.753131330826943,False,36.97464875909223,438.8621030091842,4762765.0,0.36797952449889926,9150434.92229417
2023-08-09,21750.076171875,21828.454824746623,21612.913529349662,21612.913529349662,3731100,20332.40087890625,1122.883126719731,22578.167132345712,18086.634625466788,0.815632869359742,22.09051716828308,False,37.93733445333721,425.70982532078693,4749895.0,0.7855121007938071,9150434.92229417
2023-08-10,21632.5078125,21926.42775560462,21632.5078125,21828.454441236416,3644800,20473.4826171875,1098.6502189114515,22670.7830550104,18276.182179364598,0.7637384436287806,21.464842879034823,False,38.96113943590653,416.2962623053466,4753700.0,0.7667290741948377,9150434.92229417
2023-08-11,21240.61328125,21652.101176919972,21005.477340867157,21632.5065152214,4270100,20589.0912109375,1047.9966839050135,22685.084578747526,18493.09784312747,0.6554208329850862,20.36023199213939,False,37.7160853777846,432.7482318587372,4838025.0,0.8826122229628826,9150434.92229417
2023-08-14,21514.9375,21514.9375,21044.665642076503,21318.990892531878,3157000,20718.416015625,990.2838353101552,22698.98368624531,18737.84834500469,0.7010841376920819,19.11891014377396,False,36.55996375238567,435.42849086336287,4862105.0,0.6493072444959539,9150434.92229417
2023-08-15,21456.154296875,21554.127604166668,21279.80234375,21554.127604166668,1785100,20841.86240234375,914.0724391479403,22670.00728063963,19013.717524047872,0.6680096314641829,17.54300880606809,False,35.56725964832774,423.9211172600274,4800270.0,0.3718749153693438,9150434.92229417
2023-08-16,21554.126953125,21554.126953125,21299.396361860796,21456.153648792613,1667900,20969.22763671875,817.2659969154653,22603.75963054968,19334.695642887822,0.6789195068110574,15.589815916431146,False,34.645462980273955,411.8360796888972,4718420.0,0.35348697233395926,9150434.92229417
2023-08-18,21005.4765625,21456.15376486707,21005.4765625,21416.964442922108,5084200,21064.26171875,689.5889540749164,22443.43962689983,19685.08381060017,0.4786883345859055,13.094956059363613,True,32.812906166824554,421.6085304700474,4822050.0,1.0543648448274074,9150434.92229417
2023-08-21,21221.017578125,21397.369524757618,21005.47631001847,21005.47631001847,2444100,21165.17412109375,532.66354357629,22230.50120824633,20099.847033941172,0.5262095358809041,10.066792562701824,True,31.111245465875314,419.4860079178405,4816925.0,0.5073983921277578,9150434.92229417
2023-08-22,21632.5078125,21671.697138247284,21279.803880774456,21338.587869395382,4336900,21251.390625,451.9299965838236,22155.250618167647,20347.530631832353,0.7108275564694181,8.506360916488468,True,30.231032501149706,421.71411878958645,4641810.0,0.9343122618116639,9150434.92229417
2023-08-23,21848.046875,22063.588144618836,21789.262892376682,21828.452214125562,4536100,21348.38408203125,343.6795410215045,22035.743164074258,20661.024999988244,0.863465622279714,6.439448338589256,True,30.237985568142037,422.38313402739,4611525.0,0.9836442391616657,9150434.92229417
2023-08-24,20927.099609375,21769.670099265568,20927.099609375,21769.670099265568,12388200,21360.14091796875,323.47002415152036,22007.08096627179,20713.20086966571,0.16531573541501868,6.057451126259342,True,28.25652051209333,457.99485771293354,4777350.0,2.59311124368112,9150434.92229417
2023-08-25,20417.63671875,20946.692564629317,20358.85273587452,20927.097903670827,8528800,21347.40439453125,355.4138695427535,22058.23213361676,20636.576655445744,-0.1540035121430505,6.659617496800746,True,27.472836333291465,467.2694985016381,4877310.0,1.7486688358951963,9150434.92229417
2023-08-28,20691.962890625,20848.720185250946,20476.42161051432,20476.42161051432,3056300,21337.60703125,371.10150392465255,22079.810039099306,20595.404023400697,0.06504882505401278,6.956759553799174,True,26.745129595832594,464.6847819301601,4817730.0,0.6343859037347465,9150434.92229417
2023-08-29,20652.771484375,20848.718082898482,20613.582164670304,20770.33944348909,1930400,21291.559375,396.52773718136075,22084.614849362722,20498.50390063728,0.09726153385529955,7.449482307941306,True,26.069401911049354,448.28843452287566,4391285.0,0.43959797644652987,9150434.92229417
2023-08-30,20496.013671875,20691.960265296366,20496.013671875,20652.770946612094,2492400,21237.673828125,428.1326272472871,22093.939082619574,20381.408573630426,0.06692149286859815,8.063644459598244,True,25.664756842192478,430.26401730133927,4312065.0,0.5780061293139134,9150434.92229417
2023-08-31,20378.44921875,20574.395845853367,20378.44921875,20496.01719501202,4100400,21209.26162109375,465.66904950966926,22140.59972011309,20277.92352207441,0.05396842284313334,8.782371736063403,True,25.51090227052278,413.527060858627,4105950.0,0.9986483030723706,9150434.92229417
2023-09-01,20652.771484375,20711.555463932043,20378.446246442127,20378.446246442127,2242300,21177.91005859375,481.50818017492526,22140.9264189436,20214.893698243897,0.22734701307256477,9.094536313408042,True,24.955661636786814,407.78292918943345,3980285.0,0.5633516192935933,9150434.92229417
2023-09-04,21025.072265625,21064.261589512465,20711.55767452528,20711.55767452528,3263600,21158.31552734375,479.23659936739335,22116.78872607854,20199.842328608964,0.4304919209558304,9.060014229356906,True,23.47623176311185,408.04772747143573,3949455.0,0.8263418623582242,9150434.92229417
2023-09-05,21318.9921875,21436.560159122244,21044.666920381434,21044.666920381434,3836800,21149.49794921875,474.3061757015282,22098.110300621804,20200.885597815693,0.5893379882891885,8.97054250347438,True,22.354502742588267,408.29345361613633,3912455.0,0.9806630363799711,9150434.92229417
2023-09-06,21475.75,21573.723312043796,21436.56067518248,21475.75,5838100,21144.59921875,470.18209283946607,22084.963404428934,20204.23503307107,0.6760758152496584,8.89460401637751,False,21.600997046314603,397.3247158252549,4116730.0,1.4181401257794415,9150434.92229417
2023-09-07,21279.802734375,21495.344014373273,21123.0454398308,21475.74935255525,3659600,21121.085546875,449.6181188216707,22020.321784518343,20221.84930923166,0.5882511073597045,8.51505700923965,False,20.125161700903824,395.53713430505627,4113155.0,0.8897306325679436,9150434.92229417
2023-09-08,21397.369140625,21534.531763321313,21142.63855561756,21260.206517928687,3162700,21109.32861328125,438.4775084749663,21986.283630231184,20232.373596331316,0.6642276523746681,8.308696434790305,False,18.846115891171646,395.27685383353463,4089050.0,0.7734559371981267,9150434.92229417
2023-09-11,21083.85546875,21436.559370643587,21044.666146317377,21416.964709427277,3044900,21101.49072265625,437.4069855884264,21976.304693833103,20226.676751479397,0.4899205691225267,8.291489759418583,False,17.58682293486648,395.0351660115829,4027790.0,0.7559728784271276,9150434.92229417
2023-09-12,21221.017578125,21358.180203283704,21103.449613703255,21123.044274440213,2664400,21086.7947265625,427.61280661537495,21942.02033979325,20231.569113331752,0.5784721887920612,8.11148042479346,False,16.417479475440253,386.41299233459154,4003160.0,0.6655741963848559,9150434.92229417
2023-09-13,21299.3984375,21377.777088603958,21221.019786396046,21279.803774724012,4128300,21078.95693359375,421.8846662673419,21922.726266128433,20235.187601059064,0.6306290092601758,8.005797774461607,False,15.27574402544987,370.00917220204633,4120320.0,1.00193674277726,9150434.92229417
2023-09-14,21475.75,21632.507299270073,21416.966012773722,21416.966012773722,6719500,21075.0380859375,417.5806133170299,21910.19931257156,20239.87685930344,0.7399009324687428,7.925596368827711,False,14.854490150699448,367.37343574261973,4372900.0,1.5366232934665782,9150434.92229417
2023-09-15,22279.12890625,22279.12890625,21358.179866149956,21475.747828715917,13900400,21138.720703125,496.1421797029349,22131.00506253087,20146.43634371913,1.074637800301428,9.388310421823931,False,15.827641623833493,406.9145503395786,4813710.0,2.887668762763025,9150434.92229417
2023-09-18,22024.3984375,22416.29164813167,22024.3984375,22239.93970334742,4143000,21178.88974609375,534.2168601843645,22247.32346646248,20110.456025725023,0.8956767159662717,10.089610297591646,False,16.96595683765809,405.8415975032995,4898655.0,0.8457423517271577,9150434.92229417
2023-09-19,22200.75,22298.723300970873,21965.614077669903,22063.587378640776,3124700,21207.30185546875,573.29378385643,22353.889423181612,20060.71428775589,0.9332194820989186,10.813139507581337,False,17.827563237821096,400.6464279174188,4838045.0,0.6458600529759438,9150434.92229417
2023-09-20,22337.916015625,22553.457310512607,22259.537362938594,22259.537362938594,5245200,21231.7953125,611.3137320086672,22454.422776517335,20009.167848482663,0.9523539408686624,11.51694848242557,False,19.075402559041336,397.2222052456466,4873500.0,1.076269621421976,9150434.92229417
2023-09-21,22200.75,22318.31796116505,22141.966019417476,22318.31796116505,2422500,21295.47783203125,643.4000780783516,22582.277988187954,20008.677675874547,0.8517532087781731,12.085196362405014,False,19.827662886777357,382.8456188857807,4375215.0,0.5536870759494105,9150434.92229417
2023-09-22,22220.345703125,22357.508330922068,22083.183075327932,22141.967058669532,2770200,21385.61328125,640.2136618533833,22666.04060495677,20105.18595754323,0.8259585321322629,11.974660785897525,False,20.321190489570547,375.094164364949,4087285.0,0.6777604204257839,9150434.92229417
2023-09-25,22141.966796875,22239.940101285953,22063.588153346238,22220.345440403762,3737000,21458.1134765625,639.6294705953516,22737.372417753202,20178.854535371796,0.7672849484546056,11.923312294792048,False,20.708071301165543,360.8982917631466,4121320.0,0.9067483233527123,9150434.92229417
2023-09-26,21750.076171875,22259.53741554054,21652.102855785473,22161.564099451014,3941400,21512.9787109375,613.4395670334195,22739.85784500434,20286.09957687066,0.5966262504406501,11.40594383094961,False,19.70791821452342,378.5080251911409,4221870.0,0.9335673528554882,9150434.92229417
2023-09-27,22181.158203125,22181.158203125,21534.534333245916,21710.886297758392,3641600,21597.2359375,581.2923118356425,22759.820561171287,20434.651313828716,0.7511310805836441,10.766050128226375,False,18.440030455547724,397.65915695456545,4279330.0,0.8509743347673584,9150434.92229417
2023-09-29,22141.966796875,22318.31874481471,22024.398831581857,22259.53476216814,3858000,21685.41181640625,516.8683643434058,22719.14854509306,20651.67508771944,0.7208274930159092,9.533936799897242,False,17.63351044249921,390.24921097444326,4267210.0,0.9041036180548884,9150434.92229417
2023-10-02,21887.23828125,22220.3475478402,21828.4542930282,22122.374234137198,3404200,21747.13515625,457.34345426753697,22661.822064785072,20832.448247714925,0.5765852903833428,8.412022107401103,False,16.439843880213235,390.36664267712587,4325305.0,0.7870427634582995,9150434.92229417
2023-10-03,21162.234375,21887.236848958335,21162.234375,21887.236848958335,11647700,21753.99326171875,446.85397954934297,22647.70122081744,20860.285302620065,0.16893050425804307,8.21649568745041,False,16.861359905454858,414.2693043609026,4744510.0,2.45498481402716,9150434.92229417
2023-10-04,20829.125,20907.503645343368,20593.989063969897,20907.503645343368,7279900,21729.49990234375,483.84686440173084,22697.19363114721,20761.806173540288,0.034783126342541645,8.906728025517834,False,18.17178092142293,425.2675905515598,4916665.0,1.4806581290366538,9130431.047226671
2023-10-05,20496.013671875,20829.122880691324,20496.013671875,20829.122880691324,6636500,21680.5130859375,555.2217707613737,22790.956627460248,20570.06954441475,-0.03334517684627031,10.243701679209885,False,19.526722768807833,418.6850003782341,4956585.0,1.3389258935335517,8997186.515976671
2023-10-06,20691.962890625,20789.936199766216,20515.61093417081,20515.61093417081,4367500,21651.12109375,591.8987288258979,22834.918551401795,20467.323636098205,0.0948807809455827,10.935207027164248,False,20.784883055665244,409.77339520059,4991980.0,0.8749033449653244,9075566.203476671
2023-10-09,20927.099609375,21064.262247264163,20848.720959152623,20848.720959152623,5932700,21627.6076171875,611.5251590576539,22850.657935302806,20404.557299072192,0.2136225724171487,11.310084219794582,False,21.087705411967015,407.0966781604881,5130480.0,1.156363537134927,9169620.890976671
2023-10-10,21064.26171875,21123.045704941862,20946.69374636628,21064.26171875,4840800,21626.6279296875,612.4571043906622,22851.542138468823,20401.713720906177,0.2704466945905532,11.327833564842054,False,21.190459966510304,392.01449368951484,5220275.0,0.9273074694340815,9224485.734726671
2023-10-11,21145.54296875,21226.02077262726,21125.423517780688,21165.662419719316,4932200,21622.85419921875,615.3137219152118,22853.481643049174,20392.226755388325,0.3060699715166921,11.382654967676634,False,20.967958531129486,375.5676765600681,5333665.0,0.9247299933535383,9256998.234726671
2023-10-12,20823.6328125,21145.544044384056,20803.513360507248,21145.544044384056,6094700,21599.06591796875,637.2813185246112,22873.62855501797,20324.50328091953,0.19580423788979923,11.80201627135073,False,21.39899528865868,373.1721770826924,5431985.0,1.1220023619358301,9128234.172226671
2023-10-13,20984.587890625,21185.782405396094,20924.229536193674,20924.229536193674,2335000,21574.5078125,651.5865867027709,22877.680985905543,20271.334639094457,0.27366019577682826,12.080675811760589,False,21.668101248308336,372.3848496407925,5212760.0,0.4479392874408183,9192616.203476671
2023-10-16,21286.380859375,21286.380859375,21085.18633329395,21226.022501550684,3160900,21524.87041015625,632.6213360038798,22790.11308216401,20259.62773814849,0.4057534352667691,11.756100249604946,False,21.583041548408822,367.34257243430733,4675785.0,0.6760148295954583,9313333.390976671
2023-10-17,21226.021484375,21306.49929095083,21125.424226155214,21286.379839306872,2864200,21484.9515625,624.579752732902,22734.1110679658,20235.792057034196,0.39635828051100436,11.62822733699894,False,21.435178607403056,354.03775046011503,4611845.0,0.6210529625345171,9289189.640976671
2023-10-18,21165.6640625,21266.261325154468,21004.708442252853,21145.544609969107,3449000,21433.197265625,604.71413179166,22642.62552920832,20223.76900204168,0.3893968285756994,11.28556088571092,False,21.580600532750193,347.43168849165073,4628060.0,0.7452366650389148,9265046.672226671
2023-10-19,20944.34765625,21246.1394092219,20924.228206051874,21246.1394092219,2946300,21363.51884765625,574.5140155843515,22512.546878824953,20214.49081648755,0.3175974910812653,10.756917335224104,False,21.902058985826066,345.6087966829634,4513115.0,0.6528306945424612,9176520.109726671
2023-10-20,20783.392578125,20964.46763446878,20763.273127420136,20924.22873305905,3499000,21292.6509765625,552.8112893504334,22398.273555263368,20187.028397861635,0.26969609329257155,10.385015749498361,False,22.561840567821985,335.293490280512,4566940.0,0.7661585218986893,9112138.078476671
2023-10-23,20119.453125,20803.51453125,20119.453125,20783.395078125,6286900,21187.60634765625,566.6844626054658,22320.97527286718,20054.237422445316,0.028770729946802888,10.698414031430262,False,24.29424839546369,360.2054842783325,4742775.0,1.3255741628055304,9064739.774907961
2023-10-24,20320.646484375,20461.482648128094,19998.735252939357,20119.451964727723,4688100,21096.54033203125,551.3834025947281,22199.307137220705,19993.773526841796,0.14820583825836467,10.45448009800075,False,26.069870558553603,367.5299064862186,4790330.0,0.978659090292318,9064739.774907961
2023-10-25,21185.783203125,21568.052795584048,20682.796897257835,20682.796897257835,6095900,21068.32568359375,530.2126358375185,22128.750955268788,20007.900411918712,0.5553822709947845,10.066535780779281,False,24.49506068562792,430.37822110927783,4898055.0,1.244555236721515,9064739.774907961
2023-10-26,21065.06640625,21326.619284264565,20924.230241165234,21085.185858404966,3098200,21012.52109375,461.16070416444967,21934.8425020789,20090.199685421103,0.5284853588052361,8.778779130917663,False,23.032737232196926,428.3789941085673,4870885.0,0.6360651093179166,9064739.774907961
2023-10-27,20541.95703125,21125.4210409525,20541.95703125,21065.062695121207,3428500,20932.52060546875,387.8751891189931,21708.270983706738,20156.770227230765,0.24826723571449322,7.4119155820662765,True,22.416089123139354,439.45649522241973,4849410.0,0.7069932218558547,9064739.774907961
2023-10-30,19636.58203125,20541.95722736296,19556.10423603996,20541.95722736296,6742100,20819.98779296875,421.35085731637236,21662.689507601495,19977.286078336005,-0.2021498480245087,8.095122081842328,False,23.255505949139184,478.48481637246124,5016305.0,1.344037095033097,9064739.774907961
2023-10-31,20220.048828125,20360.884989116916,19656.70418415734,19656.70418415734,5459600,20772.878515625,433.5655546046018,21640.009624834205,19905.747406415798,0.18123062266549014,8.348685123796999,False,24.03496443042474,496.04325505063656,4706900.0,1.1599141685610486,9064739.774907961
2023-11-01,19395.15234375,20199.930449299794,19395.15234375,20199.930449299794,5710600,20701.1798828125,531.3218160188354,21763.82351485017,19638.53625077483,-0.11451812239166588,10.26650305009859,False,25.07071161951451,519.5327714309483,4628435.0,1.2338079718090456,9064739.774907961
2023-11-02,19093.359375,19596.345659905164,19093.359375,19415.270597339306,8176900,20631.04716796875,641.067211714737,21913.181591398225,19348.912744539277,-0.09965935118398843,12.429174466917837,False,26.36684504568492,518.3508795362494,4705455.0,1.737749059336451,9064739.774907961
2023-11-03,19133.599609375,19354.913590135384,19133.599609375,19153.7190621714,4860100,20553.12900390625,722.7720718264148,21998.673147559082,19107.58486025342,0.008998254821828259,14.066414348667749,False,27.570397512843158,500.0082606504733,4730085.0,1.027486821061355,9064739.774907961
2023-11-06,19113.478515625,19193.956319901317,18952.52290707237,19173.836868832237,5447600,20462.44794921875,784.516892223682,22031.481733666114,18893.414164771384,0.07012734621617008,15.335738796660156,False,28.892116873569684,481.5386286632215,4705830.0,1.1576278786101495,9064739.774907961
2023-11-07,18811.685546875,19375.030140792114,18690.968848178476,19133.596743399066,4395000,20349.819140625,852.334257843877,22054.487656312755,18645.150624937247,0.04884671723715272,16.753647822694102,False,30.399092707770198,496.00453323110844,4683540.0,0.9383927541987471,9064739.774907961
2023-11-08,18348.94140625,18831.80828536184,18268.46359306469,18811.688832065513,6130400,20209.9890625,939.8288292386601,22089.646720977322,18330.33140402268,0.004950370122822263,18.60127338678337,False,32.19901828653684,500.8145445929685,4743450.0,1.292392667783997,9064739.774907961
2023-11-09,18409.296875,18610.49137636612,18409.296875,18509.89412568306,3576000,20089.272265625,1009.3449970505475,22107.962259726097,18070.582271523905,0.0838946555602565,20.097193839672343,False,33.87037775253444,483.7242178446223,4617515.0,0.7744425302354189,9064739.774907961
2023-11-10,18590.373046875,18650.731400923298,18429.417436079548,18429.417436079548,2101800,19969.5615234375,1039.1105686075714,22047.782660652643,17891.340386222357,0.16818052904354552,20.81388852505365,False,35.28636803586789,466.41781127881336,4605855.0,0.45633221193459195,9064739.774907961
2023-11-13,18711.091796875,18912.28633232527,18590.37507560484,18590.37507560484,3114500,19840.7970703125,1026.834479139675,21894.46602859185,17787.128112033148,0.2249543873945456,20.701476367118605,False,35.73515251268695,456.09605943391756,4603535.0,0.6765453070303582,9064739.774907961
2023-11-14,18711.091796875,18892.166878780245,18690.972343329973,18751.330703965054,2907900,19715.0505859375,1001.9595449422103,21718.96967582192,17711.13149605308,0.24950116645667425,20.328825240892776,False,36.15188095544751,437.88880772079995,4605720.0,0.6313670826711133,9064739.774907961
2023-11-15,18831.80859375,19234.197666266024,18751.330779246793,18751.330779246793,4376100,19598.3578125,959.1122143678703,21516.582241235737,17680.13338376426,0.3001930307875354,19.575358783502555,False,35.45827273715317,443.9757406972445,4652075.0,0.9406770097214684,9064739.774907961
2023-11-16,18872.046875,18992.763592750533,18550.135627665244,18851.927422041575,2570000,19494.7427734375,917.0647095144233,21328.872192466348,17660.613354408655,0.33024755723965954,18.816656781211123,False,35.14733335479149,443.8794710106762,4633260.0,0.5546850381804604,9064739.774907961
2023-11-17,18409.296875,18872.044228142076,18348.938524590165,18872.044228142076,6357500,19376.03798828125,894.865585502931,21165.769159287112,17586.306817275385,0.22992002124600613,18.47365464589102,False,35.173136030788925,449.53867668204464,4776185.0,1.331083280903064,9064739.774907961
2023-11-20,18469.654296875,18509.89319512527,18308.69870387391,18429.41539862473,3459700,19293.548046875,898.7616459420598,21091.07133875912,17496.024754990878,0.27082529230082647,18.633413486383272,False,35.259650521977704,431.7998062941387,4634825.0,0.7464575253650354,9064739.774907961
2023-11-21,18328.8203125,18469.65647296926,18268.461958013173,18469.65647296926,3666100,19193.95673828125,889.265730645891,20972.488199573032,17415.425276989467,0.25678349115261545,18.532202458752067,False,35.40547463701816,415.3279997699923,4583725.0,0.7998080164058707,9064739.774907961
2023-11-22,17966.669921875,18328.820043480544,17926.431019474385,18328.820043480544,5961700,19033.00107421875,796.2346586845299,20625.470391587813,17440.53175684969,0.165195699310097,16.733770057168215,False,36.06288305714075,414.40380643110825,4577015.0,1.3025301424618447,9064739.774907961
2023-11-23,18127.623046875,18167.861943760407,17966.66745933338,18107.503598432297,3194100,18886.12890625,661.1311752314624,20208.391256712926,17563.866555787074,0.21317875794109778,14.002470882482953,False,36.673333732968885,399.17456914510234,4581810.0,0.6971262448682944,9064739.774907961
2023-11-24,18208.1015625,18228.22101174033,18087.384867058012,18167.862664019336,1515600,18769.4361328125,550.1389498297948,19869.71403247209,17669.158233152913,0.24491236691831617,11.724144421537474,True,36.99951450922413,380.7218245406178,4486165.0,0.3378386662104492,9064739.774907961
2023-11-27,18067.267578125,18409.298256107322,18067.267578125,18208.103739647133,4817100,18690.97041015625,531.5501509068301,19754.07071196991,17627.870108342588,0.20665851991237097,11.375549567356835,True,36.596139379049994,377.95817121502523,4389915.0,1.097310540181302,9064739.774907961
2023-11-28,18107.5078125,18288.582890625,17966.671640625,18107.5078125,3764500,18585.343359375,407.0155831158473,19399.374525606698,17771.312193143305,0.20650045925944563,8.759926039473193,True,36.4186893114354,373.9548196996661,4305160.0,0.8744158172983117,9064739.774907961
2023-11-29,18067.267578125,18187.984288001113,17946.550868248887,18187.984288001113,2918000,18518.94912109375,375.010178071556,19268.96947723686,17768.928764950637,0.1988871440160199,8.100031500046745,True,36.294315981349726,364.48900541770604,4165530.0,0.7005110994279239,9064739.774907961
2023-11-30,17624.638671875,18107.50548480308,17624.638671875,18067.26658372574,17524100,18445.5130859375,399.6055327370902,19244.72415141168,17646.302020463318,-0.013552958363673616,8.665642010072183,True,36.78003508378078,372.94456309701854,4632890.0,3.7825417827748984,9064739.774907961
2023-12-01,17825.833984375,17986.789595972066,17705.1172756772,17725.236727126834,6149700,18380.1248046875,387.9116579277074,19155.948120542915,17604.301488832087,0.14277251728291643,8.441980934292188,True,37.23105996460962,372.1735888827362,4697370.0,1.3091793918724732,9064739.774907961
2023-12-04,18047.1484375,18248.342957427536,17866.073369565216,17866.073369565216,6252400,18326.80830078125,353.57171808426625,19033.95173694978,17619.664864612718,0.30226086464401636,7.717038608827341,True,36.54322071140499,375.76897346629335,4737610.0,1.3197371670525855,9064739.774907961
2023-12-05,17745.35546875,18067.26667906746,17725.23601810516,18047.14722842262,4377100,18273.491796875,356.98847814771153,18987.468753170426,17559.514840579577,0.13014469622008853,7.814346204128578,True,36.21001506191326,373.35909400172244,4736715.0,0.9240792405707331,9064739.774907961
2023-12-06,17403.326171875,17825.83466853324,17383.20671965318,17745.356859645955,8207400,18226.21103515625,405.75860466129126,19037.728244478832,17414.69382583367,-0.007003951258260829,8.904946922399375,True,36.55179319340208,378.3068693501752,4840565.0,1.6955458711947882,9064739.774907961
2023-12-07,17463.68359375,17584.40030061924,17242.369631156394,17443.564142605126,4424500,18178.93037109375,437.1787127130503,19053.28779651985,17304.57294566765,0.09098718868019656,9.619459534499486,True,37.105265429550926,375.71571221536595,4882990.0,0.906104661283353,9064739.774907961
2023-12-08,17946.548828125,17986.78772684277,17483.801492870654,17544.159840947308,6433900,18146.73916015625,428.9135561886456,19004.56627253354,17288.91204777896,0.3833154553273197,9.454338928955035,True,36.10377933271286,386.2434565637519,5099595.0,1.2616492093980012,9064739.774907961
2023-12-11,17564.28125,18067.267540091638,17564.28125,18047.148088487975,3168200,18089.3986328125,426.143942321966,18941.68651745643,17237.11074816857,0.19193661421581565,9.423064878430608,True,34.90395631723558,394.58223038717233,5102280.0,0.620938090422321,9064739.774907961
2023-12-12,17584.40234375,17725.238518127862,17584.40234375,17705.11906464531,2215600,18033.06416015625,413.92994179107916,18860.924043738407,17205.20427657409,0.22902309599488907,9.181577531469113,False,33.78983494572097,377.8947330829359,5067665.0,0.4372033273706924,9064739.774907961
2023-12-13,16839.98046875,17483.80290005227,16839.98046875,17463.683449074073,9856200,17933.47275390625,449.70803382438646,18832.888821555025,17034.056686257478,-0.10789012142891001,10.030584482895135,False,34.1831168511529,404.07524321986904,5341670.0,1.8451532947561342,9064739.774907961
2023-12-14,17262.48828125,17443.563333151225,16900.338177447553,16960.696528081295,6299800,17852.99482421875,415.63355801784627,18684.26194025444,17021.727708183058,0.14481540796123873,9.31235486505629,False,34.54830719191113,418.3257875899659,5528160.0,1.139583514225348,9064739.774907961
2023-12-15,17121.65234375,17664.877506242658,17121.65234375,17302.72739791422,9804200,17788.61259765625,424.5593546349466,18637.731306926144,16939.493888386358,0.10726324445275116,9.546767119789532,False,34.104456914964494,427.2471715115867,5700495.0,1.7198857292217606,9064739.774907961
2023-12-18,17544.162109375,17584.401013295585,17202.13142605003,17242.370329970614,4388700,17742.33798828125,395.89164667559896,18534.121281632448,16950.554694930055,0.37485472314812385,8.925354638990264,False,33.692310229228326,429.7829927997294,5746945.0,0.763657908680177,9064739.774907961
2023-12-19,17564.28125,17564.28125,17262.489475945018,17503.922895189004,3672200,17704.11103515625,372.5015301109344,18449.114095378118,16959.10797493438,0.4061548920922508,8.416158921986714,False,33.30960259247332,420.6407628893903,5747250.0,0.6389490625951542,9064739.774907961
2023-12-20,17544.162109375,17906.312244660265,17544.162109375,17604.52046525588,3792900,17682.98564453125,368.7897172935149,18420.56507911828,16945.40620994422,0.4058924851707818,8.342249995719916,False,31.74547019956847,416.46286091766706,5638810.0,0.6726419226751744,9064739.774907961
2023-12-21,17705.119140625,17765.477501331676,17524.044058504973,17544.163512073865,3131700,17661.86044921875,353.77462723229996,18369.409703683352,16954.31119475415,0.5305693851935314,8.012171271525338,False,30.345477817798756,403.96075962545535,5635690.0,0.5556906075387397,9064739.774907961
2023-12-22,17725.23828125,17825.835547318387,17584.402108754257,17745.357734463676,2347300,17637.71728515625,330.2274175656101,18298.17212028747,16977.26245002503,0.5662581235220735,7.489119192164983,False,28.836682523612936,392.35166526393215,5677275.0,0.41345539893699,9064739.774907961
2023-12-27,18047.1484375,18208.104053442028,17684.998301630436,17725.23720561594,4317700,17636.711328125,328.87791481898626,18294.46715776297,16978.955498487026,0.8119980780716953,7.45893967872637,False,27.29583038178329,401.6912428744793,5652305.0,0.7638830530199626,9064739.774907961
2023-12-28,18268.462890625,18328.821248193144,18067.268365397853,18127.626722965997,3878400,17644.75908203125,342.684322619968,18330.127727271185,16959.390436791316,0.9550133807006904,7.768523696510966,False,26.188478893606828,393.1184977186697,5658000.0,0.6854718981972429,9064739.774907961
2023-12-29,18208.1015625,18308.698808701658,18107.504316298342,18268.459910220994,2695900,17651.80078125,353.11157956926695,18358.023940388535,16945.577622111465,0.8938562294732635,8.001712322616918,False,25.160223940300114,379.40964019614444,5646895.0,0.47741280827782345,9064739.774907961
2024-01-02,18892.166015625,18972.643826128195,18187.985173722045,18187.985173722045,4723500,17715.1771484375,448.770532208475,18612.71821285445,16817.63608402055,1.1556741044222214,10.133018223824129,False,25.701747235020044,408.35599821114477,5006865.0,0.9434047053395688,9064739.774907961
2024-01-03,18690.970703125,18831.806865581268,18187.98440863832,18670.85125134553,6744300,17758.433984375,498.89403314881645,18756.22205067263,16760.645918077367,0.9673020004189117,11.237342968141773,False,26.204587499976924,429.48639883796875,5036595.0,1.3390594240751936,9064739.774907961
2024-01-04,18731.20703125,18912.28207236842,18690.968133223683,18690.968133223683,4746100,17792.6369140625,541.3698233583215,18875.376560779143,16709.897267345856,0.9334237321195681,12.170648476065905,False,26.826716594798693,414.61693743130934,4961280.0,0.9566281282249742,9064739.774907961
2024-01-05,18711.091796875,18952.525239415325,18711.091796875,18912.28633232527,2368600,17840.92373046875,578.7116330870638,18998.346996642875,16683.500464294622,0.875907454013172,12.97492533077172,False,27.483908440138936,402.24668779623903,4860855.0,0.48728052986563064,9064739.774907961
2024-01-08,18530.013671875,18932.40267669313,18509.89422163409,18751.327624524973,3133000,17897.25810546875,588.6254290634665,19074.508963595683,16720.00724734182,0.7687428775431078,13.155656036129995,False,27.274985291824745,403.69395688643914,4607135.0,0.6800321674967198,9064739.774907961
2024-01-09,18590.373046875,18791.56756036932,18530.014692826706,18670.850852272728,1704600,17953.592578125,598.773660236272,19151.139898597547,16756.045257652455,0.7658686040476167,13.340475620814301,False,27.080985225532995,393.54109485843065,4471140.0,0.38124505159757915,9064739.774907961
2024-01-10,18751.330078125,18872.04679536615,18590.374455136804,18590.374455136804,2628600,17993.831640625,624.7534203750728,19243.338481375147,16744.324799874856,0.8031189637366177,13.888168631400458,False,27.103668854201455,385.55057011791064,4280875.0,0.6140333459865097,9064739.774907961
2024-01-11,18751.330078125,18872.04679536615,18711.09117237795,18791.56898387205,2043100,18053.18408203125,638.0420703769781,19329.268222785206,16777.099941277294,0.7735501421094618,14.136942657379443,False,27.12473222367931,369.50807389435994,4224620.0,0.4836174614521543,9064739.774907961
2024-01-12,19234.1953125,19254.314763663704,18771.447935734832,18791.567386898536,4858500,18135.67373046875,679.5430490297492,19494.759828528247,16776.58763240925,0.9041398052705119,14.987985759538375,False,28.03489311317426,379.0421175832417,4356765.0,1.115162282106104,9064739.774907961
2024-01-15,19898.138671875,19918.258124526037,19234.1967343908,19234.1967343908,6691700,18288.581640625,715.7491995202606,19720.08003966552,16857.08324158448,1.0621930951263463,15.65455897203846,False,29.92433279311338,400.82931004344135,4198540.0,1.5938159455429746,9064739.774907961
2024-01-16,19797.541015625,19958.496633638213,19616.465945360138,19918.257729134908,4671400,18415.33427734375,748.2051368936811,19911.744551131113,16918.92400355639,0.9618408341927954,16.251785074880605,False,31.7295935083696,396.62940848877236,4117120.0,1.134628089538318,9064739.774907961
2024-01-17,19495.75,20119.453044375645,19475.630546955625,20119.453044375645,5386800,18534.03916015625,719.9515997983949,19973.94235975304,17094.135960559463,0.833949823888527,15.537931987240386,False,33.60766601462652,414.2860576981472,3896250.0,1.3825601539942252,9064739.774907961
2024-01-18,19395.15234375,19757.302491247407,19354.91343847251,19495.749606943726,3894900,18626.588671875,704.8190104335138,20036.226692742028,17216.950651007974,0.7726102944507265,15.135761525624854,False,34.80466377106431,413.43627163220066,3871560.0,1.006028577627623,9064739.774907961
2024-01-19,19375.03125,19556.106308411214,19173.836740654206,19475.628504672895,2316600,18717.126171875,676.9263105334344,20070.978792941867,17363.27355080813,0.74297514658817,14.466458244014122,False,35.13649697859831,411.2100784982583,3803780.0,0.6090257585875103,9064739.774907961
2024-01-22,18711.091796875,19375.033763860887,18690.972343329973,19375.033763860887,4516700,18775.47265625,618.2513900613243,20011.97543637265,17538.96987612735,0.4739665529225037,13.171468998529221,False,33.726356265703245,430.69946007201946,3839970.0,1.1762331476547994,9064739.774907961
2024-01-23,18268.462890625,18851.927013783727,18027.029460352423,18731.21029864744,6071400,18803.63984375,578.4732760027422,19960.586395755483,17646.693291744516,0.2687114619956693,12.305559579094282,False,31.89479254929437,458.8564667405397,3986955.0,1.5228162846081785,9064739.774907961
2024-01-24,18147.74609375,18389.179522935145,17966.671021861144,18348.940618070956,3048300,18824.765234375,543.6870388784047,19912.13931213181,17737.391156618192,0.18869078522560817,11.552591113021771,False,30.322282267538366,456.2601834786441,4022005.0,0.757905571972188,9064739.774907961
2024-01-25,18610.494140625,18711.09140625,18087.388359375,18087.388359375,3391200,18852.93251953125,515.1225009347523,19883.177521400754,17822.687517661743,0.3823394539811819,10.929281169411633,False,28.242340131566074,468.2203880069554,3975680.0,0.8529861558274308,9064739.774907961
2024-01-26,18489.77734375,18711.09132718988,18449.53843767002,18630.613515029923,1481500,18863.9982421875,504.1668770640074,19872.331996315515,17855.664488059483,0.3144359955691869,10.690562426717955,False,26.310965291020374,453.4584238293056,3855835.0,0.38422287260736,9064739.774907961
2024-01-29,18771.447265625,18771.447265625,18530.01386027934,18530.01386027934,2216300,18892.16552734375,480.78870884024457,19853.742945024238,17930.588109663262,0.43722904703297527,10.179642098612147,False,24.668997971667505,441.18781654685523,3831855.0,0.5783882740865717,9064739.774907961
2024-01-30,18389.1796875,18771.449287130745,18348.94078227571,18771.449287130745,3999100,18867.0162109375,493.76868978277525,19854.553590503052,17879.47883137195,0.2580666143251625,10.468400180766896,False,23.148096733132427,439.8535799974395,3795635.0,1.053604996265447,9064739.774907961
2024-01-31,18469.654296875,18670.84878812636,18409.295949499592,18530.012644250408,2614300,18855.950390625,500.3576764638027,19856.665743552603,17855.235037697395,0.3069900233768345,10.614318898772137,False,21.735831297349854,428.55468861379103,3589135.0,0.7283927743035579,9064739.774907961
2024-02-01,18348.94140625,18570.255392509593,18167.86632658306,18449.538672731633,2536700,18836.837109375,512.5267201072919,19861.89054958958,17811.783669160417,0.26201450383754415,10.883498479735945,False,21.053405495991004,426.6857155647013,3478665.0,0.7292165241550997,9064739.774907961
2024-02-02,18389.1796875,18469.657497948578,18288.58242443928,18389.1796875,1986200,18820.74150390625,521.6569275466478,19864.055358999547,17777.427648812954,0.2931773769228536,11.086851757426839,False,20.419724394729215,409.14209827502975,3459545.0,0.5741217414428776,9064739.774907961
2024-02-05,18248.33984375,18449.534329348127,18248.33984375,18389.175983668687,2076200,18806.6578125,533.5850463486177,19873.827905197235,17739.487719802768,0.23841191176053614,11.348854255091831,False,19.93990041649501,394.28869736953675,3406705.0,0.6094451970452387,9064739.774907961
2024-02-06,18348.94140625,18489.777579324287,18268.46359306469,18268.46359306469,1364700,18794.58623046875,541.4093586433021,19877.404947755356,17711.767513182145,0.29422002173388945,11.522666197686219,False,19.34570104413456,383.3707715270189,3389710.0,0.4026008124588829,9064739.774907961
2024-02-07,18429.41796875,18590.373584197598,18369.05961295715,18389.1790648881,2345100,18778.490625,547.5136707376391,19873.517966475276,17683.46328352472,0.3406100729047962,11.662570366730712,False,18.41955572144621,373.2323005570603,3375535.0,0.694734316189878,9064739.774907961
2024-02-12,18690.970703125,18771.448510242866,18429.417829991926,18429.417829991926,2262400,18775.47265625,547.837521627603,19871.147699505207,17679.797612994793,0.4614384056453691,11.671344453642583,False,17.282143135017403,371.00361339233746,3386500.0,0.6680643732467149,9064739.774907961
2024-02-13,18630.61328125,18872.046714700326,18550.135470099893,18690.97163961258,2086300,18745.2935546875,537.7700179397934,19820.83359056709,17669.753518807913,0.4466871201388079,11.475307471091975,False,16.557096723380887,367.49701562148715,3247890.0,0.6423554984928677,9064739.774907961
2024-02-15,18670.8515625,18872.04608364763,18610.493206155712,18771.448823073813,3634900,18683.92919921875,464.2998869401574,19612.528973099066,17755.329425338434,0.492958410562549,9.940090908920213,False,15.883839341146981,359.92957718366085,3095050.0,1.1744236765157268,9064739.774907961
2024-02-16,18711.091796875,18831.808518145164,18590.37507560484,18711.091796875,2014600,18629.60673828125,383.71461771161825,19397.035973704486,17862.177502858016,0.5530896236633535,8.2388130485468,True,15.175210248557805,351.4655675662797,2962210.0,0.6801003304964874,9064739.774907961
2024-02-19,18469.654296875,18731.20713550177,18429.41539862473,18711.087686376635,2607800,18578.301953125,326.08025030644274,19230.462453737884,17926.141452512114,0.4167017504526149,7.020668543964395,True,14.315510949197947,347.91743680276255,2823260.0,0.9236839681786304,9064739.774907961
2024-02-20,18429.41796875,18570.254132266648,18308.7012571643,18489.776324542847,2365100,18530.015234375,264.4286789869276,19058.872592348856,18001.157876401146,0.4048918729140811,5.708115738542649,True,13.966085075781988,341.7485395384473,2746770.0,0.8610477033024243,9064739.774907961
2024-02-21,18530.013671875,18650.73037332044,18429.416420670466,18449.53587091137,2391800,18487.76435546875,174.5329402052858,18836.830235879323,18138.698475058176,0.5605176827316334,3.776182708725605,True,13.293759491896504,333.1460690464134,2750530.0,0.8695778631754607,9064739.774907961
2024-02-22,18610.494140625,18630.61359375,18509.896875,18570.255234375,2192600,18482.73447265625,169.12385009911688,18820.982172854485,18144.486772458018,0.6888551908762036,3.6601478065774753,True,12.66945716400284,317.9725440252411,2634325.0,0.8323194746282254,9064739.774907961
2024-02-23,18348.94140625,18630.613752398574,18348.94140625,18630.613752398574,2730500,18486.7583984375,164.6557958372196,18816.06999011194,18157.446806763062,0.2907498617240465,3.5626753439074803,True,12.727704698695478,315.37967274833636,2467280.0,1.106684283907785,9064739.774907961
2024-02-26,18509.89453125,18590.372333559782,18409.29727836277,18429.416728940218,2112000,18504.8658203125,144.03352210798136,18792.932864528466,18216.798776096537,0.508728369035037,3.1134194326311486,True,12.781791695195784,310.09761950272537,2420465.0,0.8725596114796124,9064739.774907961
2024-02-27,19193.95703125,19193.95703125,18369.059506846173,18509.895669549267,5853700,18534.03896484375,210.3675182587069,18954.774001361162,18113.303928326335,1.2842442500969833,4.540133290056029,True,13.250295791887943,346.8690412813755,2543590.0,2.301353598653871,9064739.774907961
2024-02-28,19193.95703125,19596.34606754455,19153.718127620545,19314.673742138362,6239000,18569.24794921875,256.4509467490661,19082.14984271688,18056.346055720616,1.1089947121958972,5.524207495109798,True,14.676047408443708,353.7089626129919,2781465.0,2.243062558759503,9064739.774907961
2024-02-29,18932.40625,19274.43696865037,18912.286795961743,19214.0786065356,6885600,18577.2958984375,265.49642398424044,19108.288746405982,18046.303050469018,0.8343833659164257,5.716578460842011,True,15.048460601562503,354.311906189823,3014930.0,2.2838341188684312,9064739.774907961
2024-03-01,19093.359375,19133.598277792415,18872.045409641727,18932.40376383035,2829700,18612.5048828125,285.1979020397737,19182.900686892048,18042.109078732952,0.9215094928366967,6.129167542690863,False,15.243268729235433,347.68626061559905,2956460.0,0.9571243987742097,9064739.774907961
2024-03-04,19314.671875,19455.508024088544,19133.596826171874,19133.596826171874,3593600,18654.75576171875,323.00794212802225,19300.771645974794,18008.739877462704,1.01075842666099,6.926018142587835,False,16.198685070190777,348.7192883636665,3005425.0,1.1957044344809802,9064739.774907961
2024-03-05,19415.26953125,19616.464034164506,19334.7917300842,19334.7917300842,3829900,18708.07216796875,356.1751840557186,19420.422536080187,17995.72179985731,0.9963830966748511,7.615433185372219,False,17.423907261562434,345.3673505637265,3070085.0,1.2474898903450555,9064739.774907961
2024-03-06,19576.2265625,19636.58491778006,19334.793141379752,19475.629303699898,3278000,18767.42451171875,396.8229153955474,19561.070342509844,17973.778680927655,1.0095484783023738,8.457695730125636,False,18.603730100947676,342.2548095520537,3134675.0,1.0457224433154952,9064739.774907961
2024-03-07,19314.671875,19636.583072916666,19314.671875,19576.224723307292,5365900,18820.74111328125,395.0401499602667,19610.821413201782,18030.660813360715,0.8125826335427115,8.395846849654575,False,19.60898696610998,340.80169443524034,3299160.0,1.6264443070357304,9064739.774907961
2024-03-08,19455.51171875,19576.228440893225,19334.79499660677,19334.79499660677,2820700,18876.06962890625,402.896848932762,19681.863326771774,18070.275931040727,0.8595474197543617,8.537727542936745,False,20.54243976947498,335.14132811081066,3371960.0,0.8365164474074426,9064739.774907961
2024-03-13,18932.40625,19435.392600956427,18912.286795961743,19415.27314691817,8514900,18901.21904296875,389.0080364155128,19679.235115799776,18123.202970137725,0.5200427781123892,8.232443326140357,False,19.638138738050454,350.0044420163425,3680450.0,2.3135486149791467,9064739.774907961
2024-03-14,19415.26953125,19415.26953125,18952.522174546633,18972.641624838085,3875200,18937.433984375,401.9053892329421,19741.244762840885,18133.623205909113,0.7972313631990449,8.489120322522032,False,18.79843063744196,359.4943591044609,3761090.0,1.0303396089963281,9064739.774907961
2024-03-15,19455.51171875,19938.378607322906,19314.675542916233,19415.272811368923,10622400,18978.67890625,410.98556892161696,19800.650044093232,18156.707768406766,0.7900544742672843,8.662047995053483,False,19.41081054289032,378.36640948319035,4187895.0,2.5364532778400606,9064739.774907961
2024-03-18,19535.98828125,19777.421710060506,19495.74937644825,19495.74937644825,2128700,19021.9357421875,422.25501200919985,19866.4457662059,18177.4257181691,0.8043495781237172,8.87932790294751,False,19.979449026520943,374.33380818514144,4112585.0,0.5176063230304054,9064739.774907961
2024-03-19,19616.466796875,19696.944609375,19535.988984375,19556.1084375,1701500,19067.2044921875,435.499992766332,19938.204477720163,18196.204506654834,0.8153055762403931,9.136105776696771,False,20.50747047560652,359.09255960941715,4096930.0,0.4153109767557659,9064739.774907961
2024-03-20,19757.30078125,19757.30078125,19616.46462496818,19616.46462496818,1929300,19131.58681640625,437.68587685171735,20006.958570109684,18256.215062702813,0.8573989920262696,9.151062712192408,False,21.151264493090526,343.50281651458886,4063005.0,0.47484558842531577,9064739.774907961
2024-03-21,19938.375,20038.97225025227,19757.299949545915,19757.299949545915,3500300,19207.03466796875,440.32452897794417,20087.68372592464,18326.38561001286,0.915228021550829,9.170067875438704,False,22.400750195721947,339.08635109971505,4119765.0,0.8496358408792735,9064739.774907961
2024-03-22,19797.541015625,19938.37718138656,19737.182658870046,19938.37718138656,2660100,19270.41103515625,428.8195034771971,20128.050042110644,18412.772028201853,0.8073146021778258,8.90109718354995,False,23.463357659928906,329.2369347723436,4133180.0,0.6435964559975612,9064739.774907961
2024-03-25,19757.30078125,19978.614741121437,19636.584075865583,19978.614741121437,2976400,19327.7513671875,412.2882364445476,20152.327840076592,18503.174894298405,0.7604666930148251,8.53256498620908,False,23.955732491013137,330.15077266402295,4172370.0,0.7133595534432469,9064739.774907961
2024-03-26,19556.107421875,19837.77975099666,19495.749065634645,19837.77975099666,4020000,19388.10966796875,344.1897630605993,20076.48919408995,18699.73014184755,0.6220240779478606,7.10104840451235,False,23.7552166206155,330.99933785673653,4236845.0,0.9488192275148135,9064739.774907961
2024-03-27,19797.541015625,19878.018824631607,19676.824302115092,19676.824302115092,3195300,19452.4919921875,286.9380820393535,20026.36815626621,18878.615828108792,0.8006302099961192,5.900284285521759,False,23.688835884373603,330.3501996352987,4291010.0,0.7446498609884387,9064739.774907961
2024-03-28,19455.51171875,19837.781338870216,19455.51171875,19817.661885179677,4523000,19465.5697265625,280.42111617669906,20026.411958915898,18904.7274942091,0.4910331219438546,5.762402439093068,True,22.645476653828275,334.05872966993564,4224475.0,1.0706655856644909,9064739.774907961
2024-04-01,19334.79296875,19596.345839295005,19193.956807687304,19596.345839295005,3481400,19472.6115234375,274.9565909875481,20022.524705412594,18922.698341462405,0.37469062462505126,5.648068121866568,True,21.350570718455597,338.9394655226332,4086595.0,0.8519072724358543,9064739.774907961
2024-04-02,20038.974609375,20038.974609375,19334.793774708207,19395.152131965362,6997100,19527.93994140625,271.8496239300085,20071.63918926627,18984.24069354623,0.9699608009208811,5.568424006745134,True,20.885025650063522,365.02819231565945,4092170.0,1.7098752006881435,9064739.774907961
2024-04-03,20320.646484375,20421.243744198637,19878.01854115099,20038.97415686881,4933500,19589.304296875,305.07581928297924,20199.45593544096,18979.15265830904,1.0993118278096188,6.229436526373166,False,21.346346824934148,377.7565502250872,4197360.0,1.1753816684773286,9064739.774907961
2024-04-04,20159.689453125,20340.76450809319,20119.45055202096,20320.64505754117,2738800,19631.55517578125,323.02577530127706,20277.606726383805,18985.503625178695,0.9087400431522634,6.581766394132297,False,21.774716487314016,366.58207921416886,4154620.0,0.6592179308817654,9064739.774907961
2024-04-05,20320.646484375,20461.482648128094,20220.04922455136,20220.04922455136,2163800,19676.8240234375,353.1549055418716,20383.133834521243,18970.51421235376,0.9557649142305105,7.179103804988453,False,22.43744009539229,361.9543017705207,4071315.0,0.5314744744634105,9064739.774907961
2024-04-16,21125.42578125,21246.1425,20119.453125,20300.528203125,11555700,19754.283984375,477.8226741926162,20709.92933276023,18798.63863598977,1.2173905043287445,9.675322569434718,False,24.349423913634954,416.5782355726265,4485200.0,2.5764068491929013,9064739.774907961
2024-04-17,20582.19921875,21165.66332172532,20582.19921875,21165.66332172532,4004900,19817.6603515625,499.9910105361604,20817.64237263482,18817.67833049018,0.8822763065118192,10.091827222111785,False,26.124837459146,428.4986546728188,4417150.0,0.9066705907655389,9064739.774907961
2024-04-18,20541.95703125,20783.390414575173,20280.4041993144,20582.195928470865,4682400,19871.9826171875,517.2938225860543,20906.570262359608,18837.39497201539,0.8237881378097489,10.412525665932119,False,26.653356956042213,433.8191947148157,4510235.0,1.038172068639439,9064739.774907961
2024-04-19,20401.125,20702.916789940828,20280.40828402367,20662.677884615383,3059000,19945.4185546875,479.78044606000975,20904.97944680752,18985.857662567483,0.7374557201396973,9.621867693465932,False,27.144125060302983,433.0112883721259,4237440.0,0.7218981271711222,9064739.774907961
2024-04-22,20360.884765625,20662.676535866478,20300.526411576706,20541.959827769886,3983900,19992.69931640625,471.3050765701004,20935.309469546453,19050.08916326605,0.6953010202532719,9.429543637128425,False,27.599838299973698,427.94977665195773,4242875.0,0.9389623781044693,9064739.774907961
2024-04-23,20079.212890625,20441.363022920843,19958.49617985972,20360.88521574399,5906300,20023.884375,454.21447256559037,20932.313320131183,19115.45542986882,0.5304528581577774,9.073453762701138,False,26.787907285955068,431.8724242526123,4007070.0,1.4739697584519362,9064739.774907961
2024-04-24,19998.736328125,20481.603201238682,19676.825079382546,20159.69195249623,8926400,20047.02177734375,439.60436715980603,20926.23051166336,19167.81304302414,0.47254039494039085,8.771464849838726,False,25.178678430493648,458.50854551000685,4346955.0,2.0534834154022756,9064739.774907961
2024-04-25,19515.8671875,20119.450708762888,19395.150483247424,19998.73400451031,4990600,20041.991796875,445.3283582120415,20932.648513299086,19151.335080450917,0.2046423163531793,8.887906206637183,False,23.81970583525415,477.4936655103967,4511410.0,1.1062173466831877,9064739.774907961
2024-04-26,19435.390625,19676.824048913044,19435.390625,19556.10733695652,4944300,20025.8962890625,461.6768228189899,20949.24993470048,19102.54264342452,0.1802386242518718,9.221596200338725,False,22.55780271110319,460.63221968201435,4662160.0,1.0605170135731077,9064739.774907961
2024-04-29,20018.85546875,20199.93054334171,19193.957906721105,19475.630244974873,5182100,20029.9203125,461.2243447525237,20952.369002005045,19107.47162299495,0.4940024611255421,9.210707532664298,False,21.849232895024997,499.5851066061994,4746250.0,1.0918303924150645,9064739.774907961
2024-04-30,19978.615234375,20199.929199710474,19757.301269039526,19777.420720433664,6749600,20038.9740234375,458.18995758746155,20955.35393861242,19122.594108262576,0.4670667219659779,9.145976376865688,False,21.191275208666674,495.5167368965386,4950725.0,1.36335587211974,9064739.774907961
2024-05-02,19556.107421875,19998.735367637604,19395.151805234054,19998.735367637604,6755200,20028.91435546875,466.82686459211925,20962.56808465299,19095.26062628451,0.24679749096763323,9.32305878006126,False,19.776115936646015,503.23579586132513,5139665.0,1.3143269065201721,9064739.774907961
2024-05-03,19274.435546875,19656.705145403837,19193.9577366584,19556.10788263309,8328400,20014.83076171875,485.7085996929309,20986.24796110461,19043.413562332888,0.1189097664155867,9.706973903010335,False,18.95016643262069,500.34376821019015,5355085.0,1.5552320831508744,9064739.774907961
2024-05-06,19290.796875,19398.446411132812,19161.617431640625,19376.91650390625,7044600,19989.4935546875,510.2380655224824,21009.969685732463,18969.017423642534,0.15766142958579787,10.210124916403048,False,18.26092401887945,481.5212833017614,5547550.0,1.2698578651837298,9064739.774907961
2024-05-07,19161.619140625,19290.798595505617,19075.49950403792,19290.798595505617,4786800,19974.79892578125,530.264858777329,21035.32864333591,18914.269208226593,0.11661621937796328,10.618677279257561,False,17.833883906893988,462.505412456471,5560740.0,0.8608206821394275,9064739.774907961
2024-05-08,19032.4375,19269.26647341629,18989.377686651584,19204.676753393665,6823300,19959.68115234375,553.2821721765441,21066.24549669684,18853.11680799066,0.0810258765902008,11.087996205021064,False,17.651585292355954,449.4613677642021,5727835.0,1.1912528904900368,9064739.774907961
2024-05-13,19118.556640625,19204.676265132322,18989.37720386402,19032.43701611768,5549600,19913.66025390625,583.7783739952288,21081.217001896708,18746.103505915795,0.159501084358535,11.726189290202733,False,17.482309256580557,432.73548872878075,5655460.0,0.9812818055472057,9064739.774907961
2024-05-14,19376.916015625,19506.095455729166,19075.49732204861,19204.676762152776,3991500,19866.47373046875,587.2806123230572,21041.034955114865,18691.91250582264,0.2915997461131702,11.824556693669454,False,16.321540393697326,432.58282051105044,5608360.0,0.7117053826787153,9064739.774907961
2024-05-15,19161.619140625,19506.097686973313,19161.619140625,19419.978050386235,3645600,19816.57021484375,603.2416444325755,21023.0535037089,18610.086925978598,0.22857018399533227,12.176509615790382,False,15.243676567072354,426.28965807085495,5653700.0,0.644816668730212,9064739.774907961
2024-05-16,19075.498046875,19290.79712189616,19032.43823187077,19226.207399389812,4701000,19754.31279296875,612.6596243574993,20979.632041683748,18528.993544253753,0.2230049447090505,12.405587190571682,False,14.645766381992754,414.2946032104648,5780560.0,0.8132430075978798,9064739.774907961
2024-05-17,19204.677734375,19247.737549922927,19075.49828773122,19075.49828773122,1884000,19658.275390625,531.5998054068137,20721.475001438626,18595.075779811374,0.2866827397054449,10.816814696986741,False,14.090564067275983,397.004953198855,5296975.0,0.3556747011265864,9064739.774907961
2024-05-20,19678.3359375,19678.3359375,19204.677960886216,19204.677960886216,4692000,19613.0822265625,485.3261221979804,20583.73447095846,18642.429982166537,0.5336133313008039,9.898008208841166,False,13.973905391074046,402.48018533643676,5331330.0,0.8800805802679632,9064739.774907961
2024-05-21,19312.328125,19764.45620819398,19226.208490105906,19764.45620819398,4259000,19551.60078125,436.9350618579857,20425.470904965972,18677.730657534026,0.3630959854580358,8.939115865684155,False,14.100046640590348,412.177866247268,5310160.0,0.802047395935339,9064739.774907961
2024-05-22,19463.037109375,19484.56701768183,19118.558576465708,19290.797842920354,3633900,19504.69638671875,388.6199874686347,20281.936361656022,18727.45641178148,0.4732005051933197,7.969772607857801,False,13.81993844649393,408.88005017361485,5338905.0,0.6806451884796602,9064739.774907961
2024-05-27,19484.56640625,19506.096313881215,19290.797237569062,19463.036498618785,3000300,19460.88046875,332.3310319492793,20125.54253264856,18796.218404851443,0.5178180302340931,6.830750180762514,True,13.625555141817104,395.052837754939,5289725.0,0.5671939467552661,9064739.774907961
2024-05-28,19355.38671875,19549.155885011125,19226.207274575918,19527.62597764878,3405500,19424.68916015625,299.21230907392766,20023.113778304105,18826.264542008394,0.4420959304609304,6.161484626228552,True,13.190849504244847,389.9025358035296,5164685.0,0.659381937136534,9064739.774907961
2024-05-29,19398.447265625,19398.447265625,19183.148183875554,19376.917357450056,2738700,19394.67470703125,266.968680419482,19928.612067870214,18860.737346192283,0.5035327726344376,5.5060202751984715,True,12.614508244070073,377.43086051395227,4855300.0,0.5640640125223982,9064739.774907961
2024-05-30,19183.1484375,19376.917613636364,19053.968986742424,19376.917613636364,3150400,19378.03876953125,269.3749008765755,19916.7885712844,18839.2889677781,0.31912723550240313,5.560416182057034,True,11.856054663879036,375.0771046831397,4763290.0,0.6613916011832158,9064739.774907961
2024-05-31,19010.91015625,19506.09807651472,19010.91015625,19247.739161593996,14689400,19356.81474609375,281.0861365610594,19918.98701921587,18794.64247297163,0.1923500087235622,5.808520466783591,True,11.36178063020781,383.65644865325265,5250545.0,2.797690525459738,9064739.774907961
2024-06-03,19785.984375,19979.753536452667,19161.617076985855,19312.32642478237,8682500,19345.17119140625,255.91488220795637,19857.000955822165,18833.341426990337,0.9306248036364134,5.2915506340237,True,12.339579999577897,425.4555151924965,5425565.0,1.6002941629120653,9064739.774907961
2024-06-04,19785.984375,20108.93297742111,19764.454468171927,19785.984375,4707400,19335.5396484375,233.459754971197,19802.459158379894,18868.62013849511,0.9823580049354477,4.829650668479004,True,13.56077048903164,419.67144333940274,5323455.0,0.8842753437382301,9064739.774907961
2024-06-05,19441.505859375,19936.693716258305,19355.386232090947,19785.984368511214,2641200,19329.8095703125,229.1273727482642,19788.064315809028,18871.554824815972,0.6218713937609909,4.741430522940422,True,13.156815631682528,431.2168748271139,5117755.0,0.5160856664689888,9064739.774907961
2024-06-06,19441.505859375,19592.21520712209,19290.79651162791,19484.565673017027,4000100,19338.1630859375,230.04597480556984,19798.25503554864,18878.07113632636,0.6123066525341766,4.758383178035271,True,12.569703349593599,421.9455763033331,4901340.0,0.8161237539121955,9064739.774907961
2024-06-07,19635.27734375,19785.98670932703,19441.50815943668,19463.038068804824,4005700,19355.387109375,239.03334325328797,19833.453795881574,18877.320422868423,0.7927313722906224,4.9398824606821625,True,12.57872120915431,416.4123815639543,4749395.0,0.8434126873001719,9064739.774907961
2024-06-10,19226.208984375,19549.157623530235,19204.679075097985,19549.157623530235,2503400,19358.6166015625,236.70259092029968,19832.0217834031,18885.211419721898,0.3601540263324776,4.890898885846941,True,11.806232499011314,417.4256592131015,4635225.0,0.5400816573089764,9064739.774907961
2024-06-11,18817.140625,19226.20889945652,18817.140625,19226.20889945652,8097000,19347.8517578125,256.39402284869715,19860.639803509894,18835.063712115105,-0.01747611636570951,5.300723326974375,True,11.898114947030072,416.82870922466566,4698910.0,1.723165585210187,9064739.774907961
2024-06-12,18946.318359375,19010.908081054688,18817.138916015625,18860.19873046875,4300800,19339.23984375,267.1673556048194,19873.57455495964,18804.905132540363,0.13232644620307596,5.525912243984323,False,11.983438666909363,400.8958846399797,4636470.0,0.927602249124873,9064739.774907961
2024-06-13,18967.8515625,19097.031028305904,18860.20200766175,18946.32165153235,3585000,19318.78662109375,279.50450493485795,19877.795630963465,18759.777611224035,0.1861096579860666,5.787206213658836,False,11.769740266402312,389.1768229259923,4616145.0,0.7766220515170126,9064739.774907961
2024-06-14,18278.890625,18989.37753975265,18214.30090547703,18967.847633244994,5698200,19274.6501953125,362.88712044110935,20000.42443619472,18548.87595443028,-0.1859981480619226,7.530868093873106,False,13.043895115081163,416.7410951652516,4718775.0,1.2075591652494557,9047185.093929524
2024-06-19,18429.6015625,18601.84082943925,18171.24266209112,18321.952020662968,5043300,19242.35537109375,407.5369328838648,20057.429236861477,18427.28150532602,0.0014232189691142808,8.471664201692779,False,14.3075013187773,417.73088603545716,4735890.0,1.0649107137201244,9107469.468929524
2024-06-20,18989.37890625,18989.37890625,18451.13120482568,18472.66111288265,2530200,19231.5904296875,411.4096747966805,20054.40977928086,18408.771080094142,0.35281609896680033,8.55695583370147,False,14.226905192319926,427.8770615864959,4768200.0,0.5306404932678999,9331380.406429524
2024-06-21,18623.37109375,18946.31972543353,18623.37109375,18946.31972543353,8057800,19178.8421875,418.6822787715917,20016.206745043182,18341.477629956815,0.1683218266487519,8.732170058617454,False,14.152065932038077,423.4578295088891,4936490.0,1.632293390648011,9184977.281429524
2024-06-24,18709.490234375,18838.66968363421,18537.25096869606,18623.37060153553,3234100,19148.70029296875,430.11040472879716,20008.921102426346,18288.479483511157,0.2447108615805912,8.984639127423813,False,14.290014195099484,414.7407498966935,4885245.0,0.6620138805730317,9219424.937679524
2024-06-25,18623.37109375,18817.140272760116,18515.72154985549,18709.490728865607,2727800,19106.7169921875,438.7071572951023,19984.131306777705,18229.302677597294,0.22456233594545066,9.184354538238768,False,14.471607231557304,406.6463193972601,4839940.0,0.5636020281243156,9184977.281429524
2024-06-26,18731.021484375,18774.08130387931,18601.842025862068,18731.021484375,2216800,19069.03974609375,436.90302819034537,19942.84580247444,18195.23368971306,0.3065827884514655,9.164657140742365,False,14.640229336839564,389.9029592986873,4800765.0,0.4617597403747111,9228037.437679524
2024-06-27,18731.021484375,18752.551394127153,18580.31211610991,18752.551394127153,2199500,19037.821484375,437.67153172737466,19913.164547829747,18162.47842092025,0.32475442326055526,9.195832245545239,False,14.857669898644334,374.3555534928697,4740465.0,0.46398401844544784,9228037.437679524
2024-06-28,18924.7890625,19010.90869418373,18731.019891211603,18731.019891211603,3994400,19014.13857421875,429.87628536288844,19873.891144944526,18154.38600349297,0.4480376594609526,9.043297621607902,False,14.076745206499163,367.60792845567386,4803250.0,0.8316036017279966,9305544.468929524
2024-07-01,19053.970703125,19290.799717514124,18860.201509533897,19097.030523923022,5852700,19007.6796875,428.170324808423,19864.020337116846,18151.339037883154,0.5270283885540831,9.01047012255789,False,13.681968481212802,372.10723413599914,4938365.0,1.1851493358631855,9331314.776326284
2024-07-02,19204.677734375,19376.916996566706,18946.318841087446,19032.438472183298,4902100,19017.36806640625,430.4335155405939,19878.235097487435,18156.501035325062,0.6087912890179474,9.053482354394655,False,13.565258384218707,376.28515708908924,4449000.0,1.1018431108114184,9331314.776326284
2024-07-03,20151.9921875,20151.9921875,19269.266033987715,19333.855752537394,8772600,19035.66845703125,470.72676145805565,19977.121979947362,18094.214934115138,1.0928724590731707,9.891467957022176,False,15.156102921869241,417.0729639487971,4453505.0,1.969819277176067,9331314.776326284
2024-07-04,20410.3515625,20496.47118934599,20216.58240209652,20281.17212223101,4671000,19066.88681640625,538.876899308845,20144.64061502394,17989.13301778856,1.1232707079375897,11.30497924485846,False,17.1586315085804,411.8876809414537,4451685.0,1.049265615154711,9331314.776326284
2024-07-05,20496.47265625,20496.47265625,20259.643665474003,20410.353023240546,2121400,19119.63515625,622.6051565616975,20364.845469373395,17874.424843126602,1.0528533957233461,13.025461029431312,False,19.018124472010467,399.38348878677823,4425695.0,0.47933714365766283,9331314.776326284
2024-07-08,20668.7109375,20668.7109375,20345.762329101562,20539.531494140625,3710900,19180.99541015625,710.2942255410946,20601.58386123844,17760.406959074062,1.023626503583928,14.812458068052022,False,20.997690449955986,393.9238544733253,4411235.0,0.8412383380164512,9331314.776326284
2024-07-09,20388.822265625,20668.711061246042,20367.292358269537,20668.711061246042,2585500,19218.67265625,754.2832774453797,20727.23921114076,17710.10610135924,0.8878349303122836,15.69896716462536,False,22.83585904152357,387.3163436521239,4340225.0,0.5957064437903565,9331314.776326284
2024-07-10,20281.171875,20582.590565286624,20173.52234275478,20410.351313694267,3284800,19271.42080078125,790.8397418538593,20853.100284488966,17689.74131707353,0.8192021786397988,16.41476775436918,False,23.754553023748496,388.87004928638976,4379295.0,0.7500750691606755,9331314.776326284
2024-07-11,20238.11328125,20561.06189744016,20195.053465757977,20410.352543218083,2196100,19342.46943359375,811.4408289161546,20965.35109142606,17719.58777576144,0.7759424395900087,16.78050120129656,False,24.60762600724307,387.2370766003749,4084250.0,0.5376997000673318,9331314.776326284
2024-07-12,20238.11328125,20367.292727726064,20065.874019281913,20238.11328125,2252700,19407.0591796875,829.4606262677514,21065.980432223005,17748.137927151998,0.750480274543566,17.09606012096693,False,24.867163784378818,381.10719316064467,3981845.0,0.5657427649745281,9331314.776326284
2024-07-15,20453.41015625,20453.41015625,20238.111101973685,20238.111101973685,2293500,19481.337109375,854.2062027164503,21189.7495148079,17772.9247039421,0.7844960162381529,17.538964557117197,False,25.302692273928542,369.2637546689068,3917270.0,0.5854842785919786,9331314.776326284
2024-07-16,20496.47265625,20625.65210576418,20388.823114988183,20518.002564502363,3031900,19592.2162109375,833.5856482343451,21259.387507406187,17925.04491446881,0.7711948218002098,17.018710681009917,False,26.079750572284375,359.8041286765561,3783955.0,0.8012516005079342,9331314.776326284
2024-07-17,20496.47265625,20625.65210576418,20410.353023240546,20625.65210576418,3733100,19695.559765625,809.64074938151,21314.84126438802,18076.27826686198,0.747305021158095,16.443112234760434,False,26.801304706471935,349.4823396656331,3718445.0,1.003941163577786,9331314.776326284
2024-07-18,20970.12890625,21056.24853214836,20453.411150859854,20496.470963809035,5230200,19794.597265625,839.3139829672609,21473.225231559525,18115.969299690478,0.8501465674589063,16.960465963605166,False,28.290583085332393,367.579128352981,3853445.0,1.3572790061879694,9331314.776326284
2024-07-19,21228.48828125,21400.727537081646,20905.53967656567,20970.129397502536,6120800,19924.853125,850.0604374506732,21624.973999901347,18224.732250098656,0.8833948443005988,17.065329056485538,False,30.17483242490998,376.694037793195,3756595.0,1.6293478535748465,9331314.776326284
2024-07-22,21788.265625,21960.504878952568,21443.78711709486,21486.846930583004,7633600,20078.79189453125,895.9178913567627,21870.627677244775,18286.956111817723,0.9770174105687166,17.84804376802728,False,32.539832702558826,402.07422064386446,3976570.0,1.919644316584393,9331314.776326284
2024-07-23,21400.728515625,21831.32667489311,21400.728515625,21788.266858966297,3513500,20217.659765625,873.4170494584586,21964.493864541917,18470.825666708086,0.8386322578467907,17.2802799054613,False,34.55513638447422,404.1116448313105,4015855.0,0.8749070870337698,9331314.776326284
2024-07-24,21379.197265625,21465.316892072635,21206.958012729734,21465.316892072635,3332200,20350.0685546875,836.1164530959738,22022.301460879447,18677.83564849555,0.8077109376112742,16.434666071989824,False,35.624265219943396,393.7007330107098,4071625.0,0.8183956037208732,9331314.776326284
2024-07-25,21443.787109375,21680.616083474524,21228.4880420118,21379.19738916604,3157400,20485.7068359375,777.63730328643,22040.98144251036,18930.43222936464,0.8080100033101826,15.183997496678867,False,36.89519034856534,397.8741121858538,4119520.0,0.7664485182739736,9331314.776326284
2024-07-26,21508.376953125,21616.026487424926,21379.19751196509,21551.43676684497,3073200,20614.88623046875,716.9129466170349,22048.71212370282,19181.06033723468,0.8115757383349157,13.91058749686309,False,38.075335110857154,386.3708881339955,4073460.0,0.7544446244715795,9331314.776326284
2024-07-29,21250.017578125,21616.025986258865,21250.017578125,21508.37645445479,2178100,20724.68857421875,627.9089247958892,21980.50642381053,19468.870724626973,0.7091581211706038,12.11905158520934,False,38.612855082926025,384.9164252768433,3889730.0,0.559961745416777,9331314.776326284
2024-07-30,21529.90625,21680.61559375,21228.4875625,21357.667,4414000,20840.95,540.892581445004,21922.735162890007,19759.164837109995,0.8184348767362651,10.381342145055825,True,39.21573552920492,389.7172542749261,3865325.0,1.1419479603914289,9331314.776326284
2024-07-31,22218.86328125,22240.39318753028,21616.025905402134,21659.085717962695,9902100,20944.2935546875,596.8829227488059,22138.059400185113,19750.52770918989,1.0338441082770315,11.399437678626667,True,40.530042540971095,412.6293745074514,3921800.0,2.52488653169463,9331314.776326284
2024-08-01,22003.564453125,22283.45323775379,21938.974733595278,22218.863518224072,4227300,21023.95419921875,627.4073496468475,22278.768898512448,19769.139499925055,0.8903406034602744,11.936999932584758,False,41.79969027895552,407.76145519681296,3899615.0,1.0840300901499251,9331314.776326284
2024-08-02,22089.68359375,22369.572372228315,21745.205097161306,22003.563969602827,4665000,21103.61474609375,657.3385723407903,22418.29189077533,19788.93760141217,0.8750231954838918,12.459260278383589,False,42.15281483488222,423.23329947325556,4026795.0,1.1584895680063176,9331314.776326284
2024-08-05,21034.71875,21766.73557446264,20819.419683981578,21766.73557446264,8787200,21121.91513671875,649.6433525469913,22421.201841812734,19822.62843162477,0.46644451668100295,12.30273577640956,False,39.617748713176496,483.7354859229103,4280610.0,2.052791541392465,9331314.776326284
2024-08-06,20797.890625,21314.608404503106,20754.83081004141,21185.42895962733,7129900,21142.3685546875,631.5350182012832,22405.438591090064,19879.298518284933,0.36363466800755195,11.948235914395964,False,37.11055240262852,489.16706510425206,4507830.0,1.5816701162199995,9331314.776326284
2024-08-07,21293.078125,21486.84728892821,20884.009890040445,20905.53979714358,4726300,21192.9638671875,598.5838131357684,22390.131493459037,19995.796240915963,0.5418129657098631,11.297783866135685,False,35.15480629963724,503.43775073453475,4579905.0,1.0319646368210695,9331314.776326284
2024-08-08,21206.95703125,21336.136464942894,20905.538352633248,21250.016842480964,3126500,21241.4060546875,554.8481206218594,22351.102295931218,20131.709813443784,0.48447817422590744,10.448425479807934,True,33.33875634685962,498.2349194184713,4626425.0,0.6757917830722426,9331314.776326284
2024-08-09,21271.546875,21443.786120951416,21206.957157768218,21206.957157768218,2528100,21293.077734375,502.1105525352193,22297.29883944544,20288.856629304562,0.48927982131311054,9.432371567866397,True,31.89788406650855,479.56307443868167,4640195.0,0.5448262411385728,9331314.776326284
2024-08-12,21702.14453125,21809.794057694693,21271.54642547123,21422.255762493798,5446800,21355.514453125,468.7335826156976,22292.981618356396,20418.047287893605,0.6848758500461403,8.779626145641402,True,31.318709946164002,483.754828566166,4797860.0,1.1352561350268662,9331314.776326284
2024-08-13,21551.4375,21788.266483516483,21551.4375,21723.67676073926,3163000,21408.2626953125,424.22050797869497,22256.70371126989,20559.82167935511,0.5843752258522887,7.926294889338793,True,30.780905405844063,466.1172682054744,4804415.0,0.6583527859271108,9331314.776326284
2024-08-14,21572.966796875,21680.616331789544,21443.787354977543,21551.43688989209,3223400,21462.08740234375,366.85879489197623,22195.8049921277,20728.3698125598,0.5755599947957492,6.837336704758984,True,29.927314349003563,449.73953310594055,4778930.0,0.6745024513855612,9331314.776326284
2024-08-15,21357.66796875,21659.086669921875,21314.608154296875,21572.967041015625,3558000,21481.46435546875,349.32213020643894,22180.10861588163,20782.82009505587,0.41140241627005575,6.504624162039661,True,28.716923708328036,442.2208890001591,4695320.0,0.7577758278455995,9331314.776326284
2024-08-16,21594.49609375,21702.14562562313,21400.726936378363,21465.316655502244,4087400,21499.76474609375,344.93128653464976,22189.62731916305,20809.902173024453,0.5686595789903307,6.417396480532543,True,27.70090122736784,435.2392295625141,4593650.0,0.8897935193147062,9331314.776326284
2024-08-19,21616.025390625,21616.025390625,21465.316050252117,21508.375861787226,1369500,21491.152734375,339.45581075092497,22170.06435587685,20812.241112873147,0.5919653253053505,6.318056829180085,True,26.757451780761944,414.91566604896906,4280445.0,0.31994337037387466,9331314.776326284
2024-08-20,21680.615234375,21917.444199199355,21659.085328481877,21723.675046161246,3138200,21505.1470703125,341.2960878769313,22187.739246066365,20822.554894558638,0.6285307466853903,6.3481749138667425,True,26.635913994800806,406.8087476579252,4261680.0,0.7363762647594376,9331314.776326284
2024-08-21,21659.0859375,21874.38500248509,21659.0859375,21874.38500248509,2428200,21519.14150390625,341.5979716521055,22202.33744721046,20835.94556060204,0.6024189582544386,6.349657984080764,True,26.523057479265464,393.1294846098656,4216480.0,0.5758832011535688,9331314.776326284
2024-08-22,22584.87109375,22714.05052803265,21616.025336630126,21659.085148057675,10021000,21576.195703125,415.62204182870295,22407.439786782405,20744.951619467593,1.1067263577906696,7.705195995575924,False,27.945324058284676,443.4791779521984,4559660.0,2.197751586741117,9331314.776326284
2024-08-23,23187.708984375,23381.47814023329,22498.751985767758,22584.871610593662,10662800,21660.1623046875,549.3278103214124,22758.817925330324,20561.506684044674,1.1951890342097058,10.144481885115548,False,30.016926912091993,474.85396198886497,4939140.0,2.1588373684487583,9331314.776326284
2024-08-26,23209.240234375,23295.35986418715,23037.000974750696,23166.180419468925,2805300,21758.1234375,639.6115550344265,23037.34654756885,20478.900327431147,1.0671867500880665,11.758579399031424,False,31.9405581334845,459.3900282351214,4970500.0,0.5643899004124333,9331314.776326284
2024-08-27,23467.59765625,23467.59765625,23166.17897075688,23252.298595183485,4744400,21855.0080078125,741.8129465581843,23338.633900928868,20371.38211469613,1.0434623566222085,13.576987870112125,False,33.89740112111899,448.1063608964071,4987020.0,0.9513497038311457,9331314.776326284
2024-08-28,23855.13671875,23984.316159465256,23403.008676246616,23510.658210175992,9220800,21936.8216796875,864.1910475955085,23665.203774878515,20208.439584496482,1.0549452995376274,15.75781688366843,False,36.155968740280066,457.6207267765666,4952955.0,1.8616765143232676,9331314.776326284
2024-08-29,23532.1875,23855.136093321133,23424.537968892953,23855.136093321133,3975300,22013.25283203125,935.0935852400193,23883.44000251129,20143.06566155121,0.906091617979304,16.991465866041843,False,38.25321010092964,455.69058556802946,4940355.0,0.8046587745212641,9331314.776326284
2024-08-30,23295.359375,23575.248166012014,23123.120118992607,23532.188352010166,8569100,22073.53662109375,978.1527453558189,24029.84211180539,20117.23113038211,0.8122781078178622,17.72534709134166,False,39.09824302283327,455.43611852884214,5135560.0,1.6685814205266807,9331314.776326284
2024-09-02,24027.375,24091.964717741936,23510.657258064515,23510.657258064515,5370100,22223.16943359375,1037.9487702028225,24299.066973999394,20147.271893188106,0.9345603603474805,18.682281540522336,False,40.406549801248985,479.8053488297774,4964705.0,1.0816554055074772,9331314.776326284
2024-09-03,23919.7265625,24242.675165954093,23855.13684180918,24070.43591077858,2578800,22379.26123046875,1047.0260834766445,24473.31339742204,20285.20906351546,0.8678192349602558,18.71422068305182,False,41.755539152715635,473.2148470665728,4737150.0,0.5443779487666635,9331314.776326284
2024-09-04,23812.078125,23833.608032888787,23553.71923033454,23747.488401333634,2090400,22505.21123046875,1060.906048590366,24627.023327649484,20383.399133288018,0.8079600913454337,18.85618468942083,False,42.02126794500851,465.55716743077903,4605355.0,0.4539063763814082,9331314.776326284
2024-09-05,23704.42578125,23833.60521330041,23489.126727832652,23812.075307958676,3362100,22630.08466796875,1046.9427999237623,24723.970267816272,20536.199068121226,0.7565424570854025,18.50532713924192,False,42.064095494857625,456.908690147706,4617135.0,0.7281788381756219,9331314.776326284
2024-09-06,23295.359375,23855.13695702403,23166.179932994455,23575.248166012014,5239200,22731.27529296875,1005.7170772262383,24742.709447421224,20719.841138516273,0.6402193755094107,17.697503800630614,False,41.13030224281579,473.4835711392682,4752690.0,1.1023651868731181,9331314.776326284
2024-09-09,23467.59765625,23510.6574684633,22821.70047305046,23295.358407396787,6924400,22819.54794921875,987.95613609717,24795.46022141309,20843.635677024413,0.6639874695225109,17.3177161667831,False,39.35178602772119,488.874530015952,4826570.0,1.4346419921393454,9331314.776326284
2024-09-10,22993.94140625,23532.189098343868,22843.232052463718,23510.659190660113,4888100,22891.67314453125,942.0961315528257,24775.865407636902,21007.4808814256,0.5271384889220869,16.46181343940584,False,37.739885184765775,503.16613829196615,4912825.0,0.994967254074794,9331314.776326284
2024-09-11,22584.87109375,22972.409396597952,22434.161753753575,22907.819679456625,5507400,22942.268359375,893.4646004345046,24729.19756024401,21155.33915850599,0.3999968030487181,15.577615716789477,False,35.24875519458879,507.2099607351418,5027025.0,1.0955585062735913,9331314.776326284
2024-09-12,22692.521484375,23015.470082349977,22584.871951716676,22606.40185824834,5337400,23009.01103515625,815.3018253046492,24639.614685765548,21378.407384546954,0.40295325578874114,14.173609183965727,False,33.028070430516294,501.73774843977293,5115995.0,1.0432770164943477,9331314.776326284
2024-09-13,22692.521484375,22929.350456223317,22584.871951716676,22692.521484375,2559200,23063.9123046875,749.3384587307349,24562.58922214897,21565.23538722603,0.37609376778099096,12.995860352424948,False,30.966006006734688,490.50494530169215,5039585.0,0.507819592287857,9331314.776326284
2024-09-17,22972.412109375,22993.94201763121,22735.5831185567,22757.11302681291,3545000,23131.731640625,668.4097747330429,24468.551190091086,21794.912091158913,0.44041098093096037,11.558317987039961,False,29.206418031666452,476.99891586987195,5148360.0,0.6885687869535153,9331314.776326284
2024-09-18,23015.470703125,23187.70996002397,22907.821167563143,22972.410888900256,2423100,23198.4744140625,576.164575227415,24350.80356451733,22046.145263607672,0.4205939939707034,9.934525261336216,True,28.02906713307492,462.91962134065454,5112605.0,0.4739462563605051,9331314.776326284
2024-09-19,22929.349609375,23166.178572476525,22929.349609375,23015.469232321007,2357100,23261.98759765625,454.76306879824733,24171.513735252745,22352.461460059756,0.3171366525209068,7.819848873860921,True,26.935812727239927,446.7702886092882,5109050.0,0.4613577866726691,9331314.776326284
2024-09-20,23187.708984375,23252.29870299443,22821.700578864904,22929.350109897285,3949100,23292.1294921875,426.6293474818692,24145.38818715124,22438.870797223764,0.43881075667389524,7.326583816648724,True,25.581551214293285,445.6151340035909,4805455.0,0.8217952306285253,9331314.776326284
2024-09-23,23359.94921875,23403.00903297811,23187.709961837558,23209.239868951612,3043800,23300.74150390625,426.1487225238591,24153.03894895397,22448.44405885853,0.5347341853409137,7.315625083475015,True,24.71647842097309,429.1640564749851,4424505.0,0.6879413629321246,9331314.776326284
2024-09-24,23575.248046875,23575.248046875,23338.419071061642,23359.94897795377,2358500,23319.04189453125,429.8552519121011,24178.75239835545,22459.331390707048,0.6490072246436936,7.373463349931361,True,24.33628584492749,415.425836427726,4402165.0,0.5357591094381969,9331314.776326284
2024-09-25,23639.83984375,23639.83984375,22993.942580259565,23596.780026183973,4933400,23327.65400390625,434.68647840515825,24197.026960716565,22458.281047095934,0.6795465555940137,7.453582401940098,True,22.887444778299074,431.8880812179195,4411615.0,1.1182752801411728,9331314.776326284
2024-09-26,23510.658203125,23639.83764380151,23166.179694654304,23639.83764380151,3559000,23310.430078125,419.2357461245578,24148.901570374113,22471.958585875884,0.6194006754260123,7.193959866368611,True,21.54209235928697,434.8718003520464,4128525.0,0.8620512168389437,9331314.776326284
2024-09-27,23855.13671875,23876.666625535876,23446.068489818368,23596.777837319496,6214300,23326.5775390625,434.17967212430744,24194.936883311115,22458.218194813882,0.8043435780292426,7.445235742744247,True,20.929734420343568,434.56653859243653,4240475.0,1.4654726180439692,9331314.776326284
2024-09-30,23381.478515625,24091.96543184565,23381.478515625,23855.1364597721,6814500,23330.88349609375,434.2808019663652,24199.445100026478,22462.32189216102,0.5291257518765298,7.445595483584241,True,20.87953856004399,454.2751369944517,4152745.0,1.6409627848567634,9331314.776326284
2024-10-01,23639.83984375,23639.83984375,23252.30148565574,23532.19029983493,3331300,23311.50673828125,409.508107949515,24130.52295418028,22492.490522382217,0.7004435926267597,7.026711958983543,True,20.393844500148816,449.50822421586673,4050805.0,0.8223797492103422,9331314.776326284
2024-10-02,23467.59765625,23812.076153956423,23316.88831350344,23639.83690510321,3323800,23288.90029296875,385.96788193059007,24060.83605682993,22516.96452910757,0.6157462651992033,6.629216099948167,True,20.362597992622533,452.7710539470893,4088055.0,0.8130516835023012,9331314.776326284
2024-10-03,23446.068359375,23618.307612703742,23273.829106046258,23618.307612703742,2465500,23270.5998046875,368.12051169634816,24006.840828080196,22534.358781294803,0.6191651572734417,6.327649734618292,True,20.178656863507566,445.0358719978318,4106810.0,0.6003443061646387,9331314.776326284
2024-10-04,23489.12890625,23489.12890625,23252.29992552704,23446.0690915731,3472700,23259.8349609375,357.76895400671407,23975.37286895093,22544.29705292407,0.6602248760999232,6.152562210480875,True,19.92673220549321,430.1639511924838,4112340.0,0.844458386222929,9331314.776326284
2024-10-07,23316.890625,23618.309340373962,23080.061634349033,23596.779432132964,5963900,23260.9115234375,357.9138421494104,23976.73920773632,22545.08383913868,0.5391009615794163,6.154768987256221,True,19.053713218815048,437.88421939480133,4148575.0,1.4375779635175934,9331314.776326284
2024-10-08,23331.900390625,23508.48998676975,23221.53189303453,23464.34258773356,4799200,23254.12666015625,355.06438437746226,23964.255428911172,22543.997891401326,0.554760301152925,6.107550536152033,True,18.243052731185333,427.1037818476883,4042315.0,1.1872404797745846,9331314.776326284
2024-10-09,23486.4140625,23530.561457354324,23089.08750881109,23331.898180509867,3140800,23278.75029296875,353.14215335837696,23985.034599685503,22572.465986252,0.6470114566870382,6.0680603368135495,True,16.99775571974649,428.13022232594153,3954950.0,0.794144047333089,9331314.776326284
2024-10-10,22868.3515625,23486.415118243243,22868.3515625,23486.415118243243,4306100,23292.92431640625,328.66708040900545,23950.258477224263,22635.590155588237,0.17704952882876582,5.644067287463968,True,16.46800175331288,441.69688899860597,3894885.0,1.1055782134774197,9331314.776326284
2024-10-11,23089.087890625,23265.677472962478,22890.424610495338,23000.793099456263,2164600,23312.75263671875,301.36718530398167,23915.487007326712,22710.018266110786,0.3144582779739736,5.170855454097051,True,15.976087355910243,438.52753338888255,3736245.0,0.5793517288079342,9331314.776326284
2024-10-14,22978.720703125,23221.531392591256,22824.20480982829,23133.23659642171,2835000,23327.06259765625,276.10224820992386,23879.267094076098,22774.858101236405,0.18458976992247852,4.73445376251812,True,15.742890579231325,435.58460834417417,3750035.0,0.7559929440658554,9331314.776326284
2024-10-15,22757.984375,23000.79507153249,22581.394777521822,22978.72137184772,3490800,23316.3412109375,294.1706155371778,23904.682442011854,22727.999979863143,0.025482146714503474,5.04659994251902,False,16.276161182375624,434.428585891781,3747325.0,0.9315445017445778,9331314.776326284
2024-10-16,23243.60546875,23398.121364553655,22581.39448673433,22868.35257894112,5882600,23327.74794921875,286.2052835237045,23900.158516266158,22755.33738217134,0.42650163596492485,4.907551027158448,False,15.232393872167105,461.7356067437484,3920300.0,1.5005484274162693,9331314.776326284
2024-10-17,23596.783203125,23773.372787432763,23243.60403450947,23243.60403450947,4325400,23361.11962890625,276.0378666407207,23913.195362187693,22809.043895624807,0.7134340997185353,4.726449263145104,True,15.12206464733761,466.5951171851445,4018715.0,1.0763141949603294,9331314.776326284
2024-10-18,23596.783203125,23685.07799527888,23420.193618817233,23685.07799527888,2136700,23381.57333984375,277.66319576120367,23936.89973136616,22826.246948321343,0.6937688056669321,4.750119963707453,False,15.019616081424505,452.18720713346613,3928095.0,0.5439532394201261,9331314.776326284
2024-10-21,23596.783203125,23640.93059920194,23265.67773254794,23618.856901163468,3041200,23393.4150390625,281.713116593803,23956.841272250105,22829.988805874895,0.680474525397883,4.816964365799452,False,14.37829477553284,446.6918970992184,3927965.0,0.7742431513519087,9331314.776326284
2024-10-22,23905.81640625,23949.963804968836,23508.48981778047,23663.0057132964,4095800,23409.94345703125,301.915940507093,24013.775338045438,22806.111576017065,0.9106051409424493,5.158764113399203,False,14.63201955588851,446.31918924844314,4014830.0,1.0201677281478916,9331314.776326284
2024-10-23,23861.66796875,23905.815365546947,23707.152079960684,23883.74166714847,2255900,23421.03486328125,314.61369524867735,24050.262253778605,22791.807472783894,0.8501382108624232,5.373181792951753,False,14.867621137647346,428.62955617993407,3880955.0,0.5812744543546627,9331314.776326284
2024-10-24,23729.2265625,23883.742456395346,23729.2265625,23861.668757267442,1516700,23431.96328125,321.6090255966351,24075.18133244327,22788.745230056727,0.7310750457784347,5.4900909793416,False,15.086394034994838,409.05000887389207,3778840.0,0.40136655693281537,9331314.776326284
2024-10-25,23663.005859375,23773.374356853426,23596.784760887942,23729.226957862054,1790100,23422.35673828125,310.9978966677897,24044.35253161683,22800.36094494567,0.6934491548594075,5.311129023314692,False,14.755186414723475,392.44569366614866,3557630.0,0.5031720555538378,9331314.776326284
2024-10-28,23663.005859375,23729.226957862054,23309.826667444027,23640.932159879314,1739600,23436.43310546875,315.3905040652162,24067.214113599184,22805.652097338316,0.6795970003740179,5.382909637245484,False,13.972030261347982,394.37102200556853,3303885.0,0.5265316438072148,9331314.776326284
2024-10-29,23265.6796875,23663.006285578747,23243.605987606737,23663.006285578747,2023700,23417.72509765625,313.7829343988619,24045.290966453973,22790.159228858527,0.3788609947450335,5.35975092525561,False,13.45817296990774,396.15882743174296,3238505.0,0.6248871006838032,9331314.776326284
2024-10-30,23331.900390625,23398.12148917928,22846.27900122694,23221.53189303453,4383000,23410.940234375,314.1146948857891,24039.16962414658,22782.71084460342,0.4370931660975466,5.366972735671082,False,14.093646005358623,407.2790888975,3291465.0,1.3316258869530742,9331314.776326284
2024-10-31,24236.921875,24281.069273679415,23640.931992827867,23883.742685564663,9741000,23450.48291015625,364.5062998982969,24179.495509952845,22721.470310359655,1.0393864009093792,6.217463432114352,False,13.986691542701276,445.9855027658511,3655240.0,2.6649412897648306,9331314.776326284
2024-11-01,24060.33203125,24214.84792502867,23751.30024369266,24148.626827694952,2627300,23479.04306640625,389.2327674331467,24257.508601272544,22700.57753153996,0.8733556200041593,6.631152152705227,False,13.887376684519456,448.81665480452875,3612970.0,0.7271856671934724,9331314.776326284
2024-11-04,24148.626953125,24148.626953125,23707.152968607174,24060.332156221433,2410900,23520.6298828125,414.60194598985385,24349.83377479221,22691.42599083279,0.8786747001471308,7.050864675912803,False,13.664105170205435,448.29217835547865,3435320.0,0.7017977946741497,9331314.776326284
2024-11-05,23839.59375,24060.330729166668,23707.151562500003,23972.0359375,2680500,23546.01455078125,417.9670220398962,24381.94859486104,22710.080506701455,0.675599499325289,7.100429181141886,False,13.456777199360221,447.80526494615856,3329385.0,0.8051036452678197,9331314.776326284
2024-11-06,24016.18359375,24347.289066090303,23839.59400850184,23839.59400850184,5360700,23572.50302734375,430.5874886157425,24433.678004575235,22711.328050112268,0.7576018684568604,7.306606143883262,False,13.961582453594843,452.08312574216893,3440380.0,1.558170899726193,9331314.776326284
2024-11-07,24038.2578125,24258.994798840682,23773.373428891187,24016.184113865933,4194400,23630.99833984375,408.80894549775417,24448.61623083926,22813.380448848242,0.7490524468345363,6.919875997087603,False,14.202471667305861,454.47871461412075,3434795.0,1.2211500249650997,9331314.776326284
2024-11-08,24236.921875,24457.658868397084,24126.553378301458,24126.553378301458,4231500,23688.3900390625,409.2978954489729,24506.985829960446,22869.79424816455,0.8350443784567944,6.911367041390916,False,14.891306023176536,451.9731675629038,3538140.0,1.195967372687344,9331314.776326284
2024-11-11,23044.94140625,24236.921134159482,23044.94140625,24236.921134159482,4067600,23691.70107421875,403.4813564324219,24498.66378708359,22884.738361353906,0.09926297853797263,6.812197320377113,False,14.919295975302477,504.8308319334107,3599770.0,1.129961080846832,9331314.776326284
2024-11-12,23596.783203125,23618.856901163468,23000.793356086295,23199.45663843253,4228400,23733.641015625,339.9032562774467,24413.44752817989,23053.834503070106,0.3993406138566909,5.728632299674065,False,15.02817549630561,512.918882872251,3636650.0,1.162718435923171,9331314.776326284
2024-11-13,23309.826171875,23618.857958244556,23067.015482584637,23618.857958244556,2402100,23736.95205078125,335.1680783724598,24407.28820752617,23066.615894036328,0.1814091895472825,5.648039017906332,False,15.129274970857965,515.6991394999416,3462625.0,0.6937222482942854,9331314.776326284
2024-11-14,22934.57421875,23309.8271174206,22735.910919453803,23309.8271174206,4118900,23703.8416015625,379.5185327262058,24462.878667014913,22944.80453611009,-0.006739010402601946,6.404337982096356,False,15.858546342665587,519.8575008190026,3452300.0,1.1930886655273296,9309288.869938081
2024-11-15,23442.267578125,23530.562371262946,22934.572517581804,22934.572517581804,3965800,23696.1158203125,383.3658231007923,24462.847466514086,22929.384174110917,0.33446082899729346,6.471369839814302,False,15.900025225601059,525.2955260234411,3543755.0,1.1190954227930543,9512366.213688081
2024-11-18,22824.203125,23464.34034997582,22780.05573017408,23442.266652562863,3489200,23657.48681640625,429.99011694072135,24517.467050287694,22797.506582524806,0.015521602371429993,7.270258591331484,False,16.241798894679697,536.6518898647481,3566155.0,0.9784207360588645,9265140.432438081
2024-11-19,23265.6796875,23353.974487073054,22824.205689634724,22824.205689634724,3589000,23625.47998046875,434.33524541608665,24494.150471300924,22756.809489636576,0.29290174078316705,7.353674859095399,False,16.55916015882415,536.1604235939128,3540815.0,1.0136084489023007,9441731.057438081
2024-11-20,23331.900390625,23442.26888821547,23155.31079448025,23309.826691106908,2877800,23598.9916015625,435.3260440674711,24469.64368969744,22728.339513427556,0.346614270741804,7.378722810150043,False,16.573046778074218,518.3602571754346,3571910.0,0.8056753949567599,9468219.338688081
2024-11-21,23552.63671875,23729.226309893395,23398.120826499533,23398.120826499533,4192700,23590.162109375,434.335242803942,24458.832594982883,22721.491623767117,0.47840067594863644,7.364684325443135,False,15.732442793014101,509.71494732493176,3705710.0,1.131416111892188,9556513.869938081
2024-11-22,23839.59375,23994.10963541667,23618.856770833336,23618.856770833336,4332300,23598.99150390625,437.67602335425397,24474.343550614758,22723.639457197743,0.6374317036205377,7.418554700217707,False,14.956795903870356,504.8405165636273,3832820.0,1.1303165815248304,9638888.661902457
2024-11-25,24369.36328125,24634.247664741848,23861.668212890625,24016.18410326087,10559100,23634.309375,470.39029283163956,24575.08996066328,22693.52878933672,0.8906617108450228,7.961143020818905,False,15.553124738772581,525.5414735763574,4273795.0,2.4706613209103385,9638888.661902457
2024-11-26,24281.068359375,24634.247535511364,24148.626168323863,24369.36315340909,3365800,23685.07880859375,483.13298560592057,24651.34477980559,22718.81283738191,0.8083982922599415,8.159280186656979,False,16.106858656896076,522.6900374057248,4340900.0,0.7753691630767813,9638888.661902457
2024-11-28,24170.69921875,24634.246875,24148.625520833335,24281.067708333336,2831500,23727.01875,487.25035000217287,24701.519450004344,22752.518049995655,0.7276450231118473,8.214270071366165,False,16.621038150343566,520.0422743172205,4263325.0,0.6641529791887787,9638888.661902457
2024-11-29,23640.931640625,24281.068911939776,23640.931640625,24170.700416885506,3598000,23697.21923828125,472.423468795674,24642.0661758726,22752.3723006899,0.4702133777351593,7.974327519956537,False,15.680234739234589,528.6204883884744,3956175.0,0.9094643184388962,9638888.661902457
2024-12-02,24192.7734375,24545.952611770073,23640.93097770301,23640.93097770301,3899900,23703.84130859375,478.6681506865034,24661.177609966755,22746.505007220745,0.7553606962386296,8.077478151407687,False,15.378830760496417,555.5062845083736,4019805.0,0.9701714386643133,9638888.661902457
2024-12-03,23972.037109375,24523.879584268532,23773.37381841333,24236.921497323896,2433500,23695.01181640625,471.6084621847447,24638.22874077574,22751.794892036763,0.6468513158592503,7.961312124912396,False,15.098955637382401,569.43481889029,4020935.0,0.6052074952716221,9638888.661902457
2024-12-04,24391.4375,24391.4375,24082.405712669683,24104.479411764707,2384200,23722.60400390625,496.02390177488104,24714.65180745601,22730.55620035649,0.8370974128970998,8.363734465123706,False,14.839071594490816,558.7180740141979,4006120.0,0.5951394366619073,9638888.661902457
2024-12-05,24391.4375,24413.511199095024,24281.06900452489,24391.4375,1133200,23741.36669921875,514.4676864040068,24770.302072026763,22712.431326410737,0.8158948647120451,8.66786976372234,False,14.651897187147519,528.2697969110507,3794745.0,0.2986234911700259,9638888.661902457
2024-12-06,24678.39453125,24700.468229399597,24303.141662706843,24413.51015345483,2622700,23773.37353515625,552.422944407308,24878.219423970866,22668.527646341634,0.9095688843376802,9.294817895161252,False,15.149207782617143,518.9167090383153,3716160.0,0.7057554034271937,9638888.661902457
2024-12-09,25164.015625,25164.015625,24700.467968750003,24722.541666666668,3842500,23819.72822265625,627.2028253433032,25074.133873342857,22565.322571969642,1.0358264296752593,10.532493393383668,False,16.48988760749787,516.5384508034356,3696710.0,1.0394377703417363,9638888.661902457
2024-12-10,24899.1328125,25164.01720412234,24700.469518783244,25164.01720412234,3040000,23912.43779296875,643.4775041012095,25199.39280117117,22625.482784766333,0.8833447996404461,10.763896340011273,False,17.73480730595145,512.7533961274114,3645330.0,0.8339437033135546,9638888.661902457
2024-12-11,24523.880859375,24899.133761813682,24413.512358657743,24457.659758944646,3233200,23958.79267578125,652.8662298526314,25264.52513548651,22653.060216075988,0.7163874304393514,10.899818512350675,False,17.92195974852271,510.81539662944914,3595570.0,0.8992176483839837,9638888.661902457
2024-12-12,24678.39453125,25075.721097942755,24501.80494605322,24523.878644202818,2407100,24027.22109375,652.987962613541,25333.19701897708,22721.245168522917,0.7493052991718726,10.870802912508214,False,18.453580433069064,515.322593433741,3595820.0,0.6694161554249101,9638888.661902457
2024-12-13,24832.912109375,24832.912109375,24457.659215277778,24678.396211805557,2534000,24122.13798828125,623.0886052099859,25368.315198701224,22875.960777861277,0.7851818004496374,10.332228519921225,False,18.79811313446234,505.31761490970393,3516575.0,0.7205875034657302,9638888.661902457
2024-12-16,24744.6171875,24854.985685214095,24413.511694357716,24832.911985671275,2294000,24187.25546875,616.3133021831488,25419.8820731163,22954.628864383703,0.7260870067121998,10.192364371053632,False,18.96290080383144,500.7573560487522,3432985.0,0.6682231352598395,9638888.661902457
2024-12-17,23177.3828125,24700.467968750003,23000.79322916667,24700.467968750003,7094300,24204.914453125,579.1415579143609,25363.19756895372,23046.631337296276,0.056441932640179555,9.570644160481066,False,19.368815639766304,589.5478276405078,3613240.0,1.9634178742624349,9638888.661902457
2024-12-18,23199.458984375,23640.932989786514,23155.31158383385,23287.753785457302,2372600,24201.60341796875,584.954043789609,25371.511505547965,23031.69533038953,0.07169950176710305,9.66802130730401,False,19.745736558848673,582.1245118056618,3552420.0,0.6678827390905354,9638888.661902457
2024-12-19,23221.53125,23265.678647813686,22824.204669676805,23199.457551093154,2782200,24196.0849609375,594.0406890576854,25384.16633905287,23008.00358282213,0.08986239120950824,9.820443100885333,False,20.59697486042299,572.0780451150346,3547640.0,0.7842396635509804,9638888.661902457
2024-12-20,22669.689453125,23287.753040941454,22206.141762262658,23221.531942246835,7273800,24151.93759765625,672.0620380616778,25496.061673779608,22807.813521532895,-0.05138069872472789,11.130569302678166,False,22.157102831734836,608.4732760838747,3701695.0,1.9649917132556842,9638888.661902457
2024-12-23,22471.025390625,22868.351969241157,22117.84620963286,22691.762378745087,4394000,24083.5091796875,768.3180015267976,25620.145182741093,22546.873176633904,-0.02467981547294868,12.76089785411856,False,23.70317374936354,618.6184534784765,3704780.0,1.1860353381307391,9638888.661902457
2024-12-24,22250.287109375,22537.245177253844,22139.918621729288,22537.245177253844,1643700,23977.55537109375,866.645222091995,25710.84581527774,22244.26492690976,0.001737211003916617,14.45760768650807,False,25.138811030018765,602.8118893389108,3259010.0,0.5043556171966334,9638888.661902457
2024-12-27,22426.87890625,22426.87890625,22161.99450971949,22250.289308562995,1661000,23884.8458984375,929.3739068710845,25743.593712179667,22026.09808469533,0.10780935923410367,15.564243718765322,False,26.471902790627187,578.6742112811678,3173770.0,0.5233523538252615,9638888.661902457
2024-12-30,23640.931640625,23640.931640625,22117.846408876052,22426.87819502801,3934400,23858.35751953125,928.3468804043292,25715.05128033991,22001.663758722592,0.4414481042873881,15.564304955097663,False,24.739852860596546,646.1321413145807,3228915.0,1.2184898023020116,9638888.661902457
2025-01-02,22691.76171875,23486.41485286965,22515.17213339008,23486.41485286965,3884300,23810.8990234375,963.6377417540814,25738.174506945663,21883.62353992934,0.20965818995155544,16.18817904868782,False,23.13152078271095,680.3912388803193,3243230.0,1.1976640571282333,9638888.661902457
2025-01-03,22581.396484375,22978.723108733506,22404.806873548998,22713.8386924945,3428600,23730.33017578125,996.8206799229133,25723.97153562708,21736.688815935424,0.21185045752283627,16.80247468179353,False,21.844673420805286,672.7858814734757,3219665.0,1.064893397294439,9638888.661902457
2025-01-06,22426.87890625,22713.83700249139,22184.068209430367,22581.394804226133,2878100,23653.072265625,1036.201696663009,25725.475658951018,21580.668872298982,0.20416151524267875,17.52333371371668,False,21.055720706421383,662.5703751583005,3241895.0,0.8877832255517221,9638888.661902457
2025-01-07,22824.203125,22890.424217238877,22404.80287415377,22537.245058631528,4428000,23574.710546875,1036.6848686486503,25648.0802841723,21501.3408095777,0.31901264198702195,17.589778955501455,False,19.93474209927161,649.9311585816437,3344085.0,1.324129021840055,9638888.661902457
2025-01-08,22228.21484375,22890.42581228277,22228.21484375,22868.35211333168,3282800,23466.5494140625,1059.5834824755145,25585.71637901353,21347.382449111472,0.2078251523373673,18.06117233137909,False,19.23315031398541,650.8082878638671,3451565.0,0.9511047886973011,9638888.661902457
2025-01-09,22051.625,22471.025275275275,22007.4776026026,22250.288288288288,2091600,23335.2109375,1064.2534465482693,25463.71783059654,21206.70404440346,0.19847738298074127,18.242876816476507,False,18.988060718646313,637.4325296359248,3425010.0,0.6106843483668661,9638888.661902457
2025-01-10,22161.994140625,22294.436336684514,21919.183447849227,22073.699343251992,3075600,23185.10986328125,1002.6642663456473,25190.438395972546,21179.781330589954,0.24490072175775734,17.298417342133686,False,18.92010314166841,618.7054124358792,3386665.0,0.9081500532234514,9638888.661902457
2025-01-13,22426.87890625,22559.321104515257,21919.183812899853,22250.289308562995,4009100,23061.49716796875,929.9919222633387,24921.481012495427,21201.513323442075,0.3294022113186022,16.130642611617592,False,18.191118494337204,620.2362609487024,3435120.0,1.1670916882088544,9638888.661902457
2025-01-14,22515.173828125,22713.837126608454,22206.14203048407,22537.247527956493,2289400,22961.06181640625,870.2985715114781,24701.658959429205,21220.464673383296,0.3719152245915842,15.161294864676117,False,17.14714341093529,612.197606318394,3387930.0,0.6757518602804663,9638888.661902457
2025-01-15,22691.76171875,22846.277605939933,22625.540624240028,22669.688020580008,1736400,22861.73017578125,771.7692544599405,24405.268684701132,21318.191666861367,0.4449419447428663,13.503251915334404,False,15.976265812832121,592.1194757110039,3354395.0,0.5176492333192722,9638888.661902457
2025-01-16,23111.162109375,23221.530600823782,22691.761841869626,22691.761841869626,2570100,22775.64267578125,621.7701716833742,24019.183019148,21532.102332414503,0.6349049250325753,10.919914410925337,False,15.691049346987711,587.6658618797738,3356200.0,0.7657767713485489,9638888.661902457
2025-01-17,23331.900390625,23398.12148917928,23111.163395444062,23177.384493998346,2917500,22705.0068359375,439.9843514935447,23584.97553892459,21825.03813295041,0.8562021879638919,7.7513185470111905,True,15.767131725289753,566.18682744581,3387375.0,0.8612863943318941,9638888.661902457
2025-01-20,22934.57421875,23486.416716794996,22934.57421875,23420.195617029596,2690200,22692.86640625,429.4888443488905,23551.84409494778,21833.888717552218,0.64069504696125,7.570464421023557,True,15.37762252911744,565.162232488609,3167170.0,0.8494018319193476,9638888.661902457
2025-01-21,22691.76171875,23398.12006018969,22691.76171875,23067.014587639835,2606400,22667.48154296875,412.6442354166815,23492.770013802114,21842.19307213539,0.5147101144868357,7.281695315546506,True,14.42076704924863,575.2476688422576,3178860.0,0.819916573866103,9638888.661902457
2025-01-22,22890.42578125,23044.941673698166,22625.541394195996,22802.13098556533,2601600,22650.92626953125,395.5330546689535,23441.992378869156,21859.860160193344,0.6513776844258962,6.984845563706624,True,13.407257089321908,564.1157124608227,3169830.0,0.8207380206509497,9638888.661902457
2025-01-23,22471.025390625,22978.720463301204,22471.025390625,22912.499366865177,2287000,22640.99306640625,397.5265928254975,23436.046252057244,21845.939880755253,0.39310924171564837,7.023129977727536,True,12.834679749447181,560.0856667619214,2920490.0,0.7830877695181289,9638888.661902457
2025-01-24,22161.994140625,22691.762924863047,22161.994140625,22603.46812749004,2611600,22625.54150390625,410.28208476356514,23446.10567343338,21804.97733437912,0.21754350208321882,7.253432315734508,True,12.980284772741955,557.9201751530733,2831370.0,0.9223803317828472,9638888.661902457
2025-01-30,21610.150390625,22161.9928418667,21455.634504277325,22161.9928418667,4037500,22593.53466796875,462.71571890204655,23518.966105772844,21668.103230164656,-0.03131125503860592,8.19200228210502,True,14.318725080660546,568.5229938098306,2951060.0,1.3681524604718305,9638888.661902457
2025-01-31,21963.330078125,22073.6985709799,21566.00350384736,21588.077202418342,3379800,22570.3572265625,482.6816920085763,23535.720610579654,21604.993842545347,0.1855965543713254,8.554258794637427,True,15.561562509442094,564.1781419043099,3037000.0,1.1128745472505763,9638888.661902457
2025-02-03,22073.69921875,22095.772917968752,21632.225234375,21963.33072265625,2278000,22491.99560546875,423.2940639962748,23338.5837334613,21645.4074774762,0.2529516580213421,7.527905863423766,True,16.64862836277171,556.9902520249843,2954180.0,0.7711107650854044,9638888.661902457
2025-02-04,22073.69921875,22272.36251171875,21698.44633203125,22095.772917968752,2061300,22461.09248046875,430.44314571126097,23321.97877189127,21600.20618904623,0.27500323470209753,7.6655780850474,True,17.11809012342527,558.1992468580213,2863030.0,0.7199714987268733,9638888.661902457
2025-02-05,22206.140625,22515.17240308151,21941.256243787277,22515.17240308151,3431600,22442.3296875,433.0936011240665,23308.516889748134,21576.14248525187,0.3636616531120594,7.719227141829083,True,16.86008118403464,559.3218834606079,2863180.0,1.1985275113684783,9638888.661902457
2025-02-06,21566.00390625,22206.141176752815,21367.340615404297,22206.141176752815,3032100,22399.2859375,475.42137206563024,23350.12868163126,21448.44319336874,0.06181921963797949,8.489937998776972,False,17.653159125147322,579.2846461668872,2870880.0,1.0561569971576659,9638888.661902457
2025-02-07,21897.109375,21897.109375,21146.60361013105,21566.003890498992,2811700,22352.93125,477.00467182670286,23306.940593653406,21398.921906346597,0.2611019860379882,8.535876865396832,False,18.72275751727648,591.5147260741776,2790065.0,1.0077542996310123,9638888.661902457
2025-02-10,21301.119140625,21742.593112451425,21190.750647668396,21742.593112451425,3925000,22306.57646484375,531.6763405666148,23369.92914597698,21243.22378371052,0.027223026725610788,9.533983691393665,False,19.715956024253554,599.7178690211366,2822175.0,1.390771302275727,9618431.493102184
2025-02-11,21566.00390625,21632.225003198568,21256.97212049002,21345.266916421442,2780500,22282.29541015625,554.5301930002598,23391.35579615677,21173.23502415573,0.17707281183789692,9.95463317926404,False,20.638211780732266,583.6846557130946,2856620.0,0.9733531236216227,9724385.399352184
2025-02-12,21963.330078125,22184.0670638348,21455.63501099246,21566.00350384736,2726000,22272.36220703125,558.5631981926922,23389.488603416634,21155.235810645863,0.3616843492794709,10.031503492994698,False,19.901397390295273,594.0237555080405,2839140.0,0.9601499045485605,9883315.868102184
2025-02-13,21632.2265625,21985.405771683672,21411.489556760203,21985.405771683672,2606900,22232.62958984375,575.0143566546535,23382.658303153057,21082.60087653444,0.23896172313122635,10.345413336393289,False,19.308692557410048,592.5875026091426,2769030.0,0.9414488105943236,9750874.461852184
2025-02-14,22117.845703125,22184.066798044536,21543.92954715569,21654.29803868825,1981700,22212.76318359375,571.5923883023667,23355.947960198482,21069.578406989018,0.4584855036511877,10.293044293103376,False,18.24230048055859,595.98391320055,2753645.0,0.7196642995012066,9945122.118102184
2025-02-17,21897.109375,22117.846364667337,21654.298686365928,22117.846364667337,2133500,22173.03056640625,564.1138099880483,23301.258186382347,21044.802946430154,0.3777191824943549,10.176575697193535,False,17.25207926633938,586.5241821363256,2773500.0,0.7692446367405805,9856827.586852184
2025-02-18,21830.888671875,22316.510057902553,21830.888671875,21897.109769969666,1909700,22109.01689453125,523.212682030202,23155.442258591655,21062.591530470847,0.367105561367014,9.466050607788365,False,16.227632815574324,579.3168395571277,2740480.0,0.6968487272302663,9830339.305602184
2025-02-19,22250.287109375,22250.287109375,21875.034251379588,22029.55013408358,3952300,22054.93623046875,439.33547703094894,22933.607184530647,21176.26527640685,0.6111627043110892,7.968020808403151,False,15.276361111292486,567.8940965530471,2792220.0,1.4154686951601234,9967851.195299957
2025-02-20,21852.9609375,22184.06640625,21742.592447916668,22117.8453125,3703300,22000.85556640625,389.0497350302963,22778.955036466843,21222.75609634566,0.4049641886436867,7.073356467542966,False,14.353898039368456,563.5941369034247,2842875.0,1.3026601591698546,9967851.195299957
2025-02-21,21698.4453125,22051.62448340539,21654.297916136828,21852.961199771107,2283200,21951.18974609375,358.4029639203295,22667.99567393441,21234.383818253093,0.3237009323045565,6.530907309643341,False,13.744721621649584,551.717881929506,2826715.0,0.8077220377717598,9967851.195299957
2025-02-24,22073.69921875,22228.21511328125,21676.3726328125,21720.520031250002,1932400,21910.35341796875,284.70604726634474,22479.76551250144,21340.941323436058,0.643433729586748,5.197653215997089,True,12.883399780377541,551.7267818251662,2793255.0,0.6918093765159286,9967851.195299957
2025-02-25,20749.275390625,21941.255040724736,20616.833207280586,21897.107646276596,7395400,21824.26591796875,357.3013695661956,22538.868657101142,21109.66317883636,-0.2521595345750499,6.548698974053754,False,14.126537756698667,616.3795839426125,3048675.0,2.425775131819561,9947924.006200308
2025-02-26,20660.982421875,21102.4564052484,20374.024332682293,21102.4564052484,4548200,21749.21533203125,432.38247177689254,22613.980275585036,20884.450388477464,-0.12920734603562528,7.952148437099702,False,15.639460941441387,624.3833331300049,3145505.0,1.4459363440846542,9912606.818700308
2025-02-27,20683.0546875,21146.60233791355,20418.170315835112,20660.98098986126,7783600,21702.860546875,493.45834229229484,22689.77723145959,20715.94386229041,-0.016662589306742047,9.094807409861891,False,16.90994049882398,631.8153823406074,3332810.0,2.3354466651264247,9921435.724950308
2025-02-28,19733.88671875,20396.097682466443,19446.928634472875,20329.8765860948,9195200,21591.38837890625,656.4262996462414,22904.240978198734,20278.535779613765,-0.2074296311548168,12.160890964983782,False,19.268001221315536,674.9804302467873,3623580.0,2.5376009360908274,9555281.905572373
2025-03-03,19800.107421875,20263.655087270068,19336.559756479932,19424.854549888518,6022800,21477.7087890625,757.5798373188488,22992.868463700197,19962.549114424804,-0.053605469861995686,14.109136961660356,False,21.562905999846354,692.9886374284551,3810820.0,1.5804472528222273,9555281.905572373
2025-03-04,19579.37109375,19998.771376479708,19513.14999647689,19778.034385569335,3062000,21352.9923828125,853.5379855184808,23060.06835384946,19645.91641177554,-0.019491024170739214,15.989102983158688,False,23.693889008482113,678.1766904694812,3860855.0,0.7930885775301066,9555281.905572373
2025-03-05,20903.79296875,21102.45625989968,19579.371027752113,19667.66582381864,6473400,21287.875,834.490940990073,22956.856881980148,19618.893118019852,0.3849352304548958,15.680117268446454,False,22.92072489164278,738.5273005893446,4012945.0,1.6131295096244778,9555281.905572373
2025-03-06,22007.478515625,22073.699614468405,21036.23573258839,21168.6779302752,7949000,21309.94873046875,847.9652432353132,23005.87921693938,19614.01824399812,0.705648106075346,15.916795557990282,False,21.93079458974666,769.340110955706,4258790.0,1.8664925953146316,9555281.905572373
2025-03-07,21234.8984375,22007.47790248181,21058.308845504158,22007.47790248181,4288900,21276.83818359375,836.6853391640278,22950.208861921805,19603.467505265697,0.4874684830334021,15.729505144409709,False,21.011573595128834,782.1850794675014,4332650.0,0.9899022538169481,9555281.905572373
2025-03-10,20881.71875,21279.045322410147,20771.350257663846,21256.971623942918,2002700,21255.8681640625,841.287851927493,22938.443867917485,19573.292460207515,0.3888164695337992,15.831634736046512,False,19.67171788007495,762.5786498445586,4236535.0,0.4727212214699041,9555281.905572373
2025-03-11,20925.865234375,21190.74960443038,20638.907166815003,20881.71783936577,2667100,21223.86123046875,841.0447333141327,22905.950697097014,19541.771763840483,0.41142088396431165,15.850927862395519,False,18.325424922954962,747.52606325676,4230865.0,0.6303911847813627,9555281.905572373
2025-03-12,20616.8359375,21014.162540149893,20616.8359375,20925.86773956103,2375900,21156.5365234375,832.5857575992815,22821.70803863606,19491.365008238936,0.3379444456587578,15.741437766563191,False,17.11334984858724,722.5118160705553,4213360.0,0.5638967474889399,9555281.905572373
2025-03-13,20351.94921875,20660.980985629067,20241.580730578906,20616.833590360628,2738400,21092.52265625,843.2364357559397,22778.99552776188,19406.04978473812,0.2804371923172135,15.991191750714135,False,16.61881400524208,700.8609902833842,4219935.0,0.6489199478191015,9555281.905572373
2025-03-14,20064.9921875,20418.171367918043,19888.402597290977,20396.097669141913,2657100,20989.87998046875,836.777250780985,22663.434482030723,19316.32547890678,0.22367562810009184,15.946298912802051,False,16.693404920719885,688.6401174507902,4253705.0,0.6246554474275955,9555281.905572373
2025-03-17,20506.466796875,20638.908993625537,20087.066507164964,20087.066507164964,1996100,20920.3478515625,814.9154290584574,22550.178709679414,19290.516993445584,0.3730294457776766,15.581297879759548,False,16.316913519998643,680.4455952132721,4246835.0,0.47002061535237416,9555281.905572373
2025-03-18,19822.18359375,20462.32092584215,19513.151778257237,20462.32092584215,5435500,20819.91259765625,820.5515257233141,22461.01564910288,19178.80954620962,0.19601878351674693,15.764744868634772,False,16.78540559694467,702.7934111707357,4423125.0,1.2288822947576656,9555281.905572373
2025-03-19,19711.8125,19954.623180291153,19513.14921612542,19822.180991041434,4929100,20692.9888671875,783.1284507295537,22259.245768646608,19126.731965728395,0.18677668194998878,15.138044209192916,False,17.220437378691198,684.127736384664,4471965.0,1.102222401114499,9555281.905572373
2025-03-20,19976.6953125,20197.432277279007,19866.326830110498,19954.6216160221,2893300,20599.1755859375,748.4733885612656,22096.122363060033,19102.22880881497,0.29208336496971266,14.53404550951502,False,17.10077467203365,669.9485964485457,4431465.0,0.6528992105319573,9555281.905572373
2025-03-21,20197.435546875,20197.435546875,19446.9297451332,19976.698546362706,11578400,20524.12509765625,706.52542941263,21937.17595648151,19111.07423883099,0.3844027627381916,13.76965743583996,False,17.592240955125263,675.7026825409212,4896225.0,2.3647606063855315,9555281.905572373
2025-03-24,20042.91796875,20087.065365156937,19469.001815459804,20087.065365156937,2517500,20422.58603515625,611.6656373166829,21645.917309789616,19199.254760522886,0.3448220550398179,11.980179909904395,False,18.048602503710335,679.4691860319409,4925480.0,0.511117698173579,9555281.905572373
2025-03-25,20153.287109375,20307.803001779845,19888.40272239526,20042.91861480011,2182200,20392.78662109375,609.4258756570736,21611.6383724079,19173.9348697796,0.40175199261906747,11.95375378520757,False,17.963430480067277,660.8928355571296,4664820.0,0.4677994006199596,9555281.905572373
2025-03-26,20749.275390625,20837.570179521277,20175.359262799204,20307.801446143618,3551000,20397.20126953125,611.7861482799061,21620.773566091062,19173.62897297144,0.6438714010130984,11.997452791599871,False,16.804878285392256,662.5635665992116,4614960.0,0.7694541231126597,9555281.905572373
2025-03-27,20793.423828125,20947.939716444398,20329.8761631668,20727.20273313097,2953300,20402.7197265625,614.989713449709,21632.69915346192,19172.74029966308,0.6588254620434597,12.057014392038107,False,15.684902877419356,659.3849942190965,4373445.0,0.675280013810623,9555281.905572373
2025-04-08,17747.25390625,18541.907066231342,17681.03280958489,18541.907066231342,14254900,20303.3880859375,845.8213149376261,21995.03071581275,18611.745456062246,-0.2555183744323105,16.663648674941253,False,17.529212354414728,834.599710242026,4626430.0,3.081187870561102,9533976.770939268
2025-04-09,18144.580078125,18630.20144274635,17813.474602246806,17813.474602246806,6180300,20220.61171875,969.6169153394243,22159.845549428846,18281.37788807115,-0.03527109721942692,19.180763249418924,False,19.09110963060643,838.0531264030493,4634305.0,1.3335980260254774,9732639.856876768
2025-04-10,19248.265625,19358.63412055619,18939.23383744266,19248.265625,5663600,20204.0564453125,983.8637082827861,22171.783861878073,18236.329028746928,0.2571333274451406,19.478538103392605,False,19.376930618493226,864.9103346907738,4764385.0,1.1887368464135455,10284482.630314268
2025-04-11,19292.412109375,19402.78059970323,18652.274865471252,19071.675128718536,3308000,20123.48740234375,989.5082487451632,22102.50389983408,18144.470904853424,0.2900282049132303,19.668722999372708,False,19.902020559013643,856.7385775151456,4606115.0,0.718175729437932,10306555.872501768
2025-04-14,19998.771484375,20109.139980425636,19424.8553049117,19424.8553049117,4202900,20023.05205078125,884.598965358763,21792.249981498775,18253.854120063726,0.49313797343285287,17.671610963509377,False,19.381585087984387,853.8806699105378,4418810.0,0.9511384286719727,10659735.560001768
2025-04-15,20153.287109375,20396.097797439757,19910.47642131024,20042.91861480011,3996700,19968.971484375,838.4725025460007,21645.916489467003,18292.026479283,0.554955775067259,16.795507033541025,False,18.524632204135937,827.576434640465,4404200.0,0.9074746832568912,10702747.395548984
2025-04-16,19623.517578125,20219.507425829583,19557.2964839356,20219.507425829583,4093900,19906.06142578125,813.2056104985934,21532.472646778435,18279.650204784062,0.41313886549460255,16.340864083647876,False,18.11260644153862,815.764613730002,4508760.0,0.9079880055713766,10702747.395548984
2025-04-17,19623.517578125,19866.32825681946,19513.149087809335,19623.517578125,4299600,19840.94404296875,778.655713424391,21398.25546981753,18283.63261611997,0.43019171981428544,15.697956946767984,False,17.77829199250004,782.7227962500107,4590385.0,0.936653461528826,10702747.395548984
2025-04-21,20219.5078125,20219.5078125,19755.960144309498,19755.960144309498,2175500,19821.07763671875,762.7235994698666,21346.52483565848,18295.63043777902,0.6305945482931761,15.392172180525895,False,16.96087757969509,769.3847561160813,4580365.0,0.4749621482130791,10702747.395548984
2025-04-22,20329.875,20572.68566775244,20087.064332247555,20219.50651465798,4352600,19819.97392578125,761.9305207754576,21343.834967332165,18296.112884230337,0.6673056336225369,15.377023675785157,False,15.776423875241194,749.1159403581388,4661075.0,0.9338189151644202,10702747.395548984
2025-04-23,20351.94921875,20749.275776165945,20329.87552111578,20484.391404555314,4577400,19834.32177734375,769.4519853751815,21373.22574809411,18295.41780659339,0.6681805529275026,15.517586011014636,False,14.910515934537852,725.5648572015535,4757090.0,0.9622269076263009,10702747.395548984
2025-04-24,20351.94921875,20550.612497457972,20219.507032944686,20396.09661401844,5416500,19826.5958984375,763.0974365211201,21352.79077147974,18300.40102539526,0.6721121363962151,15.395430268112923,False,13.946171677194753,697.3891862952487,4928110.0,1.0991029015180263,10702747.395548984
2025-04-25,20396.09765625,20660.982041396106,20351.95025872565,20528.539848823053,8712600,19855.2916015625,773.6407493158943,21402.57310019429,18308.01010293071,0.6747600728004941,15.585583225683045,False,13.211154433735352,669.6494460345957,5091965.0,1.7110486815993433,10702747.395548984
2025-04-28,20219.5078125,20705.129179175765,20219.5078125,20660.98178220524,6636800,19880.6763671875,777.0070662906644,21434.69049976883,18326.662234606174,0.6090181351020519,15.633413108079,False,12.316876834657455,656.5045832232506,5177350.0,1.281891315054999,10702747.395548984
2025-04-29,20020.84375,20418.170307331864,19954.62265711136,20241.58072629548,7189600,19882.8837890625,777.3568388545816,21437.597466771662,18328.170111353338,0.5443682855935188,15.638714124199671,False,11.805071442914828,642.721945151626,5392165.0,1.3333419878657273,10702747.395548984
2025-04-30,20042.91796875,20064.99166695347,19778.033590308372,19866.328383122247,8997100,19875.15791015625,774.8298213697469,21424.817552895744,18325.498267416755,0.5541280336555657,15.593935401616255,False,11.600780958943574,617.3102402583024,5263100.0,1.7094678041458455,10702747.395548984
2025-05-02,20109.140625,20396.098723929746,20042.91952524698,20042.91952524698,5846200,19878.46904296875,775.7254326781324,21429.919908325017,18327.018177612485,0.5743406018141216,15.609359674557357,False,10.829597077180747,598.443848466977,5429535.0,1.0767404575161592,10702747.395548984
2025-05-05,20131.212890625,20263.6550806949,20109.139192280018,20131.212890625,5795000,19877.36533203125,775.3294413724022,21428.024214776055,18326.70644928645,0.5818515153198671,15.602257712152664,False,10.113497758400978,566.7347084632561,5610175.0,1.0329446051148137,10702747.395548984
2025-05-06,20197.435546875,20241.582946977458,20042.919646516395,20131.21444672131,7751200,19849.77333984375,752.1397736148182,21354.052887073383,18345.493792614114,0.6155577125513425,15.156642058074766,False,9.569260081784764,540.4438936059566,5820185.0,1.331778972661522,10702747.395548984
2025-05-07,20536.40234375,20654.42764457615,20253.14162176724,20300.3517420977,9371400,19836.922265625,737.2156252739792,21311.353516172956,18362.49101507704,0.737203354807166,14.86552430669116,False,9.459045254034372,534.4830510413276,6141090.0,1.526015739876797,10702747.395548984
2025-05-08,20276.748046875,20560.00878792564,20253.14298512078,20536.40372617142,5812200,19963.39697265625,554.0789664469904,21071.55490555023,18855.23903976227,0.641383761699213,11.101897481794488,True,9.356702913980437,518.2246761672942,5718955.0,1.0163045521428302,10702747.395548984
2025-05-09,20064.30078125,20371.166557904413,19969.88054227941,20371.166557904413,4584300,20059.3830078125,351.7540127311177,20762.891033274736,19355.874982350262,0.5034951793437392,7.014253879974702,True,8.697714803109005,509.87191469998766,5639155.0,0.8129409459395955,10702747.395548984
2025-05-14,20725.2421875,20772.45230637813,20087.905582645217,20087.905582645217,7941400,20133.2318359375,326.64731295399235,20786.526461845482,19479.937210029515,0.9530959907558508,6.48971443066446,True,8.805930386880199,524.0347440162836,5753045.0,1.3803820411625496,10702747.395548984
2025-05-15,20418.376953125,20748.847793984827,20418.376953125,20725.242733923413,4968500,20189.530078125,265.3905719533086,20720.311222031618,19658.748934218384,0.715575550890577,5.2579841319012095,True,8.906416286096308,510.2087509336796,5836070.0,0.8513434554417614,10702747.395548984
2025-05-16,20678.033203125,20701.63826385916,20418.37753504923,20701.63826385916,3448700,20223.4931640625,282.5995489128988,20788.692261888296,19658.294066236704,0.9021061257979898,5.589529892196517,True,8.999724621082695,493.99821949085685,5798360.0,0.5947716250801951,10702747.395548984
2025-05-19,20866.873046875,20961.293286906108,20607.21738678945,20678.03256681278,2920100,20259.1724609375,316.3056595374373,20891.783780012374,19626.56114186263,0.9803111860424789,6.245184202806263,True,9.580525435875847,484.0037681069856,5744530.0,0.5083270519955505,10702747.395548984
2025-05-20,20536.40234375,21173.738968211208,20489.19222341954,20961.29342672414,4812000,20304.81669921875,283.96325586691034,20872.743210952573,19736.89018748493,0.7038869816309877,5.594007768173287,True,10.496155664600574,498.3282664416057,5780435.0,0.8324633007723468,10702747.395548984
2025-05-21,20583.61328125,20701.638586761757,20418.377853533544,20536.403159045298,4423200,20352.821484375,240.56264494977722,20833.946774274555,19871.696194475444,0.7398458382048293,4.727848571451566,True,11.151310936933061,482.96629978350626,5786615.0,0.7643847050477697,10702747.395548984
2025-05-22,20654.427734375,20866.873276785715,20536.402433035713,20583.612553571427,3654300,20374.56748046875,247.43668672032274,20869.440853909397,19879.694107028106,0.7827594582029123,4.857755865640193,True,12.064302650521679,472.0737672096845,5860555.0,0.6235416270302044,10702747.395548984
2025-05-23,20725.2421875,20843.26748469533,20678.03206862187,20819.662425256265,1692700,20394.33583984375,259.19236266981983,20912.720565183386,19875.95111450411,0.8191706193112138,5.083614680178862,True,12.91208067028254,451.8427660033021,5727560.0,0.2955359699418251,10702747.395548984
2025-05-26,20512.796875,21008.503128596087,20489.19181530495,20866.872770425776,2773800,20402.37822265625,260.30101292212396,20922.9802485005,19881.776196812003,0.6060490037132357,5.103346484049926,True,13.117324077998989,456.66194795243325,5637380.0,0.4920370810553839,10702747.395548984
2025-05-27,20678.033203125,20748.848385327485,20583.61296018836,20583.61296018836,2323800,20418.682421875,267.0996044073154,20952.881630689633,19884.483213060368,0.7427472532442426,5.232455236605598,True,13.307907242307119,440.90405955065125,5482745.0,0.4238387887818967,10702747.395548984
2025-05-28,21197.345703125,21197.345703125,20583.614090339644,20701.639400490676,7558800,20458.74482421875,318.6491460355039,21096.04311628976,19821.44653214774,1.0794781565364324,6.230082026504238,True,14.407151685724836,453.2488847817016,5425055.0,1.3933130631855346,10702747.395548984
2025-06-02,20678.033203125,21102.924296339897,20583.61296018836,21102.924296339897,5007400,20481.67109375,317.0214218039017,21115.713937357803,19847.628250142196,0.654849243513001,6.191319455386454,True,15.427874844140334,464.71201750705444,5343585.0,0.9370862445343342,10702747.395548984
2025-06-03,20205.931640625,20725.242967837326,20205.931640625,20678.032847181657,5893200,20490.92548828125,305.34765213889443,21101.62079255904,19880.23018400346,0.26666445143762485,5.960641500815041,True,15.17845812180166,468.6119682002882,5278765.0,1.11639749070095,10702747.395548984
2025-06-04,20205.931640625,20300.35188193633,20064.301278658004,20276.7468216085,5321500,20499.076171875,294.7513374330115,21088.578846741024,19909.573497008976,0.25136284893310884,5.751504798785315,True,14.547342491422995,452.0004421344338,5094985.0,1.0444584233319627,10702747.395548984
2025-06-05,20229.537109375,20418.377595810238,20205.932048570594,20347.562413397023,2769600,20505.09599609375,287.5088536189716,21080.113703331695,19930.078288855806,0.26039095557389214,5.6085346525320965,False,14.24842252098933,434.8894073523484,4941155.0,0.5605167212928961,10702747.395548984
2025-06-10,20276.748046875,20441.98347915454,20205.93286161234,20441.98347915454,3609400,20512.37275390625,279.2716714060667,21070.91609671838,19953.829411094117,0.2890721373162062,5.445916467228462,False,14.029499962853272,420.68663665162364,4831875.0,0.7469978010606648,10702747.395548984
2025-06-11,20418.376953125,20560.007313493497,20111.51117232659,20276.746592756503,3822900,20523.41982421875,270.38663092640417,21064.19308607156,19982.64656236594,0.402877158965064,5.269816302394868,False,14.124388051008433,422.6730298312867,4635460.0,0.824707795990042,10702747.395548984
2025-06-12,20418.376953125,20465.587073247832,20253.14153269509,20300.35165281792,3581300,20517.5185546875,271.3745355935351,21060.26762587457,19974.76948350043,0.4086671845005068,5.290591742275503,False,14.212498418581081,407.6567805971051,4345955.0,0.8240536314803075,10702747.395548984
2025-06-13,20748.84765625,20796.057776059442,20394.77175767918,20489.191997298065,3844200,20541.12353515625,269.8574132801037,21080.838361716458,20001.408708596042,0.6924387758787809,5.2549688982346385,False,15.094895036622205,407.20172615304494,4247555.0,0.90503831027497,10702747.395548984
2025-06-16,20866.873046875,21055.713526937216,20748.847746836112,20748.847746836112,5394500,20581.2521484375,254.45340181477061,21090.158952067042,20072.345344807956,0.7806220081952544,4.9453434607299,False,16.44275994816238,400.03487933405717,4288065.0,1.258026639055145,10702747.395548984
2025-06-17,20630.822265625,20914.082983230834,20630.822265625,20914.082983230834,2988700,20576.53115234375,252.50976524040172,21081.550682824552,20071.511621862945,0.5537514987089347,4.908694538858463,False,17.244578613933104,391.69386778204125,4040430.0,0.739698497437154,10702747.395548984
2025-06-18,20583.61328125,20843.26895337586,20512.79809794295,20748.848708966456,2434800,20584.79296875,249.7508972541913,21084.294763258382,20085.291174241618,0.49881913587401516,4.853114580911074,False,17.549768061930568,387.32079547138915,3913745.0,0.6221151352476976,10702747.395548984
2025-06-19,20253.140625,20678.031687062936,20158.720388986014,20583.61145104895,3095700,20563.54833984375,259.29129662129395,21082.130933086337,20044.965746601163,0.20071525839034005,5.043707288958354,False,16.664050236199063,396.74868851464146,3896095.0,0.7945648142563259,10702747.395548984
2025-06-20,20253.140625,20276.745684003497,20087.905211975525,20229.535565996503,7082300,20532.86171875,257.81687205654475,21048.495462863088,20017.22797463691,0.22875990279580113,5.0225219570073625,False,15.6298508697138,381.89810162273653,4104205.0,1.7256204307533372,10702747.395548984
2025-06-23,19733.830078125,20111.511036558015,19733.830078125,20111.511036558015,4743900,20492.73310546875,313.65033879015306,21120.033783049057,19865.43242788844,-0.10489574973127105,6.12217681606271,False,15.319335641897599,391.7132762836125,4100800.0,1.1568230589153337,10679057.42588595
2025-06-24,19993.486328125,20087.906570524643,19899.066085725353,19899.066085725353,1890100,20463.2267578125,331.87900559487736,21126.984769002254,19799.468746622744,0.14615083978759696,6.48732498589299,False,15.031000073211125,389.0249345776147,3974145.0,0.47559915403187353,10808885.55088595
2025-06-25,19922.671875,20418.37816572867,19851.856690610188,20418.37816572867,3475000,20426.63896484375,349.5559776529861,21125.750920149723,19727.52700953778,0.13956624828194714,6.845100229256637,False,14.143884292123728,401.70325890196244,3965180.0,0.8763788781341578,10773478.32432345
2025-06-26,19922.671875,19922.671875,19781.04150622038,19922.671875,2992700,20386.51044921875,359.40090768749747,21105.312264593744,19667.708633843755,0.1773529474346364,7.051739601688825,False,13.152341831091707,383.1266238932238,4030180.0,0.7425722920564342,10773478.32432345
2025-06-30,20253.140625,20418.376038024475,20111.510270979023,20253.140625,3917400,20373.52763671875,359.28872840016066,21092.105093519072,19654.95017991843,0.4162324043292358,7.054030795386124,False,13.442530842282345,391.1678766883132,4087360.0,0.9584181476552102,10938712.69932345
2025-07-01,20276.748046875,20300.35310862922,19993.487305824357,20087.90755284124,3875500,20353.46337890625,352.52999700356196,21058.523372913372,19648.403384899128,0.44559659271316204,6.928157443099601,False,13.353788295522703,385.1462999823525,4164945.0,0.930504484452976,10950516.41026095
2025-07-02,20111.51171875,20418.377507885856,20040.696536641724,20276.74714366931,3927300,20299.1716796875,294.57570143134984,20888.3230825502,19710.020276824802,0.3407370668849662,5.804684172923539,False,13.54761269761356,384.61306221533675,3983370.0,0.9859239789424532,10867898.24619845
2025-07-03,20300.3515625,20347.56168241279,20135.116142805233,20300.3515625,1664100,20280.28759765625,280.79353725323375,20841.874672162718,19718.700523149782,0.5178636277031328,5.538255528204334,False,13.727592499555072,374.0014123187263,3816205.0,0.43606147992573774,10927822.288172083
2025-07-04,20347.560546875,20347.560546875,20182.325136401538,20300.350429596867,1945200,20287.36904296875,280.6054642429243,20848.579971454597,19726.1581144829,0.553626453843877,5.5326141827183335,False,13.894716601357905,359.0895550440646,3618805.0,0.5375255091114332,10927822.288172083
2025-07-07,20253.140625,20347.560861013986,20040.69509396853,20347.560861013986,1941800,20289.7294921875,280.08243188696514,20849.89435596143,19729.56462841357,0.4673409833838968,5.521659261052451,False,13.536499977556087,355.3592844727354,3449820.0,0.562869946837806,10927822.288172083
2025-07-08,20394.771484375,20394.771484375,20205.931007667823,20253.141126844617,2482100,20297.9912109375,280.6498831774303,20859.29097729236,19736.69144458264,0.5862108620372332,5.530594239812313,False,13.345411870148547,343.46508391805264,3435445.0,0.72249737661351,10927822.288172083
2025-07-09,20748.84765625,20748.84765625,20394.77175767918,20394.77175767918,2693500,20321.59619140625,298.08150967782603,20917.759210761902,19725.433172050598,0.8583344244545176,5.867285362237067,False,14.119235495706489,344.2230187721203,3389650.0,0.7946248137713333,10927822.288172083
2025-07-10,20961.29296875,21008.503088048987,20630.822133657093,20748.84743190456,4626400,20348.7419921875,330.3352924186054,21009.412577024712,19688.07140735029,0.9635827526008528,6.493478418379501,False,15.409358124733156,346.6128713163898,3429825.0,1.348873484798787,10927822.288172083
2025-07-11,21150.134765625,21150.134765625,20984.899337768555,21055.714521135604,3363700,20385.3298828125,375.84393301179716,21137.017748836093,19633.64201678891,1.0087250422560998,7.374792268212089,False,16.890115245773742,335.34350885629055,3418945.0,0.9838415066636053,10927822.288172083
2025-07-14,21315.369140625,21338.974200581397,21008.503361191862,21150.133720930233,4771000,20413.65595703125,423.064950687759,21259.78585840677,19567.52605565573,1.0328455962422978,8.289841889728528,False,18.617876816700623,334.99546103723657,3465285.0,1.376798733726086,10927822.288172083
2025-07-15,21338.974609375,21338.974609375,21197.344246923396,21338.974609375,2514400,20437.26103515625,461.1404615955933,21359.541958347436,19514.980111965066,0.9888497373981938,9.025484595070486,False,20.22222760565809,321.18366828111994,3321280.0,0.7570575199922921,10927822.288172083
2025-07-16,21315.369140625,21362.57926053779,21126.52866097384,21338.974200581397,2967400,20471.48837890625,500.0282968222925,21471.544972550837,19471.431785261666,0.921916503066755,9.770238246819808,False,21.38406364021005,315.10273480132213,3320215.0,0.8937373031565727,10927822.288172083
2025-07-17,21338.974609375,21338.974609375,21150.134126106197,21338.974609375,2291500,20509.2564453125,536.1642268226848,21581.58489895787,19436.927991667133,0.8868768758498765,10.457019312276968,False,22.462911386579734,306.08400254899936,3313050.0,0.6916587434539171,10927822.288172083
2025-07-18,21220.94921875,21504.209942470803,21220.94921875,21362.5795806104,2968600,20557.646875,555.1693957231694,21667.985666446337,19447.30808355366,0.7986936729851514,10.802197335110499,False,23.83185489677923,304.4537683469854,3306695.0,0.8977544043221404,10927822.288172083
2025-07-21,21669.4453125,21669.4453125,21220.949167687908,21409.78964971405,3346100,20628.462109375,602.5875722316033,21833.637253838206,19423.286964911793,0.9318804648052471,11.684585482652063,False,25.437281429754883,314.7425095230644,3119885.0,1.072507480243663,10927822.288172083
2025-07-22,21763.865234375,21858.285474003525,21645.839934839343,21693.050054653606,4614300,20729.9638671875,614.8104333469167,21959.584733881333,19500.343000493667,0.9204146965915692,11.863222479033288,False,27.272468683497234,307.43558306885853,3113405.0,1.4820750914192018,10927822.288172083
2025-07-23,22660.857421875,22660.857421875,21811.075268554687,21881.89044799805,10111100,20863.332421875,725.9133207822695,22315.159063439536,19411.50578031046,1.1190563489256982,13.91749517485818,False,29.993450357228053,349.54676909965434,3524455.0,2.868840714379954,10927822.288172083
2025-07-24,22873.3046875,22967.72493388803,22542.833825141897,22802.489502708977,4356300,21010.8640625,818.5959539588455,22648.055970417692,19373.67215458231,1.0687911771347554,15.584241590899031,False,32.78503512281179,354.92850764583125,3568520.0,1.2207581854662437,10927822.288172083
2025-07-25,22519.228515625,22873.304435681996,22401.203208939336,22873.304435681996,2563800,21140.69189453125,842.4832701145226,22825.658434760295,19455.725354302205,0.9090694349652663,15.940505151252102,False,34.76680595262771,363.2980055683193,3547075.0,0.7227927235821063,10927822.288172083
2025-07-28,22826.09375,22944.11905377456,22613.64820320579,22896.908932264738,3839800,21269.33955078125,894.6510909797199,23058.64173274069,19480.03736882181,0.9350171298382846,16.825178588055557,False,36.681718513028436,367.69747218126514,3543195.0,1.0837111702855755,10927822.288172083
2025-07-29,22802.48828125,22944.11864324534,22637.2528589221,22944.11864324534,2656100,21395.6265625,924.9167776720807,23245.460117844163,19545.79300715584,0.8802671096233445,17.29169790789258,False,38.45985160482911,363.3523516199776,3482225.0,0.7627594425977644,10927822.288172083
2025-07-30,23014.93359375,23038.538653846153,22802.488052884615,22849.698173076922,3178000,21540.79765625,940.4831140114236,23421.76388427285,19659.831428227153,0.8918560353551689,17.464220759504613,False,40.21899720429367,354.25936943008907,3444760.0,0.9225606428314309,10927822.288172083
2025-07-31,22802.48828125,23038.53888457557,22590.042738256987,23014.933824243013,4018200,21665.9044921875,933.1831089234078,23532.270710034314,19799.538274340684,0.804491095636566,17.228601912463954,False,40.83826388628213,360.99056777926717,3562465.0,1.1279268708604857,10927822.288172083
2025-08-01,22684.462890625,22826.093252064904,22472.01734846514,22802.488191824923,2340600,21782.749609375,905.310601119664,23593.370811614328,19972.128407135675,0.7490066061677574,16.624358583822307,False,40.886753064510934,360.49666319501705,3582235.0,0.6533909696041716,10927822.288172083
2025-08-04,23132.9609375,23132.9609375,22472.019196428573,22708.069818239797,3634900,21926.740625,877.8219798963905,23682.38458479278,20171.096665207217,0.8435264609808389,16.013724883406212,False,41.44038188927904,381.9570259004749,3666890.0,0.9912759859172214,10927822.288172083
2025-08-05,22991.328125,23132.95848305955,22849.69776694045,23132.95848305955,1859600,22056.56845703125,830.0338901554536,23716.636237342158,20396.500676720345,0.7815426210469797,15.052820057162661,False,41.95446579799228,374.9074648046945,3635765.0,0.5114742014404121,10927822.288172083
2025-08-06,22708.068359375,23014.934148015203,22590.043056051847,22991.329087350572,5234100,22154.5294921875,781.7847347779755,23718.09896174345,20590.96002263155,0.6770112802678042,14.115122328436925,False,41.29870618435401,378.4777238874561,3762795.0,1.3910138607072668,10927822.288172083
2025-08-07,22755.27734375,22944.11781963174,22637.25204632391,22731.67228426478,2599600,22244.2287109375,739.4423803220337,23723.113471581568,20765.34395029343,0.6727817631273495,13.296795136051628,False,40.68978654311847,373.3625845603401,3661455.0,0.7099909735337455,10927822.288172083
2025-08-08,22802.48828125,22991.328763910453,22566.43767792443,22755.278160584887,2356800,22326.84638671875,702.1329991778821,23731.112385074513,20922.580388362985,0.6693560533005047,12.579170152674134,False,39.81466421695528,377.0431918050317,3611110.0,0.6526525085084641,10927822.288172083
2025-08-11,22920.513671875,23085.749094844232,22778.883309329944,22849.698490602474,1923100,22407.10361328125,671.5008484512908,23750.105310183833,21064.10191637867,0.6911427438170207,11.987285104591127,False,39.230997214485434,372.0305199271215,3468715.0,0.5544128012823193,10927822.288172083
2025-08-12,22849.69921875,23109.354891690342,22755.27897404442,22920.514402279183,2648300,22482.63984375,628.6255373796465,23739.890918509293,21225.388768990706,0.6459769581307679,11.184194413974028,False,38.747199543429545,370.74804833560717,3475410.0,0.7620108131126975,10927822.288172083
2025-08-13,22660.857421875,23132.958618164062,22566.43718261719,22849.697900390624,3620200,22549.9142578125,566.0088772644382,23681.932012341375,21417.896503283624,0.549002395774558,10.040106951951568,True,37.41714011141969,384.7318617078405,3508050.0,1.0319693276891722,10927822.288172083
2025-08-14,22826.09375,22920.51399301965,22755.278567735262,22826.09375,2142100,22624.27021484375,491.3075490077014,23606.88531285915,21641.655116828348,0.602697147420122,8.686380499210173,True,36.1820849245534,375.79791238189824,3500580.0,0.6119271663552897,10927822.288172083
2025-08-15,22660.857421875,22944.11813964844,22660.857421875,22944.11813964844,1942100,22696.265625,363.7987493465783,23423.863123693158,21968.668126306842,0.47566772618886344,6.411605421921984,True,34.59575379157789,369.1881127670083,3449255.0,0.5630491222017509,10927822.288172083
2025-08-19,22353.9921875,22660.857972544876,21952.70616090285,22660.857972544876,3955800,22730.49296875,285.98877426886884,23302.470517287737,22158.515420212265,0.17087800717656898,5.032689342233743,True,33.50886109777168,393.3998055437953,3479740.0,1.1368090719421566,10927822.288172083
2025-08-20,23038.5390625,23038.5390625,22353.99230756916,22377.597368084018,2607800,22794.22666015625,182.56729858713746,23159.361257330525,22429.092062981978,0.8345511548815812,3.203746304870437,True,31.272615933578642,414.1960247906671,3379415.0,0.7716720201573349,10927822.288172083
2025-08-21,24360.421875,24407.63199491279,22896.90815770349,23109.353697311046,10584600,22879.2048828125,392.29685876347247,23663.798600339447,22094.611165285554,1.4439388559319095,6.858575038299125,True,31.50736188421618,492.5194399634267,3403090.0,3.1102909414679014,10927822.288172083
2025-08-22,24360.421875,24454.842114825584,23982.740915697676,24454.842114825584,4907200,22953.5607421875,513.3703275870763,23980.30139736165,21926.820087013348,1.1851102689480406,8.94624295294676,True,31.786952954986177,491.0609941894611,3430635.0,1.4304057412111753,10927822.288172083
2025-08-25,23817.505859375,24667.288030769945,23817.505859375,24431.237427604683,5207300,23018.474609375,537.093212095736,24092.661033566474,21944.288185183526,0.8719239193519973,9.333254634987648,False,32.32353133737708,516.6839354184242,3562810.0,1.4615710632899312,10927822.288172083
2025-08-26,23227.380859375,24218.79345703125,23109.355550130207,24029.952962239582,6672800,23038.53896484375,537.0236253812424,24112.586215606232,21964.491714081265,0.5879113532468844,9.323918087005897,False,31.0574940066545,559.0235048100399,3704460.0,1.801288176954266,10927822.288172083
2025-08-27,23605.060546875,23817.506091796877,23274.58969921875,23274.58969921875,2370500,23078.667578125,548.323462725924,24175.31450357685,21982.020652673153,0.7400011145488372,9.503554932185947,False,29.881887913840682,561.245056782314,3690180.0,0.6423805884807787,10927822.288172083
2025-08-28,23298.193359375,23817.50466019187,23298.193359375,23652.269246295593,2568100,23092.83056640625,550.2454724396915,24193.321511285634,21992.339621526866,0.5933050807570517,9.531018224160857,False,28.79025368479928,558.2497884990679,3659685.0,0.7017270612088199,10927822.288172083
2025-08-29,23038.5390625,23416.220030737706,22991.32894147029,23227.379546618853,4363900,23104.63310546875,546.2067492282526,24197.046603925257,22012.219607012245,0.4697486148504498,9.456228917116519,False,27.059823410345146,548.7241671253787,3676970.0,1.186819582427923,10927822.288172083
2025-09-01,23109.353515625,23416.219292645557,22188.75618456333,22660.85737997957,4447100,23125.87763671875,537.1928554908059,24200.263347700362,22051.491925737137,0.49230996795431503,9.291631892713358,False,26.27859460488419,597.2055200508678,3782295.0,1.1757676225677796,10927822.288172083
2025-09-02,24454.841796875,24454.841796875,23274.588814400337,23345.403993348817,5195100,23191.9716796875,613.9464330879816,24419.864545863464,21964.078813511536,1.0142427942921708,10.588947616311586,False,25.042615038395798,650.6542887079487,3860305.0,1.3457744919119086,10927822.288172083
2025-09-03,24171.58203125,24525.65793991089,23841.111183166504,24454.84275817871,5081600,23250.984375,649.3479673778621,24549.680309755724,21952.288440244276,0.8544315615429867,11.171104963212759,False,23.996490328115414,653.0751792819798,4021405.0,1.2636379573805672,10927822.288172083
2025-09-04,23935.53125,24549.26282051282,23911.926189595662,24478.447639299804,3176800,23312.35751953125,653.3281692781516,24619.013858087554,22005.70118097495,0.7384612204756457,11.209988843569997,False,23.060779552068485,651.950997255921,3918540.0,0.8107101114190489,10927822.288172083
2025-09-08,24974.154296875,25493.46563386106,24053.55692676335,24266.002473712193,11781400,23423.3013671875,736.8130413069711,24896.927449801442,21949.67528457356,1.0262029995209407,12.58256519448849,False,23.424659471721238,716.6640962991452,4377630.0,2.691273588676978,10927822.288172083
2025-09-09,25682.3046875,25965.565400965075,24974.152903837316,24974.152903837316,8888100,23567.2921875,877.1363599741927,25321.564907448384,21813.019467551614,1.1028174741445644,14.887350706152358,False,24.247217796565728,736.2889820726177,4704195.0,1.8893987175276534,10927822.288172083
2025-09-10,24879.734375,25729.516573766603,24879.734375,25682.306451612905,3134400,23665.25322265625,909.8944544015939,25485.04213145944,21845.464313853063,0.8336873706803916,15.37941632554338,False,24.81886558811051,744.3956404079024,4764760.0,0.6578295653925906,10927822.288172083
2025-09-11,25044.96875,25658.700312205467,24879.73332940622,25658.700312205467,2943000,23775.01669921875,938.3012823358475,25651.619263890447,21898.414134547056,0.8383646795248364,15.786340665185406,False,25.34967914859793,746.8650220072842,4779495.0,0.6157554302285074,10927822.288172083
2025-09-12,24997.759765625,25162.99519372639,24714.499031736897,25162.99519372639,2220400,23891.86181640625,937.7596683240924,25767.381153054434,22016.342479758066,0.7948244594468284,15.70006850918824,False,25.47521492383803,725.5529605774419,4709505.0,0.4714720549187229,10927822.288172083
2025-09-15,24832.5234375,25564.280306855988,24832.5234375,25210.204402328898,3309300,23992.18330078125,924.9798127144003,25842.14292621005,22142.22367535245,0.7271239126432202,15.421352881782635,False,26.072460821778424,725.9960969187666,4767865.0,0.6940842494491769,10927822.288172083
2025-09-16,25210.205078125,25281.020260928723,24761.708920368095,24974.154468779263,2320300,24119.65068359375,907.3488044346511,25934.34829246305,22304.95307472445,0.8004782695478257,15.047461778570973,False,26.462213361646086,711.2329000360425,4786775.0,0.484731369241295,10927822.288172083
2025-09-17,25493.46484375,25493.46484375,25233.809183304398,25233.809183304398,2792600,24276.62431640625,855.9192103759555,25988.462737158163,22564.78589565434,0.8554192126407764,14.102771443351322,False,27.082198207412926,680.6633904352536,4728615.0,0.5905746185722458,10927822.288172083
2025-09-18,24926.943359375,25493.464799360794,24926.943359375,25493.464799360794,3305400,24371.04453125,815.3498577913201,26001.74424683264,22740.344815667362,0.6704479441594736,13.382271847164034,False,26.92566184450106,672.5103971452355,4763495.0,0.6939022713364872,10927822.288172083
2025-09-19,25257.416015625,25281.021077321846,24832.524905081777,25139.39070714077,3614500,24415.89423828125,839.0603787469872,26094.014995775222,22737.773480787277,0.7507333794620478,13.746133900456343,False,26.56157932595973,656.5093810805809,4414990.0,0.8186881510490398,10927822.288172083
2025-09-22,25257.416015625,25469.861570896614,25068.575522050232,25446.256509199768,2093900,24460.7439453125,859.6595366073002,26180.0630185271,22741.4248720979,0.7316824383338477,14.057782355749476,False,26.503590326036875,638.2791430638523,4274325.0,0.48987851883045863,10927822.288172083
2025-09-23,25682.3046875,25729.514806410847,25186.598438936122,25351.83385512408,3277000,24553.98388671875,886.918305645777,26327.820498010304,22780.147275427196,0.8180453018047995,14.448462778791852,False,26.81644294534981,631.4675162360575,4177810.0,0.7843822481156395,10927822.288172083
2025-09-24,25162.99609375,25918.358077802535,25162.99609375,25918.358077802535,2905500,24650.7646484375,838.8446784363948,26328.45400531029,22973.07529156471,0.6526598005805134,13.611661794670788,False,27.360568193728415,640.3171210800916,3989445.0,0.7282967931629588,10927822.288172083
2025-09-25,25186.599609375,25399.0451543463,24950.549003851334,25210.204669927367,2227700,24729.8416015625,809.096515071226,26348.03463170495,23111.64857142005,0.6411321144339284,13.086966396422117,False,27.303198366254644,626.615623181154,3982305.0,0.5593996441759232,10927822.288172083
2025-09-26,24879.734375,25328.230535460152,24856.12931392315,25210.205230075902,1811300,24808.91865234375,735.7736278829466,26280.465908109643,23337.371396577855,0.5240616542821771,11.863050352070657,False,27.00333113269325,615.5788802065717,3944465.0,0.45920042388511495,10927822.288172083
2025-09-29,25422.6484375,25635.093967618384,24974.15231836119,25186.597848479574,2710100,24928.12412109375,617.4700197165777,26163.06416052691,23693.184081660595,0.7002219948400238,9.908006181565598,True,27.203578669878112,625.5632168074155,3861775.0,0.7017757378407598,10927822.288172083
2025-09-30,25281.01953125,25776.725796568626,25044.96892871732,25776.725796568626,3295500,25036.707421875,448.6774290094534,25934.062279893904,24139.352563856093,0.6361290392489602,7.168313651617552,True,27.597703096354564,633.1484775962648,3804195.0,0.8662805140115057,10927822.288172083
2025-10-01,24596.47265625,25304.624460172745,24549.262535988484,25304.624460172745,3451300,25043.78896484375,440.0450544540577,25923.879073751865,24163.698855935632,0.24586902859940585,7.028410198980506,True,26.680792796327783,641.8780094954074,3717005.0,0.9285163727248147,10927822.288172083
2025-10-02,24690.892578125,24856.12799690786,24620.07739864663,24808.917877255615,1119100,25069.7544921875,399.3059835570871,25868.366459301677,24271.142525073326,0.2627997515291824,6.371119169619685,True,25.829376089160053,614.5763902927255,3518880.0,0.3180273268767335,10927822.288172083
2025-10-03,25021.36328125,25375.439176739386,24690.892445459904,24690.892445459904,2096600,25124.04609375,297.92156224491663,25719.889218239834,24528.202969260165,0.4138340208356713,4.743209929375667,True,25.89847868978476,619.5742717917796,3464870.0,0.6051020673214291,10927822.288172083
2025-10-06,24926.943359375,25044.96865937204,24738.102879379734,25021.36359937263,1812400,25121.685546875,299.3553056376924,25720.396158150386,24522.974935599614,0.337365344932541,4.766484399768809,True,25.962645390364845,597.23795094896,2966420.0,0.610972148246034,10927822.288172083
2025-10-07,24171.58203125,24832.523727416992,24077.16178894043,24785.313606262207,4114100,25046.1494140625,338.4910092577171,25723.131432577935,24369.167395547065,-0.14593102836789765,5.405877025834032,True,24.460143984580974,615.2767809122179,2727720.0,1.5082559793527195,10927822.288172083
2025-10-08,24308.6953125,24356.974747082917,23874.18040125372,24356.974747082917,2331800,25017.5974609375,375.3445722026629,25768.286605342826,24266.908316532175,0.027832423233539027,6.001288857392898,True,22.76547387052834,605.8137498348592,2687590.0,0.8676174565316882,10927822.288172083
2025-10-09,24960.466796875,25081.165379064918,24139.71643798356,24139.71643798356,2619800,25013.37236328125,375.49582001073736,25764.364003302726,24262.380723259776,0.4647761948423701,6.004721227625463,True,22.322581200396293,629.787692066752,2671430.0,0.980673272367234,10927822.288172083
2025-10-10,24719.0703125,25008.74691772461,24429.39370727539,24863.908615112305,2095300,24999.437890625,381.2328794699134,25761.903649564825,24236.972131685172,0.31614415149944786,6.099863223130771,True,21.911323720987962,626.185229094071,2665175.0,0.7861772679092367,10927822.288172083
2025-10-13,25105.306640625,25226.005230243387,24163.85764160156,24163.85764160156,2941600,25013.07705078125,379.8239816129995,25772.725014007247,24253.42908755525,0.5607054808993892,6.074006502149014,True,20.96277412624194,657.3253976331964,2646790.0,1.1113839783284658,10927822.288172083
2025-10-14,24646.650390625,25322.56244835027,24622.51067427767,25298.42273200294,1736200,24984.89931640625,385.2947079135364,25755.48873223332,24214.309900579177,0.28052584240453976,6.1684412337900945,True,20.251403566877478,660.3772816645823,2617585.0,0.6632831407576067,10927822.288172083
2025-10-15,25057.02734375,25105.306779865125,24646.652136771434,24984.608189577313,2045800,24963.07744140625,366.89507313565554,25696.867587677563,24229.287295134938,0.5640168737759338,5.879003884786857,True,19.590845190324764,645.9686464914067,2580245.0,0.7928704444732961,10927822.288172083
2025-10-16,25081.166015625,25201.86460087825,24936.327713321105,25105.30573267565,1187600,24970.78857421875,367.71541536362884,25706.21940494601,24235.35774349149,0.5750427074814766,5.8903292424377725,True,19.16326911045679,618.7949494246736,2474355.0,0.4799634652262913,10927822.288172083
2025-10-17,26022.615234375,26264.01240723562,25081.166260218575,25081.166260218575,7298900,25009.04853515625,433.10296866452296,25875.254472485296,24142.842597827203,1.0850610435343424,6.927140279738235,False,20.353392494650038,659.0843381522411,2658575.0,2.745418128132552,10927822.288172083
2025-10-20,25684.658203125,26070.89366482613,25129.44472692963,26070.89366482613,3474200,25030.41064453125,455.9328593008012,25942.276363132853,24118.544925929647,0.8587411749599906,7.286062794186165,False,21.45850706568663,679.253238133974,2727590.0,1.2737251566401109,10927822.288172083
2025-10-21,26022.615234375,26046.75495166106,25563.960605939817,25877.776930658627,4098600,25047.426171875,486.8445236010866,26021.11521907717,24073.737124672825,1.0007702742996536,7.7747632872195025,False,22.484684881649176,665.2204601044932,2768670.0,1.4803497708285929,10927822.288172083
2025-10-22,25950.1953125,26191.592478197676,25250.143531976744,25563.95984738372,4310200,25086.7861328125,526.8569064181502,26140.4999456488,24033.0723199762,0.9096981406001721,8.400548458123023,False,22.596598843540814,684.9510662556673,2838905.0,1.5182614423518928,10927822.288172083
2025-10-23,26360.5703125,26432.989461710164,25684.65825320513,25684.65825320513,2807400,25145.48466796875,599.0184446109539,26343.52155719066,23947.447778746842,1.0071152881279029,9.528843090847337,False,23.063965999521127,689.4782192734793,2867890.0,0.9789078381667359,10927822.288172083
2025-10-24,26191.59375,26505.41008064516,26191.59375,26360.571774193548,2606300,25211.07763671875,638.885175623786,26488.84798796632,23933.30728547118,0.8836824482286304,10.136578607703452,False,23.605185511040034,662.6452272285995,2907640.0,0.8963626858895875,10927822.288172083
2025-10-27,26939.923828125,26964.06354481687,26095.03374390961,26095.03374390961,5861000,25286.94140625,746.3719900908628,26779.685386431727,23794.197426068273,1.0536724461195834,11.806441563650525,False,24.733250552952605,677.3869824913609,3065185.0,1.9121194968656052,10927822.288172083
2025-10-28,26674.38671875,27036.48246606335,26674.38671875,27012.342749575793,3128400,25356.609765625,808.2550283063114,26973.119822237622,23740.099709012375,0.9075993674565769,12.750206526458168,False,25.87171844137318,654.8661799786457,3056830.0,1.0234131436815264,10927822.288172083
2025-10-29,26674.38671875,27012.342749575793,26577.827852799775,26674.38671875,2460300,25460.50546875,838.3909700776746,27137.28740890535,23783.72352859465,0.8619675346358798,13.17163119336666,False,26.634510726530397,639.1268026070294,3007280.0,0.8181147083078396,10927822.288172083
2025-10-30,27012.34375,27012.34375,26457.130250223414,26650.24798927614,2818600,25576.57802734375,885.6020915921267,27347.782210528003,23805.373844159494,0.9053077946312901,13.850204521423247,False,26.972772879081933,633.1329952619977,3092255.0,0.9115030940203832,10927822.288172083
2025-10-31,25974.3359375,27495.138134584107,25853.63735042983,27012.343786303438,12245200,25624.22666015625,879.7748014675635,27383.77626309138,23864.677057221124,0.5994883226820451,13.733484536109685,False,25.695089012437766,705.1592658971604,3599685.0,3.4017420968779213,10927822.288172083
2025-11-03,26336.431640625,26553.689096872135,25853.63729340914,25853.63729340914,4994700,25694.70107421875,877.429541227506,27449.56015667376,23939.841991763737,0.6828439026307696,13.65930724304695,False,24.50866814463276,704.7944471518626,3758800.0,1.3288017452378418,10927822.288172083
2025-11-04,26264.01171875,26457.129451976103,25877.776252297794,26312.29115205653,6373900,25799.32255859375,808.2821057690136,27415.88677013178,24182.758347055722,0.6437274055801766,12.531834569427883,False,23.406991624528114,695.8343580466088,3871790.0,1.6462411442769365,10927822.288172083
2025-11-05,26070.89453125,26264.012268518516,25732.93849103009,26264.012268518516,4335300,25887.43251953125,729.440799979812,27346.31411949087,24428.550919571626,0.5628776220509701,11.270964000458081,False,22.006975511091195,684.0657451495957,3971965.0,1.0914748745268399,10927822.288172083
2025-11-06,26432.990234375,26432.990234375,25926.056175085618,25974.335609303653,2596200,25961.05869140625,704.8532971057126,27370.765285617676,24551.352097194827,0.6673864422946615,10.860162607144149,False,21.10074336708029,671.4134818738662,3970785.0,0.6538253770979794,10927822.288172083
2025-11-07,26553.689453125,26626.108606178976,26264.01284090909,26432.990864701704,1718000,26052.7896484375,652.1192155787888,27357.02807959508,24748.551217279924,0.6920276970534156,10.012274683496688,False,20.686019556443284,649.3193592592961,3951920.0,0.434725399299581,10927822.288172083
2025-11-10,26915.78515625,26988.204309136774,26601.968827073993,26746.807132847534,2620400,26143.31357421875,639.204914382699,27421.72340298415,24864.903745453354,0.8021220443749442,9.780013731894359,False,21.011374080087336,633.9761804559016,3935860.0,0.6657757135670476,10927822.288172083
2025-11-11,26988.203125,27036.482558139534,26819.225109011626,27012.342841569767,1783100,26260.3912109375,560.2053071184658,27380.801825174432,25139.98059670057,0.8247969560508777,8.533083953222128,False,21.40202924562611,604.2105567896164,3938205.0,0.4527697263093211,10927822.288172083
2025-11-12,27326.16015625,27374.439591155035,26795.086372294612,26915.7849595572,4204400,26373.8478515625,532.7733001771786,27439.394451916858,25308.30125120814,0.9468656295139035,8.080327196482491,False,22.348256075037217,602.4350326518168,4046135.0,1.0391151061445059,10927822.288172083
2025-11-13,27277.880859375,27470.998599972343,27157.182271501657,27326.160294524336,2214000,26483.68359375,475.6199247334754,27434.92344321695,25532.44374428305,0.9174537400162782,7.183591709209498,True,23.38120315662426,581.8194109245932,4097455.0,0.5403354033174251,10927822.288172083
2025-11-14,27084.763671875,27277.881416416,26939.92536346925,27277.881416416,1727200,26536.791015625,480.6999943286561,27498.19100428231,25575.39102696769,0.7849868227142884,7.245789350273993,True,23.61567343876406,564.4005996404615,3818870.0,0.45228038660650927,10927822.288172083
2025-11-17,27060.623046875,27277.88050220227,27012.343612357825,27036.48332961641,1640800,26605.5892578125,449.7942752359897,27505.17780828448,25706.000707340518,0.7529121723613323,6.762402754961156,True,23.83339584360816,543.053191797889,3727200.0,0.4402232238677828,10927822.288172083
2025-11-18,26312.291015625,27229.60024369266,26215.732149512616,27060.622227995987,3085600,26620.073046875,434.43565659015934,27488.94436005532,25751.20173369468,0.32288399525849826,6.527940863650776,True,22.395598337644067,576.6828276823287,3676550.0,0.8392650718744475,10927822.288172083
2025-11-19,26360.5703125,26481.268894516943,26239.871730483057,26312.290879693224,2083900,26640.591796875,410.1435924884296,27460.87898185186,25820.30461189814,0.32931497071790816,6.1581753981387255,True,21.060500653534554,552.73385170744,3565235.0,0.5845056496977058,10927822.288172083
2025-11-20,26070.89453125,26601.968308738426,26070.89453125,26408.850571469906,2288100,26626.1080078125,425.3843403053836,27476.87668842327,25775.339327201735,0.17369892121327635,6.390484710428865,True,20.203861441574684,551.1867035489389,3539270.0,0.6464892477827349,10927822.288172083
2025-11-21,26095.03515625,26215.733746241905,25974.336566258095,26070.89543825162,2051500,26621.280078125,431.0851947723824,27483.450467669765,25759.109688580236,0.19481385103421153,6.477302271074631,True,19.623652381142673,529.0588804371441,3511530.0,0.5842182752247596,10927822.288172083
2025-11-24,26360.5703125,26408.849745306776,25781.21711881868,26070.893715659342,6369800,26592.31240234375,428.0007178770275,27448.313838097805,25736.31096658969,0.3646368568064342,6.437961639459469,True,19.503266667077444,536.0998622979264,3536970.0,1.8009199964941744,10927822.288172083
2025-11-25,26432.990234375,26843.365425228312,26215.732780393835,26843.365425228312,2328200,26580.242578125,428.96702254682367,27438.176623218646,25722.30853303135,0.4141820139950704,6.455426752197583,True,18.220595385448995,542.6379181933944,3496960.0,0.665778275988287,10927822.288172083
2025-11-26,26843.365234375,26843.365234375,26384.710612564635,26505.409197251574,2627300,26588.69150390625,432.56786192895385,27453.82722776416,25723.555780048344,0.6471871542496705,6.507546441168849,True,17.02954348107972,536.6391113088923,3505310.0,0.7495200139217358,10927822.288172083
2025-11-27,27374.439453125,27398.5791704558,26722.667085193454,26939.924541170636,3673200,26606.7962890625,458.05924102456675,27522.91477111163,25690.677807013366,0.9189650024009295,6.886349428140131,False,16.941547998386408,546.5871808769962,3548040.0,1.035275814252376,10927822.288172083
2025-11-28,27036.482421875,27446.857601492746,27036.482421875,27374.43845214844,2742600,26659.90361328125,442.1694969240503,27544.242607129352,25775.56461943315,0.7129154154760886,6.634224989527324,False,16.954517567468766,536.8577522156212,3072910.0,0.8925090549348988,10927822.288172083
2025-12-01,27012.34375,27012.34375,26191.593359025916,26191.593359025916,3000800,26693.69921875,441.97526068461735,27577.649740119236,25809.748697380764,0.6802388954737087,6.622915124092933,False,16.434535456740672,558.85998868944,2973215.0,1.0092778356089285,10927822.288172083
2025-12-02,27543.41796875,27712.39599309816,26964.06474241345,26964.06474241345,4451300,26757.66953125,468.31428262527953,27694.29809650056,25821.040965999444,0.9194557301857449,7.000823178241879,False,15.89779730865928,572.3936502605305,2877085.0,1.5471562362599645,10927822.288172083
2025-12-03,27712.39453125,27808.953397212543,27495.137082834277,27495.137082834277,2378800,26839.74453125,485.15656135040865,27810.057653950815,25869.431408549182,0.9496744296166095,7.230419958513861,False,15.559213751457403,553.9238405546545,2779260.0,0.8559112857379303,10927822.288172083
2025-12-04,29619.43359375,29619.43359375,27808.95476772616,28002.072509168705,12219400,26999.06669921875,778.8558428008755,28556.7783848205,25441.355013617,1.341094959597415,11.539003943768348,False,17.348920145964208,650.5749278364649,3260420.0,3.7477993632722164,10927822.288172083
2025-12-05,29788.41015625,29933.248455226905,29064.218661365478,29764.270439753847,5572500,27160.802734375,989.0084663045578,29138.819666984116,25182.785801765884,1.1642024591794158,14.565231756613123,False,19.258023749425156,666.178846838248,3453145.0,1.613746309523637,10927822.288172083
2025-12-08,28340.02734375,29595.29260940162,28195.18904386712,29595.29260940162,5912500,27232.01484375,1021.189475623309,29274.393794996617,25189.635892503382,0.7712553660337367,14.99983723543954,False,19.506824635850005,732.3961515200073,3617750.0,1.6343030889364938,10927822.288172083
2025-12-09,28484.8671875,28774.5438029661,27953.793392478812,28484.8671875,6501700,27306.848046875,1056.6064255708213,29420.06089801664,25193.635195733357,0.7787270435130538,15.477530380028448,False,19.365959093943307,738.7071700176703,3853680.0,1.687140603267526,10927822.288172083
2025-12-10,28967.66015625,28967.66015625,28291.7480859375,28702.123271484375,3015900,27388.923046875,1120.0357941923921,29628.994635259784,25148.851458490215,0.8523854142789601,16.35750032632532,False,19.44283168930605,734.2218057530152,3794255.0,0.7948595969432735,10927822.288172083
2025-12-11,28412.447265625,28774.543025169925,28315.888396413022,28774.543025169925,3297600,27445.6513671875,1142.620092447384,29730.891552082267,25160.411182292733,0.71153047824643,16.652839856640263,False,19.514213385000026,728.3325167590126,3848435.0,0.8568677917127352,10927822.288172083
2025-12-12,27881.373046875,28726.263139204544,27615.836160714287,28726.263139204544,4647700,27485.4818359375,1143.262114034124,29772.006064005745,25198.95760786925,0.5865705261456965,16.63805089331632,False,18.469921847551237,755.6249783112444,3994460.0,1.1635364980497989,10927822.288172083
2025-12-15,27374.439453125,27808.954365079368,27326.160018463404,27808.954365079368,3238700,27501.17265625,1139.2707351086517,29779.714126467305,25222.631186032697,0.472189840566537,16.570504092300773,False,17.20862525604777,741.309839032698,4074355.0,0.7948988244765123,10927822.288172083
2025-12-16,27181.322265625,27470.99887946825,27181.322265625,27374.440008187168,2697300,27544.62421875,1107.6747171420589,29759.973653034118,25329.27478446588,0.4180034653895585,16.085530277636536,False,16.23903539923709,709.0503229477375,4054940.0,0.6651886341104923,10927822.288172083
2025-12-17,27084.763671875,27229.60198028075,26891.645927334,27181.3225441455,5006500,27580.83388671875,1078.3805492129875,29737.594985144722,25424.072788292775,0.38499648495937133,15.63956410661346,False,15.736226517773666,682.5435893762384,4201070.0,1.1917202046145388,10927822.288172083
2025-12-18,27977.931640625,27977.931640625,27060.622406506147,27084.762123193486,4630000,27676.1857421875,1020.606574327105,29717.39889084171,25634.97259353329,0.5739133731909488,14.75068253746207,False,15.034828103224815,699.312564000711,4318165.0,1.0722147023098931,10927822.288172083
2025-12-19,28774.54296875,29088.359293073616,27977.932299313128,28315.88834089241,14764500,27810.1611328125,977.0654540242194,29764.29204086094,25856.03022476406,0.7467546651980992,14.05335912090642,False,15.600840660346943,728.6779274612757,4953815.0,2.980430234072124,10927822.288172083
2025-12-22,28943.521484375,29450.45555541076,28195.190236655548,28412.44769567087,5642100,27939.30869140625,945.5739396023909,29830.456570611033,26048.16081220147,0.7655035082161357,13.537542392997526,False,16.455537585249207,766.2913125536998,4917430.0,1.1473676290257309,10927822.288172083
2025-12-23,28774.54296875,29209.05787935193,28653.844382471685,28822.822403261325,2561000,28056.386328125,892.7358592525514,29841.858046630103,26270.9146096199,0.7011111778422008,12.727738331114033,False,17.24918472980131,751.2143257198816,4929070.0,0.5195706289421737,10927822.288172083
2025-12-24,28629.705078125,28967.66112457841,28557.285925313554,28557.285925313554,1669600,28145.7033203125,853.4848898506162,29852.673100013733,26438.733540611265,0.6417722104890499,12.12952300587443,False,17.82066590071366,726.868673830237,4881185.0,0.3420480887325516,10927822.288172083
2025-12-29,28581.42578125,28774.543523015203,28364.168321764148,28605.565498970653,3747900,28206.05263671875,838.6222409462781,29883.297118611306,26528.80815482619,0.6119017378157329,11.892798354273184,False,18.014559304757668,704.2619972174384,4884920.0,0.7672387674721387,10927822.288172083
2025-12-30,28484.8671875,28774.5438029661,28388.308315677965,28581.426059322035,4433400,28278.471875,793.6395225063585,29865.750920012717,26691.19282998728,0.5650154467635988,11.226059541187409,False,18.194603513500297,681.545817936774,4969460.0,0.8921291246936287,10927822.288172083
2026-01-02,29064.21875,29064.21875,28050.350654069767,28050.350654069767,2932800,28381.065625,752.9317545740506,29886.9291341481,26875.2021158519,0.7268310244752776,10.611747487181262,False,17.750700439296537,705.2831235077354,4966060.0,0.5905687808846449,10927822.288172083
2026-01-05,29740.130859375,30126.36632508117,28943.520211356026,28967.659927962664,5271500,28490.90126953125,783.8953223938054,30058.69191431886,26923.110624743636,0.8984044661820851,11.005553176123911,False,18.556305721399895,739.3947656661217,5007070.0,1.0528113247867514,10927822.288172083
2026-01-06,30198.787109375,30198.787109375,29402.176418240408,29740.132469024782,4260000,28615.2208984375,848.4363186942169,30312.093535825934,26918.348261049065,0.9666131611900709,11.859930373496368,False,19.37545707723976,743.4816174852982,5101130.0,0.8351090836736175,10927822.288172083
2026-01-07,30416.04296875,30705.719568452383,30174.64580233135,30198.785518973214,4616800,28655.0513671875,914.2102492657796,30483.47186571906,26826.630868655942,0.9815608890232815,12.761592887076503,False,20.6139573922956,728.3096281021365,4721000.0,0.9779284049989408,10927822.288172083
2026-01-08,30560.8828125,30657.441683945497,30029.809019549764,30029.809019549764,2504900,28693.675,978.658665036067,30650.992330072135,26736.357669927864,0.9769813723641803,13.64284867708396,False,21.48493785968008,721.1184164088219,4567620.0,0.5484037638857874,10927822.288172083
2026-01-09,30416.04296875,30705.719568452383,30053.947219122027,30053.947219122027,4066400,28797.47578125,1046.8920313705494,30891.259843991098,26703.6917185089,0.8865172193022228,14.541441608603481,False,22.34243781351452,716.1651259032172,4475315.0,0.9086287780860118,10927822.288172083
2026-01-12,30271.205078125,30802.27885142544,29836.69017269737,30536.74196477522,2643600,28886.79267578125,1093.9613996895357,31074.71547516032,26698.86987640218,0.8163759714777518,15.148257017909984,False,22.69149454811499,733.9810939621352,4282410.0,0.617315950597911,10927822.288172083
2026-01-13,30367.763671875,30464.322538876193,30029.807637370828,30271.204804873807,2386400,28956.7978515625,1143.102895984464,31243.00364353143,26670.59205959357,0.8085824174859925,15.790460006582293,False,23.015618658815423,712.5906516437946,4250935.0,0.5613823782297306,10927822.288172083
2026-01-14,30416.04296875,30729.859285094248,30053.947219122027,30367.76353546627,2675500,29056.97763671875,1180.0838362256357,31417.145309170024,26696.80996426748,0.7879171145115554,16.245100932099515,False,23.640610297346033,709.9707526672537,4219830.0,0.6340302808406973,10927822.288172083
2026-01-15,29981.529296875,30585.022237633355,29981.529296875,30222.926473178344,2853700,29161.98544921875,1163.2888078025398,31488.56306482383,26835.407833613674,0.6761264791166463,15.95623603651038,False,24.05174329393879,702.3651946737609,4130130.0,0.6909467740724868,10927822.288172083
2026-01-19,30416.04296875,30681.57985181052,29667.711752852185,29933.2486359127,3893200,29314.065625,1115.1197276677767,31544.30508033555,27083.826169664448,0.7470535935308799,15.216172903928618,False,23.718045298414722,724.6154021226589,4162855.0,0.9352235424966759,10927822.288172083
2026-01-20,30874.69921875,30898.83893666927,30029.809091575447,30029.809091575447,5647100,29498.73447265625,1047.08315270093,31592.900778058112,27404.56816725439,0.8285232750007663,14.198346761913063,False,23.722397058026424,734.9307194777422,4310345.0,1.310127147594914,10927822.288172083
2026-01-21,26264.01171875,27446.85783475988,26264.01171875,26264.01171875,46189400,29457.696875,1156.9873315941738,31771.671538188348,27143.722211811655,-0.19008645752618836,15.71049273137275,False,24.79070509255823,1011.7704895150464,6369490.0,7.251663790978555,10927822.288172083
2026-01-22,26505.41015625,26722.66761654713,25177.72567665642,26288.152695952867,29386100,29384.07080078125,1294.7596763119325,31973.590153405115,26794.551448157385,-0.05582914288985874,17.625327478825817,False,26.376251161696622,1049.8541645418793,7607295.0,3.8628842446625247,10927822.288172083
2026-01-23,26336.431640625,27012.3437267272,26215.733053821037,26795.086270480064,5197700,29262.165234375,1459.470176012784,32181.10558640057,26343.22488234943,-0.0011636486027739512,19.950269083961132,False,27.455266791763954,1031.7653437107565,7128955.0,0.7290970415720116,10927822.288172083
2026-01-26,26336.431640625,26843.36570520165,26288.152205903414,26553.689096872135,7015600,29131.8107421875,1599.1699828720202,32330.15070793154,25933.470776443457,0.06299531452213847,21.957714843398573,False,28.457209876826475,997.7259262527193,7197630.0,0.9747097308419577,10927822.288172083
2026-01-27,24791.490234375,26070.895280550147,23705.202931018746,26070.895280550147,21562000,28932.65810546875,1870.9279212341805,32674.51394793711,25190.802263000387,-0.05335748428538817,25.865966609967916,False,30.554622867648682,1114.4046964922575,8147680.0,2.6463975021110304,10927822.288172083
2026-01-28,24091.4375,24260.415518537073,22956.870804108217,23463.80485971944,20669600,28705.7447265625,2162.14923807095,33030.0432027044,24381.446250420602,-0.03353246220405967,30.1284535017861,False,32.743646094554265,1165.8486060475807,9097680.0,2.271963841330977,10927822.288172083
2026-01-29,23560.36328125,24091.43704373719,21846.44341140497,24091.43704373719,13460000,28454.6916015625,2449.7243541208386,33354.14030980418,23555.24289332082,0.0005225473552325896,34.43684280150582,False,35.09091009921035,1242.9304262295414,9583285.0,1.4045288228410195,10927822.288172083
2026-01-30,25153.5859375,25201.865373080615,23898.32061240403,24043.158919145873,14599200,28288.1275390625,2558.4057033245826,33404.93894571166,23171.316132413336,0.19370166765485589,36.17638813020383,False,35.9819463923765,1271.3998309153321,10091575.0,1.4466721002420335,10927822.288172083
2026-02-02,23608.642578125,25539.81988512909,23246.546833061733,25539.81988512909,8495900,28015.34873046875,2754.617668349302,33524.58406716736,22506.113393770145,0.10006190668699427,39.33012142523793,False,37.050617250427614,1344.3907752833338,10369730.0,0.8192980916571598,10927822.288172083
2026-02-03,25274.283203125,25612.23923449439,23632.78247933083,23753.481061962753,8608000,27792.05634765625,2788.2443877013848,33368.54512305902,22215.56757225348,0.27425103448276916,40.13009117170305,False,37.96047897590162,1391.4769096466237,10536555.0,0.8169653174116208,10927822.288172083
2026-02-04,26891.64453125,27157.181416208485,25636.379256900807,26070.894159560146,13042700,27626.69921875,2735.568423790331,33097.83606633066,22155.562371169337,0.43282431896900553,39.60760425456436,False,37.20608936860899,1426.578431320685,10975690.0,1.1883262009039979,10927822.288172083
2026-02-05,26457.130859375,26891.645782247946,26215.73368000114,26891.645782247946,5215200,27428.75361328125,2665.4431818785583,32759.639977038365,22097.867249524134,0.4088685550950793,38.87078821675552,False,36.505584733265835,1372.959407815408,11005610.0,0.47386741852564285,10927822.288172083
2026-02-06,25491.541015625,26119.173654267284,25322.562997529003,26070.89422052557,5591300,27175.2865234375,2591.938999605846,32359.16452264919,21991.408524225808,0.3375978844343419,38.15141374675717,False,36.32749930456982,1355.9314402461644,11159930.0,0.5010156873743832,10927822.288172083
2026-02-09,26070.89453125,26215.732834201386,25684.65905671296,26022.61509693287,4055300,26958.0291015625,2485.9391041707,31929.9073099039,21986.1508932211,0.41078476451573764,36.88606603702515,False,36.061682142205285,1310.807181555466,11159375.0,0.36339848781853823,10927822.288172083
2026-02-10,26529.548828125,26674.387129279457,26215.732508957004,26384.71052697054,5781600,26770.9462890625,2361.137460962535,31493.22121098757,22048.67136713743,0.4744405540837198,35.27910347983773,False,35.33229887991182,1260.2847113036082,11316275.0,0.5109101714124127,10927822.288172083
2026-02-11,27470.998046875,27615.836349406854,26505.409363329305,26505.409363329305,7662800,26626.1080078125,2213.0931759781106,31052.294359768723,22199.92165585628,0.5954422127628095,33.24696460074083,False,33.74512998702101,1249.5805880731755,11580095.0,0.6617216870846051,10927822.288172083
2026-02-12,27760.673828125,29064.21851222826,27760.673828125,28002.070991847824,8902300,26493.33955078125,2047.192301080892,30587.724152943032,22398.954948619466,0.6547649281255374,30.908784408351764,False,31.55852364489482,1274.1262935931816,11891435.0,0.748631262753402,10927822.288172083
2026-02-13,28388.306640625,28460.725790218432,27905.512310002126,28291.747774500425,6423500,26413.67841796875,1932.0761219572587,30277.830661883265,22549.526174054234,0.7555060072705477,29.258721051785063,False,29.52810347006336,1233.1209842003423,12069925.0,0.5321905479942916,10927822.288172083
2026-02-18,28943.521484375,28943.521484375,27881.373906966746,28484.86684867598,6128700,26340.05234375,1794.7029170209512,29929.458177791905,22750.646509708098,0.8626601812385929,27.254356120469907,False,28.00665556044787,1220.9085980009074,12181700.0,0.5031071196959374,10927822.288172083
2026-02-19,29233.197265625,29812.550473201383,28774.542642960365,28943.52066183681,6794600,26257.97724609375,1603.7907638799315,29465.558773853612,23050.395718333886,0.9637793293455442,24.43129185236107,False,27.20041618480988,1207.8442574466299,12239075.0,0.555156333301332,10927822.288172083
2026-02-20,29667.712890625,29836.690913598453,29184.918539272276,29233.197974407547,3743400,26428.1623046875,1775.8282447054683,29979.818794098435,22876.505815276563,0.9560619242874471,26.877816538768474,False,26.468185724128926,1168.1248372237405,10116775.0,0.37001910193712917,10927822.288172083
2026-02-23,29667.712890625,29740.13204332791,29233.197974407547,29667.712890625,4506600,26586.27744140625,1918.1469399049195,30422.57132121609,22749.98356159641,0.9016161881439974,28.859202934782314,False,25.788257439210895,1120.8969252020709,8872800.0,0.5079118203949148,10927822.288172083
2026-02-24,29740.130859375,29860.82944240818,29257.33652724229,29667.711709555093,5270600,26756.46240234375,2041.8203438875016,30840.103090118755,22672.821714568745,0.8653196602192882,30.52451872275384,False,25.250351777777936,1083.9394959137724,8876445.0,0.5937737461337281,10927822.288172083
2026-02-25,30416.04296875,30416.04296875,29667.711752852185,29812.550052703373,3953100,26960.44296875,2195.635846872328,31351.714662494658,22569.171275005345,0.893462331757163,32.575664271055224,False,25.173558564398107,1059.9674759126326,8723320.0,0.4531646208095083,10927822.288172083
2026-02-26,29353.896484375,30416.044054533308,29015.94043932463,30416.044054533308,4379000,27188.56328125,2195.4379121660845,31579.43910558217,22797.687456917833,0.7465719015698122,32.299432514407556,False,24.358550655354,1084.2629144337786,7864170.0,0.5568292648811,10927822.288172083
2026-02-27,27615.8359375,28943.520357572113,27495.13735385708,28943.520357572113,10181300,27364.783203125,2071.718197382247,31508.219597889496,23221.346808360504,0.5302952320798531,30.28298352673464,False,23.049693717334314,1139.5840727255031,7339755.0,1.3871443937842611,10927822.288172083
2026-03-02,27712.39453125,28436.586025969074,27639.97538177809,27736.534247740634,3834500,27572.384765625,1868.4860747106231,31309.356915046246,23835.412616203754,0.5187330491139308,27.10662992111004,False,21.834326560601745,1116.8102167071868,6858480.0,0.5590888943322718,10927822.288172083
2026-03-03,28436.5859375,28943.51998222623,27712.394445033955,27712.394445033955,4095100,27736.534765625,1787.2489217979967,31311.032609220994,24162.03692202901,0.5979230093996557,25.774653350179932,False,20.321121065320717,1124.975596741836,6333275.0,0.6466006923747982,10927822.288172083
2026-03-04,27905.513671875,28967.661251081314,27639.97677707342,28967.661251081314,6998000,27951.3783203125,1500.1196506702313,30951.61762165296,24951.139018972037,0.49235650162688577,21.467558894297266,True,18.89227242811732,1139.45480226084,6258380.0,1.1181807432594377,10927822.288172083
2026-03-05,28605.564453125,28726.263037315402,27905.512664820675,28002.071532172995,3964900,28117.9423828125,1366.1908214520638,30850.32402571663,25385.56073990837,0.5892302273327799,19.435146467718326,True,17.56548440785702,1116.6902001346891,6026225.0,0.6579409165771275,10927822.288172083
2026-03-06,28677.984375,28750.403527462124,28074.491437815657,28581.425505050505,3331200,28207.259375,1339.9402964345977,30887.139967869196,25527.378782130807,0.5878257414252962,19.00135392270235,True,16.314655402661955,1085.2060493855304,5540650.0,0.6012290976690461,10927822.288172083
2026-03-09,28557.28515625,28557.28515625,27664.115628962383,28436.586571481403,4326200,28312.26708984375,1276.3516217591546,30864.97033336206,25759.56384632544,0.5479918821407046,18.032489135665315,True,15.598792779673364,1080.1105277178224,5496200.0,0.7871256504494014,10927822.288172083
2026-03-10,28750.40234375,29426.3144055678,28677.98319426952,28967.659792191436,4821100,28475.21015625,1092.0009119457764,30659.211980141554,26291.208332358445,0.563001821813878,15.339671327498102,True,14.994601068074624,1065.033293546392,5457690.0,0.8833590768255434,10927822.288172083
2026-03-11,28002.072265625,29378.036161435884,28002.072265625,29378.036161435884,3405900,28571.76904296875,943.4959433978656,30458.76092976448,26684.77715617302,0.3490463098092217,13.208785805022478,True,14.146082533252795,1087.2426222795702,5425220.0,0.6277902094292951,10927822.288172083
2026-03-12,28943.521484375,28943.521484375,28026.212212976963,28364.168260334132,3435000,28692.46767578125,814.0115278336443,30320.49073144854,27064.444620113958,0.5771038861273529,11.348086710865047,True,13.358172465203952,1076.828807741744,5307890.0,0.6471498090578366,10927822.288172083
2026-03-13,28074.490234375,28919.380310216035,28074.490234375,28895.240593763436,2328200,28722.64228515625,776.679114943643,30276.000515043535,27169.284055268963,0.29137070950199295,10.816262755116062,True,12.626541687730027,1061.986125045905,5041160.0,0.46183814836267845,10927822.288172083
2026-03-16,28460.7265625,28677.984017175575,27591.69674379771,27808.954198473282,2908000,28757.644921875,746.2217585631784,30250.088439001356,27265.20140474864,0.4005260983187145,10.379455766846226,True,12.491632913208552,1063.7219213553308,4741445.0,0.6133151391611629,10927822.288172083
2026-03-17,28967.66015625,29209.05732421875,28702.123271484375,28967.66015625,5571900,28786.61259765625,742.3648008747682,30271.342199405786,27301.882995906715,0.5609698757202697,10.315417256634213,True,11.69200804515193,1041.1939813812894,4698865.0,1.1857969956574619,10927822.288172083
2026-03-25,29715.9921875,29836.690774776605,29257.337555848902,29691.85247004468,5282600,28825.2361328125,770.5191321749917,30366.274397162484,27284.197868462517,0.7890116602858087,10.692285449108812,True,11.472477645784934,1028.8965983202406,4656560.0,1.134442592815297,10927822.288172083
2026-03-26,29740.130859375,29812.550009194907,29257.33652724229,29715.991142768366,4291000,28850.5828125,792.6652548701533,30435.913322240307,27265.252302759694,0.7805560233054231,10.989937500003883,True,11.268626648871201,995.0620900082677,4531380.0,0.9469521426143912,10927822.288172083
2026-03-27,29547.013671875,29788.410842396854,28967.66046262255,29740.131408292484,3464100,28844.5478515625,786.552500390213,30417.652852342926,27271.442850782074,0.7232736594073513,10.907468606377973,True,10.693067303306565,982.6112535629846,4517415.0,0.7668323587715541,10927822.288172083
2026-03-30,30053.947265625,30367.76358245482,29257.336615210847,29764.2706654744,2942900,28863.8595703125,812.1517648266624,30488.163099965823,27239.556040659176,0.8663378406763982,11.254929547425995,True,10.828178445564317,991.740947397341,4439230.0,0.6629302829544763,10927822.288172083
2026-03-31,29981.529296875,30126.367602657007,29353.896638486312,30053.948449766005,5621600,28875.9294921875,827.5086222628502,30530.946736713202,27220.9122476618,0.8340145875653231,11.462953910962227,True,10.953638791946515,976.0788057382948,4456780.0,1.2613590978239895,10927822.288172083
2026-04-01,29860.830078125,30705.72017734438,29595.293189798907,29933.24922948666,5616400,28848.16884765625,781.1363670375106,30410.44158173127,27285.896113581228,0.8240987339730795,10.83100104082999,True,11.700643521625754,985.6751044388076,4539945.0,1.2371074979983239,10927822.288172083
2026-04-02,29691.8515625,30416.04306402439,29450.454395325203,29860.82957952236,2966100,28865.0666015625,796.1630305575844,30457.392662677667,27272.740540447332,0.7596154710796077,11.03289372648787,True,12.164760955972186,984.2403590288347,4469300.0,0.6636609759917661,10927822.288172083
2026-04-06,29498.734375,29667.71239515139,29305.61663768412,29547.013809328968,955600,28959.2115234375,750.6954011927969,30460.602325823096,27457.820721051907,0.6796743561720366,10.369003321588897,True,12.36175410857441,941.5256851564808,4008015.0,0.23842226139373232,10927822.288172083
2026-04-07,28967.66015625,29667.711943359373,28726.26298828125,29571.153076171875,1611800,29021.9748046875,691.0732423667979,30404.121289421095,27639.828319953904,0.48035134154106385,9.524827266477796,True,11.669229737218624,941.5202044365981,3896880.0,0.41361294163535955,10927822.288172083
2026-04-08,30029.80859375,30053.94831126909,28677.984412680868,28774.543282757233,2841700,29101.6359375,711.5658492634165,30524.76763602683,27678.504238973168,0.8261021651091068,9.780424039275413,False,11.52064078309586,972.5518968759999,3834210.0,0.741143547171386,10927822.288172083
2026-04-09,28991.80078125,29571.15400252394,28581.425582847627,28581.425582847627,3237800,29155.95029296875,654.6412236342738,30465.232740237298,27846.667845700205,0.43731317789327895,8.98123665401016,True,11.235593409236134,1006.5398335921694,3646200.0,0.887992978991827,10927822.288172083
2026-04-10,30222.92578125,30319.4846495607,29015.939927366213,29015.939927366213,5090400,29236.818359375,682.3823105991072,30601.582980573214,27872.053738176786,0.8612738074237423,9.335931183911411,False,11.866245650248977,1029.4786932149218,3702475.0,1.3748641111688802,10927822.288172083
2026-04-13,29812.55078125,30222.925974190282,29764.271346786438,30222.925974190282,1164700,29293.5466796875,680.637359645122,30654.821398977743,27932.27196039726,0.6906316536287046,9.294024613510981,False,12.451851302618046,988.7055456569877,3594150.0,0.3240543661227272,10927822.288172083
2026-04-14,30222.92578125,30319.4846495607,29547.013703075078,29547.013703075078,3921900,29376.8287109375,687.6743277733872,30752.177366484277,28001.480055390726,0.8075936661224747,9.363493037862927,False,12.621284859904712,973.2602171447475,3573935.0,1.0973618714386244,10927822.288172083
2026-04-15,30391.904296875,30391.904296875,30053.948252271148,30222.926274573074,2887900,29458.90380859375,706.6699392981712,30872.243687190094,28045.563929997406,0.8300693988794323,9.595332452146737,False,12.872477151589774,927.8813476775407,3477275.0,0.8305066467276819,10927822.288172083
2026-04-16,30391.904296875,30778.13977642226,30222.926274573074,30319.48514445989,3008600,29578.39541015625,646.8886086780396,30872.17262751233,28284.618192800168,0.8143929556825906,8.748123077101337,False,13.593302887416574,901.2622158326583,3457410.0,0.8701889564731982,10927822.288172083
2026-04-17,30609.162109375,30947.11815790122,30391.904649608143,30391.904649608143,2600100,29661.67744140625,667.7349663605371,30997.147374127322,28326.207508685176,0.854738300261921,9.004682458429153,False,14.46587211967998,876.544476203627,3415665.0,0.7612280478325597,10927822.288172083
2026-04-20,30512.603515625,30681.581541423555,30367.765207797667,30657.441823452333,1659300,29783.58310546875,579.4381060321722,30942.459317533096,28624.706893404407,0.8145376540509105,7.781979810559164,False,15.22534239549864,836.3496088766457,3382220.0,0.49059493468786775,10927822.288172083
2026-04-21,30874.69921875,31116.09639794273,30633.30203955727,30898.83893666927,3372500,29904.28173828125,539.4170145361812,30983.11576735361,28825.44770920889,0.9497529065259309,7.21524789335647,True,16.458685285744558,819.7169855510087,3405445.0,0.9903257870850946,10927822.288172083
2026-04-22,31381.6328125,31429.912247596152,31091.956201923076,31285.073942307692,3460500,30024.98037109375,586.8016164888124,31198.583604071373,28851.377138116124,1.0779859850778535,7.8175120747622495,False,17.94774830866224,800.8238457863762,3299875.0,1.048676086215387,10927822.288172083
2026-04-23,31381.6328125,31695.449140624998,31091.956201923076,31502.331400240382,3299700,30108.26240234375,654.8885328919563,31418.039468127663,28798.485336559836,0.986101964762273,8.700449386823168,False,19.60365980897301,786.7287809946296,3200730.0,1.0309210711306482,10927822.288172083
2026-04-24,30754.0,31381.632653061224,30560.882260596547,31381.632653061224,2912800,30158.955859375,664.0688177772298,31487.09349492946,28830.81822382054,0.7240144864114875,8.807583669323913,False,19.970484202240105,789.1589074881169,3131820.0,0.9300662234738906,10927822.288172083
2026-04-27,30675.0,31425.0,30200.0,31425.0,2868500,30215.35517578125,657.2258746766851,31529.80692513462,28900.903426427878,0.6748427907090798,8.700554679608427,False,19.613138805526603,820.2904140961086,3102040.0,0.9247140591352787,10927822.288172083
2026-04-28,30175.0,30750.0,30100.0,30675.0,2181700,30221.4078125,656.2178110430489,31533.8434345861,28908.972190413904,0.4823199661305151,8.685469785052536,False,19.093735746539203,808.1268130892438,3063980.0,0.7120477287710756,10927822.288172083
2026-04-29,30425.0,30975.0,30100.0,30250.0,1691600,30243.58134765625,655.1773266753031,31553.936001006856,28933.226694305646,0.569225019302926,8.665340511679528,False,18.93981642067741,812.903469297155,2867480.0,0.5899256490019111,10927822.288172083
2026-04-30,29050.0,29975.0,28500.0,29975.0,7029800,30203.03984375,703.4185280607571,31609.876899871517,28796.202787628485,0.09020135319409496,9.315863988522578,False,18.770543815172907,892.3389357759296,2938150.0,2.3925939792046016,10927822.288172083
2026-05-04,29100.0,29400.0,28500.0,29000.0,3439500,30173.447265625,737.6714398834636,31648.790145391926,28698.104385858074,0.1362041392728371,9.77908070482689,False,18.61336211006158,892.8861546490775,2961820.0,1.1612792134565908,10927822.288172083
2026-05-05,28750.0,29175.0,28750.0,29100.0,2598800,30136.010546875,790.8010058495169,31717.612558574034,28554.408535175968,0.06183333840538004,10.496425923656572,False,18.467407669601062,859.4657150312863,3043980.0,0.8537506816733356,10927822.288172083
2026-05-06,29350.0,29350.0,28700.0,29000.0,2535000,30155.1275390625,765.2801049948878,31685.68774905228,28624.567329072725,0.23698272900094564,10.151243485918686,False,18.018221033281712,844.5038782433373,3090140.0,0.8203511814998673,10927822.288172083
2026-05-07,29550.0,29575.0,29275.0,29400.0,1826700,30131.137109375,776.8486552145533,31684.834419804105,28577.439798945892,0.3129825206383032,10.312901931243008,False,17.203902361108554,805.610744083099,3039390.0,0.6010087550462428,10927822.288172083
2026-05-08,27400.0,29550.0,27400.0,29550.0,4791100,30051.5470703125,959.7344474912414,31971.01596529498,28132.078175330018,-0.19069810853504338,12.774509681591054,False,18.501516020111616,901.6385480771634,3117055.0,1.5370598208886272,10908086.479172084
2026-05-11,27175.0,27800.0,27175.0,27575.0,3776000,29899.15078125,1153.5157652080222,32206.18231166604,27592.119250833955,-0.09040172302255735,15.432087334485779,False,19.88310277170576,881.8786517859374,3051335.0,1.2374911309312153,10840586.479172084
2026-05-12,27175.0,27400.0,26250.0,27200.0,3876600,29767.2732421875,1304.7895172843407,32376.85227675618,27157.69420761882,0.003315820703633087,17.533208455722903,False,21.809230072763008,901.0301766583705,3186930.0,1.2164057572648286,10840586.479172084
2026-05-13,26900.0,27200.0,26600.0,27175.0,2598700,29601.126953125,1447.4766214912827,32496.080196107567,26706.173710142433,0.03347658383212339,19.559750191719953,False,23.597776852316166,879.5280211827726,3120770.0,0.8327111578232296,10758086.479172084
2026-05-14,26900.0,26900.0,26900.0,26900.0,0,29426.53173828125,1553.7674257666338,32534.066589814516,26318.996886747984,0.09348296012920783,21.12063276210458,False,25.25857029047267,816.7045910982889,2976375.0,0.0,10758086.479172084
2026-05-15,26900.0,26900.0,26900.0,26900.0,0,29251.9365234375,1633.7142010063412,32519.364925450183,25984.508121424817,0.14009364030918858,22.339911748370746,False,26.80073562590371,758.3685488769826,2825945.0,0.0,10758086.479172084
2026-05-18,26475.0,26900.0,25600.0,26900.0,5329700,29045.22841796875,1712.5876092468998,32470.40363646255,25620.053199474947,0.12480336712540653,23.585114699079636,False,29.04896277029301,797.0565096714839,2962425.0,1.7991003991662236,10630586.479172084
2026-05-19,25500.0,26650.0,25400.0,26600.0,3883000,28794.5982421875,1847.976350180225,32490.55094254795,25098.645541827053,0.05429648195089256,25.67115310499759,False,31.239108605462075,829.4096161235209,3073610.0,1.2633352962802697,10479888.002156265
2026-05-20,24850.0,25500.0,24700.0,25500.0,3562100,28493.36328125,1977.5516549436281,32448.466591137258,24538.259971362742,0.03940984649603805,27.761575710438546,False,33.60308032502327,827.3089292575551,3083090.0,1.1553668559789043,10479888.002156265
2026-05-21,24100.0,25275.0,23850.0,24900.0,2919700,28129.281640625,2085.1849801386475,32299.651600902293,23958.911680347705,0.016915563966285897,29.651450140513674,False,36.130627466365944,870.0011485963012,3056050.0,0.9553835833837797,10479888.002156265
2026-05-22,24050.0,24225.0,23500.0,24100.0,5451100,27762.7,2127.3536835083924,32017.407367016785,23507.992632983216,0.06369502297837418,30.650530150286425,False,38.59880078007027,859.6439236965655,3163620.0,1.723057762942452,10479888.002156265
2026-05-25,24575.0,24975.0,24000.0,24075.0,4283500,27453.75,2118.7334070146458,31691.216814029292,23216.283185970708,0.16032182358701771,30.86985795404484,False,39.524191330176656,867.8836434325251,3232155.0,1.3252767890153783,10479888.002156265
2026-05-26,23800.0,24650.0,23625.0,24575.0,5015300,27110.0,2126.2983649624534,31362.596729924906,22857.403270075094,0.11082601875837292,31.372900995388463,False,40.58043863782095,879.1062403302019,3339495.0,1.5018138970113746,10479888.002156265
2026-05-27,23800.0,23800.0,23800.0,23800.0,0,26791.25,2120.471568083981,31032.19313616796,22550.30686383204,0.14733670035684093,31.65916585577724,False,41.56123970920493,816.3129374494732,3230410.0,0.0,10479888.002156265
2026-05-28,23800.0,23800.0,23800.0,23800.0,0,26460.0,2038.8399694562945,30537.679938912588,22382.320061087412,0.17383413609586126,30.82146590258948,False,42.47198356120435,758.0048704887965,3145830.0,0.0,10479888.002156265
2026-05-29,22925.0,24000.0,22925.0,23200.0,28939600,26153.75,2088.727184196136,30331.20436839227,21976.29563160773,0.113550536370956,31.945356733870067,False,43.78197497112479,780.6473797395968,4241320.0,6.823253138173965,10479888.002156265
2026-06-02,22500.0,23000.0,22100.0,22600.0,8257600,25823.75,2119.885098053028,30063.520196106056,21583.979803893944,0.10802710450525818,32.83620849881257,False,45.35172339671344,789.1725669010541,4482225.0,1.842299304474898,10479888.002156265
2026-06-03,22000.0,22775.0,21725.0,22675.0,7258900,25486.25,2166.3010403377357,29818.85208067547,21153.64791932453,0.0976724916015737,33.99952586728507,False,46.95167818666066,807.8030978366932,4715230.0,1.5394583085024485,10479888.002156265
2026-06-04,22000.0,22125.0,21500.0,22025.0,6039600,25118.75,2098.7288602740737,29316.207720548147,20921.292279451853,0.12849536461885774,33.42091243034106,False,48.52082753557039,794.7457337055008,4890460.0,1.234975850942447,10479888.002156265
2026-06-05,21250.0,21825.0,21200.0,21750.0,5219300,24703.75,1994.40459061159,28692.55918122318,20714.94081877682,0.06707003981813718,32.293147244634355,False,50.087701554899,795.1210384408222,5060090.0,1.031463867243468,10479888.002156265
2026-06-08,20875.0,21275.0,20425.0,21200.0,5393000,24377.5,2062.651908281376,28502.80381656275,20252.19618343725,0.07548581198580404,33.84517539996104,False,51.79790949833587,799.0409642664778,5090185.0,1.0594899792443693,10479888.002156265
2026-06-09,21875.0,21875.0,20125.0,20875.0,5605400,24112.5,2024.431369155551,28161.3627383111,20063.6372616889,0.22368784216511545,33.58310202850058,False,52.24715470860251,866.9666096760151,5181655.0,1.0817779261645168,10479888.002156265
2026-06-10,22000.0,22325.0,21475.0,21850.0,6375900,23853.75,1941.4162458045046,27736.58249160901,19970.91750839099,0.2612889554202964,32.55532141997807,False,51.886337424583374,865.7547089848712,5306620.0,1.201499259415598,10479888.002156265
2026-06-11,21750.0,22200.0,21200.0,22075.0,4444900,23596.25,1855.7569564948221,27307.763912989645,19884.736087010355,0.2512807383614473,31.458506440554284,False,51.71489283552147,875.3436583430947,5398930.0,0.823292763566114,10479888.002156265
2026-06-12,22500.0,22825.0,21900.0,21900.0,5608900,23376.25,1697.549995388085,26771.34999077617,19981.15000922383,0.37095372708011515,29.047430539767234,False,50.53092093041416,889.6048256043023,5679375.0,0.9875910641575878,10479888.002156265
2026-06-15,22750.0,23300.0,22675.0,22750.0,5603800,23168.75,1484.4118762732396,26137.57375254648,20199.92624745352,0.4294754362496559,25.62782845467692,False,48.72850104991259,883.2044809182806,5959565.0,0.9403035288649423,10479888.002156265
2026-06-17,23000.0,23200.0,22775.0,22775.0,2812200,22995.0,1264.068202690275,25523.136405380552,20466.863594619448,0.5009888706933215,21.988574954386188,True,47.054825446589696,852.261303709832,5833690.0,0.4820619539262457,10479888.002156265
2026-06-18,22800.0,23000.0,22400.0,23000.0,7435400,22860.0,1118.2222733569445,25096.44454671389,20623.55545328611,0.48658585116984887,19.56644397824926,True,45.83427320025564,834.2426391591298,6011310.0,1.236901773490304,10479888.002156265
2026-06-19,22675.0,23175.0,22575.0,22850.0,17466500,22751.25,1015.5525783895587,24782.35515677912,20720.14484322088,0.4812294307496822,17.854888472317946,True,44.41812494818599,817.5110220763348,6706530.0,2.6044019783703347,10479888.002156265
2026-06-22,22325.0,22975.0,22325.0,22975.0,5489500,22662.5,967.9230341302962,24598.34606826059,20726.65393173941,0.41282881280347544,17.084135185973224,True,43.33971841111944,805.5459490708823,6835020.0,0.8031432241602804,10479888.002156265
2026-06-23,22500.0,22575.0,22250.0,22350.0,3731800,22585.0,911.3826973629858,24407.76539472597,20762.23460527403,0.4766837794249494,16.14138051561631,True,42.41031454367154,771.2212384229622,6749055.0,0.5529366703931143,10479888.002156265
2026-06-24,22000.0,22800.0,21900.0,22500.0,4021000,22456.25,789.148233357035,24034.54646671407,20877.95353328593,0.3554612490041594,14.056634270762657,True,41.88001524919226,780.4197213927507,6735930.0,0.5969480086639856,10479888.002156265
2026-06-25,22500.0,22525.0,21875.0,22100.0,6633000,22391.25,723.4454749759393,23838.140949951878,20944.359050048122,0.5375805792425534,12.923717523156391,True,41.41135489480004,771.1040270075542,6816815.0,0.9730350610952475,10479888.002156265
2026-06-26,22600.0,22600.0,21900.0,22525.0,5771900,22331.25,646.0851235263905,23623.42024705278,21039.07975294722,0.6039917149512507,11.572753402096001,True,40.818992311416444,766.0251679355861,7105410.0,0.8123246934378171,10479888.002156265
2026-06-29,22575.0,22725.0,22100.0,22600.0,2991600,22270.0,550.5141137824639,23371.02822756493,21168.97177243507,0.6385068939942384,9.887994859137223,True,39.9992852072584,755.9519416544728,7254990.0,0.412350671744551,10479888.002156265
2026-06-30,23000.0,23000.0,21975.0,22500.0,5806300,22273.75,555.4440494822774,23384.638098964555,21162.861901035445,0.8268781080096765,9.974863675533353,True,38.65645246092255,775.1696601077247,6098325.0,0.9521139001283139,10479888.002156265
