Date,Equity,BuyHold,phase
2018-02-09,10000000.0,10000000.0,IS
2018-02-12,10000000.0,10025316.629525792,IS
2018-02-13,10000000.0,10227847.675509294,IS
2018-02-14,10000000.0,10227847.675509294,IS
2018-02-15,10000000.0,10151898.782043334,IS
2018-02-16,10000000.0,10151898.782043334,IS
2018-02-19,10000000.0,10253164.305035084,IS
2018-02-20,10000000.0,10303797.564086668,IS
2018-02-21,10000000.0,10303797.564086668,IS
2018-02-22,10000000.0,10151898.782043334,IS
2018-02-23,10000000.0,10202533.036206333,IS
2018-02-26,10000000.0,10202533.036206333,IS
2018-02-27,10000000.0,10177215.411569124,IS
2018-02-28,10000000.0,10126582.152517542,IS
2018-03-01,10000000.0,10278480.934560876,IS
2018-03-02,10000000.0,10303797.564086668,IS
2018-03-05,10000000.0,10177215.411569124,IS
2018-03-06,10000000.0,10177215.411569124,IS
2018-03-07,10000000.0,10126582.152517542,IS
2018-03-08,10000000.0,10481011.980544377,IS
2018-03-09,10000000.0,10506330.600293001,IS
2018-03-12,10000000.0,10632911.757699128,IS
2018-03-13,10000000.0,10354430.823138252,IS
2018-03-14,10000000.0,10278480.934560876,IS
2018-03-15,9976557.33991035,9949366.740948416,IS
2018-03-16,9703266.32428535,9670884.811276125,IS
2018-03-19,9703266.32428535,9670884.811276125,IS
2018-03-20,9666766.56979504,9265823.714420538,IS
2018-03-21,9666766.56979504,9392405.866938079,IS
2018-03-22,9666766.56979504,9367088.242300874,IS
2018-03-23,9666766.56979504,9265823.714420538,IS
2018-03-26,9666766.56979504,9088608.302851412,IS
2018-03-27,9666766.56979504,9012656.424051207,IS
2018-03-28,9666766.56979504,9037974.048688414,IS
2018-03-29,9666766.56979504,9113923.937265787,IS
2018-03-30,9666766.56979504,9113923.937265787,IS
2018-04-02,9666766.56979504,9291139.348834913,IS
2018-04-03,9666766.56979504,9189873.825843163,IS
2018-04-04,9666766.56979504,9113923.937265787,IS
2018-04-05,9666766.56979504,9316454.98324929,IS
2018-04-06,9666766.56979504,9240507.084894747,IS
2018-04-09,9666766.56979504,9544303.65387,IS
2018-04-10,9666766.56979504,9772150.334267877,IS
2018-04-11,9666766.56979504,9797466.963793667,IS
2018-04-12,9666766.56979504,9493670.394818416,IS
2018-04-13,9666766.56979504,9265823.714420538,IS
2018-04-16,9666766.56979504,9265823.714420538,IS
2018-04-17,9666766.56979504,9265823.714420538,IS
2018-04-18,9666766.56979504,9544303.65387,IS
2018-04-19,9666766.56979504,9544303.65387,IS
2018-04-20,9666766.56979504,9544303.65387,IS
2018-04-23,9666766.56979504,9493670.394818416,IS
2018-04-24,9666766.56979504,9696201.440801917,IS
2018-04-25,9666766.56979504,9696201.440801917,IS
2018-04-26,9666766.56979504,9696201.440801917,IS
2018-04-27,9666766.56979504,9696201.440801917,IS
2018-04-30,9666766.56979504,9696201.440801917,IS
2018-05-01,9666766.56979504,9696201.440801917,IS
2018-05-02,9666766.56979504,9797466.963793667,IS
2018-05-03,9666766.56979504,9468354.76040404,IS
2018-05-04,9666766.56979504,9443037.135766832,IS
2018-05-07,9666766.56979504,9620253.542447373,IS
2018-05-08,9666766.56979504,9587571.09822287,IS
2018-05-09,9666766.56979504,9799449.22573366,IS
2018-05-10,9666766.56979504,9799449.22573366,IS
2018-05-11,9666766.56979504,9614054.993439231,IS
2018-05-14,9666766.56979504,9375689.985377833,IS
2018-05-15,9666766.56979504,8925444.859582813,IS
2018-05-16,9666766.56979504,9216781.638522595,IS
2018-05-17,9666766.56979504,9243264.538627539,IS
2018-05-18,9666766.56979504,9243264.538627539,IS
2018-05-21,9666766.56979504,9057870.306333108,IS
2018-05-22,9666766.56979504,9190294.757971987,IS
2018-05-23,9666766.56979504,9190294.757971987,IS
2018-05-24,9666766.56979504,9428658.770921968,IS
2018-05-25,9666766.56979504,9428658.770921968,IS
2018-05-28,9666766.56979504,9772965.3305173,IS
2018-05-29,9666766.56979504,9772965.3305173,IS
2018-05-30,9666766.56979504,9534599.327344486,IS
2018-05-31,9666766.56979504,9322720.204722282,IS
2018-06-01,9666766.56979504,9322720.204722282,IS
2018-06-04,9666766.56979504,9640541.873989837,IS
2018-06-05,9666766.56979504,10143754.790217577,IS
2018-06-06,9666766.56979504,10037815.228906475,IS
2018-06-07,9666766.56979504,9984846.443362338,IS
2018-06-08,9666766.56979504,9561086.207895095,IS
2018-06-11,9666766.56979504,9561086.207895095,IS
2018-06-12,9666766.56979504,9561086.207895095,IS
2018-06-13,9666766.56979504,9561086.207895095,IS
2018-06-14,9666766.56979504,9561086.207895095,IS
2018-06-15,9666766.56979504,9561086.207895095,IS
2018-06-18,9666766.56979504,9561086.207895095,IS
2018-06-19,9666766.56979504,9561086.207895095,IS
2018-06-20,9666766.56979504,9825936.106284268,IS
2018-06-21,9666766.56979504,9561086.207895095,IS
2018-06-22,9666766.56979504,9481631.536911767,IS
2018-06-25,9666766.56979504,9693511.654645389,IS
2018-06-26,9666766.56979504,9772965.3305173,IS
2018-06-27,9666766.56979504,9825936.106284268,IS
2018-06-28,9666766.56979504,9693511.654645389,IS
2018-06-29,9666766.56979504,9931874.672483956,IS
2018-07-02,9666766.56979504,9931874.672483956,IS
2018-07-03,9666766.56979504,9799449.22573366,IS
2018-07-04,9666766.56979504,9958359.562811732,IS
2018-07-05,9666766.56979504,10143754.790217577,IS
2018-07-06,9666766.56979504,10223208.466089489,IS
2018-07-09,9666766.56979504,10541030.135357046,IS
2018-07-10,9666766.56979504,10673455.582107339,IS
2018-07-11,9666766.56979504,10752910.253090667,IS
2018-07-12,9666766.56979504,10858849.81440177,IS
2018-07-13,9666766.56979504,10646970.691779565,IS
2018-07-16,9666766.56979504,10435090.574045941,IS
2018-07-17,9666766.56979504,10435090.574045941,IS
2018-07-18,9666766.56979504,10620484.806340374,IS
2018-07-19,9666766.56979504,10355635.903062614,IS
2018-07-20,9666766.56979504,10567515.025684822,IS
2018-07-23,9666766.56979504,10752910.253090667,IS
2018-07-24,9666766.56979504,10673455.582107339,IS
2018-07-25,9666766.56979504,10329151.012734838,IS
2018-07-26,9666766.56979504,10408604.68860675,IS
2018-07-27,9666766.56979504,10435090.574045941,IS
2018-07-30,9666766.56979504,10355635.903062614,IS
2018-07-31,9643931.439504847,9455144.656361159,IS
2018-08-01,9590650.458059534,9402175.870817024,IS
2018-08-02,9457443.500051722,9269749.428955315,IS
2018-08-03,9350879.535207972,9163809.867644211,IS
2018-08-06,9857061.371145472,9667025.769206198,IS
2018-08-07,9670574.43266891,9481631.536911767,IS
2018-08-08,9590650.458059534,9402175.870817024,IS
2018-08-09,9430802.508840784,9243264.538627539,IS
2018-08-10,9457443.500051722,9269749.428955315,IS
2018-08-13,9357606.133839058,8925444.859582813,IS
2018-08-14,9357606.133839058,8872475.078927262,IS
2018-08-15,9357606.133839058,9084354.201549469,IS
2018-08-16,9357606.133839058,8872475.078927262,IS
2018-08-17,9357606.133839058,8872475.078927262,IS
2018-08-20,9357606.133839058,8978415.63534978,IS
2018-08-21,9357606.133839058,8872475.078927262,IS
2018-08-22,9357606.133839058,8872475.078927262,IS
2018-08-23,9357606.133839058,8740049.632176967,IS
2018-08-24,9357606.133839058,8713564.741849191,IS
2018-08-27,9357606.133839058,9163809.867644211,IS
2018-08-28,9357606.133839058,9481631.536911767,IS
2018-08-29,9357606.133839058,9481631.536911767,IS
2018-08-30,9357606.133839058,9296235.314394506,IS
2018-08-31,9357606.133839058,9243264.538627539,IS
2018-09-03,9357606.133839058,9243264.538627539,IS
2018-09-04,9357606.133839058,9057870.306333108,IS
2018-09-05,9357606.133839058,8660594.96119364,IS
2018-09-06,9357606.133839058,8898960.964366453,IS
2018-09-07,9357606.133839058,8978415.63534978,IS
2018-09-10,9357606.133839058,8951929.74991059,IS
2018-09-11,9357606.133839058,8951929.74991059,IS
2018-09-12,9357606.133839058,8793019.412832519,IS
2018-09-13,9357606.133839058,9137324.977316435,IS
2018-09-14,9357606.133839058,9508116.427239543,IS
2018-09-17,9357606.133839058,9190294.757971987,IS
2018-09-18,9357606.133839058,9455144.656361159,IS
2018-09-19,9357606.133839058,9402175.870817024,IS
2018-09-20,9357606.133839058,9534599.327344486,IS
2018-09-21,9357606.133839058,9534599.327344486,IS
2018-09-24,9357606.133839058,9375689.985377833,IS
2018-09-25,9357606.133839058,9428658.770921968,IS
2018-09-26,9357606.133839058,9375689.985377833,IS
2018-09-27,9357606.133839058,9481631.536911767,IS
2018-09-28,9357606.133839058,9640541.873989837,IS
2018-10-01,9357606.133839058,9719994.554750333,IS
2018-10-02,9357606.133839058,9587571.09822287,IS
2018-10-03,9357606.133839058,9534599.327344486,IS
2018-10-04,9357606.133839058,9534599.327344486,IS
2018-10-05,9357606.133839058,9349206.090161473,IS
2018-10-08,9357606.133839058,9322720.204722282,IS
2018-10-09,9357606.133839058,9508116.427239543,IS
2018-10-10,9357606.133839058,9534599.327344486,IS
2018-10-11,9357606.133839058,9455144.656361159,IS
2018-10-12,9357606.133839058,9746480.440189524,IS
2018-10-15,9357606.133839058,9693511.654645389,IS
2018-10-16,9357606.133839058,10011330.3385787,IS
2018-10-17,9357606.133839058,10329151.012734838,IS
2018-10-18,9357606.133839058,9958359.562811732,IS
2018-10-19,9357606.133839058,9878904.891828405,IS
2018-10-22,9357606.133839058,10064300.11923425,IS
2018-10-23,9357606.133839058,9799449.22573366,IS
2018-10-24,9357606.133839058,9322720.204722282,IS
2018-10-25,9357606.133839058,9402175.870817024,IS
2018-10-26,9357606.133839058,9614054.993439231,IS
2018-10-29,9357606.133839058,9693511.654645389,IS
2018-10-30,9357606.133839058,10064300.11923425,IS
2018-10-31,9357606.133839058,10196724.570873128,IS
2018-11-01,9357606.133839058,10276181.232079286,IS
2018-11-02,9357606.133839058,10435090.574045941,IS
2018-11-05,9357606.133839058,10302665.127295647,IS
2018-11-06,9357606.133839058,10302665.127295647,IS
2018-11-07,9357606.133839058,10461574.469262302,IS
2018-11-08,9357606.133839058,10593999.916012598,IS
2018-11-09,9357606.133839058,10382118.80316756,IS
2018-11-12,9357606.133839058,10223208.466089489,IS
2018-11-13,9357606.133839058,10143754.790217577,IS
2018-11-14,9357606.133839058,9931874.672483956,IS
2018-11-15,9357606.133839058,10355635.903062614,IS
2018-11-16,9357606.133839058,10726425.36276289,IS
2018-11-19,9357606.133839058,10461574.469262302,IS
2018-11-20,9357606.133839058,10461574.469262302,IS
2018-11-21,9357606.133839058,10488059.359590078,IS
2018-11-22,9357606.133839058,10541030.135357046,IS
2018-11-23,9357606.133839058,10567515.025684822,IS
2018-11-26,9357606.133839058,10567515.025684822,IS
2018-11-27,9357606.133839058,10276181.232079286,IS
2018-11-28,9357606.133839058,9852420.996612044,IS
2018-11-29,9357606.133839058,9905390.777267596,IS
2018-11-30,9357606.133839058,9746480.440189524,IS
2018-12-03,9357606.133839058,9799449.22573366,IS
2018-12-04,9357606.133839058,10011330.3385787,IS
2018-12-05,9357606.133839058,9984846.443362338,IS
2018-12-06,9357606.133839058,9825936.106284268,IS
2018-12-07,9335276.47497792,9719994.554750333,IS
2018-12-10,9360618.85779042,9746480.440189524,IS
2018-12-11,9208570.273806045,9587571.09822287,IS
2018-12-12,9284594.565798232,9667025.769206198,IS
2018-12-13,9538008.872438857,9931874.672483956,IS
2018-12-14,9487326.011110732,9878904.891828405,IS
2018-12-17,9436644.101931045,9825936.106284268,IS
2018-12-18,9512668.393923232,9905390.777267596,IS
2018-12-19,9690058.40857167,10090785.009562027,IS
2018-12-20,9512668.393923232,9905390.777267596,IS
2018-12-21,9563350.30310292,9958359.562811732,IS
2018-12-24,9563350.30310292,9958359.562811732,IS
2018-12-25,9563350.30310292,9958359.562811732,IS
2018-12-26,9487326.011110732,9878904.891828405,IS
2018-12-27,9538008.872438857,9931874.672483956,IS
2018-12-28,9538008.872438857,9931874.672483956,IS
2018-12-31,9538008.872438857,9931874.672483956,IS
2019-01-01,9538008.872438857,9931874.672483956,IS
2019-01-02,9487326.011110732,9878904.891828405,IS
2019-01-03,9512668.393923232,9905390.777267596,IS
2019-01-04,9436644.101931045,9825936.106284268,IS
2019-01-07,9556224.705986999,9984846.443362338,IS
2019-01-08,9556224.705986999,10064300.11923425,IS
2019-01-09,9556224.705986999,9878904.891828405,IS
2019-01-10,9556224.705986999,10064300.11923425,IS
2019-01-11,9556224.705986999,10223208.466089489,IS
2019-01-14,9556224.705986999,10196724.570873128,IS
2019-01-15,9556224.705986999,10408604.68860675,IS
2019-01-16,9556224.705986999,10567515.025684822,IS
2019-01-17,9556224.705986999,10567515.025684822,IS
2019-01-18,9556224.705986999,10646970.691779565,IS
2019-01-21,9556224.705986999,10673455.582107339,IS
2019-01-22,9556224.705986999,10593999.916012598,IS
2019-01-23,9556224.705986999,10382118.80316756,IS
2019-01-24,9556224.705986999,10223208.466089489,IS
2019-01-25,9556224.705986999,10276181.232079286,IS
2019-01-28,9556224.705986999,10011330.3385787,IS
2019-01-29,9556224.705986999,10170241.670768185,IS
2019-01-30,9556224.705986999,10223208.466089489,IS
2019-01-31,9556224.705986999,10329151.012734838,IS
2019-02-01,9556224.705986999,10249695.346640095,IS
2019-02-04,9556224.705986999,10011330.3385787,IS
2019-02-05,9556224.705986999,10011330.3385787,IS
2019-02-06,9556224.705986999,10223208.466089489,IS
2019-02-07,9556224.705986999,10223208.466089489,IS
2019-02-08,9556224.705986999,10196724.570873128,IS
2019-02-11,9556224.705986999,10408604.68860675,IS
2019-02-12,9556224.705986999,10117268.904778386,IS
2019-02-13,9556224.705986999,10037815.228906475,IS
2019-02-14,9556224.705986999,9905390.777267596,IS
2019-02-15,9556224.705986999,10037815.228906475,IS
2019-02-18,9556224.705986999,10329151.012734838,IS
2019-02-19,9556224.705986999,10382118.80316756,IS
2019-02-20,9556224.705986999,10249695.346640095,IS
2019-02-21,9556224.705986999,10249695.346640095,IS
2019-02-22,9556224.705986999,10170241.670768185,IS
2019-02-25,9556224.705986999,10355635.903062614,IS
2019-02-26,9556224.705986999,10408604.68860675,IS
2019-02-27,9556224.705986999,10355635.903062614,IS
2019-02-28,9556224.705986999,10223208.466089489,IS
2019-03-01,9556224.705986999,10355635.903062614,IS
2019-03-04,9556224.705986999,10196724.570873128,IS
2019-03-05,9556224.705986999,10249695.346640095,IS
2019-03-06,9556224.705986999,10117268.904778386,IS
2019-03-07,9556224.705986999,10117268.904778386,IS
2019-03-08,9556224.705986999,9905390.777267596,IS
2019-03-11,9556224.705986999,10064300.11923425,IS
2019-03-12,9556224.705986999,9958359.562811732,IS
2019-03-13,9556224.705986999,9852420.996612044,IS
2019-03-14,9556224.705986999,9905390.777267596,IS
2019-03-15,9556224.705986999,9931874.672483956,IS
2019-03-18,9556224.705986999,10117268.904778386,IS
2019-03-19,9556224.705986999,10011330.3385787,IS
2019-03-20,9556224.705986999,9958359.562811732,IS
2019-03-21,9556224.705986999,10037815.228906475,IS
2019-03-22,9556224.705986999,10064300.11923425,IS
2019-03-25,9556224.705986999,10037815.228906475,IS
2019-03-26,9556224.705986999,10117268.904778386,IS
2019-03-27,9556224.705986999,10117268.904778386,IS
2019-03-28,9556224.705986999,10276181.232079286,IS
2019-03-29,9556224.705986999,10488059.359590078,IS
2019-04-01,9556224.705986999,10408604.68860675,IS
2019-04-02,9556224.705986999,10408604.68860675,IS
2019-04-03,9556224.705986999,10408604.68860675,IS
2019-04-04,9556224.705986999,10673455.582107339,IS
2019-04-05,9556224.705986999,10752910.253090667,IS
2019-04-08,9556224.705986999,10461574.469262302,IS
2019-04-09,9556224.705986999,10461574.469262302,IS
2019-04-10,9556224.705986999,10408604.68860675,IS
2019-04-11,9556224.705986999,10302665.127295647,IS
2019-04-12,9556224.705986999,10143754.790217577,IS
2019-04-15,9556224.705986999,10143754.790217577,IS
2019-04-16,9556224.705986999,10249695.346640095,IS
2019-04-17,9556224.705986999,10249695.346640095,IS
2019-04-18,9556224.705986999,10223208.466089489,IS
2019-04-19,9556224.705986999,10223208.466089489,IS
2019-04-22,9556224.705986999,10011330.3385787,IS
2019-04-23,9556224.705986999,10196724.570873128,IS
2019-04-24,9556224.705986999,10170241.670768185,IS
2019-04-25,9556224.705986999,10143754.790217577,IS
2019-04-26,9556224.705986999,10355635.903062614,IS
2019-04-29,9556224.705986999,10223208.466089489,IS
2019-04-30,9556224.705986999,10037815.228906475,IS
2019-05-01,9556224.705986999,10037815.228906475,IS
2019-05-02,9556224.705986999,10143754.790217577,IS
2019-05-03,9556224.705986999,10117268.904778386,IS
2019-05-06,9556224.705986999,10170241.670768185,IS
2019-05-07,9556224.705986999,10329151.012734838,IS
2019-05-08,9556224.705986999,10329151.012734838,IS
2019-05-09,9556224.705986999,10064300.11923425,IS
2019-05-10,9556224.705986999,10037815.228906475,IS
2019-05-13,9556224.705986999,9984846.443362338,IS
2019-05-14,9556224.705986999,9958359.562811732,IS
2019-05-15,9556224.705986999,9693511.654645389,IS
2019-05-16,9533759.319300426,9534599.327344486,IS
2019-05-17,9299838.420862926,9296235.314394506,IS
2019-05-20,9533759.319300426,9534599.327344486,IS
2019-05-21,9533759.319300426,9534599.327344486,IS
2019-05-22,9377812.053675426,9375689.985377833,IS
2019-05-23,9689709.514612926,9693511.654645389,IS
2019-05-24,9923629.436487926,9931874.672483956,IS
2019-05-27,10071824.788741786,10117268.904778386,IS
2019-05-28,10071824.788741786,9772965.3305173,IS
2019-05-29,10071824.788741786,10011330.3385787,IS
2019-05-30,10071824.788741786,10011330.3385787,IS
2019-05-31,10071824.788741786,10329151.012734838,IS
2019-06-03,10071824.788741786,10329151.012734838,IS
2019-06-04,10071824.788741786,10329151.012734838,IS
2019-06-05,10071824.788741786,10329151.012734838,IS
2019-06-06,10071824.788741786,10329151.012734838,IS
2019-06-07,10071824.788741786,10329151.012734838,IS
2019-06-10,10071824.788741786,10699940.472435115,IS
2019-06-11,10071824.788741786,10646970.691779565,IS
2019-06-12,10071824.788741786,10878405.74394231,IS
2019-06-13,10071824.788741786,11016456.555525327,IS
2019-06-14,10071824.788741786,11016456.555525327,IS
2019-06-17,10071824.788741786,10767965.293698179,IS
2019-06-18,10071824.788741786,10988846.19418644,IS
2019-06-20,10071824.788741786,11154507.367108343,IS
2019-06-21,10071824.788741786,11154507.367108343,IS
2019-06-24,10071824.788741786,10988846.19418644,IS
2019-06-25,10071824.788741786,11071676.283091685,IS
2019-06-26,10071824.788741786,10988846.19418644,IS
2019-06-27,10071824.788741786,11292559.173802776,IS
2019-06-28,10071824.788741786,11430608.990274377,IS
2019-07-01,10071824.788741786,11651489.890762638,IS
2019-07-02,10071824.788741786,11734320.9747793,IS
2019-07-03,10071824.788741786,11706711.608551828,IS
2019-07-04,10071824.788741786,11734320.9747793,IS
2019-07-05,10071824.788741786,11817151.063684544,IS
2019-07-08,10071824.788741786,11789540.702345658,IS
2019-07-09,10071824.788741786,12010421.60283392,IS
2019-07-10,10071824.788741786,11844761.42502343,IS
2019-07-11,10071824.788741786,11789540.702345658,IS
2019-07-12,10071824.788741786,11541050.435629925,IS
2019-07-15,10071824.788741786,11817151.063684544,IS
2019-07-16,10071824.788741786,11706711.608551828,IS
2019-07-17,10071824.788741786,11679100.252101526,IS
2019-07-18,10071824.788741786,11706711.608551828,IS
2019-07-19,10071824.788741786,11789540.702345658,IS
2019-07-22,10071824.788741786,11761930.34100677,IS
2019-07-23,10071824.788741786,11734320.9747793,IS
2019-07-24,10071824.788741786,11568660.79696881,IS
2019-07-25,10071824.788741786,11623879.529423753,IS
2019-07-26,10071824.788741786,11485829.712952152,IS
2019-07-29,10071824.788741786,11596271.158307698,IS
2019-07-30,10071824.788741786,11789540.702345658,IS
2019-07-31,10071824.788741786,11872371.786362316,IS
2019-08-01,10071824.788741786,11817151.063684544,IS
2019-08-02,10071824.788741786,11817151.063684544,IS
2019-08-05,10071824.788741786,11264947.817352476,IS
2019-08-06,10071824.788741786,11402999.624046909,IS
2019-08-07,10071824.788741786,11623879.529423753,IS
2019-08-08,10071824.788741786,11761930.34100677,IS
2019-08-09,10071824.788741786,11761930.34100677,IS
2019-08-12,10071824.788741786,11761930.34100677,IS
2019-08-13,10071824.788741786,11734320.9747793,IS
2019-08-14,10071824.788741786,11844761.42502343,IS
2019-08-15,10071824.788741786,11844761.42502343,IS
2019-08-16,10071824.788741786,11817151.063684544,IS
2019-08-19,10071824.788741786,11982811.24149503,IS
2019-08-20,10071824.788741786,12341743.948677726,IS
2019-08-21,10071824.788741786,12176083.770867238,IS
2019-08-22,10071824.788741786,12286523.225999953,IS
2019-08-23,10071824.788741786,12093253.681961993,IS
2019-08-26,10071824.788741786,11955202.870378977,IS
2019-08-27,10071824.788741786,12093253.681961993,IS
2019-08-28,10071824.788741786,12065642.325511692,IS
2019-08-29,10071824.788741786,12093253.681961993,IS
2019-08-30,10071824.788741786,12286523.225999953,IS
2019-09-02,10071824.788741786,12176083.770867238,IS
2019-09-03,10071824.788741786,12010421.60283392,IS
2019-09-04,10071824.788741786,11844761.42502343,IS
2019-09-05,10071824.788741786,11927591.513928674,IS
2019-09-06,10071824.788741786,11623879.529423753,IS
2019-09-09,10071824.788741786,11789540.702345658,IS
2019-09-10,10071824.788741786,11789540.702345658,IS
2019-09-11,10071824.788741786,11734320.9747793,IS
2019-09-12,10071824.788741786,11513440.074291037,IS
2019-09-13,10071824.788741786,11485829.712952152,IS
2019-09-16,10071824.788741786,11651489.890762638,IS
2019-09-17,10071824.788741786,11789540.702345658,IS
2019-09-18,10071824.788741786,11734320.9747793,IS
2019-09-19,10071824.788741786,11623879.529423753,IS
2019-09-20,10071824.788741786,11844761.42502343,IS
2019-09-23,10071824.788741786,11734320.9747793,IS
2019-09-24,10071824.788741786,11623879.529423753,IS
2019-09-25,10071824.788741786,11651489.890762638,IS
2019-09-26,10071824.788741786,12038030.969061388,IS
2019-09-27,10071824.788741786,11899983.142812617,IS
2019-09-30,10071824.788741786,11899983.142812617,IS
2019-10-01,10071824.788741786,11734320.9747793,IS
2019-10-02,10071824.788741786,11596271.158307698,IS
2019-10-03,10071824.788741786,11596271.158307698,IS
2019-10-04,10071824.788741786,11568660.79696881,IS
2019-10-07,10071824.788741786,11347777.906257719,IS
2019-10-08,10047878.052247718,11292559.173802776,IS
2019-10-09,10121035.571778968,11375389.26270802,IS
2019-10-10,10096648.560060218,11347777.906257719,IS
2019-10-11,10242965.356935218,11513440.074291037,IS
2019-10-14,10291737.622560218,11568660.79696881,IS
2019-10-15,10242965.356935218,11513440.074291037,IS
2019-10-16,10242965.356935218,11513440.074291037,IS
2019-10-17,10242965.356935218,11513440.074291037,IS
2019-10-18,10291737.622560218,11568660.79696881,IS
2019-10-21,10316123.755372718,11596271.158307698,IS
2019-10-22,10354223.46494291,11679100.252101526,IS
2019-10-23,10354223.46494291,11761930.34100677,IS
2019-10-24,10354223.46494291,12010421.60283392,IS
2019-10-25,10354223.46494291,11817151.063684544,IS
2019-10-28,10354223.46494291,11761930.34100677,IS
2019-10-29,10354223.46494291,11955202.870378977,IS
2019-10-30,10354223.46494291,11789540.702345658,IS
2019-10-31,10354223.46494291,11347777.906257719,IS
2019-11-01,10329671.71976412,11264947.817352476,IS
2019-11-04,10505117.300818808,11458221.341836097,IS
2019-11-05,10630433.121131308,11596271.158307698,IS
2019-11-06,10429925.82132662,11375389.26270802,IS
2019-11-07,10304608.194373496,11237337.456013588,IS
2019-11-08,10404861.392615683,11347777.906257719,IS
2019-11-11,10379797.867225058,11320167.544918831,IS
2019-11-12,10544701.22773596,11541050.435629925,IS
2019-11-13,10544701.22773596,11458221.341836097,IS
2019-11-14,10544701.22773596,11182117.728447229,IS
2019-11-15,10544701.22773596,11264947.817352476,IS
2019-11-18,10519980.340905199,11044065.921752797,IS
2019-11-19,10571463.104577074,11099287.639541985,IS
2019-11-20,10751648.602623949,11292559.173802776,IS
2019-11-21,10571463.104577074,11099287.639541985,IS
2019-11-22,10648684.930748949,11182117.728447229,IS
2019-11-25,10359462.521368587,10906015.11016978,IS
2019-11-26,10334979.086910164,10657522.853231216,IS
2019-11-27,10387817.612300789,10712745.56613182,IS
2019-11-28,10229306.796871101,10547082.402987085,IS
2019-11-29,10519907.260738289,10850795.382603422,IS
2019-12-02,10572742.929683601,10906015.11016978,IS
2019-12-03,10493487.998042976,10823184.026153121,IS
2019-12-04,10678416.171871101,11016456.555525327,IS
2019-12-05,10863343.393550789,11209728.089786118,IS
2019-12-06,10932203.574334541,11320167.544918831,IS
2019-12-09,10932203.574334541,11237337.456013588,IS
2019-12-10,10932203.574334541,11154507.367108343,IS
2019-12-11,10932203.574334541,11182117.728447229,IS
2019-12-12,10932203.574334541,10906015.11016978,IS
2019-12-13,10932203.574334541,11016456.555525327,IS
2019-12-16,10932203.574334541,10961236.82795897,IS
2019-12-17,10932203.574334541,10988846.19418644,IS
2019-12-18,10932203.574334541,11016456.555525327,IS
2019-12-19,10932203.574334541,10767965.293698179,IS
2019-12-20,10932203.574334541,11099287.639541985,IS
2019-12-23,10932203.574334541,11099287.639541985,IS
2019-12-26,10932203.574334541,11044065.921752797,IS
2019-12-27,10932203.574334541,11016456.555525327,IS
2019-12-30,10932203.574334541,10961236.82795897,IS
2020-01-02,10932203.574334541,10795575.655037064,IS
2020-01-03,10932203.574334541,10988846.19418644,IS
2020-01-06,10932203.574334541,10933625.471508665,IS
2020-01-07,10932203.574334541,10878405.74394231,IS
2020-01-08,10932203.574334541,10767965.293698179,IS
2020-01-09,10932203.574334541,10933625.471508665,IS
2020-01-10,10932203.574334541,10988846.19418644,IS
2020-01-13,10932203.574334541,11126898.000880871,IS
2020-01-14,10932203.574334541,10906015.11016978,IS
2020-01-15,10932203.574334541,10712745.56613182,IS
2020-01-16,10932203.574334541,10629913.487003746,IS
2020-01-17,10906178.334839305,10519473.036759615,IS
2020-01-20,10906178.334839305,10519473.036759615,IS
2020-01-21,11133781.21569868,10740354.932359293,IS
2020-01-22,11048428.725464305,10657522.853231216,IS
2020-01-23,11105331.752808055,10712745.56613182,IS
2020-01-24,11219130.62976118,10823184.026153121,IS
2020-01-27,10991530.82507368,10602305.115887688,IS
2020-01-28,10963079.311401805,10574693.759437388,IS
2020-01-29,11162231.70397993,10767965.293698179,IS
2020-01-30,11048428.725464305,10657522.853231216,IS
2020-01-31,10904326.458312323,10491863.670532145,IS
2020-02-03,10904326.458312323,10326202.49761024,IS
2020-02-04,10878642.75735437,10381422.225176597,IS
2020-02-05,10907094.271026244,10409033.5816269,IS
2020-02-06,10878642.75735437,10381422.225176597,IS
2020-02-07,10963994.22219812,10464253.309193257,IS
2020-02-10,11020894.173369994,10519473.036759615,IS
2020-02-11,10963994.22219812,10464253.309193257,IS
2020-02-12,11049343.63626062,10547082.402987085,IS
2020-02-13,10793292.317901244,10298592.136271354,IS
2020-02-14,10728139.969612055,10050101.86955562,IS
2020-02-17,10702893.760665752,9967270.78553896,IS
2020-02-18,10732021.641525127,9994881.146877848,IS
2020-02-19,10732021.641525127,9994881.146877848,IS
2020-02-20,10761148.472579814,10022490.51310532,IS
2020-02-21,10935914.707931377,10188151.686027223,IS
2020-02-24,10790277.403243877,10050101.86955562,IS
2020-02-25,10644639.04875169,9912051.057972604,IS
2020-02-26,10596545.155305272,9691168.167261511,IS
2020-02-27,10596545.155305272,9580727.71701738,IS
2020-02-28,10596545.155305272,9635947.444583738,IS
2020-03-02,10596545.155305272,9497896.63300072,IS
2020-03-03,10596545.155305272,9994881.146877848,IS
2020-03-04,10596545.155305272,10574693.759437388,IS
2020-03-05,10596545.155305272,10574693.759437388,IS
2020-03-06,10596545.155305272,10353811.863837712,IS
2020-03-09,10596545.155305272,9663557.805922624,IS
2020-03-10,10596545.155305272,9635947.444583738,IS
2020-03-11,10596545.155305272,9387457.177868007,IS
2020-03-12,10596545.155305272,9138963.925818026,IS
2020-03-13,10596545.155305272,9138963.925818026,IS
2020-03-16,10596545.155305272,8724812.48618039,IS
2020-03-17,10596545.155305272,8117389.014726256,IS
2020-03-18,10596545.155305272,7758456.307543562,IS
2020-03-19,10596545.155305272,7233864.417661795,IS
2020-03-20,10596545.155305272,7951728.33936006,IS
2020-03-23,10596545.155305272,7399524.097916575,IS
2020-03-24,10596545.155305272,7233864.417661795,IS
2020-03-26,10596545.155305272,8227830.460081802,IS
2020-03-27,10596545.155305272,8531540.9519196,IS
2020-03-30,10596545.155305272,8669592.758614033,IS
2020-03-31,10596545.155305272,8724812.48618039,IS
2020-04-01,10596545.155305272,8559152.308369901,IS
2020-04-02,10596545.155305272,8641982.397275146,IS
2020-04-03,10596545.155305272,8835252.936424522,IS
2020-04-06,10596545.155305272,9194185.643607216,IS
2020-04-07,10596545.155305272,8890474.65421371,IS
2020-04-08,10596545.155305272,8586762.669708788,IS
2020-04-09,10596545.155305272,8614373.031047676,IS
2020-04-13,10596545.155305272,8780034.20396958,IS
2020-04-14,10596545.155305272,8945694.381780067,IS
2020-04-15,10596545.155305272,8586762.669708788,IS
2020-04-16,10596545.155305272,8283050.685203868,IS
2020-04-17,10596545.155305272,8918085.015552595,IS
2020-04-20,10596545.155305272,8614373.031047676,IS
2020-04-21,10596545.155305272,8476321.224353243,IS
2020-04-22,10596545.155305272,8724812.48618039,IS
2020-04-23,10596545.155305272,8476321.224353243,IS
2020-04-24,10596545.155305272,8531540.9519196,IS
2020-04-27,10596545.155305272,8697203.119952919,IS
2020-04-28,10596545.155305272,8724812.48618039,IS
2020-04-29,10596545.155305272,9249405.371173572,IS
2020-04-30,10596545.155305272,9663557.805922624,IS
2020-05-04,10596545.155305272,9166574.287156913,IS
2020-05-05,10596545.155305272,9166574.287156913,IS
2020-05-06,10596545.155305272,8945694.381780067,IS
2020-05-08,10596545.155305272,8807642.575085634,IS
2020-05-11,10596545.155305272,8890474.65421371,IS
2020-05-12,10596545.155305272,8697203.119952919,IS
2020-05-13,10596545.155305272,8724812.48618039,IS
2020-05-14,10596545.155305272,8476321.224353243,IS
2020-05-15,10596545.155305272,8559152.308369901,IS
2020-05-18,10596545.155305272,8890474.65421371,IS
2020-05-19,10596545.155305272,9028524.470685313,IS
2020-05-20,10596545.155305272,8780034.20396958,IS
2020-05-26,10596545.155305272,8973303.748007538,IS
2020-05-27,10596545.155305272,8752423.842630692,IS
2020-05-28,10596545.155305272,8641982.397275146,IS
2020-05-29,10596545.155305272,8697203.119952919,IS
2020-06-02,10596545.155305272,8973303.748007538,IS
2020-06-03,10596545.155305272,9083744.198251668,IS
2020-06-04,10596545.155305272,9111354.559590556,IS
2020-06-05,10596545.155305272,8918085.015552595,IS
2020-06-08,10596545.155305272,8918085.015552595,IS
2020-06-09,10596545.155305272,8669592.758614033,IS
2020-06-10,10596545.155305272,8586762.669708788,IS
2020-06-11,10596545.155305272,8503931.58569213,IS
2020-06-12,10571412.796289546,8365879.778997696,IS
2020-06-15,10778693.680078609,8531540.9519196,IS
2020-06-16,11158708.426172359,8835252.936424522,IS
2020-06-17,11155567.174910197,8862863.297763407,IS
2020-06-18,11155567.174910197,9056133.836912783,IS
2020-06-19,11155567.174910197,9056133.836912783,IS
2020-06-22,11155567.174910197,8835252.936424522,IS
2020-06-23,11155567.174910197,8641982.397275146,IS
2020-06-24,11155567.174910197,8780034.20396958,IS
2020-06-25,11155567.174910197,8724812.48618039,IS
2020-06-26,11155567.174910197,8807642.575085634,IS
2020-06-29,11155567.174910197,8780034.20396958,IS
2020-06-30,11155567.174910197,8849869.132897727,IS
2020-07-01,11155567.174910197,8820853.67423993,IS
2020-07-02,11155567.174910197,9111013.236374984,IS
2020-07-03,11155567.174910197,9052981.323947974,IS
2020-07-06,11155567.174910197,8849869.132897727,IS
2020-07-07,11155567.174910197,9052981.323947974,IS
2020-07-08,11155567.174910197,9140028.695032783,IS
2020-07-09,11155567.174910197,9023964.870178761,IS
2020-07-10,11155567.174910197,9023964.870178761,IS
2020-07-13,11155567.174910197,8965932.95775175,IS
2020-07-14,11155567.174910197,8936916.503982535,IS
2020-07-15,11155567.174910197,8965932.95775175,IS
2020-07-16,11155567.174910197,8994949.411520962,IS
2020-07-17,11155567.174910197,8878884.591555525,IS
2020-07-20,11155567.174910197,8878884.591555525,IS
2020-07-21,11155567.174910197,8878884.591555525,IS
2020-07-22,11155567.174910197,8907901.045324737,IS
2020-07-23,11155567.174910197,8907901.045324737,IS
2020-07-24,11155567.174910197,8762821.761812918,IS
2020-07-27,11155567.174910197,8820853.67423993,IS
2020-07-28,11155567.174910197,8762821.761812918,IS
2020-07-29,11155567.174910197,8704789.849385906,IS
2020-07-30,11155567.174910197,8849869.132897727,IS
2020-08-03,11129115.862745896,8472662.199677862,IS
2020-08-04,11242303.728956833,8559709.570762672,IS
2020-08-05,11506410.906691208,8762821.761812918,IS
2020-08-06,11506410.906691208,8762821.761812918,IS
2020-08-07,11355492.889113083,8646757.936958896,IS
2020-08-10,11317762.737745896,8617741.483189683,IS
2020-08-11,11166843.426222458,8501676.663224244,IS
2020-08-12,11242303.728956833,8559709.570762672,IS
2020-08-13,11468680.755324021,8733805.308043705,IS
2020-08-14,11544138.470167771,8791836.2253593,IS
2020-08-18,11580489.95172449,8849869.132897727,IS
2020-08-19,11580489.95172449,8704789.849385906,IS
2020-08-24,11580489.95172449,8704789.849385906,IS
2020-08-25,11580489.95172449,8646757.936958896,IS
2020-08-26,11580489.95172449,8762821.761812918,IS
2020-08-27,11580489.95172449,8675773.395616693,IS
2020-08-28,11580489.95172449,8588725.029420469,IS
2020-08-31,11553115.680675447,8298566.462396829,IS
2020-09-01,11712574.860362947,8414629.292139435,IS
2020-09-02,11911901.227550447,8559709.570762672,IS
2020-09-03,11712574.860362947,8414629.292139435,IS
2020-09-04,11553115.680675447,8298566.462396829,IS
2020-09-07,11712574.860362947,8414629.292139435,IS
2020-09-08,11553115.680675447,8298566.462396829,IS
2020-09-09,11493391.589118166,8124469.73000438,IS
2020-09-10,11466164.310664264,7834310.167869325,IS
2020-09-11,11928172.049922077,8153485.188662179,IS
2020-09-14,12264178.202265827,8385612.838370223,IS
2020-09-15,12012173.588008014,8211517.10108919,IS
2020-09-16,11844171.232050983,8095453.7737908745,IS
2020-09-17,11970174.259394733,8182502.139987099,IS
2020-09-18,12264178.202265827,8385612.838370223,IS
2020-09-21,11928172.049922077,8153485.188662179,IS
2020-09-22,11802169.022578327,8066436.822465953,IS
2020-09-23,11886172.001093952,8124469.73000438,IS
2020-09-24,11739573.124642754,7921358.53406555,IS
2020-09-25,11739573.124642754,7805294.709211527,IS
2020-09-28,11739573.124642754,7718245.845459594,IS
2020-09-29,11739573.124642754,7631198.474374786,IS
2020-09-30,11739573.124642754,7428087.278435955,IS
2020-10-01,11739573.124642754,7979390.944048268,IS
2020-10-02,11739573.124642754,7776277.757886606,IS
2020-10-05,11739573.124642754,7689229.889246089,IS
2020-10-06,11739573.124642754,7689229.889246089,IS
2020-10-07,11739573.124642754,7718245.845459594,IS
2020-10-08,11739573.124642754,7834310.167869325,IS
2020-10-09,11739573.124642754,7921358.53406555,IS
2020-10-12,11739573.124642754,7921358.53406555,IS
2020-10-13,11739573.124642754,7921358.53406555,IS
2020-10-14,11739573.124642754,8153485.188662179,IS
2020-10-15,11739573.124642754,8066436.822465953,IS
2020-10-16,11739573.124642754,7979390.944048268,IS
2020-10-19,11739573.124642754,7863326.124082831,IS
2020-10-20,11739573.124642754,7747262.299228809,IS
2020-10-21,11739573.124642754,7776277.757886606,IS
2020-10-22,11739573.124642754,7834310.167869325,IS
2020-10-23,11739573.124642754,7631198.474374786,IS
2020-10-26,11739573.124642754,7689229.889246089,IS
2020-10-27,11739573.124642754,7602183.513272697,IS
2020-11-02,11711569.875034044,7428087.278435955,IS
2020-11-03,11802689.406284044,7486118.693307259,IS
2020-11-04,11802689.406284044,7486118.693307259,IS
2020-11-05,12625442.108494084,8037421.861363864,IS
2020-11-06,12625442.108494084,8211517.10108919,IS
2020-11-09,12625442.108494084,8356598.37482384,IS
2020-11-10,12625442.108494084,8298566.462396829,IS
2020-11-11,12625442.108494084,8936916.503982535,IS
2020-11-12,12625442.108494084,8820853.67423993,IS
2020-11-13,12625442.108494084,8675773.395616693,IS
2020-11-16,12625442.108494084,8907901.045324737,IS
2020-11-17,12625442.108494084,9343140.88608303,IS
2020-11-18,12625442.108494084,9227077.061229007,IS
2020-11-19,12625442.108494084,9198061.60257121,IS
2020-11-20,12625442.108494084,9343140.88608303,IS
2020-11-23,12625442.108494084,9633299.453106668,IS
2020-11-24,12625442.108494084,9720347.819302892,IS
2020-11-25,12625442.108494084,9517235.628252646,IS
2020-11-26,12625442.108494084,10068539.29386496,IS
2020-11-27,12625442.108494084,10039523.83520716,IS
2020-11-30,12625442.108494084,9372157.339852242,IS
2020-12-01,12625442.108494084,9401172.79851004,IS
2020-12-02,12625442.108494084,9662315.90687588,IS
2020-12-03,12625442.108494084,9575267.540679658,IS
2020-12-04,12625442.108494084,9430187.262056421,IS
2020-12-07,12625442.108494084,9662315.90687588,IS
2020-12-08,12625442.108494084,9575267.540679658,IS
2020-12-10,12625442.108494084,9459204.710937051,IS
2020-12-11,12625442.108494084,9517235.628252646,IS
2020-12-14,12625442.108494084,9633299.453106668,IS
2020-12-15,12625442.108494084,10010507.381437948,IS
2020-12-16,12625442.108494084,10474763.675965453,IS
2020-12-17,12625442.108494084,10271651.484915204,IS
2020-12-18,12625442.108494084,10184603.11871898,IS
2020-12-21,12625442.108494084,10213619.572488194,IS
2020-12-22,12625442.108494084,9749365.268183522,IS
2020-12-23,12625442.108494084,9633299.453106668,IS
2020-12-28,12625442.108494084,9952474.473899521,IS
2020-12-29,12625442.108494084,9923460.010353139,IS
2020-12-30,12625442.108494084,9604283.99444887,IS
2021-01-04,12625442.108494084,10126571.20629197,IS
2021-01-05,12625442.108494084,10068539.29386496,IS
2021-01-06,12625442.108494084,9778379.731729904,IS
2021-01-07,12625442.108494084,9836412.639268331,IS
2021-01-08,12625442.108494084,10358698.856000016,IS
2021-01-11,12625442.108494084,10445746.227084823,IS
2021-01-12,12625442.108494084,10184603.11871898,IS
2021-01-13,12625442.108494084,10097555.747634172,IS
2021-01-14,12625442.108494084,10155586.664949767,IS
2021-01-15,12625442.108494084,10097555.747634172,IS
2021-01-18,12625442.108494084,10010507.381437948,IS
2021-01-19,12625442.108494084,9894444.551695341,IS
2021-01-20,12625442.108494084,10068539.29386496,IS
2021-01-21,12625442.108494084,10097555.747634172,IS
2021-01-22,12625442.108494084,9836412.639268331,IS
2021-01-25,12625442.108494084,9778379.731729904,IS
2021-01-26,12625442.108494084,9459204.710937051,IS
2021-01-27,12625442.108494084,9807395.190387702,IS
2021-01-28,12625442.108494084,9401172.79851004,IS
2021-01-29,12595674.984086193,9023964.870178761,IS
2021-02-01,13074057.991898693,9372157.339852242,IS
2021-02-02,13233518.538773693,9488221.164706264,IS
2021-02-03,13113922.445023693,9401172.79851004,IS
2021-02-04,13313247.445023693,9546252.08202186,IS
2021-02-05,13313247.445023693,9546252.08202186,IS
2021-02-08,13273381.624711193,9517235.628252646,IS
2021-02-09,12954460.530961193,9285107.978544602,IS
2021-02-10,12914594.710648693,9256091.524775388,IS
2021-02-11,12914594.710648693,9256091.524775388,IS
2021-02-15,13034192.171586193,9343140.88608303,IS
2021-02-16,12994324.984086193,9314123.4372024,IS
2021-02-17,12755135.530961193,9140028.695032783,IS
2021-02-18,12874731.624711193,9227077.061229007,IS
2021-02-19,12994324.984086193,9314123.4372024,IS
2021-02-22,12834867.171586193,9198061.60257121,IS
2021-02-23,13983807.064187814,10068539.29386496,IS
2021-02-24,13983807.064187814,10097555.747634172,IS
2021-02-25,13983807.064187814,10126571.20629197,IS
2021-02-26,13983807.064187814,10126571.20629197,IS
2021-03-01,13983807.064187814,10126571.20629197,IS
2021-03-02,13983807.064187814,10039523.83520716,IS
2021-03-03,13983807.064187814,9981490.927668735,IS
2021-03-04,13983807.064187814,9749365.268183522,IS
2021-03-05,13983807.064187814,9633299.453106668,IS
2021-03-08,13983807.064187814,9691331.36553368,IS
2021-03-09,13983807.064187814,9546252.08202186,IS
2021-03-10,13983807.064187814,9865428.097926129,IS
2021-03-12,13983807.064187814,10010507.381437948,IS
2021-03-15,13983807.064187814,9807395.190387702,IS
2021-03-16,13983807.064187814,9749365.268183522,IS
2021-03-17,13983807.064187814,9836412.639268331,IS
2021-03-18,13983807.064187814,10010507.381437948,IS
2021-03-19,13983807.064187814,9981490.927668735,IS
2021-03-22,13983807.064187814,9807395.190387702,IS
2021-03-23,13983807.064187814,9749365.268183522,IS
2021-03-24,13983807.064187814,9778379.731729904,IS
2021-03-25,13983807.064187814,9894444.551695341,IS
2021-03-26,13983807.064187814,10126571.20629197,IS
2021-03-29,13983807.064187814,9894444.551695341,IS
2021-03-30,13983807.064187814,9807395.190387702,IS
2021-03-31,13983807.064187814,9923460.010353139,IS
2021-04-01,13983807.064187814,9836412.639268331,IS
2021-04-05,13983807.064187814,9807395.190387702,IS
2021-04-06,13983807.064187814,9778379.731729904,IS
2021-04-07,13983807.064187814,9865428.097926129,IS
2021-04-08,13983807.064187814,9836412.639268331,IS
2021-04-09,13983807.064187814,9749365.268183522,IS
2021-04-12,13983807.064187814,9604283.99444887,IS
2021-04-13,13983807.064187814,9662315.90687588,IS
2021-04-14,13983807.064187814,9691331.36553368,IS
2021-04-15,13983807.064187814,9749365.268183522,IS
2021-04-16,13983807.064187814,9749365.268183522,IS
2021-04-19,13983807.064187814,9691331.36553368,IS
2021-04-20,13983807.064187814,9633299.453106668,IS
2021-04-21,13983807.064187814,9517235.628252646,IS
2021-04-22,13983807.064187814,9662315.90687588,IS
2021-04-23,13983807.064187814,9604283.99444887,IS
2021-04-26,13983807.064187814,9430187.262056421,IS
2021-04-27,13950320.764009,9169043.158579165,IS
2021-04-28,13862050.988618376,9111013.236374984,IS
2021-04-29,14126867.883149626,9285107.978544602,IS
2021-04-30,14126867.883149626,9285107.978544602,IS
2021-05-03,13994460.949555876,9198061.60257121,IS
2021-05-04,14171003.527680876,9314123.4372024,IS
2021-05-05,14126867.883149626,9285107.978544602,IS
2021-05-06,14082730.7249465,9256091.524775388,IS
2021-05-07,14082730.7249465,9256091.524775388,IS
2021-05-10,13994460.949555876,9198061.60257121,IS
2021-05-11,14038596.594087126,9227077.061229007,IS
2021-05-17,14082730.7249465,9256091.524775388,IS
2021-05-18,14038596.594087126,9227077.061229007,IS
2021-05-19,13950320.764009,9169043.158579165,IS
2021-05-20,14562719.119331107,9604283.99444887,IS
2021-05-21,14562719.119331107,9488221.164706264,IS
2021-05-24,14562719.119331107,9459204.710937051,IS
2021-05-25,14562719.119331107,9575267.540679658,IS
2021-05-27,14562719.119331107,9807395.190387702,IS
2021-05-28,14562719.119331107,9488221.164706264,IS
2021-05-31,14562719.119331107,9981490.927668735,IS
2021-06-02,14562719.119331107,10010507.381437948,IS
2021-06-03,14562719.119331107,10126571.20629197,IS
2021-06-04,14562719.119331107,10155586.664949767,IS
2021-06-07,14562719.119331107,10300666.943573002,IS
2021-06-08,14562719.119331107,10155586.664949767,IS
2021-06-09,14562719.119331107,10332396.071061306,IS
2021-06-10,14562719.119331107,10606706.493679153,IS
2021-06-11,14562719.119331107,10576229.216351751,IS
2021-06-14,14562719.119331107,10393354.60616177,IS
2021-06-15,14562719.119331107,10484790.418589635,IS
2021-06-16,14562719.119331107,10393354.60616177,IS
2021-06-17,14562719.119331107,10210479.995971788,IS
2021-06-18,14562719.119331107,10210479.995971788,IS
2021-06-21,14562719.119331107,10058084.65333204,IS
2021-06-22,14562719.119331107,10058084.65333204,IS
2021-06-23,14562719.119331107,10271437.535960838,IS
2021-06-24,14562719.119331107,9905689.310692294,IS
2021-06-25,14562719.119331107,9905689.310692294,IS
2021-06-28,14562719.119331107,9661857.160513263,IS
2021-06-29,14562719.119331107,9631377.89296303,IS
2021-06-30,14562719.119331107,9600898.625412798,IS
2021-07-01,14562719.119331107,9478982.550323281,IS
2021-07-02,14527994.957621029,9357067.470345182,IS
2021-07-05,14386663.316996029,9265628.672583068,IS
2021-07-06,14245334.752542904,9174191.865043785,IS
2021-07-07,14339554.820902279,9235150.400144251,IS
2021-07-08,14245334.752542904,9174191.865043785,IS
2021-07-09,14951980.650980404,9631377.89296303,IS
2021-07-12,14810652.086527279,9539941.085423747,IS
2021-07-13,14527994.957621029,9357067.470345182,IS
2021-07-14,14480883.385355404,9326587.207683533,IS
2021-07-15,14810652.086527279,9539941.085423747,IS
2021-07-16,14999090.685160091,9661857.160513263,IS
2021-07-19,15234639.317972591,9814252.503153011,IS
2021-07-21,15187529.283792904,9783773.235602777,IS
2021-07-22,15370883.80522392,9936168.578242525,IS
2021-07-23,15370883.80522392,9661857.160513263,IS
2021-07-26,15370883.80522392,9722815.695613729,IS
2021-07-27,15370883.80522392,9966647.84579276,IS
2021-07-28,15370883.80522392,9722815.695613729,IS
2021-07-29,15370883.80522392,9844730.775591828,IS
2021-07-30,15370883.80522392,9875211.038253477,IS
2021-08-02,15370883.80522392,10088563.920882273,IS
2021-08-03,15370883.80522392,10149522.455982741,IS
2021-08-04,15370883.80522392,10271437.535960838,IS
2021-08-05,15370883.80522392,10180000.728421556,IS
2021-08-06,15370883.80522392,10119041.198209675,IS
2021-08-09,15370883.80522392,9905689.310692294,IS
2021-08-10,15370883.80522392,9844730.775591828,IS
2021-08-12,15370883.80522392,10210479.995971788,IS
2021-08-13,15370883.80522392,10058084.65333204,IS
2021-08-16,15370883.80522392,10180000.728421556,IS
2021-08-18,15370883.80522392,10423833.873712003,IS
2021-08-19,15370883.80522392,10332396.071061306,IS
2021-08-20,15370883.80522392,10362875.338611538,IS
2021-08-23,15370883.80522392,10484790.418589635,IS
2021-08-24,15370883.80522392,10362875.338611538,IS
2021-08-25,15370883.80522392,10271437.535960838,IS
2021-08-26,15370883.80522392,10240958.268410606,IS
2021-08-27,15370883.80522392,10119041.198209675,IS
2021-08-30,15370883.80522392,10362875.338611538,IS
2021-08-31,15370883.80522392,10362875.338611538,IS
2021-09-01,15370883.80522392,10180000.728421556,IS
2021-09-02,15370883.80522392,10271437.535960838,IS
2021-09-03,15370883.80522392,10332396.071061306,IS
2021-09-06,15370883.80522392,10332396.071061306,IS
2021-09-07,15370883.80522392,10301917.798622487,IS
2021-09-08,15370883.80522392,10149522.455982741,IS
2021-09-09,15370883.80522392,10332396.071061306,IS
2021-09-10,15370883.80522392,10149522.455982741,IS
2021-09-13,15370883.80522392,10210479.995971788,IS
2021-09-14,15370883.80522392,10484790.418589635,IS
2021-09-15,15370883.80522392,10515270.681251286,IS
2021-09-16,15370883.80522392,10484790.418589635,IS
2021-09-17,15370883.80522392,10759103.826541731,IS
2021-09-20,15370883.80522392,10728623.563880082,IS
2021-09-21,15370883.80522392,10759103.826541731,IS
2021-09-22,15370883.80522392,10941976.44650888,IS
2021-09-23,15370883.80522392,10850539.638969598,IS
2021-09-24,15370883.80522392,10850539.638969598,IS
2021-09-27,15370883.80522392,10728623.563880082,IS
2021-09-28,15370883.80522392,10759103.826541731,IS
2021-09-29,15370883.80522392,10759103.826541731,IS
2021-09-30,15370883.80522392,11246768.126899792,IS
2021-10-01,15370883.80522392,11155330.324249092,IS
2021-10-04,15370883.80522392,11185809.591799328,IS
2021-10-05,15370883.80522392,11185809.591799328,IS
2021-10-06,15370883.80522392,11460120.014417175,IS
2021-10-07,15370883.80522392,11338203.939327657,IS
2021-10-08,15370883.80522392,11582037.084618105,IS
2021-10-11,15370883.80522392,11612516.352168338,IS
2021-10-12,15370883.80522392,11521078.54951764,IS
2021-10-13,15370883.80522392,11490600.277078822,IS
2021-10-14,15370883.80522392,11673472.897045972,IS
2021-10-15,15370883.80522392,11612516.352168338,IS
2021-10-18,15370883.80522392,11551557.817067873,IS
2021-10-19,15370883.80522392,11399162.474428125,IS
2021-10-21,15370883.80522392,11734431.432146437,IS
2021-10-22,15370883.80522392,11795390.962358318,IS
2021-10-25,15370883.80522392,11521078.54951764,IS
2021-10-26,15370883.80522392,11582037.084618105,IS
2021-10-27,15370883.80522392,11551557.817067873,IS
2021-10-28,15370883.80522392,11429641.741978358,IS
2021-10-29,15370883.80522392,11582037.084618105,IS
2021-11-01,15370883.80522392,11277247.394450026,IS
2021-11-02,15370883.80522392,11155330.324249092,IS
2021-11-03,15370883.80522392,11338203.939327657,IS
2021-11-04,15370883.80522392,11490600.277078822,IS
2021-11-05,15370883.80522392,11490600.277078822,IS
2021-11-08,15370883.80522392,11429641.741978358,IS
2021-11-09,15370883.80522392,11307724.671777425,IS
2021-11-10,15370883.80522392,11277247.394450026,IS
2021-11-11,15370883.80522392,11124851.05669886,IS
2021-11-12,15370883.80522392,10972455.714059113,IS
2021-11-15,15370883.80522392,10972455.714059113,IS
2021-11-16,15370883.80522392,11185809.591799328,IS
2021-11-17,15370883.80522392,11063892.521598395,IS
2021-11-18,15370883.80522392,11063892.521598395,IS
2021-11-19,15370883.80522392,11886826.774786185,IS
2021-11-22,15370883.80522392,11582037.084618105,IS
2021-11-23,15370883.80522392,11582037.084618105,IS
2021-11-24,15370883.80522392,11582037.084618105,IS
2021-11-25,15370883.80522392,12191618.455177099,IS
2021-11-26,15370883.80522392,12222097.72272733,IS
2021-11-29,15370883.80522392,12618324.220434694,IS
2021-11-30,15370883.80522392,12161138.192515448,IS
2021-12-01,15370883.80522392,12435451.600467544,IS
2021-12-02,15370883.80522392,12679282.755535157,IS
2021-12-03,15370883.80522392,12404971.337805895,IS
2021-12-06,15370883.80522392,12709762.023085391,IS
2021-12-07,15370883.80522392,12648803.487984926,IS
2021-12-08,15370883.80522392,12465929.87290636,IS
2021-12-09,15370883.80522392,12648803.487984926,IS
2021-12-10,15370883.80522392,12648803.487984926,IS
2021-12-13,15370883.80522392,12435451.600467544,IS
2021-12-14,15370883.80522392,12496408.145345178,IS
2021-12-15,15370883.80522392,12435451.600467544,IS
2021-12-16,15370883.80522392,12496408.145345178,IS
2021-12-17,15370883.80522392,12496408.145345178,IS
2021-12-20,15370883.80522392,12435451.600467544,IS
2021-12-21,15370883.80522392,12679282.755535157,IS
2021-12-22,15370883.80522392,12526886.417783994,IS
2021-12-23,15370883.80522392,12679282.755535157,IS
2021-12-24,15370883.80522392,12526886.417783994,IS
2021-12-27,15370883.80522392,12435451.600467544,IS
2021-12-28,15370883.80522392,12465929.87290636,IS
2021-12-29,15370883.80522392,12435451.600467544,IS
2021-12-30,15370883.80522392,12313533.535155196,IS
2022-01-03,15370883.80522392,12740241.290635623,IS
2022-01-04,15370883.80522392,12709762.023085391,IS
2022-01-05,15370883.80522392,12344012.802705428,IS
2022-01-06,15370883.80522392,12557366.680445643,IS
2022-01-07,15370883.80522392,12709762.023085391,IS
2022-01-10,15370883.80522392,12496408.145345178,IS
2022-01-11,15370883.80522392,12465929.87290636,IS
2022-01-12,15370883.80522392,12526886.417783994,IS
2022-01-13,15370883.80522392,12740241.290635623,IS
2022-01-14,15370883.80522392,12770719.56307444,IS
2022-01-17,15370883.80522392,12740241.290635623,IS
2022-01-18,15370883.80522392,12953594.173264422,IS
2022-01-19,15370883.80522392,12953594.173264422,IS
2022-01-20,15370883.80522392,12862157.36572514,IS
2022-01-21,15370883.80522392,13197426.32344345,IS
2022-01-24,15370883.80522392,13105988.520792753,IS
2022-01-25,15370883.80522392,13075510.248353936,IS
2022-01-26,15370883.80522392,13380300.933633434,IS
2022-01-27,15370883.80522392,13014551.71325347,IS
2022-01-28,15370883.80522392,12984072.445703238,IS
2022-01-31,15370883.80522392,12770719.56307444,IS
2022-02-02,15370883.80522392,12709762.023085391,IS
2022-02-03,15370883.80522392,12801199.825736089,IS
2022-02-04,15370883.80522392,12892634.64305254,IS
2022-02-07,15370883.80522392,13075510.248353936,IS
2022-02-08,15370883.80522392,12892634.64305254,IS
2022-02-09,15370883.80522392,13045031.97591512,IS
2022-02-10,15370883.80522392,13593653.81626223,IS
2022-02-11,15370883.80522392,13563174.548711998,IS
2022-02-14,15370883.80522392,13410779.20607225,IS
2022-02-15,15370883.80522392,13441258.473622482,IS
2022-02-16,15370883.80522392,13410779.20607225,IS
2022-02-17,15370883.80522392,13441258.473622482,IS
2022-02-18,15370883.80522392,13410779.20607225,IS
2022-02-21,15370883.80522392,13319343.393644383,IS
2022-02-22,15370883.80522392,13105988.520792753,IS
2022-02-23,15370883.80522392,13258383.8634325,IS
2022-02-24,15370883.80522392,12923115.900825603,IS
2022-02-25,15370883.80522392,13227905.590993686,IS
2022-03-01,15370883.80522392,13258383.8634325,IS
2022-03-02,15370883.80522392,13075510.248353936,IS
2022-03-04,15370883.80522392,13410779.20607225,IS
2022-03-07,15370883.80522392,13746048.163790563,IS
2022-03-08,15370883.80522392,14081319.111731708,IS
2022-03-09,15370883.80522392,13532696.27627318,IS
2022-03-10,15370883.80522392,13441258.473622482,IS
2022-03-11,15370883.80522392,13989881.309081009,IS
2022-03-14,15370883.80522392,13959402.041530775,IS
2022-03-15,15370883.80522392,14081319.111731708,IS
2022-03-16,15370883.80522392,14111796.389059108,IS
2022-03-17,15370883.80522392,13654612.351362696,IS
2022-03-18,15370883.80522392,13837485.96644126,IS
2022-03-21,15370883.80522392,13867965.233991493,IS
2022-03-22,15370883.80522392,13867965.233991493,IS
2022-03-23,15370883.80522392,13867965.233991493,IS
2022-03-24,15370883.80522392,13898444.501541726,IS
2022-03-25,15370883.80522392,13776527.431340795,IS
2022-03-28,15370883.80522392,14020361.571742656,IS
2022-03-29,15370883.80522392,13898444.501541726,IS
2022-03-30,15370883.80522392,13959402.041530775,IS
2022-03-31,15370883.80522392,13959402.041530775,IS
2022-04-01,15370883.80522392,13959402.041530775,IS
2022-04-04,15370883.80522392,13837485.96644126,IS
2022-04-05,15370883.80522392,13776527.431340795,IS
2022-04-06,15370883.80522392,13502216.013611533,IS
2022-04-07,15370883.80522392,13837485.96644126,IS
2022-04-08,15370883.80522392,13959402.041530775,IS
2022-04-11,15370883.80522392,13989881.309081009,IS
2022-04-12,15370883.80522392,14111796.389059108,IS
2022-04-13,15370883.80522392,14294672.98947192,IS
2022-04-14,15370883.80522392,14264192.726810273,IS
2022-04-18,15370883.80522392,14355630.52946097,IS
2022-04-19,15370883.80522392,14264192.726810273,IS
2022-04-20,15370883.80522392,14111796.389059108,IS
2022-04-21,15370883.80522392,14081319.111731708,IS
2022-04-22,15370883.80522392,14081319.111731708,IS
2022-04-25,15370883.80522392,14355630.52946097,IS
2022-04-26,15370883.80522392,14508025.872100718,IS
2022-04-27,15370883.80522392,14538504.144539535,IS
2022-04-28,15370883.80522392,14081319.111731708,IS
2022-05-09,15370883.80522392,13136467.788342986,IS
2022-05-10,15370883.80522392,13227905.590993686,IS
2022-05-11,15370883.80522392,13197426.32344345,IS
2022-05-12,15370883.80522392,13105988.520792753,IS
2022-05-13,15370883.80522392,12984072.445703238,IS
2022-05-17,15370883.80522392,12740241.290635623,IS
2022-05-18,15370883.80522392,12953594.173264422,IS
2022-05-19,15370883.80522392,12831677.10306349,IS
2022-05-20,15370883.80522392,12709762.023085391,IS
2022-05-23,15370883.80522392,12526886.417783994,IS
2022-05-24,15370883.80522392,12648803.487984926,IS
2022-05-25,15370883.80522392,12801199.825736089,IS
2022-05-27,15370883.80522392,13105988.520792753,IS
2022-05-30,15370883.80522392,12953594.173264422,IS
2022-05-31,15370883.80522392,13136467.788342986,IS
2022-06-02,15370883.80522392,13075510.248353936,IS
2022-06-03,15370883.80522392,13136467.788342986,IS
2022-06-06,15370883.80522392,13227905.590993686,IS
2022-06-07,15370883.80522392,12953594.173264422,IS
2022-06-08,15370883.80522392,12953484.711008698,IS
2022-06-09,15370883.80522392,12795514.754218427,IS
2022-06-10,15370883.80522392,12700734.372322528,IS
2022-06-13,15370883.80522392,12890298.12144857,IS
2022-06-14,15370883.80522392,12985078.503344469,IS
2022-06-15,15370883.80522392,12827110.536777029,IS
2022-06-16,15370883.80522392,12763920.961882655,IS
2022-06-17,15370883.80522392,13016672.29568024,IS
2022-06-20,15370883.80522392,12763920.961882655,IS
2022-06-21,15370883.80522392,12985078.503344469,IS
2022-06-22,15370883.80522392,12795514.754218427,IS
2022-06-23,15370883.80522392,13143048.460134743,IS
2022-06-24,15370883.80522392,13111454.667798972,IS
2022-06-27,15370883.80522392,12858704.3291128,IS
2022-06-28,15370883.80522392,12732328.1646583,IS
2022-06-29,15370883.80522392,12763920.961882655,IS
2022-06-30,15370883.80522392,12637546.787650986,IS
2022-07-01,15370883.80522392,12700734.372322528,IS
2022-07-04,15370883.80522392,12605952.995315215,IS
2022-07-05,15370883.80522392,12605952.995315215,IS
2022-07-06,15370883.80522392,12700734.372322528,IS
2022-07-07,15370883.80522392,12763920.961882655,IS
2022-07-08,15370883.80522392,12669140.579986757,IS
2022-07-11,15370883.80522392,12763920.961882655,IS
2022-07-12,15370883.80522392,12669140.579986757,IS
2022-07-13,15370883.80522392,12447983.038524944,IS
2022-07-14,15370883.80522392,12700734.372322528,IS
2022-07-15,15370883.80522392,13111454.667798972,IS
2022-07-18,15370883.80522392,13237829.837142056,IS
2022-07-19,15370883.80522392,13143048.460134743,IS
2022-07-20,15370883.80522392,13301016.426702183,IS
2022-07-21,15370883.80522392,13458986.383492455,IS
2022-07-22,15370883.80522392,13364205.006485142,IS
2022-07-25,15370883.80522392,13395799.793932328,IS
2022-07-26,15370883.80522392,13427393.586268099,IS
2022-07-27,15370883.80522392,13585362.547946956,IS
2022-07-28,15370883.80522392,13395799.793932328,IS
2022-07-29,15370883.80522392,13364205.006485142,IS
2022-08-01,15370883.80522392,13585362.547946956,IS
2022-08-02,15370883.80522392,14059269.432983525,IS
2022-08-03,15370883.80522392,14217240.384885212,IS
2022-08-04,15370883.80522392,14375209.346564068,IS
2022-08-05,15370883.80522392,14691146.274810366,IS
2022-08-08,15370883.80522392,14849117.226712054,IS
2022-08-09,15370883.80522392,14659553.477586012,IS
2022-08-10,15370883.80522392,14406803.13889984,IS
2022-08-11,15370883.80522392,14438396.931235611,IS
2022-08-12,15370883.80522392,14375209.346564068,IS
2022-08-15,15370883.80522392,14059269.432983525,IS
2022-08-16,15370883.80522392,13932894.263640441,IS
2022-08-18,15370883.80522392,14375209.346564068,IS
2022-08-19,15370883.80522392,14533179.303354342,IS
2022-08-22,15370883.80522392,14691146.274810366,IS
2022-08-23,15370883.80522392,14722742.05736897,IS
2022-08-24,15370883.80522392,15007085.193279495,IS
2022-08-25,15370883.80522392,14438396.931235611,IS
2022-08-26,15370883.80522392,14185647.587660857,IS
2022-08-29,15370883.80522392,14280425.979333924,IS
2022-08-30,15370883.80522392,14154052.80021367,IS
2022-08-31,15370883.80522392,14406803.13889984,IS
2022-09-01,15370883.80522392,14469990.723571384,IS
2022-09-02,15370883.80522392,14533179.303354342,IS
2022-09-05,15370883.80522392,14596365.892914468,IS
2022-09-06,15370883.80522392,14248833.182109568,IS
2022-09-07,15370883.80522392,14185647.587660857,IS
2022-09-08,15370883.80522392,14406803.13889984,IS
2022-09-09,15370883.80522392,14533179.303354342,IS
2022-09-12,15370883.80522392,14343614.559116881,IS
2022-09-13,15370883.80522392,14280425.979333924,IS
2022-09-14,15370883.80522392,14154052.80021367,IS
2022-09-15,15370883.80522392,14217240.384885212,IS
2022-09-16,15370883.80522392,13932894.263640441,IS
2022-09-19,15370883.80522392,14217240.384885212,IS
2022-09-20,15370883.80522392,14154052.80021367,IS
2022-09-21,15370883.80522392,13996081.848311983,IS
2022-09-22,15370883.80522392,13996081.848311983,IS
2022-09-23,15370883.80522392,13838113.881744543,IS
2022-09-26,15370883.80522392,14090864.220430711,IS
2022-09-27,15370883.80522392,14027676.63575917,IS
2022-09-28,15370883.80522392,14122458.012766484,IS
2022-09-29,15370883.80522392,14027676.63575917,IS
2022-09-30,15370883.80522392,14090864.220430711,IS
2022-10-03,15370883.80522392,14090864.220430711,IS
2022-10-04,15370883.80522392,14027676.63575917,IS
2022-10-05,15370883.80522392,14090864.220430711,IS
2022-10-06,15370883.80522392,13996081.848311983,IS
2022-10-07,15370883.80522392,13743331.509625811,IS
2022-10-10,15370883.80522392,13964489.051087627,IS
2022-10-11,15334789.05686869,13616956.340282727,IS
2022-10-12,15439430.536360877,13711737.71729004,IS
2022-10-13,15299908.563704627,13585362.547946956,IS
2022-10-14,15265026.971907752,13553767.760499768,IS
2022-10-17,15404550.043196814,13680143.92495427,IS
2022-10-18,15125506.097884314,13427393.586268099,IS
2022-10-19,14951103.632064002,13269424.624589244,IS
2022-10-20,15474311.02952494,13743331.509625811,IS
2022-10-21,15509191.522689002,13774925.301961582,IS
2022-10-24,15631316.361910202,13932894.263640441,IS
2022-10-25,15631316.361910202,13869708.66919173,IS
2022-10-26,15631316.361910202,13806520.089408772,IS
2022-10-27,15631316.361910202,13806520.089408772,IS
2022-10-28,15631316.361910202,14059269.432983525,IS
2022-10-31,15631316.361910202,13869708.66919173,IS
2022-11-01,15631316.361910202,13964489.051087627,IS
2022-11-02,15594404.620680543,13332611.21414937,IS
2022-11-03,15266527.984938355,13048267.083127428,IS
2022-11-04,15557972.735914918,13301016.426702183,IS
2022-11-07,15812990.191969605,13522174.963275412,IS
2022-11-08,15594404.620680543,13332611.21414937,IS
2022-11-09,15485112.40876648,13237829.837142056,IS
2022-11-10,15412250.934157105,13174642.252470514,IS
2022-11-11,15339389.45954773,13111454.667798972,IS
2022-11-14,15173058.443555254,12795514.754218427,IS
2022-11-15,15173058.443555254,12795514.754218427,IS
2022-11-16,15173058.443555254,12795514.754218427,IS
2022-11-17,15173058.443555254,12763920.961882655,IS
2022-11-18,15173058.443555254,12669140.579986757,IS
2022-11-21,15173058.443555254,12732328.1646583,IS
2022-11-22,15173058.443555254,12637546.787650986,IS
2022-11-23,15173058.443555254,12542764.415532257,IS
2022-11-24,15173058.443555254,12732328.1646583,IS
2022-11-25,15173058.443555254,12732328.1646583,IS
2022-11-28,15173058.443555254,12574359.202979444,IS
2022-11-29,15173058.443555254,12574359.202979444,IS
2022-11-30,15173058.443555254,12763920.961882655,IS
2022-12-01,15173058.443555254,12511170.623196486,IS
2022-12-02,15173058.443555254,12637546.787650986,IS
2022-12-05,15173058.443555254,12132045.115167229,IS
2022-12-06,15173058.443555254,11373792.108885888,IS
2022-12-07,15173058.443555254,11626542.447572056,IS
2022-12-08,15173058.443555254,11816106.196698101,IS
2022-12-09,15173058.443555254,11531761.070564743,IS
2022-12-12,15173058.443555254,11689731.027355015,IS
2022-12-13,15173058.443555254,11847699.989033872,IS
2022-12-14,15173058.443555254,11847699.989033872,IS
2022-12-15,15173058.443555254,11594949.6503477,IS
2022-12-16,15173058.443555254,11626542.447572056,IS
2022-12-19,15173058.443555254,11752917.616915142,IS
2022-12-20,15173058.443555254,11752917.616915142,IS
2022-12-21,15173058.443555254,11974075.158376958,IS
2022-12-22,15173058.443555254,11847699.989033872,IS
2022-12-23,15173058.443555254,11942481.366041187,IS
2022-12-26,15173058.443555254,11847699.989033872,IS
2022-12-27,15173058.443555254,12037262.7430485,IS
2022-12-28,15173058.443555254,11784512.40436233,IS
2022-12-29,15173058.443555254,11942481.366041187,IS
2022-12-30,15173058.443555254,11847699.989033872,IS
2023-01-02,15173058.443555254,12005668.95071273,IS
2023-01-03,15173058.443555254,12195232.699838772,IS
2023-01-04,15173058.443555254,12068857.530495686,IS
2023-01-05,15173058.443555254,11910887.573705416,IS
2023-01-06,15173058.443555254,11721323.824579371,IS
2023-01-09,15173058.443555254,11974075.158376958,IS
2023-01-10,15173058.443555254,12100450.327720042,IS
2023-01-11,15173058.443555254,12226826.492174543,IS
2023-01-12,15173058.443555254,12195232.699838772,IS
2023-01-13,15173058.443555254,11942481.366041187,IS
2023-01-16,15173058.443555254,12163637.912391584,IS
2023-01-17,15173058.443555254,12479576.830860715,IS
2023-01-18,15173058.443555254,12416389.24618917,IS
2023-01-19,15173058.443555254,12290014.076846085,IS
2023-01-20,15173058.443555254,12226826.492174543,IS
2023-01-24,15173058.443555254,12163637.912391584,IS
2023-01-25,15173058.443555254,12132045.115167229,IS
2023-01-26,15173058.443555254,12542764.415532257,IS
2023-01-27,15173058.443555254,12511170.623196486,IS
2023-01-30,15173058.443555254,12511170.623196486,IS
2023-01-31,15173058.443555254,12163637.912391584,IS
2023-02-01,15173058.443555254,12226826.492174543,IS
2023-02-02,15173058.443555254,12290014.076846085,IS
2023-02-03,15173058.443555254,12258419.2893989,IS
2023-02-06,15173058.443555254,12258419.2893989,IS
2023-02-07,15173058.443555254,12005668.95071273,IS
2023-02-08,15173058.443555254,12132045.115167229,IS
2023-02-09,15173058.443555254,11910887.573705416,IS
2023-02-10,15173058.443555254,12005668.95071273,IS
2023-02-13,15173058.443555254,11974075.158376958,IS
2023-02-14,15173058.443555254,12005668.95071273,IS
2023-02-15,15173058.443555254,11974075.158376958,IS
2023-02-16,15173058.443555254,11910887.573705416,IS
2023-02-17,15173058.443555254,11879293.781369643,IS
2023-02-20,15173058.443555254,12068857.530495686,IS
2023-02-21,15173058.443555254,12132045.115167229,IS
2023-02-22,15173058.443555254,12195232.699838772,IS
2023-02-23,15173058.443555254,12542764.415532257,IS
2023-02-24,15173058.443555254,12763920.961882655,IS
2023-02-27,15173058.443555254,12511170.623196486,IS
2023-02-28,15173058.443555254,12258419.2893989,IS
2023-03-01,15173058.443555254,12416389.24618917,IS
2023-03-02,15173058.443555254,12258419.2893989,IS
2023-03-03,15173058.443555254,12321607.869181857,IS
2023-03-06,15173058.443555254,12258419.2893989,IS
2023-03-07,15173058.443555254,12258419.2893989,IS
2023-03-08,15173058.443555254,12447983.038524944,IS
2023-03-09,15173058.443555254,12542764.415532257,IS
2023-03-10,15173058.443555254,12669140.579986757,IS
2023-03-13,15173058.443555254,12858704.3291128,IS
2023-03-14,15173058.443555254,12700734.372322528,IS
2023-03-15,15173058.443555254,12669140.579986757,IS
2023-03-16,15173058.443555254,12795514.754218427,IS
2023-03-17,15173058.443555254,12795514.754218427,IS
2023-03-20,15173058.443555254,12605952.995315215,IS
2023-03-21,15173058.443555254,13016672.29568024,IS
2023-03-24,15173058.443555254,12858704.3291128,IS
2023-03-27,15173058.443555254,12795514.754218427,IS
2023-03-28,15173058.443555254,12795514.754218427,IS
2023-03-29,15173058.443555254,12953484.711008698,IS
2023-03-30,15173058.443555254,12921891.913784342,IS
2023-03-31,15173058.443555254,12827110.536777029,IS
2023-04-03,15173058.443555254,12890298.12144857,IS
2023-04-04,15173058.443555254,12827110.536777029,IS
2023-04-05,15173058.443555254,13111454.667798972,IS
2023-04-06,15173058.443555254,13427393.586268099,IS
2023-04-10,15173058.443555254,13585362.547946956,IS
2023-04-11,15173058.443555254,13585362.547946956,IS
2023-04-12,15173058.443555254,13616956.340282727,IS
2023-04-13,15173058.443555254,13711737.71729004,IS
2023-04-14,15173058.443555254,13711737.71729004,IS
2023-04-17,15173058.443555254,13490581.170939641,IS
2023-04-18,15173058.443555254,13490581.170939641,IS
2023-04-26,15173058.443555254,13901300.47130467,IS
2023-04-27,15173058.443555254,13648550.132618498,IS
2023-04-28,15173058.443555254,13427393.586268099,IS
2023-05-02,15173058.443555254,13237829.837142056,IS
2023-05-03,15173058.443555254,13111454.667798972,IS
2023-05-04,15173058.443555254,13111454.667798972,IS
2023-05-05,15173058.443555254,13174642.252470514,IS
2023-05-08,15173058.443555254,12827110.536777029,IS
2023-05-09,15173058.443555254,12858704.3291128,IS
2023-05-10,15173058.443555254,13048267.083127428,IS
2023-05-11,15173058.443555254,12921891.913784342,IS
2023-05-12,15136764.5633027,12574359.202979444,IS
2023-05-15,15136764.5633027,12574359.202979444,IS
2023-05-16,15136764.5633027,12574359.202979444,IS
2023-05-17,15174745.544748012,12605952.995315215,IS
2023-05-19,15288688.48908395,12700734.372322528,IS
2023-05-22,15364649.255685512,12763920.961882655,IS
2023-05-23,15364649.255685512,12763920.961882655,IS
2023-05-24,15820423.425607387,13143048.460134743,IS
2023-05-25,15668498.303537074,13016672.29568024,IS
2023-05-26,15706480.48127145,13048267.083127428,IS
2023-05-29,15918134.706490751,13269424.624589244,IS
2023-05-30,15918134.706490751,13016672.29568024,IS
2023-05-31,15918134.706490751,12763920.961882655,IS
2023-06-05,15918134.706490751,12890298.12144857,IS
2023-06-06,15918134.706490751,12921891.913784342,IS
2023-06-07,15918134.706490751,13111454.667798972,IS
2023-06-08,15918134.706490751,13174642.252470514,IS
2023-06-09,15918134.706490751,13111454.667798972,IS
2023-06-12,15918134.706490751,13334012.331022618,IS
2023-06-13,15918134.706490751,13268165.808648434,IS
2023-06-14,15918134.706490751,13169396.025087157,IS
2023-06-15,15918134.706490751,13235242.54746134,IS
2023-06-16,15918134.706490751,13070625.246414464,IS
2023-06-19,15918134.706490751,13037701.985227372,IS
2023-06-20,15918134.706490751,13136472.763900064,IS
2023-06-21,15918134.706490751,13103548.507601557,IS
2023-06-22,15918134.706490751,12971854.467741773,IS
2023-06-23,15918134.706490751,13004778.724040281,IS
2023-06-26,15918134.706490751,13136472.763900064,IS
2023-06-27,15918134.706490751,13169396.025087157,IS
2023-07-03,15918134.706490751,13169396.025087157,IS
2023-07-04,15918134.706490751,13070625.246414464,IS
2023-07-05,15918134.706490751,13103548.507601557,IS
2023-07-06,15918134.706490751,13037701.985227372,IS
2023-07-07,15918134.706490751,13037701.985227372,IS
2023-07-10,15918134.706490751,13004778.724040281,IS
2023-07-11,15918134.706490751,13103548.507601557,IS
2023-07-12,15918134.706490751,13103548.507601557,IS
2023-07-13,15918134.706490751,12906007.945367588,IS
2023-07-14,15918134.706490751,12938931.206554681,IS
2023-07-17,15918134.706490751,12873084.684180496,IS
2023-07-18,15918134.706490751,12675543.12683511,IS
2023-07-20,15918134.706490751,12675543.12683511,IS
2023-07-21,15918134.706490751,12708466.388022201,IS
2023-07-24,15918134.706490751,12840160.427881986,IS
2023-07-25,15918134.706490751,12774313.905507801,IS
2023-07-26,15918134.706490751,12774313.905507801,IS
2023-07-27,15880619.821005488,12247538.741180079,IS
2023-07-28,15880619.821005488,12247538.741180079,IS
2023-07-31,15880619.821005488,12247538.741180079,IS
2023-08-01,16006627.145224238,12346308.524741355,IS
2023-08-02,15754609.957724238,12148766.96739597,IS
2023-08-03,15880619.821005488,12247538.741180079,IS
2023-08-04,15754609.957724238,12148766.96739597,IS
2023-08-07,15712608.785849238,12115844.701320292,IS
2023-08-08,15922622.262411738,12280462.002367172,IS
2023-08-09,16090632.028036738,12412155.04711554,IS
2023-08-10,16216640.621786738,12510925.825788233,IS
2023-08-11,16258644.332724238,12543850.08208674,IS
2023-08-14,16342649.215536738,12609696.604460925,IS
2023-08-15,16300645.504599238,12576772.348162416,IS
2023-08-16,16342649.215536738,12609696.604460925,IS
2023-08-18,16048629.586630488,12379231.785928449,IS
2023-08-21,15964624.703817988,12313385.263554264,IS
2023-08-22,16006627.145224238,12346308.524741355,IS
2023-08-23,15964624.703817988,12313385.263554264,IS
2023-08-24,15893938.566144846,12247538.741180079,IS
2023-08-25,15893938.566144846,12247538.741180079,IS
2023-08-28,15893938.566144846,12181691.223694477,IS
2023-08-29,15893938.566144846,12247538.741180079,IS
2023-08-30,15893938.566144846,12543850.08208674,IS
2023-08-31,15893938.566144846,12280462.002367172,IS
2023-09-01,15893938.566144846,12247538.741180079,IS
2023-09-04,15893938.566144846,12280462.002367172,IS
2023-09-05,15893938.566144846,12313385.263554264,IS
2023-09-06,15893938.566144846,12478002.56460114,IS
2023-09-07,15893938.566144846,12379231.785928449,IS
2023-09-08,15893938.566144846,12148766.96739597,IS
2023-09-11,15893938.566144846,12181691.223694477,IS
2023-09-12,15893938.566144846,12214614.484881572,IS
2023-09-13,15893938.566144846,12214614.484881572,IS
2023-09-14,15893938.566144846,12115844.701320292,IS
2023-09-15,15893938.566144846,12247538.741180079,IS
2023-09-18,15893938.566144846,12115844.701320292,IS
2023-09-19,15893938.566144846,12280462.002367172,IS
2023-09-20,15893938.566144846,12543850.08208674,IS
2023-09-21,15893938.566144846,12543850.08208674,IS
2023-09-22,15893938.566144846,12708466.388022201,IS
2023-09-25,15893938.566144846,12412155.04711554,IS
2023-09-26,15893938.566144846,12379231.785928449,IS
2023-09-27,15893938.566144846,12247538.741180079,IS
2023-09-29,15893938.566144846,12346308.524741355,IS
2023-10-02,15893938.566144846,12346308.524741355,IS
2023-10-03,15893938.566144846,12412155.04711554,IS
2023-10-04,15893938.566144846,12445078.308302633,IS
2023-10-05,15893938.566144846,12247538.741180079,IS
2023-10-06,15893938.566144846,12445078.308302633,IS
2023-10-09,15893938.566144846,12379231.785928449,IS
2023-10-10,15893938.566144846,12543850.08208674,IS
2023-10-11,15893938.566144846,12445078.308302633,IS
2023-10-12,15893938.566144846,12609696.604460925,IS
2023-10-13,15893938.566144846,12675543.12683511,IS
2023-10-16,15893938.566144846,12379231.785928449,IS
2023-10-17,15893938.566144846,12478002.56460114,IS
2023-10-18,15893938.566144846,12346308.524741355,IS
2023-10-19,15893938.566144846,12280462.002367172,IS
2023-10-20,15893938.566144846,12181691.223694477,IS
2023-10-23,15893938.566144846,11885378.887676401,IS
2023-10-24,15893938.566144846,12017073.922647601,IS
2023-10-25,15893938.566144846,11852456.621600725,IS
2023-10-26,15893938.566144846,11457374.502021369,IS
2023-10-27,15893938.566144846,11523222.019506969,IS
2023-10-30,15893938.566144846,11259833.9397874,IS
2023-10-31,15893938.566144846,11490297.763208462,IS
2023-11-01,15893938.566144846,11918303.14397491,IS
2023-11-02,15893938.566144846,11918303.14397491,IS
2023-11-03,15893938.566144846,11753685.842928031,IS
2023-11-06,15893938.566144846,12017073.922647601,IS
2023-11-07,15893938.566144846,11753685.842928031,IS
2023-12-19,10000000.0,15893938.566144846,OOS
2023-12-20,10000000.0,15853903.733775344,OOS
2023-12-21,10000000.0,15813868.901405843,OOS
2023-12-22,10000000.0,15853903.733775344,OOS
2023-12-27,10000000.0,15773832.858976422,OOS
2023-12-28,10000000.0,15853903.733775344,OOS
2023-12-29,10000000.0,15813868.901405843,OOS
2024-01-02,10000000.0,15974009.440943768,OOS
2024-01-03,10000000.0,15853903.733775344,OOS
2024-01-04,10000000.0,15893938.566144846,OOS
2024-01-05,10000000.0,15573658.697128912,OOS
2024-01-08,10000000.0,15573658.697128912,OOS
2024-01-09,10000000.0,15853903.733775344,OOS
2024-01-10,10000000.0,16014044.27331327,OOS
2024-01-11,10000000.0,15974009.440943768,OOS
2024-01-12,10000000.0,16054079.105682772,OOS
2024-01-15,10000000.0,16014044.27331327,OOS
2024-01-16,10000000.0,16054079.105682772,OOS
2024-01-17,10000000.0,15974009.440943768,OOS
2024-01-18,10000000.0,15813868.901405843,OOS
2024-01-19,10000000.0,15773832.858976422,OOS
2024-01-22,10000000.0,15933973.39851435,OOS
2024-01-23,10000000.0,15813868.901405843,OOS
2024-01-24,10000000.0,15893938.566144846,OOS
2024-01-25,10000000.0,15933973.39851435,OOS
2024-01-26,10000000.0,15933973.39851435,OOS
2024-01-29,10000000.0,16054079.105682772,OOS
2024-01-30,10000000.0,16014044.27331327,OOS
2024-01-31,10000000.0,15853903.733775344,OOS
2024-02-01,10000000.0,16174184.812851198,OOS
2024-02-02,10000000.0,15974009.440943768,OOS
2024-02-05,10000000.0,15933973.39851435,OOS
2024-02-06,10000000.0,15933973.39851435,OOS
2024-02-07,10000000.0,15933973.39851435,OOS
2024-02-12,10000000.0,16014044.27331327,OOS
2024-02-13,10000000.0,15933973.39851435,OOS
2024-02-15,10000000.0,16134148.770421775,OOS
2024-02-16,10000000.0,16654606.431464974,OOS
2024-02-19,10000000.0,16654606.431464974,OOS
2024-02-20,10000000.0,16854780.593312483,OOS
2024-02-21,10000000.0,16734676.096203977,OOS
2024-02-22,10000000.0,16374360.184758626,OOS
2024-02-23,10000000.0,16414395.017128127,OOS
2024-02-26,10000000.0,16374360.184758626,OOS
2024-02-27,10000000.0,15974009.440943768,OOS
2024-02-28,10000000.0,15974009.440943768,OOS
2024-02-29,10000000.0,16014044.27331327,OOS
2024-03-01,10000000.0,15693763.194237417,OOS
2024-03-04,10000000.0,15773832.858976422,OOS
2024-03-05,10000000.0,15493587.82232999,OOS
2024-03-06,10000000.0,15613692.319438495,OOS
2024-03-07,10000000.0,15613692.319438495,OOS
2024-03-08,10000000.0,15453551.77990057,OOS
2024-03-13,10000000.0,15613692.319438495,OOS
2024-03-14,10000000.0,15853903.733775344,OOS
2024-03-15,10000000.0,15893938.566144846,OOS
2024-03-18,10000000.0,15693763.194237417,OOS
2024-03-19,10000000.0,15773832.858976422,OOS
2024-03-20,10000000.0,15733798.026606921,OOS
2024-03-21,10000000.0,15573658.697128912,OOS
2024-03-22,10000000.0,15613692.319438495,OOS
2024-03-25,10000000.0,14933096.538977206,OOS
2024-03-26,10000000.0,14492709.752732933,OOS
2024-03-27,10000000.0,13972253.30174965,OOS
2024-03-28,10000000.0,13892182.426950729,OOS
2024-04-01,10000000.0,14052324.176548572,OOS
2024-04-02,10000000.0,13972253.30174965,OOS
2024-04-03,10000000.0,13692008.265103217,OOS
2024-04-04,10000000.0,13812112.762211725,OOS
2024-04-05,10000000.0,13732043.097472722,OOS
2024-04-16,10000000.0,12891304.35735367,OOS
2024-04-17,10000000.0,12811234.692614667,OOS
2024-04-18,10000000.0,13011411.274582012,OOS
2024-04-19,10000000.0,12611059.320707237,OOS
2024-04-22,10000000.0,12691130.19550616,OOS
2024-04-23,10000000.0,12410885.158859726,OOS
2024-04-24,10000000.0,12170673.744522879,OOS
2024-04-25,10000000.0,12170673.744522879,OOS
2024-04-26,10000000.0,12130637.70209346,OOS
2024-04-29,10000000.0,12330814.284060804,OOS
2024-04-30,10000000.0,12691130.19550616,OOS
2024-05-02,10000000.0,12490954.82359873,OOS
2024-05-03,10000000.0,12651094.15307674,OOS
2024-05-06,10000000.0,12210708.576892382,OOS
2024-05-07,10000000.0,12370849.116430307,OOS
2024-05-08,10000000.0,12330814.284060804,OOS
2024-05-13,10000000.0,12370849.116430307,OOS
2024-05-14,10000000.0,12490954.82359873,OOS
2024-05-15,10000000.0,12410885.158859726,OOS
2024-05-16,10000000.0,12786861.66575698,OOS
2024-05-17,10000000.0,12701898.518711727,OOS
2024-05-20,10000000.0,12701898.518711727,OOS
2024-05-21,10000000.0,12531973.434681136,OOS
2024-05-22,10000000.0,12489491.86115851,OOS
2024-05-27,10000000.0,11937236.245604029,OOS
2024-05-28,10000000.0,12149641.693097329,OOS
2024-05-29,10000000.0,11937236.245604029,OOS
2024-05-30,10000000.0,11937236.245604029,OOS
2024-05-31,10000000.0,12319567.987187836,OOS
2024-06-03,10000000.0,12447011.4976958,OOS
2024-06-04,10000000.0,12744380.092234354,OOS
2024-06-05,10000000.0,12999268.323310196,OOS
2024-06-06,10000000.0,12956786.74978757,OOS
2024-06-07,10000000.0,12956786.74978757,OOS
2024-06-10,10000000.0,12786861.66575698,OOS
2024-06-11,10000000.0,12234604.840142582,OOS
2024-06-12,10000000.0,12404529.924173173,OOS
2024-06-13,10000000.0,12064679.756111993,OOS
2024-06-14,10000000.0,11554904.504020222,OOS
2024-06-19,10000000.0,12022199.392649284,OOS
2024-06-20,10000000.0,12064679.756111993,OOS
2024-06-21,10000000.0,12531973.434681136,OOS
2024-06-24,10000000.0,12531973.434681136,OOS
2024-06-25,10000000.0,12701898.518711727,OOS
2024-06-26,10000000.0,12744380.092234354,OOS
2024-06-27,10000000.0,12871823.602742316,OOS
2024-06-28,10000000.0,13296636.917848751,OOS
2024-07-01,10000000.0,13126711.833818162,OOS
2024-07-02,10000000.0,12914305.176264945,OOS
2024-07-03,10000000.0,12871823.602742316,OOS
2024-07-04,10000000.0,12574455.008203764,OOS
2024-07-05,10000000.0,12829342.02921969,OOS
2024-07-08,10000000.0,13084230.260295535,OOS
2024-07-09,10000000.0,13084230.260295535,OOS
2024-07-10,10000000.0,13424080.428356716,OOS
2024-07-11,10000000.0,13509043.575401967,OOS
2024-07-12,10000000.0,13678967.449372642,OOS
2024-07-15,10000000.0,13424080.428356716,OOS
2024-07-16,10000000.0,13169193.407340787,OOS
2024-07-17,10000000.0,13806412.169940522,OOS
2024-07-18,10000000.0,13636487.085909933,OOS
2024-07-19,10000000.0,13339117.281311462,OOS
2024-07-22,10000000.0,13169193.407340787,OOS
2024-07-23,10000000.0,13424080.428356716,OOS
2024-07-24,10000000.0,12999268.323310196,OOS
2024-07-25,10000000.0,13126711.833818162,OOS
2024-07-26,10000000.0,13169193.407340787,OOS
2024-07-29,10000000.0,12956786.74978757,OOS
2024-07-30,9976293.566009913,12234604.840142582,OOS
2024-07-31,9976293.566009913,12234604.840142582,OOS
2024-08-01,9976293.566009913,12234604.840142582,OOS
2024-08-02,9873442.003509913,12107161.32963462,OOS
2024-08-05,9667737.901947413,11852273.098558776,OOS
2024-08-06,9667737.901947413,11852273.098558776,OOS
2024-08-07,9770590.441009913,11979717.819126656,OOS
2024-08-08,9873442.003509913,12107161.32963462,OOS
2024-08-09,9804874.620697413,12022199.392649284,OOS
2024-08-12,9942009.386322413,12192123.266619956,OOS
2024-08-13,9873442.003509913,12107161.32963462,OOS
2024-08-14,9907725.206634913,12149641.693097329,OOS
2024-08-15,9942009.386322413,12192123.266619956,OOS
2024-08-16,10250565.050384913,12574455.008203764,OOS
2024-08-19,10147713.487884913,12447011.4976958,OOS
2024-08-20,10319133.409759913,12659418.155249016,OOS
2024-08-21,10284849.230072413,12616936.58172639,OOS
2024-08-22,10113429.308197413,12404529.924173173,OOS
2024-08-23,10216280.870697413,12531973.434681136,OOS
2024-08-26,10284411.742011817,12659418.155249016,OOS
2024-08-27,10284411.742011817,12701898.518711727,OOS
2024-08-28,10284411.742011817,12659418.155249016,OOS
2024-08-29,10284411.742011817,12871823.602742316,OOS
2024-08-30,10284411.742011817,12999268.323310196,OOS
2024-09-02,10284411.742011817,13339117.281311462,OOS
2024-09-03,10284411.742011817,13084230.260295535,OOS
2024-09-04,10284411.742011817,13084230.260295535,OOS
2024-09-05,10284411.742011817,12829342.02921969,OOS
2024-09-06,10284411.742011817,12914305.176264945,OOS
2024-09-09,10284411.742011817,12871823.602742316,OOS
2024-09-10,10284411.742011817,12871823.602742316,OOS
2024-09-11,10284411.742011817,12914305.176264945,OOS
2024-09-12,10284411.742011817,12956786.74978757,OOS
2024-09-13,10284411.742011817,13211673.770803498,OOS
2024-09-17,10284411.742011817,13126711.833818162,OOS
2024-09-18,10284411.742011817,13254155.344326125,OOS
2024-09-19,10284411.742011817,13339117.281311462,OOS
2024-09-20,10284411.742011817,13381598.854834087,OOS
2024-09-23,10284411.742011817,13466562.001879342,OOS
2024-09-24,10284411.742011817,13424080.428356716,OOS
2024-09-25,10284411.742011817,13551523.938864678,OOS
2024-09-26,10284411.742011817,13466562.001879342,OOS
2024-09-27,10284411.742011817,12956786.74978757,OOS
2024-09-30,10284411.742011817,12701898.518711727,OOS
2024-10-01,10284411.742011817,12829342.02921969,OOS
2024-10-02,10284411.742011817,12404529.924173173,OOS
2024-10-03,10284411.742011817,12277086.41366521,OOS
2024-10-04,10284411.742011817,12234604.840142582,OOS
2024-10-07,10284411.742011817,12319567.987187836,OOS
2024-10-08,10284411.742011817,12701898.518711727,OOS
2024-10-09,10284411.742011817,12574455.008203764,OOS
2024-10-10,10284411.742011817,12531973.434681136,OOS
2024-10-11,10284411.742011817,12489491.86115851,OOS
2024-10-14,10284411.742011817,12319567.987187836,OOS
2024-10-15,10284411.742011817,12489491.86115851,OOS
2024-10-16,10284411.742011817,12744380.092234354,OOS
2024-10-17,10284411.742011817,12914305.176264945,OOS
2024-10-18,10284411.742011817,13169193.407340787,OOS
2024-10-21,10284411.742011817,13169193.407340787,OOS
2024-10-22,10284411.742011817,12786861.66575698,OOS
2024-10-23,10284411.742011817,12489491.86115851,OOS
2024-10-24,10284411.742011817,12319567.987187836,OOS
2024-10-25,10284411.742011817,12362048.350650545,OOS
2024-10-28,10284411.742011817,12404529.924173173,OOS
2024-10-29,10284411.742011817,12319567.987187836,OOS
2024-10-30,10284411.742011817,12319567.987187836,OOS
2024-10-31,10284411.742011817,11979717.819126656,OOS
2024-11-01,10284411.742011817,11809791.525036149,OOS
2024-11-04,10284411.742011817,11894754.672081402,OOS
2024-11-05,10284411.742011817,11767311.16157344,OOS
2024-11-06,10284411.742011817,11639867.651065474,OOS
2024-11-07,10284411.742011817,11724829.58805081,OOS
2024-11-08,10284411.742011817,11682349.224588104,OOS
2024-11-11,10284411.742011817,11427460.993512258,OOS
2024-11-12,10284411.742011817,11045130.461988369,OOS
2024-11-13,10284411.742011817,10960167.314943114,OOS
2024-11-14,10284411.742011817,10747760.657389898,OOS
2024-11-15,10284411.742011817,10790241.020852607,OOS
2024-11-18,10284411.742011817,11002648.888465742,OOS
2024-11-19,10284411.742011817,11809791.525036149,OOS
2024-11-20,10284411.742011817,11384980.630049549,OOS
2024-11-21,10284411.742011817,11767311.16157344,OOS
2024-11-22,10284411.742011817,11682349.224588104,OOS
2024-11-25,10284411.742011817,11639867.651065474,OOS
2024-11-26,10284411.742011817,11512422.930497594,OOS
2024-11-28,10284411.742011817,11554904.504020222,OOS
2024-11-29,10284411.742011817,11512422.930497594,OOS
2024-12-02,10284411.742011817,11384980.630049549,OOS
2024-12-03,10284411.742011817,11979717.819126656,OOS
2024-12-04,10284411.742011817,12064679.756111993,OOS
2024-12-05,10284411.742011817,11767311.16157344,OOS
2024-12-06,10284411.742011817,11724829.58805081,OOS
2024-12-09,10284411.742011817,11639867.651065474,OOS
2024-12-10,10284411.742011817,11767311.16157344,OOS
2024-12-11,10284411.742011817,12149641.693097329,OOS
2024-12-12,10284411.742011817,11979717.819126656,OOS
2024-12-13,10284411.742011817,11852273.098558776,OOS
2024-12-16,10284411.742011817,11300017.483004294,OOS
2024-12-17,10284411.742011817,11130091.188913789,OOS
2024-12-18,10284411.742011817,10917685.741420489,OOS
2024-12-19,10259941.845253699,10747760.657389898,OOS
2024-12-20,10340508.520058386,10832722.594375234,OOS
2024-12-23,10743345.336464636,11257535.909481669,OOS
2024-12-24,11068386.024004173,11639867.651065474,OOS
2024-12-27,11068386.024004173,11682349.224588104,OOS
2024-12-30,11068386.024004173,11512422.930497594,OOS
2025-01-02,11068386.024004173,11469941.356974969,OOS
2025-01-03,11068386.024004173,11682349.224588104,OOS
2025-01-06,11068386.024004173,11427460.993512258,OOS
2025-01-07,11041942.648867087,10917685.741420489,OOS
2025-01-08,11384782.004335837,11257535.909481669,OOS
2025-01-09,11256216.330507712,11130091.188913789,OOS
2025-01-10,11513347.678163962,11384980.630049549,OOS
2025-01-13,11470492.453554587,11342499.056526924,OOS
2025-01-14,11256216.330507712,11130091.188913789,OOS
2025-01-15,11299071.555117087,11172572.762436414,OOS
2025-01-16,11127653.098085837,11002648.888465742,OOS
2025-01-17,11427637.228945212,11300017.483004294,OOS
2025-01-20,11213361.105898337,11087609.61539116,OOS
2025-01-21,11299071.555117087,11172572.762436414,OOS
2025-01-22,11687860.390817652,11597386.077542849,OOS
2025-01-23,11687860.390817652,11512422.930497594,OOS
2025-01-24,11687860.390817652,11427460.993512258,OOS
2025-01-30,11687860.390817652,11215054.33595904,OOS
2025-01-31,11687860.390817652,11300017.483004294,OOS
2025-02-03,11687860.390817652,11172572.762436414,OOS
2025-02-04,11687860.390817652,11215054.33595904,OOS
2025-02-05,11687860.390817652,11130091.188913789,OOS
2025-02-06,11687860.390817652,10875204.16789786,OOS
2025-02-07,11687860.390817652,11002648.888465742,OOS
2025-02-10,11660244.041991882,10365428.915806089,OOS
2025-02-11,11094559.105468445,9855653.663714318,OOS
2025-02-12,11848805.687499695,10535353.99983668,OOS
2025-02-13,11565963.890624695,10280466.978820752,OOS
2025-02-14,12084508.08007782,10747760.657389898,OOS
2025-02-17,12607737.623076305,11257535.909481669,OOS
2025-02-18,12607737.623076305,11384980.630049549,OOS
2025-02-19,12607737.623076305,11342499.056526924,OOS
2025-02-20,12607737.623076305,11342499.056526924,OOS
2025-02-21,12607737.623076305,11257535.909481669,OOS
2025-02-24,12607737.623076305,11045130.461988369,OOS
2025-02-25,12607737.623076305,10450390.852791427,OOS
2025-02-26,12607737.623076305,10705280.293927187,OOS
2025-02-27,12607737.623076305,10577835.573359307,OOS
2025-02-28,12577754.745819569,9983097.779252242,OOS
2025-03-03,12843454.867889881,10195503.8317755,OOS
2025-03-04,12737175.424530506,10110541.894790163,OOS
2025-03-05,13109155.746796131,10407910.489328718,OOS
2025-03-06,12843454.867889881,10195503.8317755,OOS
2025-03-07,12896595.346405506,10237985.405298127,OOS
2025-03-10,12790314.389374256,10153022.258252872,OOS
2025-03-11,12684035.702850819,10068060.926297493,OOS
2025-03-12,13109155.746796131,10407910.489328718,OOS
2025-03-13,13002876.303436756,10322948.552343382,OOS
2025-03-14,12949735.824921131,10280466.978820752,OOS
2025-03-17,12949735.824921131,10280466.978820752,OOS
2025-03-18,12949735.824921131,10280466.978820752,OOS
2025-03-19,13002876.303436756,10322948.552343382,OOS
2025-03-20,12790314.389374256,10153022.258252872,OOS
2025-03-21,12365193.588593006,9813172.090191692,OOS
2025-03-24,12471474.545624256,9898135.237236947,OOS
2025-03-25,12524614.267303944,9940616.205729613,OOS
2025-03-26,13056015.268280506,10365428.915806089,OOS
2025-03-27,12896595.346405506,10237985.405298127,OOS
2025-04-08,12316549.302637609,9728210.758236313,OOS
2025-04-09,12316549.302637609,9855653.663714318,OOS
2025-04-10,12316549.302637609,9983097.779252242,OOS
2025-04-11,12316549.302637609,9898135.237236947,OOS
2025-04-14,12316549.302637609,10322948.552343382,OOS
2025-04-15,12316549.302637609,10407910.489328718,OOS
2025-04-16,12316549.302637609,10535353.99983668,OOS
2025-04-17,12316549.302637609,10832722.594375234,OOS
2025-04-21,12316549.302637609,10917685.741420489,OOS
2025-04-22,12316549.302637609,10832722.594375234,OOS
2025-04-23,12316549.302637609,11172572.762436414,OOS
2025-04-24,12316549.302637609,11172572.762436414,OOS
2025-04-25,12316549.302637609,11045130.461988369,OOS
2025-04-28,12316549.302637609,10875204.16789786,OOS
2025-04-29,12316549.302637609,11002648.888465742,OOS
2025-04-30,12316549.302637609,11215054.33595904,OOS
2025-05-02,12316549.302637609,11384980.630049549,OOS
2025-05-05,12316549.302637609,11469941.356974969,OOS
2025-05-06,12316549.302637609,11384980.630049549,OOS
2025-05-07,12316549.302637609,11130091.188913789,OOS
2025-05-08,12316549.302637609,10917685.741420489,OOS
2025-05-09,12316549.302637609,11045130.461988369,OOS
2025-05-14,12316549.302637609,11002648.888465742,OOS
2025-05-15,12316549.302637609,11300017.483004294,OOS
2025-05-16,12316549.302637609,11639867.651065474,OOS
2025-05-19,12316549.302637609,11979717.819126656,OOS
2025-05-20,12316549.302637609,11639867.651065474,OOS
2025-05-21,12316549.302637609,11682349.224588104,OOS
2025-05-22,12316549.302637609,11894754.672081402,OOS
2025-05-23,12316549.302637609,11427460.993512258,OOS
2025-05-26,12316549.302637609,11894754.672081402,OOS
2025-05-27,12316549.302637609,12022199.392649284,OOS
2025-05-28,12316549.302637609,11979717.819126656,OOS
2025-06-02,12316549.302637609,11809791.525036149,OOS
2025-06-03,12316549.302637609,11894754.672081402,OOS
2025-06-04,12316549.302637609,11979717.819126656,OOS
2025-06-05,12316549.302637609,12064679.756111993,OOS
2025-06-10,12316549.302637609,12362048.350650545,OOS
2025-06-11,12316549.302637609,12831624.202224039,OOS
2025-06-12,12316549.302637609,12739969.423835175,OOS
2025-06-13,12316549.302637609,12556661.077117363,OOS
2025-06-16,12316549.302637609,12556661.077117363,OOS
2025-06-17,12316549.302637609,12648314.64544631,OOS
2025-06-18,12316549.302637609,12694142.034640742,OOS
2025-06-19,12316549.302637609,12327524.131145203,OOS
2025-06-20,12316549.302637609,12098388.39523296,OOS
2025-06-23,12316549.302637609,11823425.270126285,OOS
2025-06-24,12316549.302637609,11869252.659320718,OOS
2025-06-25,12316549.302637609,12006733.616844097,OOS
2025-06-26,12316549.302637609,12419178.909534067,OOS
2025-06-30,12316549.302637609,12739969.423835175,OOS
2025-07-01,12316549.302637609,12877451.59141847,OOS
2025-07-02,12316549.302637609,12739969.423835175,OOS
2025-07-03,12316549.302637609,12419178.909534067,OOS
2025-07-04,12316549.302637609,12052561.006038528,OOS
2025-07-07,12316549.302637609,12373351.520339636,OOS
2025-07-08,12316549.302637609,12144215.784427393,OOS
2025-07-09,12316549.302637609,12235870.562816257,OOS
2025-07-10,12316549.302637609,12327524.131145203,OOS
2025-07-11,12316549.302637609,12510833.687922932,OOS
2025-07-14,12316549.302637609,12327524.131145203,OOS
2025-07-15,12316549.302637609,12098388.39523296,OOS
2025-07-16,12316549.302637609,12144215.784427393,OOS
2025-07-17,12316549.302637609,12694142.034640742,OOS
2025-07-18,12316549.302637609,12694142.034640742,OOS
2025-07-21,12316549.302637609,12831624.202224039,OOS
2025-07-22,12316549.302637609,13060759.938136283,OOS
2025-07-23,12316549.302637609,13060759.938136283,OOS
2025-07-24,12316549.302637609,13014932.548941849,OOS
2025-07-25,12316549.302637609,12923278.980612904,OOS
2025-07-28,12316549.302637609,13106587.327330714,OOS
2025-07-29,12316549.302637609,13198242.10571958,OOS
2025-07-30,12316549.302637609,13198242.10571958,OOS
2025-07-31,12316549.302637609,13198242.10571958,OOS
2025-08-01,12316549.302637609,13656514.787603982,OOS
2025-08-04,12316549.302637609,13885650.523516225,OOS
2025-08-05,12316549.302637609,13885650.523516225,OOS
2025-08-06,12316549.302637609,13702340.966738496,OOS
2025-08-07,12316549.302637609,13519032.620020686,OOS
2025-08-08,12316549.302637609,13473205.230826253,OOS
2025-08-11,12316549.302637609,13702340.966738496,OOS
2025-08-12,12316549.302637609,14573058.941312872,OOS
2025-08-13,12316549.302637609,15397949.526692813,OOS
2025-08-14,12316549.302637609,15672912.651799489,OOS
2025-08-15,12316549.302637609,15168812.580720654,OOS
2025-08-19,12316549.302637609,14893849.455613978,OOS
2025-08-20,12316549.302637609,14756367.288030682,OOS
2025-08-21,12316549.302637609,14893849.455613978,OOS
2025-08-22,12316549.302637609,14848022.066419547,OOS
2025-08-25,12316549.302637609,15168812.580720654,OOS
2025-08-26,12316549.302637609,14939676.844808409,OOS
2025-08-27,12316549.302637609,14527231.55211844,OOS
2025-08-28,12316549.302637609,14573058.941312872,OOS
2025-08-29,12316549.302637609,14343923.205400627,OOS
2025-09-01,12316549.302637609,14252268.427011764,OOS
2025-09-02,12316549.302637609,14068958.870234037,OOS
2025-09-03,12316549.302637609,14252268.427011764,OOS
2025-09-04,12316549.302637609,14435576.773729574,OOS
2025-09-08,12316549.302637609,14160613.6486229,OOS
2025-09-09,12316549.302637609,13977305.30190509,OOS
2025-09-10,12316549.302637609,14435576.773729574,OOS
2025-09-11,12316549.302637609,14114786.259428468,OOS
2025-09-12,12316549.302637609,14206441.037817331,OOS
2025-09-15,12316549.302637609,14939676.844808409,OOS
2025-09-16,12316549.302637609,15122985.191526221,OOS
2025-09-17,12316549.302637609,15306294.74830395,OOS
2025-09-18,12316549.302637609,14893849.455613978,OOS
2025-09-19,12316549.302637609,14802194.677225113,OOS
2025-09-22,12316549.302637609,14756367.288030682,OOS
2025-09-23,12316549.302637609,14618886.330507303,OOS
2025-09-24,12316549.302637609,14481404.162924007,OOS
2025-09-25,12316549.302637609,14298095.816206196,OOS
2025-09-26,12316549.302637609,14252268.427011764,OOS
2025-09-29,12316549.302637609,14114786.259428468,OOS
2025-09-30,12316549.302637609,14023132.69109952,OOS
2025-10-01,12316549.302637609,14023132.69109952,OOS
2025-10-02,12316549.302637609,14343923.205400627,OOS
2025-10-03,12316549.302637609,14068958.870234037,OOS
2025-10-06,12316549.302637609,13793995.745127361,OOS
2025-10-07,12316549.302637609,13793995.745127361,OOS
2025-10-08,12316549.302637609,13702340.966738496,OOS
2025-10-09,12316549.302637609,13793995.745127361,OOS
2025-10-10,12316549.302637609,13931477.912710657,OOS
2025-10-13,12316549.302637609,13839823.134321792,OOS
2025-10-14,12316549.302637609,13564860.009215117,OOS
2025-10-15,12316549.302637609,14114786.259428468,OOS
2025-10-16,12316549.302637609,13519032.620020686,OOS
2025-10-17,12287139.628336277,13198242.10571958,OOS
2025-10-20,12542330.692789402,13473205.230826253,OOS
2025-10-21,13941003.934205396,15031331.623197274,OOS
2025-10-22,13941003.934205396,14435576.773729574,OOS
2025-10-23,13941003.934205396,15397949.526692813,OOS
2025-10-24,13941003.934205396,15077157.802331788,OOS
2025-10-27,13941003.934205396,15260467.359109517,OOS
2025-10-28,13941003.934205396,15581257.873410625,OOS
2025-10-29,13941003.934205396,15077157.802331788,OOS
2025-10-30,13941003.934205396,14893849.455613978,OOS
2025-10-31,13941003.934205396,14710541.108896168,OOS
2025-11-03,13941003.934205396,15352122.137498382,OOS
2025-11-04,13941003.934205396,16039530.555295028,OOS
2025-11-05,13941003.934205396,16222838.902012838,OOS
2025-11-06,13941003.934205396,15947875.776906164,OOS
2025-11-07,13941003.934205396,15902048.387711732,OOS
2025-11-10,13941003.934205396,15764566.220128436,OOS
2025-11-11,13941003.934205396,16131184.123623975,OOS
2025-11-12,13941003.934205396,16314493.680401705,OOS
2025-11-13,13941003.934205396,16039530.555295028,OOS
2025-11-14,13941003.934205396,16268666.29120727,OOS
2025-11-17,13941003.934205396,16543629.416313944,OOS
2025-11-18,13941003.934205396,16589456.805508377,OOS
2025-11-19,13941003.934205396,16726938.973091673,OOS
2025-11-20,13941003.934205396,16681111.583897244,OOS
2025-11-21,13941003.934205396,16039530.555295028,OOS
2025-11-24,13941003.934205396,16956074.709003918,OOS
2025-11-25,13941003.934205396,16726938.973091673,OOS
2025-11-26,13941003.934205396,17047729.48739278,OOS
2025-11-27,13941003.934205396,16360321.069596134,OOS
2025-11-28,13941003.934205396,16085357.94448946,OOS
2025-12-01,13941003.934205396,16726938.973091673,OOS
2025-12-02,13941003.934205396,16314493.680401705,OOS
2025-12-03,13941003.934205396,16406148.458790567,OOS
2025-12-04,13941003.934205396,16635284.194702812,OOS
2025-12-05,13941003.934205396,16956074.709003918,OOS
2025-12-08,13941003.934205396,16635284.194702812,OOS
2025-12-09,13941003.934205396,16360321.069596134,OOS
2025-12-10,13941003.934205396,16681111.583897244,OOS
2025-12-11,13941003.934205396,16360321.069596134,OOS
2025-12-12,13941003.934205396,16268666.29120727,OOS
2025-12-15,13941003.934205396,15902048.387711732,OOS
2025-12-16,13941003.934205396,16131184.123623975,OOS
2025-12-17,13941003.934205396,16039530.555295028,OOS
2025-12-18,13941003.934205396,15856220.9985173,OOS
2025-12-19,13941003.934205396,15627085.262605056,OOS
2025-12-22,13941003.934205396,15902048.387711732,OOS
2025-12-23,13941003.934205396,15902048.387711732,OOS
2025-12-24,13941003.934205396,15856220.9985173,OOS
2025-12-29,13941003.934205396,15993703.166100597,OOS
2025-12-30,13941003.934205396,15947875.776906164,OOS
2026-01-02,13941003.934205396,15902048.387711732,OOS
2026-01-05,13941003.934205396,16406148.458790567,OOS
2026-01-06,13941003.934205396,16131184.123623975,OOS
2026-01-07,13941003.934205396,16222838.902012838,OOS
2026-01-08,13941003.934205396,16177011.51281841,OOS
2026-01-09,13941003.934205396,15810393.609322866,OOS
2026-01-12,13941003.934205396,16131184.123623975,OOS
2026-01-13,13941003.934205396,16589456.805508377,OOS
2026-01-14,13941003.934205396,16726938.973091673,OOS
2026-01-15,13941003.934205396,16772766.362286108,OOS
2026-01-19,13941003.934205396,16589456.805508377,OOS
2026-01-20,13941003.934205396,16497802.027119515,OOS
2026-01-21,13941003.934205396,16497802.027119515,OOS
2026-01-22,13941003.934205396,17139384.26578165,OOS
2026-01-23,13941003.934205396,17276865.223305024,OOS
2026-01-26,13941003.934205396,17643483.126800563,OOS
2026-01-27,13941003.934205396,18055928.419490535,OOS
2026-01-28,13941003.934205396,15902048.387711732,OOS
2026-01-29,13941003.934205396,15810393.609322866,OOS
2026-01-30,13941003.934205396,16497802.027119515,OOS
2026-02-02,13941003.934205396,16039530.555295028,OOS
2026-02-03,13941003.934205396,15810393.609322866,OOS
2026-02-04,13907738.236196533,15260467.359109517,OOS
2026-02-05,13741308.548696533,15077157.802331788,OOS
2026-02-06,14115774.24693872,15489603.09502176,OOS
2026-02-09,13990953.079946533,15352122.137498382,OOS
2026-02-10,14198989.09068872,15581257.873410625,OOS
2026-02-11,14739883.377798095,16177011.51281841,OOS
2026-02-12,14814365.673223421,16314493.680401705,OOS
2026-02-13,14814365.673223421,15810393.609322866,OOS
2026-02-18,14814365.673223421,15993703.166100597,OOS
2026-02-19,14814365.673223421,15947875.776906164,OOS
2026-02-20,14814365.673223421,15947875.776906164,OOS
2026-02-23,14814365.673223421,16268666.29120727,OOS
2026-02-24,14814365.673223421,16406148.458790567,OOS
2026-02-25,14814365.673223421,16497802.027119515,OOS
2026-02-26,14814365.673223421,16726938.973091673,OOS
2026-02-27,14814365.673223421,16222838.902012838,OOS
2026-03-02,14814365.673223421,15810393.609322866,OOS
2026-03-03,14814365.673223421,15810393.609322866,OOS
2026-03-04,14779557.120875841,14664713.719701735,OOS
2026-03-05,15051391.080836779,14939676.844808409,OOS
2026-03-06,14734251.261500841,14618886.330507303,OOS
2026-03-09,14326499.723414904,14206441.037817331,OOS
2026-03-10,14072092.201682406,13564860.009215117,OOS
2026-03-11,14072092.201682406,13748168.355932927,OOS
2026-03-12,14072092.201682406,13839823.134321792,OOS
2026-03-13,14072092.201682406,13610687.39840955,OOS
2026-03-16,14072092.201682406,13564860.009215117,OOS
2026-03-17,14072092.201682406,13977305.30190509,OOS
2026-03-25,14072092.201682406,15122985.191526221,OOS
2026-03-26,14072092.201682406,14527231.55211844,OOS
2026-03-27,14072092.201682406,13977305.30190509,OOS
2026-03-30,14072092.201682406,13931477.912710657,OOS
2026-03-31,14072092.201682406,14023132.69109952,OOS
2026-04-01,14072092.201682406,14435576.773729574,OOS
2026-04-02,14072092.201682406,14343923.205400627,OOS
2026-04-06,14072092.201682406,14481404.162924007,OOS
2026-04-07,14072092.201682406,14206441.037817331,OOS
2026-04-08,14072092.201682406,14481404.162924007,OOS
2026-04-09,14072092.201682406,14618886.330507303,OOS
2026-04-10,14072092.201682406,14710541.108896168,OOS
2026-04-13,14072092.201682406,14618886.330507303,OOS
2026-04-14,14072092.201682406,14298095.816206196,OOS
2026-04-15,14072092.201682406,14160613.6486229,OOS
2026-04-16,14072092.201682406,14298095.816206196,OOS
2026-04-17,14072092.201682406,14206441.037817331,OOS
2026-04-20,14072092.201682406,14206441.037817331,OOS
2026-04-21,14072092.201682406,13793995.745127361,OOS
2026-04-22,14072092.201682406,13748168.355932927,OOS
2026-04-23,14072092.201682406,13198242.10571958,OOS
2026-04-24,14072092.201682406,12877451.59141847,OOS
2026-04-27,14072092.201682406,12969106.369807335,OOS
2026-04-28,14072092.201682406,12923278.980612904,OOS
2026-04-29,14072092.201682406,13152414.716525145,OOS
2026-04-30,14072092.201682406,12877451.59141847,OOS
2026-05-04,14072092.201682406,13244069.49491401,OOS
2026-05-05,14072092.201682406,13198242.10571958,OOS
2026-05-06,14072092.201682406,13289896.884108443,OOS
2026-05-07,14072092.201682406,13427377.84163182,OOS
2026-05-08,14072092.201682406,13564860.009215117,OOS
2026-05-11,14072092.201682406,13564860.009215117,OOS
2026-05-12,14072092.201682406,13519032.620020686,OOS
2026-05-13,14072092.201682406,13564860.009215117,OOS
2026-05-14,14072092.201682406,13564860.009215117,OOS
2026-05-15,14072092.201682406,13564860.009215117,OOS
2026-05-18,14072092.201682406,14114786.259428468,OOS
2026-05-19,14072092.201682406,14114786.259428468,OOS
2026-05-20,14072092.201682406,14206441.037817331,OOS
2026-05-21,14072092.201682406,13748168.355932927,OOS
2026-05-22,14072092.201682406,13381550.45243739,OOS
2026-05-25,14072092.201682406,13427377.84163182,OOS
2026-05-26,14072092.201682406,14160613.6486229,OOS
2026-05-27,14072092.201682406,14160613.6486229,OOS
2026-05-28,14072092.201682406,14160613.6486229,OOS
2026-05-29,14072092.201682406,13885650.523516225,OOS
2026-06-02,14072092.201682406,13519032.620020686,OOS
2026-06-03,14072092.201682406,13060759.938136283,OOS
2026-06-04,14072092.201682406,13289896.884108443,OOS
2026-06-05,14072092.201682406,12648314.64544631,OOS
2026-06-08,14072092.201682406,10769398.948834099,OOS
2026-06-09,14072092.201682406,12006733.616844097,OOS
2026-06-10,14072092.201682406,12877451.59141847,OOS
2026-06-11,14072092.201682406,13152414.716525145,OOS
2026-06-12,14072092.201682406,13106587.327330714,OOS
2026-06-15,14072092.201682406,13427377.84163182,OOS
2026-06-17,14072092.201682406,13564860.009215117,OOS
2026-06-18,14072092.201682406,13778807.073043276,OOS
2026-06-19,14072092.201682406,12787525.98865167,OOS
2026-06-22,14072092.201682406,12440577.609114612,OOS
2026-06-23,14072092.201682406,12589269.771773351,OOS
2026-06-24,14072092.201682406,12391013.55489503,OOS
2026-06-25,14072092.201682406,12391013.55489503,OOS
2026-06-26,14072092.201682406,12291885.44645587,OOS
2026-06-29,14072092.201682406,11944937.066918809,OOS
2026-06-30,14072092.201682406,11647552.74160133,OOS
