Date,Equity,BuyHold,phase
2018-02-06,9976333.554488674,10000000.0,IS
2018-02-07,10099163.632613674,10124610.54869142,IS
2018-02-08,10126453.57305918,10186916.813755289,IS
2018-02-09,10126453.57305918,10249221.09738284,IS
2018-02-12,10126453.57305918,10218067.964850906,IS
2018-02-13,10126453.57305918,10311526.37172855,IS
2018-02-14,10126453.57305918,10342679.504260484,IS
2018-02-15,10126453.57305918,10342679.504260484,IS
2018-02-16,10126453.57305918,10342679.504260484,IS
2018-02-19,10126453.57305918,10560746.47839323,IS
2018-02-20,10126453.57305918,11277258.619446134,IS
2018-02-21,10126453.57305918,10965731.256999426,IS
2018-02-22,10126453.57305918,10747662.301430358,IS
2018-02-23,10126453.57305918,10654205.875989033,IS
2018-02-26,10126453.57305918,10342679.504260484,IS
2018-02-27,10126453.57305918,10498442.19476568,IS
2018-02-28,10126453.57305918,10342679.504260484,IS
2018-03-01,10126453.57305918,10436136.920419969,IS
2018-03-02,10126453.57305918,10560746.47839323,IS
2018-03-05,10126453.57305918,10249221.09738284,IS
2018-03-06,10126453.57305918,10031152.141813776,IS
2018-03-07,10102497.745604752,9875390.44202674,IS
2018-03-08,10322823.69775319,10093458.406877644,IS
2018-03-09,10322823.69775319,10093458.406877644,IS
2018-03-12,10570479.020884486,10373831.646074258,IS
2018-03-13,10570479.020884486,10186916.813755289,IS
2018-03-14,10570479.020884486,10218067.964850906,IS
2018-03-15,10570479.020884486,9968847.858186224,IS
2018-03-16,10570479.020884486,9875390.44202674,IS
2018-03-19,10570479.020884486,10062305.27434571,IS
2018-03-20,10570479.020884486,10093458.406877644,IS
2018-03-21,10570479.020884486,10218067.964850906,IS
2018-03-22,10570479.020884486,9968847.858186224,IS
2018-03-23,10570479.020884486,10031152.141813776,IS
2018-03-26,10570479.020884486,10062305.27434571,IS
2018-03-27,10570479.020884486,9968847.858186224,IS
2018-03-28,10570479.020884486,9719626.760803385,IS
2018-03-29,10570479.020884486,9814284.927372433,IS
2018-03-30,10570479.020884486,9814284.927372433,IS
2018-04-02,10570479.020884486,10006095.888836669,IS
2018-04-03,10570479.020884486,9974127.395259295,IS
2018-04-04,10570479.020884486,9718380.437358476,IS
2018-04-05,10570479.020884486,9782315.443076901,IS
2018-04-06,10570479.020884486,9654443.450203732,IS
2018-04-09,10570479.020884486,9686411.943781104,IS
2018-04-10,10570479.020884486,10070032.875991413,IS
2018-04-11,10570479.020884486,10293810.3495967,IS
2018-04-12,10570479.020884486,10261841.856019327,IS
2018-04-13,10570479.020884486,10261841.856019327,IS
2018-04-16,10570479.020884486,10261841.856019327,IS
2018-04-17,10570479.020884486,10261841.856019327,IS
2018-04-18,10570479.020884486,10293810.3495967,IS
2018-04-19,10570479.020884486,10293810.3495967,IS
2018-04-20,10570479.020884486,10293810.3495967,IS
2018-04-23,10570479.020884486,10229874.353160113,IS
2018-04-24,10570479.020884486,9878220.923809018,IS
2018-04-25,10570479.020884486,9878220.923809018,IS
2018-04-26,10570479.020884486,9878220.923809018,IS
2018-04-27,10570479.020884486,9878220.923809018,IS
2018-04-30,10570479.020884486,9110983.02226104,IS
2018-05-01,10570479.020884486,9110983.02226104,IS
2018-05-02,10570479.020884486,9206885.53083868,IS
2018-05-03,10570479.020884486,8759328.602191785,IS
2018-05-04,10570479.020884486,8471613.150713595,IS
2018-05-07,10570479.020884486,8695391.61503704,IS
2018-05-08,10570479.020884486,8695391.61503704,IS
2018-05-09,10570479.020884486,9174919.018697625,IS
2018-05-10,10570479.020884486,9174919.018697625,IS
2018-05-11,10570479.020884486,9206885.53083868,IS
2018-05-14,10570479.020884486,9206885.53083868,IS
2018-05-15,10570479.020884486,8759328.602191785,IS
2018-05-16,10570479.020884486,8759328.602191785,IS
2018-05-17,10570479.020884486,8567518.631445711,IS
2018-05-18,10570479.020884486,8695391.61503704,IS
2018-05-21,10570479.020884486,8535551.128586499,IS
2018-05-22,10570479.020884486,8343741.157840424,IS
2018-05-23,10570479.020884486,8663424.112177828,IS
2018-05-24,10570479.020884486,8951140.554374179,IS
2018-05-25,10570479.020884486,8951140.554374179,IS
2018-05-28,10570479.020884486,9430664.985880286,IS
2018-05-29,10570479.020884486,9430664.985880286,IS
2018-05-30,10570479.020884486,9270823.508711584,IS
2018-05-31,10570479.020884486,9015077.541528923,IS
2018-06-01,10570479.020884486,9015077.541528923,IS
2018-06-04,10570479.020884486,9430664.985880286,IS
2018-06-05,10570479.020884486,9398696.492302913,IS
2018-06-06,10570479.020884486,9366727.998725541,IS
2018-06-07,10570479.020884486,9430664.985880286,IS
2018-06-08,10570479.020884486,8887201.585783115,IS
2018-06-11,10570479.020884486,8887201.585783115,IS
2018-06-12,10570479.020884486,8887201.585783115,IS
2018-06-13,10570479.020884486,8887201.585783115,IS
2018-06-14,10570479.020884486,8887201.585783115,IS
2018-06-15,10570479.020884486,8887201.585783115,IS
2018-06-18,10570479.020884486,8887201.585783115,IS
2018-06-19,10570479.020884486,8887201.585783115,IS
2018-06-20,10545640.588559333,8567518.631445711,IS
2018-06-21,10545640.588559333,8567518.631445711,IS
2018-06-22,10545640.588559333,8567518.631445711,IS
2018-06-25,10545640.588559333,8567518.631445711,IS
2018-06-26,10429835.022153083,8471613.150713595,IS
2018-06-27,10391233.166684333,8439644.657136222,IS
2018-06-28,10236826.941098396,8311771.673544892,IS
2018-06-29,10741304.53160554,8759328.602191785,IS
2018-07-02,10741304.53160554,8343741.157840424,IS
2018-07-03,10715942.168350073,8087993.704580526,IS
2018-07-04,11175222.234268041,8439644.657136222,IS
2018-07-05,11049965.740127416,8343741.157840424,IS
2018-07-06,10674188.494033666,8056024.715644074,IS
2018-07-09,10882953.630752416,8215867.183530935,IS
2018-07-10,10924706.01112351,8247835.181749227,IS
2018-07-11,10757695.842666479,8119962.693516978,IS
2018-07-12,10924706.01112351,8247835.181749227,IS
2018-07-13,11137760.8670896,8439644.657136222,IS
2018-07-16,11137760.8670896,8375708.660699637,IS
2018-07-17,11137760.8670896,8087993.704580526,IS
2018-07-18,11137760.8670896,8183898.194594483,IS
2018-07-19,11137760.8670896,8151930.69173527,IS
2018-07-20,11137760.8670896,8119962.693516978,IS
2018-07-23,11137760.8670896,8183898.194594483,IS
2018-07-24,11137760.8670896,8343741.157840424,IS
2018-07-25,11137760.8670896,8279803.17996752,IS
2018-07-26,11137760.8670896,8375708.660699637,IS
2018-07-27,11137760.8670896,8407677.15427701,IS
2018-07-30,11137760.8670896,8599487.125023084,IS
2018-07-31,11137760.8670896,8503581.644290967,IS
2018-08-01,11137760.8670896,8951140.554374179,IS
2018-08-02,11137760.8670896,9015077.541528923,IS
2018-08-03,11137760.8670896,9206885.53083868,IS
2018-08-06,11137760.8670896,9334760.495866328,IS
2018-08-07,11137760.8670896,9206885.53083868,IS
2018-08-08,11137760.8670896,9366727.998725541,IS
2018-08-09,11137760.8670896,9302791.011570796,IS
2018-08-10,11137760.8670896,9398696.492302913,IS
2018-08-13,11137760.8670896,8855235.073642062,IS
2018-08-14,11137760.8670896,8599487.125023084,IS
2018-08-15,11137760.8670896,8695391.61503704,IS
2018-08-16,11137760.8670896,8567518.631445711,IS
2018-08-17,11137760.8670896,8567518.631445711,IS
2018-08-20,11137760.8670896,8599487.125023084,IS
2018-08-21,11137760.8670896,8567518.631445711,IS
2018-08-22,11137760.8670896,8567518.631445711,IS
2018-08-23,11137760.8670896,8759328.602191785,IS
2018-08-24,11137760.8670896,8663424.112177828,IS
2018-08-27,11137760.8670896,8919171.070078647,IS
2018-08-28,11137760.8670896,8951140.554374179,IS
2018-08-29,11137760.8670896,8951140.554374179,IS
2018-08-30,11137760.8670896,8759328.602191785,IS
2018-08-31,11137760.8670896,8823265.58934653,IS
2018-09-03,11137760.8670896,8567518.631445711,IS
2018-09-04,11137760.8670896,8407677.15427701,IS
2018-09-05,11111441.433522606,8087993.704580526,IS
2018-09-06,11501396.9388937,8375708.660699637,IS
2018-09-07,11631381.435964013,8471613.150713595,IS
2018-09-10,11544725.55217495,8407677.15427701,IS
2018-09-11,11544725.55217495,8407677.15427701,IS
2018-09-12,11198098.660085106,8151930.69173527,IS
2018-09-13,11544725.55217495,8407677.15427701,IS
2018-09-14,11808265.971942516,8631455.618600456,IS
2018-09-17,11808265.971942516,8247835.181749227,IS
2018-09-18,11808265.971942516,8151930.69173527,IS
2018-09-19,11808265.971942516,8183898.194594483,IS
2018-09-20,11808265.971942516,8535551.128586499,IS
2018-09-21,11808265.971942516,8759328.602191785,IS
2018-09-24,11808265.971942516,8631455.618600456,IS
2018-09-25,11808265.971942516,8471613.150713595,IS
2018-09-26,11808265.971942516,8439644.657136222,IS
2018-09-27,11808265.971942516,8471613.150713595,IS
2018-09-28,11808265.971942516,8599487.125023084,IS
2018-10-01,11808265.971942516,8567518.631445711,IS
2018-10-02,11780450.407719588,8247835.181749227,IS
2018-10-03,11870258.110356307,8311771.673544892,IS
2018-10-04,11376315.397953963,7960120.720989197,IS
2018-10-05,11466122.4047899,8024056.717425781,IS
2018-10-08,11331411.198735213,7928152.227411824,IS
2018-10-09,11600835.698246932,8119962.693516978,IS
2018-10-10,11785828.31206636,8279803.17996752,IS
2018-10-11,11785828.31206636,8024056.717425781,IS
2018-10-12,11785828.31206636,8183898.194594483,IS
2018-10-15,11785828.31206636,8151930.69173527,IS
2018-10-16,11785828.31206636,8311771.673544892,IS
2018-10-17,11785828.31206636,8407677.15427701,IS
2018-10-18,11785828.31206636,8311771.673544892,IS
2018-10-19,11785828.31206636,8247835.181749227,IS
2018-10-22,11785828.31206636,8247835.181749227,IS
2018-10-23,11785828.31206636,8215867.183530935,IS
2018-10-24,11785828.31206636,8087993.704580526,IS
2018-10-25,11785828.31206636,8279803.17996752,IS
2018-10-26,11785828.31206636,8247835.181749227,IS
2018-10-29,11785828.31206636,8183898.194594483,IS
2018-10-30,11785828.31206636,8343741.157840424,IS
2018-10-31,11785828.31206636,8759328.602191785,IS
2018-11-01,11785828.31206636,9238855.015134212,IS
2018-11-02,11785828.31206636,9494601.97303503,IS
2018-11-05,11785828.31206636,9430664.985880286,IS
2018-11-06,11785828.31206636,9398696.492302913,IS
2018-11-07,11785828.31206636,9398696.492302913,IS
2018-11-08,11785828.31206636,9590507.453767147,IS
2018-11-09,11785828.31206636,9238855.015134212,IS
2018-11-12,11785828.31206636,8919171.070078647,IS
2018-11-13,11785828.31206636,9142948.543683935,IS
2018-11-14,11785828.31206636,9110983.02226104,IS
2018-11-15,11785828.31206636,9462632.488739498,IS
2018-11-16,11785828.31206636,9526570.466612402,IS
2018-11-19,11785828.31206636,9558538.960189775,IS
2018-11-20,11785828.31206636,9558538.960189775,IS
2018-11-21,11785828.31206636,9302791.011570796,IS
2018-11-22,11785828.31206636,9366727.998725541,IS
2018-11-23,11785828.31206636,9334760.495866328,IS
2018-11-26,11785828.31206636,9430664.985880286,IS
2018-11-27,11785828.31206636,9526570.466612402,IS
2018-11-28,11785828.31206636,9462632.488739498,IS
2018-11-29,11785828.31206636,9782315.443076901,IS
2018-11-30,11785828.31206636,9462632.488739498,IS
2018-12-03,11785828.31206636,9718380.437358476,IS
2018-12-04,11785828.31206636,9782315.443076901,IS
2018-12-05,11785828.31206636,9686411.943781104,IS
2018-12-06,11785828.31206636,9558538.960189775,IS
2018-12-07,11785828.31206636,9590507.453767147,IS
2018-12-10,11785828.31206636,9494601.97303503,IS
2018-12-11,11785828.31206636,9526570.466612402,IS
2018-12-12,11785828.31206636,9558538.960189775,IS
2018-12-13,11785828.31206636,9846253.420949806,IS
2018-12-14,11785828.31206636,9686411.943781104,IS
2018-12-17,11785828.31206636,9462632.488739498,IS
2018-12-18,11785828.31206636,9398696.492302913,IS
2018-12-19,11785828.31206636,9494601.97303503,IS
2018-12-20,11785828.31206636,9334760.495866328,IS
2018-12-21,11757950.327569012,9238855.015134212,IS
2018-12-24,11757950.327569012,9238855.015134212,IS
2018-12-25,11757950.327569012,9238855.015134212,IS
2018-12-26,11757950.327569012,9238855.015134212,IS
2018-12-27,11838303.965264324,9302791.011570796,IS
2018-12-28,11958733.116554732,9430664.985880286,IS
2018-12-31,11958733.116554732,9430664.985880286,IS
2019-01-01,11958733.116554732,9430664.985880286,IS
2019-01-02,11958733.116554732,9366727.998725541,IS
2019-01-03,11958733.116554732,9174919.018697625,IS
2019-01-04,11958733.116554732,9526570.466612402,IS
2019-01-07,11958733.116554732,9494601.97303503,IS
2019-01-08,11958733.116554732,9398696.492302913,IS
2019-01-09,11958733.116554732,9686411.943781104,IS
2019-01-10,11958733.116554732,9846253.420949806,IS
2019-01-11,11958733.116554732,9846253.420949806,IS
2019-01-14,11958733.116554732,9846253.420949806,IS
2019-01-15,11958733.116554732,9974127.395259295,IS
2019-01-16,11958733.116554732,9974127.395259295,IS
2019-01-17,11958733.116554732,10070032.875991413,IS
2019-01-18,11958733.116554732,10070032.875991413,IS
2019-01-21,11958733.116554732,9974127.395259295,IS
2019-01-22,11958733.116554732,9910191.39882271,IS
2019-01-23,11958733.116554732,9558538.960189775,IS
2019-01-24,11930456.036371078,9558538.960189775,IS
2019-01-25,11772897.442621078,9430664.985880286,IS
2019-01-28,11457782.696527328,9174919.018697625,IS
2019-01-29,11379004.620355453,9110983.02226104,IS
2019-01-30,11575950.421136703,9270823.508711584,IS
2019-01-31,11891066.387933578,9526570.466612402,IS
2019-02-01,12086707.45442955,9718380.437358476,IS
2019-02-04,12086707.45442955,9398696.492302913,IS
2019-02-05,12086707.45442955,9398696.492302913,IS
2019-02-06,12086707.45442955,9558538.960189775,IS
2019-02-07,12086707.45442955,9654443.450203732,IS
2019-02-08,12086707.45442955,9686411.943781104,IS
2019-02-11,12086707.45442955,9750348.930935849,IS
2019-02-12,12086707.45442955,9494601.97303503,IS
2019-02-13,12086707.45442955,9270823.508711584,IS
2019-02-14,12086707.45442955,9174919.018697625,IS
2019-02-15,12086707.45442955,9174919.018697625,IS
2019-02-18,12086707.45442955,9302791.011570796,IS
2019-02-19,12086707.45442955,9206885.53083868,IS
2019-02-20,12058237.447186496,9079013.537965508,IS
2019-02-21,12392435.658622496,9366727.998725541,IS
2019-02-22,12392435.658622496,9079013.537965508,IS
2019-02-25,12392435.658622496,9270823.508711584,IS
2019-02-26,12392435.658622496,9302791.011570796,IS
2019-02-27,12392435.658622496,9206885.53083868,IS
2019-02-28,12392435.658622496,9110983.02226104,IS
2019-03-01,12392435.658622496,9174919.018697625,IS
2019-03-04,12392435.658622496,9079013.537965508,IS
2019-03-05,12362989.672531558,8887201.585783115,IS
2019-03-06,12583573.070969058,9047045.044388136,IS
2019-03-07,12583573.070969058,9047045.044388136,IS
2019-03-08,12274758.227219058,8823265.58934653,IS
2019-03-11,12186525.414719058,8759328.602191785,IS
2019-03-12,11965944.750656558,8599487.125023084,IS
2019-03-13,11921828.344406558,8567518.631445711,IS
2019-03-14,12274758.227219058,8823265.58934653,IS
2019-03-15,12585109.023691902,9079013.537965508,IS
2019-03-18,12585109.023691902,9079013.537965508,IS
2019-03-19,12585109.023691902,9430664.985880286,IS
2019-03-20,12585109.023691902,9462632.488739498,IS
2019-03-21,12585109.023691902,9558538.960189775,IS
2019-03-22,12585109.023691902,9526570.466612402,IS
2019-03-25,12585109.023691902,9174919.018697625,IS
2019-03-26,12585109.023691902,9334760.495866328,IS
2019-03-27,12585109.023691902,9238855.015134212,IS
2019-03-28,12585109.023691902,9430664.985880286,IS
2019-03-29,12585109.023691902,9558538.960189775,IS
2019-04-01,12585109.023691902,9590507.453767147,IS
2019-04-02,12585109.023691902,9494601.97303503,IS
2019-04-03,12585109.023691902,9494601.97303503,IS
2019-04-04,12585109.023691902,9814284.927372433,IS
2019-04-05,12585109.023691902,9654443.450203732,IS
2019-04-08,12585109.023691902,9590507.453767147,IS
2019-04-09,12585109.023691902,9814284.927372433,IS
2019-04-10,12585109.023691902,9654443.450203732,IS
2019-04-11,12555436.06259693,9462632.488739498,IS
2019-04-12,12430178.274510993,9366727.998725541,IS
2019-04-15,12471931.301854743,9398696.492302913,IS
2019-04-16,12887934.069308145,9750348.930935849,IS
2019-04-17,12887934.069308145,9750348.930935849,IS
2019-04-18,12887934.069308145,9974127.395259295,IS
2019-04-19,12887934.069308145,9974127.395259295,IS
2019-04-22,12887934.069308145,9910191.39882271,IS
2019-04-23,12887934.069308145,9814284.927372433,IS
2019-04-24,12887934.069308145,9814284.927372433,IS
2019-04-25,12887934.069308145,9782315.443076901,IS
2019-04-26,12887934.069308145,9878220.923809018,IS
2019-04-29,12887934.069308145,9942158.901681922,IS
2019-04-30,12887934.069308145,9878220.923809018,IS
2019-05-01,12887934.069308145,9878220.923809018,IS
2019-05-02,12887934.069308145,9846253.420949806,IS
2019-05-03,12887934.069308145,9782315.443076901,IS
2019-05-06,12887934.069308145,9622474.95662636,IS
2019-05-07,12887934.069308145,9782315.443076901,IS
2019-05-08,12887934.069308145,9622474.95662636,IS
2019-05-09,12887934.069308145,9590507.453767147,IS
2019-05-10,12887934.069308145,9558538.960189775,IS
2019-05-13,12887934.069308145,9622474.95662636,IS
2019-05-14,12887934.069308145,9526570.466612402,IS
2019-05-15,12857599.099474857,9494601.97303503,IS
2019-05-16,12729976.638537357,9398696.492302913,IS
2019-05-17,12262030.251818607,9047045.044388136,IS
2019-05-20,12517273.855334232,9238855.015134212,IS
2019-05-21,12559814.675646732,9270823.508711584,IS
2019-05-22,12644896.316271732,9334760.495866328,IS
2019-05-23,13069036.028395379,9686411.943781104,IS
2019-05-24,13069036.028395379,9846253.420949806,IS
2019-05-27,13069036.028395379,10197681.957278648,IS
2019-05-28,13069036.028395379,9735650.636318458,IS
2019-05-29,13069036.028395379,9966666.296798553,IS
2019-05-30,13069036.028395379,9966666.296798553,IS
2019-05-31,13069036.028395379,10131678.332042757,IS
2019-06-03,13069036.028395379,10131678.332042757,IS
2019-06-04,13069036.028395379,10131678.332042757,IS
2019-06-05,13069036.028395379,10131678.332042757,IS
2019-06-06,13069036.028395379,10131678.332042757,IS
2019-06-07,13069036.028395379,10131678.332042757,IS
2019-06-10,13069036.028395379,10362693.001804693,IS
2019-06-11,13069036.028395379,10395695.805140797,IS
2019-06-12,13069036.028395379,10395695.805140797,IS
2019-06-13,13069036.028395379,10329691.189186746,IS
2019-06-14,13069036.028395379,10329691.189186746,IS
2019-06-17,13069036.028395379,10296688.385850644,IS
2019-06-18,13069036.028395379,10362693.001804693,IS
2019-06-19,13069036.028395379,10527704.046330737,IS
2019-06-20,13069036.028395379,10494701.242994633,IS
2019-06-21,13069036.028395379,10527704.046330737,IS
2019-06-24,13069036.028395379,10527704.046330737,IS
2019-06-25,13069036.028395379,10494701.242994633,IS
2019-06-26,13069036.028395379,10494701.242994633,IS
2019-06-27,13069036.028395379,10560706.849666841,IS
2019-06-28,13069036.028395379,10593708.662284786,IS
2019-07-01,13069036.028395379,10560706.849666841,IS
2019-07-02,13069036.028395379,10593708.662284786,IS
2019-07-03,13069036.028395379,10593708.662284786,IS
2019-07-04,13069036.028395379,10593708.662284786,IS
2019-07-05,13069036.028395379,10329691.189186746,IS
2019-07-08,13069036.028395379,10395695.805140797,IS
2019-07-09,13069036.028395379,10428697.617758742,IS
2019-07-10,13069036.028395379,10494701.242994633,IS
2019-07-11,13069036.028395379,10560706.849666841,IS
2019-07-12,13069036.028395379,10659713.278238837,IS
2019-07-15,13069036.028395379,10758719.70681083,IS
2019-07-16,13069036.028395379,10659713.278238837,IS
2019-07-17,13069036.028395379,10527704.046330737,IS
2019-07-18,13037766.894462455,10362693.001804693,IS
2019-07-19,13079244.238212455,10395695.805140797,IS
2019-07-22,12913336.108329643,10263685.582514537,IS
2019-07-23,12788907.812431205,10164680.144660702,IS
2019-07-24,12788907.812431205,10164680.144660702,IS
2019-07-25,12954813.452079643,10296688.385850644,IS
2019-07-26,12871861.254814018,10230684.760614753,IS
2019-07-29,12954813.452079643,10296688.385850644,IS
2019-07-30,13158847.167717455,10494701.242994633,IS
2019-07-31,13158847.167717455,10527704.046330737,IS
2019-08-01,13158847.167717455,10263685.582514537,IS
2019-08-02,13158847.167717455,10131678.332042757,IS
2019-08-05,13127531.171824377,9801655.252272509,IS
2019-08-06,12820116.132761877,9570639.591792414,IS
2019-08-07,12995783.564402502,9702649.814418675,IS
2019-08-08,13259281.415965002,9900662.671562664,IS
2019-08-09,13171449.677683752,9834659.046326773,IS
2019-08-12,13083613.984324377,9768652.448936405,IS
2019-08-13,12995783.564402502,9702649.814418675,IS
2019-08-14,13214505.795183413,9900662.671562664,IS
2019-08-15,13214505.795183413,9768652.448936405,IS
2019-08-16,13214505.795183413,9735650.636318458,IS
2019-08-19,13214505.795183413,9702649.814418675,IS
2019-08-20,13214505.795183413,9735650.636318458,IS
2019-08-21,13214505.795183413,9537636.788456311,IS
2019-08-22,13214505.795183413,9537636.788456311,IS
2019-08-23,13214505.795183413,9471634.15393858,IS
2019-08-26,13214505.795183413,9306623.109412536,IS
2019-08-27,13214505.795183413,9273620.306076432,IS
2019-08-28,13214505.795183413,9306623.109412536,IS
2019-08-29,13214505.795183413,9339623.93131232,IS
2019-08-30,13214505.795183413,9570639.591792414,IS
2019-09-02,13214505.795183413,9471634.15393858,IS
2019-09-03,13214505.795183413,9108609.261550387,IS
2019-09-04,13214505.795183413,9141611.074168332,IS
2019-09-05,13214505.795183413,9207615.69012238,IS
2019-09-06,13214505.795183413,9306623.109412536,IS
2019-09-09,13214505.795183413,9207615.69012238,IS
2019-09-10,13214505.795183413,9306623.109412536,IS
2019-09-11,13214505.795183413,9438631.350602476,IS
2019-09-12,13214505.795183413,9438631.350602476,IS
2019-09-13,13214505.795183413,9504634.975838365,IS
2019-09-16,13214505.795183413,9240618.493458485,IS
2019-09-17,13214505.795183413,9207615.69012238,IS
2019-09-18,13214505.795183413,9504634.975838365,IS
2019-09-19,13214505.795183413,9372626.734648425,IS
2019-09-20,13214505.795183413,9339623.93131232,IS
2019-09-23,13214505.795183413,9240618.493458485,IS
2019-09-24,13214505.795183413,9174613.877504436,IS
2019-09-25,13214505.795183413,9108609.261550387,IS
2019-09-26,13214505.795183413,9372626.734648425,IS
2019-09-27,13214505.795183413,9207615.69012238,IS
2019-09-30,13214505.795183413,9207615.69012238,IS
2019-10-01,13214505.795183413,9108609.261550387,IS
2019-10-02,13214505.795183413,8613576.127972253,IS
2019-10-03,13214505.795183413,8448565.083446208,IS
2019-10-04,13214505.795183413,8448565.083446208,IS
2019-10-07,13214505.795183413,8382559.476774,IS
2019-10-08,13214505.795183413,8580573.32463615,IS
2019-10-09,13214505.795183413,8481567.886782315,IS
2019-10-10,13214505.795183413,8613576.127972253,IS
2019-10-11,13214505.795183413,8646577.9405902,IS
2019-10-14,13214505.795183413,8712583.547262408,IS
2019-10-15,13214505.795183413,8679580.743926303,IS
2019-10-16,13214505.795183413,8745584.369162194,IS
2019-10-17,13214505.795183413,8844590.797734188,IS
2019-10-18,13214505.795183413,8943598.217024343,IS
2019-10-21,13214505.795183413,8976600.029642288,IS
2019-10-22,13214505.795183413,9009602.832978392,IS
2019-10-23,13214505.795183413,9339623.93131232,IS
2019-10-24,13214505.795183413,9537636.788456311,IS
2019-10-25,13214505.795183413,9240618.493458485,IS
2019-10-28,13214505.795183413,9240618.493458485,IS
2019-10-29,13214505.795183413,9372626.734648425,IS
2019-10-30,13214505.795183413,9273620.306076432,IS
2019-10-31,13214505.795183413,9273620.306076432,IS
2019-11-01,13214505.795183413,9207615.69012238,IS
2019-11-04,13214505.795183413,9075606.458214283,IS
2019-11-05,13214505.795183413,9504634.975838365,IS
2019-11-06,13214505.795183413,9207615.69012238,IS
2019-11-07,13214505.795183413,9240618.493458485,IS
2019-11-08,13214505.795183413,9372626.734648425,IS
2019-11-11,13214505.795183413,9306623.109412536,IS
2019-11-12,13214505.795183413,9273620.306076432,IS
2019-11-13,13214505.795183413,9075606.458214283,IS
2019-11-14,13214505.795183413,9075606.458214283,IS
2019-11-15,13214505.795183413,9174613.877504436,IS
2019-11-18,13214505.795183413,9207615.69012238,IS
2019-11-19,13214505.795183413,9438631.350602476,IS
2019-11-20,13214505.795183413,9372626.734648425,IS
2019-11-21,13214505.795183413,9471634.15393858,IS
2019-11-22,13214505.795183413,9339623.93131232,IS
2019-11-25,13214505.795183413,9207615.69012238,IS
2019-11-26,13214505.795183413,9141611.074168332,IS
2019-11-27,13214505.795183413,9108609.261550387,IS
2019-11-28,13214505.795183413,8943598.217024343,IS
2019-11-29,13214505.795183413,9207615.69012238,IS
2019-12-02,13214505.795183413,9372626.734648425,IS
2019-12-03,13214505.795183413,9471634.15393858,IS
2019-12-04,13214505.795183413,9339623.93131232,IS
2019-12-05,13214505.795183413,9471634.15393858,IS
2019-12-06,13214505.795183413,9471634.15393858,IS
2019-12-09,13214505.795183413,9570639.591792414,IS
2019-12-10,13214505.795183413,9735650.636318458,IS
2019-12-11,13214505.795183413,9702649.814418675,IS
2019-12-12,13214505.795183413,9636645.198464625,IS
2019-12-13,13214505.795183413,9735650.636318458,IS
2019-12-16,13214505.795183413,9702649.814418675,IS
2019-12-17,13214505.795183413,9702649.814418675,IS
2019-12-18,13214505.795183413,9933664.484180609,IS
2019-12-19,13214505.795183413,10032670.912752604,IS
2019-12-20,13214505.795183413,10164680.144660702,IS
2019-12-23,13214505.795183413,10197681.957278648,IS
2019-12-26,13214505.795183413,10296688.385850644,IS
2019-12-27,13214505.795183413,10230684.760614753,IS
2019-12-30,13214505.795183413,10131678.332042757,IS
2020-01-02,13214505.795183413,10230684.760614753,IS
2020-01-03,13214505.795183413,10197681.957278648,IS
2020-01-06,13214505.795183413,10032670.912752604,IS
2020-01-07,13214505.795183413,10032670.912752604,IS
2020-01-08,13214505.795183413,9900662.671562664,IS
2020-01-09,13214505.795183413,10164680.144660702,IS
2020-01-10,13214505.795183413,10197681.957278648,IS
2020-01-13,13214505.795183413,10197681.957278648,IS
2020-01-14,13214505.795183413,10230684.760614753,IS
2020-01-15,13214505.795183413,10098676.519424811,IS
2020-01-16,13214505.795183413,9966666.296798553,IS
2020-01-17,13214505.795183413,10197681.957278648,IS
2020-01-20,13214505.795183413,10065673.716088708,IS
2020-01-21,13214505.795183413,10164680.144660702,IS
2020-01-22,13214505.795183413,10296688.385850644,IS
2020-01-23,13214505.795183413,10263685.582514537,IS
2020-01-24,13214505.795183413,10461699.430376688,IS
2020-01-27,13214505.795183413,10197681.957278648,IS
2020-01-28,13214505.795183413,10230684.760614753,IS
2020-01-29,13214505.795183413,10296688.385850644,IS
2020-01-30,13214505.795183413,10098676.519424811,IS
2020-01-31,13183252.282841746,9966666.296798553,IS
2020-02-03,13097047.05823237,9900662.671562664,IS
2020-02-04,13140149.670537058,9933664.484180609,IS
2020-02-05,13396753.49162984,10164680.144660702,IS
2020-02-06,13396753.49162984,10164680.144660702,IS
2020-02-07,13396753.49162984,10197681.957278648,IS
2020-02-10,13396753.49162984,10197681.957278648,IS
2020-02-11,13396753.49162984,10263685.582514537,IS
2020-02-12,13396753.49162984,10296688.385850644,IS
2020-02-13,13396753.49162984,10362693.001804693,IS
2020-02-14,13396753.49162984,10329691.189186746,IS
2020-02-17,13396753.49162984,10362693.001804693,IS
2020-02-18,13396753.49162984,10329691.189186746,IS
2020-02-19,13396753.49162984,10494701.242994633,IS
2020-02-20,13396753.49162984,10560706.849666841,IS
2020-02-21,13396753.49162984,10428697.617758742,IS
2020-02-24,13396753.49162984,10263685.582514537,IS
2020-02-25,13396753.49162984,10296688.385850644,IS
2020-02-26,13365086.02110003,10098676.519424811,IS
2020-02-27,12847848.203717217,9702649.814418675,IS
2020-02-28,13351978.355084404,10088640.544466998,IS
2020-03-02,12763340.635357842,9637946.011408318,IS
2020-03-03,13216137.38828753,9984632.97062481,IS
2020-03-04,13668207.717096208,10365993.083994672,IS
2020-03-05,13668207.717096208,10539336.068243837,IS
2020-03-06,13668207.717096208,10053971.353186268,IS
2020-03-09,13668207.717096208,9117913.095788179,IS
2020-03-10,13668207.717096208,9533938.437566131,IS
2020-03-11,13668207.717096208,9464601.045722833,IS
2020-03-12,13668207.717096208,8909899.929540126,IS
2020-03-13,13668207.717096208,8805891.364979777,IS
2020-03-16,13668207.717096208,8805891.364979777,IS
2020-03-17,13668207.717096208,7661819.941333633,IS
2020-03-18,13668207.717096208,7141786.530354416,IS
2020-03-19,13668207.717096208,6642555.22857453,IS
2020-03-20,13668207.717096208,6184926.163756993,IS
2020-03-23,13668207.717096208,5755032.253820407,IS
2020-03-24,13668207.717096208,5352873.498764773,IS
2020-03-26,13668207.717096208,6198793.741197469,IS
2020-03-27,13668207.717096208,6850568.890181666,IS
2020-03-30,13668207.717096208,6379072.247923653,IS
2020-03-31,13668207.717096208,6490012.372088378,IS
2020-04-01,13668207.717096208,6392939.330005049,IS
2020-04-02,13668207.717096208,6587085.414171709,IS
2020-04-03,13668207.717096208,6968442.55538709,IS
2020-04-06,13668207.717096208,7211124.912915874,IS
2020-04-07,13668207.717096208,7107117.834432767,IS
2020-04-08,13668207.717096208,6614819.5783345,IS
2020-04-09,13668207.717096208,6476145.290006983,IS
2020-04-13,13668207.717096208,6198793.741197469,IS
2020-04-14,13668207.717096208,6337469.515602225,IS
2020-04-15,13668207.717096208,6101720.699114139,IS
2020-04-16,13668207.717096208,5838237.718463262,IS
2020-04-17,13668207.717096208,6073986.039592269,IS
2020-04-20,13668207.717096208,6060118.462151792,IS
2020-04-21,13668207.717096208,6032383.307270841,IS
2020-04-22,13668207.717096208,6226528.896078421,IS
2020-04-23,13668207.717096208,6240396.473518897,IS
2020-04-24,13668207.717096208,5935310.760546591,IS
2020-04-27,13668207.717096208,5755032.253820407,IS
2020-04-28,13668207.717096208,5755032.253820407,IS
2020-04-29,13668207.717096208,5547019.087572352,IS
2020-04-30,13668207.717096208,6184926.163756993,IS
2020-05-04,13668207.717096208,5949177.842627987,IS
2020-05-05,13668207.717096208,5852104.800544658,IS
2020-05-06,13668207.717096208,5768899.335901803,IS
2020-05-08,13668207.717096208,5824369.645663707,IS
2020-05-11,13668207.717096208,5865972.873344213,IS
2020-05-12,13668207.717096208,5560886.169653748,IS
2020-05-13,13668207.717096208,5560886.169653748,IS
2020-05-14,13668207.717096208,5477681.200369974,IS
2020-05-15,13668207.717096208,5214198.219719096,IS
2020-05-18,13668207.717096208,5158727.909957193,IS
2020-05-19,13668207.717096208,5352873.498764773,IS
2020-05-20,13668207.717096208,5644092.1296556825,IS
2020-05-26,13668207.717096208,5685694.366618029,IS
2020-05-27,13668207.717096208,5699561.944058504,IS
2020-05-28,13668207.717096208,5949177.842627987,IS
2020-05-29,13668207.717096208,6198793.741197469,IS
2020-06-02,13668207.717096208,6406805.916727365,IS
2020-06-03,13668207.717096208,6739627.775298781,IS
2020-06-04,13668207.717096208,6559349.268572598,IS
2020-06-05,13668207.717096208,6725760.197858305,IS
2020-06-08,13668207.717096208,7280462.304759172,IS
2020-06-09,13668207.717096208,7315131.000680821,IS
2020-06-10,13668207.717096208,6808965.66250116,IS
2020-06-11,13668207.717096208,6503879.454169774,IS
2020-06-12,13668207.717096208,6781231.498338367,IS
2020-06-15,13668207.717096208,6545482.186491202,IS
2020-06-16,13668207.717096208,6968442.55538709,IS
2020-06-17,13668207.717096208,6795098.580419763,IS
2020-06-18,13668207.717096208,6684158.951614117,IS
2020-06-19,13668207.717096208,6767362.930179732,IS
2020-06-22,13668207.717096208,6670290.383455482,IS
2020-06-23,13668207.717096208,6642555.22857453,IS
2020-06-24,13668207.717096208,7141786.530354416,IS
2020-06-25,13668207.717096208,6968442.55538709,IS
2020-06-26,13668207.717096208,6933773.85946544,IS
2020-06-29,13668207.717096208,6850568.890181666,IS
2020-06-30,13668207.717096208,6864435.972263062,IS
2020-07-01,13668207.717096208,6919905.786665884,IS
2020-07-02,13668207.717096208,6933773.85946544,IS
2020-07-03,13668207.717096208,6933773.85946544,IS
2020-07-06,13668207.717096208,7037780.442589467,IS
2020-07-07,13668207.717096208,7003112.242026899,IS
2020-07-08,13668207.717096208,7315131.000680821,IS
2020-07-09,13668207.717096208,7280462.304759172,IS
2020-07-10,13668207.717096208,7176456.712353304,IS
2020-07-13,13668207.717096208,7280462.304759172,IS
2020-07-14,13668207.717096208,7349800.191961551,IS
2020-07-15,13668207.717096208,7315131.000680821,IS
2020-07-16,13668207.717096208,7315131.000680821,IS
2020-07-17,13668207.717096208,7176456.712353304,IS
2020-07-20,13668207.717096208,7072448.643152038,IS
2020-07-21,13668207.717096208,7349800.191961551,IS
2020-07-22,13668207.717096208,7523144.662287956,IS
2020-07-23,13668207.717096208,7904502.298862418,IS
2020-07-24,13668207.717096208,7765828.010534901,IS
2020-07-27,13668207.717096208,8147183.665673043,IS
2020-07-28,13668207.717096208,8112515.960469553,IS
2020-07-29,13668207.717096208,7904502.298862418,IS
2020-07-30,13668207.717096208,8043177.082549014,IS
2020-08-03,13668207.717096208,7627150.254693824,IS
2020-08-04,13668207.717096208,7731158.323895092,IS
2020-08-05,13668207.717096208,7904502.298862418,IS
2020-08-06,13668207.717096208,8008508.386627366,IS
2020-08-07,13668207.717096208,8043177.082549014,IS
2020-08-10,13668207.717096208,8043177.082549014,IS
2020-08-11,13668207.717096208,8285860.430795959,IS
2020-08-12,13668207.717096208,8528541.797606584,IS
2020-08-13,13668207.717096208,8389866.023201827,IS
2020-08-14,13668207.717096208,8355196.831921098,IS
2020-08-18,13668207.717096208,8528541.797606584,IS
2020-08-19,13668207.717096208,8459203.415045125,IS
2020-08-24,13668207.717096208,8320528.6313585285,IS
2020-08-25,13668207.717096208,8667218.5627295,IS
2020-08-26,13668207.717096208,8805891.364979777,IS
2020-08-27,13668207.717096208,8736554.963854639,IS
2020-08-28,13668207.717096208,8632548.380730612,IS
2020-08-31,13668207.717096208,8251190.744156149,IS
2020-09-01,13668207.717096208,8493873.597044013,IS
2020-09-02,13668207.717096208,8424535.214482555,IS
2020-09-03,13668207.717096208,8285860.430795959,IS
2020-09-04,13668207.717096208,8216521.05751634,IS
2020-09-07,13668207.717096208,8112515.960469553,IS
2020-09-08,13668207.717096208,8285860.430795959,IS
2020-09-09,13668207.717096208,8008508.386627366,IS
2020-09-10,13668207.717096208,7453806.279726498,IS
2020-09-11,13668207.717096208,7592482.0541312555,IS
2020-09-14,13668207.717096208,7973839.690705717,IS
2020-09-15,13668207.717096208,7869832.612222609,IS
2020-09-16,13668207.717096208,7835164.41166004,IS
2020-09-17,13668207.717096208,7731158.323895092,IS
2020-09-18,13668207.717096208,7731158.323895092,IS
2020-09-21,13668207.717096208,7592482.0541312555,IS
2020-09-22,13668207.717096208,7349800.191961551,IS
2020-09-23,13668207.717096208,7211124.912915874,IS
2020-09-24,13668207.717096208,7037780.442589467,IS
2020-09-25,13668207.717096208,7419137.08844577,IS
2020-09-28,13668207.717096208,7141786.530354416,IS
2020-09-29,13668207.717096208,7037780.442589467,IS
2020-09-30,13668207.717096208,6878304.045062617,IS
2020-10-01,13668207.717096208,7211124.912915874,IS
2020-10-02,13668207.717096208,7211124.912915874,IS
2020-10-05,13668207.717096208,7419137.08844577,IS
2020-10-06,13668207.717096208,7627150.254693824,IS
2020-10-07,13668207.717096208,7696488.637255283,IS
2020-10-08,13668207.717096208,7557814.348927766,IS
2020-10-09,13668207.717096208,7696488.637255283,IS
2020-10-12,13668207.717096208,7800495.715738391,IS
2020-10-13,13668207.717096208,7869832.612222609,IS
2020-10-14,13668207.717096208,8008508.386627366,IS
2020-10-15,13668207.717096208,7765828.010534901,IS
2020-10-16,13668207.717096208,7731158.323895092,IS
2020-10-19,13668207.717096208,7904502.298862418,IS
2020-10-20,13668207.717096208,7835164.41166004,IS
2020-10-21,13668207.717096208,7661819.941333633,IS
2020-10-22,13668207.717096208,7557814.348927766,IS
2020-10-23,13668207.717096208,7696488.637255283,IS
2020-10-26,13668207.717096208,8008508.386627366,IS
2020-10-27,13668207.717096208,8008508.386627366,IS
2020-11-02,13668207.717096208,8285860.430795959,IS
2020-11-03,13668207.717096208,8320528.6313585285,IS
2020-11-04,13668207.717096208,7904502.298862418,IS
2020-11-05,13668207.717096208,8285860.430795959,IS
2020-11-06,13668207.717096208,8389866.023201827,IS
2020-11-09,13668207.717096208,8528541.797606584,IS
2020-11-10,13668207.717096208,8840561.546978666,IS
2020-11-11,13668207.717096208,8840561.546978666,IS
2020-11-12,13668207.717096208,8563209.998169152,IS
2020-11-13,13668207.717096208,8667218.5627295,IS
2020-11-16,13668207.717096208,8597879.189449882,IS
2020-11-17,13668207.717096208,8667218.5627295,IS
2020-11-18,13668207.717096208,8805891.364979777,IS
2020-11-19,13668207.717096208,8771224.155135367,IS
2020-11-20,13668207.717096208,8736554.963854639,IS
2020-11-23,13668207.717096208,8875230.738259396,IS
2020-11-24,13668207.717096208,8909899.929540126,IS
2020-11-25,13668207.717096208,9048574.71322672,IS
2020-11-26,13668207.717096208,9325925.271318074,IS
2020-11-27,13668207.717096208,9221919.678912207,IS
2020-11-30,13668207.717096208,8771224.155135367,IS
2020-12-01,13668207.717096208,9048574.71322672,IS
2020-12-02,13668207.717096208,9221919.678912207,IS
2020-12-03,13668207.717096208,9117913.095788179,IS
2020-12-04,13668207.717096208,9152582.287068909,IS
2020-12-07,13668207.717096208,9291256.080037346,IS
2020-12-08,13668207.717096208,9256587.879474778,IS
2020-12-10,13668207.717096208,9429931.854442103,IS
2020-12-11,13668207.717096208,9395263.653879533,IS
2020-12-14,13668207.717096208,9325925.271318074,IS
2020-12-15,13668207.717096208,9291256.080037346,IS
2020-12-16,13668207.717096208,9395263.653879533,IS
2020-12-17,13668207.717096208,9533938.437566131,IS
2020-12-18,13668207.717096208,9291256.080037346,IS
2020-12-21,13668207.717096208,9291256.080037346,IS
2020-12-22,13635650.71657275,8875230.738259396,IS
2020-12-23,13529710.335713375,8805891.364979777,IS
2020-12-28,13900494.85719775,9048574.71322672,IS
2020-12-29,13688620.1501665,8909899.929540126,IS
2020-12-30,13476743.929463375,8771224.155135367,IS
2021-01-04,13847525.423604,9013905.521945992,IS
2021-01-05,13688620.1501665,8909899.929540126,IS
2021-01-06,13688620.1501665,8909899.929540126,IS
2021-01-07,13747932.945250578,8979237.321383422,IS
2021-01-08,13747932.945250578,9083242.913789291,IS
2021-01-11,13747932.945250578,9499269.246285401,IS
2021-01-12,13747932.945250578,9637946.011408318,IS
2021-01-13,13747932.945250578,9603275.82940943,IS
2021-01-14,13747932.945250578,9499269.246285401,IS
2021-01-15,13747932.945250578,9325925.271318074,IS
2021-01-18,13747932.945250578,9603275.82940943,IS
2021-01-19,13747932.945250578,9672614.211970886,IS
2021-01-20,13747932.945250578,10227315.328153595,IS
2021-01-21,13747932.945250578,10053971.353186268,IS
2021-01-22,13747932.945250578,9984632.97062481,IS
2021-01-25,13747932.945250578,10123310.726465886,IS
2021-01-26,13747932.945250578,10227315.328153595,IS
2021-01-27,13747932.945250578,10123310.726465886,IS
2021-01-28,13747932.945250578,9776621.785813075,IS
2021-01-29,13715025.18474816,9117913.095788179,IS
2021-02-01,13975596.156427847,9291256.080037346,IS
2021-02-02,13506566.322443472,8979237.321383422,IS
2021-02-03,13558679.921076285,9013905.521945992,IS
2021-02-04,13715025.18474816,9117913.095788179,IS
2021-02-05,13662908.607599722,9083242.913789291,IS
2021-02-08,13715025.18474816,9117913.095788179,IS
2021-02-09,13558679.921076285,9013905.521945992,IS
2021-02-10,13558679.921076285,9013905.521945992,IS
2021-02-11,13558679.921076285,9013905.521945992,IS
2021-02-15,13558679.921076285,9013905.521945992,IS
2021-02-16,13506566.322443472,8979237.321383422,IS
2021-02-17,13245990.882990347,8805891.364979777,IS
2021-02-18,13037536.488459097,8667218.5627295,IS
2021-02-19,13298107.460138785,8840561.546978666,IS
2021-02-22,13298107.460138785,8840561.546978666,IS
2021-02-23,13193878.773615347,8771224.155135367,IS
2021-02-24,13298107.460138785,8840561.546978666,IS
2021-02-25,13089648.597834097,8701885.772573909,IS
2021-02-26,12829076.136896597,8528541.797606584,IS
2021-03-01,13668444.177457089,9117913.095788179,IS
2021-03-02,13668444.177457089,9152582.287068909,IS
2021-03-03,13668444.177457089,9152582.287068909,IS
2021-03-04,13668444.177457089,9083242.913789291,IS
2021-03-05,13668444.177457089,8979237.321383422,IS
2021-03-08,13668444.177457089,8909899.929540126,IS
2021-03-09,13668444.177457089,8909899.929540126,IS
2021-03-10,13668444.177457089,9013905.521945992,IS
2021-03-12,13668444.177457089,9325925.271318074,IS
2021-03-15,13668444.177457089,9221919.678912207,IS
2021-03-16,13668444.177457089,9083242.913789291,IS
2021-03-17,13668444.177457089,9048574.71322672,IS
2021-03-18,13668444.177457089,9429931.854442103,IS
2021-03-19,13668444.177457089,9395263.653879533,IS
2021-03-22,13668444.177457089,9187249.49691332,IS
2021-03-23,13668444.177457089,9256587.879474778,IS
2021-03-24,13668444.177457089,9213955.295626337,IS
2021-03-25,13668444.177457089,9178103.186862918,IS
2021-03-26,13668444.177457089,9213955.295626337,IS
2021-03-29,13668444.177457089,9142251.078099502,IS
2021-03-30,13668444.177457089,9070548.842008986,IS
2021-03-31,13636091.309149308,8819583.089946905,IS
2021-04-01,13745646.338446183,8891288.2981919,IS
2021-04-05,13800421.582586808,8927139.416237157,IS
2021-04-06,13909973.584539933,8998842.643045831,IS
2021-04-07,13972431.435342109,9070548.842008986,IS
2021-04-08,13972431.435342109,8998842.643045831,IS
2021-04-09,13972431.435342109,9285659.513153171,IS
2021-04-12,13972431.435342109,9034695.742527409,IS
2021-04-13,13972431.435342109,9034695.742527409,IS
2021-04-14,13972431.435342109,9070548.842008986,IS
2021-04-15,13972431.435342109,9034695.742527409,IS
2021-04-16,13972431.435342109,9034695.742527409,IS
2021-04-19,13972431.435342109,8927139.416237157,IS
2021-04-20,13972431.435342109,8891288.2981919,IS
2021-04-21,13972431.435342109,8783731.971901648,IS
2021-04-22,13972431.435342109,8783731.971901648,IS
2021-04-23,13972431.435342109,8819583.089946905,IS
2021-04-26,13938971.285705768,8568620.310039302,IS
2021-04-27,14113903.512268268,8676176.636329556,IS
2021-04-28,14414619.896461807,8891288.2981919,IS
2021-04-29,14414619.896461807,8927139.416237157,IS
2021-04-30,14414619.896461807,8855435.198710322,IS
2021-05-03,14414619.896461807,8676176.636329556,IS
2021-05-04,14414619.896461807,8747879.86313823,IS
2021-05-05,14414619.896461807,8676176.636329556,IS
2021-05-06,14414619.896461807,8712027.754374813,IS
2021-05-07,14414619.896461807,8532768.201275887,IS
2021-05-10,14414619.896461807,8568620.310039302,IS
2021-05-11,14414619.896461807,8461064.974467212,IS
2021-05-17,14414619.896461807,8496915.101794308,IS
2021-05-18,14414619.896461807,8461064.974467212,IS
2021-05-19,14414619.896461807,8138396.490955536,IS
2021-05-20,14414619.896461807,8102543.886833039,IS
2021-05-21,14414619.896461807,8353508.64817696,IS
2021-05-24,14414619.896461807,8245952.321886708,IS
2021-05-25,14414619.896461807,8461064.974467212,IS
2021-05-27,14414619.896461807,8245952.321886708,IS
2021-05-28,14414619.896461807,8317655.548695383,IS
2021-05-31,14414619.896461807,8604471.428084562,IS
2021-06-02,14414619.896461807,8747879.86313823,IS
2021-06-03,14414619.896461807,8962992.515718734,IS
2021-06-04,14414619.896461807,8783731.971901648,IS
2021-06-07,14414619.896461807,8783731.971901648,IS
2021-06-08,14414619.896461807,8604471.428084562,IS
2021-06-09,14414619.896461807,8819583.089946905,IS
2021-06-10,14414619.896461807,8891288.2981919,IS
2021-06-11,14414619.896461807,8998842.643045831,IS
2021-06-14,14414619.896461807,8998842.643045831,IS
2021-06-15,14414619.896461807,9070548.842008986,IS
2021-06-16,14414619.896461807,8998842.643045831,IS
2021-06-17,14414619.896461807,8891288.2981919,IS
2021-06-18,14414619.896461807,8891288.2981919,IS
2021-06-21,14414619.896461807,8640323.536847979,IS
2021-06-22,14414619.896461807,8855435.198710322,IS
2021-06-23,14414619.896461807,8640323.536847979,IS
2021-06-24,14414619.896461807,8568620.310039302,IS
2021-06-25,14414619.896461807,8461064.974467212,IS
2021-06-28,14380281.559268976,8174249.095078033,IS
2021-06-29,14568463.62714007,8281803.935291045,IS
2021-06-30,14882105.607120538,8461064.974467212,IS
2021-07-01,15019337.526721347,8568620.310039302,IS
2021-07-02,15019337.526721347,8532768.201275887,IS
2021-07-05,15019337.526721347,8389359.766222218,IS
2021-07-06,15019337.526721347,8281803.935291045,IS
2021-07-07,15019337.526721347,8245952.321886708,IS
2021-07-08,15019337.526721347,8461064.974467212,IS
2021-07-09,15019337.526721347,8281803.935291045,IS
2021-07-12,15019337.526721347,8317655.548695383,IS
2021-07-13,15019337.526721347,8281803.935291045,IS
2021-07-14,15019337.526721347,8174249.095078033,IS
2021-07-15,15019337.526721347,8425211.874985633,IS
2021-07-16,15019337.526721347,8425211.874985633,IS
2021-07-19,15019337.526721347,8245952.321886708,IS
2021-07-21,15019337.526721347,8496915.101794308,IS
2021-07-22,15019337.526721347,8676176.636329556,IS
2021-07-23,15019337.526721347,8568620.310039302,IS
2021-07-26,15019337.526721347,8317655.548695383,IS
2021-07-27,15019337.526721347,8353508.64817696,IS
2021-07-28,15019337.526721347,8461064.974467212,IS
2021-07-29,15019337.526721347,8245952.321886708,IS
2021-07-30,14983548.273872482,8174249.095078033,IS
2021-08-02,14918168.65961467,8138396.490955536,IS
2021-08-03,15179681.696724044,8281803.935291045,IS
2021-08-04,15310440.021919357,8353508.64817696,IS
2021-08-05,15845076.160505114,8676176.636329556,IS
2021-08-06,15845076.160505114,8568620.310039302,IS
2021-08-09,15845076.160505114,8317655.548695383,IS
2021-08-10,15845076.160505114,8317655.548695383,IS
2021-08-12,15845076.160505114,8496915.101794308,IS
2021-08-13,15845076.160505114,8604471.428084562,IS
2021-08-16,15845076.160505114,8568620.310039302,IS
2021-08-18,15845076.160505114,8676176.636329556,IS
2021-08-19,15845076.160505114,8389359.766222218,IS
2021-08-20,15845076.160505114,8461064.974467212,IS
2021-08-23,15845076.160505114,8568620.310039302,IS
2021-08-24,15845076.160505114,8353508.64817696,IS
2021-08-25,15845076.160505114,8532768.201275887,IS
2021-08-26,15845076.160505114,8353508.64817696,IS
2021-08-27,15845076.160505114,8317655.548695383,IS
2021-08-30,15845076.160505114,8532768.201275887,IS
2021-08-31,15845076.160505114,8747879.86313823,IS
2021-09-01,15845076.160505114,8604471.428084562,IS
2021-09-02,15845076.160505114,8676176.636329556,IS
2021-09-03,15845076.160505114,8783731.971901648,IS
2021-09-06,15845076.160505114,8891288.2981919,IS
2021-09-07,15845076.160505114,8962992.515718734,IS
2021-09-08,15845076.160505114,8962992.515718734,IS
2021-09-09,15845076.160505114,9106397.978617923,IS
2021-09-10,15845076.160505114,8891288.2981919,IS
2021-09-13,15845076.160505114,8819583.089946905,IS
2021-09-14,15845076.160505114,8747879.86313823,IS
2021-09-15,15845076.160505114,8783731.971901648,IS
2021-09-16,15845076.160505114,8819583.089946905,IS
2021-09-17,15845076.160505114,8676176.636329556,IS
2021-09-20,15845076.160505114,8640323.536847979,IS
2021-09-21,15845076.160505114,8568620.310039302,IS
2021-09-22,15845076.160505114,8712027.754374813,IS
2021-09-23,15845076.160505114,8712027.754374813,IS
2021-09-24,15845076.160505114,8568620.310039302,IS
2021-09-27,15845076.160505114,8461064.974467212,IS
2021-09-28,15845076.160505114,8532768.201275887,IS
2021-09-29,15845076.160505114,8604471.428084562,IS
2021-09-30,15845076.160505114,8819583.089946905,IS
2021-10-01,15845076.160505114,8747879.86313823,IS
2021-10-04,15845076.160505114,9285659.513153171,IS
2021-10-05,15845076.160505114,9213955.295626337,IS
2021-10-06,15845076.160505114,9464920.056970257,IS
2021-10-07,15845076.160505114,9608325.519869447,IS
2021-10-08,15845076.160505114,9895142.389976785,IS
2021-10-11,15845076.160505114,9895142.389976785,IS
2021-10-12,15845076.160505114,10038550.825030455,IS
2021-10-13,15845076.160505114,10181958.269365964,IS
2021-10-14,15845076.160505114,10289514.595656214,IS
2021-10-15,15845076.160505114,10253663.477610959,IS
2021-10-18,15845076.160505114,10289514.595656214,IS
2021-10-19,15845076.160505114,10325364.722983314,IS
2021-10-21,15845076.160505114,10289514.595656214,IS
2021-10-22,15845076.160505114,10325364.722983314,IS
2021-10-25,15845076.160505114,10217810.378129382,IS
2021-10-26,15845076.160505114,10289514.595656214,IS
2021-10-27,15845076.160505114,10253663.477610959,IS
2021-10-28,15845076.160505114,10074402.93379387,IS
2021-10-29,15845076.160505114,10289514.595656214,IS
2021-11-01,15845076.160505114,10289514.595656214,IS
2021-11-02,15845076.160505114,10074402.93379387,IS
2021-11-03,15845076.160505114,10217810.378129382,IS
2021-11-04,15845076.160505114,10289514.595656214,IS
2021-11-05,15845076.160505114,10181958.269365964,IS
2021-11-08,15845076.160505114,10038550.825030455,IS
2021-11-09,15845076.160505114,9859291.271931529,IS
2021-11-10,15845076.160505114,10253663.477610959,IS
2021-11-11,15845076.160505114,10361217.82246489,IS
2021-11-12,15845076.160505114,10181958.269365964,IS
2021-11-15,15845076.160505114,10110255.04255729,IS
2021-11-16,15845076.160505114,10361217.82246489,IS
2021-11-17,15845076.160505114,10361217.82246489,IS
2021-11-18,15845076.160505114,10289514.595656214,IS
2021-11-19,15845076.160505114,10397069.931228308,IS
2021-11-22,15845076.160505114,10540478.366281979,IS
2021-11-23,15845076.160505114,10253663.477610959,IS
2021-11-24,15845076.160505114,10253663.477610959,IS
2021-11-25,15845076.160505114,10540478.366281979,IS
2021-11-26,15845076.160505114,10181958.269365964,IS
2021-11-29,15845076.160505114,10289514.595656214,IS
2021-11-30,15845076.160505114,10038550.825030455,IS
2021-12-01,15845076.160505114,10146105.169884387,IS
2021-12-02,15845076.160505114,10325364.722983314,IS
2021-12-03,15845076.160505114,10253663.477610959,IS
2021-12-06,15845076.160505114,10289514.595656214,IS
2021-12-07,15845076.160505114,10468775.139473302,IS
2021-12-08,15845076.160505114,10253663.477610959,IS
2021-12-09,15845076.160505114,10540478.366281979,IS
2021-12-10,15845076.160505114,10325364.722983314,IS
2021-12-13,15845076.160505114,10217810.378129382,IS
2021-12-14,15845076.160505114,10289514.595656214,IS
2021-12-15,15845076.160505114,10432922.039991725,IS
2021-12-16,15845076.160505114,10397069.931228308,IS
2021-12-17,15845076.160505114,10253663.477610959,IS
2021-12-20,15845076.160505114,10146105.169884387,IS
2021-12-21,15845076.160505114,10253663.477610959,IS
2021-12-22,15845076.160505114,10110255.04255729,IS
2021-12-23,15845076.160505114,10146105.169884387,IS
2021-12-24,15845076.160505114,10110255.04255729,IS
2021-12-27,15845076.160505114,10038550.825030455,IS
2021-12-28,15845076.160505114,10110255.04255729,IS
2021-12-29,15845076.160505114,10181958.269365964,IS
2021-12-30,15845076.160505114,10074402.93379387,IS
2022-01-03,15845076.160505114,10110255.04255729,IS
2022-01-04,15845076.160505114,10289514.595656214,IS
2022-01-05,15845076.160505114,10074402.93379387,IS
2022-01-06,15845076.160505114,10074402.93379387,IS
2022-01-07,15845076.160505114,10110255.04255729,IS
2022-01-10,15845076.160505114,10110255.04255729,IS
2022-01-11,15845076.160505114,10110255.04255729,IS
2022-01-12,15845076.160505114,10253663.477610959,IS
2022-01-13,15845076.160505114,10217810.378129382,IS
2022-01-14,15845076.160505114,10289514.595656214,IS
2022-01-17,15845076.160505114,10325364.722983314,IS
2022-01-18,15845076.160505114,10397069.931228308,IS
2022-01-19,15845076.160505114,10074402.93379387,IS
2022-01-20,15845076.160505114,10289514.595656214,IS
2022-01-21,15845076.160505114,10468775.139473302,IS
2022-01-24,15845076.160505114,10432922.039991725,IS
2022-01-25,15845076.160505114,10361217.82246489,IS
2022-01-26,15845076.160505114,10719738.910099063,IS
2022-01-27,15845076.160505114,10827293.254952997,IS
2022-01-28,15845076.160505114,10970702.680724824,IS
2022-01-31,15845076.160505114,10719738.910099063,IS
2022-02-02,15845076.160505114,10719738.910099063,IS
2022-02-03,15845076.160505114,10719738.910099063,IS
2022-02-04,15845076.160505114,10719738.910099063,IS
2022-02-07,15845076.160505114,10755590.028144322,IS
2022-02-08,15845076.160505114,10934849.581243249,IS
2022-02-09,15845076.160505114,11006553.798770083,IS
2022-02-10,15845076.160505114,11078257.025578758,IS
2022-02-11,15845076.160505114,11078257.025578758,IS
2022-02-14,15845076.160505114,11185813.35186901,IS
2022-02-15,15845076.160505114,11329221.786922678,IS
2022-02-16,15845076.160505114,11257517.569395846,IS
2022-02-17,15845076.160505114,11257517.569395846,IS
2022-02-18,15845076.160505114,11257517.569395846,IS
2022-02-21,15845076.160505114,11257517.569395846,IS
2022-02-22,15845076.160505114,11293369.678159261,IS
2022-02-23,15845076.160505114,11293369.678159261,IS
2022-02-24,15845076.160505114,11042405.907533498,IS
2022-02-25,15845076.160505114,11042405.907533498,IS
2022-03-01,15845076.160505114,10970702.680724824,IS
2022-03-02,15845076.160505114,10934849.581243249,IS
2022-03-04,15845076.160505114,10970702.680724824,IS
2022-03-07,15845076.160505114,10827293.254952997,IS
2022-03-08,15845076.160505114,10827293.254952997,IS
2022-03-09,15845076.160505114,10934849.581243249,IS
2022-03-10,15845076.160505114,11006553.798770083,IS
2022-03-11,15845076.160505114,10970702.680724824,IS
2022-03-14,15845076.160505114,11114109.134342177,IS
2022-03-15,15845076.160505114,11149961.243105592,IS
2022-03-16,15845076.160505114,11400926.004449515,IS
2022-03-17,15845076.160505114,11400926.004449515,IS
2022-03-18,15845076.160505114,11365072.904967936,IS
2022-03-21,15845076.160505114,11493736.481650712,IS
2022-03-22,15845076.160505114,11531297.579239618,IS
2022-03-23,15845076.160505114,11681541.969595255,IS
2022-03-24,15845076.160505114,11906909.545846868,IS
2022-03-25,15845076.160505114,11794226.253080143,IS
2022-03-28,15845076.160505114,11831788.34138721,IS
2022-03-29,15845076.160505114,11906909.545846868,IS
2022-03-30,15845076.160505114,11831788.34138721,IS
2022-03-31,15845076.160505114,11869348.448257962,IS
2022-04-01,15845076.160505114,11831788.34138721,IS
2022-04-04,15845076.160505114,11756664.164773075,IS
2022-04-05,15845076.160505114,11756664.164773075,IS
2022-04-06,15845076.160505114,11531297.579239618,IS
2022-04-07,15845076.160505114,11568859.66754669,IS
2022-04-08,15845076.160505114,11568859.66754669,IS
2022-04-11,15845076.160505114,11531297.579239618,IS
2022-04-12,15845076.160505114,11568859.66754669,IS
2022-04-13,15845076.160505114,11606420.765135597,IS
2022-04-14,15845076.160505114,11531297.579239618,IS
2022-04-18,15845076.160505114,11456175.384061802,IS
2022-04-19,15845076.160505114,11381053.188883983,IS
2022-04-20,15845076.160505114,11794226.253080143,IS
2022-04-21,15845076.160505114,12470327.991116825,IS
2022-04-22,15845076.160505114,12432766.893527916,IS
2022-04-25,15845076.160505114,12357644.698350098,IS
2022-04-26,15845076.160505114,12545450.186294641,IS
2022-04-27,15845076.160505114,12357644.698350098,IS
2022-04-28,15845076.160505114,13446920.491301097,IS
2022-05-09,15845076.160505114,12507890.079423893,IS
2022-05-10,15845076.160505114,12169839.210405553,IS
2022-05-11,15845076.160505114,12019592.838613598,IS
2022-05-12,15845076.160505114,11831788.34138721,IS
2022-05-13,15845076.160505114,11719104.057902325,IS
2022-05-17,15845076.160505114,11794226.253080143,IS
2022-05-18,15845076.160505114,11869348.448257962,IS
2022-05-19,15845076.160505114,11869348.448257962,IS
2022-05-20,15845076.160505114,12019592.838613598,IS
2022-05-23,15845076.160505114,11831788.34138721,IS
2022-05-24,15845076.160505114,11906909.545846868,IS
2022-05-25,15845076.160505114,11794226.253080143,IS
2022-05-27,15845076.160505114,12169839.210405553,IS
2022-05-30,15845076.160505114,12320083.60076119,IS
2022-05-31,15845076.160505114,12770817.762546256,IS
2022-06-02,15845076.160505114,12320083.60076119,IS
2022-06-03,15845076.160505114,12320083.60076119,IS
2022-06-06,15845076.160505114,12244960.41486521,IS
2022-06-07,15845076.160505114,12470327.991116825,IS
2022-06-08,15845076.160505114,12620572.38147246,IS
2022-06-09,15845076.160505114,12658134.469779529,IS
2022-06-10,15845076.160505114,12282522.50317228,IS
2022-06-13,15845076.160505114,12169839.210405553,IS
2022-06-14,15845076.160505114,12320083.60076119,IS
2022-06-15,15845076.160505114,12470327.991116825,IS
2022-06-16,15845076.160505114,12583011.283883551,IS
2022-06-17,15845076.160505114,12132277.122098483,IS
2022-06-20,15845076.160505114,12395205.795939006,IS
2022-06-21,15845076.160505114,12395205.795939006,IS
2022-06-22,15845076.160505114,12244960.41486521,IS
2022-06-23,15845076.160505114,12244960.41486521,IS
2022-06-24,15845076.160505114,12470327.991116825,IS
2022-06-27,15845076.160505114,12357644.698350098,IS
2022-06-28,15845076.160505114,12207399.3172763,IS
2022-06-29,15845076.160505114,11944471.63415394,IS
2022-06-30,15845076.160505114,11906909.545846868,IS
2022-07-01,15807242.841992067,11418613.295754734,IS
2022-07-04,15392569.404492067,11118124.515043462,IS
2022-07-05,15910912.568554567,11493736.481650712,IS
2022-07-06,15651740.302929567,11305930.002988005,IS
2022-07-07,15444403.584179567,11155685.61263237,IS
2022-07-08,15548073.310742067,11230808.798528347,IS
2022-07-11,15548073.310742067,11230808.798528347,IS
2022-07-12,15444403.584179567,11155685.61263237,IS
2022-07-13,15133397.138867067,10930318.036380755,IS
2022-07-14,15133397.138867067,10930318.036380755,IS
2022-07-15,14926060.420117067,10780073.64602512,IS
2022-07-18,15288899.677929567,11043001.329147484,IS
2022-07-19,15392083.56606241,11155685.61263237,IS
2022-07-20,15392083.56606241,11869348.448257962,IS
2022-07-21,15392083.56606241,11869348.448257962,IS
2022-07-22,15392083.56606241,11794226.253080143,IS
2022-07-25,15392083.56606241,11681541.969595255,IS
2022-07-26,15392083.56606241,12019592.838613598,IS
2022-07-27,15392083.56606241,12169839.210405553,IS
2022-07-28,15392083.56606241,12094715.033791414,IS
2022-07-29,15392083.56606241,12432766.893527916,IS
2022-08-01,15392083.56606241,11982031.741024688,IS
2022-08-02,15392083.56606241,12282522.50317228,IS
2022-08-03,15392083.56606241,12395205.795939006,IS
2022-08-04,15392083.56606241,12395205.795939006,IS
2022-08-05,15392083.56606241,12395205.795939006,IS
2022-08-08,15392083.56606241,12545450.186294641,IS
2022-08-09,15392083.56606241,12733257.655675508,IS
2022-08-10,15392083.56606241,12921064.134338211,IS
2022-08-11,15392083.56606241,12808379.850853326,IS
2022-08-12,15392083.56606241,12733257.655675508,IS
2022-08-15,15392083.56606241,12695695.567368438,IS
2022-08-16,15392083.56606241,12808379.850853326,IS
2022-08-18,15392083.56606241,12921064.134338211,IS
2022-08-19,15392083.56606241,12770817.762546256,IS
2022-08-22,15392083.56606241,12808379.850853326,IS
2022-08-23,15392083.56606241,12958624.241208963,IS
2022-08-24,15392083.56606241,12958624.241208963,IS
2022-08-25,15392083.56606241,12883502.046031144,IS
2022-08-26,15392083.56606241,12770817.762546256,IS
2022-08-29,15392083.56606241,12845940.948442234,IS
2022-08-30,15392083.56606241,12996185.33879787,IS
2022-08-31,15392083.56606241,13296675.110227304,IS
2022-09-01,15392083.56606241,13409359.39371219,IS
2022-09-02,15392083.56606241,13296675.110227304,IS
2022-09-05,15392083.56606241,13446920.491301097,IS
2022-09-06,15392083.56606241,13259115.003356554,IS
2022-09-07,15392083.56606241,13334237.198534371,IS
2022-09-08,15392083.56606241,13446920.491301097,IS
2022-09-09,15392083.56606241,13634725.979245644,IS
2022-09-12,15392083.56606241,13784971.36031944,IS
2022-09-13,15392083.56606241,14198144.424515598,IS
2022-09-14,15392083.56606241,13972777.838982144,IS
2022-09-15,15392083.56606241,14047900.034159962,IS
2022-09-16,15392083.56606241,13672286.086116392,IS
2022-09-19,15392083.56606241,13860093.555497257,IS
2022-09-20,15392083.56606241,13822532.457908347,IS
2022-09-21,15392083.56606241,13935215.750675077,IS
2022-09-22,15392083.56606241,13822532.457908347,IS
2022-09-23,15392083.56606241,13822532.457908347,IS
2022-09-26,15392083.56606241,13897656.634522486,IS
2022-09-27,15392083.56606241,14047900.034159962,IS
2022-09-28,15392083.56606241,13972777.838982144,IS
2022-09-29,15392083.56606241,13897656.634522486,IS
2022-09-30,15392083.56606241,14160582.33620853,IS
2022-10-03,15392083.56606241,13935215.750675077,IS
2022-10-04,15392083.56606241,13860093.555497257,IS
2022-10-05,15392083.56606241,13935215.750675077,IS
2022-10-06,15392083.56606241,14010338.936571054,IS
2022-10-07,15392083.56606241,14160582.33620853,IS
2022-10-10,15392083.56606241,13972777.838982144,IS
2022-10-11,15392083.56606241,13972777.838982144,IS
2022-10-12,15392083.56606241,14160582.33620853,IS
2022-10-13,15392083.56606241,14235706.512822667,IS
2022-10-14,15392083.56606241,14123022.22933778,IS
2022-10-17,15392083.56606241,14198144.424515598,IS
2022-10-18,15392083.56606241,14273266.619693417,IS
2022-10-19,15392083.56606241,14235706.512822667,IS
2022-10-20,15392083.56606241,14874246.16255228,IS
2022-10-21,15392083.56606241,15550349.882025281,IS
2022-10-24,15392083.56606241,15400103.510233326,IS
2022-10-25,15392083.56606241,15362543.403362576,IS
2022-10-26,15392083.56606241,15324979.333619189,IS
2022-10-27,15392083.56606241,15324979.333619189,IS
2022-10-28,15392083.56606241,15324979.333619189,IS
2022-10-31,15392083.56606241,15850838.662736552,IS
2022-11-01,15392083.56606241,15625472.0772031,IS
2022-11-02,15392083.56606241,15137174.836392803,IS
2022-11-03,15392083.56606241,15287420.217466598,IS
2022-11-04,15392083.56606241,15249859.119877689,IS
2022-11-07,15392083.56606241,15400103.510233326,IS
2022-11-08,15392083.56606241,15249859.119877689,IS
2022-11-09,15392083.56606241,15249859.119877689,IS
2022-11-10,15392083.56606241,15174737.91541803,IS
2022-11-11,15392083.56606241,15663033.174792008,IS
2022-11-14,15392083.56606241,15400103.510233326,IS
2022-11-15,15392083.56606241,15400103.510233326,IS
2022-11-16,15392083.56606241,15024492.534344235,IS
2022-11-17,15392083.56606241,14874246.16255228,IS
2022-11-18,15392083.56606241,15287420.217466598,IS
2022-11-21,15392083.56606241,15174737.91541803,IS
2022-11-22,15392083.56606241,15212298.02228878,IS
2022-11-23,15392083.56606241,15324979.333619189,IS
2022-11-24,15392083.56606241,15362543.403362576,IS
2022-11-25,15392083.56606241,15287420.217466598,IS
2022-11-28,15392083.56606241,15212298.02228878,IS
2022-11-29,15392083.56606241,15512788.784436373,IS
2022-11-30,15392083.56606241,15813278.555865804,IS
2022-12-01,15392083.56606241,15625472.0772031,IS
2022-12-02,15392083.56606241,15813278.555865804,IS
2022-12-05,15392083.56606241,16339132.93139237,IS
2022-12-06,15392083.56606241,16376697.001135759,IS
2022-12-07,15392083.56606241,15587909.988896031,IS
2022-12-08,15392083.56606241,15099614.729522053,IS
2022-12-09,15392083.56606241,14911810.232295668,IS
2022-12-12,15392083.56606241,14949369.348448258,IS
2022-12-13,15392083.56606241,14874246.16255228,IS
2022-12-14,15392083.56606241,14949369.348448258,IS
2022-12-15,15392083.56606241,14874246.16255228,IS
2022-12-16,15392083.56606241,15174737.91541803,IS
2022-12-19,15392083.56606241,15024492.534344235,IS
2022-12-20,15392083.56606241,15099614.729522053,IS
2022-12-21,15392083.56606241,15024492.534344235,IS
2022-12-22,15392083.56606241,14949369.348448258,IS
2022-12-23,15392083.56606241,14911810.232295668,IS
2022-12-26,15392083.56606241,15099614.729522053,IS
2022-12-27,15392083.56606241,14949369.348448258,IS
2022-12-28,15392083.56606241,14986930.446037168,IS
2022-12-29,15392083.56606241,14986930.446037168,IS
2022-12-30,15392083.56606241,14911810.232295668,IS
2023-01-02,15392083.56606241,14836685.06496337,IS
2023-01-03,15392083.56606241,14949369.348448258,IS
2023-01-04,15392083.56606241,15062052.641214985,IS
2023-01-05,15392083.56606241,14761561.879067393,IS
2023-01-06,15392083.56606241,14724002.762914803,IS
2023-01-09,15392083.56606241,14611318.479429917,IS
2023-01-10,15355805.893394694,13935215.750675077,IS
2023-01-11,14826355.698082194,13446920.491301097,IS
2023-01-12,15233625.326988444,13822532.457908347,IS
2023-01-13,15192898.471519694,13784971.36031944,IS
2023-01-16,15396533.823082194,13972777.838982144,IS
2023-01-17,16075638.40080152,14648879.577018825,IS
2023-01-18,16075638.40080152,14348390.796307553,IS
2023-01-19,16075638.40080152,14648879.577018825,IS
2023-01-20,16075638.40080152,14986930.446037168,IS
2023-01-24,16075638.40080152,14874246.16255228,IS
2023-01-25,16075638.40080152,14573757.381841008,IS
2023-01-26,16075638.40080152,14761561.879067393,IS
2023-01-27,16075638.40080152,15062052.641214985,IS
2023-01-30,16075638.40080152,14949369.348448258,IS
2023-01-31,16075638.40080152,14949369.348448258,IS
2023-02-01,16075638.40080152,14573757.381841008,IS
2023-02-02,16075638.40080152,14611318.479429917,IS
2023-02-03,16075638.40080152,14911810.232295668,IS
2023-02-06,16075638.40080152,14836685.06496337,IS
2023-02-07,16075638.40080152,15287420.217466598,IS
2023-02-08,16075638.40080152,15324979.333619189,IS
2023-02-09,16075638.40080152,15400103.510233326,IS
2023-02-10,16075638.40080152,15475228.677565623,IS
2023-02-13,16075638.40080152,15550349.882025281,IS
2023-02-14,16075638.40080152,15587909.988896031,IS
2023-02-15,16075638.40080152,15362543.403362576,IS
2023-02-16,16075638.40080152,15287420.217466598,IS
2023-02-17,16075638.40080152,15475228.677565623,IS
2023-02-20,16075638.40080152,15437666.589258553,IS
2023-02-21,16075638.40080152,15324979.333619189,IS
2023-02-22,16075638.40080152,15024492.534344235,IS
2023-02-23,16075638.40080152,15137174.836392803,IS
2023-02-24,16075638.40080152,15212298.02228878,IS
2023-02-27,16075638.40080152,15249859.119877689,IS
2023-02-28,16037413.944907336,15024492.534344235,IS
2023-03-01,16196619.975180773,15174737.91541803,IS
2023-03-02,16340301.997205412,15362543.403362576,IS
2023-03-03,16340301.997205412,15099614.729522053,IS
2023-03-06,16340301.997205412,15212298.02228878,IS
2023-03-07,16340301.997205412,15287420.217466598,IS
2023-03-08,16340301.997205412,15437666.589258553,IS
2023-03-09,16340301.997205412,15700593.281662758,IS
2023-03-10,16340301.997205412,15587909.988896031,IS
2023-03-13,16340301.997205412,15550349.882025281,IS
2023-03-14,16301481.947328245,14911810.232295668,IS
2023-03-15,16505115.150453245,15099614.729522053,IS
2023-03-16,16179298.158265745,14799123.96737446,IS
2023-03-17,16586569.935609495,15174737.91541803,IS
2023-03-20,16423661.439515745,15024492.534344235,IS
2023-03-21,17180065.2047939,15775714.486122416,IS
2023-03-24,17180065.2047939,16376697.001135759,IS
2023-03-27,17180065.2047939,16107193.921587432,IS
2023-03-28,17180065.2047939,15988761.491339933,IS
2023-03-29,17180065.2047939,16344065.717109544,IS
2023-03-30,17180065.2047939,16146673.049533531,IS
2023-03-31,17180065.2047939,16304589.561317924,IS
2023-04-03,17180065.2047939,16620415.649859594,IS
2023-04-04,17180065.2047939,16423022.982283581,IS
2023-04-05,17180065.2047939,16501979.256739458,IS
2023-04-06,17180065.2047939,16344065.717109544,IS
2023-04-10,17180065.2047939,16107193.921587432,IS
2023-04-11,17180065.2047939,16107193.921587432,IS
2023-04-12,17180065.2047939,16265111.424089987,IS
2023-04-13,17180065.2047939,16186151.186761469,IS
2023-04-14,17180065.2047939,16501979.256739458,IS
2023-04-17,17180065.2047939,16186151.186761469,IS
2023-04-18,17180065.2047939,16344065.717109544,IS
2023-04-26,17180065.2047939,16423022.982283581,IS
2023-04-27,17180065.2047939,16423022.982283581,IS
2023-04-28,17180065.2047939,16344065.717109544,IS
2023-05-02,17180065.2047939,16580937.512631657,IS
2023-05-03,17180065.2047939,16501979.256739458,IS
2023-05-04,17180065.2047939,16344065.717109544,IS
2023-05-05,17180065.2047939,16344065.717109544,IS
2023-05-08,17180065.2047939,16186151.186761469,IS
2023-05-09,17180065.2047939,15949283.354111996,IS
2023-05-10,17180065.2047939,16028239.628567873,IS
2023-05-11,17180065.2047939,16107193.921587432,IS
2023-05-12,17180065.2047939,15791367.833045762,IS
2023-05-15,17180065.2047939,15949283.354111996,IS
2023-05-16,17180065.2047939,15759785.719550675,IS
2023-05-17,17180065.2047939,15791367.833045762,IS
2023-05-19,17180065.2047939,16028239.628567873,IS
2023-05-22,17180065.2047939,16501979.256739458,IS
2023-05-23,17180065.2047939,16186151.186761469,IS
2023-05-24,17180065.2047939,16028239.628567873,IS
2023-05-25,17180065.2047939,16344065.717109544,IS
2023-05-26,17180065.2047939,16186151.186761469,IS
2023-05-29,17180065.2047939,16265111.424089987,IS
2023-05-30,17180065.2047939,16265111.424089987,IS
2023-05-31,17180065.2047939,15949283.354111996,IS
2023-06-05,17180065.2047939,16028239.628567873,IS
2023-06-06,17180065.2047939,15949283.354111996,IS
2023-06-07,17180065.2047939,15870324.107501639,IS
2023-06-08,17139688.83251464,15870324.107501639,IS
2023-06-09,17416061.656889167,16186151.186761469,IS
2023-06-12,17416061.656889167,16107193.921587432,IS
2023-06-13,17416061.656889167,16107193.921587432,IS
2023-06-14,17416061.656889167,15949283.354111996,IS
2023-06-15,17416061.656889167,16186151.186761469,IS
2023-06-16,17416061.656889167,16265111.424089987,IS
2023-06-19,17416061.656889167,16186151.186761469,IS
2023-06-20,17416061.656889167,16107193.921587432,IS
2023-06-21,17416061.656889167,16107193.921587432,IS
2023-06-22,17416061.656889167,16028239.628567873,IS
2023-06-23,17416061.656889167,16028239.628567873,IS
2023-06-26,17416061.656889167,16186151.186761469,IS
2023-06-27,17416061.656889167,16423022.982283581,IS
2023-07-03,17416061.656889167,16896765.582609646,IS
2023-07-04,17416061.656889167,16580937.512631657,IS
2023-07-05,17416061.656889167,16659894.777805695,IS
2023-07-06,17416061.656889167,16738849.070825253,IS
2023-07-07,17416061.656889167,16265111.424089987,IS
2023-07-10,17416061.656889167,16344065.717109544,IS
2023-07-11,17416061.656889167,16659894.777805695,IS
2023-07-12,17416061.656889167,16738849.070825253,IS
2023-07-13,17416061.656889167,16896765.582609646,IS
2023-07-14,17416061.656889167,17054678.1315214,IS
2023-07-17,17416061.656889167,16975719.875629205,IS
2023-07-18,17416061.656889167,16896765.582609646,IS
2023-07-20,17416061.656889167,17449461.48523711,IS
2023-07-21,17416061.656889167,17528419.74112931,IS
2023-07-24,17416061.656889167,17370505.21078123,IS
2023-07-25,17416061.656889167,17528419.74112931,IS
2023-07-26,17416061.656889167,17607376.015585184,IS
2023-07-27,17416061.656889167,17765288.564496942,IS
2023-07-28,17416061.656889167,18002159.369300894,IS
2023-07-31,17416061.656889167,18081117.62519309,IS
2023-08-01,17416061.656889167,17844246.820389137,IS
2023-08-02,17416061.656889167,18002159.369300894,IS
2023-08-03,17416061.656889167,18317986.448560722,IS
2023-08-04,17416061.656889167,18239030.174104847,IS
2023-08-07,17416061.656889167,18554857.253364675,IS
2023-08-08,17416061.656889167,18633815.509256873,IS
2023-08-09,17416061.656889167,18633815.509256873,IS
2023-08-10,17416061.656889167,18870684.332624506,IS
2023-08-11,17416061.656889167,18712771.783712752,IS
2023-08-14,17416061.656889167,18791728.05816863,IS
2023-08-15,17416061.656889167,18317986.448560722,IS
2023-08-16,17416061.656889167,18317986.448560722,IS
2023-08-18,17416061.656889167,18239030.174104847,IS
2023-08-21,17416061.656889167,18396942.7230166,IS
2023-08-22,17416061.656889167,18791728.05816863,IS
2023-08-23,17416061.656889167,18475900.9789088,IS
2023-08-24,17416061.656889167,18791728.05816863,IS
2023-08-25,17416061.656889167,18633815.509256873,IS
2023-08-28,17416061.656889167,18949640.607080385,IS
2023-08-29,17416061.656889167,18791728.05816863,IS
2023-08-30,17416061.656889167,18870684.332624506,IS
2023-08-31,17416061.656889167,19028596.881536264,IS
2023-09-01,17416061.656889167,19186513.393320657,IS
2023-09-04,17416061.656889167,19265469.667776536,IS
2023-09-05,17416061.656889167,19265469.667776536,IS
2023-09-06,17416061.656889167,19107555.13742846,IS
2023-09-07,17416061.656889167,18554857.253364675,IS
2023-09-08,17416061.656889167,18633815.509256873,IS
2023-09-11,17416061.656889167,18712771.783712752,IS
2023-09-12,17416061.656889167,18554857.253364675,IS
2023-09-13,17416061.656889167,18475900.9789088,IS
2023-09-14,17416061.656889167,18396942.7230166,IS
2023-09-15,17416061.656889167,18712771.783712752,IS
2023-09-18,17416061.656889167,18633815.509256873,IS
2023-09-19,17416061.656889167,18949640.607080385,IS
2023-09-20,17416061.656889167,19186513.393320657,IS
2023-09-21,17416061.656889167,18949640.607080385,IS
2023-09-22,17416061.656889167,18949640.607080385,IS
2023-09-25,17416061.656889167,18949640.607080385,IS
2023-09-26,17416061.656889167,18712771.783712752,IS
2023-09-27,17416061.656889167,18949640.607080385,IS
2023-09-29,17416061.656889167,19028596.881536264,IS
2023-10-02,17416061.656889167,19107555.13742846,IS
2023-10-03,17416061.656889167,19186513.393320657,IS
2023-10-04,17416061.656889167,19344425.94223241,IS
2023-10-05,17416061.656889167,19344425.94223241,IS
2023-10-06,17416061.656889167,19028596.881536264,IS
2023-10-09,17416061.656889167,18633815.509256873,IS
2023-10-10,17416061.656889167,18949640.607080385,IS
2023-10-11,17416061.656889167,19107555.13742846,IS
2023-10-12,17416061.656889167,19186513.393320657,IS
2023-10-13,17416061.656889167,19186513.393320657,IS
2023-10-16,17416061.656889167,19028596.881536264,IS
2023-10-17,17416061.656889167,18949640.607080385,IS
2023-10-18,17374522.061029114,18475900.9789088,IS
2023-10-19,17004836.611810364,18081117.62519309,IS
2023-10-20,17078773.330560364,18160073.899648968,IS
2023-10-23,16856961.318841614,17923203.094845016,IS
2023-10-24,17078773.330560364,18160073.899648968,IS
2023-10-25,17374522.061029114,18475900.9789088,IS
2023-10-26,16930898.037591614,18002159.369300894,IS
2023-10-27,16930898.037591614,18002159.369300894,IS
2023-10-30,17004836.611810364,18081117.62519309,IS
2023-10-31,16856961.318841614,17923203.094845016,IS
2023-11-01,16783024.600091614,17844246.820389137,IS
2023-11-02,17463095.403216597,18633815.509256873,IS
2023-11-03,17463095.403216597,18396942.7230166,IS
2023-11-06,17463095.403216597,18712771.783712752,IS
2023-11-07,17463095.403216597,18554857.253364675,IS
2023-12-14,10000000.0,17463095.403216597,OOS
2023-12-15,10000000.0,17316347.754545067,OOS
2023-12-18,10000000.0,17389721.57888083,OOS
2023-12-19,10000000.0,17536469.22755236,OOS
2023-12-20,10000000.0,17389721.57888083,OOS
2023-12-21,10000000.0,17536469.22755236,OOS
2023-12-22,10000000.0,17536469.22755236,OOS
2023-12-27,10000000.0,17609843.05188813,OOS
2023-12-28,10000000.0,17976715.856252376,OOS
2023-12-29,10000000.0,17756592.54190237,OOS
2024-01-02,10000000.0,17976715.856252376,OOS
2024-01-03,10000000.0,17903342.03191661,OOS
2024-01-04,10000000.0,18637083.957959693,OOS
2024-01-05,10000000.0,18857209.11365241,OOS
2024-01-08,10000000.0,18783835.289316647,OOS
2024-01-09,10000000.0,18710459.623638168,OOS
2024-01-10,10000000.0,18857209.11365241,OOS
2024-01-11,10000000.0,18930582.937988177,OOS
2024-01-12,10000000.0,19297455.742352426,OOS
2024-01-15,10000000.0,19077330.58665971,OOS
2024-01-16,10000000.0,19150704.410995476,OOS
2024-01-17,10000000.0,19150704.410995476,OOS
2024-01-18,10000000.0,19150704.410995476,OOS
2024-01-19,10000000.0,19150704.410995476,OOS
2024-01-22,10000000.0,19077330.58665971,OOS
2024-01-23,10000000.0,19077330.58665971,OOS
2024-01-24,10000000.0,18783835.289316647,OOS
2024-01-25,10000000.0,18416962.484952398,OOS
2024-01-26,10000000.0,18490336.309288163,OOS
2024-01-29,10000000.0,19003956.762323942,OOS
2024-01-30,10000000.0,19517577.215359725,OOS
2024-01-31,10000000.0,19517577.215359725,OOS
2024-02-01,10000000.0,19224080.076673955,OOS
2024-02-02,10000000.0,19590951.03969549,OOS
2024-02-05,10000000.0,20031197.668395508,OOS
2024-02-06,10000000.0,20104571.492731277,OOS
2024-02-07,10000000.0,20398070.472759757,OOS
2024-02-12,10000000.0,20838315.260117065,OOS
2024-02-13,10000000.0,20618193.787109766,OOS
2024-02-15,10000000.0,21131814.24014555,OOS
2024-02-16,10000000.0,21131814.24014555,OOS
2024-02-19,10000000.0,20985062.908788595,OOS
2024-02-20,10000000.0,20985062.908788595,OOS
2024-02-21,10000000.0,21278561.88881708,OOS
2024-02-22,10000000.0,20838315.260117065,OOS
2024-02-23,10000000.0,20691567.611445535,OOS
2024-02-26,10000000.0,20691567.611445535,OOS
2024-02-27,10000000.0,20764941.4357813,OOS
2024-02-28,10000000.0,20911690.92579554,OOS
2024-02-29,10000000.0,20544818.12143129,OOS
2024-03-01,10000000.0,20618193.787109766,OOS
2024-03-04,10000000.0,20618193.787109766,OOS
2024-03-05,10000000.0,20618193.787109766,OOS
2024-03-06,10000000.0,20764941.4357813,OOS
2024-03-07,10000000.0,20838315.260117065,OOS
2024-03-08,10000000.0,20911690.92579554,OOS
2024-03-13,10000000.0,21351933.871810135,OOS
2024-03-14,10000000.0,21718808.517517097,OOS
2024-03-15,10000000.0,21718808.517517097,OOS
2024-03-18,10000000.0,21058438.57446707,OOS
2024-03-19,10000000.0,21351933.871810135,OOS
2024-03-20,10000000.0,21749779.901910983,OOS
2024-03-21,10000000.0,21749779.901910983,OOS
2024-03-22,10000000.0,21749779.901910983,OOS
2024-03-25,10000000.0,22366793.589494992,OOS
2024-03-26,10000000.0,22135414.147154506,OOS
2024-03-27,10000000.0,22135414.147154506,OOS
2024-03-28,10000000.0,22366793.589494992,OOS
2024-04-01,10000000.0,21287019.1758873,OOS
2024-04-02,10000000.0,21287019.1758873,OOS
2024-04-03,10000000.0,20901384.930643782,OOS
2024-04-04,10000000.0,21209890.85376443,OOS
2024-04-05,10000000.0,21055637.892204106,OOS
2024-04-16,10000000.0,20438622.363277387,OOS
2024-04-17,10000000.0,20438622.363277387,OOS
2024-04-18,10000000.0,20978511.411423944,OOS
2024-04-19,10000000.0,20747130.127740745,OOS
2024-04-22,10000000.0,20747130.127740745,OOS
2024-04-23,10000000.0,21055637.892204106,OOS
2024-04-24,10000000.0,21749779.901910983,OOS
2024-04-25,10000000.0,21441273.978790335,OOS
2024-04-26,10000000.0,20824258.44986362,OOS
2024-04-29,10000000.0,21364143.815324754,OOS
2024-04-30,10000000.0,21287019.1758873,OOS
2024-05-02,10000000.0,19513100.911230028,OOS
2024-05-03,10000000.0,18973211.863083474,OOS
2024-05-06,10000000.0,19358847.949669704,OOS
2024-05-07,10000000.0,19358847.949669704,OOS
2024-05-08,10000000.0,19358847.949669704,OOS
2024-05-13,10000000.0,19127464.824643794,OOS
2024-05-14,10000000.0,19127464.824643794,OOS
2024-05-15,10000000.0,19667353.872790348,OOS
2024-05-16,10000000.0,19590225.550667476,OOS
2024-05-17,10000000.0,20284369.401717067,OOS
2024-05-20,10000000.0,19513100.911230028,OOS
2024-05-21,10000000.0,18587575.776497245,OOS
2024-05-22,10000000.0,18664705.939962827,OOS
2024-05-27,10000000.0,17970562.088913236,OOS
2024-05-28,10000000.0,18356198.175499465,OOS
2024-05-29,10000000.0,17893435.608133078,OOS
2024-05-30,10000000.0,18124816.891816273,OOS
2024-05-31,10000000.0,18201943.372596435,OOS
2024-06-03,10000000.0,18818958.901523147,OOS
2024-06-04,10000000.0,18973211.863083474,OOS
2024-06-05,10000000.0,18510451.13705979,OOS
2024-06-06,10000000.0,19050340.185206346,OOS
2024-06-07,10000000.0,19358847.949669704,OOS
2024-06-10,10000000.0,19358847.949669704,OOS
2024-06-11,10000000.0,18896085.38230331,OOS
2024-06-12,10000000.0,18279069.853376593,OOS
2024-06-13,10000000.0,18124816.891816273,OOS
2024-06-14,10000000.0,17739182.64657275,OOS
2024-06-19,10000000.0,17739182.64657275,OOS
2024-06-20,10000000.0,18356198.175499465,OOS
2024-06-21,10000000.0,18896085.38230331,OOS
2024-06-24,10000000.0,18510451.13705979,OOS
2024-06-25,10000000.0,18279069.853376593,OOS
2024-06-26,10000000.0,18047690.411036108,OOS
2024-06-27,10000000.0,18510451.13705979,OOS
2024-06-28,10000000.0,18973211.863083474,OOS
2024-07-01,10000000.0,19281719.627546832,OOS
2024-07-02,10000000.0,19127464.824643794,OOS
2024-07-03,10000000.0,19204594.988109376,OOS
2024-07-04,10000000.0,19281719.627546832,OOS
2024-07-05,10000000.0,19821608.675693385,OOS
2024-07-08,10000000.0,19204594.988109376,OOS
2024-07-09,10000000.0,19667353.872790348,OOS
2024-07-10,10000000.0,19667353.872790348,OOS
2024-07-11,10000000.0,19744480.353570513,OOS
2024-07-12,10000000.0,19821608.675693385,OOS
2024-07-15,10000000.0,19590225.550667476,OOS
2024-07-16,10000000.0,19590225.550667476,OOS
2024-07-17,10000000.0,19898735.156473547,OOS
2024-07-18,10000000.0,20207242.920936905,OOS
2024-07-19,10000000.0,20130114.598814033,OOS
2024-07-22,10000000.0,20670003.646960586,OOS
2024-07-23,10000000.0,20438622.363277387,OOS
2024-07-24,10000000.0,19975861.63725371,OOS
2024-07-25,10000000.0,20284369.401717067,OOS
2024-07-26,10000000.0,20207242.920936905,OOS
2024-07-29,10000000.0,19975861.63725371,OOS
2024-07-30,10000000.0,19975861.63725371,OOS
2024-07-31,10000000.0,19744480.353570513,OOS
2024-08-01,10000000.0,20824258.44986362,OOS
2024-08-02,10000000.0,20978511.411423944,OOS
2024-08-05,10000000.0,20284369.401717067,OOS
2024-08-06,10000000.0,20438622.363277387,OOS
2024-08-07,10000000.0,20901384.930643782,OOS
2024-08-08,10000000.0,20978511.411423944,OOS
2024-08-09,10000000.0,21132764.372984268,OOS
2024-08-12,10000000.0,21287019.1758873,OOS
2024-08-13,10000000.0,21595526.940350663,OOS
2024-08-14,10000000.0,21826906.382691145,OOS
2024-08-15,10000000.0,21672653.42113082,OOS
2024-08-16,10000000.0,21826906.382691145,OOS
2024-08-19,10000000.0,22058287.66637434,OOS
2024-08-20,10000000.0,22212540.627934664,OOS
2024-08-21,10000000.0,22366793.589494992,OOS
2024-08-22,10000000.0,21749779.901910983,OOS
2024-08-23,10000000.0,21749779.901910983,OOS
2024-08-26,10000000.0,21749779.901910983,OOS
2024-08-27,10000000.0,21672653.42113082,OOS
2024-08-28,10000000.0,22289668.950057536,OOS
2024-08-29,10000000.0,21904032.863471307,OOS
2024-08-30,10000000.0,21981161.18559418,OOS
2024-09-02,10000000.0,22212540.627934664,OOS
2024-09-03,10000000.0,21826906.382691145,OOS
2024-09-04,10000000.0,22135414.147154506,OOS
2024-09-05,10000000.0,22135414.147154506,OOS
2024-09-06,10000000.0,22366793.589494992,OOS
2024-09-09,10000000.0,22366793.589494992,OOS
2024-09-10,10000000.0,22366793.589494992,OOS
2024-09-11,10000000.0,22752429.676081218,OOS
2024-09-12,10000000.0,22521048.392398022,OOS
2024-09-13,10000000.0,22443921.911617864,OOS
2024-09-17,10000000.0,22906682.63764154,OOS
2024-09-18,10000000.0,22829556.15686138,OOS
2024-09-19,10000000.0,22829556.15686138,OOS
2024-09-20,10000000.0,22521048.392398022,OOS
2024-09-23,10000000.0,22983810.959764417,OOS
2024-09-24,10000000.0,22906682.63764154,OOS
2024-09-25,10000000.0,22212540.627934664,OOS
2024-09-26,10000000.0,22135414.147154506,OOS
2024-09-27,10000000.0,21749779.901910983,OOS
2024-09-30,10000000.0,21364143.815324754,OOS
2024-10-01,10000000.0,21749779.901910983,OOS
2024-10-02,10000000.0,21518398.618227787,OOS
2024-10-03,10000000.0,21749779.901910983,OOS
2024-10-04,10000000.0,21441273.978790335,OOS
2024-10-07,10000000.0,21209890.85376443,OOS
2024-10-08,10000000.0,21826906.382691145,OOS
2024-10-09,10000000.0,21441273.978790335,OOS
2024-10-10,10000000.0,21441273.978790335,OOS
2024-10-11,10000000.0,21441273.978790335,OOS
2024-10-14,10000000.0,21364143.815324754,OOS
2024-10-15,10000000.0,21749779.901910983,OOS
2024-10-16,10000000.0,21595526.940350663,OOS
2024-10-17,10000000.0,22289668.950057536,OOS
2024-10-18,10000000.0,22135414.147154506,OOS
2024-10-21,10000000.0,22212540.627934664,OOS
2024-10-22,10000000.0,21826906.382691145,OOS
2024-10-23,10000000.0,21826906.382691145,OOS
2024-10-24,10000000.0,21518398.618227787,OOS
2024-10-25,10000000.0,21749779.901910983,OOS
2024-10-28,9977210.444148801,21055637.892204106,OOS
2024-10-29,9977210.444148801,21055637.892204106,OOS
2024-10-30,9872904.487117551,20824258.44986362,OOS
2024-10-31,9803366.352351926,20670003.646960586,OOS
2024-11-01,9733829.047664426,20515750.685400262,OOS
2024-11-04,9872904.487117551,20824258.44986362,OOS
2024-11-05,10083553.735133013,21364143.815324754,OOS
2024-11-06,10060395.892192002,20207242.920936905,OOS
2024-11-07,9876325.677348252,19821608.675693385,OOS
2024-11-08,9729069.329692002,19513100.911230028,OOS
2024-11-11,9765882.317973252,19590225.550667476,OOS
2024-11-12,9802697.064067002,19667353.872790348,OOS
2024-11-13,9876325.677348252,19821608.675693385,OOS
2024-11-14,9802697.064067002,19667353.872790348,OOS
2024-11-15,9765882.317973252,19590225.550667476,OOS
2024-11-18,9729069.329692002,19513100.911230028,OOS
2024-11-19,9618626.849223252,19281719.627546832,OOS
2024-11-20,9581813.860942002,19204594.988109376,OOS
2024-11-21,9471370.501567002,18973211.863083474,OOS
2024-11-22,9618626.849223252,19281719.627546832,OOS
2024-11-25,10064304.668049302,20284369.401717067,OOS
2024-11-26,10064304.668049302,19744480.353570513,OOS
2024-11-28,10064304.668049302,19898735.156473547,OOS
2024-11-29,10064304.668049302,18973211.863083474,OOS
2024-12-02,10064304.668049302,18510451.13705979,OOS
2024-12-03,10064304.668049302,19358847.949669704,OOS
2024-12-04,10064304.668049302,19667353.872790348,OOS
2024-12-05,10064304.668049302,18973211.863083474,OOS
2024-12-06,10064304.668049302,19204594.988109376,OOS
2024-12-09,10064304.668049302,19667353.872790348,OOS
2024-12-10,10064304.668049302,19435972.589107156,OOS
2024-12-11,10064304.668049302,19435972.589107156,OOS
2024-12-12,10064304.668049302,18896085.38230331,OOS
2024-12-13,10040636.138119468,18587575.776497245,OOS
2024-12-16,10122445.708431968,18741830.579400275,OOS
2024-12-17,9917924.224056968,18356198.175499465,OOS
2024-12-18,9713400.786556968,17970562.088913236,OOS
2024-12-19,9467975.005306968,17507803.204232264,OOS
2024-12-20,9467975.005306968,17507803.204232264,OOS
2024-12-23,9713400.786556968,17970562.088913236,OOS
2024-12-24,9590687.895931968,17739182.64657275,OOS
2024-12-27,9672496.489681968,17893435.608133078,OOS
2024-12-30,9508879.302181968,17584929.685012426,OOS
2025-01-02,9721776.310964927,18047690.411036108,OOS
2025-01-03,9721776.310964927,17893435.608133078,OOS
2025-01-06,9721776.310964927,17507803.204232264,OOS
2025-01-07,9721776.310964927,17276420.07920636,OOS
2025-01-08,9721776.310964927,17739182.64657275,OOS
2025-01-09,9721776.310964927,17739182.64657275,OOS
2025-01-10,9721776.310964927,17276420.07920636,OOS
2025-01-13,9721776.310964927,17045040.636865873,OOS
2025-01-14,9721776.310964927,16659406.391622353,OOS
2025-01-15,9721776.310964927,17739182.64657275,OOS
2025-01-16,9721776.310964927,18124816.891816273,OOS
2025-01-17,9721776.310964927,18124816.891816273,OOS
2025-01-20,9721776.310964927,18510451.13705979,OOS
2025-01-21,9721776.310964927,18664705.939962827,OOS
2025-01-22,9721776.310964927,18973211.863083474,OOS
2025-01-23,9721776.310964927,19050340.185206346,OOS
2025-01-24,9721776.310964927,18896085.38230331,OOS
2025-01-30,9721776.310964927,18818958.901523147,OOS
2025-01-31,9721776.310964927,18587575.776497245,OOS
2025-02-03,9721776.310964927,17893435.608133078,OOS
2025-02-04,9721776.310964927,17507803.204232264,OOS
2025-02-05,9721776.310964927,17045040.636865873,OOS
2025-02-06,9721776.310964927,15733883.098232279,OOS
2025-02-07,9721776.310964927,15888137.901135314,OOS
2025-02-10,9721776.310964927,15425376.254440278,OOS
2025-02-11,9721776.310964927,15055166.937084248,OOS
2025-02-12,9721776.310964927,15240271.595762264,OOS
2025-02-13,9721776.310964927,15502501.814549085,OOS
2025-02-14,9721776.310964927,15811009.579012442,OOS
2025-02-17,9721776.310964927,16736532.872402515,OOS
2025-02-18,9721776.310964927,16813659.353182677,OOS
2025-02-19,9721776.310964927,15965264.381915476,OOS
2025-02-20,9721776.310964927,15888137.901135314,OOS
2025-02-21,9721776.310964927,15656754.776109407,OOS
2025-02-24,9721776.310964927,15502501.814549085,OOS
2025-02-25,9721776.310964927,15024315.239966556,OOS
2025-02-26,9721776.310964927,15178570.04286959,OOS
2025-02-27,9721776.310964927,14376449.85526486,OOS
2025-02-28,9721776.310964927,14191346.117258202,OOS
2025-03-03,9721776.310964927,15116868.48997692,OOS
2025-03-04,9721776.310964927,14931761.989956195,OOS
2025-03-05,9721776.310964927,14993465.384191576,OOS
2025-03-06,9721776.310964927,15024315.239966556,OOS
2025-03-07,9721776.310964927,14931761.989956195,OOS
2025-03-10,9721776.310964927,14530704.658167895,OOS
2025-03-11,9721776.310964927,14623256.066835547,OOS
2025-03-12,9721776.310964927,15055166.937084248,OOS
2025-03-13,9721776.310964927,14623256.066835547,OOS
2025-03-14,9721776.310964927,14623256.066835547,OOS
2025-03-17,9721776.310964927,14438151.408157533,OOS
2025-03-18,9721776.310964927,13975389.761462495,OOS
2025-03-19,9721776.310964927,14438151.408157533,OOS
2025-03-20,9721776.310964927,14253046.749479517,OOS
2025-03-21,9721776.310964927,13605181.364777822,OOS
2025-03-24,9721776.310964927,13759434.326338146,OOS
2025-03-25,9721776.310964927,14623256.066835547,OOS
2025-03-26,9721776.310964927,15888137.901135314,OOS
2025-03-27,9721776.310964927,16042390.862695638,OOS
2025-04-08,9721776.310964927,14407301.552382551,OOS
2025-04-09,9721776.310964927,14530704.658167895,OOS
2025-04-10,9721776.310964927,15502501.814549085,OOS
2025-04-11,9721776.310964927,15733883.098232279,OOS
2025-04-14,9721776.310964927,16128381.567285085,OOS
2025-04-15,9721776.310964927,15992564.128944237,OOS
2025-04-16,9721776.310964927,15720927.410919832,OOS
2025-04-17,9721776.310964927,15619066.173506906,OOS
2025-04-21,9721776.310964927,15653018.691749409,OOS
2025-04-22,9721776.310964927,16026518.48852945,OOS
2025-04-23,9721776.310964927,16637698.802405974,OOS
2025-04-24,9721776.310964927,16603744.442820761,OOS
2025-04-25,9721776.310964927,16637698.802405974,OOS
2025-04-28,9721776.310964927,16705607.521576397,OOS
2025-04-29,9721776.310964927,16773516.24074682,OOS
2025-04-30,9721776.310964927,16603744.442820761,OOS
2025-05-02,9721776.310964927,16841426.801259954,OOS
2025-05-05,9721776.310964927,16909335.52043038,OOS
2025-05-06,9721776.310964927,16909335.52043038,OOS
2025-05-07,9721776.310964927,16807472.441674743,OOS
2025-05-08,9721776.310964927,16264199.005625932,OOS
2025-05-09,9721776.310964927,16196290.286455508,OOS
2025-05-14,9721776.310964927,17147016.03752686,OOS
2025-05-15,9721776.310964927,18080766.450148318,OOS
2025-05-16,9721776.310964927,18590081.843926497,OOS
2025-05-19,9721776.310964927,18759855.483195268,OOS
2025-05-20,9721776.310964927,18335424.14703741,OOS
2025-05-21,9721776.310964927,18505195.944963466,OOS
2025-05-22,9721776.310964927,18505195.944963466,OOS
2025-05-23,9721776.310964927,18420310.04600044,OOS
2025-05-26,9721776.310964927,18590081.843926497,OOS
2025-05-27,9721776.310964927,18335424.14703741,OOS
2025-05-28,9721776.310964927,17995878.709842578,OOS
2025-06-02,9721776.310964927,17231901.93648989,OOS
2025-06-03,9721776.310964927,17147016.03752686,OOS
2025-06-04,9721776.310964927,17062130.13856383,OOS
2025-06-05,9721776.310964927,17231901.93648989,OOS
2025-06-10,9721776.310964927,17826106.91191652,OOS
2025-06-11,9721776.310964927,17656333.27264775,OOS
2025-06-12,9721776.310964927,17571447.37368472,OOS
2025-06-13,9721776.310964927,17486561.474721693,OOS
2025-06-16,9721776.310964927,17486561.474721693,OOS
2025-06-17,9721776.310964927,17316787.83545292,OOS
2025-06-18,9721776.310964927,17231901.93648989,OOS
2025-06-19,9721776.310964927,16875379.319502454,OOS
2025-06-20,9699395.183203587,16739563.72250432,OOS
2025-06-23,9680485.954687962,16705607.521576397,OOS
2025-06-24,9879023.112891087,17062130.13856383,OOS
2025-06-25,9604853.142187962,16569790.08323555,OOS
2025-06-26,9846732.102872083,17062130.13856383,OOS
2025-06-30,9823523.006917072,16569790.08323555,OOS
2025-07-01,9566010.213948322,16128381.567285085,OOS
2025-07-02,9605627.401448322,16196290.286455508,OOS
2025-07-03,9546201.620198322,16094427.207699873,OOS
2025-07-04,9546201.620198322,16094427.207699873,OOS
2025-07-07,9546201.620198322,16094427.207699873,OOS
2025-07-08,9506584.432698322,16026518.48852945,OOS
2025-07-09,9486775.838948322,15992564.128944237,OOS
2025-07-10,9672222.841079015,16366063.925724277,OOS
2025-07-11,9672222.841079015,16875379.319502454,OOS
2025-07-14,9672222.841079015,15924655.409773814,OOS
2025-07-15,9672222.841079015,15958609.769359024,OOS
2025-07-16,9672222.841079015,15924655.409773814,OOS
2025-07-17,9672222.841079015,16026518.48852945,OOS
2025-07-18,9672222.841079015,16094427.207699873,OOS
2025-07-21,9672222.841079015,15890701.050188601,OOS
2025-07-22,9672222.841079015,15822790.489675468,OOS
2025-07-23,9672222.841079015,15890701.050188601,OOS
2025-07-24,9672222.841079015,16298155.206553856,OOS
2025-07-25,9672222.841079015,15924655.409773814,OOS
2025-07-28,9672222.841079015,15958609.769359024,OOS
2025-07-29,9672222.841079015,15992564.128944237,OOS
2025-07-30,9672222.841079015,15686973.05133462,OOS
2025-07-31,9672222.841079015,15313473.254554579,OOS
2025-08-01,9672222.841079015,15381382.89439636,OOS
2025-08-04,9672222.841079015,15686973.05133462,OOS
2025-08-05,9672222.841079015,16128381.567285085,OOS
2025-08-06,9672222.841079015,15958609.769359024,OOS
2025-08-07,9672222.841079015,15890701.050188601,OOS
2025-08-08,9672222.841079015,15856746.69060339,OOS
2025-08-11,9672222.841079015,16026518.48852945,OOS
2025-08-12,9672222.841079015,16671655.003333896,OOS
2025-08-13,9672222.841079015,16535835.723650338,OOS
2025-08-14,9672222.841079015,16467927.004479913,OOS
2025-08-15,9672222.841079015,16467927.004479913,OOS
2025-08-19,9672222.841079015,16298155.206553856,OOS
2025-08-20,9672222.841079015,16807472.441674743,OOS
2025-08-21,9672222.841079015,16637698.802405974,OOS
2025-08-22,9672222.841079015,16603744.442820761,OOS
2025-08-25,9672222.841079015,16807472.441674743,OOS
2025-08-26,9672222.841079015,16637698.802405974,OOS
2025-08-27,9672222.841079015,16298155.206553856,OOS
2025-08-28,9672222.841079015,16196290.286455508,OOS
2025-08-29,9672222.841079015,16060472.848114662,OOS
2025-09-01,9649350.983522324,15619066.173506906,OOS
2025-09-02,9587222.907350449,15517201.25340856,OOS
2025-09-03,9690767.829225449,15686973.05133462,OOS
2025-09-04,9815022.858522324,15890701.050188601,OOS
2025-09-08,9421551.032350449,15245566.376726866,OOS
2025-09-09,9230498.665615255,14634384.221507631,OOS
2025-09-10,9230498.665615255,14939974.378445892,OOS
2025-09-11,9230498.665615255,15211610.175798943,OOS
2025-09-12,9230498.665615255,15347428.534811147,OOS
2025-09-15,9230498.665615255,15381382.89439636,OOS
2025-09-16,9230498.665615255,15211610.175798943,OOS
2025-09-17,9230498.665615255,15313473.254554579,OOS
2025-09-18,9230498.665615255,15007883.097616317,OOS
2025-09-19,9230498.665615255,14872066.579946823,OOS
2025-09-22,9230498.665615255,15007883.097616317,OOS
2025-09-23,9230498.665615255,14973929.65870246,OOS
2025-09-24,9230498.665615255,14906020.018860683,OOS
2025-09-25,9230498.665615255,14804157.860776402,OOS
2025-09-26,9230498.665615255,15007883.097616317,OOS
2025-09-29,9230498.665615255,14939974.378445892,OOS
2025-09-30,9230498.665615255,14939974.378445892,OOS
2025-10-01,9230498.665615255,14872066.579946823,OOS
2025-10-02,9230498.665615255,14804157.860776402,OOS
2025-10-03,9230498.665615255,14634384.221507631,OOS
2025-10-06,9230498.665615255,14464611.502910215,OOS
2025-10-07,9230498.665615255,14566474.581665851,OOS
2025-10-08,9230498.665615255,14430658.06399636,OOS
2025-10-09,9230498.665615255,14906020.018860683,OOS
2025-10-10,9230498.665615255,14430658.06399636,OOS
2025-10-13,9230498.665615255,14362749.344825935,OOS
2025-10-14,9230498.665615255,13887385.548618905,OOS
2025-10-15,9230498.665615255,13751568.110278057,OOS
2025-10-16,9230498.665615255,13887385.548618905,OOS
2025-10-17,9230498.665615255,13751568.110278057,OOS
2025-10-20,9230498.665615255,14600429.86192242,OOS
2025-10-21,9230498.665615255,14770201.659848478,OOS
2025-10-22,9230498.665615255,14702292.940678054,OOS
2025-10-23,9230498.665615255,15041838.377872884,OOS
2025-10-24,9230498.665615255,15449292.534238137,OOS
2025-10-27,9230498.665615255,15177656.736885086,OOS
2025-10-28,9230498.665615255,15313473.254554579,OOS
2025-10-29,9230498.665615255,15788837.971432967,OOS
2025-10-30,9230498.665615255,16298155.206553856,OOS
2025-10-31,9230498.665615255,16026518.48852945,OOS
2025-11-03,9230498.665615255,16162335.926870298,OOS
2025-11-04,9230498.665615255,16060472.848114662,OOS
2025-11-05,9230498.665615255,16196290.286455508,OOS
2025-11-06,9230498.665615255,16128381.567285085,OOS
2025-11-07,9230498.665615255,16128381.567285085,OOS
2025-11-10,9230498.665615255,16060472.848114662,OOS
2025-11-11,9230498.665615255,15890701.050188601,OOS
2025-11-12,9230498.665615255,16162335.926870298,OOS
2025-11-13,9230498.665615255,15958609.769359024,OOS
2025-11-14,9230498.665615255,16128381.567285085,OOS
2025-11-17,9230498.665615255,16366063.925724277,OOS
2025-11-18,9230498.665615255,16264199.005625932,OOS
2025-11-19,9230498.665615255,16467927.004479913,OOS
2025-11-20,9230498.665615255,16773516.24074682,OOS
2025-11-21,9230498.665615255,16807472.441674743,OOS
2025-11-24,9230498.665615255,17316787.83545292,OOS
2025-11-25,9230498.665615255,17062130.13856383,OOS
2025-11-26,9230498.665615255,17062130.13856383,OOS
2025-11-27,9230498.665615255,16501881.364065126,OOS
2025-11-28,9230498.665615255,16400018.28530949,OOS
2025-12-01,9230498.665615255,16501881.364065126,OOS
2025-12-02,9230498.665615255,16467927.004479913,OOS
2025-12-03,9230498.665615255,16569790.08323555,OOS
2025-12-04,9230498.665615255,16705607.521576397,OOS
2025-12-05,9230498.665615255,16637698.802405974,OOS
2025-12-08,9230498.665615255,16807472.441674743,OOS
2025-12-09,9230498.665615255,16603744.442820761,OOS
2025-12-10,9230498.665615255,16875379.319502454,OOS
2025-12-11,9230498.665615255,16807472.441674743,OOS
2025-12-12,9230498.665615255,16366063.925724277,OOS
2025-12-15,9230498.665615255,16943289.88001559,OOS
2025-12-16,9230498.665615255,16977244.239600804,OOS
2025-12-17,9230498.665615255,17062130.13856383,OOS
2025-12-18,9230498.665615255,17486561.474721693,OOS
2025-12-19,9230498.665615255,17571447.37368472,OOS
2025-12-22,9230498.665615255,17316787.83545292,OOS
2025-12-23,9230498.665615255,17147016.03752686,OOS
2025-12-24,9230498.665615255,17147016.03752686,OOS
2025-12-29,9230498.665615255,17231901.93648989,OOS
2025-12-30,9230498.665615255,17316787.83545292,OOS
2026-01-02,9230498.665615255,17231901.93648989,OOS
2026-01-05,9230498.665615255,17147016.03752686,OOS
2026-01-06,9230498.665615255,16904533.298640884,OOS
2026-01-07,9230498.665615255,16662050.559754912,OOS
2026-01-08,9230498.665615255,16662050.559754912,OOS
2026-01-09,9230498.665615255,16488848.340358827,OOS
2026-01-12,9230498.665615255,16523487.679432418,OOS
2026-01-13,9230498.665615255,16696689.8988285,OOS
2026-01-14,9230498.665615255,16765972.259661105,OOS
2026-01-15,9230498.665615255,17285578.917849354,OOS
2026-01-19,9230498.665615255,17320218.256922945,OOS
2026-01-20,9230498.665615255,17406820.287292343,OOS
2026-01-21,9230498.665615255,17285578.917849354,OOS
2026-01-22,9230498.665615255,17250937.737433054,OOS
2026-01-23,9230498.665615255,17285578.917849354,OOS
2026-01-26,9230498.665615255,17008454.998547077,OOS
2026-01-27,9230498.665615255,16662050.559754912,OOS
2026-01-28,9230498.665615255,15796039.462774493,OOS
2026-01-29,9230498.665615255,16038522.20166047,OOS
2026-01-30,9230498.665615255,16696689.8988285,OOS
2026-02-02,9230498.665615255,16627409.37933861,OOS
2026-02-03,9230498.665615255,16731331.079244804,OOS
2026-02-04,9230498.665615255,17320218.256922945,OOS
2026-02-05,9230498.665615255,17493420.47631903,OOS
2026-02-06,9230498.665615255,17493420.47631903,OOS
2026-02-09,9230498.665615255,17320218.256922945,OOS
2026-02-10,9230498.665615255,17666622.695715114,OOS
2026-02-11,9230498.665615255,17406820.287292343,OOS
2026-02-12,9230498.665615255,17580022.506688427,OOS
2026-02-13,9230498.665615255,17580022.506688427,OOS
2026-02-18,9230498.665615255,18272831.38427276,OOS
2026-02-19,9230498.665615255,17580022.506688427,OOS
2026-02-20,9230498.665615255,17753224.726084508,OOS
2026-02-23,9230498.665615255,18272831.38427276,OOS
2026-02-24,9230498.665615255,18619235.823064927,OOS
2026-02-25,9230498.665615255,18359431.573299445,OOS
2026-02-26,9230498.665615255,18446033.603668846,OOS
2026-02-27,9230498.665615255,18272831.38427276,OOS
2026-03-02,9230498.665615255,17580022.506688427,OOS
2026-03-03,9230498.665615255,17666622.695715114,OOS
2026-03-04,9208532.146631515,17250937.737433054,OOS
2026-03-05,9474921.795069015,17753224.726084508,OOS
2026-03-06,9208532.146631515,17250937.737433054,OOS
2026-03-09,8914584.881006515,16696689.8988285,OOS
2026-03-10,9079930.584131515,17008454.998547077,OOS
2026-03-11,9024815.349756515,16904533.298640884,OOS
2026-03-12,9171788.982569015,17181657.21794316,OOS
2026-03-13,8785983.318506515,16454207.159942528,OOS
2026-03-16,8743642.136737408,16281004.940546444,OOS
2026-03-17,8743642.136737408,16384926.640452635,OOS
2026-03-25,8743642.136737408,17216296.557016753,OOS
2026-03-26,8743642.136737408,16765972.259661105,OOS
2026-03-27,8743642.136737408,16488848.340358827,OOS
2026-03-30,8743642.136737408,16281004.940546444,OOS
2026-03-31,8743642.136737408,16350287.301379045,OOS
2026-04-01,8743642.136737408,16350287.301379045,OOS
2026-04-02,8743642.136737408,16107802.72115036,OOS
2026-04-06,8743642.136737408,15969241.682170575,OOS
2026-04-07,8743642.136737408,15622837.24337841,OOS
2026-04-08,8743642.136737408,16177085.08198296,OOS
2026-04-09,8743642.136737408,15830680.643190796,OOS
2026-04-10,8743642.136737408,16177085.08198296,OOS
2026-04-13,8743642.136737408,15934600.501754276,OOS
2026-04-14,8743642.136737408,16315646.120962745,OOS
2026-04-15,8743642.136737408,16107802.72115036,OOS
2026-04-16,8743642.136737408,16073163.382076768,OOS
2026-04-17,8743642.136737408,16003882.862586878,OOS
2026-04-20,8743642.136737408,16003882.862586878,OOS
2026-04-21,8743642.136737408,16281004.940546444,OOS
2026-04-22,8743642.136737408,16454207.159942528,OOS
2026-04-23,8743642.136737408,16038522.20166047,OOS
2026-04-24,8722800.410307888,15588196.062962107,OOS
2026-04-27,8529898.28628445,15241792.544841297,OOS
2026-04-28,8587768.769682888,15345713.324076135,OOS
2026-04-29,8587768.769682888,15345713.324076135,OOS
2026-04-30,8510608.125151638,15207152.285096351,OOS
2026-05-04,8568478.608550075,15311073.064331189,OOS
2026-05-05,8703510.761870388,15553556.72388852,OOS
2026-05-06,8712524.014265234,15622837.24337841,OOS
2026-05-07,8712524.014265234,16073163.382076768,OOS
2026-05-08,8712524.014265234,16038522.20166047,OOS
2026-05-11,8712524.014265234,16027046.95388742,OOS
2026-05-12,8712524.014265234,15989336.25517239,OOS
2026-05-13,8712524.014265234,15838493.460312273,OOS
2026-05-14,8712524.014265234,15838493.460312273,OOS
2026-05-15,8712524.014265234,15838493.460312273,OOS
2026-05-18,8712524.014265234,15574518.569307068,OOS
2026-05-19,8712524.014265234,15574518.569307068,OOS
2026-05-20,8712524.014265234,15951625.556457361,OOS
2026-05-21,8712524.014265234,15725361.364167186,OOS
2026-05-22,8712524.014265234,15536807.87059204,OOS
2026-05-25,8712524.014265234,15913914.857742332,OOS
2026-05-26,8712524.014265234,15574518.569307068,OOS
2026-05-27,8712524.014265234,15574518.569307068,OOS
2026-05-28,8712524.014265234,15574518.569307068,OOS
2026-05-29,8691952.674665233,15385965.075731922,OOS
2026-06-02,8851191.572315233,15725361.364167186,OOS
2026-06-03,8830771.492565233,15272832.979586834,OOS
2026-06-04,8662771.492565233,14971147.389866602,OOS
2026-06-05,8389771.492565233,14480908.30657122,OOS
2026-06-08,8272470.264898708,13990669.22327584,OOS
2026-06-09,8272470.264898708,15423675.774446951,OOS
2026-06-10,8272470.264898708,16064757.652602449,OOS
2026-06-11,8272470.264898708,16027046.95388742,OOS
2026-06-12,8272470.264898708,15838493.460312273,OOS
2026-06-15,8272470.264898708,16969814.42176315,OOS
2026-06-17,8272470.264898708,16932103.72304812,OOS
2026-06-18,8272470.264898708,16856682.325618062,OOS
2026-06-19,8272470.264898708,16253311.146177594,OOS
2026-06-22,8272470.264898708,15913914.857742332,OOS
2026-06-23,8272470.264898708,15536807.87059204,OOS
2026-06-24,8272470.264898708,14971147.389866602,OOS
2026-06-25,8272470.264898708,15084279.48601169,OOS
2026-06-26,8272470.264898708,15046568.78729666,OOS
2026-06-29,8272470.264898708,14858015.293721514,OOS
2026-06-30,8272470.264898708,14518619.005286248,OOS
