Date,Equity,BuyHold,phase
2018-02-06,10000000.0,10000000.0,IS
2018-02-07,10000000.0,9989370.123551393,IS
2018-02-08,10000000.0,10074385.409168804,IS
2018-02-09,10000000.0,10021252.699230028,IS
2018-02-12,10000000.0,9989370.123551393,IS
2018-02-13,10000000.0,10116893.372598747,IS
2018-02-14,10000000.0,10074385.409168804,IS
2018-02-15,10000000.0,9968118.065563837,IS
2018-02-16,10000000.0,9968118.065563837,IS
2018-02-19,10000000.0,10308183.696730787,IS
2018-02-20,10000000.0,10212536.610937353,IS
2018-02-21,10000000.0,10212536.610937353,IS
2018-02-22,10000000.0,10159403.900998576,IS
2018-02-23,10000000.0,10308183.696730787,IS
2018-02-26,10000000.0,10000000.0,IS
2018-02-27,10000000.0,10010623.464023894,IS
2018-02-28,10000000.0,9851219.563025318,IS
2018-03-01,10000000.0,9851219.563025318,IS
2018-03-02,10000000.0,9723696.313977964,IS
2018-03-05,10000000.0,9723696.313977964,IS
2018-03-06,10000000.0,9681187.068063078,IS
2018-03-07,10000000.0,9606800.376409331,IS
2018-03-08,10000000.0,9904356.120418923,IS
2018-03-09,10000000.0,9904356.120418923,IS
2018-03-12,10000000.0,10042506.039702527,IS
2018-03-13,10000000.0,9968118.065563837,IS
2018-03-14,10000000.0,9946862.801363923,IS
2018-03-15,10000000.0,9936232.924915316,IS
2018-03-16,10000000.0,9925610.102133894,IS
2018-03-19,10000000.0,9925610.102133894,IS
2018-03-20,10000000.0,9893729.450182674,IS
2018-03-21,10000000.0,9936232.924915316,IS
2018-03-22,10000000.0,9968118.065563837,IS
2018-03-23,10000000.0,10116893.372598747,IS
2018-03-26,10000000.0,9893729.450182674,IS
2018-03-27,10000000.0,9968118.065563837,IS
2018-03-28,10000000.0,9914982.149412703,IS
2018-03-29,10000000.0,9904356.120418923,IS
2018-03-30,10000000.0,9904356.120418923,IS
2018-04-02,10000000.0,9946862.801363923,IS
2018-04-03,10000000.0,9946862.801363923,IS
2018-04-04,10000000.0,9904356.120418923,IS
2018-04-05,10000000.0,9798084.288116654,IS
2018-04-06,10000000.0,9659932.445105636,IS
2018-04-09,10000000.0,9681187.068063078,IS
2018-04-10,10000000.0,9904356.120418923,IS
2018-04-11,10000000.0,9914982.149412703,IS
2018-04-12,10000000.0,9840592.892789068,IS
2018-04-13,10000000.0,9808467.92745624,IS
2018-04-16,10000000.0,9808467.92745624,IS
2018-04-17,10000000.0,9808467.92745624,IS
2018-04-18,10000000.0,9840592.892789068,IS
2018-04-19,10000000.0,9840592.892789068,IS
2018-04-20,10000000.0,9840592.892789068,IS
2018-04-23,10000000.0,9851302.924546601,IS
2018-04-24,10000000.0,9819177.959213773,IS
2018-04-25,10000000.0,9819177.959213773,IS
2018-04-26,10000000.0,9819177.959213773,IS
2018-04-27,10000000.0,9819177.959213773,IS
2018-04-30,9976637.31845053,9465815.524159612,IS
2018-05-01,9976637.31845053,9465815.524159612,IS
2018-05-02,10294607.575652907,9808467.92745624,IS
2018-05-03,10294607.575652907,9551479.747158093,IS
2018-05-04,10294607.575652907,9433693.123796668,IS
2018-05-07,10294607.575652907,9551479.747158093,IS
2018-05-08,10294607.575652907,9433693.123796668,IS
2018-05-09,10294607.575652907,9808467.92745624,IS
2018-05-10,10294607.575652907,9808467.92745624,IS
2018-05-11,10294607.575652907,9744221.84424541,IS
2018-05-14,10294607.575652907,9840592.892789068,IS
2018-05-15,10294607.575652907,9508646.032552674,IS
2018-05-16,10294607.575652907,9583603.430005979,IS
2018-05-17,10294607.575652907,9422984.374524077,IS
2018-05-18,10294607.575652907,9294489.001890061,IS
2018-05-21,10294607.575652907,9273072.785829823,IS
2018-05-22,10294607.575652907,9422984.374524077,IS
2018-05-23,10294607.575652907,9422984.374524077,IS
2018-05-24,10294607.575652907,9615725.830368923,IS
2018-05-25,10294607.575652907,9658556.980004458,IS
2018-05-28,10294607.575652907,9787052.993880944,IS
2018-05-29,10294607.575652907,9787052.993880944,IS
2018-05-30,10294607.575652907,9722804.345700229,IS
2018-05-31,10294607.575652907,9722804.345700229,IS
2018-06-01,10294607.575652907,9722804.345700229,IS
2018-06-04,10294607.575652907,9819177.959213773,IS
2018-06-05,10294607.575652907,9733513.736215292,IS
2018-06-06,10294607.575652907,9862011.032576721,IS
2018-06-07,10294607.575652907,9840592.892789068,IS
2018-06-08,10294607.575652907,9530062.248612912,IS
2018-06-11,10294607.575652907,9530062.248612912,IS
2018-06-12,10294607.575652907,9530062.248612912,IS
2018-06-13,10294607.575652907,9530062.248612912,IS
2018-06-14,10294607.575652907,9530062.248612912,IS
2018-06-15,10294607.575652907,9530062.248612912,IS
2018-06-18,10294607.575652907,9530062.248612912,IS
2018-06-19,10294607.575652907,9530062.248612912,IS
2018-06-20,10270195.588859193,9208825.42013405,IS
2018-06-21,10104676.106437318,9058914.47268227,IS
2018-06-22,10471182.722648256,9390859.409191249,IS
2018-06-25,10565552.869084964,9508646.032552674,IS
2018-06-26,10565552.869084964,9155286.1624684,IS
2018-06-27,10565552.869084964,9144576.771953337,IS
2018-06-28,10565552.869084964,8973248.967198845,IS
2018-06-29,10565552.869084964,9198118.594588876,IS
2018-07-02,10565552.869084964,9187410.486558756,IS
2018-07-03,10540549.6727384,8823338.660989534,IS
2018-07-04,10856504.45789465,9091036.873045214,IS
2018-07-05,10856504.45789465,9091036.873045214,IS
2018-07-06,10704848.159066524,8962543.424138611,IS
2018-07-09,11160111.243832164,9380151.942403601,IS
2018-07-10,11160111.243832164,9380151.942403601,IS
2018-07-11,11160111.243832164,9562189.137673156,IS
2018-07-12,11160111.243832164,9776346.168335767,IS
2018-07-13,11160111.243832164,9862011.032576721,IS
2018-07-16,11160111.243832164,9904839.61724237,IS
2018-07-17,11160111.243832164,9733513.736215292,IS
2018-07-18,11160111.243832164,9936963.941332726,IS
2018-07-19,11160111.243832164,9936963.941332726,IS
2018-07-20,11160111.243832164,9894134.074182134,IS
2018-07-23,11160111.243832164,10001211.94827097,IS
2018-07-24,11160111.243832164,10076168.704481805,IS
2018-07-25,11160111.243832164,10097582.996814629,IS
2018-07-26,11160111.243832164,9990505.122725794,IS
2018-07-27,11160111.243832164,9947672.690605316,IS
2018-07-30,11160111.243832164,9969088.906665556,IS
2018-07-31,11160111.243832164,9969088.906665556,IS
2018-08-01,11160111.243832164,10054751.847179096,IS
2018-08-02,11160111.243832164,10044042.456664033,IS
2018-08-03,11160111.243832164,10044042.456664033,IS
2018-08-06,11160111.243832164,10193955.969085699,IS
2018-08-07,11160111.243832164,10193955.969085699,IS
2018-08-08,11160111.243832164,10247495.226751354,IS
2018-08-09,11160111.243832164,10322451.98296219,IS
2018-08-10,11160111.243832164,10226077.728206173,IS
2018-08-13,11160111.243832164,9990505.122725794,IS
2018-08-14,11160111.243832164,10065459.313966742,IS
2018-08-15,11160111.243832164,10044042.456664033,IS
2018-08-16,11160111.243832164,10011920.056301089,IS
2018-08-17,11160111.243832164,10011920.056301089,IS
2018-08-20,11160111.243832164,10236787.118721234,IS
2018-08-21,11160111.243832164,10226077.728206173,IS
2018-08-22,11160111.243832164,10226077.728206173,IS
2018-08-23,11160111.243832164,10525902.829322094,IS
2018-08-24,11160111.243832164,10740061.14246965,IS
2018-08-27,11160111.243832164,10611563.204865748,IS
2018-08-28,11160111.243832164,10697227.42786423,IS
2018-08-29,11160111.243832164,10622272.595380811,IS
2018-08-30,11160111.243832164,10740061.14246965,IS
2018-08-31,11160111.243832164,10622272.595380811,IS
2018-09-03,11160111.243832164,10611563.204865748,IS
2018-09-04,11160111.243832164,10600858.944290457,IS
2018-09-05,11160111.243832164,10279618.909599239,IS
2018-09-06,11160111.243832164,10579440.804502804,IS
2018-09-07,11160111.243832164,10643686.246471163,IS
2018-09-10,11160111.243832164,10600858.944290457,IS
2018-09-11,11160111.243832164,10600858.944290457,IS
2018-09-12,11133909.958781363,10236787.118721234,IS
2018-09-13,11179570.603312613,10279618.909599239,IS
2018-09-14,11168155.954875113,10268911.442811592,IS
2018-09-17,11145325.290812613,10247495.226751354,IS
2018-09-18,11179570.603312613,10279618.909599239,IS
2018-09-19,11179570.603312613,10279618.909599239,IS
2018-09-20,11156739.939250113,10258202.693539001,IS
2018-09-21,11042587.302531363,10151122.25448028,IS
2018-09-24,11145325.290812613,10247495.226751354,IS
2018-09-25,11145325.290812613,10247495.226751354,IS
2018-09-26,11233339.73841088,10365283.773840193,IS
2018-09-27,11233339.73841088,10279618.909599239,IS
2018-09-28,11233339.73841088,10343868.199022425,IS
2018-10-01,11233339.73841088,10258202.693539001,IS
2018-10-02,11233339.73841088,10258202.693539001,IS
2018-10-03,11233339.73841088,10247495.226751354,IS
2018-10-04,11233339.73841088,10108293.028572163,IS
2018-10-05,11207167.820097003,9872716.575636953,IS
2018-10-08,11396331.931425128,10044042.456664033,IS
2018-10-09,11538203.952909503,10172535.905570634,IS
2018-10-10,11360864.988065753,10011920.056301089,IS
2018-10-11,11065112.288657546,9733513.736215292,IS
2018-10-12,11065112.288657546,9958379.516150493,IS
2018-10-15,11065112.288657546,10215369.620176053,IS
2018-10-16,11065112.288657546,10322451.98296219,IS
2018-10-17,11065112.288657546,10290323.811417002,IS
2018-10-18,11065112.288657546,10108293.028572163,IS
2018-10-19,11065112.288657546,10011920.056301089,IS
2018-10-22,11065112.288657546,9915547.725272488,IS
2018-10-23,11065112.288657546,9829884.143516477,IS
2018-10-24,11065112.288657546,9701388.770882461,IS
2018-10-25,11065112.288657546,9808467.92745624,IS
2018-10-26,11065112.288657546,10108293.028572163,IS
2018-10-29,11065112.288657546,9904839.61724237,IS
2018-10-30,11065112.288657546,10065459.313966742,IS
2018-10-31,11065112.288657546,10129707.962147456,IS
2018-11-01,11065112.288657546,10193955.969085699,IS
2018-11-02,11065112.288657546,10279618.909599239,IS
2018-11-05,11065112.288657546,10354573.74208266,IS
2018-11-06,11065112.288657546,10450946.714353733,IS
2018-11-07,11065112.288657546,10322451.98296219,IS
2018-11-08,11065112.288657546,10279618.909599239,IS
2018-11-09,11065112.288657546,10279618.909599239,IS
2018-11-12,11065112.288657546,10151122.25448028,IS
2018-11-13,11065112.288657546,10311740.66871971,IS
2018-11-14,11065112.288657546,10301033.201932063,IS
2018-11-15,11065112.288657546,10354573.74208266,IS
2018-11-16,11065112.288657546,10632978.779683515,IS
2018-11-19,11065112.288657546,10750766.685529882,IS
2018-11-20,11065112.288657546,10750766.685529882,IS
2018-11-21,11065112.288657546,10622272.595380811,IS
2018-11-22,11065112.288657546,10750766.685529882,IS
2018-11-23,11065112.288657546,10750766.685529882,IS
2018-11-26,11065112.288657546,10804305.943195535,IS
2018-11-27,11065112.288657546,10922094.490284376,IS
2018-11-28,11065112.288657546,10900679.55670908,IS
2018-11-29,11065112.288657546,11221917.667672882,IS
2018-11-30,11065112.288657546,11157667.737007225,IS
2018-12-03,11065112.288657546,11086765.556943132,IS
2018-12-04,11065112.288657546,11258651.883890225,IS
2018-12-05,11065112.288657546,11237167.696128018,IS
2018-12-06,11065112.288657546,11301622.824384527,IS
2018-12-07,11065112.288657546,11151221.967684586,IS
2018-12-10,11065112.288657546,11129739.06240732,IS
2018-12-11,11065112.288657546,11086765.556943132,IS
2018-12-12,11065112.288657546,11097506.368339295,IS
2018-12-13,11065112.288657546,11097506.368339295,IS
2018-12-14,11065112.288657546,11097506.368339295,IS
2018-12-17,11065112.288657546,11097506.368339295,IS
2018-12-18,11039247.504252214,10882649.100897899,IS
2018-12-19,11352380.958432777,11237167.696128018,IS
2018-12-20,11352380.958432777,10990080.299588483,IS
2018-12-21,11352380.958432777,11108251.027190283,IS
2018-12-24,11352380.958432777,11108251.027190283,IS
2018-12-25,11352380.958432777,11108251.027190283,IS
2018-12-26,11352380.958432777,11226420.472307142,IS
2018-12-27,11352380.958432777,11161965.344050633,IS
2018-12-28,11352380.958432777,11172708.72041668,IS
2018-12-31,11352380.958432777,11172708.72041668,IS
2019-01-01,11352380.958432777,11172708.72041668,IS
2019-01-02,11352380.958432777,11258651.883890225,IS
2019-01-03,11352380.958432777,11129739.06240732,IS
2019-01-04,11352380.958432777,11183454.661752611,IS
2019-01-07,11352380.958432777,11269397.825226158,IS
2019-01-08,11352380.958432777,11258651.883890225,IS
2019-01-09,11352380.958432777,11290882.012988366,IS
2019-01-10,11352380.958432777,11290882.012988366,IS
2019-01-11,11352380.958432777,11280138.636622319,IS
2019-01-14,11352380.958432777,11172708.72041668,IS
2019-01-15,11352380.958432777,11301622.824384527,IS
2019-01-16,11352380.958432777,11355339.706214761,IS
2019-01-17,11352380.958432777,11452026.246054355,IS
2019-01-18,11352380.958432777,11656143.98458453,IS
2019-01-21,11352380.958432777,11913973.47500517,IS
2019-01-22,11352380.958432777,12032146.767576857,IS
2019-01-23,11352380.958432777,11817289.50013546,IS
2019-01-24,11352380.958432777,11731343.77169203,IS
2019-01-25,11352380.958432777,11817289.50013546,IS
2019-01-28,11352380.958432777,11806547.406254357,IS
2019-01-29,11352380.958432777,11903232.66360901,IS
2019-01-30,11352380.958432777,11860263.00559965,IS
2019-01-31,11352380.958432777,12107349.119654242,IS
2019-02-01,11352380.958432777,12107349.119654242,IS
2019-02-04,11352380.958432777,11817289.50013546,IS
2019-02-05,11352380.958432777,11817289.50013546,IS
2019-02-06,11352380.958432777,11892489.287242962,IS
2019-02-07,11352380.958432777,11881745.910876915,IS
2019-02-08,11352380.958432777,11860263.00559965,IS
2019-02-11,11352380.958432777,11806547.406254357,IS
2019-02-12,11352380.958432777,11731343.77169203,IS
2019-02-13,11352380.958432777,11645401.890703427,IS
2019-02-14,11325964.268659156,11559458.72722988,IS
2019-02-15,11285058.506940406,11516482.656795807,IS
2019-02-18,11492384.412030615,11774317.277156219,IS
2019-02-19,11492384.412030615,11559458.72722988,IS
2019-02-20,11492384.412030615,11817289.50013546,IS
2019-02-21,11492384.412030615,11828030.311531624,IS
2019-02-22,11492384.412030615,11795802.747403368,IS
2019-02-25,11492384.412030615,11795802.747403368,IS
2019-02-26,11492384.412030615,11935462.79270715,IS
2019-02-27,11492384.412030615,11956949.545439243,IS
2019-02-28,11492384.412030615,11849517.064263716,IS
2019-03-01,11492384.412030615,11903232.66360901,IS
2019-03-04,11492384.412030615,11892489.287242962,IS
2019-03-05,11492384.412030615,11806547.406254357,IS
2019-03-06,11492384.412030615,11795802.747403368,IS
2019-03-07,11492384.412030615,11795802.747403368,IS
2019-03-08,11492384.412030615,11688371.548712786,IS
2019-03-11,11492384.412030615,11828030.311531624,IS
2019-03-12,11492384.412030615,11817289.50013546,IS
2019-03-13,11492384.412030615,11817289.50013546,IS
2019-03-14,11492384.412030615,11774317.277156219,IS
2019-03-15,11492384.412030615,11903232.66360901,IS
2019-03-18,11492384.412030615,11924719.416341104,IS
2019-03-19,11492384.412030615,11795802.747403368,IS
2019-03-20,11492384.412030615,11752831.806909068,IS
2019-03-21,11492384.412030615,11763573.900790172,IS
2019-03-22,11492384.412030615,11785059.371037321,IS
2019-03-25,11492384.412030615,11720604.242780812,IS
2019-03-26,11492384.412030615,11752831.806909068,IS
2019-03-27,11492384.412030615,11785059.371037321,IS
2019-03-28,11492384.412030615,11752831.806909068,IS
2019-03-29,11492384.412030615,11838776.252867555,IS
2019-04-01,11492384.412030615,11817289.50013546,IS
2019-04-02,11492384.412030615,11817289.50013546,IS
2019-04-03,11492384.412030615,11817289.50013546,IS
2019-04-04,11492384.412030615,11903232.66360901,IS
2019-04-05,11492384.412030615,11881745.910876915,IS
2019-04-08,11492384.412030615,11774317.277156219,IS
2019-04-09,11492384.412030615,11892489.287242962,IS
2019-04-10,11492384.412030615,11871005.099480754,IS
2019-04-11,11492384.412030615,11774317.277156219,IS
2019-04-12,11492384.412030615,11817289.50013546,IS
2019-04-15,11492384.412030615,11828030.311531624,IS
2019-04-16,11492384.412030615,11806547.406254357,IS
2019-04-17,11492384.412030615,11806547.406254357,IS
2019-04-18,11492384.412030615,12085864.931892034,IS
2019-04-19,11492384.412030615,12085864.931892034,IS
2019-04-22,11492384.412030615,12085864.931892034,IS
2019-04-23,11492384.412030615,12096609.590743024,IS
2019-04-24,11492384.412030615,12207188.0074833,IS
2019-04-25,11492384.412030615,12131298.24347656,IS
2019-04-26,11492384.412030615,12185505.034554953,IS
2019-04-29,11492384.412030615,12326439.869891902,IS
2019-04-30,11492384.412030615,12467375.987713793,IS
2019-05-01,11492384.412030615,12467375.987713793,IS
2019-05-02,11492384.412030615,12326439.869891902,IS
2019-05-03,11492384.412030615,12304755.614478612,IS
2019-05-06,11492384.412030615,12185505.034554953,IS
2019-05-07,11492384.412030615,12272231.796328565,IS
2019-05-08,11492384.412030615,12358959.840587122,IS
2019-05-09,11492384.412030615,12207188.0074833,IS
2019-05-10,11492384.412030615,12163820.779141665,IS
2019-05-13,11492384.412030615,12163820.779141665,IS
2019-05-14,11465156.411005652,11914473.644132873,IS
2019-05-15,11392924.965693152,11838586.445096018,IS
2019-05-16,11074240.11885753,11448303.192265332,IS
2019-05-17,11048572.958076954,11231478.592921644,IS
2019-05-20,11461331.747139454,11665127.791609023,IS
2019-05-21,11626434.286201954,11838586.445096018,IS
2019-05-22,11588138.473108388,11838586.445096018,IS
2019-05-23,11588138.473108388,12152982.498889849,IS
2019-05-24,11588138.473108388,12163820.779141665,IS
2019-05-27,11588138.473108388,12326439.869891902,IS
2019-05-28,11588138.473108388,12434848.322108919,IS
2019-05-29,11588138.473108388,12445691.732300505,IS
2019-05-30,11588138.473108388,12445691.732300505,IS
2019-05-31,11588138.473108388,12619151.668272443,IS
2019-06-03,11588138.473108388,12619151.668272443,IS
2019-06-04,11588138.473108388,12619151.668272443,IS
2019-06-05,11588138.473108388,12619151.668272443,IS
2019-06-06,11588138.473108388,12619151.668272443,IS
2019-06-07,11588138.473108388,12619151.668272443,IS
2019-06-10,11588138.473108388,12749245.65838769,IS
2019-06-11,11588138.473108388,12814294.577172728,IS
2019-06-12,11588138.473108388,12673357.176865896,IS
2019-06-13,11588138.473108388,12586630.415092284,IS
2019-06-14,11588138.473108388,12575787.004900696,IS
2019-06-17,11588138.473108388,12564948.724648878,IS
2019-06-18,11588138.473108388,12792610.321759442,IS
2019-06-19,11588138.473108388,12879342.213472825,IS
2019-06-20,11588138.473108388,12814294.577172728,IS
2019-06-21,11588138.473108388,12749245.65838769,IS
2019-06-24,11588138.473108388,12738404.81316599,IS
2019-06-25,11588138.473108388,12814294.577172728,IS
2019-06-26,11588138.473108388,12716723.122722587,IS
2019-06-27,11588138.473108388,12868500.085766181,IS
2019-06-28,11588138.473108388,12998595.358366372,IS
2019-07-01,11588138.473108388,12987753.230659727,IS
2019-07-02,11588138.473108388,13009434.92110313,IS
2019-07-03,11588138.473108388,13009434.92110313,IS
2019-07-04,11588138.473108388,12987753.230659727,IS
2019-07-05,11588138.473108388,12944388.567287976,IS
2019-07-08,11588138.473108388,12749245.65838769,IS
2019-07-09,11588138.473108388,13009434.92110313,IS
2019-07-10,11588138.473108388,13009434.92110313,IS
2019-07-11,11588138.473108388,13063639.147211637,IS
2019-07-12,11588138.473108388,13031117.894031476,IS
2019-07-15,11588138.473108388,13237099.083183577,IS
2019-07-16,11588138.473108388,13193734.419811826,IS
2019-07-17,11588138.473108388,13334670.537633719,IS
2019-07-18,11588138.473108388,13323829.692412017,IS
2019-07-19,11588138.473108388,13443081.55482062,IS
2019-07-22,11588138.473108388,13638224.463720905,IS
2019-07-23,11588138.473108388,13518968.753857475,IS
2019-07-24,11588138.473108388,13551496.41946235,IS
2019-07-25,11588138.473108388,13551496.41946235,IS
2019-07-26,11588138.473108388,13432238.144629033,IS
2019-07-29,11588138.473108388,13421399.864377217,IS
2019-07-30,11588138.473108388,13486444.935707428,IS
2019-07-31,11588138.473108388,13421399.864377217,IS
2019-08-01,11588138.473108388,13464764.527748967,IS
2019-08-02,11588138.473108388,13367195.63826871,IS
2019-08-05,11588138.473108388,13009434.92110313,IS
2019-08-06,11588138.473108388,12749245.65838769,IS
2019-08-07,11588138.473108388,13031117.894031476,IS
2019-08-08,11588138.473108388,13020275.766324831,IS
2019-08-09,11588138.473108388,13150371.038925022,IS
2019-08-12,11588138.473108388,13096161.682876742,IS
2019-08-13,11588138.473108388,13041957.456768233,IS
2019-08-14,11588138.473108388,13031117.894031476,IS
2019-08-15,11588138.473108388,13009434.92110313,IS
2019-08-16,11588138.473108388,12922705.59435963,IS
2019-08-19,11588138.473108388,13041957.456768233,IS
2019-08-20,11588138.473108388,12976911.102953082,IS
2019-08-21,11588138.473108388,12955230.694994621,IS
2019-08-22,11588138.473108388,13009434.92110313,IS
2019-08-23,11588138.473108388,12998595.358366372,IS
2019-08-26,11588138.473108388,12987753.230659727,IS
2019-08-27,11588138.473108388,13020275.766324831,IS
2019-08-28,11588138.473108388,12998595.358366372,IS
2019-08-29,11588138.473108388,13020275.766324831,IS
2019-08-30,11588138.473108388,13226258.237961873,IS
2019-09-02,11588138.473108388,13009434.92110313,IS
2019-09-03,11588138.473108388,13128688.065996675,IS
2019-09-04,11588138.473108388,13052799.584474878,IS
2019-09-05,11588138.473108388,13096161.682876742,IS
2019-09-06,11588138.473108388,13063639.147211637,IS
2019-09-09,11588138.473108388,13085320.837655041,IS
2019-09-10,11588138.473108388,13128688.065996675,IS
2019-09-11,11588138.473108388,13226258.237961873,IS
2019-09-12,11588138.473108388,13052799.584474878,IS
2019-09-13,11588138.473108388,13074483.839888167,IS
2019-09-16,11588138.473108388,13020275.766324831,IS
2019-09-17,11588138.473108388,13074483.839888167,IS
2019-09-18,11588138.473108388,13096161.682876742,IS
2019-09-19,11588138.473108388,13074483.839888167,IS
2019-09-20,11588138.473108388,12987753.230659727,IS
2019-09-23,11588138.473108388,13063639.147211637,IS
2019-09-24,11561037.31750758,12890183.058694527,IS
2019-09-25,11542049.963991955,12868500.085766181,IS
2019-09-26,11740280.773737533,13139528.911218377,IS
2019-09-27,11740280.773737533,13161210.601661779,IS
2019-09-30,11740280.773737533,13161210.601661779,IS
2019-10-01,11740280.773737533,13096161.682876742,IS
2019-10-02,11740280.773737533,13117847.220774975,IS
2019-10-03,11740280.773737533,13096161.682876742,IS
2019-10-04,11740280.773737533,13107003.810583387,IS
2019-10-07,11740280.773737533,13161210.601661779,IS
2019-10-08,11740280.773737533,13226258.237961873,IS
2019-10-09,11740280.773737533,13161210.601661779,IS
2019-10-10,11740280.773737533,13247941.210890222,IS
2019-10-11,11740280.773737533,13280466.311525213,IS
2019-10-14,11740280.773737533,13443081.55482062,IS
2019-10-15,11740280.773737533,13388876.04622717,IS
2019-10-16,11740280.773737533,13475606.65545561,IS
2019-10-17,11740280.773737533,13258783.338596864,IS
2019-10-18,11740280.773737533,13356353.510562064,IS
2019-10-21,11740280.773737533,13486444.935707428,IS
2019-10-22,11740280.773737533,13659906.15416431,IS
2019-10-23,11740280.773737533,13605699.363085914,IS
2019-10-24,11740280.773737533,13659906.15416431,IS
2019-10-25,11740280.773737533,13443081.55482062,IS
2019-10-28,11740280.773737533,13453923.682527265,IS
2019-10-29,11740280.773737533,13486444.935707428,IS
2019-10-30,11740280.773737533,13584018.955127455,IS
2019-10-31,11740280.773737533,13638224.463720905,IS
2019-11-01,11740280.773737533,13714114.227727646,IS
2019-11-04,11740280.773737533,13605699.363085914,IS
2019-11-05,11740280.773737533,13790001.4267645,IS
2019-11-06,11740280.773737533,13649064.026457665,IS
2019-11-07,11740280.773737533,13627382.336014261,IS
2019-11-08,11740280.773737533,13616544.055762446,IS
2019-11-11,11740280.773737533,13649064.026457665,IS
2019-11-12,11740280.773737533,13584018.955127455,IS
2019-11-13,11740280.773737533,13616544.055762446,IS
2019-11-14,11740280.773737533,13594859.800349157,IS
2019-11-15,11740280.773737533,13605699.363085914,IS
2019-11-18,11740280.773737533,13616544.055762446,IS
2019-11-19,11740280.773737533,13692431.2547993,IS
2019-11-20,11740280.773737533,13768318.453836152,IS
2019-11-21,11740280.773737533,13659906.15416431,IS
2019-11-22,11740280.773737533,13670749.564355895,IS
2019-11-25,11740280.773737533,13605699.363085914,IS
2019-11-26,11740280.773737533,13627382.336014261,IS
2019-11-27,11740280.773737533,13659906.15416431,IS
2019-11-28,11740280.773737533,13551496.41946235,IS
2019-11-29,11740280.773737533,13616544.055762446,IS
2019-12-02,11740280.773737533,13930936.262101447,IS
2019-12-03,11740280.773737533,13822523.962429602,IS
2019-12-04,11740280.773737533,13800842.2719862,IS
2019-12-05,11740280.773737533,13746636.76339275,IS
2019-12-06,11740280.773737533,13909767.565635175,IS
2019-12-09,11740280.773737533,13909767.565635175,IS
2019-12-10,11740280.773737533,13844514.731744228,IS
2019-12-11,11740280.773737533,13877141.1486897,IS
2019-12-12,11740280.773737533,13790138.652653381,IS
2019-12-13,11740280.773737533,13833641.824398955,IS
2019-12-16,11740280.773737533,13833641.824398955,IS
2019-12-17,11740280.773737533,14138155.049223375,IS
2019-12-18,11740280.773737533,14692802.854811482,IS
2019-12-19,11740280.773737533,14355664.495526532,IS
2019-12-20,11740280.773737533,14486171.44579337,IS
2019-12-23,11740280.773737533,14486171.44579337,IS
2019-12-26,11740280.773737533,14529672.052569058,IS
2019-12-27,11740280.773737533,14562299.751999475,IS
2019-12-30,11740280.773737533,14540548.807369158,IS
2020-01-02,11740280.773737533,14551424.279684318,IS
2020-01-03,11740280.773737533,14790684.670617789,IS
2020-01-06,11740280.773737533,14649302.248035794,IS
2020-01-07,11740280.773737533,14660177.720350951,IS
2020-01-08,11740280.773737533,14529672.052569058,IS
2020-01-09,11740280.773737533,14660177.720350951,IS
2020-01-10,11740280.773737533,14627550.020920537,IS
2020-01-13,11740280.773737533,14671055.757635996,IS
2020-01-14,11740280.773737533,14942940.000545055,IS
2020-01-15,11740280.773737533,14866812.976823892,IS
2020-01-16,11740280.773737533,14899438.111284424,IS
2020-01-17,11740280.773737533,14953816.755345156,IS
2020-01-20,11740280.773737533,14866812.976823892,IS
2020-01-21,11740280.773737533,14855937.504508736,IS
2020-01-22,11740280.773737533,14877691.014108937,IS
2020-01-23,11740280.773737533,14877691.014108937,IS
2020-01-24,11740280.773737533,14812436.897733048,IS
2020-01-27,11740280.773737533,14877691.014108937,IS
2020-01-28,11740280.773737533,14768932.443502532,IS
2020-01-29,11740280.773737533,14758056.971187372,IS
2020-01-30,11740280.773737533,14660177.720350951,IS
2020-01-31,11740280.773737533,14094650.59499286,IS
2020-02-03,11740280.773737533,14007649.38144148,IS
2020-02-04,11740280.773737533,14355664.495526532,IS
2020-02-05,11740280.773737533,14638426.775720637,IS
2020-02-06,11740280.773737533,14660177.720350951,IS
2020-02-07,11740280.773737533,14703680.892096527,IS
2020-02-10,11740280.773737533,14758056.971187372,IS
2020-02-11,11740280.773737533,14747182.781357158,IS
2020-02-12,11740280.773737533,14790684.670617789,IS
2020-02-13,11740280.773737533,14768932.443502532,IS
2020-02-14,11740280.773737533,14529672.052569058,IS
2020-02-17,11740280.773737533,14616675.83109032,IS
2020-02-18,11740280.773737533,14562299.751999475,IS
2020-02-19,11740280.773737533,14562299.751999475,IS
2020-02-20,11740280.773737533,14344789.023211375,IS
2020-02-21,11740280.773737533,14388289.629987063,IS
2020-02-24,11740280.773737533,14192532.410799164,IS
2020-02-25,11740280.773737533,14203407.883114323,IS
2020-02-26,11740280.773737533,13964146.209695907,IS
2020-02-27,11712766.78216996,13681383.929501802,IS
2020-02-28,11712766.78216996,13681383.929501802,IS
2020-03-02,11330171.95795121,13224612.809780229,IS
2020-03-03,11767423.03216996,13746636.76339275,IS
2020-03-04,11946174.227232303,14007649.38144148,IS
2020-03-05,11946174.227232303,13996771.344156438,IS
2020-03-06,11946174.227232303,13485626.710313905,IS
2020-03-09,11946174.227232303,12582957.37821603,IS
2020-03-10,11946174.227232303,12887470.603040451,IS
2020-03-11,11946174.227232303,12724339.800798025,IS
2020-03-12,11946174.227232303,12093559.841548985,IS
2020-03-13,11946174.227232303,12093559.841548985,IS
2020-03-16,11946174.227232303,12093559.841548985,IS
2020-03-17,11946174.227232303,11136514.430360267,IS
2020-03-18,11946174.227232303,10875503.094796477,IS
2020-03-19,11946174.227232303,10114216.1852806,IS
2020-03-20,11946174.227232303,10299103.703335583,IS
2020-03-23,11946174.227232303,9635695.403413655,IS
2020-03-24,11946174.227232303,9787953.298310807,IS
2020-03-26,11946174.227232303,11484529.544445317,IS
2020-03-27,11946174.227232303,11984805.118397405,IS
2020-03-30,11946174.227232303,11952179.983936876,IS
2020-03-31,11946174.227232303,12017430.252857937,IS
2020-04-01,11946174.227232303,11919551.002021518,IS
2020-04-02,11946174.227232303,11767293.107124364,IS
2020-04-03,11946174.227232303,11952179.983936876,IS
2020-04-06,11946174.227232303,12474202.655064452,IS
2020-04-07,11946174.227232303,12300193.815536983,IS
2020-04-08,11946174.227232303,12256693.208761295,IS
2020-04-09,11946174.227232303,12169688.147755092,IS
2020-04-13,11946174.227232303,11963054.173767092,IS
2020-04-14,11946174.227232303,11995680.590712566,IS
2020-04-15,11946174.227232303,11930427.756821617,IS
2020-04-16,11946174.227232303,11397529.613378882,IS
2020-04-17,11946174.227232303,11799920.80655478,IS
2020-04-20,11946174.227232303,11647665.476627514,IS
2020-04-21,11946174.227232303,11417544.073396612,IS
2020-04-22,11946174.227232303,11384352.080591353,IS
2020-04-23,11946174.227232303,11329034.657552475,IS
2020-04-24,11918309.999662625,10886495.273241432,IS
2020-04-27,12012660.976225125,10975000.841630744,IS
2020-04-28,11706013.808256375,10687351.652562005,IS
2020-04-29,11753189.296537625,10731604.43675666,IS
2020-04-30,12466571.590683836,11439668.22114529,IS
2020-05-04,12466571.590683836,11550305.632192936,IS
2020-05-05,12466571.590683836,11694133.7535609,IS
2020-05-06,12466571.590683836,11849022.025075786,IS
2020-05-08,12466571.590683836,11605623.055231817,IS
2020-05-11,12466571.590683836,11716257.901309578,IS
2020-05-12,12466571.590683836,11550305.632192936,IS
2020-05-13,12466571.590683836,11306907.94483391,IS
2020-05-14,12466571.590683836,10886495.273241432,IS
2020-05-15,12437536.241134714,10587780.162843525,IS
2020-05-18,12386989.61027534,10543526.096163927,IS
2020-05-19,12172166.612228464,10355446.473086251,IS
2020-05-20,12386989.61027534,10543526.096163927,IS
2020-05-26,12905090.928634714,10997128.836834248,IS
2020-05-27,12849808.060721409,10986064.839232497,IS
2020-05-28,12849808.060721409,11716257.901309578,IS
2020-05-29,12849808.060721409,11483922.92906736,IS
2020-06-02,12849808.060721409,11860083.457707655,IS
2020-06-03,12849808.060721409,12789416.934251808,IS
2020-06-04,12849808.060721409,12811546.211940255,IS
2020-06-05,12849808.060721409,12667721.938027121,IS
2020-06-08,12849808.060721409,13054942.61681434,IS
2020-06-09,12849808.060721409,12844735.639775628,IS
2020-06-10,12849808.060721409,12833672.924658818,IS
2020-06-11,12849808.060721409,12568149.80706617,IS
2020-06-12,12849808.060721409,12546021.811862664,IS
2020-06-15,12849808.060721409,12169863.848192258,IS
2020-06-16,12849808.060721409,12745163.50881468,IS
2020-06-17,12849808.060721409,12656656.657940427,IS
2020-06-18,12849808.060721409,12357941.54754252,IS
2020-06-19,12849808.060721409,12335813.552339012,IS
2020-06-22,12849808.060721409,12258368.134096626,IS
2020-06-23,12849808.060721409,12435383.118330076,IS
2020-06-24,12849808.060721409,12623467.230105052,IS
2020-06-25,12849808.060721409,12667721.938027121,IS
2020-06-26,12849808.060721409,12490703.106338844,IS
2020-06-29,12849808.060721409,12557087.091949362,IS
2020-06-30,12849808.060721409,12601339.234901546,IS
2020-07-01,12849808.060721409,12833672.924658818,IS
2020-07-02,12849808.060721409,12988562.47865865,IS
2020-07-03,12849808.060721409,12988562.47865865,IS
2020-07-06,12849808.060721409,13132385.47008684,IS
2020-07-07,12849808.060721409,13254085.596251298,IS
2020-07-08,12849808.060721409,13718755.540735729,IS
2020-07-09,12849808.060721409,13497483.283610323,IS
2020-07-10,12849808.060721409,13718755.540735729,IS
2020-07-13,12849808.060721409,13663432.987757077,IS
2020-07-14,12849808.060721409,13718755.540735729,IS
2020-07-15,12849808.060721409,13608118.129688082,IS
2020-07-16,12849808.060721409,13674499.550328717,IS
2020-07-17,12849808.060721409,13541735.426562507,IS
2020-07-20,12849808.060721409,13585990.134484578,IS
2020-07-21,12849808.060721409,13718755.540735729,IS
2020-07-22,12849808.060721409,13674499.550328717,IS
2020-07-23,12849808.060721409,13718755.540735729,IS
2020-07-24,12849808.060721409,13497483.283610323,IS
2020-07-27,12849808.060721409,13497483.283610323,IS
2020-07-28,12849808.060721409,13685563.54793047,IS
2020-07-29,12849808.060721409,13574927.419367766,IS
2020-07-30,12849808.060721409,13807261.10912504,IS
2020-08-03,12849808.060721409,13563863.421766013,IS
2020-08-04,12849808.060721409,13740879.688484406,IS
2020-08-05,12849808.060721409,13729816.973367596,IS
2020-08-06,12849808.060721409,13851515.817047112,IS
2020-08-07,12849808.060721409,13674499.550328717,IS
2020-08-10,12849808.060721409,13541735.426562507,IS
2020-08-11,12849808.060721409,13663432.987757077,IS
2020-08-12,12849808.060721409,13851515.817047112,IS
2020-08-13,12849808.060721409,13940022.667921364,IS
2020-08-14,12849808.060721409,14172357.640163582,IS
2020-08-18,12849808.060721409,14072786.791687574,IS
2020-08-19,12849808.060721409,14006404.088561997,IS
2020-08-24,12849808.060721409,13973212.095756738,IS
2020-08-25,12849808.060721409,14083846.9418345,IS
2020-08-26,12849808.060721409,14028533.366250446,IS
2020-08-27,12849808.060721409,14603834.309357813,IS
2020-08-28,12849808.060721409,14371499.337115593,IS
2020-08-31,12849808.060721409,13884705.244882485,IS
2020-09-01,12849808.060721409,14426816.760154475,IS
2020-09-02,12849808.060721409,14238736.495834328,IS
2020-09-03,12849808.060721409,14382565.899687234,IS
2020-09-04,12849808.060721409,14117038.93463976,IS
2020-09-07,12849808.060721409,13906831.957601046,IS
2020-09-08,12849808.060721409,14017465.521193866,IS
2020-09-09,12849808.060721409,13818325.106726794,IS
2020-09-10,12819253.693882523,12855798.35489244,IS
2020-09-11,13027338.752476273,13066006.614416093,IS
2020-09-14,13344941.193882523,13386849.720017506,IS
2020-09-15,12928773.615757523,12966435.765940085,IS
2020-09-16,12687833.088413773,12723036.796096116,IS
2020-09-17,12698784.064976273,12734099.511212926,IS
2020-09-18,12464610.936015334,12457512.396018526,IS
2020-09-21,12464610.936015334,12402194.972979646,IS
2020-09-22,12464610.936015334,12059225.15465967,IS
2020-09-23,12464610.936015334,12180923.998339182,IS
2020-09-24,12464610.936015334,12048163.722027801,IS
2020-09-25,12464610.936015334,12413256.405611513,IS
2020-09-28,12464610.936015334,12203054.558512574,IS
2020-09-29,12464610.936015334,12180923.998339182,IS
2020-09-30,12464610.936015334,11992843.734019035,IS
2020-10-01,12464610.936015334,12324750.837222202,IS
2020-10-02,12464610.936015334,12180923.998339182,IS
2020-10-05,12464610.936015334,12214114.708659498,IS
2020-10-06,12464610.936015334,12612403.232503297,IS
2020-10-07,12464610.936015334,12734099.511212926,IS
2020-10-08,12464610.936015334,12789416.934251808,IS
2020-10-09,12464610.936015334,12778356.78410488,IS
2020-10-12,12464610.936015334,12955370.48585339,IS
2020-10-13,12464610.936015334,12955370.48585339,IS
2020-10-14,12464610.936015334,13054942.61681434,IS
2020-10-15,12464610.936015334,12800480.931853559,IS
2020-10-16,12464610.936015334,12745163.50881468,IS
2020-10-19,12464610.936015334,13054942.61681434,IS
2020-10-20,12464610.936015334,12844735.639775628,IS
2020-10-21,12464610.936015334,12789416.934251808,IS
2020-10-22,12464610.936015334,12833672.924658818,IS
2020-10-23,12464610.936015334,12767292.786503129,IS
2020-10-26,12464610.936015334,12866861.07000925,IS
2020-10-27,12464610.936015334,12811546.211940255,IS
2020-11-02,12464610.936015334,12877925.067611003,IS
2020-11-03,12464610.936015334,13032817.18658072,IS
2020-11-04,12464610.936015334,12877925.067611003,IS
2020-11-05,12464610.936015334,13608118.129688082,IS
2020-11-06,12464610.936015334,13940022.667921364,IS
2020-11-09,12464610.936015334,13906831.957601046,IS
2020-11-10,12464610.936015334,14338309.909280222,IS
2020-11-11,12464610.936015334,14471071.468076546,IS
2020-11-12,12464610.936015334,14205547.067998953,IS
2020-11-13,12464610.936015334,14139168.212328209,IS
2020-11-16,12464610.936015334,14338309.909280222,IS
2020-11-17,12464610.936015334,14493199.46328005,IS
2020-11-18,12464610.936015334,14537451.606232235,IS
2020-11-19,12464610.936015334,14637023.737193186,IS
2020-11-20,12464610.936015334,14603834.309357813,IS
2020-11-23,12464610.936015334,14603834.309357813,IS
2020-11-24,12464610.936015334,14526388.891115425,IS
2020-11-25,12464610.936015334,14183424.20273522,IS
2020-11-26,12464610.936015334,14338309.909280222,IS
2020-11-27,12464610.936015334,14128102.93224151,IS
2020-11-30,12435744.479699582,13729816.973367596,IS
2020-12-01,12803891.598840207,14150229.644960076,IS
2020-12-02,12910460.885949582,14271928.488639588,IS
2020-12-03,12887299.322306674,14294057.766328037,IS
2020-12-04,12887299.322306674,14139168.212328209,IS
2020-12-07,12887299.322306674,14426816.760154475,IS
2020-12-08,12887299.322306674,14403937.228774473,IS
2020-12-10,12887299.322306674,14592585.63392429,IS
2020-12-11,12887299.322306674,14947692.889743168,IS
2020-12-14,12887299.322306674,15136340.012408042,IS
2020-12-15,12887299.322306674,15069758.524116328,IS
2020-12-16,12887299.322306674,15424864.497450259,IS
2020-12-17,12887299.322306674,15391572.470819458,IS
2020-12-18,12887299.322306674,15091954.491021805,IS
2020-12-21,12887299.322306674,15158533.41434363,IS
2020-12-22,12887299.322306674,14903302.238417158,IS
2020-12-23,12887299.322306674,14925499.487807576,IS
2020-12-28,12887299.322306674,15047565.122180738,IS
2020-12-29,12887299.322306674,15014274.37803488,IS
2020-12-30,12887299.322306674,15025370.437760204,IS
2021-01-04,12887299.322306674,15169633.321523786,IS
2021-01-05,12887299.322306674,15735579.819458183,IS
2021-01-06,12887299.322306674,15413765.872755049,IS
2021-01-07,12887299.322306674,15458155.241596116,IS
2021-01-08,12887299.322306674,15646803.646745935,IS
2021-01-11,12887299.322306674,16301527.599877523,IS
2021-01-12,12887299.322306674,15890938.762947086,IS
2021-01-13,12887299.322306674,15802162.590234838,IS
2021-01-14,12887299.322306674,15580222.15845422,IS
2021-01-15,12887299.322306674,15435961.839660525,IS
2021-01-18,12887299.322306674,15802162.590234838,IS
2021-01-19,12887299.322306674,15746679.726638336,IS
2021-01-20,12887299.322306674,15746679.726638336,IS
2021-01-21,12887299.322306674,15702287.792827383,IS
2021-01-22,12887299.322306674,15713386.417522592,IS
2021-01-25,12887299.322306674,15613511.620115135,IS
2021-01-26,12856859.336585106,15136340.012408042,IS
2021-01-27,12801090.195960106,15069758.524116328,IS
2021-01-28,13005579.551428856,15313893.64031748,IS
2021-01-29,12745319.981116356,15003175.75333967,IS
2021-02-01,12856859.336585106,15136340.012408042,IS
2021-02-02,12819681.699866356,15091954.491021805,IS
2021-02-03,12866155.625647606,15147438.637103252,IS
2021-02-04,12921924.766272606,15214020.125394965,IS
2021-02-05,12989774.984313842,15347183.101978395,IS
2021-02-08,12989774.984313842,15358281.726673603,IS
2021-02-09,12989774.984313842,15491444.703257032,IS
2021-02-10,12989774.984313842,15358281.726673603,IS
2021-02-11,12989774.984313842,15269504.271476412,IS
2021-02-15,12989774.984313842,15091954.491021805,IS
2021-02-16,12989774.984313842,15402669.813029725,IS
2021-02-17,12989774.984313842,15313893.64031748,IS
2021-02-18,12959714.378000746,14947692.889743168,IS
2021-02-19,13127022.874094496,15147438.637103252,IS
2021-02-22,13061957.444406996,15069758.524116328,IS
2021-02-23,13127022.874094496,15147438.637103252,IS
2021-02-24,12941125.022531996,14925499.487807576,IS
2021-02-25,12903943.088938246,14881108.836481567,IS
2021-02-26,12913240.452219496,14892208.743661718,IS
2021-03-01,13491492.189863788,15635708.869505553,IS
2021-03-02,13491492.189863788,15569123.533759011,IS
2021-03-03,13491492.189863788,15535832.789613156,IS
2021-03-04,13491492.189863788,14914400.863112368,IS
2021-03-05,13491492.189863788,15091954.491021805,IS
2021-03-08,13491492.189863788,14914400.863112368,IS
2021-03-09,13491492.189863788,14659168.404700948,IS
2021-03-10,13491492.189863788,14881108.836481567,IS
2021-03-12,13491492.189863788,15014274.37803488,IS
2021-03-15,13491492.189863788,14792333.94625426,IS
2021-03-16,13491492.189863788,14703555.20857213,IS
2021-03-17,13491492.189863788,14670265.746911215,IS
2021-03-18,13491492.189863788,14881108.836481567,IS
2021-03-19,13491492.189863788,15003175.75333967,IS
2021-03-22,13491492.189863788,14692460.431331748,IS
2021-03-23,13491492.189863788,14570393.514473645,IS
2021-03-24,13460135.190129258,14292966.371641694,IS
2021-03-25,13318176.596379258,14137608.710637731,IS
2021-03-26,13409437.533879258,14237483.508045187,IS
2021-03-29,13297896.127629258,14115414.0262172,IS
2021-03-30,13368876.596379258,14193094.13920412,IS
2021-03-31,13003837.533879258,13793600.079514066,IS
2021-04-01,13024119.174504258,13815796.046419542,IS
2021-04-05,12882160.580754258,13660438.38541558,IS
2021-04-06,12902441.049504258,13682633.069836114,IS
2021-04-07,13074820.346379258,13871282.757470876,IS
2021-04-08,13016003.940129258,13806914.838190477,IS
2021-04-09,13106339.574656954,13953197.635739008,IS
2021-04-12,13106339.574656954,13649376.952783713,IS
2021-04-13,13106339.574656954,13503096.72020507,IS
2021-04-14,13106339.574656954,14189501.89887927,IS
2021-04-15,13106339.574656954,14133239.284437526,IS
2021-04-16,13106339.574656954,14121986.761549177,IS
2021-04-19,13106339.574656954,14110735.521145772,IS
2021-04-20,13106339.574656954,14031967.860927332,IS
2021-04-21,13106339.574656954,13874429.975520568,IS
2021-04-22,13106339.574656954,13986956.486888995,IS
2021-04-23,13106339.574656954,14380796.070466135,IS
2021-04-26,13106339.574656954,14144494.37229576,IS
2021-04-27,13106339.574656954,14414553.639131181,IS
2021-04-28,13106339.574656954,14223259.467544314,IS
2021-04-29,13106339.574656954,14425807.444504473,IS
2021-04-30,13106339.574656954,14414553.639131181,IS
2021-05-03,13106339.574656954,14380796.070466135,IS
2021-05-04,13106339.574656954,14403299.83375789,IS
2021-05-05,13106339.574656954,14459563.730684575,IS
2021-05-06,13106339.574656954,14459563.730684575,IS
2021-05-07,13106339.574656954,14403299.83375789,IS
2021-05-10,13106339.574656954,14448312.490281168,IS
2021-05-11,13106339.574656954,14583342.76494135,IS
2021-05-17,13106339.574656954,14628352.856494743,IS
2021-05-18,13106339.574656954,14380796.070466135,IS
2021-05-19,13106339.574656954,14279523.364470998,IS
2021-05-20,13106339.574656954,14358291.024689438,IS
2021-05-21,13106339.574656954,14313279.650651101,IS
2021-05-24,13106339.574656954,14234510.707947718,IS
2021-05-25,13106339.574656954,14302029.692732638,IS
2021-05-27,13106339.574656954,14110735.521145772,IS
2021-05-28,13106339.574656954,14268270.84158265,IS
2021-05-31,13106339.574656954,14347038.50180109,IS
2021-06-02,13106339.574656954,14549585.196276305,IS
2021-06-03,13106339.574656954,14853403.314261712,IS
2021-06-04,13106339.574656954,14808393.22270832,IS
2021-06-07,13106339.574656954,14695866.711339891,IS
2021-06-08,13106339.574656954,14470816.253572922,IS
2021-06-09,13106339.574656954,14695866.711339891,IS
2021-06-10,13106339.574656954,14898414.68830005,IS
2021-06-11,13106339.574656954,14560836.436679712,IS
2021-06-14,13106339.574656954,14425807.444504473,IS
2021-06-15,13106339.574656954,14560836.436679712,IS
2021-06-16,13106339.574656954,14369544.83006273,IS
2021-06-17,13106339.574656954,14245765.795805953,IS
2021-06-18,13106339.574656954,14234510.707947718,IS
2021-06-21,13106339.574656954,14065726.71207732,IS
2021-06-22,13106339.574656954,14268270.84158265,IS
2021-06-23,13106339.574656954,14020712.773069099,IS
2021-06-24,13106339.574656954,13975702.681515705,IS
2021-06-25,13106339.574656954,13930693.872447252,IS
2021-06-28,13075198.24494553,13626874.471976902,IS
2021-06-29,13053778.567211155,13604370.708685147,IS
2021-06-30,13010936.770336155,13559360.617131755,IS
2021-07-01,13010936.770336155,13559360.617131755,IS
2021-07-02,13171592.28791428,13728147.17797204,IS
2021-07-05,13193013.18635178,13750652.223748736,IS
2021-07-06,13075198.24494553,13626874.471976902,IS
2021-07-07,13096616.70197678,13649376.952783713,IS
2021-07-08,12989513.430492405,13536853.006385172,IS
2021-07-09,13000223.879711155,13548105.52927352,IS
2021-07-12,13276621.97297037,13885683.78089386,IS
2021-07-13,13276621.97297037,13604370.708685147,IS
2021-07-14,13276621.97297037,13480589.109458487,IS
2021-07-15,13276621.97297037,13761903.46415214,IS
2021-07-16,13276621.97297037,13750652.223748736,IS
2021-07-19,13276621.97297037,13514346.678123532,IS
2021-07-21,13276621.97297037,13525599.20101188,IS
2021-07-22,13276621.97297037,13851926.212228816,IS
2021-07-23,13276621.97297037,13581861.815453622,IS
2021-07-26,13276621.97297037,13514346.678123532,IS
2021-07-27,13276621.97297037,13514346.678123532,IS
2021-07-28,13276621.97297037,13458086.628651675,IS
2021-07-29,13276621.97297037,13593115.620826915,IS
2021-07-30,13276621.97297037,13435579.017905092,IS
2021-08-02,13276621.97297037,13413075.254613338,IS
2021-08-03,13276621.97297037,13829419.883967176,IS
2021-08-04,13276621.97297037,13773157.269525433,IS
2021-08-05,13276621.97297037,14178250.658475865,IS
2021-08-06,13276621.97297037,13863177.45263222,IS
2021-08-09,13276621.97297037,13953197.635739008,IS
2021-08-10,13276621.97297037,14178250.658475865,IS
2021-08-12,13276621.97297037,14178250.658475865,IS
2021-08-13,13276621.97297037,14425807.444504473,IS
2021-08-16,13276621.97297037,14448312.490281168,IS
2021-08-18,13276621.97297037,14853403.314261712,IS
2021-08-19,13276621.97297037,14853403.314261712,IS
2021-08-20,13276621.97297037,14853403.314261712,IS
2021-08-23,13276621.97297037,14830900.833454903,IS
2021-08-24,13276621.97297037,14853403.314261712,IS
2021-08-25,13276621.97297037,14853403.314261712,IS
2021-08-26,13276621.97297037,14763384.413639868,IS
2021-08-27,13276621.97297037,14650859.184756383,IS
2021-08-30,13276621.97297037,14774638.21901316,IS
2021-08-31,13276621.97297037,14740878.085378228,IS
2021-09-01,13276621.97297037,14774638.21901316,IS
2021-09-02,13276621.97297037,14718376.887056362,IS
2021-09-03,13276621.97297037,14853403.314261712,IS
2021-09-06,13276621.97297037,14797140.69981997,IS
2021-09-07,13276621.97297037,14785888.176931623,IS
2021-09-08,13276621.97297037,14493323.864319505,IS
2021-09-09,13276621.97297037,14785888.176931623,IS
2021-09-10,13276621.97297037,14673361.665563196,IS
2021-09-13,13276621.97297037,14752131.89075152,IS
2021-09-14,13276621.97297037,14729626.844974823,IS
2021-09-15,13276621.97297037,14617100.333606396,IS
2021-09-16,13276621.97297037,14628352.856494743,IS
2021-09-17,13276621.97297037,14673361.665563196,IS
2021-09-20,13276621.97297037,14819648.310566554,IS
2021-09-21,13276621.97297037,14605847.810718047,IS
2021-09-22,13276621.97297037,14752131.89075152,IS
2021-09-23,13276621.97297037,14808393.22270832,IS
2021-09-24,13276621.97297037,14819648.310566554,IS
2021-09-27,13276621.97297037,14808393.22270832,IS
2021-09-28,13276621.97297037,14673361.665563196,IS
2021-09-29,13276621.97297037,14808393.22270832,IS
2021-09-30,13276621.97297037,15753612.84023925,IS
2021-10-01,13276621.97297037,15213487.894143693,IS
2021-10-04,13276621.97297037,15663592.65713246,IS
2021-10-05,13276621.97297037,15629833.805982472,IS
2021-10-06,13276621.97297037,16158703.664219791,IS
2021-10-07,13276621.97297037,16113694.855151342,IS
2021-10-08,13276621.97297037,16406260.450248402,IS
2021-10-11,13276621.97297037,16327494.072514905,IS
2021-10-12,13276621.97297037,16473776.870063435,IS
2021-10-13,13276621.97297037,16935134.15594055,IS
2021-10-14,13276621.97297037,17441498.968401175,IS
2021-10-15,13276621.97297037,17216447.22814926,IS
2021-10-18,13276621.97297037,16935134.15594055,IS
2021-10-19,13276621.97297037,16878868.976528924,IS
2021-10-21,13276621.97297037,16653821.08373184,IS
2021-10-22,13276621.97297037,16935134.15594055,IS
2021-10-25,13276621.97297037,16935134.15594055,IS
2021-10-26,13276621.97297037,16935134.15594055,IS
2021-10-27,13276621.97297037,16766345.03013038,IS
2021-10-28,13276621.97297037,16597554.621835269,IS
2021-10-29,13276621.97297037,16822606.36208718,IS
2021-11-01,13276621.97297037,16653821.08373184,IS
2021-11-02,13276621.97297037,16428769.343479928,IS
2021-11-03,13276621.97297037,16541293.289878469,IS
2021-11-04,13276621.97297037,16597554.621835269,IS
2021-11-05,13276621.97297037,16766345.03013038,IS
2021-11-08,13276621.97297037,17047658.102339093,IS
2021-11-09,13276621.97297037,17272708.56010606,IS
2021-11-10,13276621.97297037,17216447.22814926,IS
2021-11-11,13276621.97297037,17272708.56010606,IS
2021-11-12,13276621.97297037,16935134.15594055,IS
2021-11-15,13276621.97297037,16878868.976528924,IS
2021-11-16,13276621.97297037,16822606.36208718,IS
2021-11-17,13276621.97297037,17104865.908183698,IS
2021-11-18,13276621.97297037,16709702.800145563,IS
2021-11-19,13276621.97297037,16766155.222358843,IS
2021-11-22,13276621.97297037,16879058.78430046,IS
2021-11-23,13276621.97297037,16879058.78430046,IS
2021-11-24,13276621.97297037,16879058.78430046,IS
2021-11-25,13276621.97297037,16766155.222358843,IS
2021-11-26,13276621.97297037,16427445.81901893,IS
2021-11-29,13276621.97297037,16709702.800145563,IS
2021-11-30,13276621.97297037,16427445.81901893,IS
2021-12-01,13276621.97297037,16483898.24123221,IS
2021-12-02,13276621.97297037,16935509.9240288,IS
2021-12-03,13276621.97297037,16653251.660417225,IS
2021-12-06,13276621.97297037,16596799.238203943,IS
2021-12-07,13276621.97297037,16596799.238203943,IS
2021-12-08,13276621.97297037,16766155.222358843,IS
2021-12-09,13276621.97297037,16596799.238203943,IS
2021-12-10,13276621.97297037,16653251.660417225,IS
2021-12-13,13276621.97297037,16483898.24123221,IS
2021-12-14,13276621.97297037,16483898.24123221,IS
2021-12-15,13276621.97297037,16483898.24123221,IS
2021-12-16,13276621.97297037,16427445.81901893,IS
2021-12-17,13276621.97297037,16935509.9240288,IS
2021-12-20,13276621.97297037,16653251.660417225,IS
2021-12-21,13276621.97297037,16653251.660417225,IS
2021-12-22,13276621.97297037,16540349.380960548,IS
2021-12-23,13276621.97297037,16483898.24123221,IS
2021-12-24,13276621.97297037,16483898.24123221,IS
2021-12-27,13276621.97297037,16596799.238203943,IS
2021-12-28,13276621.97297037,16596799.238203943,IS
2021-12-29,13276621.97297037,16483898.24123221,IS
2021-12-30,13276621.97297037,16483898.24123221,IS
2022-01-03,13276621.97297037,16540349.380960548,IS
2022-01-04,13276621.97297037,16709702.800145563,IS
2022-01-05,13276621.97297037,16822606.36208718,IS
2022-01-06,13276621.97297037,16879058.78430046,IS
2022-01-07,13276621.97297037,17274219.32736871,IS
2022-01-10,13276621.97297037,17161318.330396976,IS
2022-01-11,13276621.97297037,17387124.17179527,IS
2022-01-12,13276621.97297037,17387124.17179527,IS
2022-01-13,13276621.97297037,17387124.17179527,IS
2022-01-14,13276621.97297037,17725834.857620124,IS
2022-01-17,13276621.97297037,17500027.733736888,IS
2022-01-18,13276621.97297037,17330670.467097048,IS
2022-01-19,13276621.97297037,17330670.467097048,IS
2022-01-20,13276621.97297037,17556478.873465225,IS
2022-01-21,13276621.97297037,17951639.416533478,IS
2022-01-24,13276621.97297037,17612931.295678508,IS
2022-01-25,13276621.97297037,17556478.873465225,IS
2022-01-26,13276621.97297037,17387124.17179527,IS
2022-01-27,13276621.97297037,17612931.295678508,IS
2022-01-28,13276621.97297037,17556478.873465225,IS
2022-01-31,13276621.97297037,17217768.187640373,IS
2022-02-02,13276621.97297037,17612931.295678508,IS
2022-02-03,13276621.97297037,17443575.31152361,IS
2022-02-04,13276621.97297037,17443575.31152361,IS
2022-02-07,13276621.97297037,17612931.295678508,IS
2022-02-08,13276621.97297037,17443575.31152361,IS
2022-02-09,13276621.97297037,17951639.416533478,IS
2022-02-10,13276621.97297037,17500027.733736888,IS
2022-02-11,13276621.97297037,17669381.1529219,IS
2022-02-14,13276621.97297037,17387124.17179527,IS
2022-02-15,13276621.97297037,17782284.71486352,IS
2022-02-16,13276621.97297037,18008093.121231697,IS
2022-02-17,13276621.97297037,17838737.137076803,IS
2022-02-18,13276621.97297037,17895189.55929008,IS
2022-02-21,13276621.97297037,17951639.416533478,IS
2022-02-22,13276621.97297037,17838737.137076803,IS
2022-02-23,13276621.97297037,18177447.822901655,IS
2022-02-24,13276621.97297037,18064544.260960035,IS
2022-02-25,13276621.97297037,18177447.822901655,IS
2022-03-01,13276621.97297037,18177447.822901655,IS
2022-03-02,13276621.97297037,18008093.121231697,IS
2022-03-04,13276621.97297037,17838737.137076803,IS
2022-03-07,13276621.97297037,17387124.17179527,IS
2022-03-08,13276621.97297037,17274219.32736871,IS
2022-03-09,13276621.97297037,17725834.857620124,IS
2022-03-10,13276621.97297037,17895189.55929008,IS
2022-03-11,13276621.97297037,17951639.416533478,IS
2022-03-14,13276621.97297037,18233898.962629993,IS
2022-03-15,13276621.97297037,18403254.94678489,IS
2022-03-16,13276621.97297037,18516157.226241566,IS
2022-03-17,13276621.97297037,18064544.260960035,IS
2022-03-18,13276621.97297037,17838737.137076803,IS
2022-03-21,13276621.97297037,17838737.137076803,IS
2022-03-22,13276621.97297037,17895189.55929008,IS
2022-03-23,13276621.97297037,17838737.137076803,IS
2022-03-24,13276621.97297037,17895189.55929008,IS
2022-03-25,13276621.97297037,17951639.416533478,IS
2022-03-28,13276621.97297037,18112125.734823793,IS
2022-03-29,13276621.97297037,17997493.383179247,IS
2022-03-30,13276621.97297037,18054810.200243995,IS
2022-03-31,13276621.97297037,18284078.750987913,IS
2022-04-01,13276621.97297037,18169443.83437348,IS
2022-04-04,13276621.97297037,18112125.734823793,IS
2022-04-05,13276621.97297037,18112125.734823793,IS
2022-04-06,13245761.783132257,17768227.39740521,IS
2022-04-07,13245761.783132257,17768227.39740521,IS
2022-04-08,13411610.074147882,17997493.383179247,IS
2022-04-11,13204299.478444757,17710910.580340467,IS
2022-04-12,13328685.464772882,17882859.74904976,IS
2022-04-13,13328685.464772882,17882859.74904976,IS
2022-04-14,13162837.173757257,17653593.763275724,IS
2022-04-18,13162837.173757257,17653593.763275724,IS
2022-04-19,13038449.331960382,17481642.02959655,IS
2022-04-20,13079910.708913507,17538957.564176347,IS
2022-04-21,13491327.942837028,18169443.83437348,IS
2022-04-22,13491327.942837028,18054810.200243995,IS
2022-04-25,13491327.942837028,18341395.568052657,IS
2022-04-26,13491327.942837028,18627978.370891437,IS
2022-04-27,13491327.942837028,18799931.38705556,IS
2022-04-28,13491327.942837028,18627978.370891437,IS
2022-05-09,13491327.942837028,17424325.2125318,IS
2022-05-10,13491327.942837028,17252374.761337567,IS
2022-05-11,13491327.942837028,17538957.564176347,IS
2022-05-12,13459309.841754464,16679206.590690121,IS
2022-05-13,13550963.357379464,16793840.224819608,IS
2022-05-17,13688443.630816964,16965790.676013846,IS
2022-05-18,14009229.91011384,17367007.112982113,IS
2022-05-19,13780097.146441964,17080424.310143333,IS
2022-05-20,13688443.630816964,16965790.676013846,IS
2022-05-23,13642615.84761384,16908472.576464158,IS
2022-05-24,13596789.08980134,16851155.75939941,IS
2022-05-25,13642615.84761384,16908472.576464158,IS
2022-05-27,13962039.286837874,17367007.112982113,IS
2022-05-30,13962039.286837874,17367007.112982113,IS
2022-05-31,13962039.286837874,17768227.39740521,IS
2022-06-02,13962039.286837874,17367007.112982113,IS
2022-06-03,13962039.286837874,17424325.2125318,IS
2022-06-06,13962039.286837874,17080424.310143333,IS
2022-06-07,13962039.286837874,16908472.576464158,IS
2022-06-08,13962039.286837874,17424325.2125318,IS
2022-06-09,13962039.286837874,17195059.226757765,IS
2022-06-10,13962039.286837874,16851155.75939941,IS
2022-06-13,13962039.286837874,16851155.75939941,IS
2022-06-14,13962039.286837874,16965790.676013846,IS
2022-06-15,13962039.286837874,16793840.224819608,IS
2022-06-16,13962039.286837874,17367007.112982113,IS
2022-06-17,13962039.286837874,17195059.226757765,IS
2022-06-20,13962039.286837874,17481642.02959655,IS
2022-06-21,13962039.286837874,17538957.564176347,IS
2022-06-22,13962039.286837874,17195059.226757765,IS
2022-06-23,13962039.286837874,17252374.761337567,IS
2022-06-24,13962039.286837874,17137741.12720808,IS
2022-06-27,13962039.286837874,16851155.75939941,IS
2022-06-28,13962039.286837874,16736523.407754866,IS
2022-06-29,13962039.286837874,16679206.590690121,IS
2022-06-30,13962039.286837874,16621888.491140433,IS
2022-07-01,13962039.286837874,16621888.491140433,IS
2022-07-04,13929533.921393652,16163353.954622477,IS
2022-07-05,14313605.796393652,16621888.491140433,IS
2022-07-06,14409624.839362402,16736523.407754866,IS
2022-07-07,14025552.964362402,16277988.871236907,IS
2022-07-08,14121569.858893652,16392621.222881457,IS
2022-07-11,14073561.948737402,16335305.688301653,IS
2022-07-12,14169580.991706152,16449940.604916085,IS
2022-07-13,13833515.952643652,16048720.320492987,IS
2022-07-14,13881524.937018652,16106037.137557732,IS
2022-07-15,13833515.952643652,16048720.320492987,IS
2022-07-18,14074905.798956146,16392621.222881457,IS
2022-07-19,14074905.798956146,16449940.604916085,IS
2022-07-20,14074905.798956146,16965790.676013846,IS
2022-07-21,14074905.798956146,16965790.676013846,IS
2022-07-22,14074905.798956146,16793840.224819608,IS
2022-07-25,14074905.798956146,16736523.407754866,IS
2022-07-26,14074905.798956146,16736523.407754866,IS
2022-07-27,14074905.798956146,16793840.224819608,IS
2022-07-28,14074905.798956146,16851155.75939941,IS
2022-07-29,14074905.798956146,16851155.75939941,IS
2022-08-01,14074905.798956146,17195059.226757765,IS
2022-08-02,14074905.798956146,17424325.2125318,IS
2022-08-03,14074905.798956146,17481642.02959655,IS
2022-08-04,14074905.798956146,17882859.74904976,IS
2022-08-05,14074905.798956146,18054810.200243995,IS
2022-08-08,14074905.798956146,18054810.200243995,IS
2022-08-09,14074905.798956146,18112125.734823793,IS
2022-08-10,14074905.798956146,18112125.734823793,IS
2022-08-11,14074905.798956146,18226761.93392317,IS
2022-08-12,14074905.798956146,18169443.83437348,IS
2022-08-15,14074905.798956146,18226761.93392317,IS
2022-08-16,14074905.798956146,18284078.750987913,IS
2022-08-18,14074905.798956146,18341395.568052657,IS
2022-08-19,14074905.798956146,18112125.734823793,IS
2022-08-22,14074905.798956146,18341395.568052657,IS
2022-08-23,14074905.798956146,18112125.734823793,IS
2022-08-24,14074905.798956146,18226761.93392317,IS
2022-08-25,14074905.798956146,18513346.01924689,IS
2022-08-26,14074905.798956146,18341395.568052657,IS
2022-08-29,14074905.798956146,18685297.75292607,IS
2022-08-30,14074905.798956146,18742612.005020928,IS
2022-08-31,14074905.798956146,18799931.38705556,IS
2022-09-01,14074905.798956146,18685297.75292607,IS
2022-09-02,14074905.798956146,18857248.204120304,IS
2022-09-05,14074905.798956146,18971881.838249795,IS
2022-09-06,14074905.798956146,18971881.838249795,IS
2022-09-07,14074905.798956146,19201147.824023828,IS
2022-09-08,14074905.798956146,19143831.006959084,IS
2022-09-09,14074905.798956146,19201147.824023828,IS
2022-09-12,14074905.798956146,19201147.824023828,IS
2022-09-13,14074905.798956146,19545047.443927355,IS
2022-09-14,14074905.798956146,19487731.909347553,IS
2022-09-15,14074905.798956146,20060902.64496488,IS
2022-09-16,14074905.798956146,19373096.992733117,IS
2022-09-19,14074905.798956146,19831632.81173602,IS
2022-09-20,14074905.798956146,19602366.825961985,IS
2022-09-21,14074905.798956146,19430416.37476775,IS
2022-09-22,14074905.798956146,19430416.37476775,IS
2022-09-23,14074905.798956146,19201147.824023828,IS
2022-09-26,14074905.798956146,19315781.45815332,IS
2022-09-27,14074905.798956146,19029196.090344653,IS
2022-09-28,14074905.798956146,19086514.18989434,IS
2022-09-29,14074905.798956146,19201147.824023828,IS
2022-09-30,14074905.798956146,19602366.825961985,IS
2022-10-03,14074905.798956146,19487731.909347553,IS
2022-10-04,14074905.798956146,19602366.825961985,IS
2022-10-05,14074905.798956146,19373096.992733117,IS
2022-10-06,14074905.798956146,19315781.45815332,IS
2022-10-07,14042253.72632268,18799931.38705556,IS
2022-10-10,14208101.08960393,19029196.090344653,IS
2022-10-11,14125177.407963306,18914563.738700107,IS
2022-10-12,14249564.322025806,19086514.18989434,IS
2022-10-13,14166640.64038518,18971881.838249795,IS
2022-10-14,14125177.407963306,18914563.738700107,IS
2022-10-17,14125177.407963306,18914563.738700107,IS
2022-10-18,14208101.08960393,19029196.090344653,IS
2022-10-19,14166640.64038518,18971881.838249795,IS
2022-10-20,14491890.436853299,19487731.909347553,IS
2022-10-21,14491890.436853299,19831632.81173602,IS
2022-10-24,14491890.436853299,20404802.26486841,IS
2022-10-25,14491890.436853299,19946269.010835394,IS
2022-10-26,14491890.436853299,19602366.825961985,IS
2022-10-27,14491890.436853299,19946269.010835394,IS
2022-10-28,14491890.436853299,20060902.64496488,IS
2022-10-31,14491890.436853299,20175536.279094372,IS
2022-11-01,14491890.436853299,20175536.279094372,IS
2022-11-02,14491890.436853299,20060902.64496488,IS
2022-11-03,14491890.436853299,20175536.279094372,IS
2022-11-04,14491890.436853299,20118216.897059742,IS
2022-11-07,14491890.436853299,20290166.06576903,IS
2022-11-08,14491890.436853299,20060902.64496488,IS
2022-11-09,14491890.436853299,20347488.01277355,IS
2022-11-10,14491890.436853299,20175536.279094372,IS
2022-11-11,14491890.436853299,20290166.06576903,IS
2022-11-14,14491890.436853299,20060902.64496488,IS
2022-11-15,14491890.436853299,20175536.279094372,IS
2022-11-16,14457645.5814928,19717000.460091475,IS
2022-11-17,14664957.1049303,20003584.545415197,IS
2022-11-18,14781065.374821022,20232853.096159115,IS
2022-11-21,14781065.374821022,20003584.545415197,IS
2022-11-22,14781065.374821022,20404802.26486841,IS
2022-11-23,14781065.374821022,20347488.01277355,IS
2022-11-24,14781065.374821022,20634069.533127386,IS
2022-11-25,14781065.374821022,20576750.151092757,IS
2022-11-28,14781065.374821022,20691388.91516202,IS
2022-11-29,14781065.374821022,20576750.151092757,IS
2022-11-30,14781065.374821022,21321870.05541938,IS
2022-12-01,14781065.374821022,20634069.533127386,IS
2022-12-02,14781065.374821022,20484465.09957694,IS
2022-12-05,14781065.374821022,20196760.12241319,IS
2022-12-06,14781065.374821022,19966598.96214906,IS
2022-12-07,14747286.456164576,19448730.259751294,IS
2022-12-08,14830536.700305201,19563814.046095714,IS
2022-12-09,14955409.747180201,19736436.51939999,IS
2022-12-12,15163532.110461451,20024141.496563744,IS
2022-12-13,15163532.110461451,20024141.496563744,IS
2022-12-14,15038659.063586451,19851519.02325947,IS
2022-12-15,14830536.700305201,19563814.046095714,IS
2022-12-16,14997033.477648951,19793976.488844786,IS
2022-12-19,15031336.03119757,19909057.71021932,IS
2022-12-20,15031336.03119757,19736436.51939999,IS
2022-12-21,15031336.03119757,19966598.96214906,IS
2022-12-22,15031336.03119757,19736436.51939999,IS
2022-12-23,15031336.03119757,19563814.046095714,IS
2022-12-26,15031336.03119757,19736436.51939999,IS
2022-12-27,15031336.03119757,19793976.488844786,IS
2022-12-28,15031336.03119757,19909057.71021932,IS
2022-12-29,15031336.03119757,19736436.51939999,IS
2022-12-30,15031336.03119757,19678895.26747025,IS
2023-01-02,15031336.03119757,19678895.26747025,IS
2023-01-03,15031336.03119757,19678895.26747025,IS
2023-01-04,14996200.059962025,19218570.381972108,IS
2023-01-05,14820941.270899525,18988409.22170798,IS
2023-01-06,14908569.200587025,19103487.87811263,IS
2023-01-09,15171457.872462025,19448730.259751294,IS
2023-01-10,14689495.958399525,18815786.748403706,IS
2023-01-11,14584070.636875223,18700705.52702917,IS
2023-01-12,14584070.636875223,18815786.748403706,IS
2023-01-13,14584070.636875223,18528084.33620984,IS
2023-01-16,14584070.636875223,18758246.778958913,IS
2023-01-17,14584070.636875223,19161029.13004237,IS
2023-01-18,14584070.636875223,19103487.87811263,IS
2023-01-19,14584070.636875223,19161029.13004237,IS
2023-01-20,14584070.636875223,19103487.87811263,IS
2023-01-24,14584070.636875223,18930869.252263185,IS
2023-01-25,14584070.636875223,18873328.000333447,IS
2023-01-26,14584070.636875223,19506274.076650918,IS
2023-01-27,14584070.636875223,20024141.496563744,IS
2023-01-30,14584070.636875223,20024141.496563744,IS
2023-01-31,14584070.636875223,19506274.076650918,IS
2023-02-01,14584070.636875223,19563814.046095714,IS
2023-02-02,14584070.636875223,19448730.259751294,IS
2023-02-03,14584070.636875223,20024141.496563744,IS
2023-02-06,14584070.636875223,20081680.183523595,IS
2023-02-07,14584070.636875223,20369382.59571746,IS
2023-02-08,14584070.636875223,20311843.90875761,IS
2023-02-09,14584070.636875223,20484465.09957694,IS
2023-02-10,14584070.636875223,20311843.90875761,IS
2023-02-13,14584070.636875223,20426925.130132142,IS
2023-02-14,14584070.636875223,20599546.320951477,IS
2023-02-15,14584070.636875223,20426925.130132142,IS
2023-02-16,14584070.636875223,20024141.496563744,IS
2023-02-17,14584070.636875223,20081680.183523595,IS
2023-02-20,14584070.636875223,20139220.15296839,IS
2023-02-21,14584070.636875223,20024141.496563744,IS
2023-02-22,14584070.636875223,19966598.96214906,IS
2023-02-23,14584070.636875223,20081680.183523595,IS
2023-02-24,14584070.636875223,19966598.96214906,IS
2023-02-27,14584070.636875223,20196760.12241319,IS
2023-02-28,14584070.636875223,20139220.15296839,IS
2023-03-01,14584070.636875223,19793976.488844786,IS
2023-03-02,14584070.636875223,19851519.02325947,IS
2023-03-03,14550191.775040777,19506274.076650918,IS
2023-03-06,14425318.728165777,19333651.603346646,IS
2023-03-07,14466943.386368902,19391192.855276383,IS
2023-03-08,14716688.552384527,19736436.51939999,IS
2023-03-09,14716688.552384527,19736436.51939999,IS
2023-03-10,14508565.261368902,19448730.259751294,IS
2023-03-13,14626683.906680787,19678895.26747025,IS
2023-03-14,14591653.134101149,19161029.13004237,IS
2023-03-15,14591653.134101149,19161029.13004237,IS
2023-03-16,14547837.704413649,19103487.87811263,IS
2023-03-17,14679283.993476149,19276111.63390185,IS
2023-03-20,14723098.446601149,19333651.603346646,IS
2023-03-21,14847729.724132154,19563814.046095714,IS
2023-03-24,14847729.724132154,20311843.90875761,IS
2023-03-27,14847729.724132154,20024141.496563744,IS
2023-03-28,14847729.724132154,19966598.96214906,IS
2023-03-29,14847729.724132154,20659149.80866928,IS
2023-03-30,14847729.724132154,20717841.449592732,IS
2023-03-31,14847729.724132154,20541767.80930731,IS
2023-04-03,14847729.724132154,20659149.80866928,IS
2023-04-04,14847729.724132154,20600458.167745825,IS
2023-04-05,14847729.724132154,20483077.450868804,IS
2023-04-06,14847729.724132154,20541767.80930731,IS
2023-04-10,14847729.724132154,20659149.80866928,IS
2023-04-11,14847729.724132154,20717841.449592732,IS
2023-04-12,14847729.724132154,20893912.52490826,IS
2023-04-13,14847729.724132154,20952602.88334677,IS
2023-04-14,14847729.724132154,21128673.958662305,IS
2023-04-17,14847729.724132154,21187365.599585757,IS
2023-04-18,14847729.724132154,21422130.880794626,IS
2023-04-26,14847729.724132154,21598203.238595102,IS
2023-04-27,14847729.724132154,21480822.52171808,IS
2023-04-28,14847729.724132154,21246057.24050921,IS
2023-05-02,14847729.724132154,21246057.24050921,IS
2023-05-03,14847729.724132154,20952602.88334677,IS
2023-05-04,14847729.724132154,21128673.958662305,IS
2023-05-05,14847729.724132154,21128673.958662305,IS
2023-05-08,14847729.724132154,21128673.958662305,IS
2023-05-09,14847729.724132154,20952602.88334677,IS
2023-05-10,14847729.724132154,20952602.88334677,IS
2023-05-11,14813640.438608268,20717841.449592732,IS
2023-05-12,14773418.172983268,20659149.80866928,IS
2023-05-15,14733195.907358268,20600458.167745825,IS
2023-05-16,14612531.747202018,20424387.092430294,IS
2023-05-17,14733195.907358268,20600458.167745825,IS
2023-05-19,15045979.826327864,21128673.958662305,IS
2023-05-22,15045979.826327864,21128673.958662305,IS
2023-05-23,15045979.826327864,21422130.880794626,IS
2023-05-24,15045979.826327864,21187365.599585757,IS
2023-05-25,15045979.826327864,21246057.24050921,IS
2023-05-26,15045979.826327864,21480822.52171808,IS
2023-05-29,15045979.826327864,21480822.52171808,IS
2023-05-30,15045979.826327864,21715583.955472123,IS
2023-05-31,15045979.826327864,21246057.24050921,IS
2023-06-05,15045979.826327864,21598203.238595102,IS
2023-06-06,15045979.826327864,21480822.52171808,IS
2023-06-07,15045979.826327864,21363437.95738623,IS
2023-06-08,15045979.826327864,21422130.880794626,IS
2023-06-09,15045979.826327864,21363437.95738623,IS
2023-06-12,15045979.826327864,21480822.52171808,IS
2023-06-13,15045979.826327864,21480822.52171808,IS
2023-06-14,15045979.826327864,21304746.316462778,IS
2023-06-15,15045979.826327864,21246057.24050921,IS
2023-06-16,15045979.826327864,21246057.24050921,IS
2023-06-19,15045979.826327864,21128673.958662305,IS
2023-06-20,15045979.826327864,21246057.24050921,IS
2023-06-21,15045979.826327864,21422130.880794626,IS
2023-06-22,15045979.826327864,21246057.24050921,IS
2023-06-23,15045979.826327864,21246057.24050921,IS
2023-06-26,15045979.826327864,21304746.316462778,IS
2023-06-27,15045979.826327864,21480822.52171808,IS
2023-07-03,15045979.826327864,21304746.316462778,IS
2023-07-04,15045979.826327864,21246057.24050921,IS
2023-07-05,15045979.826327864,21246057.24050921,IS
2023-07-06,15045979.826327864,21304746.316462778,IS
2023-07-07,15045979.826327864,21187365.599585757,IS
2023-07-10,15045979.826327864,21246057.24050921,IS
2023-07-11,15045979.826327864,21187365.599585757,IS
2023-07-12,15045979.826327864,21539511.59767165,IS
2023-07-13,15045979.826327864,21422130.880794626,IS
2023-07-14,15045979.826327864,21598203.238595102,IS
2023-07-17,15045979.826327864,21539511.59767165,IS
2023-07-18,15045979.826327864,21480822.52171808,IS
2023-07-20,15045979.826327864,21480822.52171808,IS
2023-07-21,15045979.826327864,21480822.52171808,IS
2023-07-24,15045979.826327864,21363437.95738623,IS
2023-07-25,15045979.826327864,21480822.52171808,IS
2023-07-26,15045979.826327864,21950345.389226165,IS
2023-07-27,15045979.826327864,21656892.314548668,IS
2023-07-28,15045979.826327864,21422130.880794626,IS
2023-07-31,15045979.826327864,21422130.880794626,IS
2023-08-01,15045979.826327864,21422130.880794626,IS
2023-08-02,15045979.826327864,21598203.238595102,IS
2023-08-03,15045979.826327864,21715583.955472123,IS
2023-08-04,15045979.826327864,21480822.52171808,IS
2023-08-07,15045979.826327864,21774270.466455806,IS
2023-08-08,15045979.826327864,21598203.238595102,IS
2023-08-09,15045979.826327864,22067728.67107307,IS
2023-08-10,15045979.826327864,22067728.67107307,IS
2023-08-11,15045979.826327864,22067728.67107307,IS
2023-08-14,15045979.826327864,21950345.389226165,IS
2023-08-15,15045979.826327864,21832962.107379258,IS
2023-08-16,15045979.826327864,21832962.107379258,IS
2023-08-18,15045979.826327864,21715583.955472123,IS
2023-08-21,15045979.826327864,21539511.59767165,IS
2023-08-22,15045979.826327864,21832962.107379258,IS
2023-08-23,15045979.826327864,21832962.107379258,IS
2023-08-24,15045979.826327864,21598203.238595102,IS
2023-08-25,15045979.826327864,21774270.466455806,IS
2023-08-28,15045979.826327864,21598203.238595102,IS
2023-08-29,15045979.826327864,21715583.955472123,IS
2023-08-30,15045979.826327864,21598203.238595102,IS
2023-08-31,15045979.826327864,21539511.59767165,IS
2023-09-01,15045979.826327864,21656892.314548668,IS
2023-09-04,15045979.826327864,21656892.314548668,IS
2023-09-05,15045979.826327864,21656892.314548668,IS
2023-09-06,15045979.826327864,21480822.52171808,IS
2023-09-07,15045979.826327864,21539511.59767165,IS
2023-09-08,15010731.697901828,21422130.880794626,IS
2023-09-11,15010731.697901828,21422130.880794626,IS
2023-09-12,14970508.553370578,21363437.95738623,IS
2023-09-13,14930286.287745578,21304746.316462778,IS
2023-09-14,14970508.553370578,21363437.95738623,IS
2023-09-15,14809621.248683078,21128673.958662305,IS
2023-09-18,14809621.248683078,21128673.958662305,IS
2023-09-19,14930286.287745578,21304746.316462778,IS
2023-09-20,15000923.462917142,21480822.52171808,IS
2023-09-21,15000923.462917142,21422130.880794626,IS
2023-09-22,15000923.462917142,21304746.316462778,IS
2023-09-25,15000923.462917142,21128673.958662305,IS
2023-09-26,14966351.327590832,21011294.52427023,IS
2023-09-27,14845686.288528332,20835222.166469753,IS
2023-09-29,14765243.515090832,20717841.449592732,IS
2023-10-02,15117837.855704423,21304746.316462778,IS
2023-10-03,15117837.855704423,21598203.238595102,IS
2023-10-04,15117837.855704423,21598203.238595102,IS
2023-10-05,15117837.855704423,21304746.316462778,IS
2023-10-06,15117837.855704423,21187365.599585757,IS
2023-10-09,15117837.855704423,21246057.24050921,IS
2023-10-10,15117837.855704423,20952602.88334677,IS
2023-10-11,15117837.855704423,20952602.88334677,IS
2023-10-12,15117837.855704423,21246057.24050921,IS
2023-10-13,15117837.855704423,21304746.316462778,IS
2023-10-16,15117837.855704423,21363437.95738623,IS
2023-10-17,15117837.855704423,21011294.52427023,IS
2023-10-18,15117837.855704423,20776530.525546297,IS
2023-10-19,15082160.528978055,20541767.80930731,IS
2023-10-20,15412464.69628025,21069982.31773885,IS
2023-10-23,15412464.69628025,20776530.525546297,IS
2023-10-24,15412464.69628025,20600458.167745825,IS
2023-10-25,15412464.69628025,20835222.166469753,IS
2023-10-26,15412464.69628025,20483077.450868804,IS
2023-10-27,15412464.69628025,20424387.092430294,IS
2023-10-30,15412464.69628025,20776530.525546297,IS
2023-10-31,15412464.69628025,20541767.80930731,IS
2023-11-01,15375553.419472633,20189621.811221424,IS
2023-11-02,15768694.789306913,20776530.525546297,IS
2023-11-03,15768694.789306913,20893912.52490826,IS
2023-11-06,15768694.789306913,21246057.24050921,IS
2023-11-07,15768694.789306913,21069982.31773885,IS
2023-12-14,10000000.0,15768694.789306913,OOS
2023-12-15,10000000.0,16073614.642009655,OOS
2023-12-18,10000000.0,16030054.39238565,OOS
2023-12-19,10000000.0,16117174.89163366,OOS
2023-12-20,10000000.0,16204293.49621638,OOS
2023-12-21,10000000.0,16247853.74584038,OOS
2023-12-22,10000000.0,16247853.74584038,OOS
2023-12-27,10000000.0,16334972.350423101,OOS
2023-12-28,10000000.0,16378534.494712394,OOS
2023-12-29,10000000.0,16378534.494712394,OOS
2024-01-02,10000000.0,16422092.849671109,OOS
2024-01-03,10000000.0,16291413.995464385,OOS
2024-01-04,10000000.0,16509215.243584406,OOS
2024-01-05,10000000.0,16683454.347415134,OOS
2024-01-08,10000000.0,16683454.347415134,OOS
2024-01-09,10000000.0,16770576.741328428,OOS
2024-01-10,10000000.0,16639895.99245642,OOS
2024-01-11,10000000.0,16683454.347415134,OOS
2024-01-12,10000000.0,16901255.59553515,OOS
2024-01-15,10000000.0,16944812.055828586,OOS
2024-01-16,10000000.0,16901255.59553515,OOS
2024-01-17,10000000.0,16988372.30545259,OOS
2024-01-18,10000000.0,16857691.556580577,OOS
2024-01-19,10000000.0,16770576.741328428,OOS
2024-01-22,10000000.0,16770576.741328428,OOS
2024-01-23,10000000.0,16727012.702373851,OOS
2024-01-24,10000000.0,16596333.848167127,OOS
2024-01-25,10000000.0,16552773.598543122,OOS
2024-01-26,10000000.0,16291413.995464385,OOS
2024-01-29,10000000.0,16639895.99245642,OOS
2024-01-30,10000000.0,16814131.30695657,OOS
2024-01-31,10000000.0,16639895.99245642,OOS
2024-02-01,10000000.0,16901255.59553515,OOS
2024-02-02,10000000.0,16901255.59553515,OOS
2024-02-05,10000000.0,16683454.347415134,OOS
2024-02-06,10000000.0,16770576.741328428,OOS
2024-02-07,10000000.0,16901255.59553515,OOS
2024-02-12,10000000.0,17075492.804700594,OOS
2024-02-13,10000000.0,16944812.055828586,OOS
2024-02-15,10000000.0,17162615.19861389,OOS
2024-02-16,10000000.0,17336852.407779332,OOS
2024-02-19,10000000.0,17206171.65890732,OOS
2024-02-20,10000000.0,17467531.261986054,OOS
2024-02-21,10000000.0,17380412.657403335,OOS
2024-02-22,10000000.0,17206171.65890732,OOS
2024-02-23,10000000.0,17119051.15965931,OOS
2024-02-26,10000000.0,17075492.804700594,OOS
2024-02-27,10000000.0,17206171.65890732,OOS
2024-02-28,10000000.0,17423972.90702734,OOS
2024-02-29,10000000.0,17206171.65890732,OOS
2024-03-01,10000000.0,17119051.15965931,OOS
2024-03-04,10000000.0,16988372.30545259,OOS
2024-03-05,10000000.0,17075492.804700594,OOS
2024-03-06,10000000.0,17336852.407779332,OOS
2024-03-07,10000000.0,17641770.365816787,OOS
2024-03-08,10000000.0,17685334.40477136,OOS
2024-03-13,10000000.0,17423972.90702734,OOS
2024-03-14,10000000.0,17990254.257474106,OOS
2024-03-15,10000000.0,17685334.40477136,OOS
2024-03-18,10000000.0,17685334.40477136,OOS
2024-03-19,10000000.0,17728892.759730082,OOS
2024-03-20,10000000.0,17641770.365816787,OOS
2024-03-21,10000000.0,17641770.365816787,OOS
2024-03-22,10000000.0,17598212.01085807,OOS
2024-03-25,10000000.0,17959179.852094464,OOS
2024-03-26,10000000.0,17914613.53520282,OOS
2024-03-27,10000000.0,17959179.852094464,OOS
2024-03-28,10000000.0,17959179.852094464,OOS
2024-04-01,10000000.0,17558107.63071839,OOS
2024-04-02,10000000.0,17647232.685840532,OOS
2024-04-03,9976887.34861211,16978777.72043689,OOS
2024-04-04,10305350.14158086,17558107.63071839,OOS
2024-04-05,10280082.36814336,17513541.313826747,OOS
2024-04-16,9926353.95017461,16889648.87598417,OOS
2024-04-17,9976887.34861211,16978777.72043689,OOS
2024-04-18,9926353.95017461,16889648.87598417,OOS
2024-04-19,9926353.95017461,16889648.87598417,OOS
2024-04-22,9887327.762982896,16666830.554182956,OOS
2024-04-23,9887327.762982896,17335285.5195866,OOS
2024-04-24,9887327.762982896,17736359.635627963,OOS
2024-04-25,9887327.762982896,17424416.258704606,OOS
2024-04-26,9887327.762982896,17157033.514677033,OOS
2024-04-29,9887327.762982896,17468976.89160039,OOS
2024-04-30,9887327.762982896,17468976.89160039,OOS
2024-05-02,9887327.762982896,17023342.142663244,OOS
2024-05-03,9887327.762982896,17558107.63071839,OOS
2024-05-06,9887327.762982896,17468976.89160039,OOS
2024-05-07,9887327.762982896,17290724.88669082,OOS
2024-05-08,9887327.762982896,16711394.976409314,OOS
2024-05-13,9887327.762982896,16978777.72043689,OOS
2024-05-14,9887327.762982896,17023342.142663244,OOS
2024-05-15,9887327.762982896,16934213.29821053,OOS
2024-05-16,9887327.762982896,17112469.092450675,OOS
2024-05-17,9887327.762982896,17379849.94181296,OOS
2024-05-20,9887327.762982896,16889648.87598417,OOS
2024-05-21,9887327.762982896,16711394.976409314,OOS
2024-05-22,9887327.762982896,16800521.926196743,OOS
2024-05-27,9887327.762982896,16577703.604395526,OOS
2024-05-28,9887327.762982896,16577703.604395526,OOS
2024-05-29,9865125.059921617,16310320.860367956,OOS
2024-05-30,9713527.013046617,16042938.11634038,OOS
2024-05-31,9966190.782577867,16488576.654608099,OOS
2024-06-03,9991456.407577867,16533139.18216917,OOS
2024-06-04,10035140.505879063,16666830.554182956,OOS
2024-06-05,10035140.505879063,16845086.3484231,OOS
2024-06-06,10035140.505879063,16889648.87598417,OOS
2024-06-07,10035140.505879063,16622266.1319566,OOS
2024-06-10,10035140.505879063,16978777.72043689,OOS
2024-06-11,10035140.505879063,16577703.604395526,OOS
2024-06-12,10035140.505879063,16488576.654608099,OOS
2024-06-13,10035140.505879063,16399449.70482067,OOS
2024-06-14,10035140.505879063,16399449.70482067,OOS
2024-06-19,10035140.505879063,16132066.960793095,OOS
2024-06-20,10035140.505879063,16800521.926196743,OOS
2024-06-21,10035140.505879063,17112469.092450675,OOS
2024-06-24,10035140.505879063,17112469.092450675,OOS
2024-06-25,10035140.505879063,17112469.092450675,OOS
2024-06-26,10035140.505879063,16934213.29821053,OOS
2024-06-27,10035140.505879063,17379849.94181296,OOS
2024-06-28,10035140.505879063,17691799.00273218,OOS
2024-07-01,10035140.505879063,17602668.263614174,OOS
2024-07-02,10035140.505879063,17647232.685840532,OOS
2024-07-03,10035140.505879063,17825488.48008068,OOS
2024-07-04,10035140.505879063,17513541.313826747,OOS
2024-07-05,10035140.505879063,17736359.635627963,OOS
2024-07-08,10035140.505879063,17914613.53520282,OOS
2024-07-09,10035140.505879063,17959179.852094464,OOS
2024-07-10,10035140.505879063,18003742.379655533,OOS
2024-07-11,10035140.505879063,17959179.852094464,OOS
2024-07-12,10035140.505879063,17959179.852094464,OOS
2024-07-15,10035140.505879063,17914613.53520282,OOS
2024-07-16,10035140.505879063,17736359.635627963,OOS
2024-07-17,10011360.56249052,17468976.89160039,OOS
2024-07-18,10279865.667043967,18003742.379655533,OOS
2024-07-19,10279865.667043967,18048304.90721661,OOS
2024-07-22,10279865.667043967,18003742.379655533,OOS
2024-07-23,10279865.667043967,18137435.64633461,OOS
2024-07-24,10279865.667043967,17959179.852094464,OOS
2024-07-25,10279865.667043967,18360253.968135826,OOS
2024-07-26,10279865.667043967,18404818.390362184,OOS
2024-07-29,10279865.667043967,18271127.018348396,OOS
2024-07-30,10279865.667043967,18137435.64633461,OOS
2024-07-31,10279865.667043967,18315687.65124418,OOS
2024-08-01,10279865.667043967,18493943.445484325,OOS
2024-08-02,10279865.667043967,18181996.279230393,OOS
2024-08-05,10255903.733990101,17602668.263614174,OOS
2024-08-06,10382236.155865101,17825488.48008068,OOS
2024-08-07,10483300.804302601,18003742.379655533,OOS
2024-08-08,10574512.889928687,18226562.596122038,OOS
2024-08-09,10574512.889928687,18092871.224108253,OOS
2024-08-12,10574512.889928687,18181996.279230393,OOS
2024-08-13,10574512.889928687,18360253.968135826,OOS
2024-08-14,10574512.889928687,18181996.279230393,OOS
2024-08-15,10574512.889928687,18226562.596122038,OOS
2024-08-16,10574512.889928687,18404818.390362184,OOS
2024-08-19,10574512.889928687,18493943.445484325,OOS
2024-08-20,10574512.889928687,18583070.395271752,OOS
2024-08-21,10574512.889928687,18583070.395271752,OOS
2024-08-22,10574512.889928687,18404818.390362184,OOS
2024-08-23,10574512.889928687,18404818.390362184,OOS
2024-08-26,10574512.889928687,18404818.390362184,OOS
2024-08-27,10574512.889928687,18181996.279230393,OOS
2024-08-28,10574512.889928687,18449379.023257963,OOS
2024-08-29,10574512.889928687,18226562.596122038,OOS
2024-08-30,10574512.889928687,18404818.390362184,OOS
2024-09-02,10574512.889928687,18315687.65124418,OOS
2024-09-03,10574512.889928687,18137435.64633461,OOS
2024-09-04,10574512.889928687,18360253.968135826,OOS
2024-09-05,10574512.889928687,18271127.018348396,OOS
2024-09-06,10574512.889928687,18360253.968135826,OOS
2024-09-09,10574512.889928687,18315687.65124418,OOS
2024-09-10,10574512.889928687,18449379.023257963,OOS
2024-09-11,10574512.889928687,18583070.395271752,OOS
2024-09-12,10574512.889928687,18672199.239724472,OOS
2024-09-13,10574512.889928687,18583070.395271752,OOS
2024-09-17,10574512.889928687,18716761.76728554,OOS
2024-09-18,10574512.889928687,18939581.983752042,OOS
2024-09-19,10574512.889928687,19429781.15491554,OOS
2024-09-20,10574512.889928687,19206962.83311433,OOS
2024-09-23,10574512.889928687,19518909.99936826,OOS
2024-09-24,10574512.889928687,19251527.255340684,OOS
2024-09-25,10574512.889928687,19340654.205128115,OOS
2024-09-26,10574512.889928687,19073273.35576583,OOS
2024-09-27,10574512.889928687,18984144.511313114,OOS
2024-09-30,10549459.016303742,18404818.390362184,OOS
2024-10-01,10776855.012397492,18805890.611738253,OOS
2024-10-02,10726321.613959992,18716761.76728554,OOS
2024-10-03,10675789.289741242,18627634.81749811,OOS
2024-10-04,10701055.988959992,18672199.239724472,OOS
2024-10-07,10524192.317084992,18360253.968135826,OOS
2024-10-08,10625256.965522492,18538507.867710683,OOS
2024-10-09,10650522.590522492,18583070.395271752,OOS
2024-10-10,10690256.72441808,18716761.76728554,OOS
2024-10-11,10690256.72441808,18493943.445484325,OOS
2024-10-14,10690256.72441808,18716761.76728554,OOS
2024-10-15,10690256.72441808,18939581.983752042,OOS
2024-10-16,10690256.72441808,18672199.239724472,OOS
2024-10-17,10690256.72441808,19117833.988661613,OOS
2024-10-18,10690256.72441808,19162398.41088797,OOS
2024-10-21,10690256.72441808,19028708.933539473,OOS
2024-10-22,10690256.72441808,18716761.76728554,OOS
2024-10-23,10690256.72441808,18984144.511313114,OOS
2024-10-24,10690256.72441808,19073273.35576583,OOS
2024-10-25,10690256.72441808,19162398.41088797,OOS
2024-10-28,10690256.72441808,18895017.561525684,OOS
2024-10-29,10690256.72441808,18716761.76728554,OOS
2024-10-30,10665142.191869935,18449379.023257963,OOS
2024-10-31,10564078.617651185,18271127.018348396,OOS
2024-11-01,10740941.215307435,18583070.395271752,OOS
2024-11-04,10690408.891088685,18493943.445484325,OOS
2024-11-05,10816740.238744935,18716761.76728554,OOS
2024-11-06,10766207.914526185,18627634.81749811,OOS
2024-11-07,10488279.594213685,18137435.64633461,OOS
2024-11-08,10385866.63625203,17959179.852094464,OOS
2024-11-11,10385866.63625203,17914613.53520282,OOS
2024-11-12,10385866.63625203,18092871.224108253,OOS
2024-11-13,10385866.63625203,18092871.224108253,OOS
2024-11-14,10385866.63625203,18003742.379655533,OOS
2024-11-15,10385866.63625203,18137435.64633461,OOS
2024-11-18,10385866.63625203,17825488.48008068,OOS
2024-11-19,10385866.63625203,17691799.00273218,OOS
2024-11-20,10385866.63625203,17959179.852094464,OOS
2024-11-21,10385866.63625203,17645679.060304817,OOS
2024-11-22,10385866.63625203,17645679.060304817,OOS
2024-11-25,10385866.63625203,18227896.44048441,OOS
2024-11-26,10385866.63625203,17914393.754029475,OOS
2024-11-28,10385866.63625203,17914393.754029475,OOS
2024-11-29,10385866.63625203,17914393.754029475,OOS
2024-12-02,10362090.019961191,17466532.773379564,OOS
2024-12-03,10783942.636333268,18272680.643884115,OOS
2024-12-04,10783942.636333268,18272680.643884115,OOS
2024-12-05,10783942.636333268,18362254.734679382,OOS
2024-12-06,10783942.636333268,18048752.048224445,OOS
2024-12-09,10783942.636333268,18541397.23227406,OOS
2024-12-10,10783942.636333268,18541397.23227406,OOS
2024-12-11,10783942.636333268,18675753.631803747,OOS
2024-12-12,10783942.636333268,18227896.44048441,OOS
2024-12-13,10783942.636333268,18003964.05549417,OOS
2024-12-16,10783942.636333268,18093536.251624152,OOS
2024-12-17,10759800.224993348,17735249.36176951,OOS
2024-12-18,10658230.693743348,17556104.969509546,OOS
2024-12-19,10531268.779680848,17332174.479184594,OOS
2024-12-20,10505876.396868348,17287388.3811196,OOS
2024-12-23,10632839.385149598,17511320.766109843,OOS
2024-12-24,10607445.928118348,17466532.773379564,OOS
2024-12-27,10658230.693743348,17556104.969509546,OOS
2024-12-30,10531268.779680848,17332174.479184594,OOS
2025-01-02,10725626.588699678,17735249.36176951,OOS
2025-01-03,10725626.588699678,17645679.060304817,OOS
2025-01-06,10725626.588699678,17332174.479184594,OOS
2025-01-07,10725626.588699678,17063459.785459932,OOS
2025-01-08,10725626.588699678,17332174.479184594,OOS
2025-01-09,10725626.588699678,17645679.060304817,OOS
2025-01-10,10725626.588699678,17421746.675314575,OOS
2025-01-13,10725626.588699678,17332174.479184594,OOS
2025-01-14,10725626.588699678,17063459.785459932,OOS
2025-01-15,10725626.588699678,17556104.969509546,OOS
2025-01-16,10725626.588699678,17466532.773379564,OOS
2025-01-17,10725626.588699678,17735249.36176951,OOS
2025-01-20,10725626.588699678,17242606.072385184,OOS
2025-01-21,10725626.588699678,17153031.981589913,OOS
2025-01-22,10725626.588699678,17197818.079654906,OOS
2025-01-23,10725626.588699678,17197818.079654906,OOS
2025-01-24,10700752.590075206,16749957.099004999,OOS
2025-01-30,10479147.511950206,16391670.209150355,OOS
2025-01-31,10811555.715075206,16929101.49126496,OOS
2025-02-03,10700752.590075206,16749957.099004999,OOS
2025-02-04,10506848.293200206,16436456.307215348,OOS
2025-02-05,10451446.730700206,16346884.111085366,OOS
2025-02-06,10318056.301412454,16033381.42463043,OOS
2025-02-07,10318056.301412454,16749957.099004999,OOS
2025-02-10,10318056.301412454,16391670.209150355,OOS
2025-02-11,10318056.301412454,16257311.914955385,OOS
2025-02-12,10318056.301412454,16391670.209150355,OOS
2025-02-13,10318056.301412454,16122953.620760411,OOS
2025-02-14,10318056.301412454,16078167.522695422,OOS
2025-02-17,10318056.301412454,16705171.000940006,OOS
2025-02-18,10318056.301412454,16660384.902875017,OOS
2025-02-19,10318056.301412454,16033381.42463043,OOS
2025-02-20,10318056.301412454,16122953.620760411,OOS
2025-02-21,10318056.301412454,16122953.620760411,OOS
2025-02-24,10318056.301412454,15988595.32656544,OOS
2025-02-25,10318056.301412454,15809452.828970762,OOS
2025-02-26,10318056.301412454,15719879.685508138,OOS
2025-02-27,10293487.131292148,15272019.652190872,OOS
2025-02-28,10173451.682073398,15092877.154596195,OOS
2025-03-03,10623588.107854648,15764666.730905771,OOS
2025-03-04,10647502.280267239,15854237.979703108,OOS
2025-03-05,10647502.280267239,16122953.620760411,OOS
2025-03-06,10647502.280267239,16078167.522695422,OOS
2025-03-07,10647502.280267239,15988595.32656544,OOS
2025-03-10,10647502.280267239,15988595.32656544,OOS
2025-03-11,10647502.280267239,15988595.32656544,OOS
2025-03-12,10647502.280267239,16346884.111085366,OOS
2025-03-13,10647502.280267239,16078167.522695422,OOS
2025-03-14,10647502.280267239,15675094.53477579,OOS
2025-03-17,10622716.95852702,15406377.946385844,OOS
2025-03-18,10262607.437042644,14868945.716938596,OOS
2025-03-19,10292616.616730144,14913731.815003587,OOS
2025-03-20,10352634.976105144,15003304.011133568,OOS
2025-03-21,10057446.686785199,14587828.544242222,OOS
2025-03-24,10057446.686785199,14680155.58370017,OOS
2025-03-25,10057446.686785199,14864812.504614001,OOS
2025-03-26,10057446.686785199,15741927.905458314,OOS
2025-03-27,10057446.686785199,15695764.38572934,OOS
2025-04-08,10057446.686785199,14357008.103599418,OOS
2025-04-09,10057446.686785199,14633992.063971195,OOS
2025-04-10,10057446.686785199,15187960.9320474,OOS
2025-04-11,10057446.686785199,15280287.97150535,OOS
2025-04-14,10057446.686785199,15511108.412148153,OOS
2025-04-15,10057446.686785199,15834256.839581553,OOS
2025-04-16,10057446.686785199,15649599.91866772,OOS
2025-04-17,10057446.686785199,15695764.38572934,OOS
2025-04-21,10057446.686785199,15326451.491234323,OOS
2025-04-22,10057446.686785199,15695764.38572934,OOS
2025-04-23,10057446.686785199,16111240.79995333,OOS
2025-04-24,10057446.686785199,15649599.91866772,OOS
2025-04-25,10057446.686785199,15880420.359310526,OOS
2025-04-28,10057446.686785199,16203567.839411281,OOS
2025-04-29,10057446.686785199,16111240.79995333,OOS
2025-04-30,10057446.686785199,16295896.773534516,OOS
2025-05-02,10057446.686785199,16572879.786573652,OOS
2025-05-05,10057446.686785199,16572879.786573652,OOS
2025-05-06,10057446.686785199,16665208.72069689,OOS
2025-05-07,10057446.686785199,16757535.760154838,OOS
2025-05-08,10057446.686785199,16572879.786573652,OOS
2025-05-09,10057446.686785199,16619043.30630263,OOS
2025-05-14,10057446.686785199,17126847.70731721,OOS
2025-05-15,10057446.686785199,17126847.70731721,OOS
2025-05-16,10057446.686785199,17173011.227046184,OOS
2025-05-19,10057446.686785199,17542325.06887385,OOS
2025-05-20,10057446.686785199,17496161.54914487,OOS
2025-05-21,10057446.686785199,17911637.01603622,OOS
2025-05-22,10057446.686785199,17819308.08191298,OOS
2025-05-23,10057446.686785199,17865471.601641957,OOS
2025-05-26,10057446.686785199,17773146.456849296,OOS
2025-05-27,10057446.686785199,17449996.13475061,OOS
2025-05-28,10057446.686785199,17357669.095292658,OOS
2025-06-02,10057446.686785199,16803701.174549103,OOS
2025-06-03,10034698.0456777,16711372.240425864,OOS
2025-06-04,9956176.9519277,16572879.786573652,OOS
2025-06-05,9903829.19802145,16480550.852450417,OOS
2025-06-10,10087045.79958395,16803701.174549103,OOS
2025-06-11,10034698.0456777,16711372.240425864,OOS
2025-06-12,10113219.1394277,16849864.694278076,OOS
2025-06-13,10008524.70583395,16665208.72069689,OOS
2025-06-16,9903829.19802145,16480550.852450417,OOS
2025-06-17,10028581.682649825,16757535.760154838,OOS
2025-06-18,10028581.682649825,16434389.227386728,OOS
2025-06-19,10028581.682649825,16203567.839411281,OOS
2025-06-20,10004724.743327033,16065077.280224357,OOS
2025-06-23,9919065.368327033,15926584.826372145,OOS
2025-06-24,10090382.946452033,16203567.839411281,OOS
2025-06-25,9890512.048014533,15880420.359310526,OOS
2025-06-26,9947618.102702033,15972748.346101118,OOS
2025-06-30,9976170.837077033,16018911.865830092,OOS
2025-07-01,10004724.743327033,16065077.280224357,OOS
2025-07-02,9976170.837077033,16018911.865830092,OOS
2025-07-03,9890512.048014533,15880420.359310526,OOS
2025-07-04,9947618.102702033,15972748.346101118,OOS
2025-07-07,9919065.368327033,15926584.826372145,OOS
2025-07-08,9776299.938639533,15695764.38572934,OOS
2025-07-09,9776299.938639533,15695764.38572934,OOS
2025-07-10,9890512.048014533,15880420.359310526,OOS
2025-07-11,9885586.935969708,15926584.826372145,OOS
2025-07-14,9885586.935969708,15741927.905458314,OOS
2025-07-15,9885586.935969708,15788092.372519933,OOS
2025-07-16,9885586.935969708,15741927.905458314,OOS
2025-07-17,9885586.935969708,15741927.905458314,OOS
2025-07-18,9885586.935969708,15557272.879209772,OOS
2025-07-21,9885586.935969708,15603435.451606104,OOS
2025-07-22,9885586.935969708,15511108.412148153,OOS
2025-07-23,9885586.935969708,15557272.879209772,OOS
2025-07-24,9885586.935969708,15695764.38572934,OOS
2025-07-25,9885586.935969708,15603435.451606104,OOS
2025-07-28,9885586.935969708,15695764.38572934,OOS
2025-07-29,9885586.935969708,15511108.412148153,OOS
2025-07-30,9885586.935969708,15464943.945086535,OOS
2025-07-31,9862895.423404144,15280287.97150535,OOS
2025-08-01,9891448.157779144,15326451.491234323,OOS
2025-08-04,9862895.423404144,15280287.97150535,OOS
2025-08-05,10001512.052175453,15557272.879209772,OOS
2025-08-06,10001512.052175453,15326451.491234323,OOS
2025-08-07,10001512.052175453,15326451.491234323,OOS
2025-08-08,10001512.052175453,15326451.491234323,OOS
2025-08-11,10001512.052175453,15788092.372519933,OOS
2025-08-12,10001512.052175453,16342060.293263493,OOS
2025-08-13,10001512.052175453,16480550.852450417,OOS
2025-08-14,10001512.052175453,16203567.839411281,OOS
2025-08-15,10001512.052175453,16065077.280224357,OOS
2025-08-19,10001512.052175453,15695764.38572934,OOS
2025-08-20,10001512.052175453,15741927.905458314,OOS
2025-08-21,10001512.052175453,15788092.372519933,OOS
2025-08-22,10001512.052175453,15603435.451606104,OOS
2025-08-25,10001512.052175453,15649599.91866772,OOS
2025-08-26,9978889.093297485,15234124.451776374,OOS
2025-08-27,10035994.562047485,15326451.491234323,OOS
2025-08-28,10064547.882359985,15372615.958295941,OOS
2025-08-29,9779018.194859985,14910976.97167562,OOS
2025-09-01,9673747.927034141,14772484.517823407,OOS
2025-09-02,9673747.927034141,14772484.517823407,OOS
2025-09-03,9673747.927034141,14726320.050761791,OOS
2025-09-04,9673747.927034141,14772484.517823407,OOS
2025-09-08,9650873.6012352,14218516.59707985,OOS
2025-09-09,9434346.15982895,13895368.169646453,OOS
2025-09-10,9774602.751625825,14403171.623328391,OOS
2025-09-11,9836468.278969575,14495500.55745163,OOS
2025-09-12,9895940.513920197,14633992.063971195,OOS
2025-09-15,9895940.513920197,14818648.037552383,OOS
2025-09-16,9895940.513920197,14633992.063971195,OOS
2025-09-17,9895940.513920197,14495500.55745163,OOS
2025-09-18,9895940.513920197,14218516.59707985,OOS
2025-09-19,9895940.513920197,14403171.623328391,OOS
2025-09-22,9895940.513920197,14264679.169476181,OOS
2025-09-23,9895940.513920197,14541664.077180604,OOS
2025-09-24,9895940.513920197,14357008.103599418,OOS
2025-09-25,9895940.513920197,14218516.59707985,OOS
2025-09-26,9895940.513920197,14080024.143227639,OOS
2025-09-29,9895940.513920197,14357008.103599418,OOS
2025-09-30,9895940.513920197,14080024.143227639,OOS
2025-10-01,9895940.513920197,13849203.702584833,OOS
2025-10-02,9895940.513920197,13849203.702584833,OOS
2025-10-03,9895940.513920197,13895368.169646453,OOS
2025-10-06,9895940.513920197,13849203.702584833,OOS
2025-10-07,9895940.513920197,13987695.209104402,OOS
2025-10-08,9895940.513920197,13618383.261942029,OOS
2025-10-09,9895940.513920197,13941531.689375427,OOS
2025-10-10,9895940.513920197,13664547.729003647,OOS
2025-10-13,9895940.513920197,13526056.22248408,OOS
2025-10-14,9895940.513920197,13387563.768631868,OOS
2025-10-15,9895940.513920197,13387563.768631868,OOS
2025-10-16,9895940.513920197,13479891.75542246,OOS
2025-10-17,9895940.513920197,13849203.702584833,OOS
2025-10-20,9895940.513920197,14541664.077180604,OOS
2025-10-21,9895940.513920197,15649599.91866772,OOS
2025-10-22,9895940.513920197,15141796.46498578,OOS
2025-10-23,9895940.513920197,15372615.958295941,OOS
2025-10-24,9895940.513920197,15280287.97150535,OOS
2025-10-27,9895940.513920197,15418780.425357562,OOS
2025-10-28,9895940.513920197,15280287.97150535,OOS
2025-10-29,9895940.513920197,15880420.359310526,OOS
2025-10-30,9895940.513920197,15741927.905458314,OOS
2025-10-31,9895940.513920197,15741927.905458314,OOS
2025-11-03,9895940.513920197,15972748.346101118,OOS
2025-11-04,9895940.513920197,15972748.346101118,OOS
2025-11-05,9895940.513920197,16065077.280224357,OOS
2025-11-06,9895940.513920197,15788092.372519933,OOS
2025-11-07,9895940.513920197,16018911.865830092,OOS
2025-11-10,9895940.513920197,15834256.839581553,OOS
2025-11-11,9895940.513920197,15511108.412148153,OOS
2025-11-12,9895940.513920197,15695764.38572934,OOS
2025-11-13,9895940.513920197,15464943.945086535,OOS
2025-11-14,9895940.513920197,15557272.879209772,OOS
2025-11-17,9895940.513920197,15834256.839581553,OOS
2025-11-18,9895940.513920197,15511108.412148153,OOS
2025-11-19,9895940.513920197,15649599.91866772,OOS
2025-11-20,9895940.513920197,15557272.879209772,OOS
2025-11-21,9895940.513920197,15511108.412148153,OOS
2025-11-24,9895940.513920197,15649599.91866772,OOS
2025-11-25,9895940.513920197,15695764.38572934,OOS
2025-11-26,9895940.513920197,15557272.879209772,OOS
2025-11-27,9895940.513920197,15372615.958295941,OOS
2025-11-28,9895940.513920197,15280287.97150535,OOS
2025-12-01,9895940.513920197,15511108.412148153,OOS
2025-12-02,9895940.513920197,15464943.945086535,OOS
2025-12-03,9895940.513920197,15427768.717481274,OOS
2025-12-04,9895940.513920197,15288362.087627862,OOS
2025-12-05,9895940.513920197,15427768.717481274,OOS
2025-12-08,9895940.513920197,15427768.717481274,OOS
2025-12-09,9873582.05016554,15056015.494096009,OOS
2025-12-10,9844840.64391554,15009546.93325575,OOS
2025-12-11,9758615.25329054,14870139.356069697,OOS
2025-12-12,9758615.25329054,14870139.356069697,OOS
2025-12-15,10071086.33247935,15427768.717481274,OOS
2025-12-16,10071086.33247935,15009546.93325575,OOS
2025-12-17,10071086.33247935,14916607.916909952,OOS
2025-12-18,10071086.33247935,15195423.071282063,OOS
2025-12-19,10071086.33247935,14963077.425082851,OOS
2025-12-22,10071086.33247935,15195423.071282063,OOS
2025-12-23,10071086.33247935,14916607.916909952,OOS
2025-12-24,10071086.33247935,14916607.916909952,OOS
2025-12-29,10071086.33247935,14916607.916909952,OOS
2025-12-30,10071086.33247935,15009546.93325575,OOS
2026-01-02,10071086.33247935,14916607.916909952,OOS
2026-01-05,10071086.33247935,15009546.93325575,OOS
2026-01-06,10071086.33247935,15195423.071282063,OOS
2026-01-07,10071086.33247935,15148954.510441808,OOS
2026-01-08,10071086.33247935,14963077.425082851,OOS
2026-01-09,10071086.33247935,15102485.002268909,OOS
2026-01-12,10071086.33247935,14916607.916909952,OOS
2026-01-13,10071086.33247935,15009546.93325575,OOS
2026-01-14,10071086.33247935,14870139.356069697,OOS
2026-01-15,10071086.33247935,15009546.93325575,OOS
2026-01-19,10071086.33247935,15102485.002268909,OOS
2026-01-20,10071086.33247935,14870139.356069697,OOS
2026-01-21,10048060.794427367,14312509.047325477,OOS
2026-01-22,9985786.478021117,14219570.030979678,OOS
2026-01-23,9985786.478021117,14219570.030979678,OOS
2026-01-26,9985786.478021117,14219570.030979678,OOS
2026-01-27,9798964.798333617,13940754.876607567,OOS
2026-01-28,9635352.989745036,13057840.852650983,OOS
2026-01-29,9635352.989745036,13383125.515195992,OOS
2026-01-30,9635352.989745036,13754878.738581257,OOS
2026-02-02,9635352.989745036,14126631.961966522,OOS
2026-02-03,9635352.989745036,14219570.030979678,OOS
2026-02-04,9635352.989745036,14498385.185351787,OOS
2026-02-05,9635352.989745036,14498385.185351787,OOS
2026-02-06,9635352.989745036,14266039.539152578,OOS
2026-02-09,9635352.989745036,13940754.876607567,OOS
2026-02-10,9635352.989745036,13894286.315767312,OOS
2026-02-11,9635352.989745036,13847816.807594413,OOS
2026-02-12,9635352.989745036,13615471.161395201,OOS
2026-02-13,9635352.989745036,13383125.515195992,OOS
2026-02-18,9635352.989745036,13522533.092382047,OOS
2026-02-19,9635352.989745036,13336656.007023092,OOS
2026-02-20,9635352.989745036,13429594.076036248,OOS
2026-02-23,9635352.989745036,13569001.653222302,OOS
2026-02-24,9635352.989745036,13429594.076036248,OOS
2026-02-25,9635352.989745036,13615471.161395201,OOS
2026-02-26,9635352.989745036,13569001.653222302,OOS
2026-02-27,9635352.989745036,13336656.007023092,OOS
2026-03-02,9635352.989745036,13057840.852650983,OOS
2026-03-03,9635352.989745036,13150778.921664137,OOS
2026-03-04,9635352.989745036,12779025.698278872,OOS
2026-03-05,9635352.989745036,13197248.429837037,OOS
2026-03-06,9635352.989745036,13011371.344478084,OOS
2026-03-09,9635352.989745036,12779025.698278872,OOS
2026-03-10,9635352.989745036,12964902.783637825,OOS
2026-03-11,9635352.989745036,12686087.629265716,OOS
2026-03-12,9635352.989745036,12825495.206451772,OOS
2026-03-13,9635352.989745036,12779025.698278872,OOS
2026-03-16,9635352.989745036,12546680.05207966,OOS
2026-03-17,9635352.989745036,12593148.612919917,OOS
2026-03-25,9635352.989745036,12825495.206451772,OOS
2026-03-26,9635352.989745036,12779025.698278872,OOS
2026-03-27,9635352.989745036,12453741.035733862,OOS
2026-03-30,9635352.989745036,12513885.290619008,OOS
2026-03-31,9635352.989745036,12513885.290619008,OOS
2026-04-01,9635352.989745036,12610892.153336985,OOS
2026-04-02,9635352.989745036,12756402.44741395,OOS
2026-04-06,9635352.989745036,12610892.153336985,OOS
2026-04-07,9635352.989745036,12610892.153336985,OOS
2026-04-08,9635352.989745036,13095926.466926869,OOS
2026-04-09,9635352.989745036,12562388.721977996,OOS
2026-04-10,9635352.989745036,12998919.604208892,OOS
2026-04-13,9635352.989745036,12756402.44741395,OOS
2026-04-14,9635352.989745036,13095926.466926869,OOS
2026-04-15,9635352.989745036,12707899.016054962,OOS
2026-04-16,9635352.989745036,12659395.584695973,OOS
2026-04-17,9635352.989745036,12465381.859260019,OOS
2026-04-20,9635352.989745036,12562388.721977996,OOS
2026-04-21,9635352.989745036,12610892.153336985,OOS
2026-04-22,9635352.989745036,12513885.290619008,OOS
2026-04-23,9635352.989745036,12465381.859260019,OOS
2026-04-24,9613564.368495036,11737830.388875194,OOS
2026-04-27,9501064.368495036,11592320.09479823,OOS
2026-04-28,9538564.368495036,11640823.526157217,OOS
2026-04-29,9501064.368495036,11592320.09479823,OOS
2026-04-30,9313564.368495036,11349802.938003287,OOS
2026-05-04,9388564.368495036,11446809.800721264,OOS
2026-05-05,9463564.368495036,11543816.66343924,OOS
2026-05-06,9463564.368495036,11543816.66343924,OOS
2026-05-07,9844330.407870037,12077354.408388114,OOS
2026-05-08,9844330.407870037,11980347.545670137,OOS
2026-05-11,9844330.407870037,11931844.114311147,OOS
2026-05-12,9844330.407870037,11883340.68295216,OOS
2026-05-13,9844330.407870037,11834837.25159317,OOS
2026-05-14,9844330.407870037,11834837.25159317,OOS
2026-05-15,9844330.407870037,11834837.25159317,OOS
2026-05-18,9844330.407870037,11883340.68295216,OOS
2026-05-19,9844330.407870037,11543816.66343924,OOS
2026-05-20,9844330.407870037,11592320.09479823,OOS
2026-05-21,9844330.407870037,11543816.66343924,OOS
2026-05-22,9844330.407870037,11446809.800721264,OOS
2026-05-25,9844330.407870037,11834837.25159317,OOS
2026-05-26,9844330.407870037,11592320.09479823,OOS
2026-05-27,9844330.407870037,11592320.09479823,OOS
2026-05-28,9844330.407870037,11592320.09479823,OOS
2026-05-29,9821065.202370038,11058782.349849356,OOS
2026-06-02,10033565.202370038,11301299.506644297,OOS
2026-06-03,9523565.202370038,10719258.330336437,OOS
2026-06-04,9452676.526867837,10525244.604900483,OOS
2026-06-05,9430743.848617839,9846196.565874647,OOS
2026-06-08,9025743.848617839,9409665.68364375,OOS
2026-06-09,9565743.848617839,9991706.85995161,OOS
2026-06-10,10431180.595117839,10961775.48713138,OOS
2026-06-11,10431180.595117839,11301299.506644297,OOS
2026-06-12,10431180.595117839,11495313.232080251,OOS
2026-06-15,10431180.595117839,12174361.271106089,OOS
2026-06-17,10431180.595117839,12174361.271106089,OOS
2026-06-18,10431180.595117839,11786333.820234183,OOS
2026-06-19,10431180.595117839,12222864.702465076,OOS
2026-06-22,10431180.595117839,12077354.408388114,OOS
2026-06-23,10431180.595117839,11883340.68295216,OOS
2026-06-24,10431180.595117839,11495313.232080251,OOS
2026-06-25,10431180.595117839,11689326.957516206,OOS
2026-06-26,10431180.595117839,11980347.545670137,OOS
2026-06-29,10431180.595117839,11495313.232080251,OOS
2026-06-30,10431180.595117839,10767761.761695426,OOS
