Date,Equity,BuyHold,phase
2018-02-06,10000000.0,10000000.0,IS
2018-02-07,10000000.0,10029671.516766425,IS
2018-02-08,10000000.0,9940648.374052627,IS
2018-02-09,10000000.0,9732935.345422225,IS
2018-02-12,10000000.0,9732935.345422225,IS
2018-02-13,10000000.0,9821955.62399785,IS
2018-02-14,10000000.0,9940648.374052627,IS
2018-02-15,10000000.0,9821955.62399785,IS
2018-02-16,10000000.0,9821955.62399785,IS
2018-02-19,10000000.0,10000000.0,IS
2018-02-20,10000000.0,9851630.00490245,IS
2018-02-21,10000000.0,9703261.91923035,IS
2018-02-22,9976679.896215526,9495547.935887221,IS
2018-02-23,10219500.208715526,9732935.345422225,IS
2018-02-26,10098090.052465526,9614241.640654722,IS
2018-02-27,10219500.208715526,9732935.345422225,IS
2018-02-28,10067736.536840526,9584567.259750122,IS
2018-03-01,10067736.536840526,9584567.259750122,IS
2018-03-02,10158794.154028026,9673587.53832575,IS
2018-03-05,10125165.571474852,9673587.53832575,IS
2018-03-06,10125165.571474852,9554893.833558248,IS
2018-03-07,10101215.100612557,9287831.088405922,IS
2018-03-08,10133085.266628182,9317504.514597796,IS
2018-03-09,10037474.768581307,9228484.23602217,IS
2018-03-12,10069344.934596932,9258157.662214046,IS
2018-03-13,9941865.295925057,9139464.912159268,IS
2018-03-14,9793667.915503977,8991096.826487169,IS
2018-03-15,9793667.915503977,8842726.831389617,IS
2018-03-16,9793667.915503977,8842726.831389617,IS
2018-03-19,9793667.915503977,8635013.802759215,IS
2018-03-20,9793667.915503977,8664686.274238365,IS
2018-03-21,9793667.915503977,8664686.274238365,IS
2018-03-22,9793667.915503977,8724033.126622116,IS
2018-03-23,9793667.915503977,8635013.802759215,IS
2018-03-26,9793667.915503977,8575665.99566274,IS
2018-03-27,9793667.915503977,8664686.274238365,IS
2018-03-28,9793667.915503977,8427297.909990638,IS
2018-03-29,9793667.915503977,8664686.274238365,IS
2018-03-30,9793667.915503977,8664686.274238365,IS
2018-04-02,9793667.915503977,8961423.400295293,IS
2018-04-03,9793667.915503977,9109789.576541945,IS
2018-04-04,9793667.915503977,8991096.826487169,IS
2018-04-05,9793667.915503977,9020769.297966318,IS
2018-04-06,9793667.915503977,8931749.019390693,IS
2018-04-09,9793667.915503977,9198810.809830295,IS
2018-04-10,9793667.915503977,9287831.088405922,IS
2018-04-11,9793667.915503977,9436201.083503472,IS
2018-04-12,9793667.915503977,9169138.338351144,IS
2018-04-13,9793667.915503977,8931749.019390693,IS
2018-04-16,9793667.915503977,8931749.019390693,IS
2018-04-17,9793667.915503977,8931749.019390693,IS
2018-04-18,9793667.915503977,8931749.019390693,IS
2018-04-19,9793667.915503977,8931749.019390693,IS
2018-04-20,9793667.915503977,8931749.019390693,IS
2018-04-23,9793667.915503977,8872401.212294217,IS
2018-04-24,9793667.915503977,8694361.609855691,IS
2018-04-25,9793667.915503977,8694361.609855691,IS
2018-04-26,9793667.915503977,8694361.609855691,IS
2018-04-27,9793667.915503977,8694361.609855691,IS
2018-04-30,9793667.915503977,8486646.671799839,IS
2018-05-01,9793667.915503977,8486646.671799839,IS
2018-05-02,9793667.915503977,8753705.598101268,IS
2018-05-03,9793667.915503977,8635013.802759215,IS
2018-05-04,9793667.915503977,8761909.444543364,IS
2018-05-07,9793667.915503977,8550415.753523726,IS
2018-05-08,9793667.915503977,8399346.78555386,IS
2018-05-09,9793667.915503977,8580629.547117699,IS
2018-05-10,9793667.915503977,8580629.547117699,IS
2018-05-11,9793667.915503977,8520201.959929751,IS
2018-05-14,9793667.915503977,8489987.211623054,IS
2018-05-15,9793667.915503977,8369134.901385335,IS
2018-05-16,9793667.915503977,8338920.153078638,IS
2018-05-17,9770713.759055408,8127426.462059,IS
2018-05-18,9486388.051047595,7885718.500089027,IS
2018-05-21,9486388.051047595,7885718.500089027,IS
2018-05-22,10057000.110567268,8399346.78555386,IS
2018-05-23,10057000.110567268,8459775.327454532,IS
2018-05-24,10057000.110567268,8731696.605662115,IS
2018-05-25,10057000.110567268,8761909.444543364,IS
2018-05-28,10057000.110567268,8671268.063761443,IS
2018-05-29,10057000.110567268,8671268.063761443,IS
2018-05-30,10057000.110567268,8459775.327454532,IS
2018-05-31,10057000.110567268,8338920.153078638,IS
2018-06-01,10057000.110567268,8338920.153078638,IS
2018-06-04,10057000.110567268,8459775.327454532,IS
2018-06-05,10057000.110567268,8459775.327454532,IS
2018-06-06,10057000.110567268,8429562.488573283,IS
2018-06-07,10057000.110567268,8429562.488573283,IS
2018-06-08,10057000.110567268,8338920.153078638,IS
2018-06-11,10057000.110567268,8338920.153078638,IS
2018-06-12,10057000.110567268,8338920.153078638,IS
2018-06-13,10057000.110567268,8338920.153078638,IS
2018-06-14,10057000.110567268,8338920.153078638,IS
2018-06-15,10057000.110567268,8338920.153078638,IS
2018-06-18,10057000.110567268,8338920.153078638,IS
2018-06-19,10057000.110567268,8338920.153078638,IS
2018-06-20,10057000.110567268,8399346.78555386,IS
2018-06-21,10033226.029341994,8066999.829583779,IS
2018-06-22,9921969.388716994,7976360.358227309,IS
2018-06-25,9921969.388716994,7976360.358227309,IS
2018-06-26,10070312.357466994,8097213.623177751,IS
2018-06-27,9721968.598526657,7764865.235138584,IS
2018-06-28,9721968.598526657,7674223.854356664,IS
2018-06-29,9721968.598526657,7976360.358227309,IS
2018-07-02,9721968.598526657,7553372.021475308,IS
2018-07-03,9721968.598526657,7372089.737267831,IS
2018-07-04,9721968.598526657,7553372.021475308,IS
2018-07-05,9721968.598526657,7613797.699237806,IS
2018-07-06,9721968.598526657,7613797.699237806,IS
2018-07-09,9721968.598526657,7644010.060762691,IS
2018-07-10,9721968.598526657,7674223.854356664,IS
2018-07-11,9721968.598526657,8006572.242395833,IS
2018-07-12,9721968.598526657,8066999.829583779,IS
2018-07-13,9721968.598526657,8218065.933415471,IS
2018-07-16,9721968.598526657,8097213.623177751,IS
2018-07-17,9721968.598526657,8006572.242395833,IS
2018-07-18,9721968.598526657,8036786.035989806,IS
2018-07-19,9721968.598526657,8097213.623177751,IS
2018-07-20,9721968.598526657,8066999.829583779,IS
2018-07-23,9721968.598526657,8066999.829583779,IS
2018-07-24,9721968.598526657,8036786.035989806,IS
2018-07-25,9721968.598526657,8308708.268910115,IS
2018-07-26,9721968.598526657,8066999.829583779,IS
2018-07-27,9721968.598526657,8429562.488573283,IS
2018-07-30,9721968.598526657,8580629.547117699,IS
2018-07-31,9721968.598526657,8641055.224880196,IS
2018-08-01,9721968.598526657,9033828.813325498,IS
2018-08-02,9721968.598526657,8822336.077018585,IS
2018-08-03,9721968.598526657,8610842.385998948,IS
2018-08-06,9721968.598526657,8973403.135563001,IS
2018-08-07,9721968.598526657,8912976.50308778,IS
2018-08-08,9721968.598526657,8973403.135563001,IS
2018-08-09,9721968.598526657,9064044.51634492,IS
2018-08-10,9721968.598526657,8943190.296681752,IS
2018-08-13,9721968.598526657,8580629.547117699,IS
2018-08-14,9699685.965166945,8248279.727009444,IS
2018-08-15,9903660.769854445,8429562.488573283,IS
2018-08-16,10073637.625323195,8580629.547117699,IS
2018-08-17,10073637.625323195,8580629.547117699,IS
2018-08-20,10447383.434822146,8943190.296681752,IS
2018-08-21,10447383.434822146,9033828.813325498,IS
2018-08-22,10447383.434822146,9033828.813325498,IS
2018-08-23,10447383.434822146,8973403.135563001,IS
2018-08-24,10447383.434822146,8912976.50308778,IS
2018-08-27,10447383.434822146,9154687.806552289,IS
2018-08-28,10447383.434822146,8882762.709493807,IS
2018-08-29,10447383.434822146,9033828.813325498,IS
2018-08-30,10447383.434822146,9033828.813325498,IS
2018-08-31,10447383.434822146,8761909.444543364,IS
2018-09-03,10447383.434822146,8580629.547117699,IS
2018-09-04,10447383.434822146,8550415.753523726,IS
2018-09-05,10423253.189546052,8187853.094534222,IS
2018-09-06,10460338.345796052,8218065.933415471,IS
2018-09-07,11016627.408296052,8671268.063761443,IS
2018-09-10,10980454.381141325,8671268.063761443,IS
2018-09-11,10980454.381141325,8671268.063761443,IS
2018-09-12,10980454.381141325,8610842.385998948,IS
2018-09-13,10980454.381141325,8550415.753523726,IS
2018-09-14,10980454.381141325,8731696.605662115,IS
2018-09-17,10980454.381141325,8399346.78555386,IS
2018-09-18,10980454.381141325,8489987.211623054,IS
2018-09-19,10980454.381141325,8943190.296681752,IS
2018-09-20,10980454.381141325,9064044.51634492,IS
2018-09-21,10980454.381141325,8761909.444543364,IS
2018-09-24,10980454.381141325,8610842.385998948,IS
2018-09-25,10980454.381141325,8701482.812068142,IS
2018-09-26,10980454.381141325,8882762.709493807,IS
2018-09-27,10980454.381141325,8912976.50308778,IS
2018-09-28,10980454.381141325,8882762.709493807,IS
2018-10-01,10980454.381141325,8852549.870612558,IS
2018-10-02,10980454.381141325,8701482.812068142,IS
2018-10-03,10980454.381141325,8701482.812068142,IS
2018-10-04,10980454.381141325,8550415.753523726,IS
2018-10-05,10980454.381141325,8471187.963363854,IS
2018-10-08,10980454.381141325,8349299.789819994,IS
2018-10-09,10980454.381141325,8562602.661452662,IS
2018-10-10,10980454.381141325,8471187.963363854,IS
2018-10-11,10980454.381141325,8196941.004959255,IS
2018-10-12,10980454.381141325,8349299.789819994,IS
2018-10-15,10980454.381141325,8349299.789819994,IS
2018-10-16,10980454.381141325,8501660.484106181,IS
2018-10-17,10980454.381141325,8562602.661452662,IS
2018-10-18,10980454.381141325,8562602.661452662,IS
2018-10-19,10980454.381141325,8897794.661341915,IS
2018-10-22,10980454.381141325,8867324.050025037,IS
2018-10-23,10980454.381141325,8958738.748113846,IS
2018-10-24,10980454.381141325,8897794.661341915,IS
2018-10-25,10980454.381141325,8989211.268856173,IS
2018-10-26,10980454.381141325,9050155.355628103,IS
2018-10-29,10980454.381141325,9141570.053716911,IS
2018-10-30,10980454.381141325,9385345.446091907,IS
2018-10-31,10980454.381141325,9629120.838466903,IS
2018-11-01,10980454.381141325,9811952.144069968,IS
2018-11-02,10980454.381141325,9964309.974217983,IS
2018-11-05,10980454.381141325,10055726.581732241,IS
2018-11-06,10980454.381141325,9872897.185554624,IS
2018-11-07,10980454.381141325,10025255.015702637,IS
2018-11-08,10980454.381141325,9994783.449673034,IS
2018-11-09,10980454.381141325,9964309.974217983,IS
2018-11-12,10980454.381141325,9598648.317724576,IS
2018-11-13,10980454.381141325,9751008.057298038,IS
2018-11-14,10980454.381141325,9964309.974217983,IS
2018-11-15,10980454.381141325,10390918.581621494,IS
2018-11-16,10980454.381141325,10421390.147651097,IS
2018-11-19,10980454.381141325,10360446.060879167,IS
2018-11-20,10980454.381141325,10360446.060879167,IS
2018-11-21,10980454.381141325,10299501.974107238,IS
2018-11-22,10980454.381141325,10299501.974107238,IS
2018-11-23,10980454.381141325,10238557.887335306,IS
2018-11-26,10980454.381141325,10147141.279821048,IS
2018-11-27,10980454.381141325,10238557.887335306,IS
2018-11-28,10980454.381141325,10238557.887335306,IS
2018-11-29,10980454.381141325,10329974.494849563,IS
2018-11-30,10980454.381141325,10421390.147651097,IS
2018-12-03,10980454.381141325,10482334.234423028,IS
2018-12-04,10980454.381141325,10390918.581621494,IS
2018-12-05,10980454.381141325,10147141.279821048,IS
2018-12-06,10954995.204061305,9872897.185554624,IS
2018-12-07,11118632.16695193,10025255.015702637,IS
2018-12-10,11020447.938436305,9933838.40818838,IS
2018-12-11,11020447.938436305,9933838.40818838,IS
2018-12-12,11151359.559530055,10055726.581732241,IS
2018-12-13,11375587.085259976,10299501.974107238,IS
2018-12-14,11375587.085259976,10299501.974107238,IS
2018-12-17,11375587.085259976,10116673.532642344,IS
2018-12-18,11375587.085259976,10208085.366592979,IS
2018-12-19,11375587.085259976,10269031.362790357,IS
2018-12-20,11375587.085259976,10329974.494849563,IS
2018-12-21,11375587.085259976,10269031.362790357,IS
2018-12-24,11375587.085259976,10269031.362790357,IS
2018-12-25,11375587.085259976,10269031.362790357,IS
2018-12-26,11375587.085259976,9903367.796871502,IS
2018-12-27,11375587.085259976,10025255.015702637,IS
2018-12-28,11375587.085259976,10025255.015702637,IS
2018-12-31,11375587.085259976,10025255.015702637,IS
2019-01-01,11375587.085259976,10025255.015702637,IS
2019-01-02,11375587.085259976,9994783.449673034,IS
2019-01-03,11375587.085259976,10208085.366592979,IS
2019-01-04,11375587.085259976,10177615.709988825,IS
2019-01-07,11375587.085259976,9933838.40818838,IS
2019-01-08,11375587.085259976,9964309.974217983,IS
2019-01-09,11375587.085259976,9994783.449673034,IS
2019-01-10,11375587.085259976,9994783.449673034,IS
2019-01-11,11375587.085259976,10116673.532642344,IS
2019-01-14,11375587.085259976,9933838.40818838,IS
2019-01-15,11375587.085259976,9933838.40818838,IS
2019-01-16,11375587.085259976,10055726.581732241,IS
2019-01-17,11375587.085259976,10086197.193049118,IS
2019-01-18,11375587.085259976,10329974.494849563,IS
2019-01-21,11375587.085259976,10147141.279821048,IS
2019-01-22,11375587.085259976,9994783.449673034,IS
2019-01-23,11375587.085259976,9964309.974217983,IS
2019-01-24,11375587.085259976,10269031.362790357,IS
2019-01-25,11375587.085259976,10269031.362790357,IS
2019-01-28,11375587.085259976,10208085.366592979,IS
2019-01-29,11375587.085259976,10208085.366592979,IS
2019-01-30,11375587.085259976,10177615.709988825,IS
2019-01-31,11375587.085259976,10299501.974107238,IS
2019-02-01,11375587.085259976,10299501.974107238,IS
2019-02-04,11375587.085259976,9994783.449673034,IS
2019-02-05,11375587.085259976,9994783.449673034,IS
2019-02-06,11375587.085259976,10025255.015702637,IS
2019-02-07,11375587.085259976,9994783.449673034,IS
2019-02-08,11375587.085259976,9933838.40818838,IS
2019-02-11,11375587.085259976,9751008.057298038,IS
2019-02-12,11349252.332359994,9324401.359319977,IS
2019-02-13,11385098.865563119,9354874.834775029,IS
2019-02-14,11277563.758141244,9263458.227260772,IS
2019-02-15,11277563.758141244,9263458.227260772,IS
2019-02-18,11671854.285484994,9598648.317724576,IS
2019-02-19,11528476.014000619,9476761.09889344,IS
2019-02-20,11528476.014000619,9476761.09889344,IS
2019-02-21,11420942.029625619,9385345.446091907,IS
2019-02-22,11313406.922203744,9293928.83857765,IS
2019-02-25,11349252.332359994,9324401.359319977,IS
2019-02-26,11277563.758141244,9263458.227260772,IS
2019-02-27,11277563.758141244,9263458.227260772,IS
2019-02-28,11233990.832251295,8714962.401026126,IS
2019-03-01,11233990.832251295,8806379.008540383,IS
2019-03-04,11233990.832251295,8714962.401026126,IS
2019-03-05,11233990.832251295,8897794.661341915,IS
2019-03-06,11233990.832251295,8928266.22737152,IS
2019-03-07,11233990.832251295,8928266.22737152,IS
2019-03-08,11233990.832251295,8714962.401026126,IS
2019-03-11,11233990.832251295,8806379.008540383,IS
2019-03-12,11233990.832251295,8745434.921768453,IS
2019-03-13,11233990.832251295,8684491.789709246,IS
2019-03-14,11233990.832251295,8775906.487798056,IS
2019-03-15,11233990.832251295,8928266.22737152,IS
2019-03-18,11233990.832251295,8928266.22737152,IS
2019-03-19,11233990.832251295,8867324.050025037,IS
2019-03-20,11233990.832251295,8867324.050025037,IS
2019-03-21,11233990.832251295,8836851.52928271,IS
2019-03-22,11233990.832251295,8806379.008540383,IS
2019-03-25,11233990.832251295,8593076.136907715,IS
2019-03-26,11233990.832251295,8654019.268966919,IS
2019-03-27,11233990.832251295,8745434.921768453,IS
2019-03-28,11233990.832251295,8654019.268966919,IS
2019-03-29,11233990.832251295,8897794.661341915,IS
2019-04-01,11233990.832251295,8958738.748113846,IS
2019-04-02,11233990.832251295,9050155.355628103,IS
2019-04-03,11233990.832251295,9050155.355628103,IS
2019-04-04,11233990.832251295,9202514.14048884,IS
2019-04-05,11233990.832251295,9324401.359319977,IS
2019-04-08,11233990.832251295,9172042.57445924,IS
2019-04-09,11233990.832251295,9354874.834775029,IS
2019-04-10,11233990.832251295,9324401.359319977,IS
2019-04-11,11233990.832251295,9172042.57445924,IS
2019-04-12,11233990.832251295,9172042.57445924,IS
2019-04-15,11233990.832251295,9263458.227260772,IS
2019-04-16,11233990.832251295,9446290.487576561,IS
2019-04-17,11233990.832251295,9446290.487576561,IS
2019-04-18,11233990.832251295,9568175.79698225,IS
2019-04-19,11233990.832251295,9568175.79698225,IS
2019-04-22,11233990.832251295,9172042.57445924,IS
2019-04-23,11233990.832251295,9324401.359319977,IS
2019-04-24,11233990.832251295,9324401.359319977,IS
2019-04-25,11233990.832251295,9202514.14048884,IS
2019-04-26,11233990.832251295,9324401.359319977,IS
2019-04-29,11233990.832251295,9263458.227260772,IS
2019-04-30,11233990.832251295,9293928.83857765,IS
2019-05-01,11233990.832251295,9293928.83857765,IS
2019-05-02,11233990.832251295,9111097.532974584,IS
2019-05-03,11233990.832251295,9050155.355628103,IS
2019-05-06,11233990.832251295,9050155.355628103,IS
2019-05-07,11233990.832251295,9366474.594378365,IS
2019-05-08,11233990.832251295,9210885.061657734,IS
2019-05-09,11233990.832251295,8899705.04150375,IS
2019-05-10,11233990.832251295,8930822.948047874,IS
2019-05-13,11233990.832251295,8744115.508783119,IS
2019-05-14,11233990.832251295,8712998.556951717,IS
2019-05-15,11233990.832251295,8650762.743863465,IS
2019-05-16,11233990.832251295,8432937.398054581,IS
2019-05-17,11233990.832251295,8339585.587847652,IS
2019-05-20,11233990.832251295,8588526.930775212,IS
2019-05-21,11233990.832251295,8712998.556951717,IS
2019-05-22,11233990.832251295,8712998.556951717,IS
2019-05-23,11233990.832251295,8837470.183128221,IS
2019-05-24,11233990.832251295,8930822.948047874,IS
2019-05-27,11233990.832251295,8868588.089672348,IS
2019-05-28,11233990.832251295,8806352.276584094,IS
2019-05-29,11233990.832251295,8961940.854592001,IS
2019-05-30,11233990.832251295,8961940.854592001,IS
2019-05-31,11233990.832251295,9273119.920033263,IS
2019-06-03,11233990.832251295,9273119.920033263,IS
2019-06-04,11233990.832251295,9273119.920033263,IS
2019-06-05,11233990.832251295,9273119.920033263,IS
2019-06-06,11233990.832251295,9273119.920033263,IS
2019-06-07,11233990.832251295,9273119.920033263,IS
2019-06-10,11233990.832251295,9553182.03364312,IS
2019-06-11,11233990.832251295,9490944.31112942,IS
2019-06-12,11233990.832251295,9335355.733121514,IS
2019-06-13,11233990.832251295,9335355.733121514,IS
2019-06-14,11233990.832251295,9242002.96820186,IS
2019-06-17,11233990.832251295,9179767.155113608,IS
2019-06-18,11233990.832251295,9335355.733121514,IS
2019-06-20,11233990.832251295,9459828.314010743,IS
2019-06-21,11233990.832251295,9273119.920033263,IS
2019-06-24,11233990.832251295,9148649.248569483,IS
2019-06-25,11233990.832251295,9148649.248569483,IS
2019-06-26,11233990.832251295,9024177.622392979,IS
2019-06-27,11233990.832251295,9179767.155113608,IS
2019-06-28,11233990.832251295,9273119.920033263,IS
2019-07-01,11233990.832251295,9179767.155113608,IS
2019-07-02,11233990.832251295,9086412.480768505,IS
2019-07-03,11233990.832251295,9055296.483649828,IS
2019-07-04,11233990.832251295,9024177.622392979,IS
2019-07-05,11233990.832251295,8899705.04150375,IS
2019-07-08,11233990.832251295,9086412.480768505,IS
2019-07-09,11233990.832251295,9055296.483649828,IS
2019-07-10,11233990.832251295,9273119.920033263,IS
2019-07-11,11233990.832251295,9366474.594378365,IS
2019-07-12,11233990.832251295,9273119.920033263,IS
2019-07-15,11233990.832251295,9242002.96820186,IS
2019-07-16,11233990.832251295,9273119.920033263,IS
2019-07-17,11233990.832251295,8837470.183128221,IS
2019-07-18,11233990.832251295,8899705.04150375,IS
2019-07-19,11233990.832251295,8837470.183128221,IS
2019-07-22,11233990.832251295,8837470.183128221,IS
2019-07-23,11233990.832251295,8899705.04150375,IS
2019-07-24,11233990.832251295,8930822.948047874,IS
2019-07-25,11233990.832251295,9086412.480768505,IS
2019-07-26,11233990.832251295,8806352.276584094,IS
2019-07-29,11233990.832251295,8930822.948047874,IS
2019-07-30,11233990.832251295,9055296.483649828,IS
2019-07-31,11233990.832251295,8712998.556951717,IS
2019-08-01,11233990.832251295,8744115.508783119,IS
2019-08-02,11233990.832251295,8806352.276584094,IS
2019-08-05,11233990.832251295,8619643.882606614,IS
2019-08-06,11233990.832251295,8401819.491510456,IS
2019-08-07,11233990.832251295,8370702.539679055,IS
2019-08-08,11233990.832251295,8588526.930775212,IS
2019-08-09,11233990.832251295,8432937.398054581,IS
2019-08-12,11233990.832251295,8401819.491510456,IS
2019-08-13,11233990.832251295,8308466.726590802,IS
2019-08-14,11233990.832251295,8308466.726590802,IS
2019-08-15,11233990.832251295,8121760.242038771,IS
2019-08-16,11233990.832251295,8090640.426069194,IS
2019-08-19,11233990.832251295,7997288.138505904,IS
2019-08-20,11233990.832251295,7997288.138505904,IS
2019-08-21,11233990.832251295,7903933.941517163,IS
2019-08-22,11233990.832251295,7872817.467042124,IS
2019-08-23,11233990.832251295,8183996.055127022,IS
2019-08-26,11233990.832251295,8183996.055127022,IS
2019-08-27,11233990.832251295,8121760.242038771,IS
2019-08-28,11233990.832251295,8028406.522406392,IS
2019-08-29,11233990.832251295,7997288.138505904,IS
2019-08-30,11233990.832251295,8308466.726590802,IS
2019-09-02,11233990.832251295,8152879.1032956205,IS
2019-09-03,11233990.832251295,8059523.474237793,IS
2019-09-04,11233990.832251295,8090640.426069194,IS
2019-09-05,11233990.832251295,8339585.587847652,IS
2019-09-06,11233990.832251295,8401819.491510456,IS
2019-09-09,11233990.832251295,8277349.774759401,IS
2019-09-10,11233990.832251295,8308466.726590802,IS
2019-09-11,11233990.832251295,8619643.882606614,IS
2019-09-12,11233990.832251295,8401819.491510456,IS
2019-09-13,11233990.832251295,8401819.491510456,IS
2019-09-16,11233990.832251295,8339585.587847652,IS
2019-09-17,11233990.832251295,8059523.474237793,IS
2019-09-18,11233990.832251295,8339585.587847652,IS
2019-09-19,11233990.832251295,8215113.006958423,IS
2019-09-20,11233990.832251295,8183996.055127022,IS
2019-09-23,11233990.832251295,8246230.913502551,IS
2019-09-24,11233990.832251295,8059523.474237793,IS
2019-09-25,11233990.832251295,8090640.426069194,IS
2019-09-26,11233990.832251295,8339585.587847652,IS
2019-09-27,11233990.832251295,8277349.774759401,IS
2019-09-30,11233990.832251295,8215113.006958423,IS
2019-10-01,11233990.832251295,8152879.1032956205,IS
2019-10-02,11233990.832251295,8028406.522406392,IS
2019-10-03,11233990.832251295,8059523.474237793,IS
2019-10-04,11233990.832251295,7997288.138505904,IS
2019-10-07,11233990.832251295,7943286.722666932,IS
2019-10-08,11233990.832251295,7974682.927970267,IS
2019-10-09,11233990.832251295,7880494.312060266,IS
2019-10-10,11233990.832251295,7880494.312060266,IS
2019-10-11,11233990.832251295,8131663.477130573,IS
2019-10-14,11233990.832251295,8068872.021236629,IS
2019-10-15,11233990.832251295,8037475.338576933,IS
2019-10-16,11233990.832251295,8006079.133273601,IS
2019-10-17,11233990.832251295,8320043.573088749,IS
2019-10-18,11233990.832251295,8414231.711642386,IS
2019-10-21,11233990.832251295,8445629.349014807,IS
2019-10-22,11233990.832251295,8477024.122249056,IS
2019-10-23,11233990.832251295,8477024.122249056,IS
2019-10-24,11233990.832251295,8728195.674101174,IS
2019-10-25,11233990.832251295,8539818.442281172,IS
2019-10-28,11233990.832251295,8665404.21820723,IS
2019-10-29,11233990.832251295,8759593.311473595,IS
2019-10-30,11233990.832251295,8728195.674101174,IS
2019-10-31,11233990.832251295,8728195.674101174,IS
2019-11-01,11233990.832251295,8539818.442281172,IS
2019-11-04,11233990.832251295,8414231.711642386,IS
2019-11-05,11233990.832251295,8665404.21820723,IS
2019-11-06,11233990.832251295,8602610.85288784,IS
2019-11-07,11233990.832251295,8445629.349014807,IS
2019-11-08,11233990.832251295,8320043.573088749,IS
2019-11-11,11233990.832251295,8351439.30103572,IS
2019-11-12,11233990.832251295,8508421.759621475,IS
2019-11-13,11233990.832251295,8445629.349014807,IS
2019-11-14,11233990.832251295,8257252.117194805,IS
2019-11-15,11233990.832251295,8194457.79716269,IS
2019-11-18,11233990.832251295,8288646.8904290525,IS
2019-11-19,11233990.832251295,8351439.30103572,IS
2019-11-20,11233990.832251295,8320043.573088749,IS
2019-11-21,11233990.832251295,8288646.8904290525,IS
2019-11-22,11233990.832251295,8320043.573088749,IS
2019-11-25,11233990.832251295,8163060.159790268,IS
2019-11-26,11207551.064166438,7974682.927970267,IS
2019-11-27,11337616.445025813,8068872.021236629,IS
2019-11-28,11294260.878619563,8037475.338576933,IS
2019-11-29,11467680.507525813,8163060.159790268,IS
2019-12-02,11688618.902989928,8351439.30103572,IS
2019-12-03,11688618.902989928,8194457.79716269,IS
2019-12-04,11688618.902989928,8225854.479822385,IS
2019-12-05,11688618.902989928,8414231.711642386,IS
2019-12-06,11688618.902989928,8508421.759621475,IS
2019-12-09,11688618.902989928,8382836.93840814,IS
2019-12-10,11688618.902989928,8351439.30103572,IS
2019-12-11,11688618.902989928,8225854.479822385,IS
2019-12-12,11688618.902989928,8225854.479822385,IS
2019-12-13,11688618.902989928,8602610.85288784,IS
2019-12-16,11688618.902989928,8759593.311473595,IS
2019-12-17,11688618.902989928,8728195.674101174,IS
2019-12-18,11688618.902989928,8665404.21820723,IS
2019-12-19,11688618.902989928,8602610.85288784,IS
2019-12-20,11688618.902989928,8696799.946154201,IS
2019-12-23,11688618.902989928,8665404.21820723,IS
2019-12-26,11688618.902989928,8634007.535547536,IS
2019-12-27,11688618.902989928,8696799.946154201,IS
2019-12-30,11688618.902989928,8696799.946154201,IS
2020-01-02,11688618.902989928,8634007.535547536,IS
2020-01-03,11688618.902989928,8728195.674101174,IS
2020-01-06,11688618.902989928,8477024.122249056,IS
2020-01-07,11688618.902989928,8508421.759621475,IS
2020-01-08,11688618.902989928,8508421.759621475,IS
2020-01-09,11688618.902989928,8634007.535547536,IS
2020-01-10,11688618.902989928,8571216.079653593,IS
2020-01-13,11688618.902989928,8696799.946154201,IS
2020-01-14,11688618.902989928,9010764.863325713,IS
2020-01-15,11688618.902989928,9042159.63655996,IS
2020-01-16,11688618.902989928,8947969.588580871,IS
2020-01-17,11688618.902989928,8885178.13268693,IS
2020-01-20,11688618.902989928,8790988.084707841,IS
2020-01-21,11688618.902989928,8822385.722080262,IS
2020-01-22,11688618.902989928,8790988.084707841,IS
2020-01-23,11688618.902989928,8853781.450027233,IS
2020-01-24,11688618.902989928,8759593.311473595,IS
2020-01-27,11688618.902989928,8445629.349014807,IS
2020-01-28,11688618.902989928,8571216.079653593,IS
2020-01-29,11688618.902989928,8571216.079653593,IS
2020-01-30,11688618.902989928,8320043.573088749,IS
2020-01-31,11661199.884235261,7974682.927970267,IS
2020-02-03,11526317.950641511,7880494.312060266,IS
2020-02-04,11751121.173297761,8037475.338576933,IS
2020-02-05,11751121.173297761,8037475.338576933,IS
2020-02-06,11930963.751422761,8163060.159790268,IS
2020-02-07,11751121.173297761,8037475.338576933,IS
2020-02-10,11452399.002296051,7786303.786724815,IS
2020-02-11,11452399.002296051,7660719.920224205,IS
2020-02-12,11452399.002296051,7503736.029569362,IS
2020-02-13,11452399.002296051,7472340.778978753,IS
2020-02-14,11452399.002296051,7660719.920224205,IS
2020-02-17,11452399.002296051,7660719.920224205,IS
2020-02-18,11452399.002296051,7660719.920224205,IS
2020-02-19,11452399.002296051,7849097.152044207,IS
2020-02-20,11452399.002296051,7880494.312060266,IS
2020-02-21,11452399.002296051,7786303.786724815,IS
2020-02-24,11452399.002296051,7660719.920224205,IS
2020-02-25,11452399.002296051,7817699.992028149,IS
2020-02-26,11452399.002296051,7597925.600192088,IS
2020-02-27,11452399.002296051,7472340.778978753,IS
2020-02-28,11452399.002296051,6938602.424683906,IS
2020-03-02,11452399.002296051,7158377.293876329,IS
2020-03-03,11452399.002296051,7409549.323084811,IS
2020-03-04,11452399.002296051,7503736.029569362,IS
2020-03-05,11452399.002296051,7597925.600192088,IS
2020-03-06,11452399.002296051,7126981.088572996,IS
2020-03-09,11452399.002296051,6310674.499766335,IS
2020-03-10,11452399.002296051,6467656.958352089,IS
2020-03-11,11452399.002296051,6436260.275692394,IS
2020-03-12,11452399.002296051,6166251.287072092,IS
2020-03-13,11452399.002296051,6166251.287072092,IS
2020-03-16,11452399.002296051,5764377.854292698,IS
2020-03-17,11452399.002296051,5362503.466800581,IS
2020-03-18,11452399.002296051,5211801.108516945,IS
2020-03-19,11452399.002296051,4847602.549273917,IS
2020-03-20,11452399.002296051,4747133.833061798,IS
2020-03-23,11452399.002296051,4420611.579424222,IS
2020-03-24,11452399.002296051,4119206.3855005866,IS
2020-03-26,11452399.002296051,4546197.832706644,IS
2020-03-27,11452399.002296051,5123891.160839975,IS
2020-03-30,11452399.002296051,4772250.892775737,IS
2020-03-31,11452399.002296051,4897837.146058158,IS
2020-04-01,11452399.002296051,4734576.019239371,IS
2020-04-02,11452399.002296051,4935512.496950886,IS
2020-04-03,11452399.002296051,4897837.146058158,IS
2020-04-06,11452399.002296051,5061097.795520584,IS
2020-04-07,11452399.002296051,5098773.146413311,IS
2020-04-08,11452399.002296051,4835043.780738766,IS
2020-04-09,11452399.002296051,5136448.974662402,IS
2020-04-13,11452399.002296051,4973188.325199977,IS
2020-04-14,11452399.002296051,4973188.325199977,IS
2020-04-15,11452399.002296051,4797368.429846038,IS
2020-04-16,11452399.002296051,4546197.832706644,IS
2020-04-17,11452399.002296051,4772250.892775737,IS
2020-04-20,11452399.002296051,4671783.608632703,IS
2020-04-21,11452399.002296051,4571313.937707859,IS
2020-04-22,11452399.002296051,4571313.937707859,IS
2020-04-23,11452399.002296051,4722016.773347858,IS
2020-04-24,11452399.002296051,4558756.123885432,IS
2020-04-27,11452399.002296051,4659225.317453915,IS
2020-04-28,11452399.002296051,4696900.19099028,IS
2020-04-29,11452399.002296051,4634106.825670889,IS
2020-04-30,11452399.002296051,4835043.780738766,IS
2020-05-04,11452399.002296051,4533638.109458769,IS
2020-05-05,11452399.002296051,4533638.109458769,IS
2020-05-06,11452399.002296051,4571313.937707859,IS
2020-05-08,11452399.002296051,4696900.19099028,IS
2020-05-11,11452399.002296051,4922953.728415735,IS
2020-05-12,11452399.002296051,4797368.429846038,IS
2020-05-13,11452399.002296051,4684341.42245513,IS
2020-05-14,11452399.002296051,4483404.467387252,IS
2020-05-15,11452399.002296051,4659225.317453915,IS
2020-05-18,11452399.002296051,4910395.437236947,IS
2020-05-19,11452399.002296051,4960630.034021188,IS
2020-05-20,11452399.002296051,4985747.093735128,IS
2020-05-26,11452399.002296051,5437854.645942399,IS
2020-05-27,11452399.002296051,5462972.183012701,IS
2020-05-28,11452399.002296051,5701584.4889733065,IS
2020-05-29,11452399.002296051,5990430.914361792,IS
2020-06-02,11452399.002296051,5940196.794933913,IS
2020-06-03,11452399.002296051,6141134.704714515,IS
2020-06-04,11452399.002296051,5977872.145826641,IS
2020-06-05,11452399.002296051,6279277.817106638,IS
2020-06-08,11452399.002296051,6310674.499766335,IS
2020-06-09,11452399.002296051,6279277.817106638,IS
2020-06-10,11452399.002296051,6090900.107930274,IS
2020-06-11,11452399.002296051,5902521.921397546,IS
2020-06-12,11452399.002296051,6015548.451432093,IS
2020-06-15,11452399.002296051,5952755.086112701,IS
2020-06-16,11452399.002296051,6241601.988857548,IS
2020-06-17,11452399.002296051,6241601.988857548,IS
2020-06-18,11452399.002296051,6028107.219967243,IS
2020-06-19,11452399.002296051,6141134.704714515,IS
2020-06-22,11452399.002296051,6141134.704714515,IS
2020-06-23,11452399.002296051,6153692.51853694,IS
2020-06-24,11452399.002296051,6279277.817106638,IS
2020-06-25,11452399.002296051,6353181.651758032,IS
2020-06-26,11452399.002296051,6353181.651758032,IS
2020-06-29,11452399.002296051,6223526.41284356,IS
2020-06-30,11452399.002296051,6223526.41284356,IS
2020-07-01,11452399.002296051,6236490.934286646,IS
2020-07-02,11452399.002296051,6314285.223290599,IS
2020-07-03,11452399.002296051,6288354.748335338,IS
2020-07-06,11452399.002296051,6275388.794823166,IS
2020-07-07,11452399.002296051,6262422.841310993,IS
2020-07-08,11452399.002296051,6366148.082626567,IS
2020-07-09,11452399.002296051,6353181.651758032,IS
2020-07-10,11452399.002296051,6262422.841310993,IS
2020-07-13,11452399.002296051,6353181.651758032,IS
2020-07-14,11452399.002296051,6418009.50989345,IS
2020-07-15,11452399.002296051,6677325.715998742,IS
2020-07-16,11452399.002296051,6806980.954913214,IS
2020-07-17,11452399.002296051,6742152.619421435,IS
2020-07-20,11452399.002296051,6612495.471081513,IS
2020-07-21,11452399.002296051,6969052.987033569,IS
2020-07-22,11452399.002296051,6871808.813048632,IS
2020-07-23,11452399.002296051,6709738.212997364,IS
2020-07-24,11452399.002296051,6547667.135589733,IS
2020-07-27,11452399.002296051,6644910.832218308,IS
2020-07-28,11452399.002296051,6709738.212997364,IS
2020-07-29,11452399.002296051,6580081.5420138035,IS
2020-07-30,11452399.002296051,6677325.715998742,IS
2020-08-03,11452399.002296051,6327250.69944641,IS
2020-08-04,11452399.002296051,6430976.89547471,IS
2020-08-05,11452399.002296051,6547667.135589733,IS
2020-08-06,11452399.002296051,6774566.07113278,IS
2020-08-07,11452399.002296051,6839395.838693647,IS
2020-08-10,11452399.002296051,6644910.832218308,IS
2020-08-11,11452399.002296051,6774566.07113278,IS
2020-08-12,11452399.002296051,7001465.9613885535,IS
2020-08-13,11452399.002296051,7001465.9613885535,IS
2020-08-14,11452399.002296051,6969052.987033569,IS
2020-08-18,11452399.002296051,6969052.987033569,IS
2020-08-19,11452399.002296051,6871808.813048632,IS
2020-08-24,11452399.002296051,6871808.813048632,IS
2020-08-25,11452399.002296051,6871808.813048632,IS
2020-08-26,11452399.002296051,6936638.580609498,IS
2020-08-27,11452399.002296051,6871808.813048632,IS
2020-08-28,11452399.002296051,6904222.74211634,IS
2020-08-31,11425603.630948668,6612495.471081513,IS
2020-09-01,11753848.894620543,6806980.954913214,IS
2020-09-02,11823846.594342493,6871808.813048632,IS
2020-09-03,11823846.594342493,6709738.212997364,IS
2020-09-04,11823846.594342493,6547667.135589733,IS
2020-09-07,11823846.594342493,6515253.683878387,IS
2020-09-08,11823846.594342493,6644910.832218308,IS
2020-09-09,11823846.594342493,6353181.651758032,IS
2020-09-10,11795532.336948682,5912349.734184109,IS
2020-09-11,11976562.415073682,6003108.54463115,IS
2020-09-14,12390350.891636182,6210559.981975024,IS
2020-09-15,12467935.754917432,6249456.887798819,IS
2020-09-16,12364488.635776807,6197594.0284628505,IS
2020-09-17,12528667.213666469,6301319.747134788,IS
2020-09-18,12528667.213666469,6197594.0284628505,IS
2020-09-21,12528667.213666469,6054972.358679842,IS
2020-09-22,12528667.213666469,6054972.358679842,IS
2020-09-23,12528667.213666469,6003108.54463115,IS
2020-09-24,12528667.213666469,5964212.593520079,IS
2020-09-25,12528667.213666469,6301319.747134788,IS
2020-09-28,12528667.213666469,6145731.169126882,IS
2020-09-29,12528667.213666469,5925315.210339921,IS
2020-09-30,12528667.213666469,5782692.108487826,IS
2020-10-01,12528667.213666469,5977178.069675889,IS
2020-10-02,12528667.213666469,5951246.640007905,IS
2020-10-05,12528667.213666469,5912349.734184109,IS
2020-10-06,12528667.213666469,5990143.5458317,IS
2020-10-07,12528667.213666469,6038398.545781578,IS
2020-10-08,12528667.213666469,6194901.2612232445,IS
2020-10-09,12528667.213666469,6181859.408049469,IS
2020-10-12,12528667.213666469,6129692.4727107305,IS
2020-10-13,12528667.213666469,6181859.408049469,IS
2020-10-14,12528667.213666469,6286195.188152397,IS
2020-10-15,12528667.213666469,6181859.408049469,IS
2020-10-16,12528667.213666469,6429655.573063926,IS
2020-10-19,12528667.213666469,6520948.545280354,IS
2020-10-20,12528667.213666469,6749181.691855967,IS
2020-10-21,12528667.213666469,6846995.829337464,IS
2020-10-22,12528667.213666469,6846995.829337464,IS
2020-10-23,12528667.213666469,7042623.626944093,IS
2020-10-26,12528667.213666469,7042623.626944093,IS
2020-10-27,12528667.213666469,7075230.885338525,IS
2020-11-02,12528667.213666469,7042623.626944093,IS
2020-11-03,12528667.213666469,7173043.590750934,IS
2020-11-04,12528667.213666469,7042623.626944093,IS
2020-11-05,12528667.213666469,7173043.590750934,IS
2020-11-06,12528667.213666469,7596905.489645902,IS
2020-11-09,12528667.213666469,7303463.554557774,IS
2020-11-10,12528667.213666469,7499089.920095319,IS
2020-11-11,12528667.213666469,7825139.113577877,IS
2020-11-12,12528667.213666469,7825139.113577877,IS
2020-11-13,12528667.213666469,7694721.059196485,IS
2020-11-16,12528667.213666469,7727324.021383656,IS
2020-11-17,12528667.213666469,7564299.185964195,IS
2020-11-18,12528667.213666469,7531696.223777025,IS
2020-11-19,12528667.213666469,7466486.957908148,IS
2020-11-20,12528667.213666469,7466486.957908148,IS
2020-11-23,12528667.213666469,7564299.185964195,IS
2020-11-24,12528667.213666469,7564299.185964195,IS
2020-11-25,12528667.213666469,7238254.288688898,IS
2020-11-26,12528667.213666469,7368672.343070289,IS
2020-11-27,12528667.213666469,7238254.288688898,IS
2020-11-30,12528667.213666469,6912205.09520634,IS
2020-12-01,12528667.213666469,7238254.288688898,IS
2020-12-02,12528667.213666469,7466486.957908148,IS
2020-12-03,12528667.213666469,7336066.516744946,IS
2020-12-04,12528667.213666469,7433881.131582803,IS
2020-12-07,12528667.213666469,7629509.8839021595,IS
2020-12-08,12528667.213666469,7433881.131582803,IS
2020-12-10,12528667.213666469,7596905.489645902,IS
2020-12-11,12528667.213666469,7401276.737326547,IS
2020-12-14,12528667.213666469,7401276.737326547,IS
2020-12-15,12528667.213666469,7759928.892996275,IS
2020-12-16,12528667.213666469,7988163.471640974,IS
2020-12-17,12528667.213666469,8085975.699697022,IS
2020-12-18,12528667.213666469,8085975.699697022,IS
2020-12-21,12528667.213666469,8020766.911184507,IS
2020-12-22,12528667.213666469,7922952.773703011,IS
2020-12-23,12528667.213666469,7825139.113577877,IS
2020-12-28,12528667.213666469,7922952.773703011,IS
2020-12-29,12528667.213666469,7890347.902090391,IS
2020-12-30,12528667.213666469,7857743.030477772,IS
2021-01-04,12528667.213666469,8118582.003378728,IS
2021-01-05,12528667.213666469,8053372.260153489,IS
2021-01-06,12528667.213666469,8020766.911184507,IS
2021-01-07,12528667.213666469,7922952.773703011,IS
2021-01-08,12528667.213666469,8379419.066854236,IS
2021-01-11,12528667.213666469,8509837.598591989,IS
2021-01-12,12528667.213666469,8509837.598591989,IS
2021-01-13,12528667.213666469,8835885.36000546,IS
2021-01-14,12528667.213666469,8835885.36000546,IS
2021-01-15,12528667.213666469,8575048.296529954,IS
2021-01-18,12528667.213666469,8705466.828267707,IS
2021-01-19,12528667.213666469,8705466.828267707,IS
2021-01-20,12528667.213666469,8705466.828267707,IS
2021-01-21,12528667.213666469,8868490.708974443,IS
2021-01-22,12528667.213666469,8738071.222523965,IS
2021-01-25,12528667.213666469,8444627.855366752,IS
2021-01-26,12528667.213666469,8281605.884085464,IS
2021-01-27,12528667.213666469,8183789.837178519,IS
2021-01-28,12528667.213666469,8183789.837178519,IS
2021-01-29,12528667.213666469,7955556.690602906,IS
2021-02-01,12528667.213666469,7857743.030477772,IS
2021-02-02,12528667.213666469,7792532.80989617,IS
2021-02-03,12528667.213666469,8020766.911184507,IS
2021-02-04,12528667.213666469,8085975.699697022,IS
2021-02-05,12528667.213666469,7955556.690602906,IS
2021-02-08,12528667.213666469,7955556.690602906,IS
2021-02-09,12528667.213666469,7596905.489645902,IS
2021-02-10,12528667.213666469,7694721.059196485,IS
2021-02-11,12528667.213666469,7629509.8839021595,IS
2021-02-15,12528667.213666469,7759928.892996275,IS
2021-02-16,12528667.213666469,7727324.021383656,IS
2021-02-17,12528667.213666469,7564299.185964195,IS
2021-02-18,12528667.213666469,7466486.957908148,IS
2021-02-19,12528667.213666469,7531696.223777025,IS
2021-02-22,12528667.213666469,7433881.131582803,IS
2021-02-23,12528667.213666469,7466486.957908148,IS
2021-02-24,12528667.213666469,7336066.516744946,IS
2021-02-25,12528667.213666469,7270858.205588792,IS
2021-02-26,12528667.213666469,7042623.626944093,IS
2021-03-01,12528667.213666469,7303463.554557774,IS
2021-03-02,12528667.213666469,7270858.205588792,IS
2021-03-03,12528667.213666469,7401276.737326547,IS
2021-03-04,12528667.213666469,7270858.205588792,IS
2021-03-05,12528667.213666469,7173043.590750934,IS
2021-03-08,12528667.213666469,7238254.288688898,IS
2021-03-09,12528667.213666469,7205647.030294467,IS
2021-03-10,12528667.213666469,7075230.885338525,IS
2021-03-12,12528667.213666469,7140438.241781952,IS
2021-03-15,12528667.213666469,7205647.030294467,IS
2021-03-16,12528667.213666469,7238254.288688898,IS
2021-03-17,12528667.213666469,7270858.205588792,IS
2021-03-18,12528667.213666469,7466486.957908148,IS
2021-03-19,12528667.213666469,7531696.223777025,IS
2021-03-22,12528667.213666469,7270858.205588792,IS
2021-03-23,12528667.213666469,7270858.205588792,IS
2021-03-24,12528667.213666469,7107835.279594782,IS
2021-03-25,12528667.213666469,7107835.279594782,IS
2021-03-26,12528667.213666469,7303463.554557774,IS
2021-03-29,12528667.213666469,7205647.030294467,IS
2021-03-30,12528667.213666469,7042623.626944093,IS
2021-03-31,12528667.213666469,6879601.655662807,IS
2021-04-01,12528667.213666469,6977414.838431579,IS
2021-04-05,12528667.213666469,6977414.838431579,IS
2021-04-06,12528667.213666469,6977414.838431579,IS
2021-04-07,12528667.213666469,6944809.489462596,IS
2021-04-08,12528667.213666469,6912205.09520634,IS
2021-04-09,12528667.213666469,6879601.655662807,IS
2021-04-12,12499408.196632959,6618762.205405489,IS
2021-04-13,12499408.196632959,6618762.205405489,IS
2021-04-14,12919630.852882959,6846995.829337464,IS
2021-04-15,12919630.852882959,6846995.829337464,IS
2021-04-16,12876786.50228019,6846995.829337464,IS
2021-04-19,12876786.50228019,6781786.563468586,IS
2021-04-20,12876786.50228019,6912205.09520634,IS
2021-04-21,12876786.50228019,6814390.480368481,IS
2021-04-22,12876786.50228019,7107835.279594782,IS
2021-04-23,12876786.50228019,7336066.516744946,IS
2021-04-26,12876786.50228019,7336066.516744946,IS
2021-04-27,12876786.50228019,7205647.030294467,IS
2021-04-28,12876786.50228019,6977414.838431579,IS
2021-04-29,12876786.50228019,7075230.885338525,IS
2021-04-30,12876786.50228019,7173043.590750934,IS
2021-05-03,12876786.50228019,7188944.331178388,IS
2021-05-04,12876786.50228019,7288331.83522995,IS
2021-05-05,12876786.50228019,7321459.889415625,IS
2021-05-06,12876786.50228019,7188944.331178388,IS
2021-05-07,12876786.50228019,7056430.205010237,IS
2021-05-10,12876786.50228019,7122688.222807037,IS
2021-05-11,12876786.50228019,6923916.556198448,IS
2021-05-17,12876786.50228019,6857657.106332562,IS
2021-05-18,12876786.50228019,6824528.097434161,IS
2021-05-19,12876786.50228019,6692013.971266011,IS
2021-05-20,12876786.50228019,6857657.106332562,IS
2021-05-21,12876786.50228019,6692013.971266011,IS
2021-05-24,12876786.50228019,6758270.556993724,IS
2021-05-25,12876786.50228019,6725142.9801644115,IS
2021-05-27,12876786.50228019,6824528.097434161,IS
2021-05-28,12876786.50228019,6824528.097434161,IS
2021-05-31,12876786.50228019,6957044.133027762,IS
2021-06-02,12876786.50228019,7056430.205010237,IS
2021-06-03,12876786.50228019,7089560.168621361,IS
2021-06-04,12876786.50228019,6923916.556198448,IS
2021-06-07,12876786.50228019,6957044.133027762,IS
2021-06-08,12876786.50228019,6990173.141926161,IS
2021-06-09,12876786.50228019,7056430.205010237,IS
2021-06-10,12876786.50228019,7155816.276992712,IS
2021-06-11,12876786.50228019,6990173.141926161,IS
2021-06-14,12876786.50228019,6857657.106332562,IS
2021-06-15,12876786.50228019,6824528.097434161,IS
2021-06-16,12876786.50228019,6824528.097434161,IS
2021-06-17,12876786.50228019,6758270.556993724,IS
2021-06-18,12876786.50228019,6625756.908181936,IS
2021-06-21,12876786.50228019,6519744.652534691,IS
2021-06-22,12876786.50228019,6519744.652534691,IS
2021-06-23,12876786.50228019,6532995.110438781,IS
2021-06-24,12876786.50228019,6546247.477768321,IS
2021-06-25,12876786.50228019,6519744.652534691,IS
2021-06-28,12876786.50228019,6241462.1234434005,IS
2021-06-29,12876786.50228019,6413731.4421747215,IS
2021-06-30,12876786.50228019,6546247.477768321,IS
2021-07-01,12876786.50228019,6658884.962367612,IS
2021-07-02,12876786.50228019,6625756.908181936,IS
2021-07-05,12876786.50228019,6546247.477768321,IS
2021-07-06,12876786.50228019,6493241.827301061,IS
2021-07-07,12876786.50228019,6493241.827301061,IS
2021-07-08,12876786.50228019,6466737.5699983435,IS
2021-07-09,12876786.50228019,6506493.239917875,IS
2021-07-12,12876786.50228019,6519744.652534691,IS
2021-07-13,12876786.50228019,6493241.827301061,IS
2021-07-14,12876786.50228019,6267964.94867703,IS
2021-07-15,12876786.50228019,6373977.681680638,IS
2021-07-16,12876786.50228019,6466737.5699983435,IS
2021-07-19,12876786.50228019,6334223.443830192,IS
2021-07-21,12876786.50228019,6453486.157381528,IS
2021-07-22,12876786.50228019,6599253.128235581,IS
2021-07-23,12876786.50228019,6559499.367741498,IS
2021-07-26,12876786.50228019,6320971.076500653,IS
2021-07-27,12876786.50228019,6307719.663883839,IS
2021-07-28,12876786.50228019,6241462.1234434005,IS
2021-07-29,12876786.50228019,6161952.6930297855,IS
2021-07-30,12876786.50228019,6254713.536060216,IS
2021-08-02,12876786.50228019,6387229.571653815,IS
2021-08-03,12876786.50228019,6546247.477768321,IS
2021-08-04,12876786.50228019,6493241.827301061,IS
2021-08-05,12876786.50228019,6479989.937327883,IS
2021-08-06,12876786.50228019,6546247.477768321,IS
2021-08-09,12876786.50228019,6440235.699477438,IS
2021-08-10,12876786.50228019,6506493.239917875,IS
2021-08-12,12876786.50228019,6546247.477768321,IS
2021-08-13,12876786.50228019,6658884.962367612,IS
2021-08-16,12876786.50228019,6725142.9801644115,IS
2021-08-18,12876786.50228019,6923916.556198448,IS
2021-08-19,12876786.50228019,6824528.097434161,IS
2021-08-20,12876786.50228019,6758270.556993724,IS
2021-08-23,12876786.50228019,6758270.556993724,IS
2021-08-24,12876786.50228019,6725142.9801644115,IS
2021-08-25,12876786.50228019,6824528.097434161,IS
2021-08-26,12876786.50228019,6758270.556993724,IS
2021-08-27,12876786.50228019,6692013.971266011,IS
2021-08-30,12876786.50228019,6990173.141926161,IS
2021-08-31,12876786.50228019,6923916.556198448,IS
2021-09-01,12876786.50228019,6857657.106332562,IS
2021-09-02,12876786.50228019,6957044.133027762,IS
2021-09-03,12876786.50228019,7089560.168621361,IS
2021-09-06,12876786.50228019,7188944.331178388,IS
2021-09-07,12876786.50228019,7089560.168621361,IS
2021-09-08,12876786.50228019,6957044.133027762,IS
2021-09-09,12876786.50228019,7222074.772145875,IS
2021-09-10,12876786.50228019,7188944.331178388,IS
2021-09-13,12876786.50228019,7222074.772145875,IS
2021-09-14,12876786.50228019,7321459.889415625,IS
2021-09-15,12876786.50228019,7155816.276992712,IS
2021-09-16,12876786.50228019,7122688.222807037,IS
2021-09-17,12876786.50228019,7188944.331178388,IS
2021-09-20,12876786.50228019,7023300.718755474,IS
2021-09-21,12876786.50228019,6923916.556198448,IS
2021-09-22,12876786.50228019,6990173.141926161,IS
2021-09-23,12876786.50228019,6824528.097434161,IS
2021-09-24,12876786.50228019,6824528.097434161,IS
2021-09-27,12876786.50228019,6857657.106332562,IS
2021-09-28,12876786.50228019,6725142.9801644115,IS
2021-09-29,12876786.50228019,7056430.205010237,IS
2021-09-30,12876786.50228019,7288331.83522995,IS
2021-10-01,12876786.50228019,7222074.772145875,IS
2021-10-04,12876786.50228019,7387718.384568788,IS
2021-10-05,12876786.50228019,7354588.420957663,IS
2021-10-06,12876786.50228019,7917778.230735926,IS
2021-10-07,12876786.50228019,7553362.951704424,IS
2021-10-08,12876786.50228019,7880606.968161763,IS
2021-10-11,12876786.50228019,7713646.329535328,IS
2021-10-12,12876786.50228019,7847214.9359077485,IS
2021-10-13,12876786.50228019,8381494.612317417,IS
2021-10-14,12876786.50228019,8314709.593096663,IS
2021-10-15,12876786.50228019,8348101.625350678,IS
2021-10-18,12876786.50228019,8314709.593096663,IS
2021-10-19,12876786.50228019,8481671.663792185,IS
2021-10-21,12876786.50228019,8214530.632196445,IS
2021-10-22,12876786.50228019,8247923.619163184,IS
2021-10-25,12876786.50228019,8080960.593754938,IS
2021-10-26,12876786.50228019,8214530.632196445,IS
2021-10-27,12876786.50228019,8014176.529246908,IS
2021-10-28,12876786.50228019,8014176.529246908,IS
2021-10-29,12876786.50228019,8047569.516213647,IS
2021-11-01,12876786.50228019,8047569.516213647,IS
2021-11-02,12876786.50228019,7880606.968161763,IS
2021-11-03,12876786.50228019,7980784.974349256,IS
2021-11-04,12876786.50228019,7980784.974349256,IS
2021-11-05,12876786.50228019,7913999.955128502,IS
2021-11-08,12876786.50228019,7913999.955128502,IS
2021-11-09,12876786.50228019,7813822.903653733,IS
2021-11-10,12876786.50228019,8247923.619163184,IS
2021-11-11,12876786.50228019,8247923.619163184,IS
2021-11-12,12876786.50228019,8214530.632196445,IS
2021-11-15,12876786.50228019,8181139.554655156,IS
2021-11-16,12876786.50228019,8247923.619163184,IS
2021-11-17,12876786.50228019,8348101.625350678,IS
2021-11-18,12876786.50228019,8281316.606129924,IS
2021-11-19,12876786.50228019,8314709.593096663,IS
2021-11-22,12876786.50228019,8281316.606129924,IS
2021-11-23,12876786.50228019,8348101.625350678,IS
2021-11-24,12876786.50228019,8314709.593096663,IS
2021-11-25,12876786.50228019,8314709.593096663,IS
2021-11-26,12876786.50228019,7880606.968161763,IS
2021-11-29,12876786.50228019,7980784.974349256,IS
2021-11-30,12876786.50228019,7713646.329535328,IS
2021-12-01,12876786.50228019,7546682.349414355,IS
2021-12-02,12876786.50228019,7813822.903653733,IS
2021-12-03,12876786.50228019,7680252.387855864,IS
2021-12-06,12876786.50228019,7546682.349414355,IS
2021-12-07,12876786.50228019,7913999.955128502,IS
2021-12-08,12876786.50228019,7747038.361789341,IS
2021-12-09,12876786.50228019,8014176.529246908,IS
2021-12-10,12876786.50228019,7913999.955128502,IS
2021-12-13,12876786.50228019,7880606.968161763,IS
2021-12-14,12876786.50228019,7847214.9359077485,IS
2021-12-15,12876786.50228019,8014176.529246908,IS
2021-12-16,12876786.50228019,7747038.361789341,IS
2021-12-17,12876786.50228019,7747038.361789341,IS
2021-12-20,12876786.50228019,7580075.813737457,IS
2021-12-21,12876786.50228019,7546682.349414355,IS
2021-12-22,12876786.50228019,7513290.794516703,IS
2021-12-23,12876786.50228019,7646860.355601849,IS
2021-12-24,12876786.50228019,7580075.813737457,IS
2021-12-27,12876786.50228019,7580075.813737457,IS
2021-12-28,12876786.50228019,7646860.355601849,IS
2021-12-29,12876786.50228019,7680252.387855864,IS
2021-12-30,12876786.50228019,7613468.323347834,IS
2022-01-03,12876786.50228019,7646860.355601849,IS
2022-01-04,12876786.50228019,7713646.329535328,IS
2022-01-05,12876786.50228019,7446507.207365036,IS
2022-01-06,12876786.50228019,7580075.813737457,IS
2022-01-07,12876786.50228019,7613468.323347834,IS
2022-01-10,12876786.50228019,7546682.349414355,IS
2022-01-11,12876786.50228019,7613468.323347834,IS
2022-01-12,12876786.50228019,7646860.355601849,IS
2022-01-13,12876786.50228019,7713646.329535328,IS
2022-01-14,12876786.50228019,7646860.355601849,IS
2022-01-17,12876786.50228019,7580075.813737457,IS
2022-01-18,12876786.50228019,7546682.349414355,IS
2022-01-19,12876786.50228019,7479899.716975413,IS
2022-01-20,12845975.963103313,7379720.756075195,IS
2022-01-21,13020177.818572063,7479899.716975413,IS
2022-01-24,12845975.963103313,7379720.756075195,IS
2022-01-25,12671780.748259563,7279545.614025875,IS
2022-01-26,12671780.748259563,7279545.614025875,IS
2022-01-27,12729845.543181438,7312937.168923528,IS
2022-01-28,12729845.543181438,7312937.168923528,IS
2022-01-31,12729845.543181438,7312937.168923528,IS
2022-02-02,12787911.168181438,7346329.201177543,IS
2022-02-03,12744496.118393147,7346329.201177543,IS
2022-02-04,12744496.118393147,7346329.201177543,IS
2022-02-07,12744496.118393147,7312937.168923528,IS
2022-02-08,12744496.118393147,7413114.220398297,IS
2022-02-09,12744496.118393147,7413114.220398297,IS
2022-02-10,12744496.118393147,7279545.614025875,IS
2022-02-11,12744496.118393147,7279545.614025875,IS
2022-02-14,12714071.016509987,7079189.601650889,IS
2022-02-15,13147572.53493794,7346329.201177543,IS
2022-02-16,13147572.53493794,7312937.168923528,IS
2022-02-17,13147572.53493794,7312937.168923528,IS
2022-02-18,13147572.53493794,7479899.716975413,IS
2022-02-21,13147572.53493794,7446507.207365036,IS
2022-02-22,13147572.53493794,7446507.207365036,IS
2022-02-23,13147572.53493794,7546682.349414355,IS
2022-02-24,13147572.53493794,7613468.323347834,IS
2022-02-25,13147572.53493794,7747038.361789341,IS
2022-03-01,13147572.53493794,7613468.323347834,IS
2022-03-02,13147572.53493794,7379720.756075195,IS
2022-03-04,13147572.53493794,7513290.794516703,IS
2022-03-07,13147572.53493794,7747038.361789341,IS
2022-03-08,13147572.53493794,8348101.625350678,IS
2022-03-09,13147572.53493794,8414886.644571433,IS
2022-03-10,13147572.53493794,8348101.625350678,IS
2022-03-11,13147572.53493794,8381494.612317417,IS
2022-03-14,13147572.53493794,8515063.6960462,IS
2022-03-15,13147572.53493794,8414886.644571433,IS
2022-03-16,13147572.53493794,8548455.728300216,IS
2022-03-17,13147572.53493794,8581847.76055423,IS
2022-03-18,13147572.53493794,8548455.728300216,IS
2022-03-21,13147572.53493794,8815593.895757781,IS
2022-03-22,13147572.53493794,8782202.818216491,IS
2022-03-23,13147572.53493794,8648632.779774984,IS
2022-03-24,13147572.53493794,8782202.818216491,IS
2022-03-25,13147572.53493794,8548455.728300216,IS
2022-03-28,13147572.53493794,8949164.888912015,IS
2022-03-29,13147572.53493794,8748809.831249751,IS
2022-03-30,13147572.53493794,8882380.824403984,IS
2022-03-31,13147572.53493794,8782202.818216491,IS
2022-04-01,13147572.53493794,8949164.888912015,IS
2022-04-04,13147572.53493794,9116126.959607536,IS
2022-04-05,13147572.53493794,9216303.05636958,IS
2022-04-06,13147572.53493794,9349873.09481109,IS
2022-04-07,13147572.53493794,9216303.05636958,IS
2022-04-08,13147572.53493794,9349873.09481109,IS
2022-04-11,13147572.53493794,9149518.991861552,IS
2022-04-12,13147572.53493794,9283089.03030306,IS
2022-04-13,13147572.53493794,9316481.062557073,IS
2022-04-14,13147572.53493794,9182911.024115566,IS
2022-04-18,13147572.53493794,9349873.09481109,IS
2022-04-19,13147572.53493794,9216303.05636958,IS
2022-04-20,13147572.53493794,9216303.05636958,IS
2022-04-21,13147572.53493794,9349873.09481109,IS
2022-04-22,13147572.53493794,9416657.159319118,IS
2022-04-25,13147572.53493794,9450051.100998582,IS
2022-04-26,13147572.53493794,9617014.126406828,IS
2022-04-27,13147572.53493794,9516836.120219335,IS
2022-04-28,13147572.53493794,10117898.429067947,IS
2022-05-09,13147572.53493794,9664162.614308948,IS
2022-05-10,13147572.53493794,9595622.833100464,IS
2022-05-11,13147572.53493794,9458542.31597077,IS
2022-05-12,13147572.53493794,9390002.534762284,IS
2022-05-13,13147572.53493794,9766973.718190763,IS
2022-05-17,13147572.53493794,9595622.833100464,IS
2022-05-18,13147572.53493794,9732704.304942882,IS
2022-05-19,13147572.53493794,9595622.833100464,IS
2022-05-20,13147572.53493794,9766973.718190763,IS
2022-05-23,13147572.53493794,9527082.097179253,IS
2022-05-24,13147572.53493794,9801243.131438643,IS
2022-05-25,13147572.53493794,9732704.304942882,IS
2022-05-27,13147572.53493794,9904054.235320456,IS
2022-05-30,13147572.53493794,9938323.648568336,IS
2022-05-31,13147572.53493794,10075404.165698033,IS
2022-06-02,13147572.53493794,10041133.797737427,IS
2022-06-03,13147572.53493794,10006862.475064097,IS
2022-06-06,13147572.53493794,9904054.235320456,IS
2022-06-07,13147572.53493794,9869783.86735985,IS
2022-06-08,13147572.53493794,9835513.499399247,IS
2022-06-09,13147572.53493794,9869783.86735985,IS
2022-06-10,13147572.53493794,9492812.683931373,IS
2022-06-13,13147572.53493794,9629892.246348342,IS
2022-06-14,13147572.53493794,9561351.510427134,IS
2022-06-15,13147572.53493794,9184382.236424105,IS
2022-06-16,13147572.53493794,9390002.534762284,IS
2022-06-17,13147572.53493794,9527082.097179253,IS
2022-06-20,13147572.53493794,9492812.683931373,IS
2022-06-21,13147572.53493794,9390002.534762284,IS
2022-06-22,13147572.53493794,9321462.753553798,IS
2022-06-23,13147572.53493794,9424272.90272289,IS
2022-06-24,13147572.53493794,9150110.913750775,IS
2022-06-27,13147572.53493794,9115841.500502896,IS
2022-06-28,13147572.53493794,9184382.236424105,IS
2022-06-29,13147572.53493794,8910221.202164715,IS
2022-06-30,13147572.53493794,9081571.13254229,IS
2022-07-01,13147572.53493794,8944491.57012532,IS
2022-07-04,13147572.53493794,8910221.202164715,IS
2022-07-05,13147572.53493794,8670331.490578657,IS
2022-07-06,13147572.53493794,8327629.720398057,IS
2022-07-07,13147572.53493794,8156279.790020484,IS
2022-07-08,13147572.53493794,8190549.203268363,IS
2022-07-11,13147572.53493794,8293358.397724728,IS
2022-07-12,13147572.53493794,8361900.088358662,IS
2022-07-13,13147572.53493794,7984929.382286547,IS
2022-07-14,13147572.53493794,8361900.088358662,IS
2022-07-15,13147572.53493794,8156279.790020484,IS
2022-07-18,13147572.53493794,8259088.9844768485,IS
2022-07-19,13147572.53493794,8327629.720398057,IS
2022-07-20,13147572.53493794,8601790.754657447,IS
2022-07-21,13147572.53493794,8464710.237527752,IS
2022-07-22,13147572.53493794,8327629.720398057,IS
2022-07-25,13147572.53493794,8327629.720398057,IS
2022-07-26,13147572.53493794,8361900.088358662,IS
2022-07-27,13147572.53493794,8361900.088358662,IS
2022-07-28,13147572.53493794,8293358.397724728,IS
2022-07-29,13147572.53493794,8670331.490578657,IS
2022-08-01,13147572.53493794,8875951.788916836,IS
2022-08-02,13147572.53493794,8875951.788916836,IS
2022-08-03,13147572.53493794,9047301.71929441,IS
2022-08-04,13147572.53493794,9047301.71929441,IS
2022-08-05,13147572.53493794,9081571.13254229,IS
2022-08-08,13147572.53493794,9184382.236424105,IS
2022-08-09,13147572.53493794,9252922.972345315,IS
2022-08-10,13147572.53493794,9390002.534762284,IS
2022-08-11,13147572.53493794,9527082.097179253,IS
2022-08-12,13147572.53493794,9527082.097179253,IS
2022-08-15,13147572.53493794,9424272.90272289,IS
2022-08-16,13147572.53493794,9561351.510427134,IS
2022-08-18,13147572.53493794,9561351.510427134,IS
2022-08-19,13147572.53493794,9561351.510427134,IS
2022-08-22,13147572.53493794,9492812.683931373,IS
2022-08-23,13147572.53493794,9561351.510427134,IS
2022-08-24,13147572.53493794,9664162.614308948,IS
2022-08-25,13147572.53493794,9561351.510427134,IS
2022-08-26,13147572.53493794,9424272.90272289,IS
2022-08-29,13147572.53493794,9355732.16680168,IS
2022-08-30,13147572.53493794,9458542.31597077,IS
2022-08-31,13147572.53493794,9561351.510427134,IS
2022-09-01,13147572.53493794,9492812.683931373,IS
2022-09-02,13147572.53493794,9492812.683931373,IS
2022-09-05,13147572.53493794,9424272.90272289,IS
2022-09-06,13147572.53493794,9458542.31597077,IS
2022-09-07,13116229.918394504,9115841.500502896,IS
2022-09-08,13116229.918394504,9115841.500502896,IS
2022-09-09,13361609.996519504,9287191.43088047,IS
2022-09-12,13707684.616641546,9561351.510427134,IS
2022-09-13,13707684.616641546,9869783.86735985,IS
2022-09-14,13707684.616641546,9801243.131438643,IS
2022-09-15,13707684.616641546,9664162.614308948,IS
2022-09-16,13707684.616641546,9458542.31597077,IS
2022-09-19,13707684.616641546,9766973.718190763,IS
2022-09-20,13707684.616641546,9835513.499399247,IS
2022-09-21,13707684.616641546,9801243.131438643,IS
2022-09-22,13707684.616641546,9835513.499399247,IS
2022-09-23,13707684.616641546,9801243.131438643,IS
2022-09-26,13707684.616641546,9561351.510427134,IS
2022-09-27,13707684.616641546,9527082.097179253,IS
2022-09-28,13707684.616641546,9321462.753553798,IS
2022-09-29,13707684.616641546,9287191.43088047,IS
2022-09-30,13707684.616641546,9081571.13254229,IS
2022-10-03,13707684.616641546,9081571.13254229,IS
2022-10-04,13707684.616641546,9218651.649671985,IS
2022-10-05,13707684.616641546,9150110.913750775,IS
2022-10-06,13707684.616641546,9047301.71929441,IS
2022-10-07,13707684.616641546,8875951.788916836,IS
2022-10-10,13707684.616641546,8910221.202164715,IS
2022-10-11,13707684.616641546,8944491.57012532,IS
2022-10-12,13707684.616641546,8823601.07137862,IS
2022-10-13,13707684.616641546,8823601.07137862,IS
2022-10-14,13707684.616641546,8823601.07137862,IS
2022-10-17,13707684.616641546,8927815.602965528,IS
2022-10-18,13707684.616641546,8823601.07137862,IS
2022-10-19,13707684.616641546,9066770.221173523,IS
2022-10-20,13707684.616641546,8927815.602965528,IS
2022-10-21,13707684.616641546,9136248.484990245,IS
2022-10-24,13707684.616641546,9240463.971289879,IS
2022-10-25,13707684.616641546,9309941.280393876,IS
2022-10-26,13707684.616641546,9136248.484990245,IS
2022-10-27,13707684.616641546,9240463.971289879,IS
2022-10-28,13707684.616641546,9101510.30779461,IS
2022-10-31,13707684.616641546,9240463.971289879,IS
2022-11-01,13707684.616641546,9136248.484990245,IS
2022-11-02,13707684.616641546,8927815.602965528,IS
2022-11-03,13707684.616641546,8858338.293861533,IS
2022-11-04,13707684.616641546,8927815.602965528,IS
2022-11-07,13707684.616641546,9032032.043977886,IS
2022-11-08,13707684.616641546,9066770.221173523,IS
2022-11-09,13707684.616641546,9101510.30779461,IS
2022-11-10,13707684.616641546,9066770.221173523,IS
2022-11-11,13707684.616641546,8962556.64429934,IS
2022-11-14,13707684.616641546,8754122.807561897,IS
2022-11-15,13707684.616641546,8649908.275974987,IS
2022-11-16,13707684.616641546,8580429.057445543,IS
2022-11-17,13707684.616641546,8754122.807561897,IS
2022-11-18,13707684.616641546,8649908.275974987,IS
2022-11-21,13707684.616641546,8788862.894182982,IS
2022-11-22,13707684.616641546,8649908.275974987,IS
2022-11-23,13707684.616641546,8615170.098779352,IS
2022-11-24,13707684.616641546,8615170.098779352,IS
2022-11-25,13707684.616641546,8580429.057445543,IS
2022-11-28,13707684.616641546,8649908.275974987,IS
2022-11-29,13707684.616641546,8406737.216754636,IS
2022-11-30,13707684.616641546,8406737.216754636,IS
2022-12-01,13707684.616641546,8580429.057445543,IS
2022-12-02,13707684.616641546,8510953.657766994,IS
2022-12-05,13707684.616641546,8371999.039558999,IS
2022-12-06,13707684.616641546,8163568.066959732,IS
2022-12-07,13707684.616641546,7955136.139647739,IS
2022-12-08,13707684.616641546,7885659.307900105,IS
2022-12-09,13707684.616641546,7885659.307900105,IS
2022-12-12,13707684.616641546,7885659.307900105,IS
2022-12-13,13707684.616641546,8094089.80314301,IS
2022-12-14,13707684.616641546,8094089.80314301,IS
2022-12-15,13707684.616641546,8059351.625947373,IS
2022-12-16,13707684.616641546,8024612.494039013,IS
2022-12-19,13707684.616641546,7920397.962452103,IS
2022-12-20,13707684.616641546,7920397.962452103,IS
2022-12-21,13707684.616641546,7920397.962452103,IS
2022-12-22,13707684.616641546,8024612.494039013,IS
2022-12-23,13707684.616641546,7885659.307900105,IS
2022-12-26,13707684.616641546,7850919.698635382,IS
2022-12-27,13707684.616641546,7885659.307900105,IS
2022-12-28,13707684.616641546,7816181.521439744,IS
2022-12-29,13707684.616641546,7850919.698635382,IS
2022-12-30,13707684.616641546,7920397.962452103,IS
2023-01-02,13707684.616641546,7920397.962452103,IS
2023-01-03,13707684.616641546,7850919.698635382,IS
2023-01-04,13707684.616641546,7885659.307900105,IS
2023-01-05,13707684.616641546,7468796.407988844,IS
2023-01-06,13707684.616641546,7573011.894288478,IS
2023-01-09,13707684.616641546,7434057.753436847,IS
2023-01-10,13707684.616641546,7399319.098884848,IS
2023-01-11,13707684.616641546,7260364.003320491,IS
2023-01-12,13707684.616641546,7434057.753436847,IS
2023-01-13,13707684.616641546,7573011.894288478,IS
2023-01-16,13707684.616641546,7781444.298956834,IS
2023-01-17,13707684.616641546,7711966.512496473,IS
2023-01-18,13707684.616641546,7850919.698635382,IS
2023-01-19,13707684.616641546,8128829.889764096,IS
2023-01-20,13707684.616641546,8198306.244155368,IS
2023-01-24,13707684.616641546,8233044.421351004,IS
2023-01-25,13707684.616641546,8267784.5079720905,IS
2023-01-26,13707684.616641546,8198306.244155368,IS
2023-01-27,13707684.616641546,8163568.066959732,IS
2023-01-30,13707684.616641546,8163568.066959732,IS
2023-01-31,13707684.616641546,8337260.862363363,IS
2023-02-01,13707684.616641546,8337260.862363363,IS
2023-02-02,13707684.616641546,8233044.421351004,IS
2023-02-03,13707684.616641546,8163568.066959732,IS
2023-02-06,13707684.616641546,8128829.889764096,IS
2023-02-07,13707684.616641546,8163568.066959732,IS
2023-02-08,13707684.616641546,8059351.625947373,IS
2023-02-09,13707684.616641546,7885659.307900105,IS
2023-02-10,13707684.616641546,7920397.962452103,IS
2023-02-13,13707684.616641546,7955136.139647739,IS
2023-02-14,13707684.616641546,7955136.139647739,IS
2023-02-15,13707684.616641546,7885659.307900105,IS
2023-02-16,13707684.616641546,7920397.962452103,IS
2023-02-17,13707684.616641546,7885659.307900105,IS
2023-02-20,13707684.616641546,7781444.298956834,IS
2023-02-21,13707684.616641546,7746704.68969211,IS
2023-02-22,13707684.616641546,7816181.521439744,IS
2023-02-23,13707684.616641546,7850919.698635382,IS
2023-02-24,13707684.616641546,7989874.3168433765,IS
2023-02-27,13707684.616641546,8059351.625947373,IS
2023-02-28,13707684.616641546,8476214.525858633,IS
2023-03-01,13707684.616641546,8545692.789675355,IS
2023-03-02,13707684.616641546,8545692.789675355,IS
2023-03-03,13707684.616641546,8406737.216754636,IS
2023-03-06,13707684.616641546,8441475.393950272,IS
2023-03-07,13707684.616641546,8267784.5079720905,IS
2023-03-08,13707684.616641546,8233044.421351004,IS
2023-03-09,13707684.616641546,8371999.039558999,IS
2023-03-10,13707684.616641546,8302521.730455002,IS
2023-03-13,13707684.616641546,8233044.421351004,IS
2023-03-14,13707684.616641546,8024612.494039013,IS
2023-03-15,13707684.616641546,8024612.494039013,IS
2023-03-16,13707684.616641546,8128829.889764096,IS
2023-03-17,13707684.616641546,8128829.889764096,IS
2023-03-20,13707684.616641546,8163568.066959732,IS
2023-03-21,13707684.616641546,8163568.066959732,IS
2023-03-24,13707684.616641546,8267784.5079720905,IS
2023-03-27,13707684.616641546,8163568.066959732,IS
2023-03-28,13707684.616641546,8128829.889764096,IS
2023-03-29,13707684.616641546,8267784.5079720905,IS
2023-03-30,13707684.616641546,8198306.244155368,IS
2023-03-31,13707684.616641546,8337260.862363363,IS
2023-04-03,13707684.616641546,8337260.862363363,IS
2023-04-04,13707684.616641546,8371999.039558999,IS
2023-04-05,13707684.616641546,8337260.862363363,IS
2023-04-06,13707684.616641546,8233044.421351004,IS
2023-04-10,13707684.616641546,8302521.730455002,IS
2023-04-11,13707684.616641546,8441475.393950272,IS
2023-04-12,13707684.616641546,8684646.453170625,IS
2023-04-13,13707684.616641546,8684646.453170625,IS
2023-04-14,13707684.616641546,8615170.098779352,IS
2023-04-17,13707684.616641546,8649908.275974987,IS
2023-04-18,13707684.616641546,8927815.602965528,IS
2023-04-26,13707684.616641546,9309941.280393876,IS
2023-04-27,13707684.616641546,9309941.280393876,IS
2023-04-28,13707684.616641546,9379418.589497874,IS
2023-05-02,13707684.616641546,9275201.193772791,IS
2023-05-03,13707684.616641546,9205725.794094242,IS
2023-05-04,13707684.616641546,9170986.662185881,IS
2023-05-05,13707684.616641546,9325654.897127317,IS
2023-05-08,13707684.616641546,9287747.07368616,IS
2023-05-09,13707684.616641546,9591020.163055386,IS
2023-05-10,13707684.616641546,9591020.163055386,IS
2023-05-11,13707684.616641546,9477291.919168292,IS
2023-05-12,13707684.616641546,9439383.141014412,IS
2023-05-15,13707684.616641546,9628928.941209268,IS
2023-05-16,13707684.616641546,9515201.652034897,IS
2023-05-17,13707684.616641546,9591020.163055386,IS
2023-05-19,13707684.616641546,9818475.69611685,IS
2023-05-22,13707684.616641546,10008020.541598981,IS
2023-05-23,13707684.616641546,10008020.541598981,IS
2023-05-24,13707684.616641546,10121747.830773352,IS
2023-05-25,13707684.616641546,10008020.541598981,IS
2023-05-26,13707684.616641546,10008020.541598981,IS
2023-05-29,13707684.616641546,10008020.541598981,IS
2023-05-30,13707684.616641546,9856384.474270731,IS
2023-05-31,13707684.616641546,9780566.917962966,IS
2023-06-05,13707684.616641546,10349203.363834813,IS
2023-06-06,13707684.616641546,10311294.585680932,IS
2023-06-07,13707684.616641546,10311294.585680932,IS
2023-06-08,13707684.616641546,10273384.852814326,IS
2023-06-09,13707684.616641546,10311294.585680932,IS
2023-06-12,13707684.616641546,10273384.852814326,IS
2023-06-13,13707684.616641546,10235474.165234994,IS
2023-06-14,13707684.616641546,10462931.607721908,IS
2023-06-15,13707684.616641546,10425021.8748553,IS
2023-06-16,13707684.616641546,10387112.141988695,IS
2023-06-19,13707684.616641546,10425021.8748553,IS
2023-06-20,13707684.616641546,10311294.585680932,IS
2023-06-21,13707684.616641546,10500840.38587579,IS
2023-06-22,13707684.616641546,10273384.852814326,IS
2023-06-23,13707684.616641546,10273384.852814326,IS
2023-06-26,13707684.616641546,10311294.585680932,IS
2023-06-27,13707684.616641546,10273384.852814326,IS
2023-07-03,13707684.616641546,10349203.363834813,IS
2023-07-04,13707684.616641546,10273384.852814326,IS
2023-07-05,13707684.616641546,10273384.852814326,IS
2023-07-06,13707684.616641546,10311294.585680932,IS
2023-07-07,13707684.616641546,10349203.363834813,IS
2023-07-10,13707684.616641546,10273384.852814326,IS
2023-07-11,13707684.616641546,10311294.585680932,IS
2023-07-12,13707684.616641546,10273384.852814326,IS
2023-07-13,13707684.616641546,10311294.585680932,IS
2023-07-14,13707684.616641546,10235474.165234994,IS
2023-07-17,13707684.616641546,10121747.830773352,IS
2023-07-18,13707684.616641546,9970110.808732376,IS
2023-07-20,13707684.616641546,9894294.207137337,IS
2023-07-21,13707684.616641546,9780566.917962966,IS
2023-07-24,13707684.616641546,9932202.985291218,IS
2023-07-25,13707684.616641546,9856384.474270731,IS
2023-07-26,13707684.616641546,10008020.541598981,IS
2023-07-27,13707684.616641546,9894294.207137337,IS
2023-07-28,13707684.616641546,10045929.319752863,IS
2023-07-31,13707684.616641546,10387112.141988695,IS
2023-08-01,13707684.616641546,10425021.8748553,IS
2023-08-02,13707684.616641546,10387112.141988695,IS
2023-08-03,13707684.616641546,10349203.363834813,IS
2023-08-04,13707684.616641546,10311294.585680932,IS
2023-08-07,13707684.616641546,10425021.8748553,IS
2023-08-08,13707684.616641546,10387112.141988695,IS
2023-08-09,13707684.616641546,10425021.8748553,IS
2023-08-10,13707684.616641546,10235474.165234994,IS
2023-08-11,13707684.616641546,10235474.165234994,IS
2023-08-14,13707684.616641546,10311294.585680932,IS
2023-08-15,13707684.616641546,10197566.341793837,IS
2023-08-16,13707684.616641546,10235474.165234994,IS
2023-08-18,13674880.447928766,9894294.207137337,IS
2023-08-21,13570182.93816314,9818475.69611685,IS
2023-08-22,13727228.54363189,9932202.985291218,IS
2023-08-23,13727228.54363189,9932202.985291218,IS
2023-08-24,13570182.93816314,9818475.69611685,IS
2023-08-25,13517834.842460016,9780566.917962966,IS
2023-08-28,13465486.74675689,9742658.139809087,IS
2023-08-29,13413137.33269439,9704748.406942481,IS
2023-08-30,13517834.842460016,9780566.917962966,IS
2023-08-31,13517834.842460016,9780566.917962966,IS
2023-09-01,13680616.263125997,9932202.985291218,IS
2023-09-04,13680616.263125997,10008020.541598981,IS
2023-09-05,13680616.263125997,10008020.541598981,IS
2023-09-06,13680616.263125997,9894294.207137337,IS
2023-09-07,13680616.263125997,9704748.406942481,IS
2023-09-08,13680616.263125997,9704748.406942481,IS
2023-09-11,13680616.263125997,9666838.674075874,IS
2023-09-12,13680616.263125997,9553111.384901505,IS
2023-09-13,13680616.263125997,9553111.384901505,IS
2023-09-14,13680616.263125997,9591020.163055386,IS
2023-09-15,13680616.263125997,9553111.384901505,IS
2023-09-18,13680616.263125997,9553111.384901505,IS
2023-09-19,13680616.263125997,9628928.941209268,IS
2023-09-20,13680616.263125997,9553111.384901505,IS
2023-09-21,13680616.263125997,9401474.362860529,IS
2023-09-22,13680616.263125997,9401474.362860529,IS
2023-09-25,13680616.263125997,9477291.919168292,IS
2023-09-26,13680616.263125997,9401474.362860529,IS
2023-09-27,13680616.263125997,9325654.897127317,IS
2023-09-29,13680616.263125997,9439383.141014412,IS
2023-10-02,13680616.263125997,9515201.652034897,IS
2023-10-03,13680616.263125997,9401474.362860529,IS
2023-10-04,13648943.274455752,9211928.562665673,IS
2023-10-05,13540368.079143252,9136110.051645184,IS
2023-10-06,13648943.274455752,9211928.562665673,IS
2023-10-09,13757518.469768252,9287747.07368616,IS
2023-10-10,13594656.360393252,9174019.784511792,IS
2023-10-11,13594656.360393252,9174019.784511792,IS
2023-10-12,13590240.344768252,9170936.06241148,IS
2023-10-13,13645421.399455752,9209469.22268722,IS
2023-10-16,13332158.185375197,9016802.466595795,IS
2023-10-17,13332158.185375197,9016802.466595795,IS
2023-10-18,13332158.185375197,8978269.306320054,IS
2023-10-19,13332158.185375197,8824136.665217094,IS
2023-10-20,13332158.185375197,8785603.504941354,IS
2023-10-23,13332158.185375197,8631469.909125669,IS
2023-10-24,13332158.185375197,8939736.146044314,IS
2023-10-25,13332158.185375197,8901202.03105585,IS
2023-10-26,13332158.185375197,8824136.665217094,IS
2023-10-27,13332158.185375197,8824136.665217094,IS
2023-10-30,13332158.185375197,8939736.146044314,IS
2023-10-31,13332158.185375197,8901202.03105585,IS
2023-11-01,13332158.185375197,8939736.146044314,IS
2023-11-02,13332158.185375197,8939736.146044314,IS
2023-11-03,13332158.185375197,9093869.74186,IS
2023-11-06,13332158.185375197,9132402.90213574,IS
2023-11-07,13332158.185375197,8978269.306320054,IS
2023-12-14,10000000.0,13332158.185375197,OOS
2023-12-15,10000000.0,13391410.466566488,OOS
2023-12-18,10000000.0,13272904.436089724,OOS
2023-12-19,10000000.0,13332158.185375197,OOS
2023-12-20,10000000.0,13332158.185375197,OOS
2023-12-21,10000000.0,13154396.937518781,OOS
2023-12-22,10000000.0,13154396.937518781,OOS
2023-12-27,10000000.0,13154396.937518781,OOS
2023-12-28,10000000.0,13272904.436089724,OOS
2023-12-29,10000000.0,13391410.466566488,OOS
2024-01-02,10000000.0,13509920.901325796,OOS
2024-01-03,10000000.0,13272904.436089724,OOS
2024-01-04,10000000.0,13509920.901325796,OOS
2024-01-05,10000000.0,13332158.185375197,OOS
2024-01-08,10000000.0,13213650.686804254,OOS
2024-01-09,10000000.0,13213650.686804254,OOS
2024-01-10,10000000.0,13095141.720139127,OOS
2024-01-11,10000000.0,13154396.937518781,OOS
2024-01-12,10000000.0,13272904.436089724,OOS
2024-01-15,10000000.0,13095141.720139127,OOS
2024-01-16,10000000.0,13035887.970853657,OOS
2024-01-17,10000000.0,12798872.973711766,OOS
2024-01-18,10000000.0,12739617.756332112,OOS
2024-01-19,10000000.0,12680364.007046642,OOS
2024-01-22,10000000.0,12384092.324430918,OOS
2024-01-23,10000000.0,12147077.32728903,OOS
2024-01-24,10000000.0,12028568.360623904,OOS
2024-01-25,10000000.0,11969314.611338431,OOS
2024-01-26,10000000.0,12028568.360623904,OOS
2024-01-29,10000000.0,11684895.58710224,OOS
2024-01-30,10000000.0,12087822.109909376,OOS
2024-01-31,10000000.0,12147077.32728903,OOS
2024-02-01,10000000.0,12147077.32728903,OOS
2024-02-02,10000000.0,12621110.25776117,OOS
2024-02-05,10000000.0,12265584.091812883,OOS
2024-02-06,10000000.0,12443346.073716389,OOS
2024-02-07,10000000.0,12621110.25776117,OOS
2024-02-12,10000000.0,12561855.040381515,OOS
2024-02-13,10000000.0,12324838.575145446,OOS
2024-02-15,10000000.0,12147077.32728903,OOS
2024-02-16,10000000.0,12324838.575145446,OOS
2024-02-19,10000000.0,12147077.32728903,OOS
2024-02-20,10000000.0,12324838.575145446,OOS
2024-02-21,10000000.0,12443346.073716389,OOS
2024-02-22,10000000.0,12502601.291096043,OOS
2024-02-23,10000000.0,12147077.32728903,OOS
2024-02-26,10000000.0,12147077.32728903,OOS
2024-02-27,10000000.0,12265584.091812883,OOS
2024-02-28,10000000.0,12384092.324430918,OOS
2024-02-29,10000000.0,12384092.324430918,OOS
2024-03-01,10000000.0,12384092.324430918,OOS
2024-03-04,10000000.0,12324838.575145446,OOS
2024-03-05,10000000.0,12087822.109909376,OOS
2024-03-06,10000000.0,12265584.091812883,OOS
2024-03-07,10000000.0,12147077.32728903,OOS
2024-03-08,10000000.0,12206331.076574503,OOS
2024-03-13,10000000.0,12206331.076574503,OOS
2024-03-14,10000000.0,12502601.291096043,OOS
2024-03-15,10000000.0,12265584.091812883,OOS
2024-03-18,10000000.0,12206331.076574503,OOS
2024-03-19,10000000.0,12384092.324430918,OOS
2024-03-20,10000000.0,12502601.291096043,OOS
2024-03-21,10000000.0,12680364.007046642,OOS
2024-03-22,10000000.0,12739617.756332112,OOS
2024-03-25,10000000.0,12680364.007046642,OOS
2024-03-26,10000000.0,12561855.040381515,OOS
2024-03-27,10000000.0,12502601.291096043,OOS
2024-03-28,10000000.0,12206331.076574503,OOS
2024-04-01,10000000.0,12324838.575145446,OOS
2024-04-02,10000000.0,12502601.291096043,OOS
2024-04-03,10000000.0,12443346.073716389,OOS
2024-04-04,10000000.0,12265584.091812883,OOS
2024-04-05,10000000.0,12502601.291096043,OOS
2024-04-16,10000000.0,12087822.109909376,OOS
2024-04-17,10000000.0,12147077.32728903,OOS
2024-04-18,10000000.0,12087822.109909376,OOS
2024-04-19,9976814.670343293,11613791.381578509,OOS
2024-04-22,10075352.878351105,11732299.614196545,OOS
2024-04-23,10223159.27483548,11910060.86205296,OOS
2024-04-24,9996521.701593293,11637492.294055024,OOS
2024-04-25,10075352.878351105,11732299.614196545,OOS
2024-04-26,9937398.166437043,11566386.620437114,OOS
2024-04-29,10189503.175311554,11910060.86205296,OOS
2024-04-30,10189503.175311554,12206331.076574503,OOS
2024-05-02,10189503.175311554,12265584.091812883,OOS
2024-05-03,10189503.175311554,12384092.324430918,OOS
2024-05-06,10189503.175311554,12087822.109909376,OOS
2024-05-07,10189503.175311554,11969314.611338431,OOS
2024-05-08,10189503.175311554,12147077.32728903,OOS
2024-05-13,10189503.175311554,12028568.360623904,OOS
2024-05-14,10189503.175311554,11837312.39104523,OOS
2024-05-15,10189503.175311554,11708082.666615006,OOS
2024-05-16,10189503.175311554,12173304.829853013,OOS
2024-05-17,10189503.175311554,12405917.012542656,OOS
2024-05-20,10189503.175311554,12250841.490035804,OOS
2024-05-21,10189503.175311554,12147459.031776387,OOS
2024-05-22,10189503.175311554,12173304.829853013,OOS
2024-05-27,10189503.175311554,11759773.528721167,OOS
2024-05-28,10189503.175311554,11656391.804508843,OOS
2024-05-29,10189503.175311554,11527164.28221989,OOS
2024-05-30,10189503.175311554,11165324.577241298,OOS
2024-05-31,10189503.175311554,11087787.917058509,OOS
2024-06-03,10189503.175311554,11630546.006432217,OOS
2024-06-04,10189503.175311554,11837312.39104523,OOS
2024-06-05,10189503.175311554,11889002.5191043,OOS
2024-06-06,10189503.175311554,11785620.794891978,OOS
2024-06-07,10189503.175311554,11785620.794891978,OOS
2024-06-10,10189503.175311554,11656391.804508843,OOS
2024-06-11,10189503.175311554,11242860.503376996,OOS
2024-06-12,10189503.175311554,11268707.035500715,OOS
2024-06-13,10189503.175311554,11527164.28221989,OOS
2024-06-14,10189503.175311554,11423781.089913383,OOS
2024-06-19,10189503.175311554,11501317.750096172,OOS
2024-06-20,10189503.175311554,11501317.750096172,OOS
2024-06-21,10189503.175311554,11604701.676449772,OOS
2024-06-24,10189503.175311554,11449626.153942918,OOS
2024-06-25,10189503.175311554,11372089.493760131,OOS
2024-06-26,10189503.175311554,11423781.089913383,OOS
2024-06-27,10189503.175311554,11449626.153942918,OOS
2024-06-28,10189503.175311554,11527164.28221989,OOS
2024-07-01,10189503.175311554,11940693.381210465,OOS
2024-07-02,10189503.175311554,11708082.666615006,OOS
2024-07-03,10189503.175311554,11811465.12487442,OOS
2024-07-04,10189503.175311554,11759773.528721167,OOS
2024-07-05,10189503.175311554,11837312.39104523,OOS
2024-07-08,10189503.175311554,11992384.977363719,OOS
2024-07-09,10189503.175311554,11785620.794891978,OOS
2024-07-10,10189503.175311554,11733928.464691631,OOS
2024-07-11,10189503.175311554,11656391.804508843,OOS
2024-07-12,10189503.175311554,11733928.464691631,OOS
2024-07-15,10189503.175311554,11553008.612202335,OOS
2024-07-16,10165999.580799075,11320397.897606878,OOS
2024-07-17,10344800.362049075,11527164.28221989,OOS
2024-07-18,10489114.529012894,11733928.464691631,OOS
2024-07-19,10489114.529012894,11708082.666615006,OOS
2024-07-22,10489114.529012894,11682236.134491287,OOS
2024-07-23,10489114.529012894,11501317.750096172,OOS
2024-07-24,10489114.529012894,11708082.666615006,OOS
2024-07-25,10489114.529012894,11604701.676449772,OOS
2024-07-26,10489114.529012894,11914849.051228018,OOS
2024-07-29,10489114.529012894,11914849.051228018,OOS
2024-07-30,10489114.529012894,11733928.464691631,OOS
2024-07-31,10489114.529012894,12199150.62792964,OOS
2024-08-01,10489114.529012894,12250841.490035804,OOS
2024-08-02,10489114.529012894,12121613.23369976,OOS
2024-08-05,10489114.529012894,11785620.794891978,OOS
2024-08-06,10489114.529012894,11914849.051228018,OOS
2024-08-07,10489114.529012894,11966539.17928709,OOS
2024-08-08,10489114.529012894,12250841.490035804,OOS
2024-08-09,10489114.529012894,12302531.618094875,OOS
2024-08-12,10489114.529012894,12302531.618094875,OOS
2024-08-13,10489114.529012894,12302531.618094875,OOS
2024-08-14,10489114.529012894,12638526.259043932,OOS
2024-08-15,10489114.529012894,12638526.259043932,OOS
2024-08-16,10489114.529012894,12845291.175562764,OOS
2024-08-19,10489114.529012894,12987442.33093712,OOS
2024-08-20,10489114.529012894,13245900.311703388,OOS
2024-08-21,10489114.529012894,13116669.853226071,OOS
2024-08-22,10489114.529012894,12922828.569792645,OOS
2024-08-23,10489114.529012894,13181283.614370547,OOS
2024-08-26,10489114.529012894,13310514.072847864,OOS
2024-08-27,10489114.529012894,13310514.072847864,OOS
2024-08-28,10489114.529012894,12987442.33093712,OOS
2024-08-29,10489114.529012894,13116669.853226071,OOS
2024-08-30,10489114.529012894,13181283.614370547,OOS
2024-09-02,10489114.529012894,13439741.595136816,OOS
2024-09-03,10489114.529012894,13245900.311703388,OOS
2024-09-04,10489114.529012894,13052057.560175778,OOS
2024-09-05,10489114.529012894,13116669.853226071,OOS
2024-09-06,10489114.529012894,13052057.560175778,OOS
2024-09-09,10489114.529012894,12987442.33093712,OOS
2024-09-10,10489114.529012894,12987442.33093712,OOS
2024-09-11,10489114.529012894,12987442.33093712,OOS
2024-09-12,10489114.529012894,12987442.33093712,OOS
2024-09-13,10489114.529012894,13116669.853226071,OOS
2024-09-17,10489114.529012894,13116669.853226071,OOS
2024-09-18,10489114.529012894,13568969.117425766,OOS
2024-09-19,10489114.529012894,13633584.346664427,OOS
2024-09-20,10489114.529012894,13504356.824375473,OOS
2024-09-23,10489114.529012894,13504356.824375473,OOS
2024-09-24,10489114.529012894,13633584.346664427,OOS
2024-09-25,10489114.529012894,13504356.824375473,OOS
2024-09-26,10489114.529012894,13568969.117425766,OOS
2024-09-27,10489114.529012894,13181283.614370547,OOS
2024-09-30,10489114.529012894,13052057.560175778,OOS
2024-10-01,10489114.529012894,13375126.365898157,OOS
2024-10-02,10489114.529012894,13310514.072847864,OOS
2024-10-03,10489114.529012894,13568969.117425766,OOS
2024-10-04,10489114.529012894,13310514.072847864,OOS
2024-10-07,10489114.529012894,13181283.614370547,OOS
2024-10-08,10489114.529012894,13504356.824375473,OOS
2024-10-09,10489114.529012894,13116669.853226071,OOS
2024-10-10,10489114.529012894,13245900.311703388,OOS
2024-10-11,10489114.529012894,13116669.853226071,OOS
2024-10-14,10489114.529012894,12992805.278984489,OOS
2024-10-15,10489114.529012894,12992805.278984489,OOS
2024-10-16,10489114.529012894,13071868.023069615,OOS
2024-10-17,10489114.529012894,13045514.264405968,OOS
2024-10-18,10489114.529012894,12966450.052226657,OOS
2024-10-21,10489114.529012894,13440830.921019964,OOS
2024-10-22,10489114.529012894,13902037.112622723,OOS
2024-10-23,10489114.529012894,13967923.711423114,OOS
2024-10-24,10489114.529012894,13902037.112622723,OOS
2024-10-25,10489114.529012894,13770265.383116117,OOS
2024-10-28,10489114.529012894,13836151.98191651,OOS
2024-10-29,10489114.529012894,13506718.987914542,OOS
2024-10-30,10489114.529012894,13704377.31622154,OOS
2024-10-31,10489114.529012894,13440830.921019964,OOS
2024-11-01,10489114.529012894,13374945.790313752,OOS
2024-11-04,10489114.529012894,13506718.987914542,OOS
2024-11-05,10489114.529012894,13638492.18551533,OOS
2024-11-06,10489114.529012894,13309060.659607543,OOS
2024-11-07,10489114.529012894,13177287.462006753,OOS
2024-11-08,10489114.529012894,13071868.023069615,OOS
2024-11-11,10489114.529012894,13098223.249827446,OOS
2024-11-12,10489114.529012894,13098223.249827446,OOS
2024-11-13,10489114.529012894,13243174.060807148,OOS
2024-11-14,10489114.529012894,13045514.264405968,OOS
2024-11-15,10489114.529012894,13019159.037648136,OOS
2024-11-18,10489114.529012894,12992805.278984489,OOS
2024-11-19,10489114.529012894,13098223.249827446,OOS
2024-11-20,10489114.529012894,13177287.462006753,OOS
2024-11-21,10489114.529012894,12887387.308141531,OOS
2024-11-22,10489114.529012894,12940094.825468827,OOS
2024-11-25,10489114.529012894,13638492.18551533,OOS
2024-11-26,10489114.529012894,13572605.586714933,OOS
2024-11-28,10489114.529012894,13506718.987914542,OOS
2024-11-29,10489114.529012894,13440830.921019964,OOS
2024-12-02,10489114.529012894,13019159.037648136,OOS
2024-12-03,10489114.529012894,13506718.987914542,OOS
2024-12-04,10489114.529012894,13770265.383116117,OOS
2024-12-05,10489114.529012894,13704377.31622154,OOS
2024-12-06,10489114.529012894,13572605.586714933,OOS
2024-12-09,10489114.529012894,13770265.383116117,OOS
2024-12-10,10489114.529012894,13770265.383116117,OOS
2024-12-11,10489114.529012894,13836151.98191651,OOS
2024-12-12,10489114.529012894,13440830.921019964,OOS
2024-12-13,10489114.529012894,13506718.987914542,OOS
2024-12-16,10489114.529012894,13506718.987914542,OOS
2024-12-17,10465009.234273208,13124578.476585275,OOS
2024-12-18,10505329.986226333,13177287.462006753,OOS
2024-12-19,10263404.351460708,12861032.0813837,OOS
2024-12-20,10243243.413960708,12834676.85462587,OOS
2024-12-23,10404527.544820083,13045514.264405968,OOS
2024-12-24,10263404.351460708,12861032.0813837,OOS
2024-12-27,10364206.792866958,12992805.278984489,OOS
2024-12-30,10303726.226460708,12913742.534899361,OOS
2025-01-02,10370611.997201284,13045514.264405968,OOS
2025-01-03,10370611.997201284,13045514.264405968,OOS
2025-01-06,10370611.997201284,12808323.09596222,OOS
2025-01-07,10370611.997201284,12966450.052226657,OOS
2025-01-08,10370611.997201284,12676551.366455616,OOS
2025-01-09,10370611.997201284,12992805.278984489,OOS
2025-01-10,10370611.997201284,12913742.534899361,OOS
2025-01-13,10346620.350515425,12518421.474002816,OOS
2025-01-14,10346620.350515425,12518421.474002816,OOS
2025-01-15,10711004.835865349,13019159.037648136,OOS
2025-01-16,10711004.835865349,12861032.0813837,OOS
2025-01-17,10711004.835865349,13019159.037648136,OOS
2025-01-20,10711004.835865349,12940094.825468827,OOS
2025-01-21,10711004.835865349,12940094.825468827,OOS
2025-01-22,10711004.835865349,13071868.023069615,OOS
2025-01-23,10711004.835865349,12913742.534899361,OOS
2025-01-24,10711004.835865349,12834676.85462587,OOS
2025-01-30,10711004.835865349,12597487.154276308,OOS
2025-01-31,10711004.835865349,12650196.139697786,OOS
2025-02-03,10711004.835865349,12544776.700760646,OOS
2025-02-04,10711004.835865349,12650196.139697786,OOS
2025-02-05,10711004.835865349,12492067.715339167,OOS
2025-02-06,10686108.240878146,11991330.151693847,OOS
2025-02-07,10914008.777987521,12254875.812848331,OOS
2025-02-10,10731689.490878146,12044040.605209507,OOS
2025-02-11,10822849.451815646,12149458.576052465,OOS
2025-02-12,10891218.787753146,12228521.320137592,OOS
2025-02-13,10936798.768221896,12281230.30555907,OOS
2025-02-14,10946131.93886963,12333940.759074733,OOS
2025-02-17,10946131.93886963,12492067.715339167,OOS
2025-02-18,10946131.93886963,12650196.139697786,OOS
2025-02-19,10946131.93886963,12386649.744496211,OOS
2025-02-20,10946131.93886963,12439360.198011871,OOS
2025-02-21,10946131.93886963,12518421.474002816,OOS
2025-02-24,10946131.93886963,12386649.744496211,OOS
2025-02-25,10946131.93886963,12017686.112498768,OOS
2025-02-26,10946131.93886963,12070395.097920246,OOS
2025-02-27,10946131.93886963,12096749.590630986,OOS
2025-02-28,10946131.93886963,11938621.90031946,OOS
2025-03-03,10946131.93886963,12333940.759074733,OOS
2025-03-04,10946131.93886963,12360295.985832563,OOS
2025-03-05,10946131.93886963,12913742.534899361,OOS
2025-03-06,10946131.93886963,12913742.534899361,OOS
2025-03-07,10946131.93886963,12992805.278984489,OOS
2025-03-10,10946131.93886963,12571130.459424295,OOS
2025-03-11,10946131.93886963,12650196.139697786,OOS
2025-03-12,10946131.93886963,12676551.366455616,OOS
2025-03-13,10946131.93886963,12465712.488581339,OOS
2025-03-14,10946131.93886963,12175813.802810296,OOS
2025-03-17,10946131.93886963,12175813.802810296,OOS
2025-03-18,10946131.93886963,12254875.812848331,OOS
2025-03-19,10946131.93886963,12360295.985832563,OOS
2025-03-20,10946131.93886963,12413004.971254041,OOS
2025-03-21,10946131.93886963,12755612.64244656,OOS
2025-03-24,10946131.93886963,12360295.985832563,OOS
2025-03-25,10946131.93886963,12254875.812848331,OOS
2025-03-26,10946131.93886963,12650196.139697786,OOS
2025-03-27,10946131.93886963,12966450.052226657,OOS
2025-04-08,10946131.93886963,11806848.702718671,OOS
2025-04-09,10946131.93886963,12175813.802810296,OOS
2025-04-10,10946131.93886963,12413004.971254041,OOS
2025-04-11,10946131.93886963,12413004.971254041,OOS
2025-04-14,10946131.93886963,12992805.278984489,OOS
2025-04-15,10946131.93886963,12834676.85462587,OOS
2025-04-16,10946131.93886963,12597487.154276308,OOS
2025-04-17,10946131.93886963,12518421.474002816,OOS
2025-04-21,10946131.93886963,12623842.381034138,OOS
2025-04-22,10946131.93886963,12492067.715339167,OOS
2025-04-23,10946131.93886963,12702903.657025082,OOS
2025-04-24,10946131.93886963,12571130.459424295,OOS
2025-04-25,10946131.93886963,12808323.09596222,OOS
2025-04-28,10946131.93886963,12887387.308141531,OOS
2025-04-29,10946131.93886963,12650196.139697786,OOS
2025-04-30,10946131.93886963,12650196.139697786,OOS
2025-05-02,10946131.93886963,12623842.381034138,OOS
2025-05-05,10946131.93886963,12597487.154276308,OOS
2025-05-06,10946131.93886963,12518421.474002816,OOS
2025-05-07,10946131.93886963,12729258.883782914,OOS
2025-05-08,10946131.93886963,12597487.154276308,OOS
2025-05-09,10946131.93886963,12597487.154276308,OOS
2025-05-14,10946131.93886963,12676551.366455616,OOS
2025-05-15,10946131.93886963,12702903.657025082,OOS
2025-05-16,10946131.93886963,12861032.0813837,OOS
2025-05-19,10946131.93886963,13019159.037648136,OOS
2025-05-20,10946131.93886963,12808323.09596222,OOS
2025-05-21,10946131.93886963,13140348.744289856,OOS
2025-05-22,10946131.93886963,13027797.303815866,OOS
2025-05-23,10946131.93886963,13337312.6640487,OOS
2025-05-26,10946131.93886963,13309175.170953749,OOS
2025-05-27,10946131.93886963,13224762.691668894,OOS
2025-05-28,10946131.93886963,13646829.492375717,OOS
2025-06-02,10946131.93886963,13449864.10452269,OOS
2025-06-03,10946131.93886963,13224762.691668894,OOS
2025-06-04,10946131.93886963,12971522.31762596,OOS
2025-06-05,10946131.93886963,12971522.31762596,OOS
2025-06-10,10946131.93886963,12943383.356436826,OOS
2025-06-11,10946131.93886963,12971522.31762596,OOS
2025-06-12,10946131.93886963,12830831.915962838,OOS
2025-06-13,10946131.93886963,12858970.877151972,OOS
2025-06-16,10946131.93886963,12971522.31762596,OOS
2025-06-17,10946131.93886963,12943383.356436826,OOS
2025-06-18,10946131.93886963,12915245.863341875,OOS
2025-06-19,10946131.93886963,12746419.436677981,OOS
2025-06-20,10946131.93886963,12633867.99620399,OOS
2025-06-23,10946131.93886963,12465041.569540098,OOS
2025-06-24,10946131.93886963,12577593.010014089,OOS
2025-06-25,10946131.93886963,12577593.010014089,OOS
2025-06-26,10946131.93886963,12521318.023824183,OOS
2025-06-30,10946131.93886963,12662005.489298943,OOS
2025-07-01,10946131.93886963,12521318.023824183,OOS
2025-07-02,10946131.93886963,12774556.929772934,OOS
2025-07-03,10946131.93886963,12858970.877151972,OOS
2025-07-04,10946131.93886963,12999659.810720913,OOS
2025-07-07,10946131.93886963,13168486.237384807,OOS
2025-07-08,10946131.93886963,13112211.251194904,OOS
2025-07-09,10946131.93886963,13281037.677858796,OOS
2025-07-10,10946131.93886963,13168486.237384807,OOS
2025-07-11,10946131.93886963,13252900.184763845,OOS
2025-07-14,10946131.93886963,13224762.691668894,OOS
2025-07-15,10946131.93886963,13224762.691668894,OOS
2025-07-16,10946131.93886963,13365450.157143652,OOS
2025-07-17,10946131.93886963,13478001.597617643,OOS
2025-07-18,10946131.93886963,13365450.157143652,OOS
2025-07-21,10946131.93886963,13393587.650238605,OOS
2025-07-22,10946131.93886963,13196625.198573941,OOS
2025-07-23,10946131.93886963,13928207.359513601,OOS
2025-07-24,10946131.93886963,14209583.758557303,OOS
2025-07-25,10946131.93886963,14068894.824988361,OOS
2025-07-28,10946131.93886963,14350274.16022043,OOS
2025-07-29,10946131.93886963,14350274.16022043,OOS
2025-07-30,10946131.93886963,14490963.093789369,OOS
2025-07-31,10946131.93886963,14350274.16022043,OOS
2025-08-01,10946131.93886963,14068894.824988361,OOS
2025-08-04,10946131.93886963,14139240.025819926,OOS
2025-08-05,10946131.93886963,14139240.025819926,OOS
2025-08-06,10946131.93886963,13787518.42594466,OOS
2025-08-07,10946131.93886963,13956344.852608554,OOS
2025-08-08,10946131.93886963,13843793.412134564,OOS
2025-08-11,10946131.93886963,13787518.42594466,OOS
2025-08-12,10946131.93886963,14040757.33189341,OOS
2025-08-13,10946131.93886963,14561306.82652675,OOS
2025-08-14,10946131.93886963,14350274.16022043,OOS
2025-08-15,10946131.93886963,14139240.025819926,OOS
2025-08-19,10946131.93886963,15546129.361509342,OOS
2025-08-20,10946131.93886963,15546129.361509342,OOS
2025-08-21,10946131.93886963,15827507.228647225,OOS
2025-08-22,10946131.93886963,16038539.894953547,OOS
2025-08-25,10946131.93886963,16179230.29661667,OOS
2025-08-26,10946131.93886963,15827507.228647225,OOS
2025-08-27,10946131.93886963,15475784.160677781,OOS
2025-08-28,10946131.93886963,15686818.295078285,OOS
2025-08-29,10946131.93886963,15475784.160677781,OOS
2025-09-01,10946131.93886963,15335096.69520302,OOS
2025-09-02,10946131.93886963,15405440.4279404,OOS
2025-09-03,10946131.93886963,15475784.160677781,OOS
2025-09-04,10946131.93886963,15475784.160677781,OOS
2025-09-08,10946131.93886963,15264752.962465642,OOS
2025-09-09,10946131.93886963,15546129.361509342,OOS
2025-09-10,10946131.93886963,15405440.4279404,OOS
2025-09-11,10946131.93886963,15616474.562340904,OOS
2025-09-12,10946131.93886963,15968197.63031035,OOS
2025-09-15,10946131.93886963,15827507.228647225,OOS
2025-09-16,10946131.93886963,15897852.429478789,OOS
2025-09-17,10946131.93886963,16038539.894953547,OOS
2025-09-18,10946131.93886963,15686818.295078285,OOS
2025-09-19,10946131.93886963,16108885.09578511,OOS
2025-09-22,10946131.93886963,16038539.894953547,OOS
2025-09-23,10946131.93886963,16601297.097323496,OOS
2025-09-24,10946131.93886963,16601297.097323496,OOS
2025-09-25,10946131.93886963,16249574.02935405,OOS
2025-09-26,10946131.93886963,16530953.364586117,OOS
2025-09-29,10946131.93886963,16249574.02935405,OOS
2025-09-30,10946131.93886963,16249574.02935405,OOS
2025-10-01,10946131.93886963,15968197.63031035,OOS
2025-10-02,10946131.93886963,16038539.894953547,OOS
2025-10-03,10946131.93886963,16390262.962922992,OOS
2025-10-06,10946131.93886963,16390262.962922992,OOS
2025-10-07,10946131.93886963,16179230.29661667,OOS
2025-10-08,10946131.93886963,16108885.09578511,OOS
2025-10-09,10946131.93886963,16671642.298155058,OOS
2025-10-10,10946131.93886963,16601297.097323496,OOS
2025-10-13,10946131.93886963,16319919.230185613,OOS
2025-10-14,10946131.93886963,16671962.342686765,OOS
2025-10-15,10946131.93886963,16528855.457999835,OOS
2025-10-16,10946131.93886963,16457302.015656369,OOS
2025-10-17,10946131.93886963,16099534.803939039,OOS
2025-10-20,10946131.93886963,16958176.112060625,OOS
2025-10-21,10946131.93886963,17172836.439091023,OOS
2025-10-22,10946131.93886963,17673710.535495285,OOS
2025-10-23,10946131.93886963,18103031.189556077,OOS
2025-10-24,10946131.93886963,18818567.081084915,OOS
2025-10-27,10946131.93886963,18890120.523428384,OOS
2025-10-28,10946131.93886963,18103031.189556077,OOS
2025-10-29,10946131.93886963,18532351.843616873,OOS
2025-10-30,10946131.93886963,17959924.304869145,OOS
2025-10-31,10946131.93886963,17602157.09315182,OOS
2025-11-03,10946131.93886963,18174584.631899543,OOS
2025-11-04,10946131.93886963,18031477.74721261,OOS
2025-11-05,10946131.93886963,17888370.862525683,OOS
2025-11-06,10946131.93886963,18103031.189556077,OOS
2025-11-07,10946131.93886963,18389244.958929937,OOS
2025-11-10,10946131.93886963,18389244.958929937,OOS
2025-11-11,10946131.93886963,18675460.196397986,OOS
2025-11-12,10946131.93886963,18460798.401273407,OOS
2025-11-13,10946131.93886963,18246138.07424301,OOS
2025-11-14,10946131.93886963,18317691.516586475,OOS
2025-11-17,10946131.93886963,18460798.401273407,OOS
2025-11-18,10946131.93886963,18389244.958929937,OOS
2025-11-19,10946131.93886963,18317691.516586475,OOS
2025-11-20,10946131.93886963,18389244.958929937,OOS
2025-11-21,10946131.93886963,18389244.958929937,OOS
2025-11-24,10946131.93886963,18532351.843616873,OOS
2025-11-25,10946131.93886963,18460798.401273407,OOS
2025-11-26,10946131.93886963,18890120.523428384,OOS
2025-11-27,10946131.93886963,18818567.081084915,OOS
2025-11-28,10946131.93886963,18747013.63874145,OOS
2025-12-01,10946131.93886963,18246138.07424301,OOS
2025-12-02,10946131.93886963,18961673.965771846,OOS
2025-12-03,10946131.93886963,18890120.523428384,OOS
2025-12-04,10946131.93886963,19247887.73514571,OOS
2025-12-05,10946131.93886963,19176334.292802244,OOS
2025-12-08,10946131.93886963,19247887.73514571,OOS
2025-12-09,10946131.93886963,18890120.523428384,OOS
2025-12-10,10946131.93886963,18961673.965771846,OOS
2025-12-11,10946131.93886963,18460798.401273407,OOS
2025-12-12,10946131.93886963,18890120.523428384,OOS
2025-12-15,10946131.93886963,18890120.523428384,OOS
2025-12-16,10946131.93886963,18890120.523428384,OOS
2025-12-17,10946131.93886963,18890120.523428384,OOS
2025-12-18,10946131.93886963,18603906.75405452,OOS
2025-12-19,10946131.93886963,18675460.196397986,OOS
2025-12-22,10946131.93886963,18818567.081084915,OOS
2025-12-23,10946131.93886963,18603906.75405452,OOS
2025-12-24,10946131.93886963,18961673.965771846,OOS
2025-12-29,10946131.93886963,19104780.85045878,OOS
2025-12-30,10946131.93886963,19176334.292802244,OOS
2026-01-02,10946131.93886963,19462548.06217611,OOS
2026-01-05,10946131.93886963,19677208.389206503,OOS
2026-01-06,10946131.93886963,19748761.83154997,OOS
2026-01-07,10946131.93886963,20106529.0432673,OOS
2026-01-08,10946131.93886963,20034975.600923833,OOS
2026-01-09,10946131.93886963,19677208.389206503,OOS
2026-01-12,10946131.93886963,20034975.600923833,OOS
2026-01-13,10946131.93886963,20893616.90904542,OOS
2026-01-14,10946131.93886963,20392742.81264116,OOS
2026-01-15,10946131.93886963,20178082.48561076,OOS
2026-01-19,10946131.93886963,21179832.146513462,OOS
2026-01-20,10946131.93886963,20822063.46670195,OOS
2026-01-21,10946131.93886963,18890120.523428384,OOS
2026-01-22,10946131.93886963,19390994.61983264,OOS
2026-01-23,10946131.93886963,19534101.504519574,OOS
2026-01-26,10946131.93886963,19677208.389206503,OOS
2026-01-27,10946131.93886963,18031477.74721261,OOS
2026-01-28,10946131.93886963,17673710.535495285,OOS
2026-01-29,10946131.93886963,18532351.843616873,OOS
2026-01-30,10946131.93886963,18174584.631899543,OOS
2026-02-02,10946131.93886963,17959924.304869145,OOS
2026-02-03,10946131.93886963,19462548.06217611,OOS
2026-02-04,10946131.93886963,19104780.85045878,OOS
2026-02-05,10946131.93886963,19891868.7162369,OOS
2026-02-06,10946131.93886963,19176334.292802244,OOS
2026-02-09,10946131.93886963,19033227.408115312,OOS
2026-02-10,10946131.93886963,19605654.946863037,OOS
2026-02-11,10946131.93886963,19319441.177489176,OOS
2026-02-12,10946131.93886963,19390994.61983264,OOS
2026-02-13,10946131.93886963,19033227.408115312,OOS
2026-02-18,10946131.93886963,19176334.292802244,OOS
2026-02-19,10946131.93886963,18890120.523428384,OOS
2026-02-20,10946131.93886963,18747013.63874145,OOS
2026-02-23,10946131.93886963,18961673.965771846,OOS
2026-02-24,10946131.93886963,18747013.63874145,OOS
2026-02-25,10946131.93886963,19033227.408115312,OOS
2026-02-26,10946131.93886963,19247887.73514571,OOS
2026-02-27,10946131.93886963,19104780.85045878,OOS
2026-03-02,10920213.844230056,18031477.74721261,OOS
2026-03-03,10877376.832511306,17959924.304869145,OOS
2026-03-04,10663191.773917556,17602157.09315182,OOS
2026-03-05,10963050.855948806,18103031.189556077,OOS
2026-03-06,10620354.762198806,17530603.650808353,OOS
2026-03-09,10320847.610755866,16743515.785030233,OOS
2026-03-10,10320847.610755866,17172836.439091023,OOS
2026-03-11,10320847.610755866,17029729.554404095,OOS
2026-03-12,10320847.610755866,17029729.554404095,OOS
2026-03-13,10320847.610755866,16671962.342686765,OOS
2026-03-16,10320847.610755866,16743515.785030233,OOS
2026-03-17,10320847.610755866,16600408.900343299,OOS
2026-03-25,10320847.610755866,18890120.523428384,OOS
2026-03-26,10320847.610755866,17888370.862525683,OOS
2026-03-27,10320847.610755866,17530603.650808353,OOS
2026-03-30,10320847.610755866,18174584.631899543,OOS
2026-03-31,10320847.610755866,17888370.862525683,OOS
2026-04-01,10320847.610755866,17888370.862525683,OOS
2026-04-02,10320847.610755866,17387496.76612142,OOS
2026-04-06,10320847.610755866,17459050.208464887,OOS
2026-04-07,10320847.610755866,16886622.669717163,OOS
2026-04-08,10320847.610755866,17745263.97783875,OOS
2026-04-09,10320847.610755866,17673710.535495285,OOS
2026-04-10,10320847.610755866,18031477.74721261,OOS
2026-04-13,10320847.610755866,17673710.535495285,OOS
2026-04-14,10320847.610755866,17602157.09315182,OOS
2026-04-15,10320847.610755866,18031477.74721261,OOS
2026-04-16,10320847.610755866,17745263.97783875,OOS
2026-04-17,10320847.610755866,18246138.07424301,OOS
2026-04-20,10320847.610755866,18174584.631899543,OOS
2026-04-21,10320847.610755866,18103031.189556077,OOS
2026-04-22,10320847.610755866,18890120.523428384,OOS
2026-04-23,10320847.610755866,18103031.189556077,OOS
2026-04-24,10320847.610755866,18103031.189556077,OOS
2026-04-27,10320847.610755866,17530603.650808353,OOS
2026-04-28,10320847.610755866,17244389.88143449,OOS
2026-04-29,10320847.610755866,17315943.323777955,OOS
2026-04-30,10320847.610755866,17101282.99674756,OOS
2026-05-04,10320847.610755866,17387496.76612142,OOS
2026-05-05,10320847.610755866,17664109.19954407,OOS
2026-05-06,10320847.610755866,17288277.088915475,OOS
2026-05-07,10320847.610755866,17588942.77741835,OOS
2026-05-08,10320847.610755866,17513776.35529263,OOS
2026-05-11,10320847.610755866,18190274.154424105,OOS
2026-05-12,10320847.610755866,17588942.77741835,OOS
2026-05-13,10320847.610755866,17288277.088915475,OOS
2026-05-14,10320847.610755866,17288277.088915475,OOS
2026-05-15,10320847.610755866,17288277.088915475,OOS
2026-05-18,10320847.610755866,18039941.310172666,OOS
2026-05-19,10320847.610755866,17889608.46592123,OOS
2026-05-20,10320847.610755866,17964774.888046946,OOS
2026-05-21,10320847.610755866,16837278.556161154,OOS
2026-05-22,10296213.863755867,16235947.1791554,OOS
2026-05-25,10676213.863755867,16837278.556161154,OOS
2026-05-26,10031284.943464695,15409116.535772484,OOS
2026-05-27,10031284.943464695,15409116.535772484,OOS
2026-05-28,10031284.943464695,15409116.535772484,OOS
2026-05-29,10031284.943464695,15033284.425143888,OOS
2026-06-02,10031284.943464695,14732618.736641012,OOS
2026-06-03,10031284.943464695,14552219.323539285,OOS
2026-06-04,10031284.943464695,13920821.37768324,OOS
2026-06-05,10031284.943464695,13740421.964581514,OOS
2026-06-08,10031284.943464695,13109024.01872547,OOS
2026-06-09,10031284.943464695,14041087.65308439,OOS
2026-06-10,10031284.943464695,14131287.359635256,OOS
2026-06-11,10031284.943464695,14131287.359635256,OOS
2026-06-12,10031284.943464695,14251553.635036405,OOS
2026-06-15,10031284.943464695,14702552.167790722,OOS
2026-06-17,10031284.943464695,14431953.048138132,OOS
2026-06-18,10031284.943464695,14341753.34158727,OOS
2026-06-19,10031284.943464695,14462019.61698842,OOS
2026-06-22,10031284.943464695,14221487.066186117,OOS
2026-06-23,10031284.943464695,14071154.221934678,OOS
2026-06-24,10031284.943464695,13950887.94653353,OOS
2026-06-25,10031284.943464695,14792751.874341588,OOS
2026-06-26,10031284.943464695,14311686.772736982,OOS
2026-06-29,10031284.943464695,14161353.928485544,OOS
2026-06-30,10031284.943464695,13590089.120330077,OOS
